date,ls_raw,ls_sizeneu
2018-07-02,0.006165016015065885,0.005311917005398511
2018-07-03,-0.0003808246450681006,-0.008520802830085886
2018-07-04,0.008434809749248729,-0.002984366627148712
2018-07-05,0.010929211402002929,-0.0068791718594621715
2018-07-06,-0.01619634842846825,-6.446546247004109e-05
2018-07-09,-0.006736295516993826,0.00015152725391662236
2018-07-10,-0.0006717735256923767,-0.0030730512559867893
2018-07-11,-0.003258033441861899,-0.006556661847252065
2018-07-12,-4.336966954926469e-06,0.004815441647495311
2018-07-13,-0.0028131400924535487,-0.004287758606109566
2018-07-17,0.013169842647874103,0.005644765620577786
2018-07-18,-0.012263782918017363,-0.003759850465579079
2018-07-19,-0.0002537353828860533,-0.00366735428003449
2018-07-20,-0.00333479379431483,-0.004872195160452928
2018-07-23,0.007723962245656152,0.0094942133063479
2018-07-24,-0.004387433741769,0.0024997730865571922
2018-07-25,-0.003340598301850949,0.005467902178338223
2018-07-26,0.0058837055913130275,0.0014278394434963852
2018-07-27,0.0055636309183966955,-0.0013733444153247191
2018-07-30,0.0072516799562426,0.0034472841614190328
2018-07-31,0.0008685151081950677,0.005025334900833579
2018-08-01,0.002583739394898273,0.002167607615698804
2018-08-02,0.0006025776295403816,-0.002052101288715664
2018-08-03,0.007229583004657293,-0.0018796837085177532
2018-08-06,0.0009533846639819196,0.0022273458630154563
2018-08-07,0.009643606997528663,0.003865380343641339
2018-08-08,-0.012002025026049756,0.002526314854274958
2018-08-09,-0.0021915625403435414,0.00380397698814637
2018-08-10,0.004500858663965223,0.0024871089774510784
2018-08-13,0.0058809136470193354,0.0014496642371820134
2018-08-14,-0.004154450112477531,-0.0015870079047204458
2018-08-15,0.011875895763428054,0.004960947314358968
2018-08-16,0.0035548484098795498,-0.0028867165514994877
2018-08-17,-0.0076113643364452335,8.500355483673921e-05
2018-08-20,0.001791281676877362,-0.0026995230493942948
2018-08-21,0.00013860479648234976,0.0033570236160939074
2018-08-22,-0.011158523548940067,0.0036445594537539896
2018-08-23,-0.009988844298141578,-0.0007167513382726077
2018-08-24,-0.004348927513530785,0.0016475303991471627
2018-08-27,-0.010521569055867467,-0.0011547167268366708
2018-08-28,0.0014630328393408104,-0.002470519852030052
2018-08-29,-0.0037625355543302024,0.002864127869108373
2018-08-30,-0.008340865330097025,0.0004534788943127881
2018-08-31,0.0011802364822771606,0.0007978653251294984
2018-09-03,0.0034006889297021545,-0.0012417770574542578
2018-09-04,-0.006300189766629036,-0.0009412885242919568
2018-09-05,0.005754603798512873,0.0012044453804280278
2018-09-06,0.011082424767715668,0.0028707115764503403
2018-09-07,-0.0014899483530244045,0.003939154395595385
2018-09-10,0.005877875618214987,0.005412105004907035
2018-09-11,0.0014045018443993758,-0.002302555951727599
2018-09-12,0.009427246458869479,-0.0012603489099936409
2018-09-13,0.004162080707875675,-0.0014673421333041654
2018-09-14,-0.0028416111913261415,-9.131175612992447e-05
2018-09-18,0.012802960980667959,0.00022307543138306088
2018-09-19,-0.00041643642906848827,-0.005908545309607516
2018-09-20,0.0033187100570674683,0.007051021621153206
2018-09-21,-0.0025137742669570032,-0.0002553677846321295
2018-09-25,-0.0012370965025118898,0.0005364981237131784
2018-09-26,-0.014240922429744238,-0.003145876312023131
2018-09-27,0.0023022842329796667,0.0014440071767921892
2018-09-28,-0.0011949890967788025,-0.0016863039098358647
2018-10-01,-0.0015766042418298679,0.0023451841502949776
2018-10-02,0.00764610039899528,-0.00258783887074411
2018-10-03,0.004209115892693519,0.002111778084918952
2018-10-04,0.0015766463936050554,0.00199572302877735
2018-10-05,0.007361511770745295,-0.0017167107521189329
2018-10-09,0.008058950330597496,0.0029870000936937403
2018-10-10,-0.0005228560806930299,0.0036926345079654295
2018-10-11,0.012372653046425049,0.0033595155847358227
2018-10-12,-0.02480648579864359,-0.0003747514061815879
2018-10-15,0.003203625310508964,0.004772075168867788
2018-10-16,0.003116987662719774,0.0009056207337714544
2018-10-17,-0.006595211122572657,0.002579108774262314
2018-10-18,0.0032567998512591165,0.0024287097920970844
2018-10-19,-0.0008577442651615478,-0.001061733865552951
2018-10-22,-0.000746680598905986,0.0022562210263452802
2018-10-23,-0.002474630775889053,0.0016889009881736854
2018-10-24,0.00332321565882106,-0.0018536515295400214
2018-10-25,0.017342559317142743,-0.0014701596255375718
2018-10-26,0.01857277148163871,0.003627039115887444
2018-10-29,0.014693133819665735,-0.007157928314600555
2018-10-30,-0.014832629199073662,-0.002550390959644617
2018-10-31,-0.015901847028657805,0.004914589283255319
2018-11-01,0.002755308114074558,0.0038543896931554525
2018-11-02,-0.01567794514659986,-0.006067072272825852
2018-11-05,-0.009885394489522562,-0.0003865558289650071
2018-11-06,0.014475705739247518,0.002979721055830257
2018-11-07,-0.005770738131717175,0.006743066286078429
2018-11-08,0.00020026566342580543,-0.0029984537467684317
2018-11-09,0.005931792531123099,0.0020760666023800986
2018-11-12,0.0013924848520267454,-0.008044616668173455
2018-11-13,-0.008726812371852083,-0.0036253711643390273
2018-11-14,0.0120205107074919,-0.002766256114840441
2018-11-15,0.0002740051585091148,0.009435412256168296
2018-11-16,0.006950078825880306,0.001218146115234929
2018-11-19,-0.01710660936070367,-0.002966405847884544
2018-11-20,0.012180956275305127,-0.0009986385932912074
2018-11-21,-0.002205083065339313,-0.0008154772498242596
2018-11-22,0.00032360011009206595,-0.0009185324515273829
2018-11-26,-0.007793810262417466,0.001684833152773393
2018-11-27,0.0007974801345497929,-0.00023670054914363102
2018-11-28,-0.013523918585762969,-0.0009951961140917502
2018-11-29,-0.004217051006379424,-0.0031971673161543873
2018-11-30,0.0010034749125745284,-0.004473621181197679
2018-12-03,-0.002023046250566268,0.0013596982905067553
2018-12-04,-0.0022693646588748534,-0.004880577313395033
2018-12-05,0.0015360010036659013,-0.0005752811644457317
2018-12-06,0.0061929442399623925,-0.00025363389445409376
2018-12-07,0.0001615836258552451,-0.001493087707645563
2018-12-10,0.012478512772347801,-0.002501656668816764
2018-12-11,0.011519286630864699,0.0006543437030637513
2018-12-12,-0.0069665414631329275,-0.000995646011415198
2018-12-13,0.00012428434394468318,-0.0013274843043012616
2018-12-14,0.004790583790705207,-0.0011419251838165091
2018-12-17,0.01358725410712089,-0.004068090963102421
2018-12-18,0.008723574278316035,-0.0057633691583923695
2018-12-19,-0.012081655845018663,-0.001282446157712752
2018-12-20,0.006431850969379822,-0.010378270852321236
2018-12-21,0.0020284396833971687,-0.009618091027277013
2018-12-25,0.01661378149263812,-0.003080967126775365
2018-12-26,-0.0027989649479412838,0.009811651933685857
2018-12-27,-0.014377362788474415,0.00039099360292126073
2018-12-28,0.00624006248177298,-0.000390199262769746
2019-01-04,-0.004431737816073783,-0.0022325857858741145
2019-01-07,-0.011316533907700106,0.0015981395745304633
2019-01-08,-0.009692489032962368,0.0020442810912930306
2019-01-09,0.01015706016934145,-0.003934673190724985
2019-01-10,-0.0005707641985191626,-0.003474370285212077
2019-01-11,-0.0013020155671018248,0.0060082777606017945
2019-01-15,-0.010425935148516176,0.0017275449050448317
2019-01-16,-1.9095338221964927e-05,-0.003264098397205142
2019-01-17,-0.0072028873333862195,0.003374814941851191
2019-01-18,-0.0018163729387341149,-0.001319245146883771
2019-01-21,0.00512989871587612,0.0021741509519567284
2019-01-22,-0.00019871530259648901,-0.001277976873758367
2019-01-23,-0.00014123931333070387,0.005741145270498793
2019-01-24,-0.004961948718253687,0.0006112396232453143
2019-01-25,-0.005849143346234566,-0.0039000111068443373
2019-01-28,0.0010748743677803842,0.0020515436035813215
2019-01-29,0.0008655685990237821,-0.0012670935399947455
2019-01-30,0.018100931540219814,-0.008195712328814131
2019-01-31,-0.006612881783631563,0.002717194458650176
2019-02-01,0.004789096023176016,-0.0028607555578580544
2019-02-04,-0.004818828531009418,0.006693671564221869
2019-02-05,0.003391243201951302,0.0010997130063491495
2019-02-06,-0.005287664680509313,-0.0012011570234731444
2019-02-07,-0.004040360696501181,-0.005195999800833217
2019-02-08,0.005304511084585559,-0.00467882385824786
2019-02-12,0.0021775095689337484,0.0018946417519887307
2019-02-13,-0.006454389145489681,-0.0006799698749999066
2019-02-14,-0.0034373380257203255,-0.0024175235297607964
2019-02-15,0.000877246882653759,-0.00512797484315328
2019-02-18,0.0027067361205106843,0.005490041913657541
2019-02-19,-0.0028965051516713983,8.760956379479361e-05
2019-02-20,-0.002743844317081387,-0.0043069904322267
2019-02-21,0.0004614449215999629,-0.00014931030037919346
2019-02-22,0.0010067775339025454,-0.002637394864125095
2019-02-25,-0.0027382744461039296,0.001705228681840915
2019-02-26,0.0004901153985503669,-0.0005030482449343123
2019-02-27,-0.003769938731208805,0.001979514616932909
2019-02-28,0.006290296313786421,0.0022353420133777585
2019-03-01,-0.004019662485863612,0.0010380519983862226
2019-03-04,-0.004272127833249819,0.0016925172801755418
2019-03-05,-0.0012640167993748525,-0.001553948950813928
2019-03-06,-0.0036661389051939517,-0.0003047746043296958
2019-03-07,0.0067030988482381735,-0.0007851649639581612
2019-03-08,0.0081043280202606,-0.005764483407688665
2019-03-11,0.0032113327132325593,0.003160310287625847
2019-03-12,-0.0036565570203704774,0.0018229502373892092
2019-03-13,-0.005275469420560219,-0.0008038779532615866
2019-03-14,0.0037607133426570596,0.002999034641927528
2019-03-15,0.0041727774960172515,-0.0013825987062865766
2019-03-18,-0.0051460809065108975,-0.0008879871923552982
2019-03-19,0.0020083094068264135,-0.0007006654794733712
2019-03-20,-0.0007855672592543485,0.003599985718912887
2019-03-22,-0.002330322095936428,0.0038446860771432505
2019-03-25,-0.0013894276939015182,-6.063965898271684e-06
2019-03-26,0.011530464653343037,0.00249304938325148
2019-03-27,-0.014305273199446192,0.0032346296431128704
2019-03-28,-0.006671783442435226,-0.002585289375729976
2019-03-29,0.0016229668553206303,0.00133920084943198
2019-04-01,0.008459362129960828,0.003917673256704224
2019-04-02,0.001986958188177238,-0.004770048225259958
2019-04-03,-0.004003347177573278,0.0011801007514465594
2019-04-04,-0.001158517529152793,-0.003269024677207618
2019-04-05,3.2407291901389267e-05,0.00592631587476616
2019-04-08,-0.005272909687733758,-0.0013711787692403108
2019-04-09,0.00249365052830597,-0.0018443194521368176
2019-04-10,-0.002956110446318454,0.00068847635916627
2019-04-11,0.004318812755246984,0.0019906730771668732
2019-04-12,0.0007314112388442007,0.00016488988964743915
2019-04-15,0.003155969897453077,0.0037065910941957835
2019-04-16,0.0014729020714413857,-0.0005685880437351881
2019-04-17,0.0008042406259591,0.0024201726687710003
2019-04-18,0.005904620630162864,-0.0034159867055351054
2019-04-19,-0.003258474982228512,0.001518525705021579
2019-04-22,0.0013567676604400141,-0.0014597891187232486
2019-04-23,0.003806857172553745,-0.0035924351799355055
2019-04-24,-0.006258443486112337,-0.0009687105065043461
2019-04-25,0.0024656868758990147,0.001839310130536738
2019-04-26,-0.0007831538863383967,-0.0027808614700940096
2019-05-07,-0.007282215828009208,0.0011909017700521256
2019-05-08,0.0005933650421295969,0.00255258438032112
2019-05-09,0.004703379213329601,-0.004287918082418456
2019-05-10,-0.007502379082760328,-0.00016270115952632565
2019-05-13,0.004830812894482683,0.00015678108494486878
2019-05-14,-0.0019318158496424362,0.0020813167740319025
2019-05-15,-0.002103604579813203,0.003104094262261499
2019-05-16,0.004211874957582554,-0.001852854392235254
2019-05-17,-0.0025002893780611078,0.004735414158801975
2019-05-20,0.0076796226943602955,-0.0012720127827326767
2019-05-21,0.006930896838023279,0.005509255650134481
2019-05-22,-0.014629925350800578,-0.0015447114924071305
2019-05-23,0.006430639859954922,-0.0024533249544233023
2019-05-24,0.004047594992254754,0.001370002245691079
2019-05-27,-0.00700190154384415,-0.004300423901998666
2019-05-28,-0.01055047993225482,-0.0026114914844460047
2019-05-29,0.0006404731869428908,0.0025033754578042532
2019-05-30,0.002883278520811339,-0.0015339948454543488
2019-05-31,-0.001685917678925548,0.0035237090277252647
2019-06-03,0.01592384505765707,-0.003951396316581052
2019-06-04,-0.003766076967242347,0.0007901741348062324
2019-06-05,0.0018233953769686562,0.00463361015116498
2019-06-06,0.0020638124458498934,-0.0016140604094594746
2019-06-07,-0.009100971159730707,-0.0004998152165296352
2019-06-10,-0.005939398774040922,-0.002632300864052627
2019-06-11,-0.0006298503804246852,-0.0012407978329752505
2019-06-12,0.0011881148731626347,0.001281065469070375
2019-06-13,0.004138666708708834,-0.0025639765267500437
2019-06-14,-0.009211099028549299,-0.0030265116196559107
2019-06-17,-0.003330771656694537,-0.007651451768506753
2019-06-18,0.006166625585249668,-0.0010027417188743885
2019-06-19,0.0015308756280890193,0.0026899217649120413
2019-06-20,-0.008983582907595659,0.0016961942955276282
2019-06-21,-4.382629861569495e-05,0.0004313493451019203
2019-06-24,-0.001543500206152495,-0.003893204890471849
2019-06-25,-0.0013081411672121622,-0.004394775238811853
2019-06-26,-0.004804341072370435,-0.003867947492329141
2019-06-27,-0.0015081713778364522,-0.0015517171549566649
2019-06-28,0.0013000034798017507,0.0009540150293932195
2019-07-01,-0.004292745863334342,0.0005752679826962932
2019-07-02,-0.0027534326827267693,-0.0014130371359107833
2019-07-03,-0.0037075544404903734,-0.0006038817432043493
2019-07-04,-0.0047639415839451785,-0.0016916434583076397
2019-07-05,-0.004069780265975828,-0.0008879356028390359
2019-07-08,0.0005223301236837539,0.001355738553196307
2019-07-09,0.0015006048670863576,-0.0039800471882217095
2019-07-10,-0.006588382874578691,0.001019352092329917
2019-07-11,0.001632039274659416,-0.00014994597116200614
2019-07-12,0.011690768927478749,-0.0032347562893325823
2019-07-16,0.002278364357138917,0.0006553776140396372
2019-07-17,0.001015931983135839,-0.002209896415040004
2019-07-18,-0.0006860105251465451,-0.0022578841067605916
2019-07-19,0.002540561652605834,0.004497072305315118
2019-07-22,0.002647720191555251,0.0029442919844124755
2019-07-23,0.0007273006611374956,0.00323790390872661
2019-07-24,0.0019727630866206687,-0.0015792205178408033
2019-07-25,-0.0053678278988667,0.004919577125156658
2019-07-26,2.0518411094053515e-05,-0.0038967525047695992
2019-07-29,-0.0049488682254563605,-0.0016854277089303421
2019-07-30,0.0019904203203503935,-0.0017745129075206695
2019-07-31,-0.0022476492118342624,-0.0002545332556778057
2019-08-01,-0.0027912961928752335,-0.0023701162326620734
2019-08-02,-0.0017044732825913858,1.592719033629078e-05
2019-08-05,0.00635819100908944,-0.005784247301860033
2019-08-06,-0.0020135229658973927,-0.001859069157501007
2019-08-07,-0.0012662137632326752,-0.0036013567476207682
2019-08-08,-0.0021983524270155607,-0.001438129621484202
2019-08-09,-0.0006983308543588826,-0.0057343141736641776
2019-08-13,-0.004333003683959897,-0.005681192839822305
2019-08-14,0.002123414490831456,0.002366774619491495
2019-08-15,0.005268069266643832,-0.0003404596760083669
2019-08-16,0.0003567658892250371,0.0014738308664401577
2019-08-19,0.002449943400810369,0.0016354000191540572
2019-08-20,-0.004846094673813603,0.0017238540213461075
2019-08-21,-0.005788163467179069,-0.008725690563289413
2019-08-22,0.007900048945136925,-0.0010253392508021734
2019-08-23,0.0013523656420017724,-0.0005309332301712821
2019-08-26,0.0010944033933084872,-0.007484768795953046
2019-08-27,0.005387595933603823,0.005620635996072229
2019-08-28,0.009643095571447276,-0.001289188816742371
2019-08-29,0.008432740025053478,0.0010808661430579515
2019-08-30,-0.005501548304069804,0.007710200118369924
2019-09-02,0.0022499810471620857,-0.00037041712413015456
2019-09-03,-0.0015129483381478353,0.006187627135813205
2019-09-04,0.00035131010268645707,0.001435550533965478
2019-09-05,-0.001468593171687179,0.00013079983783430976
2019-09-06,-0.00018617276781938107,-0.0050227769262001926
2019-09-09,0.004154119187100319,0.0007492148038472845
2019-09-10,0.016586273744402878,0.005377174285972593
2019-09-11,0.0040910888813851225,-0.0002557219739761588
2019-09-12,0.006216339297769485,-0.0010395790945988705
2019-09-13,0.008004582999464748,-0.006858815532179258
2019-09-17,-0.00792900780105149,-0.004376550588665794
2019-09-18,-0.00017258349662763964,-0.004425293555602633
2019-09-19,5.614000196955352e-05,0.0020122205717639854
2019-09-20,-0.01251479346784041,-0.002170212586465947
2019-09-24,-0.005624190296736272,0.0024196964334557607
2019-09-25,0.0012745095473588154,-0.0029004464099712554
2019-09-26,3.212035566751634e-05,0.000671192732345169
2019-09-27,-0.010651236255080595,-0.0015862911793618952
2019-09-30,-0.0013369312132265826,-0.00033800108020401454
2019-10-01,0.007462928960980263,0.002554071671900667
2019-10-02,-0.003987438128055015,0.002464091547800603
2019-10-03,-0.0013776334762183942,-0.0013299341127442146
2019-10-04,-0.0035670274718090146,-0.00036478510908783367
2019-10-07,0.0007187444520425075,0.0021073391329407757
2019-10-08,0.00020429864064659166,0.0026993107487466392
2019-10-09,0.002247488112743877,0.0029157796060085115
2019-10-10,0.00913864560697993,-0.0018705730789365343
2019-10-11,0.009166688600082365,-0.0027622932740530995
2019-10-15,0.003279944178647619,-0.0016304686807161028
2019-10-16,0.008765533098678564,0.0003916828196595247
2019-10-17,-0.006495902431472015,-0.0017020541949840967
2019-10-18,-0.0005804688370389645,0.005227526340893613
2019-10-21,-0.00171355983969109,0.0009220864424799684
2019-10-23,-0.006563899059317024,-0.00043698668808488973
2019-10-24,0.001009242561267961,0.003585961569441221
2019-10-25,3.657041286138363e-05,-0.00017861270417536155
2019-10-28,2.5065072741366483e-05,0.0035567674898135124
2019-10-29,0.00366578502005329,0.00046475257708525515
2019-10-30,0.0018429015432380102,-0.004695124321681343
2019-10-31,-0.0004943463975089215,-0.004241595303003571
2019-11-01,-0.001971914117017245,0.001818038201286417
2019-11-05,0.005498600920100322,-0.0012070122735791111
2019-11-06,0.005611390879338749,-0.00046989124084933814
2019-11-07,-0.004850609013086517,-0.003690437278695504
2019-11-08,0.00790168601803103,0.0028362969495231913
2019-11-11,-0.004234959959615674,0.004105976228463666
2019-11-12,-0.0034718922391233534,-0.003242604556825368
2019-11-13,0.001544624139135936,0.002465717080285642
2019-11-14,0.0005128231959739653,-0.00015986124935099544
2019-11-15,0.0008302131926450091,0.003842248139035314
2019-11-18,-0.008278206553623577,-0.0010790187297677139
2019-11-19,-0.009669377110172501,-0.004316948029253649
2019-11-20,-0.001873653689215389,-0.0009308506219336838
2019-11-21,-0.0019562490603244973,-0.0029882095542431795
2019-11-22,-0.0065661145056751,0.004522177870751969
2019-11-25,0.0018871667979225605,0.0036046441825418763
2019-11-26,-0.0073758228495892485,-0.0008336944999986426
2019-11-27,-0.0007442226487080904,0.0074127606829711215
2019-11-28,-0.0005195077708933155,-0.0032871480097992666
2019-11-29,-0.004747939694611124,0.0025648896189747463
2019-12-02,0.003754120106580768,0.00044064540482658884
2019-12-03,-0.0014174126983297194,0.00020417058492653174
2019-12-04,0.0034796998485410974,0.0008503419958614724
2019-12-05,0.009633297788245546,0.0017000213027262789
2019-12-06,-0.0023757345658682667,-0.0004483771458669646
2019-12-09,0.0042066419249446995,0.002117258840767899
2019-12-10,-0.007891509134649099,-0.0019202877058092382
2019-12-11,0.004770681570406137,-0.0005366348900958749
2019-12-12,0.002747827205924875,-0.0015547096631019085
2019-12-13,0.015881453476003348,0.000902851927058794
2019-12-16,0.0029893824570956067,0.003613412338655486
2019-12-17,-0.004273691113613461,-0.0014419644713240132
2019-12-18,0.003121584016986454,-0.00014775478202544174
2019-12-19,-0.0005293145241785166,0.001995568789073093
2019-12-20,-0.005838874544147632,0.0036072228052236514
2019-12-23,-0.002089401925527905,-0.00592052839348295
2019-12-24,-0.00606890768128149,0.0032740575418569264
2019-12-25,-0.0039964132859434225,-0.005947866999793432
2019-12-26,-0.00030412129968215764,0.0013617858885593536
2019-12-27,-0.0020768721431488665,0.004950166667191086
2019-12-30,-0.0010825579777075534,-0.00099119857260291
2020-01-06,-0.0030835063385488103,-0.0008758400699536845
2020-01-07,-0.0033163847814733256,-0.0010274014641962897
2020-01-08,0.005334713791765889,-4.0162598149338924e-05
2020-01-09,-0.0018034494966525927,-0.000428162338562299
2020-01-10,-0.00178892360513318,0.0006206239771027406
2020-01-14,0.0007820901567637365,-0.0011047868133684596
2020-01-15,-0.003616339511723403,-0.0007347737024596933
2020-01-16,0.0018472634988772564,0.0017974560974391833
2020-01-17,0.007053351662046228,0.0018286541648554178
2020-01-20,0.0013207080373310695,-0.0015599056950631035
2020-01-21,-0.004258572146343368,0.0016989153648701715
2020-01-22,0.0025327360270951667,0.00019272801988751446
2020-01-23,-0.0014995727913359232,-0.002364221644817999
2020-01-24,0.0027087201545429036,-0.00532556125813515
2020-01-27,0.0015753106522515894,-0.006138057432328335
2020-01-28,-0.00391457586972542,0.0007525029337472292
2020-01-29,0.00792628213059101,-0.00281086100558915
2020-01-30,0.006537107779359876,-0.006016111334116562
2020-01-31,-0.0005035255203451926,0.003476361358698614
2020-02-03,-0.002399028140013128,-0.00517623854928786
2020-02-04,-0.0037769437547117398,0.0007779847304524527
2020-02-05,-0.00023240781418506357,0.0029854054861521238
2020-02-06,0.015960035638620716,-0.0013320558914928001
2020-02-07,0.002395245052160456,-0.002415125524939905
2020-02-10,0.00015864791735258066,-0.0009990938892371235
2020-02-12,-0.006216515482157611,0.0006359472799540638
2020-02-13,-0.004179936668169971,0.0009823332041863206
2020-02-14,0.004321283776854238,-0.0015397060337257688
2020-02-17,0.009750825925325505,-0.004428696974436406
2020-02-18,0.011664874474789257,0.002130377082126416
2020-02-19,-0.014212761561055073,-0.0008144248117520504
2020-02-20,0.00713351170096503,-0.002423155839929884
2020-02-21,0.000578219734159233,-0.0028251056084138935
2020-02-25,0.002022498064837619,-0.005008785692992103
2020-02-26,0.007647124216408275,0.0009450140984163281
2020-02-27,0.01228404996480277,-0.0010921381702257774
2020-02-28,0.020897009952316484,-0.003455391173731788
2020-03-02,-0.03450376506518787,0.015844567530576642
2020-03-03,0.003916648705455368,-0.003929894977075889
2020-03-04,-0.012432893388392237,0.00023409926825101839
2020-03-05,0.0015606887580751952,-0.006948221019910201
2020-03-06,0.002106230739128162,-0.005791640855811735
2020-03-09,0.027786871077258683,-0.006373255349745227
2020-03-10,-0.010119591520255473,0.004558926224337352
2020-03-11,0.024957123083617732,-0.0007875001591190513
2020-03-12,0.006363689185152732,-0.005707323611493835
2020-03-13,0.012454284468622241,-0.005852347903232545
2020-03-16,-0.006606509965262962,0.007513982219451135
2020-03-17,-0.02603172659659022,0.00275494506796211
2020-03-18,0.006457296097857491,0.004873968556491716
2020-03-19,0.016053073838536134,-0.004653058319855994
2020-03-23,0.0007265565997686008,0.01012160447294631
2020-03-24,-0.012894019632102766,-9.821437841658204e-05
2020-03-25,-0.002351316856009922,-0.008256009472341744
2020-03-26,0.01860259379695449,0.0022643974056239247
2020-03-27,0.018986797506125027,-0.0023201008522007877
2020-03-30,-0.0004919887508724793,0.0026647583187783177
2020-03-31,-0.02680596534593735,0.003102600187873124
2020-04-01,-0.003233671645817879,-0.005887587364001759
2020-04-02,-0.004004397435570323,-0.0006867665323118353
2020-04-03,0.02152005540488381,-0.007897803578605684
2020-04-06,-0.0019257315566970495,0.0006772256757960268
2020-04-07,-0.010275652920458376,0.007588986206375811
2020-04-08,-0.007506735343418076,-0.002578945723192033
2020-04-09,-0.01916057572117941,0.002726790848954141
2020-04-10,0.0038597408526438275,0.0005156753511087915
2020-04-13,-0.014166685821420803,-0.0036883643691195435
2020-04-14,-0.017433208628313848,-0.0036707121183054067
2020-04-15,-0.007837816653965598,-0.008836966842380611
2020-04-16,-0.011912143676155635,0.01159061867630796
2020-04-17,-0.0029824745460086156,-0.005848575512540071
2020-04-20,-0.016436106098889937,0.009526612507872297
2020-04-21,0.018123602199675685,-0.0008549622580151794
2020-04-22,0.010534933316252455,-0.0006313182316700292
2020-04-23,0.002679387138535296,0.009248368995641503
2020-04-24,0.0002700939298754725,-0.001310480953776047
2020-04-27,-0.006864351909435653,-0.0005874011853145462
2020-04-28,-0.011502333500889216,0.0017539340867728515
2020-04-30,-0.0033627494756497123,0.0020579416629162815
2020-05-01,-0.005215241973401855,0.0049795220286856234
2020-05-07,-0.026505328402778576,-0.0032955758739427778
2020-05-08,0.014138122895909907,0.006951309493907598
2020-05-11,-0.008955208326658578,0.0008715086249768932
2020-05-12,-0.013401992969821296,-0.002362420653671192
2020-05-13,-0.007227964028140814,-0.005195777497665536
2020-05-14,0.00023397891057632889,-0.010157992468986392
2020-05-15,-0.0023432349515506105,1.7393197602692118e-05
2020-05-18,-0.01367240176455321,-0.0048401457258147665
2020-05-19,0.001871140952034115,-0.0008854928943017176
2020-05-20,-0.01197036953588805,-0.001904786629044239
2020-05-21,-0.00427437901308978,0.003184040828257524
2020-05-22,-0.011403908082129623,-0.004651024010429705
2020-05-25,-0.005714395572970939,0.0016281619157801665
2020-05-26,0.01840131928784356,0.0005590636214994806
2020-05-27,0.003427512125653268,-0.0019319470589627043
2020-05-28,0.008561129422439554,-0.007686323623649959
2020-05-29,-0.013313134032975911,0.004903153005383067
2020-06-01,-0.003578161821686048,-0.0011346869534551041
2020-06-02,-0.002601536226935411,-1.5171073981563518e-05
2020-06-03,0.007258147129111261,0.00021770661034719533
2020-06-04,0.0025659506838656932,-0.005505774191914571
2020-06-05,0.0072170245928222425,0.002552816591963816
2020-06-08,-0.0034223880331258807,-0.0017535536201907578
2020-06-09,-0.010414236473384542,-0.0028091738624337484
2020-06-10,-0.007950118595150431,0.0030076506982345966
2020-06-11,0.007309978807313173,-0.001248627208294266
2020-06-12,0.001962348214794376,-0.006451218030818889
2020-06-15,0.015547178927970917,0.0019051653303117713
2020-06-16,-0.005115072125928002,0.003692842742446689
2020-06-17,-0.012347663920105799,-0.00013262108919102965
2020-06-18,-0.0009532513311795888,0.0028946150228599953
2020-06-19,-0.00875803106338963,-0.00021799682634604783
2020-06-22,-0.006706432355264261,-0.001591372918644886
2020-06-23,0.0039365482787012745,0.001028366280154393
2020-06-24,-0.008147267591570615,-0.006978276070959252
2020-06-25,-0.004845930151845451,-0.0023678516936050283
2020-06-26,0.008924225305271408,-0.0020528373054624367
2020-06-29,0.00853975116100317,0.000642317449270402
2020-06-30,0.0034459312926844914,0.00043857282113004235
2020-07-01,0.0004393209120577765,-0.004201338751575943
2020-07-02,0.030685352590849507,-0.004776874064279617
2020-07-03,-0.021442229301573676,-0.009194245674156533
2020-07-06,0.008021812450781185,0.011415393047008735
2020-07-07,-0.015715087476234076,-0.005993269080728739
2020-07-08,-0.007873880969933014,0.0026290153602531435
2020-07-09,0.003333879520654964,-0.012164431490671057
2020-07-10,-0.007571306950542535,-0.005289786485886017
2020-07-13,0.006158090396629477,0.004509611962582656
2020-07-14,0.010972584552050819,0.0032938911393694884
2020-07-15,-0.0010648073189509083,0.0003509614479726697
2020-07-16,0.009745383356584755,0.007940939035133057
2020-07-17,0.007121936336444815,2.0632167848991245e-06
2020-07-20,-0.006133484941440603,-0.008048468012036968
2020-07-21,-0.01791808488937164,-0.005157955322174893
2020-07-22,-0.002087954825944343,0.0026706162960315073
2020-07-27,0.004177297905533328,0.0017302437319233173
2020-07-28,0.009213855381551499,0.003977976630675568
2020-07-29,0.0016625054150984989,-0.005798214045525118
2020-07-30,-0.012885906038505358,-0.010400147102505725
2020-07-31,-0.003376775264365313,-0.009541207378236435
2020-08-03,-0.0077278119687720324,-0.0026928762652382553
2020-08-04,0.0013108880162098005,0.006736104787841882
2020-08-05,-0.008759125104228516,0.0017905674395820152
2020-08-06,0.012076295308320979,0.011607768602174318
2020-08-07,0.00012740169390503984,-0.0019154161063025458
2020-08-11,0.013260520316939462,0.003507295069151938
2020-08-12,0.012671979965433022,0.004182225313050493
2020-08-13,-0.009465374723168309,-0.009913146544094077
2020-08-14,-0.009584864607035531,-0.00018072806094642652
2020-08-17,-0.0021729895982954247,0.004687206868976456
2020-08-18,-0.014499454040189694,-0.005785399950984694
2020-08-19,-0.010185159508946972,0.003853843030843851
2020-08-20,0.003937353749357069,0.0009736783579455174
2020-08-21,-0.007116733126890068,0.002039845344485038
2020-08-24,-0.0015652334265678107,-0.0008198320098588147
2020-08-25,0.018214032588487975,0.0068930482609318175
2020-08-26,-0.009977096885821473,0.0026684768854426284
2020-08-27,0.003206304239525638,-0.00035590007202698955
2020-08-28,0.01786916968789164,-0.0050986823179184175
2020-08-31,-0.010829030704936187,0.008419358591759777
2020-09-01,-0.01189840415928823,0.0014697368883943584
2020-09-02,-0.0024203322426673735,-0.002821049634979454
2020-09-03,0.002033734590138111,0.002676840592965023
2020-09-04,0.005388955596748822,0.005209625607727664
2020-09-07,0.009939067761697706,0.0066883179528652624
2020-09-08,-0.004738422908060673,0.0023616099111711635
2020-09-09,0.0009661430099701593,-0.0005416057714811261
2020-09-10,0.013019548597398343,-0.0013905634210224062
2020-09-11,-0.004617090813953551,-0.0053459037158108715
2020-09-14,0.006976071772955021,0.001835563054484739
2020-09-15,-0.013129969269976845,-0.0004348610790252742
2020-09-16,-0.019726733576386855,-0.00899427512572102
2020-09-17,0.0036698942037231143,0.0017131417602030035
2020-09-18,-0.006603637324653132,-0.0001951029503013419
2020-09-23,-0.00956059494107727,-0.0023570883451710365
2020-09-24,0.007328380379261893,-0.004449825596281357
2020-09-25,0.0018654926187128612,0.00986545462764954
2020-09-28,0.019277607813545164,0.00538662749467127
2020-09-29,-0.022333526145857204,-0.0012702673005852037
2020-09-30,-0.006211660476393424,0.0033798226645143925
2020-10-01,0.0,0.0
2020-10-02,-0.0013889856344509888,-0.001967473816498781
2020-10-05,0.004849053543961219,0.00815822894670086
2020-10-06,-0.0026016888338681226,0.005467712078011278
2020-10-07,-0.0039055691396401903,0.003763837806492809
2020-10-08,0.003650091014494803,0.0004974997654088082
2020-10-09,-0.01242095778552201,-0.0019412075405982336
2020-10-12,-0.0078049449491146925,0.0005033817105126767
2020-10-13,0.005609067726910436,-0.0018245235957544377
2020-10-14,-0.00045245439843109685,0.0015392878168305059
2020-10-15,0.014461391558223565,0.005505285581755738
2020-10-16,0.00947227490686696,0.00011913129446895245
2020-10-19,-0.0008862816710228736,0.0023479323001340657
2020-10-20,-0.006578440731390406,0.007810438468918862
2020-10-21,0.010440027165064314,0.00799555688039136
2020-10-22,0.013559750688425954,0.0012181325798724454
2020-10-23,0.002964442431273955,-0.005908485707803888
2020-10-26,0.010295857966416267,-0.004807706394440276
2020-10-27,-0.00988754595580425,-0.004479764232312854
2020-10-28,-0.004455100622581718,-0.007953512388905785
2020-10-29,-0.0032206825493965,-0.0030158891856371817
2020-10-30,0.0047745764449885555,-0.004210125250184587
2020-11-02,0.012766931690644353,-0.002902813710749616
2020-11-04,-0.012181439760171883,-0.0021105683713527543
2020-11-05,-0.012929607410826754,-0.006004464912380733
2020-11-06,0.008306023112531761,0.0046312922257179395
2020-11-09,-0.0008273291037874681,-0.0020598346127918537
2020-11-10,0.04156484850062145,0.015543736983635734
2020-11-11,-0.004271335782623745,-0.0010262061668391657
2020-11-12,-0.005620466518991796,-0.003531428446007875
2020-11-13,-0.009144502736145272,0.0017172448011643594
2020-11-16,0.008030868736766306,0.0037027636026388307
2020-11-17,0.02380083999183787,-0.00027368226068266895
2020-11-18,-0.006642925901170496,-0.002245159478395643
2020-11-19,0.0005312204797130612,-0.005814109719680475
2020-11-20,-0.005457453291320684,0.005665672618800374
2020-11-24,0.004585434716047512,0.0021715756245139634
2020-11-25,0.0104649633545847,-0.0031926567389031772
2020-11-26,-0.00832891260402586,-0.001859736372487623
2020-11-27,-0.006366773217077287,0.002749550861537938
2020-11-30,-0.014846393880731267,-0.009920083608628368
2020-12-01,0.0037104419995535754,0.0030513584135716575
2020-12-02,-0.0008527721790154439,0.004683611321452511
2020-12-03,0.012068228089731936,0.006024810762772375
2020-12-04,0.0023211167769340234,-0.002138062637627878
2020-12-07,0.0113200148467763,-0.0012590312788229585
2020-12-08,-0.00830012480313331,0.005007645610084546
2020-12-09,0.011749140974654834,0.0023388024293789144
2020-12-10,0.007928092334876674,0.0015316740731150108
2020-12-11,-0.005521026854979126,0.006377438228697598
2020-12-14,-0.0006769909142228586,0.006203089907474708
2020-12-15,0.004085237359180172,0.0040868643419541065
2020-12-16,0.00953109889759895,0.008478503411748398
2020-12-17,-0.009768590606678486,-0.012310991498359496
2020-12-18,0.004213357122874386,0.0030904555204142835
2020-12-21,0.0029903656897373974,0.002120168720665282
2020-12-22,0.013400574139290907,-0.006213442395579801
2020-12-23,-0.014971205223543867,-0.004156782774291168
2020-12-24,-0.004221459845437044,0.001162316040104099
2020-12-25,0.004562593444355367,0.0014253750123785422
2020-12-28,0.009208478842002918,-0.006771660510217143
2020-12-29,-0.0024499111051299108,-0.002530357193775562
2020-12-30,-0.00845420634244815,0.001237845974589116
2021-01-04,-0.010494224328977526,-0.003481270146459086
2021-01-05,-0.0006596007425047545,0.0008105646361774655
2021-01-06,-0.0002503515432019359,0.003015222087572103
2021-01-07,0.009996997384994108,-0.003208873446572554
2021-01-08,0.005577811410535975,-0.0018126438525901643
2021-01-12,0.003309495449964625,-5.9193555957322274e-05
2021-01-13,-0.002662431083829928,-0.0008024776784001956
2021-01-14,0.010226490076460138,-0.002901112163457445
2021-01-15,-0.004068002026408059,0.00040372032834797337
2021-01-18,-0.009037891298358199,-0.0036797188733947352
2021-01-19,-0.008944364073670729,-0.0019950320244144573
2021-01-20,-0.0001814215337096886,0.006428880136326045
2021-01-21,-0.007290076760150556,-0.0019993018818741486
2021-01-22,-0.0054609127832131645,-0.0045246106125780595
2021-01-25,-0.0049201965800433735,-0.0005827563279298493
2021-01-26,0.009000403296639035,0.005166588728876053
2021-01-27,0.004002558164640852,-0.0025402363847335544
2021-01-28,0.004769518860097999,0.0112828239587909
2021-01-29,0.007568917868751185,-0.0007210407005972114
2021-02-01,0.0016050904440334836,0.0026735186520533607
2021-02-02,-0.009645513537758816,0.0003340836160477447
2021-02-03,0.010012776525015933,0.004140012596553895
2021-02-04,0.005299044285441058,0.009060863796940481
2021-02-05,0.006253345520665265,0.006136520550077266
2021-02-08,0.011154262729291733,-0.0021676436054633257
2021-02-09,0.0004619834318527994,-0.0010257427596723676
2021-02-10,-0.010369270511475083,-0.005152368795925225
2021-02-12,-0.0073188491459242255,-0.00317493602856896
2021-02-15,0.006159658338502832,-0.0022925018138369143
2021-02-16,0.005843677652592846,0.000624248257412071
2021-02-17,-0.0002835312491697601,0.006497063288055145
2021-02-18,-0.001266332693501182,-0.007243540769491767
2021-02-19,0.0042668809788390235,0.002805385906459867
2021-02-22,-0.004847833667774812,0.00969567414114449
2021-02-24,0.014700888327595373,0.011401650968286825
2021-02-25,0.007854241088116618,0.004664503090665059
2021-02-26,-0.009835496128152228,0.006099065003019096
2021-03-01,0.002825408794277992,0.0015850687692094724
2021-03-02,0.0031976469121505497,0.000507886492241893
2021-03-03,0.011688386357256922,0.005211878157097633
2021-03-04,0.005951007638916289,0.005748265193562509
2021-03-05,0.00947265531076037,-0.004109727796415266
2021-03-08,0.013964818682780517,0.005836466666463742
2021-03-09,0.002855596786930306,0.006635250995107736
2021-03-10,-0.004278700656278723,-0.005442854140838014
2021-03-11,-0.004638196606032945,0.00088373184409194
2021-03-12,-0.008041616003285063,-0.0045015711560751365
2021-03-15,0.003019469819815039,0.0042559395344409735
2021-03-16,-0.011527064484513844,-0.0027636198922347654
2021-03-17,-0.008496046164433453,-0.0022515712255274625
2021-03-18,0.0013021707035070114,0.004541985112743157
2021-03-19,0.0033573544624848455,0.0047561456067725365
2021-03-22,-0.003891436809206278,0.004735120037791431
2021-03-23,0.0015395536320993095,-0.005066700769878625
2021-03-24,0.0005815432447006941,-0.007448885512534382
2021-03-25,0.009287255004213277,0.0034163212128135168
2021-03-26,-0.00835877697164226,-0.0016882770404843643
2021-03-29,0.005473081610286756,-0.0076468887834001366
2021-03-30,-0.009599525180918882,0.006083289161239819
2021-03-31,-0.01726188415660173,-0.0003734073185198356
2021-04-01,-0.0037586246951595895,-0.0012782923758998359
2021-04-02,-0.002913820892388501,0.0006160752821836772
2021-04-05,0.005144706703748468,0.0032436316105970684
2021-04-06,0.0009076797207489898,0.0016379407583961992
2021-04-07,0.0026456788943055795,0.009016950767790516
2021-04-08,0.0006648580648694735,-0.00287340229405696
2021-04-09,-0.007307777095136708,-0.0031538324265227577
2021-04-12,0.010562895189552866,0.0056154676564127886
2021-04-13,0.002979767889817155,0.005407041975389183
2021-04-14,-0.004566523248630926,-0.0027011712989633155
2021-04-15,0.011034395892680189,-0.00013177302004606844
2021-04-16,-0.007085369498786295,-0.0021091739834086373
2021-04-19,-8.995829602933452e-05,0.0021858240341073847
2021-04-20,-0.007886957773909395,-0.0066141863368553485
2021-04-21,0.0020356204993229633,-0.006782785905972734
2021-04-22,-6.666756363568789e-05,-0.0007363466763788597
2021-04-23,0.00226375080013494,0.001280719948419147
2021-04-26,-0.0023999266623342492,0.002530211474218188
2021-04-27,-0.00018779350673828058,0.0033326706161759625
2021-04-28,0.009934346046654347,-0.001479386275840803
2021-04-30,0.0036366989062318195,0.003393506643029581
2021-05-06,0.01632015882420658,0.0036581610020369115
2021-05-07,0.004579568860355996,0.007629123171262728
2021-05-10,0.004476938873503061,-0.004401519656148756
2021-05-11,0.004033990869416956,0.0023028264430329237
2021-05-12,0.006632600820870901,-0.00225327816989147
2021-05-13,0.009049058634078065,-0.005106086321089377
2021-05-14,-0.0027985441666602967,-0.002430047781737766
2021-05-17,0.012671953259160505,0.0025685414038663975
2021-05-18,-0.00645424709766329,0.0013466302674422122
2021-05-19,-0.0109903139850071,-0.005016728212903878
2021-05-20,-0.0021262032268141566,0.0035845801102624064
2021-05-21,-0.006058944968241939,-0.0021139702864143286
2021-05-24,0.014317714845431545,0.004938019556417992
2021-05-25,-0.0022817798881023476,-0.0019005307134668374
2021-05-26,-0.0030720703123839365,-0.003691372418540364
2021-05-27,0.003009263161356872,-0.0018923379656757746
2021-05-28,0.012521337939288115,0.0017602701577648684
2021-05-31,-0.009143046716772872,0.0003481652186194239
2021-06-01,0.005038673153575025,0.004003417576022305
2021-06-02,0.01136022346343458,0.008883031824267836
2021-06-03,-8.345721910178999e-05,0.0007706020517034718
2021-06-04,0.007226091699348519,0.005664382424629978
2021-06-07,-0.006214707886876943,-0.001835198705472176
2021-06-08,-0.007822407034278642,-0.004070636920349717
2021-06-09,-0.008478141806050108,0.0009964153723670643
2021-06-10,-0.003798906448160028,-0.002823055560240838
2021-06-11,-0.004436701640941269,-0.004111651424001304
2021-06-14,-0.0017625790090110122,-0.003322044075157085
2021-06-15,-0.004626885057990738,-0.004329932847049675
2021-06-16,0.0001077964492535718,0.0006889983048408522
2021-06-17,-0.0006615166282137562,0.0012012613670693475
2021-06-18,-0.0022673566590540335,-0.00681871457277926
2021-06-21,-0.0033125183332577864,0.0015534675680692368
2021-06-22,0.006674110739142605,-0.0007799254839225417
2021-06-23,-0.006968286803283294,0.0006426064176741443
2021-06-24,0.003888960713912011,0.00033763459195459457
2021-06-25,-0.0023287473606708464,-0.004118358871180136
2021-06-28,-0.0018931105380193256,0.0036981071741444584
2021-06-29,-0.011608892405069487,-0.009372068937807643
2021-06-30,0.0018145810965395678,0.002964285249509486
2021-07-01,0.003404452110457105,-0.0006995931207601901
2021-07-02,0.0005441763809723122,0.003263270346809617
2021-07-05,0.00538327536863544,-0.00232007116496885
2021-07-06,-0.001023759662139646,0.0005487589464828573
2021-07-07,-0.0029200754558526727,-0.002584058761203601
2021-07-08,0.004050122545717912,-0.003593131961504783
2021-07-09,-0.007664546860054241,0.004692007681232213
2021-07-12,0.0019156794935176157,-0.0004950712151359192
2021-07-13,0.005371892643619898,0.009169022223052953
2021-07-14,0.0005791414494659855,0.004533874484420876
2021-07-15,0.008663665635577614,0.0027861700652190066
2021-07-16,-0.0053682449736994885,0.005262778150192127
2021-07-19,0.00264399570498753,-0.00015992189908695283
2021-07-20,-3.46430358624996e-05,-0.005021747805743859
2021-07-21,-0.002002432306129275,-0.0010086227020001774
2021-07-26,0.0012711858595357475,0.004713793376880188
2021-07-27,0.000944557225748122,0.0017117492373601969
2021-07-28,0.010395425431533115,-0.0017397692748250572
2021-07-29,-0.008917365933634026,0.00024884601133474266
2021-07-30,0.0021040766337331977,0.0025523243266763578
2021-08-02,0.008012929507631899,-0.004650586800985238
2021-08-03,-0.001858688666269385,-0.00016619971476992436
2021-08-04,-0.0007641853393196632,-0.013369802520420523
2021-08-05,-0.0028152846489300633,-0.008510321456962525
2021-08-06,0.00830514288567411,0.005156220261727934
2021-08-10,-0.008146722814211749,0.009056673811232487
2021-08-11,0.006042404918011132,-0.0022275193515509063
2021-08-12,0.002963984245946852,0.0022003874392224894
2021-08-13,0.0027460964569017143,0.002712775161979627
2021-08-16,0.0006514731705330387,-0.002642624092606762
2021-08-17,0.008482359989819045,-0.006996027585681337
2021-08-18,-0.0069225700881321,0.0007870794797858825
2021-08-19,0.002601646354416282,-0.004622718829365564
2021-08-20,-0.002106470448425775,-0.006851968109353385
2021-08-23,-0.009405043797195058,-0.005315238065709028
2021-08-24,-0.006144036097733462,0.0014696447199511534
2021-08-25,-0.0021606231059327703,-0.0033565481599856875
2021-08-26,-0.00856919942497031,-0.0025516200691908172
2021-08-27,-0.0007019191789686685,0.0003497661022879347
2021-08-30,-0.0018783095099041847,0.0053191124190830295
2021-08-31,-0.010823094522142354,-0.00397305428978559
2021-09-01,0.0029029625271999905,0.0021809152465016215
2021-09-02,0.008118024703893018,0.0005188358684942332
2021-09-03,0.006211129387386199,-0.0005655584601326116
2021-09-06,-0.004606527104970625,6.506316038020626e-05
2021-09-07,0.004273244337209191,-0.0035530415501172415
2021-09-08,-0.0006171584175533752,0.004423883607031821
2021-09-09,-0.0004997586949780676,0.00238025383217422
2021-09-10,-0.004034407501056044,0.0022964763124369812
2021-09-13,0.001770746836817791,0.005725405599070904
2021-09-14,0.002182531086603259,-0.003208000020773153
2021-09-15,-0.006399211305620649,-0.008034750546452533
2021-09-16,0.01500659277360971,0.0012206712676502435
2021-09-17,-0.006412756548484671,-0.003155815161981934
2021-09-21,-0.0017214496241945501,-0.005052640298235777
2021-09-22,0.0032840436979409034,-0.002561694788169918
2021-09-24,-0.007729428818653572,0.002634889507033021
2021-09-27,0.00042990205009060855,-0.000902388267603591
2021-09-28,0.0131954165303132,0.006562402816464529
2021-09-29,-0.01387251255914051,0.004774138706665057
2021-09-30,-0.0006813506519193109,-0.008461345580024442
2021-10-01,-0.008725454154450467,-0.0010916446396977732
2021-10-04,0.016961630599387885,0.000678342981615232
2021-10-05,0.004323581693715621,0.004997049177168308
2021-10-06,0.008883683990837058,0.005312335023683094
2021-10-07,-0.005295483545409433,-0.0008295857649506747
2021-10-08,-0.002221644175973968,0.0022756356122028056
2021-10-11,-0.0023055927047164627,0.0004936860223364817
2021-10-12,0.005076145015653994,0.0012283569406774178
2021-10-13,0.0012649000263792046,-0.006205704500976549
2021-10-14,-0.004121886044516985,-0.0026225522731559286
2021-10-15,-0.007492127537386262,0.002935357576981299
2021-10-18,0.005841515819907123,0.01175165095873921
2021-10-19,-0.009570137908578866,0.0004768421663340124
2021-10-20,0.0029200448881101237,-0.000991974773389041
2021-10-21,0.0075326175731740014,0.0026479626011966344
2021-10-22,0.00032212433031342426,0.0036276989573531837
2021-10-25,0.000488956898723818,0.0018707879622803418
2021-10-26,-0.005931947295134465,-0.00199140071240542
2021-10-27,0.00432267283948241,-0.004377768202250183
2021-10-28,-0.007596180940328907,-0.00013896092431883855
2021-10-29,0.0025874443642634895,-0.0010475373651857279
2021-11-01,0.004560933096480153,-0.0012822491554217701
2021-11-02,-0.007239611526720433,-0.00823801524328836
2021-11-04,0.001329575984654309,-0.002446269133457756
2021-11-05,-0.009896754039088884,-0.008204420273853253
2021-11-08,0.005469428220582756,0.0010573053828144535
2021-11-09,0.007038392006464042,0.0053211647607245656
2021-11-10,-0.0008221771741637454,-0.0012887286920934549
2021-11-11,0.006436871814095642,0.005452775020648596
2021-11-12,0.002608612279222683,-0.000668086599233321
2021-11-15,-0.013123445173322479,-0.00521849681997719
2021-11-16,-0.014937560577339129,-0.005104647466307447
2021-11-17,-0.0001172552311981016,-0.0005253806635861177
2021-11-18,-0.002060064498656466,-0.0029237759144335822
2021-11-19,0.00762773392330637,0.0004444634582110975
2021-11-22,-0.004792206168570716,0.0036745853670040085
2021-11-24,0.006122817776152941,-0.0003942716512772577
2021-11-25,0.007023917776942688,0.000632596309166996
2021-11-26,0.0013893346563697284,-0.0006147957679142335
2021-11-29,0.0014247807108736868,-0.005285880012975409
2021-11-30,0.007100884101476419,0.009211454088031718
2021-12-01,0.004604585486715669,0.004324854273136864
2021-12-02,0.012531120190270714,-0.005786550638433774
2021-12-03,0.003402293633404326,0.00860772394846103
2021-12-06,0.012469571017407224,0.0037051296567119814
2021-12-07,-0.006309207201299322,0.0036459663888487905
2021-12-08,-0.009077451366524603,-0.005168780239334888
2021-12-09,0.0016221992002522128,-0.0018762922842057734
2021-12-10,0.01327463321591298,0.0013876234104126459
2021-12-13,0.004056840052692689,0.0038110692121811744
2021-12-14,0.014043635252877787,-0.001085697236646645
2021-12-15,0.0032557492638121727,0.0023946157414695976
2021-12-16,0.004714942109011111,0.00023118174566900095
2021-12-17,0.01017627507541682,0.005770878063798309
2021-12-20,0.0005486870562148201,-0.006131035578435473
2021-12-21,-0.0008640987709910113,0.0008966641046681285
2021-12-22,-0.010294010611193883,0.0032921785123377727
2021-12-23,0.0005742024038446394,0.002368438558464285
2021-12-24,-0.003804674615052594,-0.0011607774077187414
2021-12-27,0.0067554366980837315,0.000877735036951717
2021-12-28,0.003653483181584642,0.001461896316285594
2021-12-29,-0.003282103285544972,0.004741828884655145
2021-12-30,0.000912757445650096,-0.0003372539074417537
2022-01-04,0.0090703683608374,-5.4066489976340934e-05
2022-01-05,0.025979035080406367,0.007637837042238417
2022-01-06,0.009876498990700092,0.004081242056324794
2022-01-07,0.00377222586903891,0.004680061807180967
2022-01-11,-0.0002988416477743925,0.0012028169424803312
2022-01-12,-0.003931568044195803,0.0013421991821841624
2022-01-13,0.014213067496354155,0.008186902247149172
2022-01-14,0.012027984861564693,0.008957584165113967
2022-01-17,0.00966995840436901,-0.002369949089350613
2022-01-18,-0.003175253423087602,-0.0033663854610155985
2022-01-19,0.01517610964561044,-0.0037335590160608376
2022-01-20,-0.008744088812816873,-0.0053850060423023035
2022-01-21,0.0018606395913785137,0.0017667148958628543
2022-01-24,0.003482996543236467,0.001422447819127114
2022-01-25,0.015388557445693257,-0.001674883039145831
2022-01-26,-0.009622520653543703,0.001923276682760931
2022-01-27,0.025198413432353125,0.0038179338277272296
2022-01-28,0.005916263990790484,0.0007813103860134299
2022-01-31,-0.015951279116844557,-0.003473968679317454
2022-02-01,-0.012117766835697619,-0.0031567764547618437
2022-02-02,-0.011736599096126728,0.0004436189553646448
2022-02-03,0.015999264936867912,0.006981564521243879
2022-02-04,-0.006391051658603356,0.004275431540986191
2022-02-07,0.010411466544070075,0.00761055564306542
2022-02-08,0.005835348554322027,-0.003337281107884902
2022-02-09,-0.0178369606623028,-0.002095109403369346
2022-02-10,-0.00396477331557827,-0.006780292826708604
2022-02-14,0.011082586312253069,0.014948849825053182
2022-02-15,0.00110395888548056,-0.0023308081057282362
2022-02-16,-0.0010672935386196267,0.001684653552299225
2022-02-17,0.011435404708795888,0.003137855369924088
2022-02-18,-0.0024505921415814832,-0.000827154841904724
2022-02-21,0.006394340558980039,0.005673833279423446
2022-02-22,0.005058168036281129,-0.0004057448897235756
2022-02-24,0.012055581978259414,-4.60859435557244e-05
2022-02-25,-0.03180874674133267,-0.00536269432834046
2022-02-28,-0.009835612369988742,0.005074273074178197
2022-03-01,-0.02593434705698375,-0.00613767998694913
2022-03-02,-0.002987614289407305,-0.00013722567369543748
2022-03-03,0.013685499389710355,0.00453393633111962
2022-03-04,0.01349659788471658,0.0024813658458093663
2022-03-07,0.017058593753029167,0.009723042007453688
2022-03-08,-0.005443232221751517,-0.008066059257902458
2022-03-09,-0.00026099922899729523,0.004964879384490556
2022-03-10,-0.002001161299742156,0.003026050770871043
2022-03-11,0.010851601498315096,0.012581887338057743
2022-03-14,-0.0026166200693601488,0.004427584442083514
2022-03-15,-0.0035283471825729405,0.0018905515629474012
2022-03-16,-0.010606929229517505,-0.005415778446539121
2022-03-17,-0.010769125528475892,-0.006054778615290624
2022-03-18,-0.009782872933629097,-0.004729085145061415
2022-03-22,0.01529498733175858,0.002219893893963965
2022-03-23,-0.00647631861363851,-0.008988723448342555
2022-03-24,-0.008202934697858679,-0.002270517751920543
2022-03-25,0.002798094791606708,0.005346905854830601
2022-03-28,0.012948702352780929,0.0001456999183605933
2022-03-29,-0.013272871943842392,-0.006896944689588583
2022-03-30,-0.02513761051488693,-0.005362900644916563
2022-03-31,-0.008857552476352804,-0.0006759158068237268
2022-04-01,0.00425589222484164,0.00010858994308016916
2022-04-04,-0.007241787272497577,-0.0006231251986139868
2022-04-05,-0.015417933021620854,-0.002563363592187007
2022-04-06,0.0042105707417145755,-0.003257759310055841
2022-04-07,0.011187291194087217,-0.0014822159957204421
2022-04-08,-0.00625566050393539,-0.0013006338749853514
2022-04-11,0.011352165093349905,0.0010828719936993407
2022-04-12,0.0027288529509201867,0.006056658420964572
2022-04-13,-0.016471987135140524,-0.005499229195134705
2022-04-14,0.005185415705012738,-0.0002718556296641018
2022-04-15,0.0045700895679995825,0.00011037575774455223
2022-04-18,0.002105118542590434,0.0021548459234552765
2022-04-19,0.004313939534436847,0.0072911264853487805
2022-04-20,0.012264240901360832,-0.002569183362317506
2022-04-21,0.0014611494036449258,-0.0007771398405068573
2022-04-22,0.01126103593943509,0.003763857359161203
2022-04-25,0.0026523408938982796,-0.0011248564948820906
2022-04-26,-0.00969462426541728,-0.002606052195866104
2022-04-27,0.0024841643079333816,0.003682294736033864
2022-04-28,0.015657594768301617,0.00779500067521631
2022-05-02,0.0018611538841824039,0.0005308282381808532
2022-05-06,0.016640057162789112,0.010873767571692592
2022-05-09,0.01421988491747041,0.012004434362408735
2022-05-10,0.0007054628822930776,0.00031958422716905476
2022-05-11,-0.010519858366804184,-0.005126802754296868
2022-05-12,0.01504705844028724,0.008118491578480342
2022-05-13,-0.006588789270964693,0.0006997124133667869
2022-05-16,-0.013873365146309187,-0.009764591844354477
2022-05-17,0.002643911836477741,0.011026303554969911
2022-05-18,-0.011384822288273254,-0.007405880957377351
2022-05-19,0.005621049681517956,0.008435397028856243
2022-05-20,-0.009171703965449463,-0.003018652146533015
2022-05-23,-0.006909880392995985,-0.004342519175018449
2022-05-24,0.005385209666469994,0.001312664461872743
2022-05-25,0.01024773332480639,-0.0007413948049368787
2022-05-26,-0.007111144843839078,0.0006281013865738513
2022-05-27,0.0020873469302696342,0.0005582183086742633
2022-05-30,-0.016742589692249406,-0.008602373168184397
2022-05-31,0.0029489963492901217,0.002690938250169665
2022-06-01,0.0030094282294366222,0.0020237096152285403
2022-06-02,0.010351275353692457,0.00686013700580306
2022-06-03,-0.006188252767824445,-0.0029625763817840295
2022-06-06,-0.004935102596429825,0.000821175902571328
2022-06-07,0.005515949599812471,0.007192861074201024
2022-06-08,-0.010582952707548885,-0.0052751273954611145
2022-06-09,-0.0077340295540596704,-0.005267808166557949
2022-06-10,0.005775496585911253,0.0059472805363383514
2022-06-13,0.010936350776991764,0.011921606515018057
2022-06-14,0.0011233536765527258,0.00280606500209731
2022-06-15,0.004150527715529373,-0.0002521089896970318
2022-06-16,0.0024818617354195284,0.0024892579715235967
2022-06-17,-0.0013178139177331856,-0.0014981606075386133
2022-06-20,-0.003599710460122727,-0.006233718827516608
2022-06-21,-0.013998562083803737,-0.002147125059020448
2022-06-22,0.005467059359339369,-0.0042769996254618655
2022-06-23,-0.0017835198404546888,-0.0025057539826820263
2022-06-24,-0.021508318887419383,-0.00901766737673379
2022-06-27,-0.001638717077030746,-0.000836258398820457
2022-06-28,0.00029998882026332184,0.001310422414637703
2022-06-29,0.002820311085508443,0.005828429583414913
2022-06-30,-0.0006401016568991953,-0.002465715544873159
2022-07-01,0.006866666308646081,0.001539003094446361
2022-07-04,0.003326386471799783,-0.0049788518309307065
2022-07-05,-0.009294125228467008,-0.006294091602227058
2022-07-06,-0.01591773595465488,-0.007495075782475593
2022-07-07,0.013343114780236318,0.004127383813782104
2022-07-08,-0.013667573507888933,-0.0039069636621696735
2022-07-11,0.005739468215202627,0.003467898797672434
2022-07-12,0.003568471911019746,0.002192771237495228
2022-07-13,0.00015194877127004095,0.00011396503766766559
2022-07-14,-0.005109083486639642,-0.000660620458850879
2022-07-15,-0.0025135934869887555,-0.0025650137137997924
2022-07-19,0.003866876081630304,0.009650079149689784
2022-07-20,0.001585700466705045,-0.0008019835746309704
2022-07-21,-0.014264864544513747,0.000407330172934213
2022-07-22,0.0009998961855522824,0.0001894590435222803
2022-07-25,0.004502485924111947,-0.0019013229998246029
2022-07-26,-0.0022072599282969402,0.00111771493632923
2022-07-27,-0.0006734804638684256,-0.004126984188088029
2022-07-28,-0.006956904075167306,-0.004902848228397291
2022-07-29,-0.01413194044103959,-0.010833888074498168
2022-08-01,-0.004479582663370094,-0.0008157883869184205
2022-08-02,0.0021575769582017883,0.006497263315031998
2022-08-03,-0.00816507802230943,-0.003461827836599692
2022-08-04,-0.012424845366428447,-0.008042391655011609
2022-08-05,0.00968465142487965,0.009372656808044447
2022-08-08,0.003994170962746971,0.004059763769494801
2022-08-09,-0.013768283188594703,-0.008164488286237347
2022-08-10,0.01726120916179405,0.007431424382845901
2022-08-12,-0.008241161179964141,-0.002373218179915128
2022-08-15,-0.0021459164486821265,-0.006158065366952849
2022-08-16,-0.011503447141592796,-0.008220922065502241
2022-08-17,0.0011519672937841015,-0.0006665822101283372
2022-08-18,0.003212390866779151,0.0055653471274977225
2022-08-19,0.0033568099568707824,0.003987776881663802
2022-08-22,0.013221981680594394,0.003111686127407822
2022-08-23,5.725967185985642e-06,0.0013046217269440281
2022-08-24,0.0015704476367040935,0.0033875599021449014
2022-08-25,-0.006327103967710901,-0.0038680950642715917
2022-08-26,-0.0007356642635667765,-0.0019647112035608015
2022-08-29,0.005358749306374255,0.002404564861463225
2022-08-30,-0.0010738211870873204,0.0012632484820680415
2022-08-31,-0.0038300242713610287,-0.0007813375386820222
2022-09-01,0.005660186223661807,0.0028088829748364984
2022-09-02,0.005588908373365497,-0.0006381344859249889
2022-09-05,-0.007351290810116414,7.947266846887934e-05
2022-09-06,-0.0036399540068151517,0.0003781328976678188
2022-09-07,0.0075467616553978965,0.0019866189776710664
2022-09-08,0.0015113698153656416,-0.005916999548218043
2022-09-09,-0.008946947704171683,0.0023102844647305814
2022-09-12,-0.011544691658010465,-0.004483980462696598
2022-09-13,0.002173554589388044,0.0010969406014061582
2022-09-14,-0.0007418094892739577,0.0011115901803947469
2022-09-15,-0.0028280663855249693,-0.004411856588161449
2022-09-16,0.014808909357918239,0.005420057930811436
2022-09-20,0.011549707614225087,0.010649926712785474
2022-09-21,0.003914734170123238,0.0004427771750293262
2022-09-22,-0.004006887686965411,-0.0037170104113766166
2022-09-26,-0.0007634616735686349,0.002844032772035418
2022-09-27,0.0009369980110472088,0.0025711839483011844
2022-09-28,0.008436859280528473,0.006964201319325361
2022-09-29,-0.010927700839025306,-0.006007671320007553
2022-09-30,0.00863933653586354,0.008537646644649491
2022-10-03,-0.005178085878798227,-0.007785603369033823
2022-10-04,-0.00015055106027179327,-0.0016635420777740204
2022-10-05,0.002488394240994023,0.0005321670002396044
2022-10-06,-0.006586066667306651,-0.0036673617924547148
2022-10-07,0.0026769783224119444,0.0004326442121612203
2022-10-11,-0.0016419502876464515,0.0010919495592397969
2022-10-12,-0.002081754325264302,-0.0011225065314326601
2022-10-13,0.00884556045690603,0.002826193271847884
2022-10-14,-0.003248766531633123,-0.006343028882808105
2022-10-17,-4.4109832686912986e-05,0.00356285355992972
2022-10-18,-0.01441090499368407,-0.00840615716049983
2022-10-19,0.0025026457803343717,0.003544162675065388
2022-10-20,0.005181276981369409,0.0021963194338181884
2022-10-21,-0.00502756438897849,-0.0002864244789345712
2022-10-24,-0.005192536421129988,-0.0009613725593538318
2022-10-25,-0.00019311027213507297,0.002201443174662414
2022-10-26,-0.012101655039522085,-0.004442333290067076
2022-10-27,-0.006720990882083226,-0.00302550017121277
2022-10-28,-0.008291214603964057,-0.0022739906164818482
2022-10-31,0.003516432782130992,0.006108083227880486
2022-11-01,0.0027101820287822173,0.00044424317644115204
2022-11-02,0.007927650340877241,0.0013361986421739113
2022-11-04,0.0018233451862425358,0.002922986207871235
2022-11-07,0.002795126039382005,-0.003389067574018815
2022-11-08,-0.0034335033343386983,-0.00019771853257332175
2022-11-09,0.0023958252245507732,0.007988575626153396
2022-11-10,0.00365223031552382,0.001795149443121805
2022-11-11,-0.024228947123135725,-0.02051092319701433
2022-11-14,-0.012820428751612128,-0.012194300097866304
2022-11-15,-0.003673966301892451,-0.004539547326666882
2022-11-16,-0.0034769765968554038,0.004249381857446997
2022-11-17,0.004499371799911466,0.007987572687032887
2022-11-18,0.014883780234015112,0.005318687374707818
2022-11-21,0.0010293002689831555,0.0021420349602866767
2022-11-22,0.011908634295179018,0.00491877700661628
2022-11-24,-0.0125713427873976,-0.00243446960058704
2022-11-25,-0.005496735837242629,-0.0037470650545756504
2022-11-28,-0.005796935958606529,-0.004853294904942029
2022-11-29,-0.006078707934068342,-0.005272137964523971
2022-11-30,0.00548171072382938,0.000977275001916269
2022-12-01,-0.013201020608859682,-0.010262150142803829
2022-12-02,-0.008114415970788382,0.001167339380047032
2022-12-05,0.0018872099402247782,-0.0008526160036779655
2022-12-06,0.014651209360203539,0.005511840484421511
2022-12-07,-0.006148403645035325,-0.0010288827010951633
2022-12-08,0.002076805303177426,0.0009944974784730945
2022-12-09,-0.0027724851432914116,-0.0019077049429724064
2022-12-12,-0.0034642473971221574,-0.0007998959234517917
2022-12-13,0.0003728822001757147,-0.0028661826324808317
2022-12-14,-0.0003137134129720231,0.0005933684541130062
2022-12-15,0.0006074407581393501,0.003983373787216773
2022-12-16,0.003511244340319016,0.0022983655136072922
2022-12-19,0.0069874497626828316,0.004547170808478326
2022-12-20,0.024397640430351728,0.013940068747190677
2022-12-21,0.00037854748161799626,0.001620340980686248
2022-12-22,0.005245512788735712,0.0018368422007661407
2022-12-23,0.011617022923114898,0.005260469766110797
2022-12-26,0.0015565280348817387,-0.0017689810187974826
2022-12-27,-0.010011762591233547,-0.004506750611730009
2022-12-28,0.009284212879492063,0.003322192290692194
2022-12-29,-0.009807531076736396,0.001327590056745326
2022-12-30,-0.0039023300764235032,0.001896019680838214
2023-01-04,0.009213277598019329,0.004486523652700646
2023-01-05,-0.006620679921480398,-0.008760219986300718
2023-01-06,-0.007942961248350686,-0.005195944375211965
2023-01-10,-0.010626851529368373,-0.0033116065523659793
2023-01-11,-0.01307010596001663,-0.008574121060013566
2023-01-12,0.007611447661776255,0.0026112671691897425
2023-01-13,0.006292475823331725,0.005376020408478071
2023-01-16,0.000914734596904763,0.0014946650216001323
2023-01-17,0.007544102546995616,0.0053119063212226664
2023-01-18,-0.009995134788577605,-0.008906169956528454
2023-01-19,-0.0033528721420118457,0.002411327436228232
2023-01-20,0.0015342037621802248,-0.0006476338867819585
2023-01-23,-0.009453892973668812,-0.006050841734241074
2023-01-24,0.007049292868529352,-8.098821662691491e-05
2023-01-25,0.0008606682756162548,-0.0008950792866874793
2023-01-26,0.004691804381875287,0.001852117664907955
2023-01-27,0.0018971912159947016,0.0010159132041234217
2023-01-30,-0.0035855420794467224,-0.0029473506676834533
2023-01-31,0.00017208855049602695,0.0023211755475966798
2023-02-01,-0.006236919193322607,-0.0050214277372913445
2023-02-02,-0.009063458701950704,-0.00646840936762094
2023-02-03,0.0006257457795714979,-0.003622949406759555
2023-02-06,0.007378599970713317,0.0026775775482041284
2023-02-07,0.0021090340980783272,-0.0005600643838424956
2023-02-08,-0.004378738490917092,-0.0023179482770996174
2023-02-09,7.885201355821978e-05,0.0037636946102469516
2023-02-10,0.011650091299345466,0.004663535565893679
2023-02-13,0.003631915805930655,-0.002972327096373427
2023-02-14,-0.0007499212231114553,3.5287888287431624e-05
2023-02-15,0.0035812707371288325,0.0009085862793079503
2023-02-16,-0.01368042423116722,-0.008674600180395432
2023-02-17,0.011557887468686339,0.008475190861439186
2023-02-20,0.005402114597989269,0.010274258220820103
2023-02-21,0.01065596735878549,0.007873203716016339
2023-02-22,0.0031514410944488286,0.002232020945748382
2023-02-24,0.00399983036243191,0.00362228917929558
2023-02-27,0.013328058941319823,0.005304953805274076
2023-02-28,-0.013892548821811498,-0.008969510132611987
2023-03-01,0.009203824580199776,0.007937682471049038
2023-03-02,-0.0010235747791951173,0.0013840469292134183
2023-03-03,-0.004732680029870836,-0.0029118833359825045
2023-03-06,-0.005378557106488704,-0.003244203240148913
2023-03-07,-0.004299032002508179,-0.0027817152344080795
2023-03-08,0.0010230337634564847,0.00430731683711204
2023-03-09,0.002828258655598251,0.001727194502493542
2023-03-10,0.004619315706207586,0.005359767082624058
2023-03-13,-0.010558433087801501,-0.009928318555620258
2023-03-14,-0.0042736737622610065,-0.009200184833973467
2023-03-15,0.005849188978609161,0.006005352983883073
2023-03-16,-0.0023923714232425165,-0.004818842135551725
2023-03-17,-0.01924643579514397,-0.01002567765291998
2023-03-20,0.013907006539540495,0.004988243387871429
2023-03-22,-0.0022914273162196134,-0.0016966639719352902
2023-03-23,-0.003569356065987832,0.0006133494529138082
2023-03-24,0.0023927289631626757,0.005482364312780686
2023-03-27,0.006589720812424793,0.0012380589109453467
2023-03-28,0.006965081344272627,-0.0010616310465741121
2023-03-29,0.003723979983382898,0.005265097759997624
2023-03-30,-0.00808162203881575,-0.005430680352997203
2023-03-31,0.005798813351365267,0.0027407690698763015
2023-04-03,-0.0037222612706870033,-0.004560743894358801
2023-04-04,0.006181746533068312,0.0004148062160249104
2023-04-05,-0.00103530535239571,-0.003100136696860125
2023-04-06,0.0008679384383472148,0.0009252730829067777
2023-04-07,0.0025235756152319866,0.0039043217866898314
2023-04-10,-0.0038689291003120557,-0.0028251708902028985
2023-04-11,-0.002624674254172266,-0.002803658310301445
2023-04-12,0.005025514329673318,0.002972697225764705
2023-04-13,-0.006664121354084587,-0.006356764411184703
2023-04-14,-0.003970117026381578,-0.0007596595005442191
2023-04-17,0.0005899235641590285,-0.0032276187808162075
2023-04-18,-0.00522700032658601,-0.004887647717688334
2023-04-19,0.011526330285689298,0.004137509141206794
2023-04-20,0.001153955691769065,0.0020698263826285646
2023-04-21,0.008187697252940298,0.0041645022137638665
2023-04-24,-0.0008438321822996895,-0.001698749365994822
2023-04-25,0.005479096467609541,0.0009207731918372433
2023-04-26,0.007361284924086809,0.0032493379193461944
2023-04-27,-0.0011004395540289333,-0.0033806426655035885
2023-04-28,0.006077082551841841,0.0063535467229974465
2023-05-01,0.009360126380285376,0.0042365571251236295
2023-05-02,-0.004412374488249865,-0.0014886516919685067
2023-05-08,-0.0065991938969157315,0.003285378127617278
2023-05-09,-0.0007007833211683037,-0.0018439070903597723
2023-05-10,0.0034748205118449063,0.0019055882655951263
2023-05-11,-0.009724153376545832,-0.007044507648367461
2023-05-12,-0.0018056003248069497,-0.006334699729273081
2023-05-15,0.01611851782016864,0.009903933148627152
2023-05-16,0.0025548714494687277,-0.00017335230155306365
2023-05-17,0.0045858375850262095,0.002686187407900207
2023-05-18,0.005152826743526683,0.0015674037576923973
2023-05-19,-0.00793451689172088,-0.004331494900895157
2023-05-22,-0.0004982372335430433,-0.0036537757045094544
2023-05-23,0.0052830838851259665,0.0014938435680074023
2023-05-24,0.0038039383064067036,0.0064335192089129516
2023-05-25,0.0036039197864796793,0.0036153946767435528
2023-05-26,-0.0005969892351061481,-0.004898729495862255
2023-05-29,-0.004314943188907809,-0.0014173700355493918
2023-05-30,-0.009490108688275632,-0.003175846693593218
2023-05-31,-0.004590510457132688,-0.004399877351543982
2023-06-01,0.004632453072462659,0.00032138176324727867
2023-06-02,-0.00036190644099730156,-0.0022779159303178264
2023-06-05,-0.001373243805649937,-0.004484118889594137
2023-06-06,0.0013932725514886296,-0.0017413191493249793
2023-06-07,-0.0067597395671549175,0.0011086652707227055
2023-06-08,0.009420917083247111,0.003059392364277689
2023-06-09,0.0038668247831258624,0.0009507410146970523
2023-06-12,-0.012068350547536534,-0.0038871619564337483
2023-06-13,0.000656731279139542,-0.00535223816423669
2023-06-14,0.004319878583650885,-0.0013951739463301457
2023-06-15,0.003998703742192671,0.003590521048886054
2023-06-16,-0.017364527877698755,-0.006466140491330796
2023-06-19,-0.011643204438422785,-0.003892920065344669
2023-06-20,-0.00903590612693813,-0.004024040716264461
2023-06-21,0.0047777106749579724,0.003681358597513529
2023-06-22,0.00839250082318742,0.001386658476934108
2023-06-23,0.0033784974620108786,0.002019330327920576
2023-06-26,0.009248301582060971,0.005249409496379571
2023-06-27,0.00837773952600718,0.0020814646612404954
2023-06-28,0.003196274162798201,0.0013547619860445597
2023-06-29,-0.0026390941959699393,-0.004860093197831985
2023-06-30,-0.0007365723664495537,0.002696972429782554
2023-07-03,0.0030421978393015154,-0.0026961012141643575
2023-07-04,-0.0013879671864034488,0.001396885612594636
2023-07-05,0.0048545110778619414,-0.0049428173257261825
2023-07-06,0.011313281386494435,-0.0008318052089086279
2023-07-07,-0.0015023800757662676,0.0018835571309511884
2023-07-10,-0.00023674737647781988,0.0029729865371533304
2023-07-11,-0.004388326281833197,0.0010869043393577126
2023-07-12,0.01064448466228936,0.0010063663582693897
2023-07-13,-0.009035491581081516,-0.005314090470423056
2023-07-14,-0.0009595758055006117,-0.002342162892939516
2023-07-18,0.003189242765671623,0.001491568269876605
2023-07-19,0.00165692579950796,0.0016013215842124763
2023-07-20,0.00681277839499908,0.0029420023231106337
2023-07-21,0.004461996115868529,-0.004328121172763287
2023-07-24,-0.0006689052990982696,-0.0021558621794492104
2023-07-25,0.003071842877396925,-0.00219750182286905
2023-07-26,0.00020375336281467304,-0.0006225893341590444
2023-07-27,0.00010585326709653016,-6.334967458089015e-05
2023-07-28,0.004256420271332169,0.00432894016880633
2023-07-31,-0.0003898781905996105,-0.0016660236559335358
2023-08-01,-0.000788881148058267,-0.004311399528164915
2023-08-02,0.002357038115009761,0.006458814287178078
2023-08-03,-0.007797629019797615,-0.005191037609157777
2023-08-04,0.0020852701001196623,0.0029723626914801536
2023-08-07,-0.001580660505537311,0.00018752249865868365
2023-08-08,0.00950067575323233,-0.0036661316868382737
2023-08-09,-0.007515554299641717,-0.00034776086785408603
2023-08-10,0.005232228671129638,0.005423760987456249
2023-08-14,0.008961704214805598,0.009248814305970791
2023-08-15,0.0027288411989694022,0.0019528626000195263
2023-08-16,0.010902991742578411,0.004073170155218825
2023-08-17,0.00472267274410463,0.002686925575204748
2023-08-18,0.0027062763348931554,-0.0018494264878162973
2023-08-21,-0.010925346275474656,0.0031380849379567923
2023-08-22,0.007415291121706866,0.0040750383549557415
2023-08-23,-0.0030023171206642173,0.001428048860143887
2023-08-24,0.005331943796123306,0.0012650040848746066
2023-08-25,-0.0045870306041328225,0.0023180146477044077
2023-08-28,0.008463857079834672,-0.0022622273020849824
2023-08-29,-0.011273700108714424,-0.0012977799797972492
2023-08-30,0.004517931553820592,0.0008048973434999742
2023-08-31,0.002380140406130872,-0.0010091792301568925
2023-09-01,0.0070618519054311355,0.00505558703621193
2023-09-04,0.0064637652684611385,0.003206683227586931
2023-09-05,-0.009809744321022468,-0.0004457258997672478
2023-09-06,0.00953614738886982,0.004905504479928195
2023-09-07,0.007570239587256548,0.0029971412388211114
2023-09-08,-0.0023507695751511636,-6.918485013652359e-06
2023-09-11,0.009447646015955564,0.0015356022369403598
2023-09-12,0.0031831192136399233,-0.0010988886098811448
2023-09-13,0.0006288951052197474,-0.00033482987043477214
2023-09-14,0.007398436234271018,-0.0014566614632473308
2023-09-15,-0.0011385543748614127,-0.002445426475911284
2023-09-19,0.003610714514512059,-0.0002900080670911717
2023-09-20,0.004738541565559255,-0.0006293767150047334
2023-09-21,0.0067563995977355865,0.0040059580906787115
2023-09-22,-0.007921859876979815,0.0023412000280751796
2023-09-25,-0.008094076083525557,-0.0013609432208579759
2023-09-26,0.012154005802452739,0.007438059264129465
2023-09-27,-0.004253324156121742,-0.001044807220510583
2023-09-28,-0.0038766219847088963,-4.757853326173116e-05
2023-09-29,-0.009079298495543519,-0.004710888178960017
2023-10-02,0.0074654866703702605,0.0011873286048226144
2023-10-03,0.00471355628126233,0.002894174544024214
2023-10-04,0.0028321652363243258,0.00014749692049987814
2023-10-05,-0.0012661598131746311,-0.0006426634973777066
2023-10-06,0.002698812431222249,0.0021818576132376457
2023-10-10,0.007570431526456298,0.0033527805077460462
2023-10-11,0.002182374082262771,-0.00506912253035152
2023-10-12,-0.0032488064059137244,-0.0034059426767070796
2023-10-13,0.009271831175015526,-0.0003363640812651704
2023-10-16,0.010952843137484118,0.0035570906724310854
2023-10-17,-0.005874874456479627,-0.00409789294333332
2023-10-18,-0.0044581904267926575,0.001562319845496467
2023-10-19,0.009079385683457205,0.006269129296662276
2023-10-20,0.0017080447125655176,0.003679948855909104
2023-10-23,0.010043157160089274,-0.004277292850061643
2023-10-24,-0.015609031636649697,0.00203015362823091
2023-10-25,0.0019157477776445713,-0.0013341590071943748
2023-10-26,0.006816114666128687,0.0036640570360761387
2023-10-27,-0.0019739978917611527,0.0022813202197885084
2023-10-30,-0.004824892202780498,-0.003909562138347861
2023-10-31,0.0008235415417447642,0.006968811283565071
2023-11-01,0.011054105582971357,-0.009394972901830178
2023-11-02,-0.018058909948805914,-0.006008242871118391
2023-11-06,-0.018945270861766277,-0.009254591348058793
2023-11-07,0.00044087316432486236,0.0031683489149325946
2023-11-08,-0.004687569831682393,-0.003146264481406599
2023-11-09,0.002794203991942963,-0.0012462836502332465
2023-11-10,0.0037750218253650453,0.003324705037120134
2023-11-13,0.0074842343570286785,0.0021683869981312144
2023-11-14,0.004234146931160842,0.003212521760669767
2023-11-15,-0.01633885878027916,-0.005452855613409455
2023-11-16,0.006574994364600602,-0.0003951448491451657
2023-11-17,0.009640770577348665,-0.0022163513883891118
2023-11-20,-0.01624525621245014,0.0018681793213731193
2023-11-21,-0.00760849784306491,-0.0012943957222247859
2023-11-22,0.0062168907164455636,-0.0015374810587849685
2023-11-24,0.002137603905722445,0.0014806410864150986
2023-11-27,0.002127673033673861,0.006912542839825081
2023-11-28,0.004402377168186357,0.003798255426411725
2023-11-29,-0.0033583386510748453,-0.0007768011820302676
2023-11-30,0.004833424968690098,-0.0011237067554876379
2023-12-01,0.012614191417353631,0.006112731431781817
2023-12-04,-0.015884263387680786,0.0016433048130548237
2023-12-05,0.009336638670533111,7.448224494107508e-05
2023-12-06,0.001812262976909118,-0.001316631406725251
2023-12-07,0.006638978746310987,-0.0013649451327385643
2023-12-08,-0.0009467374089900445,-0.0008419452212791532
2023-12-11,0.002693582783841176,0.000840830417120679
2023-12-12,0.0074439427522105875,-0.0017342725356077658
2023-12-13,-0.0030440418462571667,0.0011291550452247614
2023-12-14,-0.005673083224278605,-0.0010299123399042272
2023-12-15,-0.012979711579063953,-0.007935376530775086
2023-12-18,-0.008296325937386672,-4.7443875815763106e-05
2023-12-19,-0.010147064075999107,0.0005934260819404954
2023-12-20,0.0011170279583076377,-0.0018230866231964899
2023-12-21,0.0007860127969999495,0.0017221672218116066
2023-12-22,0.006077435540532074,0.0011624743212233176
2023-12-25,0.0034758405095424326,-0.0013943930995873278
2023-12-26,-0.00328057111300044,-0.0010037395162120059
2023-12-27,-0.010351428795237441,-0.002876177278159746
2023-12-28,-0.01125038636951077,-0.003387569009441948
2023-12-29,0.0010369284753749665,0.0006305355886911889
2024-01-04,0.0030447018178855426,0.004873446582384396
2024-01-05,0.018069206629488837,0.0012182916345142084
2024-01-09,-0.006384985079225695,0.006067907224684671
2024-01-10,0.005437228178225277,-0.003576109825703229
2024-01-11,0.009192783417804667,-0.002724323363852998
2024-01-12,0.0020353437911678493,-0.005779797575630417
2024-01-15,0.007580946004722777,0.006316285136219527
2024-01-16,0.0012973946439034465,0.0007164434913790301
2024-01-17,0.010981293067920589,0.0033993765401494867
2024-01-18,0.005509813977842923,0.003396831546511516
2024-01-19,-0.004549770575841272,-0.002052666001334276
2024-01-22,-0.011229767200074705,-0.0015752073758722278
2024-01-23,0.002078985202804908,-5.6272285214450154e-05
2024-01-24,-0.001052522038780925,0.004716668119045594
2024-01-25,-0.007962747714542811,0.0006491580016616018
2024-01-26,0.00015332017331986213,-0.0009389438355283768
2024-01-29,0.007185308668063602,-0.001328306096188634
2024-01-30,-0.0030161416327740714,-0.0006247415241599556
2024-01-31,0.001948342590060101,-0.0012549798408709044
2024-02-01,0.008352881692484134,0.0027240376401551965
2024-02-02,-0.004096822171963558,-0.00037197124071091953
2024-02-05,0.003072064872448342,0.005375338859911502
2024-02-06,-0.0009988806418098134,-0.0005442298113314615
2024-02-07,0.005226825913663021,0.003229252411316901
2024-02-08,0.0012161412547162743,-0.0018252424268720862
2024-02-09,-0.00012887748092999972,0.000728175091882654
2024-02-13,0.001731346352998108,0.0014911162213830653
2024-02-14,0.0004979495900794759,0.005440275975858047
2024-02-15,0.010154966117874994,-2.2020943246071727e-05
2024-02-16,-0.008934807481775693,-0.0013621801169270802
2024-02-19,-0.0025534734976673384,0.008009773286800517
2024-02-20,-0.003757565096135812,-0.0026501976672774034
2024-02-21,0.012180174868281388,0.0019734048479689917
2024-02-22,-0.0001655284089307884,-0.0032944768647259048
2024-02-26,-0.018096787112963354,-0.007264115635369443
2024-02-27,-0.0050247384727611765,-0.004718901920307857
2024-02-28,-0.006410127706198542,0.000955848927730965
2024-02-29,0.005341691226330257,0.0027355618410391967
2024-03-01,0.007767103441856525,0.0003806701680675066
2024-03-04,0.0016806657828155507,0.0005629254890247095
2024-03-05,0.005399775278771416,1.2726814736181664e-05
2024-03-06,-0.002401943911868114,0.0031128907643999826
2024-03-07,0.008732599183891396,0.003250860606603461
2024-03-08,0.005096215293342352,0.004490199882313899
2024-03-11,-0.0045696269716379925,-0.005718027562765897
2024-03-12,-0.011303197455237342,-0.0010118229871527206
2024-03-13,0.010128608895063089,0.0030727736179843807
2024-03-14,0.0018495034776533441,-0.0027918801795501543
2024-03-15,0.013777610941779778,0.0017405462840974053
2024-03-18,-0.003689112024692645,-0.003263560857502037
2024-03-19,0.003474001835099858,-0.0034241190690673697
2024-03-21,0.002287514761094714,0.0007944134302084686
2024-03-22,0.0029954131824031366,-0.0014514563051833827
2024-03-25,0.000583657306130787,0.0007340056797052706
2024-03-26,0.001721710551158581,-0.0009602365734047013
2024-03-27,0.004456136739238997,-0.002778234708696535
2024-03-28,-0.005439356147827397,-0.00028483939353382906
2024-03-29,-0.0009780778571832592,0.007690138767521553
2024-04-01,0.0028174603243108793,0.0021158801773623007
2024-04-02,0.00998141364532101,-0.0031197501441303007
2024-04-03,0.007977342375884808,0.002631313314779095
2024-04-04,0.0075587970011119585,0.0036585438618199997
2024-04-05,0.0005596860362825432,0.0034713680494188864
2024-04-08,0.00038153428215805234,-0.00024834738336904257
2024-04-09,-0.0011643580352939933,0.00019966507732466741
2024-04-10,0.002983204098093875,0.00551356539731353
2024-04-11,0.011113558538247165,0.00432442611222022
2024-04-12,0.011073885045315004,0.0038217728216005443
2024-04-15,0.00740797759644264,0.0033942870117889563
2024-04-16,-0.004279211919067525,-0.007303386202198416
2024-04-17,-0.00015309822289416748,0.003375124239820091
2024-04-18,-0.006119836752640828,0.003232869713243075
2024-04-19,0.010727364944392068,0.0027639129723488302
2024-04-22,-0.0017605264039554612,-0.003613926102874917
2024-04-23,-0.0019292655360721896,-0.0022596841983543213
2024-04-24,-0.0014651837087036983,-0.0006927673786208451
2024-04-25,0.0012478346397209322,0.0031668747140687886
2024-04-26,0.005453708764482962,0.0032074244197999
2024-04-30,0.005252476343846417,-0.004857385735471337
2024-05-01,-0.001364408468253188,-0.005023470444942075
2024-05-02,-0.0010675559227080202,0.002085517062475525
2024-05-07,-0.010320925985373094,0.000416100353750835
2024-05-08,-0.001214622057804816,0.0066936322018017235
2024-05-09,0.006121385733747494,0.002805604858413649
2024-05-10,0.003170520865619481,0.0035729429752706324
2024-05-13,-0.0027288866106620004,-0.0004146240019821186
2024-05-14,-0.006754108344778072,-0.008413398903780489
2024-05-15,0.010431664376333093,0.0009288223704008881
2024-05-16,0.0009144522895041195,-0.004066723999967707
2024-05-17,0.0017247477501630341,-0.0024507319204232483
2024-05-20,-0.005070523249449007,0.00041304374208631957
2024-05-21,0.006230106471390447,0.001768670584357374
2024-05-22,0.0063958490991188255,0.003660992722675822
2024-05-23,0.008759233782198131,0.00021889735373307887
2024-05-24,0.0057223517271698795,0.0006209211470847983
2024-05-27,-0.0015743413776342571,-0.0028459742423457435
2024-05-28,-0.0009113893322209429,0.0005353751989807596
2024-05-29,0.01808614953660777,0.0056531768522617345
2024-05-30,0.0022180141721196353,0.007197224532108506
2024-05-31,-0.00569863626422655,-0.0022775940450042824
2024-06-03,0.00259653907546849,-0.0001640524030048435
2024-06-04,-0.01227316736740899,0.0004875464294520496
2024-06-05,-0.0025842520878774627,0.0002584837933653772
2024-06-06,0.007170919494054646,0.00037709424084943124
2024-06-07,-0.003722561871400615,-0.00013628436720275125
2024-06-10,0.001187738819926707,0.0023370542119692927
2024-06-11,-0.0012721000012141967,0.0016703745279313693
2024-06-12,-0.0030445802548385555,-0.0004365310858640767
2024-06-13,-0.004134175943526594,-0.00031850355804827115
2024-06-14,-0.0014544033596963803,0.008448617679534889
2024-06-17,-0.0033383744017734026,5.437772933830631e-05
2024-06-18,0.0013578467644718845,0.004403667833311608
2024-06-19,0.006137321294381564,-0.0008814563902209427
2024-06-20,-0.0017339909468034869,0.0011434111156301888
2024-06-21,-0.003654577870442721,-0.004074527135633782
2024-06-24,-0.00220910495237209,0.0008522708714710338
2024-06-25,0.0060763688782229635,0.0012060338876203978
2024-06-26,-0.0008506980904455091,-0.0026587627798930454
2024-06-27,-0.006369271205641866,-0.0012366743807253854
2024-06-28,0.008236870635952513,0.0023345212373684613
2024-07-01,0.012727780496390433,0.0026267860675033344
2024-07-02,0.005454525738027943,-0.00195266158630373
2024-07-03,-0.005785187155437607,-0.0027578895476666598
2024-07-04,0.0022451706888813303,-0.0034823800755717825
2024-07-05,-0.0014385557799177695,-0.006324670418458427
2024-07-08,-0.004551715634428289,-0.0008004739809326692
2024-07-09,0.0019652161447270425,-0.000626480218673113
2024-07-10,0.0061961642175778,0.0015602250917459756
2024-07-11,0.007152897370205986,0.0032341697294299577
2024-07-12,-0.01399673679490115,0.0066480080737672115
2024-07-16,-0.006000942674703878,-0.0016263915378888563
2024-07-17,-0.00017473556387388386,-0.0015877813000987938
2024-07-18,0.00886121986504157,0.005013581525841759
2024-07-19,0.0024908158664469484,0.00102513185350471
2024-07-22,0.009704875542704074,0.005192601909357221
2024-07-23,-0.004731615646133928,0.005342898336155505
2024-07-24,-0.0014827322955046837,-0.002928666037898566
2024-07-25,0.007596322262213767,0.009126756587665243
2024-07-26,-0.0043248794319901505,-0.002584627128792377
2024-07-29,-0.0021316981755251582,0.0007110254353826229
2024-07-30,0.00201056620332937,-0.0011231954997042216
2024-07-31,0.005790001787719655,0.0024932528241139226
2024-08-01,0.00149207094892536,0.0034884332698684566
2024-08-02,0.015675790459144044,0.0039889818007044706
2024-08-05,0.022965543820770526,0.005143751375009567
2024-08-06,-0.003707509497033218,-0.009603633213483564
2024-08-07,-0.013119992502180183,-0.0057599817690010425
2024-08-08,-0.003744844526192675,0.00401913127965632
2024-08-09,-0.0031555993620896155,0.003922954887527504
2024-08-13,-0.013433619025197255,-0.009073955234310406
2024-08-14,-0.0024233287355847188,-0.002162899014613662
2024-08-15,-0.0013655060271400184,-0.0008429675581517575
2024-08-16,-0.009775891394914884,-0.006308102249231014
2024-08-19,0.00031903685654422094,-0.003953429402304907
2024-08-20,-0.01473880947733458,-0.002849955352379613
2024-08-21,0.004231422412107608,-0.0014341849916664675
2024-08-22,-0.0017643815031423886,-0.0001085433585548334
2024-08-23,0.004494434555778008,0.002591396263202308
2024-08-26,-0.017887139547904534,-0.002447433379559201
2024-08-27,0.0010122331584998135,0.0028335767266518984
2024-08-28,0.00902896812063974,0.00031079120480021394
2024-08-29,0.0028215745363167266,-0.00117341930901181
2024-08-30,-0.005390562988940717,0.0008263306438381557
2024-09-02,0.0036512502222896598,-0.0008821629947397917
2024-09-03,-0.0014649536422318924,0.0007398905108248512
2024-09-04,0.014969295259852057,0.009309319028402745
2024-09-05,-0.0021411731653371412,0.0020567209917815407
2024-09-06,0.011193181555250687,0.005852390780105663
2024-09-09,0.002456699035965063,-0.002002759065669404
2024-09-10,-0.0044938971748510895,0.004637200318994021
2024-09-11,0.003060640937691865,-0.001635537956349447
2024-09-12,-0.013490820863837096,-0.006192882488677595
2024-09-13,-0.0015922506875608484,-0.002531132534202624
2024-09-17,0.003460335891944627,0.010004526890775554
2024-09-18,-0.0029464075329956566,-0.001133707609073571
2024-09-19,-0.01074763653321744,-0.006779762913350387
2024-09-20,-0.0062821545485651515,-0.00587758995788118
2024-09-24,0.006024530288625551,0.0016626595282346526
2024-09-25,0.000680863921497403,-0.0006852200316091017
2024-09-26,-0.001209455320282226,-0.0001261832611394384
2024-09-27,-0.007397258042980574,-0.011778288182082007
2024-09-30,0.007223428914261528,0.010220383856351909
2024-10-01,-0.006807908610154111,-0.003990160738164526
2024-10-02,0.011262208483916993,0.0039793506417133435
2024-10-03,-0.004620171889252891,-0.007245993139554879
2024-10-04,0.005885723974755643,0.0038261458463093546
2024-10-07,0.0021330516755306977,4.766130852155645e-05
2024-10-08,0.005850154910333524,0.006318562975817959
2024-10-09,-0.005468121065441953,-0.0020528031299459296
2024-10-10,0.005554691865690958,-0.003506166563907315
2024-10-11,-0.004718357902605844,-0.0015771771718172812
2024-10-15,-0.005780648890799817,0.002283002028817354
2024-10-16,0.003957099227210064,0.007050839560537618
2024-10-17,0.007224030086886965,0.0018593273445714695
2024-10-18,-0.0012500043463144525,-0.001408973440171398
2024-10-21,-0.011942411506526002,-0.001737375514494625
2024-10-22,0.010485803413327924,0.0028133590854211247
2024-10-23,0.006485081392696669,-0.00016561022241057093
2024-10-24,0.002990281659492696,-0.0004369975334568531
2024-10-25,0.005567679213805761,0.0006205302825405806
2024-10-28,-0.013147665794993508,-0.007102738548419949
2024-10-29,-0.0066561441500329515,-0.0035020058040375664
2024-10-30,-0.0017672710653225373,-0.0037830045194706657
2024-10-31,0.0025614230704346943,0.01026420669135315
2024-11-01,0.002905688537419949,0.00032873739670425187
2024-11-05,-0.0019733623944224767,-0.004994565304245826
2024-11-06,-0.0044826577800516215,-0.004960274915632177
2024-11-07,0.009955540953457203,0.010431136579669405
2024-11-08,-0.010838853331254308,-0.008037352244039057
2024-11-11,-0.006976983584732624,-0.0024339497380097153
2024-11-12,0.0053885581968316325,0.007519396091942165
2024-11-13,-0.0021639099456977964,0.004186482459594433
2024-11-14,-0.0008030666882950319,-6.414210380122336e-05
2024-11-15,0.003999098251813509,0.0009480254171059794
2024-11-18,0.0026080295862440225,0.0048561079011279675
2024-11-19,-0.004362257420103741,-0.00031059241975738526
2024-11-20,0.0009674151967913398,0.00423266045266718
2024-11-21,-0.006164696350384521,-0.0006072990529766456
2024-11-22,0.003577268947986314,0.006326963857026732
2024-11-25,-0.002264940660737313,-0.00553089565199449
2024-11-26,0.006613808588290903,0.003149619418820195
2024-11-27,-0.007349197976497447,-0.005931195039593517
2024-11-28,0.0017383903299935102,0.002943357959983079
2024-11-29,-0.0020045485302158453,-0.0024323207768245027
2024-12-02,0.002995705953530111,-0.0029770336004352896
2024-12-03,0.00010227429532975833,-0.0020016753532241943
2024-12-04,-0.0004525709876619143,-0.002291985015604797
2024-12-05,0.0029900139816280203,0.004327102991139803
2024-12-06,0.003939914777574203,0.0024053520758302474
2024-12-09,-0.0044386442095720345,-0.00019546095936569773
2024-12-10,0.0047490762609874925,-0.0009088966166936847
2024-12-11,0.001467766623382081,-0.0008162320248571511
2024-12-12,0.0032322977107348957,-0.0030373515533193853
2024-12-13,-0.004917354465108742,0.0047775850255509945
2024-12-16,-0.0051735862217388235,-0.002270843600953015
2024-12-17,0.004051671439105821,-0.0011400674874345934
2024-12-18,-0.0010150548569641481,-0.00020185120098807494
2024-12-19,0.010985457684992138,0.00882161592540915
2024-12-20,-0.00021553842077688765,-0.0005060851324327183
2024-12-23,0.0010411546993538924,-0.0023800747983429363
2024-12-24,0.005858249364856978,0.004049279806999717
2024-12-25,-0.0020740078869138394,-0.002988356118587639
2024-12-26,0.00566195463558094,0.0015677958707340537
2024-12-27,-0.007679765541138681,-0.004918995924709223
2024-12-30,-0.001310660971190271,0.0039037969898513838
2025-01-06,-0.005038167093775552,0.0033085528082296596
2025-01-07,-0.0035677148953851085,-0.005605708667398608
2025-01-08,-0.0021749253385560394,0.002400974743163472
2025-01-09,-0.0023050127474353362,-0.0014773905323320277
2025-01-10,-0.002613379410962141,0.003126239641034776
2025-01-14,0.0034579232412518604,0.0013256340829960328
2025-01-15,0.007794675010596628,0.00043622057303788664
2025-01-16,-0.004656996256241629,-0.0031056834161855614
2025-01-17,-0.0011847558718359721,0.0017441642197059141
2025-01-20,-0.0021260377778161647,-0.0021454311974871618
2025-01-21,0.003461056793870255,0.0020268007911916058
2025-01-22,-0.007134829442302351,-0.005910014386111964
2025-01-23,0.004379658748745338,0.0005809406937718391
2025-01-24,-0.006922966015882635,0.0016766181375974581
2025-01-27,0.009501281746100407,0.0026313663760140936
2025-01-28,-0.005923193166223872,-0.002308506965407445
2025-01-29,-0.0055859652101963985,-0.001186035369633214
2025-01-30,0.0003214161232030846,0.0046184251141724595
2025-01-31,0.004991450031360721,-0.0013049247817912633
2025-02-03,0.001622044120543037,0.0006185064703689881
2025-02-04,0.0012237383712677265,1.1832401053425527e-05
2025-02-05,-0.003632470958333107,0.0031293799557816915
2025-02-06,-0.0032216100548716885,0.0011612604551985662
2025-02-07,-0.004091365151183369,-0.0011202283711153954
2025-02-10,-0.010139433524344838,-0.002634846521823955
2025-02-12,-0.010316019342105291,-0.0011062110069988587
2025-02-13,0.007567127914192875,-0.003065991397585314
2025-02-14,0.0008519407739687088,0.00150076664670914
2025-02-17,2.5404677828987955e-05,-0.0014337547632034715
2025-02-18,0.0026996038424314467,-0.0003739772510431491
2025-02-19,-0.0028181367733328207,-0.003785427812147493
2025-02-20,0.001361545026945684,-0.0004885740132800562
2025-02-21,0.005794595616842725,-0.002786751417862575
2025-02-25,0.010457174083256532,-0.00025870941059547925
2025-02-26,-5.9934533317281165e-05,-0.004296111332191193
2025-02-27,0.0034614743056198046,0.004565250799570673
2025-02-28,0.0061031061441066976,0.006901132594561014
2025-03-03,0.0014140597018327868,-0.002247450665294505
2025-03-04,0.007562771681766299,0.0005370714126454465
2025-03-05,-0.001963432950916267,-0.001124861679727457
2025-03-06,0.002705032617560995,3.872521362969887e-05
2025-03-07,0.0076891633514768794,0.0048674974222868705
2025-03-10,-0.004814464999427211,-0.001558646062837557
2025-03-11,-0.0023335159530858338,0.0016552467707047838
2025-03-12,-0.001198807472388692,-0.0006546492203867438
2025-03-13,-8.96543041966839e-05,0.0012177161000981984
2025-03-14,-0.007723180729941196,-0.007149362523387824
2025-03-17,-0.001765297303996518,-0.003387483720602125
2025-03-18,-0.0004326938513473655,-0.002608301701686142
2025-03-19,0.007908451141683514,0.005393107236734583
2025-03-21,0.0015149129716210906,0.004243321678204409
2025-03-24,0.001967694766359604,-0.0018162019348272667
2025-03-25,0.001616433298400114,0.0006612573128869544
2025-03-26,-0.0002035228450426095,0.0002444459785093077
2025-03-27,0.006046906282992367,0.0006197804916447342
2025-03-28,-6.667965398204564e-05,-0.0004735616626500398
2025-03-31,0.006453672038499517,0.006786391940254082
2025-04-01,0.006683172305811941,-0.0018167139560660598
2025-04-02,-0.002103762272523713,5.8781966161225614e-05
2025-04-03,0.0023073135538176394,-0.0001698349864173547
2025-04-04,0.01522473732890697,-0.0016088946486946323
2025-04-07,0.02881873215981784,0.010856928985678305
2025-04-08,-0.03611148979701125,-0.008292896582532717
2025-04-09,0.006814161229821494,0.008867981503232585
2025-04-10,-0.007316599725427281,-0.01270106834302899
2025-04-11,-0.01984055410127124,0.005130373787984059
2025-04-14,-0.0050700482736871135,-0.00216987974107556
2025-04-15,-0.0018143035993258595,-0.004504051926233694
2025-04-16,0.01110662635437294,0.002677222626662504
2025-04-17,-0.006500784350632879,-0.006504927123530131
2025-04-18,-0.005559568317248995,0.0038322008028884927
2025-04-21,-0.009299459311780535,8.558259833178934e-05
2025-04-22,0.001757487705123446,0.0003045882522410598
2025-04-23,0.0022016750621907267,-0.0012509004688495522
2025-04-24,-0.0058252116217497076,-0.002502880152105356
2025-04-25,-0.004282790493952762,-0.005835684879355646
2025-04-28,0.000284700086941413,-0.0015370269694995548
2025-04-30,0.0013575843056563477,-0.002091921850160455
2025-05-01,-0.0013159241470379038,-0.005281955419082907
2025-05-02,0.003043537235146412,-0.0019330383674469303
2025-05-07,-0.004884717115738759,-0.0007988835245560915
2025-05-08,0.00014967590207672684,-0.0038325380751643777
2025-05-09,0.0034540828822286155,0.0020195139009542215
2025-05-12,-0.004671046889937094,0.0018836748343545049
2025-05-13,0.0004002837761850255,-0.001646340151659733
2025-05-14,-0.006347491898128439,0.0032604716780307913
2025-05-15,0.0007710310695718042,0.0024459337168065975
2025-05-16,2.934674696643833e-05,-0.0020707346812921133
2025-05-19,0.001162602219611586,-0.001622221197754943
2025-05-20,7.81291970042312e-05,-0.0049317896252168945
2025-05-21,0.007719986267813386,0.004306066494776576
2025-05-22,-0.0042326475235400325,0.0010537938233883468
2025-05-23,0.0018109947628009591,-0.003880009156982646
2025-05-26,-0.01345222271177093,-0.006935305807062228
2025-05-27,-0.004531210588762736,-0.003571511659202519
2025-05-28,0.0022078664753929487,0.0005627522876576441
2025-05-29,0.00011956899807426084,-0.0038073813873440877
2025-05-30,-0.003149842512211641,0.001329114246381495
2025-06-02,0.0032769711399503678,0.004390141726229807
2025-06-03,-0.005286250757399425,-0.006241316417703465
2025-06-04,-0.0028705445978132915,2.163065327624985e-05
2025-06-05,-0.005360377367906492,0.0014237975043253403
2025-06-06,0.0061902112720598045,8.944824668080092e-05
2025-06-09,-0.006030521399858473,-0.0037178513349623676
2025-06-10,-0.004978348138017618,-0.0058301576694133545
2025-06-11,-0.0038756336512327195,0.0011771447077665222
2025-06-12,-0.0066265972901831,-0.0023256936157004695
2025-06-13,0.011036023049006614,0.004081382556366227
2025-06-16,-0.005885205824222078,-0.0036216876263374777
2025-06-17,-0.0046210152360123685,-0.0025719582386659334
2025-06-18,0.0010656692579016757,-0.0018077823099055708
2025-06-19,0.0012144709778255335,0.0023748433249311364
2025-06-20,-0.003678746097308767,0.0018198194906065305
2025-06-23,-0.0013860779604437678,0.001608186992791546
2025-06-24,-0.006758048547672838,-0.0045849294449326235
2025-06-25,-0.006793552216787879,-0.001433412369088962
2025-06-26,9.070202230662856e-05,0.0004904920584766709
2025-06-27,0.0033631917416228085,-0.001503644231203193
2025-06-30,-0.0022230106789567425,-0.003278591577390605
2025-07-01,0.00078152218408108,0.0027160643175564237
2025-07-02,0.01949342580267121,0.010467399563550694
2025-07-03,0.0027000744531964103,0.0014055829481419955
2025-07-04,-0.0023978615215160316,-0.0008960296316000164
2025-07-07,-0.008026540553810333,0.0013589151017393854
2025-07-08,-0.009367195854986228,0.003541024692901229
2025-07-09,-0.005099544798348165,0.0012938795653518586
2025-07-10,-0.006715003784854742,-6.88768824428183e-05
2025-07-11,0.004571417207553026,0.0034964180754698646
2025-07-14,0.0025487466848524796,0.00385826120715799
2025-07-15,0.009189250434115974,0.003003352467071791
2025-07-16,-0.0002535222514313841,0.00021289868234770015
2025-07-17,-0.008620420909620837,-0.006560737688506105
2025-07-18,0.008393651157761459,0.004077345011740712
2025-07-22,-0.003219638501887596,-0.00027815912166755693
2025-07-23,0.00814199271567191,-0.0015498749862152099
2025-07-24,0.002475394613780044,-0.0029552677110163267
2025-07-25,-0.001018270958381205,0.007255540999243932
2025-07-28,-0.0007606819422665595,0.001668991076759387
2025-07-29,0.0038486064002145443,0.00291964608748344
2025-07-30,-0.00010610067142935182,0.0005858491179752366
2025-07-31,-0.002036923624691543,0.0006263577740663467
2025-08-01,-0.000556433050123992,0.0018264782932119273
2025-08-04,-0.0021441509423079453,0.0006541837422931029
2025-08-05,-0.002565149302814938,-0.0022939017442694604
2025-08-06,0.003914699807695898,0.006485155718208941
2025-08-07,-0.0006251311029815427,-0.0033635752892781203
2025-08-08,0.004425334859143955,0.0008611620431631028
2025-08-12,0.0006424487367478375,-0.01020991732180302
2025-08-13,0.004357917605341581,-0.00037088063088838003
2025-08-14,-0.01010655537160188,-0.0025786898457564236
2025-08-15,0.0016459954610991076,-0.005353843805649891
2025-08-18,-0.009971313594355585,-0.004115232726284033
2025-08-19,-0.00016278677037255985,0.006685825052725876
2025-08-20,0.01364045831051102,0.009867414337891258
2025-08-21,0.0014371499848162173,0.003739283316748705
2025-08-22,0.004300235313676551,0.005391583848001381
2025-08-25,-0.0002139230131162945,0.005877959658079729
2025-08-26,-0.0016642922445348025,0.0017671639238531931
2025-08-27,0.005090280151513682,0.0005724869091897004
2025-08-28,0.004744527130402676,0.0032798845119764355
2025-08-29,-0.001136712975182802,0.0010195608990934218
2025-09-01,0.0032807080895738035,0.004396371368281129
2025-09-02,0.008653355337966072,0.002730120051734299
2025-09-03,0.005361146402076186,0.004982458865389787
2025-09-04,0.0012988147729143438,0.00039124711201056483
2025-09-05,-3.200546843902703e-05,-0.002784702450104329
2025-09-08,8.279984013526316e-05,-0.0020491177092579593
2025-09-09,0.00338030683965076,0.002863122004057978
2025-09-10,-0.001715199382655747,-0.005555956778763059
2025-09-11,0.00331936972695901,-0.00020737881850422797
2025-09-12,-0.006908185477611098,-0.0070542231376199815
2025-09-16,-0.0034040341302139575,0.0005561957207111329
2025-09-17,-0.0026512067532781115,-0.003944849130237981
2025-09-18,-0.0036248380329166776,-0.004004810493363575
2025-09-19,-0.010634833127330982,-0.006791153787668234
2025-09-22,0.0031488174822741147,0.0002731972103805695
2025-09-24,0.0008276165593874146,-0.006015073384403534
2025-09-25,0.004678543744026884,0.0028856691588195057
2025-09-26,0.0055924115087264414,0.005025432115966481
2025-09-29,-0.004615549549543088,-0.0018036808866346461
2025-09-30,-0.0008947915713732664,-0.0023660132213135215
2025-10-01,0.009870217132685835,0.001240479849723499
2025-10-02,-0.00295551256570514,-0.0010974615328979034
2025-10-03,-0.0016684167855245046,-0.003851089883677909
2025-10-06,-0.0015886305165819237,-0.007464724206144375
2025-10-07,-0.0004945314449470535,0.004405967882103814
2025-10-08,-0.001190149710825001,-0.0017444789774286678
2025-10-09,-0.0018924273735241985,-0.002886956355136172
2025-10-10,-0.005257371404103079,-0.006722760595836661
2025-10-14,0.008688855000066708,0.0032241220078516146
2025-10-15,-0.004495207707369234,-0.003904221440010862
2025-10-16,0.0012760128832211607,-0.0009453371320011447
2025-10-17,0.006357683243901504,0.003140280718665859
2025-10-20,-0.0006518923553831477,-0.001690309771810991
2025-10-21,-0.00018637556371228054,-0.005176919804052853
2025-10-22,0.00037715092121097353,0.005720182928868445
2025-10-23,0.007695142327456453,0.006744054317409347
2025-10-24,0.0029349273500153305,0.0008893301945719507
2025-10-27,0.004242137230087701,0.0019058511161595976
2025-10-28,-0.0018399543353499748,-0.008056716188664735
2025-10-29,0.005177992096797425,-0.004238941526067259
2025-10-30,0.001882085688604141,0.0023917989934921155
2025-10-31,-0.0068266664012245,-0.01039296461555855
2025-11-04,0.000616108253557417,0.004196063285869165
2025-11-05,0.004022318610407607,0.0017054006421955035
2025-11-06,0.001299646894630635,-0.002411402546036118
2025-11-07,0.00017870931428023854,0.0010102921060053784
2025-11-10,-0.005971179122577518,-0.0013197662505432563
2025-11-11,-0.0012887431085707888,0.00022030215545092808
2025-11-12,-0.004745216173555706,-0.0020547091055601475
2025-11-13,0.0049766524375192585,-0.003393069171979378
2025-11-14,0.013220576159588797,0.004005175352310349
2025-11-17,0.007172941905845843,0.005348937462094385
2025-11-18,0.0035372274550551225,0.0016880843589869507
2025-11-19,0.002560797720811702,0.003308449366385124
2025-11-20,-0.003376391115878617,-0.005204684384641495
2025-11-21,0.009430380629573368,0.011428052017659864
2025-11-25,0.006199453859362143,0.00019223394645101846
2025-11-26,-0.002711759698254348,-0.0022106183999199697
2025-11-27,-0.00879247389016084,-0.0038292291656734905
2025-11-28,-0.00044564161100830524,0.0007274167611917249
2025-12-01,0.0038200758293228197,0.004189140402031366
2025-12-02,0.013725845695916412,0.004058120642621679
2025-12-03,-0.0007390756214862414,-0.000738382207493826
2025-12-04,0.0004639582587543257,-0.0036542077747319535
2025-12-05,-0.00427723196269701,-0.0026148080343985323
2025-12-08,-0.0014195633984460162,0.0021496844106863085
2025-12-09,0.006862522689477141,0.001722585923253695
2025-12-10,0.004347241932968126,0.0013451959811315508
2025-12-11,0.009355300810259646,0.0020236721783214034
2025-12-12,0.002470030066434821,-0.003027394435718705
2025-12-15,-0.001549161508560869,0.0041265750027445125
2025-12-16,0.007270030293139447,0.005207406368503122
2025-12-17,0.0019111284225070784,6.87258500279295e-06
2025-12-18,0.005306815428904554,0.006667112883801055
2025-12-19,-0.00442259670409621,0.003755781909779045
2025-12-22,-0.0002758052302166414,-0.0057932219821751774
2025-12-23,-0.005400177172295565,-0.0010031399352399889
2025-12-24,-0.00573617777356927,-0.002592083831994012
2025-12-25,-0.008955932314623027,-0.0010434506097292597
2025-12-26,0.0018321029488340113,-0.001525482283368364
2025-12-29,-0.004017247201397941,0.0017882128406661681
2025-12-30,0.005338839126574141,-0.0023675575600597644
2026-01-05,-0.001392403679758113,-0.00833960716132898
2026-01-06,-0.0027443263485711373,0.002578357387378971
2026-01-07,-0.0051878265360557575,0.004669758302193767
2026-01-08,-0.002503436620529048,0.003244100451494705
2026-01-09,0.0008821183927241495,-0.0022142920483169065
2026-01-13,0.00754926908725381,-0.0023256094755064877
2026-01-14,-0.0011428223408390826,-0.0017871959724848202
2026-01-15,-0.015247970321361236,-0.004154519268039544
2026-01-16,-0.0006790329056651552,0.0019878181590039477
2026-01-19,-0.0005115239619246502,-0.00296135259330075
2026-01-20,0.00131885707351557,0.0006822757959568477
2026-01-21,0.0008489565729902001,0.002894211808821977
2026-01-22,0.009602207916428674,0.010139378935948268
2026-01-23,-0.006477951338430991,0.00017503959072630824
2026-01-26,-0.003349977314063909,-0.0012268767704920192
2026-01-27,0.0012161199509708016,0.00010466160002455828
2026-01-28,-0.0012141831219933275,-0.0075680356868052575
2026-01-29,0.0042545766291609355,0.0036949664736058434
2026-01-30,0.005607115164752083,0.0017133549494153912
2026-02-02,0.005867378720112142,0.0028529286752355214
2026-02-03,0.004422844197304106,-0.0026034607808555314
2026-02-04,0.01086088596950801,0.006189844286288201
2026-02-05,-0.0006410373207375447,0.003789747041015328
2026-02-06,0.011628788015788951,-0.0011863144685240485
2026-02-09,0.00017794284426960946,-0.006432636315884784
2026-02-10,-0.01436349871933935,-0.011282397337703998
2026-02-12,0.010733290305425284,0.008372601447843332
2026-02-13,0.008407601279883166,-0.0012986888353829912
2026-02-16,-0.015705723667105688,-0.00513267957306553
2026-02-17,0.0022536283936680493,0.009308522882270846
2026-02-18,-0.004283870323818065,-0.0004714714246152659
2026-02-19,0.006382600147704262,0.0025754820024495367
2026-02-20,0.002776726233714135,-0.0025041027658672197
2026-02-24,0.011290889702450584,0.006145736271488336
2026-02-25,-0.007855165398507896,-0.009651360787524052
2026-02-26,-0.009020064143509043,-0.00482560534871624
2026-02-27,-0.005440333281218363,-0.0007043455885259141
2026-03-02,0.01208973623523876,0.007939655290042867
2026-03-03,0.00916461812872647,0.007156442760632577
2026-03-04,-0.005237238664610528,-0.007442058808394245
2026-03-05,-0.013844695712478084,0.002539954377504771
2026-03-06,-0.01225869169274109,-0.009112505185494729
2026-03-09,-0.0011132025635787468,-0.004176645357614542
2026-03-10,-0.005640927458466357,-0.0038896359183931903
2026-03-11,0.0019309972336313255,0.0009023409400489672
2026-03-12,0.0016554503063643013,-0.004848359003777872
2026-03-13,0.002257343832386881,4.51454889147827e-05
2026-03-16,-0.0002946846733562899,0.0013031897970622866
2026-03-17,0.006845572842307221,0.003128649691483877
2026-03-18,0.001687358010863848,-0.00020331430719142118
2026-03-19,0.0015613104222463835,-0.0017757867425119492
2026-03-23,0.007801264053077208,0.0046150824321513975
2026-03-24,-0.002347894099767569,0.00540101621030634
2026-03-25,-0.007688890686330746,-0.005576426793570177
2026-03-26,0.010852450671933486,0.006654401785413365
2026-03-27,-0.0014913259272101081,0.0015174168600848113
2026-03-30,0.004422772820437397,-0.002202202794713441
2026-03-31,0.0014088407217396032,0.003107684065493831
2026-04-01,-0.009497603877823627,-0.004197998571934453
2026-04-02,0.0057637519960499,0.0020057634747980904
2026-04-03,8.522963609675777e-05,0.0035799477221863506
2026-04-06,-0.008006270643636139,0.00048469756295082644
2026-04-07,0.0002971030333825254,0.0006825136479694804
2026-04-08,-0.014323034451710688,-0.010851904589475783
2026-04-09,0.010741936931586041,0.0044233480547551905
2026-04-10,0.001381155281798367,-0.0018680599384510565
2026-04-13,-0.005416945927826122,-0.0015579901096770474
2026-04-14,-0.005692924931041982,-0.0046991973616597425
2026-04-15,-0.008314326749261568,-0.005663279595044377
2026-04-16,-0.008739840745973445,-0.006287509665962133
2026-04-17,-0.0009079121817241664,0.006973545590393238
2026-04-20,-0.004110876715641388,-0.0019182792723360128
2026-04-21,-0.0011957569758073933,0.0012667022976976632
2026-04-22,-0.0028466131371193745,0.0015702805281882243
2026-04-23,0.007184137367719537,0.00451722955818246
2026-04-24,0.005581475267877879,0.0036340363081804367
2026-04-27,-0.00017550889539516947,-0.002247578030897343
2026-04-28,0.009623248066097899,0.007984904604388252
2026-04-30,0.0008994282814790717,0.004611003255799601
2026-05-01,-0.0031779181954312086,-0.003704767193230229
2026-05-07,-0.0005989878985433843,-0.007110898031723972
2026-05-08,-0.01652737472139645,-0.004654326322036684
2026-05-11,0.0022887272421796938,0.007247698934532164
2026-05-12,0.013720147311903741,0.004526021938652437
2026-05-13,0.0024652661578750713,0.003928637277253068
2026-05-14,0.009307497968684832,0.012038649594045103
2026-05-15,0.0012663201627860755,0.0071772456975897885
2026-05-18,-0.01181469807017681,-0.011639027861442077
2026-05-19,-0.0015334187834757356,-0.00250584085056447
2026-05-20,0.008934159376655152,0.0035521554337245055
2026-05-21,-0.006840824936683654,-0.005167424980024186
2026-05-22,-0.016416400820101693,-0.010130069396463486
2026-05-25,0.005528866666898296,0.0008802271670533637
2026-05-26,0.009520562303229556,0.004817481822138321
2026-05-27,0.004630134176687098,0.0015698120414612343
2026-05-28,-0.0019775368842465607,0.002615675118055975
2026-05-29,-0.007711801368622775,-0.007467989704097186
2026-06-01,-0.0004850644507101154,0.0009865843309498547
2026-06-02,-0.0010644165712441443,-0.00130670524864486
2026-06-03,0.0069799894234978364,0.0007996259773074745
2026-06-04,0.003252966303564855,0.005454982196851764
2026-06-05,-0.006379964861913224,0.003199550937084377
2026-06-08,0.011473257075240197,0.003930548449631222
2026-06-09,0.008649689601373238,0.005424153655804467
2026-06-10,0.0052144000235463065,-0.0014233265393491469
2026-06-11,0.001981602137038343,0.0032595456504049608
2026-06-12,0.002781740316489044,-0.002093412061602561
2026-06-15,0.0039061518269227664,-0.0006040326444444362
2026-06-16,-0.0021335623338753773,-0.0022625096429532013
2026-06-17,-0.010746673161308633,-0.0044989294746267065
2026-06-18,0.0024178637460387066,0.00462647840282044
2026-06-19,0.009405368278820166,0.006566773174536054
2026-06-22,-0.0011432304917981867,0.001641488482197877
2026-06-23,0.007187627351170097,0.0012542661609650108
2026-06-24,-0.0001626148330346965,0.000810302637171315
2026-06-25,-0.003042721378317211,-0.0022720726161107926
2026-06-26,0.014429542495566675,0.00873348173197051
2026-06-29,-0.020336656872637672,0.006552435018240128
2026-06-30,-0.005835026281528327,-0.0033634229787829497
2026-07-01,-0.0009133374930139361,0.0002207968192928292
