date,ew_ret,ew_gap,ew_o2c,turnover_tril,n,tv_ratio,dd20,dd20_prev,prev_ret,fwd1,fwd2,fwd3,fwd5,fwd10,fwd20,nx_gap,nx_o2c
2016-05-11,0.28206279145039387,0.7961190076858216,-0.5088643770727344,2.697414502984,1315,,,,,0.06404164894726616,-0.8801643748224008,-1.9386142157480246,-1.5502971165842538,0.26840429569836566,1.510406526679331,-0.5903697031092848,0.6572144022677582
2016-05-12,0.06404164894726122,-0.5903697031092848,0.6572144022677582,2.664485492102,1342,,,,0.28206279145039387,-0.9436017256650664,-2.001374151686952,-0.6979815845023052,-1.157379434575112,-0.05899368740441835,1.120042395217058,0.19248834061550574,-1.1296406317860501
2016-05-13,-0.9436017256650717,0.19248834061550574,-1.1296406317860501,3.034462452482,1339,,,,0.06404164894726122,-1.067848664447102,0.24795989501105176,-0.6760833868772353,0.774015686475904,1.121016355130755,1.7529172548128802,-0.011915496163577455,-1.0500483283616786
2016-05-16,-1.0678486644471012,-0.011915496163577455,-1.0500483283616786,2.485581490978,1352,,,,-0.9436017256650717,1.3300110648511554,0.3959938930682805,0.861231175239352,2.3581408900324563,3.913907148179696,-0.682921600689923,0.30649879318596973,1.0237595998347169
2016-05-17,1.3300110648511472,0.30649879318596973,1.0237595998347169,2.375448211654,1356,,,,-1.0678486644471012,-0.9217576924817505,-0.4626269006442585,0.5247546104836465,0.2443991981561533,3.506046452040179,-4.716217850145177,-0.0053522223185712816,-0.9041636501969097
2016-05-18,-0.9217576924817513,-0.0053522223185712816,-0.9041636501969097,3.040366920167,1356,,,,1.3300110648511472,0.46340223760978905,1.4599696858526245,1.9544076619770978,1.8473406816029936,3.498326595248802,-3.043283604752134,0.7021631964290598,-0.23754572650120687
2016-05-19,0.4634022376097827,0.7021631964290598,-0.23754572650120687,2.417736127075,1357,,,,-0.9217576924817513,0.9919706341278589,1.4841279422738163,0.7103121940888357,1.1112470924864448,1.0243084865539487,-7.202461158969875,-0.1738158034188772,1.1677488243652305
2016-05-20,0.9919706341278622,-0.1738158034188772,1.1677488243652305,2.340794986288,1348,,,,0.4634022376097827,0.48732320505846527,-0.2788919141497148,0.3817968770834179,0.34433545819434475,0.8395479747362433,-7.521103693500075,0.018712615728081333,0.46541025374986517
2016-05-23,0.4873232050584687,0.018712615728081333,0.46541025374986517,2.234641713284,1339,,,,0.9919706341278622,-0.7624992832624522,-0.1050145676183667,-0.3674277518544211,1.519924301691522,-0.06591123777974772,-5.445767962736081,-0.21363846142404586,-0.5493893253120703
2016-05-24,-0.7624992832624551,-0.21363846142404586,-0.5493893253120703,2.06750031366,1337,,,,0.4873232050584687,0.6625365521052418,0.39810709515519793,0.6249703641555193,3.2536952487855375,1.2579569701131499,-4.052029001935842,1.2197394805585229,-0.5450665155243986
2016-05-25,0.6625365521052344,1.2197394805585229,-0.5450665155243986,2.244955066448,1334,,,,-0.7624992832624551,-0.262689046001896,-0.037318936355512644,1.6266470857136062,1.6210397862101544,1.2386775671807904,-5.939747365790515,0.5681879923221862,-0.826526267134846
2016-05-26,-0.26268904600190984,0.5681879923221862,-0.826526267134846,2.28086921918,1333,,,,0.6625365521052344,0.2259636915119323,1.894312282578925,2.84426493312655,-0.08598312100036587,1.1797320500593012,-5.008254974048221,0.10430336253084482,0.12096014414097175
2016-05-27,0.22596369151193793,0.10430336253084482,0.12096014414097175,1.991708252471,1334,,,,-0.26268904600190984,1.6645872283174379,2.612398170272079,1.6589778354482387,0.4935131756871547,0.6248957164976643,-12.01693432025528,0.5596935428530604,1.0998989911256176
2016-05-30,1.664587228317428,0.5596935428530604,1.0998989911256176,1.954963962398,1325,,,,0.22596369151193793,0.9322921262898021,-0.005517548462186106,-1.9434798265161368,-1.5620929097214131,-4.4236896436918745,-11.070045221265234,0.04984621708155971,0.8870798818028319
2016-05-31,0.9322921262898062,0.04984621708155971,0.8870798818028319,3.36649592795,1322,,,,1.664587228317428,-0.9291473075619616,-2.849209001622288,-2.064940526064807,-1.9328492543184472,-7.943752644436253,-11.292001840064403,-0.5207936024547947,-0.398697410843216
2016-06-01,-0.9291473075619745,-0.5207936024547947,-0.398697410843216,2.650170726266,1327,,,,0.9322921262898062,-1.938069211961957,-1.1464453849295841,-1.5566612507981192,-0.37626284855357683,-6.320498519346329,-8.812203100149086,-0.5740954489623054,-1.3729191978100144
2016-06-02,-1.9380692119619514,-0.5740954489623054,-1.3729191978100144,2.680456623506,1321,,,,-0.9291473075619745,0.8072692640974655,0.38894600391690126,0.9432344686922223,1.266804409027511,-8.143356553258451,-6.820317846688995,0.11731675511083584,0.6859874637961059
2016-06-03,0.8072692640974696,0.11731675511083584,0.6859874637961059,2.178409796567,1327,,,,-1.9380692119619514,-0.41497330820918776,0.13487638896212406,0.7791146604439803,0.13073733483754957,-8.291044373117318,-6.234940657088783,-1.4924154824922866,1.1019296417717408
2016-06-06,-0.4149733082092039,-1.4924154824922866,1.1019296417717408,2.213578681878,1327,,,,0.8072692640974696,0.5521409346739059,1.1990637632189438,0.8744572386250038,-2.907006882365004,-5.38340499382246,-4.952182723854137,0.34875893061113883,0.20529633585271112
2016-06-07,0.5521409346738995,0.34875893061113883,0.20529633585271112,2.193929139058,1325,,-1.9328492543184472,,-0.4149733082092039,0.64337051656147,0.3205464358640553,-0.004133479037315979,-6.129374968490653,-5.244018476114675,-6.049312498443394,0.21439290129768485,0.4268594645314439
2016-06-08,0.6433705165614706,0.21439290129768485,0.4268594645314439,2.291970936939,1320,0.933327505517095,-1.3019141199888562,-1.9328492543184472,0.5521409346738995,-0.32076040283675056,-0.6433647763140371,-4.0574195974689475,-5.966686093853735,-7.090595319370696,-8.12840160575583,-0.1947543448445194,-0.12617899880616346
2016-06-09,-0.32076040283676205,-0.1947543448445194,-0.12617899880616346,2.286386522194,1312,0.9388034120761187,-1.6184984978497408,-1.3019141199888562,0.6433705165614706,-0.32364249043334015,-3.7486834868858065,-6.429312472373949,-9.292443873588919,-6.115836540312214,-8.787163836044131,0.2420365644133521,-0.5635076108863326
2016-06-10,-0.32364249043335264,0.2420365644133521,-0.5635076108863326,2.879215878456,1305,1.1914713165101807,-1.9369028394370158,-1.6184984978497408,-0.32076040283676205,-3.4361618763243174,-6.125494685492083,-5.357791460585459,-8.4107856709298,-12.563322373391816,-9.93399161637656,-1.6699100959133724,-1.7996439529107344
2016-06-13,-3.4361618763243187,-1.6699100959133724,-1.7996439529107344,2.344131014132,1298,0.9731695823355943,-5.30650959881116,-1.9369028394370158,-0.32364249043335264,-2.7850309820156127,-1.990009533175341,-5.759672269986849,-2.5505425591907716,-6.95397798135936,-3.5459059342073274,-0.6166675858588103,-2.1920695298796153
2016-06-14,-2.7850309820156145,-0.6166675858588103,-2.1920695298796153,2.614978481935,1300,1.0888092516944015,-7.943752644436253,-5.30650959881116,-3.4361618763243187,0.817797358648753,-3.05985931798316,-2.4344106824119027,0.9431667170414437,-3.637177586324669,1.254615870934317,-0.5998341338092678,1.4404033020537146
2016-06-15,0.8177973586487494,-0.5998341338092678,1.4404033020537146,2.435314487858,1308,1.0089703795581222,-7.190919085091285,-7.943752644436253,-2.7850309820156145,-3.8462025339013883,-3.225827310520646,-0.5719141725711863,-1.1952245207892287,-2.6598183609221393,1.1736934937294663,-0.25968253477592335,-3.5988937692179297
2016-06-16,-3.8462025339013852,-0.25968253477592335,-3.5988937692179297,2.734067009481,1307,1.1471238934141563,-10.760544306931097,-7.190919085091285,0.8177973586487494,0.6451905590098672,3.405261620046396,4.129379230173957,3.502031659688587,1.4403299063900032,5.934617989512936,1.5048863243043773,-0.8392294526846928
2016-06-17,0.6451905590098616,1.5048863243043773,-0.8392294526846928,2.937422630763,1312,1.224320461506273,-10.184779763887619,-10.760544306931097,-3.8462025339013852,2.7423775003120987,3.4618531216563664,2.0982900016588424,-4.533870863377432,2.2419879301578627,4.469411566377346,1.5113144481022143,1.2112838574632045
2016-06-20,2.742377500312098,1.5113144481022143,1.2112838574632045,2.291395060841,1318,0.9433264910558683,-7.721707372276709,-10.184779763887619,0.6451905590098616,0.7002715323986664,-0.6268956533065473,0.09358328398971771,-4.518686443014053,0.45575754437174876,2.788022316277039,-0.584407559135238,1.2984384207477129
2016-06-21,0.7002715323986579,-0.584407559135238,1.2984384207477129,2.25697111806,1318,0.928070579702844,-7.075508758421223,-7.721707372276709,2.742377500312098,-1.3179380407909003,-0.6024693272190129,-7.72818555224597,-4.537547664029096,-0.849860884112863,2.2671957263264764,-0.29587834235630545,-1.0213386326577996
2016-06-22,-1.3179380407909014,-0.29587834235630545,-1.0213386326577996,2.070136278787,1321,0.8479405743563355,-8.300195977705393,-7.075508758421223,0.7002715323986579,0.7250240817501696,-6.49585890706742,-3.91634216853064,-1.4823107820745696,-1.117008864659641,4.281884299646244,-0.12774517005371802,0.853843701131662
2016-06-23,0.7250240817501713,-0.12774517005371802,0.853843701131662,1.975930224538,1322,0.8122613681115367,-7.635350315626055,-8.300195977705393,-1.3179380407909014,-7.168906688924681,-4.607957449098043,-3.9589296737807866,-1.9919432693624728,-2.8453438762107597,2.8015578328198565,1.1130393114808472,-8.16411024997521
2016-06-24,-7.1689066889246815,1.1130393114808472,-8.16411024997521,4.5653972172,1317,1.888571149045522,-14.256885865050982,-7.635350315626055,0.7250240817501713,2.758719248565722,3.4578683721706582,5.3618460812446145,7.097657415059011,3.0071256461088547,10.668598206751634,1.3874907083305923,1.3481417664651396
2016-06-27,2.758719248565713,1.3874907083305923,1.3481417664651396,2.745128646599,1327,1.0781843651890635,-11.89147407109048,-14.256885865050982,-7.1689066889246815,0.680379367043038,2.533241803434838,2.74238197419836,5.209861282874906,3.6627810337440003,6.21901426608098,-1.4699869925204412,2.1860981003191102
2016-06-28,0.6803793670430277,-1.4699869925204412,2.1860981003191102,2.922555911017,1334,1.130331427041323,-10.460043747350756,-11.89147407109048,2.758719248565713,1.8403411350258692,2.048067975228851,3.5181365131116804,3.8629709269753176,5.0764323156279545,6.328050402432894,1.3651751343431628,0.4760472315857154
2016-06-29,1.8403411350258694,1.3651751343431628,0.4760472315857154,2.642396133553,1332,1.0308260565677132,-8.467801442512958,-10.460043747350756,0.6803793670430277,0.20397304043549003,1.6474761959617723,2.610489468938648,0.37079830060453567,3.9382624832833057,3.3205701909648777,1.3476459543355783,-1.1199457795635515
2016-06-30,0.2039730404354927,1.3476459543355783,-1.1199457795635515,2.721273604643,1336,1.0617579865993074,-8.281100434137812,-8.467801442512958,1.8403411350258694,1.4405647917211661,2.4016177757064217,1.7784785030785955,-0.8707453604490434,4.430474632003167,4.185403600428672,0.8610307365876382,0.5796565976228119
2016-07-01,1.4405647917211677,0.8610307365876382,0.5796565976228119,2.229433750372,1335,0.8691649759311256,-6.959830259637901,-8.281100434137812,0.2039730404354927,0.9474050011043511,0.33311497432140236,-1.2559858278192504,-3.819440936132912,2.1785801325978182,2.3446772669069027,-0.23011912668202122,1.1786800775557
2016-07-04,0.9474050011043458,-0.23011912668202122,1.1786800775557,1.989419603839,1330,0.7748226387221022,-6.078363038481738,-6.959830259637901,1.4405647917211677,-0.6085248320907621,-2.1827117090325365,-3.1956166389119245,-1.4704707622143154,2.321683524087814,0.4909698031913212,-0.1329136940038349,-0.47766634888702086
2016-07-05,-0.6085248320907584,-0.1329136940038349,-0.47766634888702086,1.930404014629,1323,0.7551340334035956,-6.649899522098712,-6.078363038481738,0.9474050011043458,-1.5838248444168812,-2.6029312900835877,-4.138769050992874,1.1683291723917577,3.143774318658421,-1.2184872965366966,-1.7060298960888287,0.12627717861425206
2016-07-06,-1.583824844416874,-1.7060298960888287,0.12627717861425206,2.786647468104,1319,1.0957264013488617,-7.832765613454051,-6.649899522098712,-0.6085248320907584,-1.0355070638090047,-2.596061269945682,0.7281340131813918,3.5542849544689448,5.459880513643101,0.8858448810385999,-0.017300111369323003,-1.0077330393976
2016-07-07,-1.0355070638090076,-0.017300111369323003,-1.0077330393976,2.294691281259,1313,0.8935956413583305,-8.491001835413659,-7.832765613454051,-1.583824844416874,-1.5768829403722262,1.782094794470912,3.8720471903600284,5.347785587340725,5.812281093183658,1.1926643472113252,0.16831839526649967,-1.739893451534633
2016-07-08,-1.576882940372224,0.16831839526649967,-1.739893451534633,2.502912955299,1301,0.9745234682255172,-6.729050818930837,-8.491001835413659,-1.0355070638090076,3.4127934932279835,5.5362299970962425,6.314268503514753,6.236209403553006,7.437808319168648,3.693693464304193,2.1365400086137014,1.249963102325728
2016-07-11,3.4127934932279818,2.1365400086137014,1.249963102325728,2.55793211391,1299,1.0032954184217482,-1.7097138920066146,-6.729050818930837,-1.576882940372224,2.053359581672365,2.8057215285232306,3.5032593896500597,3.848749015282893,2.4659122655650956,1.2758429125593773,1.790230222903552,0.25813826971593085
2016-07-12,2.053359581672372,1.790230222903552,0.25813826971593085,3.229671062097,1292,1.2614816531257467,0.0,-1.7097138920066146,3.4127934932279818,0.7372240854538026,1.4207271704929525,0.6632598174826088,1.9526319772470213,1.191150155389109,-0.8341991297242779,1.9197041191954374,-1.157342121279376
2016-07-13,0.737224085453797,1.9197041191954374,-1.157342121279376,3.383813041863,1293,1.3060099478592548,0.0,0.0,2.053359581672372,0.678501012157473,-0.07342297610707371,1.0145617104299731,1.8401899641449226,-0.5942876834387767,-0.5608121676488609,0.00711004690699265,0.6708340080459374
2016-07-14,0.6785010121574764,0.00711004690699265,0.6708340080459374,2.911916353758,1290,1.1036758927605235,0.0,0.0,0.737224085453797,-0.7468565589527021,0.3337958897817739,0.52445374983352,0.4409162501644026,-0.2346738654957603,-1.5404002649924031,0.35992372210355794,-1.1099754959803394
2016-07-15,-0.7468565589526938,0.35992372210355794,-1.1099754959803394,3.518919363918,1286,1.3292622748626726,-0.7468565589527021,0.0,0.6785010121574764,1.0887841042297453,1.2808766198335375,1.915019004197882,1.1310634315379264,0.16255572752483793,-1.891965137635121,0.4849329974304563,0.5975570531038688
2016-07-19,1.0887841042297344,0.4849329974304563,0.5975570531038688,3.379388209828,1281,1.2626867447527739,0.0,-0.7468565589527021,-0.7468565589526938,0.1900235691881802,0.8173358768627015,0.10676398658364672,-1.331587296746628,-1.7891747456105223,-2.844600825801158,-0.3932245865859109,0.5847250420598442
2016-07-20,0.19002356918817748,-0.3932245865859109,0.5847250420598442,3.054051432921,1289,1.1183941701686364,0.0,0.0,1.0887841042297344,0.6261225273006543,-0.08310166984544232,-0.14791853437242652,-0.7468976593246301,-4.229301907954309,-4.291187236343275,0.9798712597477152,-0.3548323621939685
2016-07-21,0.6261225273006479,0.9798712597477152,-0.3548323621939685,2.977675349981,1290,1.0747398927349971,0.0,0.0,0.19002356918817748,-0.7048112153518304,-0.7692247720894496,-2.131501645941125,-2.3904881250131127,-4.3372281575956855,-4.613169768971803,-1.1262196633655748,0.4315835087392574
2016-07-22,-0.704811215351829,-1.1262196633655748,0.4315835087392574,2.781131378404,1290,0.9876254324568082,-0.7048112153518304,0.0,0.6261225273006479,-0.06487077322278045,-1.4368172799222978,-0.6643480738221186,-0.6726244053543828,-4.36586065270067,-3.1180956255479675,0.2543962290918561,-0.3227733340670705
2016-07-25,-0.06487077322278516,0.2543962290918561,-0.3227733340670705,2.288022793952,1290,0.8010616896361558,-0.7692247720894496,-0.7048112153518304,-0.704811215351829,-1.3728370767262854,-0.5998664385963637,-1.6338311871493483,-0.9576757834339866,-3.4849136569704675,-3.379760180940772,-0.5236394216945975,-0.848087082765803
2016-07-26,-1.3728370767262907,-0.5236394216945975,-0.848087082765803,2.651195485861,1280,0.9667536607196796,-2.131501645941125,-0.7692247720894496,-0.06487077322278516,0.7837299737915471,-0.2646270081053559,0.7753329929881092,-0.4637628561433349,-1.1614295200157554,-1.4977915134993247,0.6981750687681081,0.0788189471150679
2016-07-27,0.7837299737915565,0.6981750687681081,0.0788189471150679,2.94581483626,1282,1.0760289135470795,-1.36447688944068,-2.131501645941125,-1.3728370767262907,-1.040204586761706,-0.008331682907170013,-0.35996867611508554,-3.5086099744033317,-2.001508315700795,-2.4497554999612925,-0.47077515050933033,-0.5729689696671447
2016-07-28,-1.0402045867617071,-0.47077515050933033,-0.5729689696671447,2.645744460783,1284,0.9660107185914929,-2.3904881250131127,-1.36447688944068,0.7837299737915565,1.0427193180277072,0.6873861327280073,-0.1996642134723392,-1.9944163178234664,0.03367564600644801,-2.4423126695597763,-0.16319203402973612,1.217122718131833
2016-07-29,1.042719318027715,-0.16319203402973612,1.217122718131833,3.944246599436,1286,1.4400300777316166,-1.3726948884600798,-2.3904881250131127,-1.0402045867617071,-0.35166629292834317,-1.2295626442808794,-3.500569947884158,-3.7182460779174975,-1.3087978058992755,-2.1091426179353556,-1.057198727203768,0.7216829400595552
2016-08-01,-0.3516662929283412,-1.057198727203768,0.7216829400595552,2.856447838516,1292,1.0201047190224086,-1.7195338761609502,-1.3726948884600798,1.042719318027715,-0.8809945120941243,-3.160016367370888,-2.663493962407837,-2.5516746436709425,-2.051186543950545,-1.6979827198527642,-0.6918265846130844,-0.19153165320067253
2016-08-02,-0.880994512094127,-0.6918265846130844,-0.19153165320067253,2.39521818872,1297,0.8459178026276716,-2.585379389172504,-1.7195338761609502,-0.3516662929283412,-2.2992783715478637,-1.7983427512609729,-2.5196642844393713,-0.7009172577662426,-1.0746535093833276,0.06441484859731617,-1.399884093558942,-0.912956781266625
2016-08-03,-2.2992783715478637,-1.399884093558942,-0.912956781266625,2.862409022118,1297,1.0037228556135087,-4.825212691602665,-2.585379389172504,-0.880994512094127,0.5127245857936558,-0.22557245148056015,0.6281927163554135,1.5619027338115377,-0.06461822835360786,2.9373428772541565,0.3664991518744818,0.1418906482365648
2016-08-04,0.5127245857936662,0.3664991518744818,0.1418906482365648,2.86922644561,1298,0.9899371749604987,-4.3372281575956855,-4.825212691602665,-2.2992783715478637,-0.7345309166741809,0.11487911708452092,1.1175223761397568,2.069363690957471,-0.28845245236119865,2.37615045889803,0.08346202759111117,-0.8143951327057021
2016-08-05,-0.7345309166741789,0.08346202759111117,-0.8143951327057021,2.472653941082,1299,0.8518986051043907,-5.039900792525631,-4.3372281575956855,0.5127245857936662,0.8556953808838363,1.865757861134254,1.7915163526474265,2.502497278942495,1.3047276167994726,3.737596674040611,1.0352785135393172,-0.18632652905984912
2016-08-08,0.8556953808838306,1.0352785135393172,-0.18632652905984912,2.519597243065,1297,0.8654188121060813,-4.227331609924567,-5.039900792525631,-0.7345309166741789,1.0014927530229034,0.9278811357449346,1.952241855665826,0.5135933305065121,0.1089502999105818,4.065025588568338,-0.05836312017818835,1.0610819254339026
2016-08-09,1.0014927530229052,-0.05836312017818835,1.0610819254339026,2.474373639245,1296,0.8496421825740194,-3.268175276621299,-4.227331609924567,0.8556953808838306,-0.07288171221189188,0.9413218327057438,0.6250769946425594,-0.3763743242092721,-0.3403145066243951,3.4056228591085036,-0.3692937546401401,0.2931920149073589
2016-08-10,-0.07288171221189743,-0.3692937546401401,0.2931920149073589,2.352371949712,1294,0.8089101122842228,-3.3386750867335,-3.268175276621299,1.0014927530229052,1.0149432529383606,0.6984677621187263,-0.41047904758964027,-1.6015069808490767,-0.45740212584548523,3.2986534098873532,0.6606896737672788,0.3566054510941581
2016-08-12,1.0149432529383584,0.6606896737672788,0.3566054510941581,2.44884826866,1292,0.8549818335049815,-2.357617491325481,-3.3386750867335,-0.07288171221189743,-0.3132957170774109,-1.4111004319022236,-1.3054080657858735,-2.310013561422408,-2.475154791200629,2.3275830763375804,-0.1800730377052722,-0.1311746164346053
2016-08-15,-0.31329571707741527,-0.1800730377052722,-0.1311746164346053,1.771509650724,1279,0.6287606534745279,-2.6635268937774903,-2.357617491325481,1.0149432529383584,-1.1012548992583082,-0.9952303628102066,-2.2840215884923576,-1.1685272982993822,-0.8109586206701658,1.172466289305052,0.1687242373965999,-1.2635487865484858
2016-08-16,-1.1012548992583047,0.1687242373965999,-1.2635487865484858,2.291452772599,1269,0.8301034832347174,-3.735449572625016,-2.6635268937774903,-0.31329571707741527,0.10720513828572642,-1.1959370040835693,-0.9117792504614419,-0.4025754300369999,0.3606004112099548,2.710705506143962,-0.21650745118780546,0.3265244498849755
2016-08-17,0.10720513828571844,-0.21650745118780546,0.3265244498849755,2.327661412274,1261,0.8623941935205987,-3.6322490282192144,-3.735449572625016,-1.1012548992583047,-1.3017466031232772,-1.017893154982763,-0.1750389765303617,0.03619605022429084,1.1514423738598456,1.4281796735411856,-0.6290090598043245,-0.6765531108482865
2016-08-18,-1.3017466031232812,-0.6290090598043245,-0.6765531108482865,2.487134482329,1262,0.939788702548099,-4.886712953000671,-3.6322490282192144,0.10720513828571844,0.28759723538278603,1.1415679485859753,0.8029645239177485,1.1627259929487987,3.0039021739740823,1.9072326103240833,0.33050691305576774,-0.04364054053606691
2016-08-19,0.2875972353827871,0.33050691305576774,-0.04364054053606691,2.250529504051,1266,0.859592025288693,-3.9361006323241354,-4.886712953000671,-1.3017466031232812,0.8515217601622771,0.5138893569514469,1.0649290450621685,-0.16904622039439765,2.672311258619442,2.3865116481495585,0.385450629098439,0.4709805959735171
2016-08-22,0.8515217601622751,0.385450629098439,0.4709805959735171,1.846478305112,1258,0.715195975569859,-3.0552067885925127,-3.9361006323241354,0.2875972353827871,-0.3347816644886814,0.21160541871385607,0.02091923705749288,0.36179636694118056,2.401535559568191,1.6835058211294607,-0.2773241575906087,-0.05760982710968738
2016-08-23,-0.33478166448868146,-0.2773241575906087,-0.05760982710968738,2.089695359532,1253,0.8243221880187677,-2.79667002723607,-3.0552067885925127,0.8515217601622751,0.5482224313834161,0.35689572298807093,-0.6794439870101532,0.7662606182259779,3.9517698235831844,4.029167248383092,0.319202267469035,0.23005593372471173
2016-08-24,0.5482224313834098,0.319202267469035,0.23005593372471173,1.814036125928,1250,0.7183930285089994,-2.2637795682737383,-2.79667002723607,-0.33478166448868146,-0.19028353139302068,-1.2209727717776064,0.14987380713020748,1.1148427945777195,3.7587288653262885,4.283640554294776,0.04776721917813351,-0.2395067299680939
2016-08-25,-0.19028353139301474,0.04776721917813351,-0.2395067299680939,1.921887959885,1247,0.7739335727812371,-2.4416272456940113,-2.2637795682737383,0.5482224313834098,-1.0326542112849002,0.34080583590296865,0.4079090851592859,1.8200144005150687,3.773314757649171,3.8313778117986974,-0.22499812239398592,-0.8068988404405049
2016-08-26,-1.032654211284904,-0.22499812239398592,-0.8068988404405049,2.366328205965,1236,0.9729663266197068,-3.4490678904023686,-2.4416272456940113,-0.19028353139301474,1.3877911307433433,1.455594554914752,2.364687760042994,2.8461688198298196,4.9246300850369185,5.969112519518638,1.5001180490635633,-0.11439208340252864
2016-08-29,1.387791130743339,1.5001180490635633,-0.11439208340252864,2.037943741625,1228,0.8427853423446802,-1.7636785881170125,-3.4490678904023686,-1.032654211284904,0.0668753342145223,0.9635249159732906,1.474184457947425,2.032386093578231,1.999641172445621,4.130425130006565,-0.1427374000783761,0.2079736254032055
2016-08-30,0.06687533421453334,-0.1427374000783761,0.2079736254032055,1.883347654768,1221,0.8108126392419076,-1.055588454652301,-1.7636785881170125,1.387791130743339,0.8960503450957447,1.4063686100246553,1.370623543251126,3.1612855193924316,2.341661055538613,4.771926503891799,0.5877755309878634,0.30228941836273493
2016-08-31,0.8960503450957396,0.5877755309878634,0.30228941836273493,2.463253592281,1215,1.083160578649349,-0.16899671354726475,-1.055588454652301,0.06687533421453334,0.5057861662408625,0.47035854875605576,1.0586607178131757,2.6147358762351303,0.2735871018610947,2.5675715743271432,0.08214864647946458,0.4229842034031072
2016-09-01,0.5057861662408707,0.08214864647946458,0.4229842034031072,2.17726345415,1217,0.9559728288625874,0.0,-0.16899671354726475,0.8960503450957396,-0.03524933124368079,0.5500922610145453,1.7305785952326014,1.9183854654063248,-1.0646873958208958,2.7246060317124288,-0.20670927125842364,0.17233719988347881
2016-09-02,-0.03524933124368305,-0.20670927125842364,0.17233719988347881,2.119799057414,1209,0.9449553130544269,-0.03524933124368079,0.0,0.5057861662408707,0.5855479940102271,1.766450588495494,2.1343382848966863,2.020941848449631,-0.2783609397376874,3.4037284209018415,0.9918505595563697,-0.40296148174088375
2016-09-05,0.5855479940102291,0.9918505595563697,-0.40296148174088375,2.060008385925,1206,0.9339018132100809,0.0,-0.03524933124368079,-0.03524933124368305,1.174028096516988,1.539774174097741,1.360807507605144,-0.03209267408739169,-0.7011904016039461,3.3532414050733594,0.06164180338288258,1.123698709734807
2016-09-06,1.1740280965169791,0.06164180338288258,1.123698709734807,1.892604767833,1205,0.8661108920717104,0.0,0.0,0.5855479940102291,0.3615019431981503,0.18461201417221407,0.25007382932438205,-0.7945078037048581,0.07445512946173682,2.361049766427925,-0.7926870374494993,1.1649108911512018
2016-09-07,0.3615019431981401,-0.7926870374494993,1.1649108911512018,2.392668082999,1195,1.110891790949541,0.0,0.0,1.1740280965169791,-0.17625277183082044,-0.11102675001500861,-1.5480306716952552,-2.281493739064655,0.5058964144113443,1.813265166941358,0.08291823357254736,-0.24870144926850873
2016-09-08,-0.17625277183082044,0.08291823357254736,-0.24870144926850873,2.421556994321,1196,1.1264412040100025,-0.17625277183082044,0.0,0.3615019431981401,0.0653411874698806,-1.3741999653939407,-0.977315575907578,-2.9269231921258743,0.05595181601851795,2.297019895513941,-0.06651403943214851,0.13583139585830795
2016-09-09,0.06534118746988297,-0.06651403943214851,0.13583139585830795,2.413500642378,1198,1.1208899342573322,-0.11102675001500861,-0.17625277183082044,-0.17625277183082044,-1.438601153786978,-1.0419759239356008,-2.1728794665030526,-2.2537556961617633,0.9954597253621245,1.2005734774331422,-1.369190946802971,-0.07130454670396572
2016-09-12,-1.438601153786978,-1.369190946802971,-0.07130454670396572,2.132736882202,1203,0.9913099197899422,-1.5480306716952552,-0.11102675001500861,0.06534118746988297,0.40241436758647886,-0.7449958313414218,-1.574358054573055,-0.6693125278047218,2.0890112289302376,2.887475355581981,0.5517604694576763,-0.15062798660192311
2016-09-13,0.4024143675864834,0.5517604694576763,-0.15062798660192311,1.947201357169,1212,0.8975369490847224,-1.1518458019463274,-1.5480306716952552,-1.438601153786978,-1.142811361813545,-1.9688494889398833,-1.2245391756152246,0.8759222034272041,2.3746589837293497,2.6561874082279724,-0.6727893061119048,-0.4687993231855913
2016-09-14,-1.1428113618135454,-0.6727893061119048,-0.4687993231855913,2.04084955718,1216,0.9482259984219894,-2.281493739064655,-1.1518458019463274,0.4024143675864834,-0.8355873138873204,-0.08267260573311397,0.07625137308753249,2.8524690564066812,2.287725550434083,4.444143962460223,-0.5412022330897376,-0.29445283612631123
2016-09-15,-0.8355873138873197,-0.5412022330897376,-0.29445283612631123,2.168567377187,1219,1.0143250765987764,-3.098017180701207,-2.281493739064655,-1.1428113618135454,0.7592589798695482,0.919522096965486,2.901905850881681,3.072813911161032,3.8300717183697097,5.928762004725141,0.35817194410996706,0.4032006863108876
2016-09-16,0.7592589798695392,0.35817194410996706,0.4032006863108876,2.335321824609,1218,1.1005219992772517,-2.3622801744740407,-3.098017180701207,-0.8355873138873197,0.1590554741256689,2.1265012195456956,2.937570227992503,3.32413326431642,3.6923674694259834,5.7208137217082955,-0.48729082180846417,0.6488106738858299
2016-09-20,0.15905547412567522,-0.48729082180846417,0.6488106738858299,2.29713936539,1222,1.0803699944693406,-2.2069820362800585,-2.3622801744740407,0.7592589798695392,1.964321384728196,2.7741023921542762,2.1336722265951957,2.7769099630032157,4.083061844421931,6.279313143236087,-0.05761326397674848,2.027928210988949
2016-09-21,1.9643213847282048,-0.05761326397674848,2.027928210988949,3.098332301118,1226,1.4418992836147357,-0.2860128716476229,-2.2069820362800585,0.15905547412567522,0.7941807452144234,0.1660883332200047,1.1726946781385639,1.4857230026406043,2.284893416614797,3.792079859835873,-0.0839739750973288,0.877126000462222
2016-09-23,0.7941807452144258,-0.0839739750973288,0.877126000462222,2.483629831344,1229,1.1293243992876296,0.0,-0.2860128716476229,1.9643213847282048,-0.6231435260951157,0.3755315337905518,0.002731788245857736,-0.5490811364604831,1.3007881121117393,3.1049112297760084,0.06931878067902754,-0.6861845597443914
2016-09-26,-0.6231435260951179,0.06931878067902754,-0.6861845597443914,1.950976431388,1236,0.8738204898091088,-0.6231435260951157,0.0,0.7941807452144258,1.0049372613712304,0.6297998714673847,1.3174465444139027,0.7346823846891004,2.2398148624044545,3.7574474627066534,-0.8511670598317674,1.8769015954422898
2016-09-27,1.004937261371222,-0.8511670598317674,1.8769015954422898,2.649289538919,1244,1.1858146451280254,0.0,-0.6231435260951157,-0.6231435260951179,-0.3714050026417004,0.3094000070847924,-0.921153448577039,0.3563874125782185,0.20309205248314477,3.2045495490569564,-0.5349260375937823,0.16363851761361772
2016-09-28,-0.37140500264169857,-0.5349260375937823,0.16363851761361772,2.076014841343,1246,0.9233711089435279,-0.3714050026417004,0.0,1.004937261371222,0.6833429797384438,-0.5517978507575183,0.10422609739428879,1.2708612098660144,0.7821254384188459,3.4652038045069666,0.5725200532377123,0.10843930441896918
2016-09-29,0.683342979738448,0.5725200532377123,0.10843930441896918,2.18942594323,1256,0.9729903696928335,0.0,-0.3714050026417004,-0.37140500264169857,-1.2267578667352397,-0.5751863865512519,0.046842474872854645,0.7874707794646163,0.274998156080164,3.3640771226316923,-1.1869357281205775,-0.03449510469077182
2016-09-30,-1.2267578667352368,-1.1869357281205775,-0.03449510469077182,2.36257994003,1269,1.0428482137206887,-1.2267578667352397,0.0,0.683342979738448,0.6596639597036713,1.2894183830573835,1.8327722585555373,1.8600826113135405,2.108188837342828,4.612942232167128,0.7817481958431515,-0.11961983467258328
2016-10-03,0.6596639597036641,0.7817481958431515,-0.11961983467258328,1.882517819844,1280,0.8327980674905755,-0.5751863865512519,-1.2267578667352397,-1.2267578667352368,0.6256273849730043,1.1654204402286483,1.3705403274012706,1.4941551827875044,2.0212740409617957,3.749335680735144,0.28081536250169264,0.3539843962840764
2016-10-04,0.6256273849729964,0.28081536250169264,0.3539843962840764,2.042746663882,1287,0.9096112014267762,0.0,-0.5751863865512519,0.6596639597036641,0.5364369587386619,0.7402815383981576,0.5633996496040794,-0.15275097484812594,1.9562155844116358,1.0816021422916045,0.28097696195573874,0.25899317439665787
2016-10-05,0.536436958738657,0.28097696195573874,0.25899317439665787,2.187205087232,1299,0.9756105337530382,0.0,0.0,0.6256273849729964,0.20275691662232642,0.02681882477741926,0.32494773523239484,-0.4826025626802566,2.1100948222458893,-0.6154932248505607,0.5178382565050171,-0.31129429444033946
2016-10-06,0.2027569166223275,0.5178382565050171,-0.31129429444033946,2.173536627007,1309,0.9667711067037756,0.0,0.0,0.536436958738657,-0.1755820870191327,0.1219435695883675,-0.8864701384677875,-0.5084685818793844,1.4735181245994822,0.2170271479446928,-0.07232046868447477,-0.10376271858874302
2016-10-07,-0.17558208701913536,-0.07232046868447477,-0.10376271858874302,1.903058832306,1319,0.8412091084309998,-0.1755820870191327,0.0,0.2027569166223275,0.29804897722203183,-0.7121384389822905,-0.5092848032586694,0.2435755201338763,1.7809566453398151,0.07683418840953582,0.26364333433151543,0.03346145748216856
2016-10-11,0.2980489772220335,0.26364333433151543,0.03346145748216856,2.16172651709,1317,0.9660011813091824,0.0,-0.1755820870191327,-0.17558208701913536,-1.0071855100927563,-0.8049346808969848,-0.6296443406829999,0.5193588312794706,1.4843851217303694,-4.615629793353449,-0.8382354172814401,-0.1687410830553081
2016-10-12,-1.0071855100927565,-0.8382354172814401,-0.1687410830553081,2.095031126836,1312,0.9416641047285987,-1.0071855100927563,0.0,0.2980489772220335,0.20430859576823224,0.381382397656993,0.9625687814102335,2.1121929545885765,2.9953741297741088,1.2201130565199447,0.42836122355979295,-0.21734646365789076
2016-10-13,0.20430859576824204,0.42836122355979295,-0.21734646365789076,2.193105542387,1313,0.9928521476959521,-0.8049346808969848,-1.0071855100927563,-1.0071855100927565,0.1767127625251108,0.7567141535808508,1.3350397098044198,2.6052704870614507,2.662256183243117,0.03072121487666113,-0.22855208726979662,0.4076030699240752
2016-10-14,0.17671276252510587,-0.22855208726979662,0.4076030699240752,2.187263863315,1307,0.9888562683543612,-0.6296443406829999,-0.8049346808969848,0.20430859576824204,0.5789782625735151,1.1562836465049298,1.7242346295601285,1.9921159904046748,3.0806073531343348,1.4882315260642764,0.09400423305462316,0.48345082391164707
2016-10-17,0.5789782625735064,0.09400423305462316,0.48345082391164707,1.862672086272,1307,0.8375640657404786,-0.05431158197357622,-0.6296443406829999,0.17671276252510587,0.5739821520400534,1.1386637513823183,1.8346731024424967,1.5336455401046223,2.453038706635291,1.0125436080625105,-0.11235903038816479,0.6873270935768707
2016-10-18,0.573982152040054,-0.11235903038816479,0.6873270935768707,2.000918488546,1311,0.9033463181164033,0.0,-0.05431158197357622,0.5789782625735064,0.561458925319891,1.2534961064747607,0.8262782239218947,0.9600402366977789,1.6938247988155242,1.9510971329226523,0.09711655420477075,0.4662401269989084
2016-10-19,0.5614589253198801,0.09711655420477075,0.4662401269989084,1.904642562609,1320,0.8631475120885745,0.0,0.0,0.573982152040054,0.6881733703453907,0.26334074846574573,0.39053490927392076,0.8649125531740243,-0.8578323911953456,1.816719572569614,0.05863691264917943,0.6361803166452771
2016-10-20,0.6881733703453947,0.05863691264917943,0.6361803166452771,2.458352992923,1319,1.125057658296404,0.0,0.0,0.5614589253198801,-0.4219290187309821,-0.2956041917422825,-0.2898229503783267,0.05553876122652568,-2.669264044697228,2.0185691143002282,0.07463781106173455,-0.4952099883752808
2016-10-21,-0.4219290187309719,0.07463781106173455,-0.4952099883752808,2.329077229641,1324,1.0619774269766504,-0.4219290187309821,0.0,0.6881733703453947,0.12686008650686365,0.1326658239618972,0.5999917818591882,1.0672308856030321,-1.2382452090721308,3.176979622123355,0.1667656803777333,-0.03942498973105305
2016-10-24,0.12686008650687441,0.1667656803777333,-0.03942498973105305,1.804589995387,1320,0.837517772547156,-0.2956041917422825,-0.4219290187309821,-0.4219290187309719,0.005798381623089988,0.47253224054322196,0.35218402370553736,0.9055059154430944,-1.6743038315786163,3.4322406409711625,0.18147918195192445,-0.17506179108150083
2016-10-25,0.0057983816230953444,0.18147918195192445,-0.17506179108150083,2.071356161275,1318,0.9767154275157119,-0.2898229503783267,-0.2956041917422825,0.12686008650687441,0.46670679747895516,0.34636555848555073,0.9333268558775254,0.7268069232118091,-6.010791618599109,3.897666667413713,-0.09544392138314724,0.5634877623442456
2016-10-26,0.46670679747895855,-0.09544392138314724,0.5634877623442456,2.023770645458,1329,0.9515765008990758,0.0,-0.2898229503783267,0.0057983816230953444,-0.11978220728979805,0.46445242734909353,0.43093735695174384,-1.7079724760195258,-1.723631850705576,3.167640334609434,-0.058463377304924936,-0.058182972961894425
2016-10-27,-0.11978220728978936,-0.058463377304924936,-0.058182972961894425,2.168568310466,1330,1.0348792040016115,-0.11978220728979805,0.0,0.46670679747895855,0.5849352830321175,0.551380019399339,0.3791281952354453,-2.7232903242131012,-2.563293527924604,4.145633377352054,0.500051342021029,0.08544294087521094
2016-10-28,0.584935283032115,0.500051342021029,0.08544294087521094,3.337179881315,1333,1.5890520673370547,0.0,-0.11978220728979805,-0.11978220728978936,-0.03336012847090508,-0.20461025025025892,-2.1623816692173836,-2.281131158411487,-1.544787005003656,3.4383916546310456,-0.2218464148478431,0.18979978328693042
2016-10-31,-0.0333601284709163,-0.2218464148478431,0.18979978328693042,2.547698373374,1343,1.1808594463961664,-0.03336012847090508,0.0,0.584935283032115,-0.1713072701047369,-2.12973202208514,-3.2567134762154892,-2.5566590481034157,-1.4060052456789651,3.8087325580126175,-0.18444302955293695,0.014740113973808835
2016-11-01,-0.1713072701047444,-0.18444302955293695,0.014740113973808835,2.345954361636,1338,1.0827060544614882,-0.20461025025025892,-0.03336012847090508,-0.0333601284709163,-1.9617854330510665,-3.0907008012805215,-2.0807783940404168,-6.688982553519507,0.2529871746058232,4.413414331750665,-0.9907751427252419,-0.9843712802226487
2016-11-02,-1.9617854330510653,-0.9907751427252419,-0.9843712802226487,2.537668061787,1355,1.1587934056434392,-2.1623816692173836,-0.20461025025025892,-0.1713072701047444,-1.151505434096356,-0.1213740596102908,-0.4362172852276469,-0.01593147997911437,2.6976936537419727,5.934948160560882,-0.9622254731144043,-0.19334197238705542
2016-11-04,-1.1515054340963597,-0.9622254731144043,-0.19334197238705542,2.690685154296,1363,1.2149379216099723,-3.2889871608868027,-2.1623816692173836,-1.9617854330510653,1.0421315762166206,0.723620680324899,-3.713040731891426,0.16447595403026316,4.816395471570534,6.5682669032113505,0.9748488483448954,0.06746399148021119
2016-11-07,1.0421315762166181,0.9748488483448954,0.06746399148021119,2.227773032307,1364,0.9946113146110074,-2.281131158411487,-3.2889871608868027,-1.1515054340963597,-0.3152258280017417,-4.706128259498565,0.10557071509385008,0.7535332348161949,4.470581593595857,6.1183578394387705,0.261234676822028,-0.5744473882557383
2016-11-08,-0.315225828001738,0.261234676822028,-0.5744473882557383,2.001214428199,1364,0.8923815606533102,-2.5891662718313224,-2.281131158411487,1.0421315762166181,-4.404787459236925,0.42212719704770585,-0.5551277074016592,1.1808439562765782,5.193499432541837,7.223367993133523,0.4049536548277894,-4.785289051249099
2016-11-09,-4.404787459236921,0.4049536548277894,-4.785289051249099,5.090609322825,1358,2.2650475623133155,-6.879906459827822,-2.5891662718313224,-0.315225828001738,5.049326768562135,4.0270424109300595,5.7292891920502464,7.439603508885728,10.54212335293332,12.801511725698855,4.946644766132687,0.10201272141376691
2016-11-10,5.049326768562143,4.946644766132687,0.10201272141376691,3.928173094789,1382,1.640904923314939,-2.1779686497938044,-6.879906459827822,-4.404787459236921,-0.9731469863527131,0.6472791824607693,0.7555274722871763,2.7140575232520225,4.977058348233365,7.769407016197216,0.7208691589052598,-1.6827456455931882
2016-11-11,-0.9731469863527117,0.7208691589052598,-1.6827456455931882,4.067061813567,1388,1.6362734325449833,-3.129920799867336,-2.1779686497938044,5.049326768562143,1.636350262075048,1.7456623188880638,3.2804557534908074,4.644280792399114,6.885420441832535,9.38641972851757,0.5587641792865959,1.0760965321860736
2016-11-14,1.6363502620750374,0.5587641792865959,1.0760965321860736,2.987987956319,1395,1.1584664697352394,-1.544787005003656,-3.129920799867336,-0.9731469863527117,0.10755212729611774,1.6176353117524744,2.0534865498395005,3.6892486441311156,5.061365983625432,8.53254166465669,0.1839257458595466,-0.07452988230237072
2016-11-15,0.10755212729610872,0.1839257458595466,-0.07452988230237072,2.928866246671,1408,1.1181876154433474,-1.4388963289936108,-1.544787005003656,1.6363502620750374,1.508460802773537,1.9438437772096862,2.848886534765782,3.965825268268408,5.289102867457385,8.256140777401711,0.7776008846533023,0.7287644228416367
2016-11-16,1.5084608027735376,0.7776008846533023,0.7287644228416367,3.245670140573,1413,1.2144208437377824,0.0,-1.4388963289936108,0.10755212729610872,0.4289129901024591,1.3205064103933628,2.0386356423500285,2.887687354310642,4.149928370611855,6.828865242582749,-0.3902158539558485,0.8259169057249368
2016-11-17,0.4289129901024497,-0.3902158539558485,0.8259169057249368,2.725372896759,1418,0.9965365161270663,0.0,0.0,1.5084608027735376,0.887785592560153,1.6028478296944426,1.983426773153285,2.203204585184504,3.1522173396938413,6.856468934813464,0.8498619121870279,0.036352237630627796
2016-11-18,0.8877855925601471,0.8498619121870279,0.036352237630627796,3.084303731808,1422,1.1111078503446623,0.0,0.0,0.4289129901024497,0.7087698802529907,1.0859998305621676,1.546755932673194,2.1416742821134704,1.6713715671666796,5.867279730178687,0.4956638609334075,0.20893091155756588
2016-11-21,0.7087698802529916,0.4956638609334075,0.20893091155756588,2.577487804158,1414,0.9181772041133196,0.0,0.0,0.8877855925601471,0.37457507499865095,0.8320884600383938,0.5908857559744574,1.3232976007025776,1.5772633986599116,5.592234671194785,-0.05113779801154193,0.43022812123137855
2016-11-22,0.37457507499866,-0.05113779801154193,0.43022812123137855,2.453841482793,1423,0.8702801306742526,0.0,0.0,0.7087698802529916,0.4558060491891336,0.21550345873362353,1.0443329969736626,1.2728005532341546,1.929652090235301,4.402597107957651,0.7566735549569936,-0.2977742735307489
2016-11-24,0.45580604918914336,0.7566735549569936,-0.2977742735307489,2.934194748179,1432,1.0287976204528706,0.0,0.0,0.37457507499866,-0.23921224656526796,0.5858565780621383,0.4871555753393375,1.226814450551772,2.043916205184404,3.684835319295754,0.14385051336870397,-0.3807650984612872
2016-11-25,-0.2392122465652739,0.14385051336870397,-0.3807650984612872,3.074531767735,1428,1.0619395692894105,-0.23921224656526796,0.0,0.45580604918914336,0.8270472228693926,0.7281095491145084,1.0550234824054927,0.9285547927397442,2.6599608637355443,4.2011019268527905,-0.14060704132254048,0.9703510305926861
2016-11-28,0.8270472228693834,-0.14060704132254048,0.9703510305926861,2.679077919474,1441,0.9088576275970747,0.0,-0.23921224656526796,-0.2392122465652739,-0.09812612436839174,0.2261062540413139,0.6372246499608103,-0.4604415565460762,2.339888149708935,3.3871193742970984,-0.3413070032565109,0.2468587515367795
2016-11-29,-0.0981261243683774,-0.3413070032565109,0.2468587515367795,2.550020825085,1437,0.8576492797730138,-0.09812612436839174,0.0,0.8270472228693834,0.3245508475780312,0.7360730542898875,0.19899633232718372,0.25064896620141663,3.303950646874587,4.3628013128133025,0.2363486232686825,0.09233778557389677
2016-11-30,0.3245508475780239,0.2363486232686825,0.09233778557389677,3.583773676934,1442,1.221501032596366,0.0,-0.09812612436839174,-0.0981261243683774,0.41019092857648154,-0.12514834523567053,-0.6849989850420846,0.6485962009669777,2.817991443691348,2.8818804240680063,0.9924055627959496,-0.5766626065825717
2016-12-01,0.41019092857647466,0.9924055627959496,-0.5766626065825717,3.828299043359,1446,1.2822057915841487,0.0,0.0,0.3245508475780239,-0.5331523313136022,-1.0907158959568064,-0.48187712045005826,0.8071989216175357,2.5721927166747927,2.8706621476928262,-0.19779578156962513,-0.33672068897754753
2016-12-02,-0.5331523313136012,-0.19779578156962513,-0.33672068897754753,3.423532011181,1452,1.1188632295460006,-0.5331523313136022,0.0,0.41019092857647466,-0.56055216156079,0.05155005116310729,0.7747140880641767,1.715476927764703,3.591053775335773,5.572793163804901,-0.4493741076781582,-0.10865221214160382
2016-12-05,-0.5605521615607979,-0.4493741076781582,-0.10865221214160382,2.621903101306,1455,0.8446515744560178,-1.0907158959568064,-0.5331523313136022,-0.5331523313136012,0.6155527067270183,1.3427933065300213,1.9188439535948065,2.8132832313555234,4.126931798338229,6.647616635282039,0.7899605736015741,-0.17323773761796726
2016-12-06,0.6155527067270182,0.7899605736015741,-0.17323773761796726,3.026516986227,1447,0.9760801977945673,-0.48187712045005826,-1.0907158959568064,-0.5605521615607979,0.7227914375452116,1.2953178825808376,1.6630695633907955,3.045667745954006,3.9526279190819746,6.036330328085038,0.34318616393595475,0.37536687141067127
2016-12-07,0.7227914375452129,0.34318616393595475,0.37536687141067127,2.970489185556,1458,0.9458283209328564,0.0,-0.48187712045005826,0.6155527067270182,0.5684179686289204,0.9335306462674886,1.4510059145278698,2.1554153009672117,2.4261291655671924,5.0401160824515845,0.7035777893287983,-0.13251823932880627
2016-12-08,0.5684179686289194,0.7035777893287983,-0.13251823932880627,3.753065924945,1474,1.176847000174326,0.0,0.0,0.7227914375452129,0.363049041650898,0.8775995125768654,1.727967195287472,1.750860865035686,1.6080518811252498,4.398901893713525,-0.33221147135819223,0.700796243240074
2016-12-09,0.36304904165088997,-0.33221147135819223,0.700796243240074,4.367103559221,1463,1.3987225818597857,0.0,0.0,0.5684179686289194,0.5126891578517423,1.359980756533341,1.2105834868513021,1.843944406713094,1.5012094785062935,3.0528544723610995,0.6567154543736502,-0.14060593393886783
2016-12-12,0.5126891578517515,0.6567154543736502,-0.14060593393886783,3.731942043516,1463,1.18694593451704,0.0,0.0,0.36304904165088997,0.8429697839950956,0.694334551037179,0.8656642868964504,1.2777031582841936,1.0232874429725758,3.1433630456135564,-0.2989428546143544,1.1464973214147678
2016-12-13,0.8429697839951044,-0.2989428546143544,1.1464973214147678,3.19582812582,1466,1.0218805058386715,0.0,0.0,0.5126891578517515,-0.14739275655634154,0.02250479428558272,0.47747014804810917,0.8801536182617475,1.0249856460555096,1.3547375132263229,0.2123948591005968,-0.35362875561679175
2016-12-14,-0.14739275655633105,0.2123948591005968,-0.35362875561679175,2.886185934332,1467,0.9198145696012013,-0.14739275655634154,0.0,0.8429697839951044,0.17014833716630928,0.625785266759249,0.5793460077451851,0.2650019715571439,0.06213793858407257,0.11499555192666655,0.208556665612104,-0.03598894481736522
2016-12-15,0.17014833716630717,0.208556665612104,-0.03598894481736522,3.289081941015,1470,1.0489291058758077,0.0,-0.14739275655634154,-0.14739275655633105,0.4548629877828336,0.40850261018037237,0.8574558552998379,-0.1403516222824419,0.29098474266067154,0.24448403755996662,0.6185065297144127,-0.1587441410742406
2016-12-16,0.4548629877828244,0.6185065297144127,-0.1587441410742406,3.284619774829,1473,1.046781454054233,0.0,0.0,0.17014833716630717,-0.04615045625826486,0.40076991351423175,-0.3585396071649538,-0.33652951110975104,1.9130410554245803,0.2819818803045715,-0.17740758514604502,0.12907799676834109
2016-12-19,-0.04615045625826469,-0.17740758514604502,0.12907799676834109,2.442347615035,1479,0.7714812514247131,-0.04615045625826486,0.0,0.4548629877828244,0.4471267207942109,-0.3125333864905211,-0.5466212703058027,-0.251206047706265,2.4207808617904947,0.5244399455771154,-0.128644887768961,0.5768207657765427
2016-12-20,0.447126720794204,-0.128644887768961,0.5768207657765427,2.673616611905,1485,0.8531841878039328,0.0,-0.04615045625826486,-0.04615045625826469,-0.7562785836535579,-0.9893244570969739,-0.7343563453339197,0.14356840528000347,2.0044730476896033,-0.3937032872377677,0.16433992278539838,-0.9164288305189638
2016-12-21,-0.7562785836535725,0.16433992278539838,-0.9164288305189638,2.79655264859,1486,0.8910479157723757,-0.7562785836535579,0.0,0.447126720794204,-0.23482178027740552,0.022089294926463943,0.06151960809879231,-0.20232786015466075,2.552070392759842,0.27198765487994603,-0.15257270220796626,-0.07915194424745642
2016-12-22,-0.23482178027740555,-0.15257270220796626,-0.07915194424745642,2.446557132698,1487,0.7752980856405435,-0.9893244570969739,-0.7562785836535579,-0.7562785836535725,0.2575157783390569,0.2970389004102625,1.1442128398428064,0.43194260339429746,2.746681941952178,1.6554356028347872,0.13574071049103,0.1230293087893295
2016-12-26,0.25751577833905903,0.13574071049103,0.1230293087893295,1.85232852278,1491,0.5915615703802792,-0.7343563453339197,-0.9893244570969739,-0.23482178027740555,0.039421605217704325,0.8844195416373157,-0.22436759386158522,2.257166598252369,1.5286960636497593,2.432847449640052,-0.10715502049936591,0.14803774619386628
2016-12-27,0.039421605217712465,-0.10715502049936591,0.14803774619386628,2.130426539726,1489,0.6939178872112334,-0.6952242351755622,-0.7343563453339197,0.25751577833905903,0.8446649559352704,-0.26368525012097077,0.13450417326676956,2.6787160061049864,2.098600883323809,2.4539538632397884,0.040641089597286524,0.8064335717468422
2016-12-28,0.844664955935265,0.040641089597286524,0.8064335717468422,1.853505918907,1502,0.6091629457999731,0.0,-0.6952242351755622,0.039421605217712465,-1.0990667741724747,-0.7042125460764992,1.3607126480501774,1.8582368014673945,0.32640624996089773,1.8534618312001427,-0.44737471489369024,-0.656347917859755
2016-12-29,-1.09906677417248,-0.44737471489369024,-0.656347917859755,2.442967623109,1509,0.8121881606637159,-1.0990667741724747,0.0,0.844664955935265,0.39924216609197316,2.4871144710091553,2.9501804469164172,2.7599824663793626,0.05282478910757504,2.0113544657843097,-0.4328415766493311,0.8375224270959062
2016-12-30,0.3992421660919836,-0.4328415766493311,0.8375224270959062,2.036489347107,1507,0.6901380363565025,-0.7042125460764992,-1.0990667741724747,-1.09906677417248,2.0795697854603112,2.540794358392051,2.580622414352618,2.304783994569126,-0.04636578773259403,1.9574076555774145,0.7239172092401505,1.345643225224256
2017-01-04,2.0795697854603077,0.7239172092401505,1.345643225224256,3.112725386033,1496,1.0878888921166534,0.0,-0.7042125460764992,0.3992421660919836,0.45182848429035083,0.49084516122608335,0.26624614887309495,-0.7123906899011101,-1.600442061416829,-1.1927199322325999,0.2666397111586192,0.18704653574224428
2017-01-05,0.45182848429036104,0.2666397111586192,0.18704653574224428,2.886658627942,1505,1.0143886386931447,0.0,0.0,2.0795697854603077,0.0388411814144618,-0.18474759316727818,-0.23016241028721574,-0.5649808892688846,-1.8515196820968916,-1.5238736859684354,-0.6044772795815343,0.6451574644506758
2017-01-06,0.038841181414460316,-0.6044772795815343,0.6451574644506758,2.762497778823,1514,0.966262901519067,0.0,0.0,0.45182848429036104,-0.22350196377852738,-0.268899148095747,-1.1973586740132713,-1.5038848105059954,-2.3510501679726903,-0.9999902823568996,0.06435674849028877,-0.2905993962975816
2017-01-10,-0.22350196377853074,0.06435674849028877,-0.2905993962975816,2.976433415143,1516,1.0459224898372619,-0.22350196377852738,0.0,0.038841181414460316,-0.045498875196781086,-0.9760381747224711,-0.3809370681665314,-2.6344473911889876,-2.223341497784981,-1.1922848571675915,0.22057058088116713,-0.2600839290634182
2017-01-11,-0.04549887519677123,0.22057058088116713,-0.2600839290634182,2.460473515647,1522,0.8645232333211196,-0.268899148095747,-0.22350196377852738,-0.22350196377853074,-0.9309628771632994,-0.33559088304679907,-1.238315482192598,-2.298181659253118,-1.0620745297973744,-0.4620723451523867,-0.17799901851663952,-0.7537757246411158
2017-01-12,-0.9309628771633007,-0.17799901851663952,-0.7537757246411158,2.786896742556,1520,1.0019700890747292,-1.1973586740132713,-0.268899148095747,-0.04549887519677123,0.6009667716647904,-0.3102408320050709,-1.6747554691789568,-0.8944231588275287,0.8905377701526662,0.14780228000141893,-0.30516363597258606,0.9109358883274485
2017-01-13,0.6009667716647807,-0.30516363597258606,0.9109358883274485,2.570605832521,1513,0.9512283155909281,-0.6035876301169418,-1.1973586740132713,-0.9309628771633007,-0.905764261429054,-2.2621276056014272,-1.9691992292888427,-1.2938487912345198,0.34804882421657357,1.0124498133236015,-0.16548412889071215,-0.7442657720848586
2017-01-16,-0.9057642614290683,-0.16548412889071215,-0.7442657720848586,2.200476477057,1503,0.8321458349637684,-1.5038848105059954,-0.6035876301169418,0.6009667716647807,-1.3687610929769,-1.0731552243516296,-0.5860003391501833,-0.8601002748553688,1.522087392859106,2.6366002046531944,-0.13849786736531777,-1.2307437352449706
2017-01-17,-1.3687610929769134,-0.13849786736531777,-1.2307437352449706,2.538517428378,1495,0.9783953064584827,-2.852061313313503,-1.5038848105059954,-0.9057642614290683,0.29970815727453637,0.793623564400936,0.9906894744543315,0.42222930224176114,1.957495633736439,3.6933262409073686,-0.3584184351757001,0.6669509316653758
2017-01-18,0.29970815727454597,-0.3584184351757001,0.6669509316653758,2.665671220283,1497,1.0343328635253106,-2.5609010164454493,-2.852061313313503,-1.3687610929769134,0.49243952569824057,0.6889165779987216,0.21536616272301856,1.2651833409534685,2.0047029396196736,4.055268736489759,0.7150272833718936,-0.21804780536818824
2017-01-19,0.492439525698232,0.7150272833718936,-0.21804780536818824,2.582459694461,1487,1.0143130491098227,-2.0810723795661845,-2.5609010164454493,0.29970815727454597,0.19551426279211803,-0.2757156302334307,-0.3684699974318084,1.8010701172152865,0.414353618782215,3.432578590043489,-0.18384948701005357,0.38188933675529413
2017-01-20,0.19551426279212825,-0.18384948701005357,0.38188933675529413,2.35329948403,1489,0.9372295723264179,-1.8896269100951546,-2.0810723795661845,0.492439525698232,-0.4703103691744315,-0.56288374222494,0.5723239285312376,1.6634197518029525,0.3338268662614219,3.1322909617576,-0.45271150694881257,-0.019899148048557108
2017-01-23,-0.4703103691744269,-0.45271150694881257,-0.019899148048557108,2.528849004016,1486,1.0089333260938593,-2.3510501679726903,-1.8896269100951546,0.19551426279212825,-0.093010812546368,1.0475610861170992,2.0825276015501215,2.4028546269653672,1.383588751276732,4.0094924196588,-0.24246095778164228,0.14750628238709218
2017-01-24,-0.09301081254638231,-0.24246095778164228,0.14750628238709218,2.60409097976,1467,1.0419616435693395,-2.441874249654463,-2.3510501679726903,-0.4703103691744269,1.1416337414827282,2.177563783865577,2.2389059315201187,1.5288112424530764,1.0545018171121523,4.577709537839381,1.1410925912810757,0.004569181760561486
2017-01-25,1.1416337414827342,1.1410925912810757,0.004569181760561486,2.562279881999,1456,1.0291948303553196,-1.328117768530357,-2.441874249654463,-0.09301081254638231,1.024237007116846,1.0848867567652798,1.3412431990250884,0.7302802150431997,0.6064430619436179,3.532605603778194,0.7953449444070676,0.22606978691660987
2017-01-26,1.0242370071168512,0.7953449444070676,0.22606978691660987,3.119213367866,1459,1.2499940005588928,-0.3174838350968878,-1.328117768530357,1.1416337414827342,0.06003485049250745,0.3137922159074602,-0.6349266095097006,-1.3621826340689536,-0.7361795333506227,2.598233107167225,0.3069999580567093,-0.24451967290178103
2017-01-27,0.06003485049250475,0.3069999580567093,-0.24451967290178103,2.756765841119,1464,1.0773974459032245,-0.2576395855501068,-0.3174838350968878,1.0242370071168512,0.2536051139639284,-0.6945444912552889,-0.35080075083364637,-1.3078380491110209,0.6620965697807346,2.3966218343226986,-0.09335151918617178,0.34614619406742414
2017-01-30,0.2536051139639302,-0.09335151918617178,0.34614619406742414,2.206851941944,1477,0.852051951861232,-0.004687858750729301,-0.2576395855501068,0.06003485049250475,-0.9457511319831413,-0.6028769380517662,-1.6707322223141308,-0.995349084165309,1.0978032863738107,1.461034517425297,-0.9732738248341419,0.027182972471197664
2017-01-31,-0.9457511319831365,-0.9732738248341419,0.027182972471197664,2.855642838329,1475,1.0950763492480855,-0.95039465525667,-0.004687858750729301,0.2536051139639302,0.3461478915338878,-0.7319030719186825,-0.6175829461874116,-0.4671673188492931,1.7025041625253312,2.7518647381943984,-0.481752569474588,0.8336536798716131
2017-02-01,0.34614789153388725,-0.481752569474588,0.8336536798716131,2.861059657891,1477,1.0885404020136347,-0.607536534783204,-0.95039465525667,-0.9457511319831365,-1.0743321852452636,-0.960406411178838,-0.3948526215079018,-0.12293935134024547,2.010265936545963,3.2374339462878154,0.3373047634639023,-1.4047807558400782
2017-02-02,-1.0743321852452625,0.3373047634639023,-1.4047807558400782,2.909385297394,1485,1.0898315201194348,-1.6753417594981723,-0.607536534783204,0.34614789153388725,0.11516300731955198,0.686858707903526,0.26668764815869217,0.6346481678481952,3.005770452618539,5.13169499936017,0.24269305887794596,-0.12437498568614955
2017-02-03,0.11516300731955573,0.24269305887794596,-0.12437498568614955,2.98336989546,1486,1.1218179507448467,-1.5621081261317338,-1.6753417594981723,-1.0743321852452625,0.5710380759627709,0.15135034123456848,0.8455881425720291,1.9960395840472378,2.7891531529305347,4.805294095230694,0.8015993218704369,-0.23043097468818963
2017-02-06,0.5710380759627638,0.8015993218704369,-0.23043097468818963,2.45319367047,1477,0.9207848449590144,-0.995349084165309,-1.5621081261317338,0.11516300731955573,-0.4173047656236717,0.2729911830102516,-0.051854373773652096,2.1141960010732763,2.5900677819012285,4.468080252676199,-0.44901077117857285,0.032410512764551175
2017-02-07,-0.41730476562366825,-0.44901077117857285,0.032410512764551175,2.329201522904,1468,0.8793498624390702,-1.4085002106261624,-0.995349084165309,0.5710380759627638,0.6931886579382596,0.366981824492596,1.841901518579081,2.179855051774804,3.4864431147298314,4.765998632816637,0.061266208861077365,0.6314109348492667
2017-02-08,0.6931886579382673,0.061266208861077365,0.6314109348492667,2.237182962189,1456,0.8550565482175897,-0.7250751163949909,-1.4085002106261624,-0.41730476562366825,-0.32396117134974034,1.1408049302551015,1.8361921753212496,2.1358310647429324,2.908523999832613,3.9398184671145975,-0.19194120300112036,-0.13117207662109265
2017-02-09,-0.323961171349745,-0.19194120300112036,-0.13117207662109265,2.528309001948,1456,0.9704666865778572,-1.046687325904494,-0.7250751163949909,0.6931886579382673,1.4695267978323878,2.167174149430684,1.8062446377557606,2.356168902002387,3.3591419560948133,4.631505236282907,1.0614494537597683,0.403494411368111
2017-02-10,1.4695267978323903,1.0614494537597683,0.403494411368111,3.152270830772,1445,1.2160031361740713,0.0,-1.046687325904494,-0.323961171349745,0.6875437124963524,0.3318413424695077,0.9838028629236106,0.7775925144914542,1.7231165688463168,3.7171801747824196,0.676527065471862,0.013463440225802308
2017-02-13,0.6875437124963443,0.676527065471862,0.013463440225802308,2.624699667466,1452,1.001257004590386,0.0,0.0,1.4695267978323903,-0.3532734605608434,0.29423614828980593,0.18498578838568314,0.46601922109141825,0.35928696692109074,2.5283407687995085,0.43304951300832534,-0.7822939908715149
2017-02-14,-0.3532734605608482,0.43304951300832534,-0.7822939908715149,2.771443870169,1454,1.0487502440385648,-0.3532734605608434,0.0,0.6875437124963443,0.649805198161113,0.5401675174281584,0.4442768776668382,1.2787139522687507,1.0317942358549326,3.0357907483679947,0.7126731950638038,-0.06152441819647085
2017-02-15,0.6498051981611067,0.7126731950638038,-0.06152441819647085,2.615154735986,1467,0.9852662265168097,0.0,-0.3532734605608434,-0.3532734605608482,-0.10892984891235358,-0.2042014091230726,0.1712791077521203,0.7565346333745282,1.2029848157686374,1.389986338887672,0.09370660460714089,-0.20205104393372253
2017-02-16,-0.10892984891235072,0.09370660460714089,-0.20205104393372253,2.587280346655,1473,0.9756929590220933,-0.10892984891235358,0.0,0.6498051981611067,-0.09537545254707513,0.28051452070807503,0.7345784804989153,0.9798853013468056,2.063888787395207,2.1673572736085944,-0.3025972978459947,0.20801570355835125
2017-02-17,-0.0953754525470887,-0.3025972978459947,0.20801570355835125,2.316594894212,1482,0.8735349833859524,-0.2042014091230726,-0.10892984891235358,-0.10892984891235072,0.3762488222720961,0.8307462610519734,0.962701893329454,0.938228460080448,1.961433556418668,1.8868960922537426,-0.04737736212206846,0.4223666775798484
2017-02-20,0.3762488222720909,-0.04737736212206846,0.4223666775798484,1.975892381057,1483,0.7455798116789606,0.0,-0.2042014091230726,-0.0953754525470887,0.45279380741218844,0.5842548191811181,0.6974144318877773,-0.10623716854495369,1.8305987230337717,1.6099625335579182,0.10021116494787514,0.3523448028733398
2017-02-21,0.4527938074121971,0.10021116494787514,0.3523448028733398,1.921163379642,1481,0.7325710748268723,0.0,0.0,0.3762488222720909,0.13086844754259808,0.24351799009649788,0.10659665133312402,-0.24380218387269892,1.2364474800512948,-0.6893219561276975,0.23624321769434048,-0.10535457302919489
2017-02-22,0.13086844754258756,0.23624321769434048,-0.10535457302919489,2.389928165785,1484,0.9233412010764994,0.0,0.0,0.4527938074121971,0.11250231252404319,-0.024240073601489165,-0.6864811883006583,0.44309799262014504,1.0021467874552936,-0.7722090959799477,0.08903817526105029,0.02618612007344204
2017-02-23,0.11250231252403947,0.08903817526105029,0.02618612007344204,2.283469369567,1490,0.8851582067187503,0.0,0.0,0.13086844754258756,-0.13658872065615002,-0.7980856360282562,-0.48613634451390997,1.0734845685489658,1.2310118448241036,-0.06051113486374993,-0.4217549032926769,0.28671941670681583
2017-02-24,-0.13658872065614688,-0.4217549032926769,0.28671941670681583,2.393587997698,1490,0.9431212540709702,-0.13658872065615002,0.0,0.11250231252403947,-0.6624016813542632,-0.3500257195100054,0.4674513767794153,1.0136943276578991,1.9602855999663493,-1.252705578283364,-0.38964077324901303,-0.27103731866811315
2017-02-27,-0.6624016813542668,-0.38964077324901303,-0.27103731866811315,2.534681778266,1496,1.0059122750884546,-0.7980856360282562,-0.13658872065615002,-0.13658872065614688,0.3144589431709921,1.137387129603673,1.8866271045036687,1.9388957194921508,2.161288573715514,0.649713025598353,0.47789243278019183,-0.16430670388972315
2017-02-28,0.31445894317098666,0.47789243278019183,-0.16430670388972315,2.799121078729,1500,1.1036779409786046,-0.48613634451390997,-0.7980856360282562,-0.6624016813542668,0.8203485271239819,1.5672398355089712,1.3685101847887848,1.483867364965552,1.9835305585435892,0.8022750267979273,0.22469420260603706,0.5948091730473498
2017-03-01,0.8203485271239921,0.22469420260603706,0.5948091730473498,2.820103096629,1493,1.1131914757762809,0.0,-0.48613634451390997,0.31445894317098666,0.7408140512270345,0.5437014111465244,0.792494855400383,0.5565825885579745,0.18477866385013808,-1.0150479016780456,1.0497581986693514,-0.3024991273332892
2017-03-02,0.7408140512270274,1.0497581986693514,-0.3024991273332892,2.970941877148,1492,1.1736814621872649,0.0,0.0,0.8203485271239921,-0.1956631400459874,0.05130076092800806,-0.08208598626726626,0.15585420543042794,0.10137619430601319,-2.369767200342421,-0.11313349356169404,-0.08162453456964991
2017-03-03,-0.19566314004597826,-0.11313349356169404,-0.08162453456964991,2.51030241047,1494,0.9904997987005152,-0.1956631400459874,0.0,0.7408140512270274,0.24744806562919663,0.11379981807613238,0.012811520991040659,0.9370920236200897,-0.073103585900125,-2.246344280296053,-0.02773671960536166,0.27405263459410756
2017-03-06,0.24744806562918753,-0.02773671960536166,0.27405263459410756,1.992820092774,1493,0.7937226014375851,0.0,-0.1956631400459874,-0.19566314004597826,-0.133318353865286,-0.23405737419324169,0.10449983529172702,0.21816290303489083,-0.21666983425676634,-4.2674551529134686,-0.017499555097538314,-0.11386903545451152
2017-03-07,-0.13331835386529955,-0.017499555097538314,-0.11386903545451152,2.248368423063,1492,0.903791320909867,-0.133318353865286,0.0,0.24744806562918753,-0.10087350322193211,0.23813566770918282,0.8223563654960797,0.49235726480652,-1.902249124810984,-4.057872932069695,-0.038280290667572214,-0.06360330590877769
2017-03-08,-0.10087350322193292,-0.038280290667572214,-0.06360330590877769,2.324201987051,1501,0.9357949729775088,-0.23405737419324169,-0.133318353865286,-0.13331835386529955,0.33935148666395243,0.9241621034071779,0.45328121533845245,-0.36974598294488015,-1.7567506631013807,-6.087275684901872,0.292060698046822,0.04649200167235358
2017-03-09,0.33935148666394405,0.292060698046822,0.04649200167235358,2.1478401217,1511,0.863273973166869,0.0,-0.23405737419324169,-0.10087350322193292,0.5828327650901244,0.11354441401751902,0.2536176430296688,-0.05439323697710163,-1.2758175149603534,-5.696290760671108,0.6830133498677495,-0.09800408885969585
2017-03-10,0.582832765090119,0.6830133498677495,-0.09800408885969585,3.293606645898,1514,1.33398766704857,0.0,0.0,0.33935148666394405,-0.46656903387143345,-0.3273074669007614,-1.282059775761435,-1.0008170329335542,-3.151218299697256,-5.577535136078682,-0.05911857746302532,-0.4084024930081472
2017-03-13,-0.4665690338714383,-0.05911857746302532,-0.4084024930081472,2.104321218446,1521,0.8498667721553362,-0.46656903387143345,0.0,0.582832765090119,0.13991436406735058,-0.8193134045258788,-0.16774718343814943,-0.4338861586520637,-1.4795971832583632,-5.899152456159973,0.03860171619677953,0.10166256875532187
2017-03-14,0.13991436406735652,0.03860171619677953,0.10166256875532187,2.048475114252,1516,0.8360982336326153,-0.3273074669007614,-0.46656903387143345,-0.4665690338714383,-0.9578875463243097,-0.30723168624547936,-0.6757212521464995,-2.3828741356991867,-1.158280680494328,-7.742655324051661,-0.2678055840723458,-0.690870105606387
2017-03-15,-0.9578875463243076,-0.2678055840723458,-0.690870105606387,1.986750337138,1504,0.8230483033698659,-1.282059775761435,-0.3273074669007614,0.13991436406735652,0.6569486897638255,0.2848952704939345,0.38861118944037987,-1.3921521066473042,-1.1976136310626107,-6.9576498046595265,-0.41946270649219597,1.0835093442316333
2017-03-16,0.6569486897638194,-0.41946270649219597,1.0835093442316333,2.457055002419,1492,1.0313046490521978,-0.633533560896471,-1.282059775761435,-0.9578875463243076,-0.36962517154836005,-0.2665861659988167,-2.082039133391511,-1.2220890117554895,-2.468640780574005,-8.605434139189827,-0.2831750680666432,-0.08490716578748743
2017-03-17,-0.36962517154835683,-0.2831750680666432,-0.08490716578748743,2.780301407029,1492,1.1701796000532148,-1.0008170329335542,-0.633533560896471,0.6569486897638194,0.10342127662066325,-1.7187669571570696,-1.6722831216184786,-2.172140418046742,-2.174830573532438,-7.235205903319663,-0.27840167231946683,0.3854372494478944
2017-03-21,0.10342127662066518,-0.27840167231946683,0.3854372494478944,2.342680298895,1504,0.9764640078773581,-0.8984308140649766,-1.0008170329335542,-0.36962517154835683,-1.8203056504356607,-1.7738698394056507,-0.9580568928955313,-1.050267992052567,-4.0595812065284065,-6.492286409270697,-1.5827313611595681,-0.23918238027599853
2017-03-22,-1.820305650435664,-1.5827313611595681,-0.23918238027599853,3.025656928893,1503,1.2515716497411256,-2.702382277626958,-0.8984308140649766,0.10342127662066518,0.04729675656218735,0.8782353247812402,-0.4613021701630915,1.2544862844120042,-2.197424291614325,-4.33333885313516,0.07799543321411226,-0.02963682442336432
2017-03-23,0.047296756562179035,0.07799543321411226,-0.02963682442336432,2.476622827367,1510,1.0015821340627404,-2.6563636602319973,-2.702382277626958,-1.820305650435664,0.8305457470189515,-0.5083584896479643,0.7366694037218346,0.19728498262643335,-4.40796192209617,-4.204051270699605,0.14019336814286498,0.6916061239300781
2017-03-24,0.8305457470189496,0.14019336814286498,0.6916061239300781,2.439040924316,1510,0.9846573355719295,-1.8478802286184592,-2.6563636602319973,0.047296756562179035,-1.3278756221613564,-0.09310307962892006,0.372975358281602,-1.2619742170563608,-4.477599241078167,-4.275335819571424,-0.5670703120383389,-0.7645711286003005
2017-03-27,-1.3278756221613404,-0.5670703120383389,-0.7645711286003005,2.314026849882,1509,0.9312638923275338,-3.151218299697256,-1.8478802286184592,0.8305457470189496,1.2513894378154866,1.7237401050878454,0.7092489997774898,-0.0027498868902853246,-2.505263147129344,-2.7626170759865842,0.7006704598888696,0.5488127567259062
2017-03-28,1.2513894378154764,0.7006704598888696,0.5488127567259062,2.675429423934,1517,1.078434336154131,-1.9392628748466811,-3.151218299697256,-1.3278756221613404,0.4665127756715348,-0.5354399984515257,-1.1699604065964153,-3.0412545374394084,-4.485928951308127,-2.8661241547533023,0.05216963084006891,0.41314108626549995
2017-03-29,0.4665127756715303,0.05216963084006891,0.41314108626549995,2.448626231604,1515,0.9842206940954377,-1.48179700824016,-1.9392628748466811,1.2513894378154764,-0.997300241086585,-1.6288742756723096,-1.6972340873374625,-3.4091433404050075,-6.661533903789508,-1.978068813250211,-0.12895276571029793,-0.8674783306685377
2017-03-30,-0.9973002410866005,-0.12895276571029793,-0.8674783306685377,2.358824484154,1515,0.954851057431632,-2.464319284191163,-1.48179700824016,0.4665127756715303,-0.6379361735828426,-0.7069846054252316,-2.519303899749703,-4.596179333123763,-5.829855315526899,-0.6069553918343518,0.6332437594493556,-1.2610510725753472
2017-03-31,-0.637936173582842,0.6332437594493556,-1.2610510725753472,2.896313444211,1505,1.1834755849688336,-3.0865346736275723,-2.464319284191163,-0.9973002410866005,-0.06949174482024922,-1.893446707642421,-1.8097475774768168,-3.2567240417493593,-6.292123279866601,-0.27287104569273524,0.3311519976909735,-0.399538139996595
2017-04-03,-0.0694917448202507,0.3311519976909735,-0.399538139996595,2.578652464957,1507,1.0552837167471767,-3.153881531648628,-3.0865346736275723,-0.637936173582842,-1.825223342369653,-1.74146600777082,-3.9168865123528462,-2.5025820784155495,-5.17287663231799,0.4067910361209792,-0.2161164415519514,-1.6111406565171569
2017-04-04,-1.8252233423696491,-0.2161164415519514,-1.6111406565171569,3.007906156066,1511,1.2292316576317106,-4.921539492111949,-3.153881531648628,-0.0694917448202507,0.0853145150418122,-2.13055047456594,-1.3895884508799083,-1.4899887647850885,-2.5356416339802568,3.046472822740176,0.2603682898763885,-0.1720273397339606
2017-04-05,0.0853145150418071,0.2603682898763885,-0.1720273397339606,2.520891140473,1520,1.0092708496995206,-4.840423764620427,-4.921539492111949,-1.8252233423696491,-2.2139761465951424,-1.473645732211848,-0.7746055632225524,-3.3671826463311794,-2.183904202982756,5.104054647360745,-0.5354380476791103,-1.6881699158866952
2017-04-06,-2.213976146595134,-0.5354380476791103,-1.6881699158866952,2.877033340569,1517,1.1456071700685184,-6.947234083672749,-4.840423764620427,0.0853145150418071,0.7570922563465254,1.4719594136789915,0.6545062967932447,-1.2931096194887082,0.21331342598887026,7.539414260589217,0.6510898784612095,0.11015464112589736
2017-04-07,0.7570922563465311,0.6510898784612095,0.11015464112589736,3.265373921952,1512,1.2860852407367678,-6.242738798603975,-6.947234083672749,-2.213976146595134,0.7094956209273251,-0.10181512512515978,-1.9218582968906106,-3.1375816128318412,0.21174449123950723,7.077757274618546,0.6114581805763372,0.09639941250300098
2017-04-10,0.7094956209273268,0.6114581805763372,0.09639941250300098,2.224044616291,1513,0.8570897781719929,-5.267468486852045,-6.242738798603975,0.7570922563465311,-0.805595084207622,-2.612816101991422,-2.7249587463814673,-2.7388361772309744,-0.2639669967473335,6.319625334061718,-0.4501795565583778,-0.3560395502150053
2017-04-11,-0.8055950842076186,-0.4501795565583778,-0.3560395502150053,2.167498222115,1497,0.8528752292878191,-6.0306291038673905,-5.267468486852045,0.7094956209273268,-1.8218981396359801,-1.934951536634788,-3.0388605073345953,-1.0614686325620681,1.695880804545613,6.7014812867005835,-1.0946533904375924,-0.7420261707625083
2017-04-12,-1.82189813963598,-1.0946533904375924,-0.7420261707625083,2.58699673398,1491,1.016677372331054,-7.458338015456956,-6.0306291038673905,-0.8055950842076186,-0.11515133706658798,-1.2395456264060578,-0.12940108769501357,1.2245099291865902,5.017722367230371,8.615832114254939,-1.1996862366520438,1.10138239892885
2017-04-13,-0.11515133706658368,-1.1996862366520438,1.10138239892885,2.627681621679,1493,1.0218532703152088,-7.564900976575794,-7.458338015456956,-1.82189813963598,-1.1256905370440995,-0.014266178323507628,0.890717863050905,1.5261579406162795,5.546237548208532,9.029797774425163,-0.37814525879244626,-0.7372229107300666
2017-04-14,-1.1256905370441148,-0.37814525879244626,-0.7372229107300666,2.311662305275,1497,0.8878944422994468,-8.361137609377744,-7.564900976575794,-0.11515133706658368,1.1240779983773264,2.0393653427743796,2.4949819958012043,3.4578179647381635,6.423421856148637,10.077472206918014,-0.34822524975412944,1.4801919640696926
2017-04-17,1.1240779983773366,-0.34822524975412944,1.4801919640696926,1.928668579673,1495,0.7428632829106898,-7.331045319281482,-8.361137609377744,-1.1256905370441148,0.9051131664327583,1.3556652624767462,1.5406439099473257,2.5445605246852576,5.884041896751846,7.826959888813101,1.0313745865877266,-0.12219451483716265
2017-04-18,0.905113166432769,1.0313745865877266,-0.12219451483716265,2.08091294151,1488,0.8148678370715992,-5.938589352819013,-7.331045319281482,1.1240779983773366,0.4465106691876386,0.6298300686371716,1.3901033362946569,2.7869318444473823,5.727339255399655,7.296218356206374,-0.402268383077991,0.8586586650803856
2017-04-19,0.4465106691876448,-0.402268383077991,0.8586586650803856,2.627076975479,1490,1.034040797623773,-5.51859511869095,-5.938589352819013,0.905113166432769,0.1825044973968959,0.9393981541226948,1.172993398178268,3.7473260583799295,7.450674442647021,7.681033885323307,0.20466610752762626,-0.02087358033186808
2017-04-20,0.18250449739690097,0.20466610752762626,-0.02087358033186808,2.49302002106,1481,0.9890329939029477,-5.346162305578783,-5.51859511869095,0.4465106691876448,0.7555148082222907,0.9886845070908645,2.14360073383697,3.9596491083052854,7.310506542637096,7.593914533620394,0.7880884770699398,-0.030706506357427686
2017-04-21,0.7555148082222892,0.7880884770699398,-0.030706506357427686,2.546205991697,1478,1.0098045323874003,-4.631038545246735,-5.346162305578783,0.18250449739690097,0.23142127685256142,1.3776773690817423,2.7817957661782744,2.8664860227588074,6.85150509876542,7.746975398657541,0.9308534191750829,-0.6951808683303929
2017-04-24,0.23142127685257122,0.9308534191750829,-0.6951808683303929,2.413402601286,1480,0.9551061523548755,-4.410334476927114,-4.631038545246735,0.7555148082222892,1.1436095364377508,2.5444860073182474,2.9418787022677195,3.2566148364960634,6.601016836707685,7.605101863788133,0.11484312168153381,1.0267546913559757
2017-04-25,1.1436095364377525,0.11484312168153381,1.0267546913559757,2.660260919532,1472,1.0507343777020144,-3.3171619461563107,-4.410334476927114,0.23142127685257122,1.3850370550359203,1.7779365143006265,1.4685764088447462,2.8606821491686807,4.922127073932803,5.81102105593525,0.8513724708092192,0.5298772844581241
2017-04-26,1.385037055035913,0.8513724708092192,0.5298772844581241,2.886000912622,1462,1.1402374142443497,-0.990648310149056,-3.3171619461563107,1.1436095364377525,0.3875319974992131,0.0823981094601578,0.6944584315601299,3.5695844172245694,3.426192899558922,4.423705123333299,-0.1076778652319761,0.49930710901092473
2017-04-27,0.38753199749920675,-0.1076778652319761,0.49930710901092473,2.767369435815,1461,1.0840010462636027,0.0,-0.990648310149056,1.385037055035913,-0.3039559614302134,0.30574158757936676,1.0638313881672357,3.22322888069857,3.3005063061821716,4.406007499962761,0.04660593001383064,-0.34735324238080206
2017-04-28,-0.30395596143022846,0.04660593001383064,-0.34735324238080206,2.82996951339,1474,1.099722553855118,-0.3039559614302134,0.0,0.38753199749920675,0.6115564111788707,1.3719574961954306,3.484315297831375,3.873972204246323,3.4335020308861264,4.692692475723681,0.06748235569891647,0.5448117182450262
2017-05-01,0.6115564111788659,0.06748235569891647,0.5448117182450262,2.444112751462,1465,0.9510050078410044,0.0,-0.3039559614302134,-0.30395596143022846,0.7557790696616884,2.8552971339715016,2.908594510087825,3.2389227610331917,1.834948833891148,5.2964806006730925,0.27455541138737266,0.48110735958534817
2017-05-02,0.7557790696616908,0.27455541138737266,0.48110735958534817,2.57775792648,1461,1.005638616773648,0.0,0.0,0.6115564111788659,2.08376937153969,2.1366669587634224,2.4681527020377514,2.0041136046274888,1.4838915949798803,5.298946446142372,1.2609795656113685,0.8147592484527937
2017-05-08,2.0837693715397,1.2609795656113685,0.8147592484527937,3.927180050405,1445,1.5450407778102548,0.0,0.0,0.7557790696616908,0.05181782329295448,0.3765371643939419,0.372976052523577,-0.13844944775291967,0.21438622314022826,3.5556221530536947,0.041015539144950285,0.009293972181487456
2017-05-09,0.05181782329294772,0.041015539144950285,0.009293972181487456,2.944796770575,1460,1.1273625974217303,0.0,0.0,2.0837693715397,0.32455116575142995,0.3209918982160165,-0.1297803796450947,0.07486437531700751,0.26410087894859213,2.2079034318092106,0.12115081404847222,0.20210153136472384
2017-05-10,0.32455116575141957,0.12115081404847222,0.20210153136472384,3.081478547796,1466,1.1781605701435796,0.0,0.0,0.05181782329294772,-0.003547753260835229,-0.45286177721932663,-0.5130547702631327,-0.42404287042581146,0.8380511805279767,2.5258422798035696,0.12053926565913263,-0.12375257988749777
2017-05-11,-0.0035477532608424317,0.12053926565913263,-0.12375257988749777,3.095529071837,1477,1.187707971237114,-0.003547753260835229,0.0,0.32455116575141957,-0.4493299650769722,-0.5095250936954177,-0.24534000137153011,-1.3599269438250627,0.9419094272041573,2.262243017211274,-0.2510592944157566,-0.19617144217632443
2017-05-12,-0.44932996507696593,-0.2510592944157566,-0.19617144217632443,3.284271391664,1488,1.2394042423495533,-0.45286177721932663,-0.003547753260835229,-0.0035477532608424317,-0.060466824178417866,0.20491068883201624,0.028950010324768627,-0.5100010100220209,0.8471940159734848,2.8899575077874884,-0.5077138556619953,0.4525679964115649
2017-05-15,-0.06046682417842332,-0.5077138556619953,0.4525679964115649,2.911159290448,1508,1.075928665156279,-0.5130547702631327,-0.45286177721932663,-0.44932996507696593,0.26553807545164343,0.08947093473599121,-0.8547570517986824,0.3533248471928596,0.9644676999211343,2.771364609266369,0.3164049450452589,-0.04959342994071496
2017-05-16,0.2655380754516335,0.3164049450452589,-0.04959342994071496,2.948321971237,1521,1.0831749651356726,-0.24887905057446869,-0.5130547702631327,-0.06046682417842332,-0.17560085358855337,-1.1173281954636072,-0.7134497640280957,0.1890949388868357,1.0701798406523855,2.741923268893509,-0.3909159433854249,0.21631013595796378
2017-05-17,-0.17560085358856806,-0.3909159433854249,0.21631013595796378,2.829328671014,1528,1.0333718690865084,-0.42404287042581146,-0.24887905057446869,0.2655380754516335,-0.9433839321124515,-0.5387950391273377,0.26361805092258717,1.267468661447535,1.2173912901658923,2.732989169028599,-1.8311754125445812,0.9122039275756794
2017-05-18,-0.9433839321124576,-1.8311754125445812,0.9122039275756794,3.105109602557,1530,1.1234761185772126,-1.363426450233407,-0.42404287042581146,-0.17560085358856806,0.4084420698440061,1.2184970887838764,1.3211851080772385,2.3335712350074367,3.3991589394602117,3.4707916996154387,0.35417455141268894,0.05367974431988325
2017-05-19,0.40844206984401155,0.35417455141268894,0.05367974431988325,2.72789378616,1538,0.9664255092659242,-0.9605531876035189,-1.363426450233407,-0.9433839321124576,0.8067598722190983,0.9090301765645625,1.816048479691612,1.3641522160757313,3.7592713397199162,3.3507757584192888,0.5057609382093373,0.29986396269988663
2017-05-22,0.8067598722191058,0.5057609382093373,0.29986396269988663,2.173377747588,1539,0.7612498691791051,-0.1615426730533276,-0.9605531876035189,0.40844206984401155,0.10145183167784566,1.0012112369764292,1.1016505661464837,0.6089911357285427,3.3340881043503856,3.61046634738198,0.16590762783327692,-0.06419029575492809
2017-05-23,0.10145183167783522,0.16590762783327692,-0.06419029575492809,2.23947393606,1544,0.7906833004536639,-0.06025472937623011,-0.1615426730533276,0.8067598722191058,0.8988475080376812,0.9991850429407201,0.45102211240641843,0.8794219593489583,1.938682475403053,4.238727472824166,0.7311094249194116,0.16363739540642586
2017-05-24,0.8988475080376868,0.7311094249194116,0.16363739540642586,2.484894371731,1552,0.8812775814482902,0.0,-0.06025472937623011,0.10145183167783522,0.09944368779339907,-0.4438359869230246,-0.3883320768575893,-0.04945060041845473,1.6737640994806569,3.247731769798534,0.09668550664598732,0.0024640511540501386
2017-05-25,0.0994436877933907,0.09668550664598732,0.0024640511540501386,2.50596863462,1569,0.8897189724327149,0.0,0.0,0.8988475080376868,-0.5427399540909539,-0.48729118432701,-0.11857826728089993,1.0412884956449542,1.3080132895240126,3.4004074697548736,0.008159032923817137,-0.5499544939796561
2017-05-26,-0.542739954090965,0.008159032923817137,-0.5499544939796561,2.444153731704,1576,0.866348600820382,-0.5427399540909539,0.0,0.0994436877933907,0.055751354640531936,0.426476344325466,0.3961436144252817,2.3628857651160073,2.025602706893803,3.38209296665839,0.13828874388632992,-0.08075145658904447
2017-05-29,0.0557513546405275,0.13828874388632992,-0.08075145658904447,2.075029749439,1580,0.7383377033477305,-0.48729118432701,-0.5427399540909539,-0.542739954090965,0.3705184206462375,0.34020259223106475,1.5360647882707745,2.7086018236138543,1.789636443897824,4.116256351293401,0.09173518693472842,0.2800813279091726
2017-05-30,0.37051842064623425,0.09173518693472842,0.2800813279091726,2.189229084705,1579,0.7903756852456987,-0.11857826728089993,-0.48729118432701,0.0557513546405275,-0.030203917337667807,1.1612437456383518,1.9281861629310892,1.0500263537205345,1.654042202039041,4.256378818263151,-0.10252804827186163,0.0705857015203597
2017-05-31,-0.030203917337662593,-0.10252804827186163,0.0705857015203597,3.305820781094,1567,1.2060849610193312,-0.14874636933672747,-0.11857826728089993,0.37051842064623425,1.1918076355690754,1.9589817695030876,2.3603691941978866,1.7240672615115304,1.4973690386050897,3.0221679427101966,0.24853924448118456,0.9401003817853504
2017-06-01,1.1918076355690763,0.24853924448118456,0.9401003817853504,2.865398757801,1573,1.0364063906274423,0.0,-0.14874636933672747,-0.030203917337662593,0.7581385804440677,1.1547985809654104,-0.10994071227264923,0.2639760417253223,0.06927789441419918,2.9238228295925595,0.5288216542703906,0.22775871751559376
2017-06-02,0.7581385804440568,0.5288216542703906,0.22775871751559376,3.771289381277,1576,1.3537503094680166,0.0,0.0,1.1918076355690763,0.39367539546659724,-0.8615475682132057,-0.230400994512292,-0.3294974108058457,-0.39369549923221614,1.7887280154540441,-0.09776018469196601,0.4913805898829371
2017-06-05,0.39367539546659225,-0.09776018469196601,0.4913805898829371,2.74244682756,1590,0.9637887990005793,0.0,0.0,0.7581385804440568,-1.2503008369155633,-0.6216291888115011,-0.8806527735084058,-0.894730687984846,0.26746086223985444,2.070680267402558,-0.05258212641615432,-1.192530580508867
2017-06-06,-1.2503008369155733,-0.05258212641615432,-1.192530580508867,2.886006239523,1582,1.0358035654063098,-1.2503008369155633,0.0,0.39367539546659225,0.6366314565331654,0.3743282931897296,0.5366738579800412,0.5977394268104286,2.25630245709334,2.1895932927178396,-0.11719420235995899,0.75474909633496
2017-06-07,0.636631456533172,-0.11719420235995899,0.75474909633496,2.645894010382,1588,0.9506288865092726,-0.6216291888115011,-1.2503008369155633,-1.2503008369155733,-0.26064382277811715,-0.09932526268658926,-0.27480979708573994,-0.22285603496726702,1.5480568505144232,2.2968931836339967,0.3267790573924521,-0.5831159261575867
2017-06-08,-0.2606438227781275,0.3267790573924521,-0.5831159261575867,2.885642303484,1581,1.04494336770528,-0.8806527735084058,-0.6216291888115011,0.636631456533172,0.16174012573821894,-0.014202993532907993,0.22257796133700047,-0.19418554399847077,2.0653787516798916,2.5209892956949087,0.035682673855847245,0.12264651439625643
2017-06-09,0.1617401257382171,0.035682673855847245,0.12264651439625643,3.612320473411,1576,1.3130766417522834,-0.7203370166733669,-0.8806527735084058,-0.2606438227781275,-0.17565900817044788,0.060739595300973726,-0.12365359153528876,-0.0644103187589784,1.3295586830901485,2.044236964543056,-0.2131293359997548,0.0398886735728495
2017-06-12,-0.17565900817046168,-0.2131293359997548,0.0398886735728495,2.671448897915,1576,0.9653148251925048,-0.894730687984846,-0.7203370166733669,0.1617401257382171,0.23681458963076274,0.05209692958494383,-0.1800081170067802,1.1726839130679734,2.285713937762157,3.069817187747992,-0.12849557070539197,0.37160112645750304
2017-06-13,0.23681458963076957,-0.12849557070539197,0.37160112645750304,2.420024075973,1578,0.8782674067781292,-0.6600349511611259,-0.894730687984846,-0.17565900817046168,-0.1842812551476669,-0.415837941722319,-0.12507394465213206,1.6487080522217923,2.5599932475404374,3.6828358732069466,0.5236380332678113,-0.6997430899777868
2017-06-14,-0.18428125514766708,0.5236380332678113,-0.6997430899777868,2.536351017897,1579,0.9293939597580958,-0.8430998856163829,-0.6600349511611259,0.23681458963076957,-0.2319841899516395,0.0593166199072126,1.1200034960503258,1.7748682865710297,1.5023038710738623,3.6303897211255487,-0.15454272592027846,-0.07391090032929139
2017-06-15,-0.23198418995163606,-0.15454272592027846,-0.07391090032929139,2.87469396162,1574,1.059057603951692,-1.0731282171278944,-0.8430998856163829,-0.18428125514766708,0.2919781530119625,1.355131376548635,2.073167008962651,2.263960579846236,2.852568735621608,3.7015397459281507,0.3777637804972314,-0.08672240235763871
2017-06-16,0.29197815301196023,0.3777637804972314,-0.08672240235763871,3.53950418902,1575,1.3095365127105683,-0.7842833640637648,-1.0731282171278944,-0.23198418995163606,1.0600580855177455,1.7760033142762532,1.7145346626547875,1.3948674404137718,2.1910495782618167,3.5785411970205017,0.23380541312372202,0.8215205609353399
2017-06-19,1.0600580855177475,0.23380541312372202,0.8215205609353399,2.317680608943,1586,0.8448056109397613,0.0,-0.7842833640637648,0.29197815301196023,0.7084354019989414,0.6476115188685405,0.8966780378599326,1.1001289890169685,1.7984093639712206,2.225867358405109,0.7135284393440908,-0.0018610050198185218
2017-06-20,0.7084354019989455,0.7135284393440908,-0.0018610050198185218,2.956957355805,1588,1.0749978324208198,0.0,0.0,1.0600580855177475,-0.06039601636904646,0.1869184394629686,-0.3744850077140094,0.896504454193825,-0.06523721547970762,1.8862736749934328,-0.22871682013979197,0.1694374682535194
2017-06-21,-0.06039601636903302,-0.22871682013979197,0.1694374682535194,2.676787886787,1599,0.9606142651454769,-0.06039601636904646,0.0,0.7084354019989455,0.2474639141781365,-0.314278803222412,0.4496057713834434,-0.26781112084537373,0.7374206423485852,2.65021408744337,0.17850491185832995,0.06437816344012884
2017-06-22,0.2474639141781421,0.17850491185832995,0.06437816344012884,2.440026795379,1589,0.8726435117068644,0.0,-0.06039601636904646,-0.06039601636903302,-0.5603560384145445,0.2016428638817125,0.7082621421873769,0.5755773123179431,0.44639088159708074,2.6199747709034993,0.20806187044266422,-0.7643510988288538
2017-06-23,-0.5603560384145453,0.20806187044266422,-0.7643510988288538,2.411723909366,1584,0.8635396092870659,-0.5603560384145445,0.0,0.2474639141781421,0.7662928706689831,1.2757670181240632,0.04661418086679969,0.7852292309726172,0.7053008921987569,3.318755170616794,0.19608898931417287,0.569559752169499
2017-06-26,0.7662928706689914,0.19608898931417287,0.569559752169499,2.054181334628,1592,0.7359455314090293,0.0,-0.5603560384145445,-0.5603560384145453,0.5055997724447314,-0.7142057818142367,0.3731819536574088,0.6906819822456445,0.7665813922586917,2.411184612701689,0.3787251828419561,0.12989515561189297
2017-06-27,0.5055997724447217,0.3787251828419561,0.12989515561189297,2.496491414584,1595,0.8947448244183571,0.0,0.0,0.7662928706689914,-1.2136692453164177,-0.1317516825800058,-0.4843585011443774,-0.9531962230764468,1.0948154247206299,1.9453731568578991,-0.3255977513762376,-0.8917961753271526
2017-06-28,-1.2136692453164297,-0.3255977513762376,-0.8917961753271526,2.797721861212,1602,0.9972152722130215,-1.2136692453164177,0.0,0.5055997724447217,1.0952097870940758,0.7382709111680041,1.414993731099723,1.007931114809879,2.0965887166016994,3.2409367952795254,0.729636119235429,0.3635880351679505
2017-06-29,1.095209787094066,0.729636119235429,0.3635880351679505,2.80639262403,1617,1.0094467032152283,-0.1317516825800058,-1.2136692453164177,-1.2136692453164297,-0.35307199686095414,0.3163195809960939,-0.822528235286113,-0.12844711824990807,0.8254251894172837,1.3480982973048228,-0.9269040292617908,0.5821639708238797
2017-06-30,-0.35307199686095164,-0.9269040292617908,0.5821639708238797,3.044144229863,1610,1.0961281021424518,-0.4843585011443774,-0.1317516825800058,1.095209787094066,0.6717633862590722,-0.4711196299100884,0.26768397075196404,-0.07930560795836872,1.3577428008468395,1.217954320232617,0.33459400470373424,0.3339335749547152
2017-07-03,0.6717633862590646,0.33459400470373424,0.3339335749547152,2.387025090585,1595,0.8709157653536374,0.0,-0.4843585011443774,-0.35307199686095164,-1.1352567768025845,-0.4013830709975186,-0.4433642513039793,0.075378782344937,0.41990635915098995,-0.3870345716403212,0.6709006230565622,-1.7793238531316866
2017-07-04,-1.1352567768025827,0.6709006230565622,-1.7793238531316866,2.967228479447,1598,1.0896705838915597,-1.1352567768025845,0.0,0.6717633862590646,0.7423007250909164,0.699837477892995,0.39366867234393865,2.0677210871030915,1.9527848329224495,1.6018841717996501,0.014146509966029841,0.731356851242054
2017-07-05,0.7423007250909178,0.014146509966029841,0.731356851242054,2.873171669046,1602,1.0535583583058,-0.4013830709975186,-1.1352567768025845,-1.1352567768025827,-0.04215036473487199,-0.3460632229338678,0.4786832066978608,1.077794178908964,1.8987913656096422,0.5300532110680711,0.004651021774276276,-0.04134447867921686
2017-07-06,-0.042150364734875524,0.004651021774276276,-0.04134447867921686,2.763121204103,1601,1.0089996392054084,-0.4433642513039793,-0.4013830709975186,0.7423007250909178,-0.3040410125947468,0.5210531972558385,1.358377176636849,0.9550991049439128,2.1639243284196974,0.854682164137377,-0.6922836693032205,0.39609379126705746
2017-07-07,-0.30404101259475064,-0.6922836693032205,0.39609379126705746,2.637029107527,1602,0.9651140038619764,-0.7460572547395738,-0.4433642513039793,-0.042150364734875524,0.8276104851499655,1.667488036743392,1.428801959954784,1.4381889733140918,2.595150657675549,1.56322610020867,0.6986421021000542,0.12814057415143087
2017-07-10,0.8276104851499686,0.6986421021000542,0.12814057415143087,2.416454123588,1597,0.900457360709457,0.0,-0.7460572547395738,-0.30404101259475064,0.8329836912252642,0.5962567910833938,0.4317960207165017,0.34426807172558416,1.6320919075749618,0.7939258445616826,0.14282909229669158,0.6877206014721925
2017-07-11,0.8329836912252718,0.14282909229669158,0.6877206014721925,2.439079982088,1598,0.9132273175167754,0.0,0.0,0.8276104851499686,-0.2347712935548696,-0.3978734495621805,-0.22553824025478564,-0.1126078381651574,0.8413465404372156,-1.1491835931249805,-0.030439580951709257,-0.20984626631677328
2017-07-12,-0.23477129355485418,-0.030439580951709257,-0.20984626631677328,2.334145174702,1601,0.8736265286320222,-0.2347712935548696,0.0,0.8329836912252718,-0.16348597414359567,0.00925478086883924,-0.25049512516270855,0.8122428802190607,1.1208484955891107,-1.3585514139937915,0.39780709165784717,-0.5601131380976804
2017-07-13,-0.1634859741436012,0.39780709165784717,-0.5601131380976804,2.32514765264,1606,0.873564574249893,-0.3978734495621805,-0.2347712935548696,-0.23477129355485418,0.17302362437023877,-0.0871516317132004,0.286405141412871,1.1973889721203612,0.5183941519766755,-2.3501684748100327,0.18229293239749694,0.004086473753510979
2017-07-14,0.17302362437024188,0.18229293239749694,0.004086473753510979,2.277926328198,1605,0.8647504718298668,-0.22553824025478564,-0.3978734495621805,-0.1634859741436012,-0.2597258689715165,0.11318567907843136,0.8029137914382645,1.1405583006473208,-0.13791593690960502,-1.6364939503648812,-0.11377617801129324,-0.14383028572395512
2017-07-18,-0.2597258689715152,-0.11377617801129324,-0.14383028572395512,2.467691862781,1599,0.9597724319514792,-0.48467832807194133,-0.22553824025478564,0.17302362437024188,0.3738826179283006,1.0654067974726011,1.2856610784417244,1.2834054805490824,-0.803566703104952,-0.7240962056341838,-0.11398255741986232,0.48402284436986803
2017-07-19,0.37388261792830846,-0.11398255741986232,0.48402284436986803,2.308456747289,1597,0.8952286862254231,-0.1126078381651574,-0.48467832807194133,-0.2597258689715152,0.6889483215236192,0.9083821774475975,1.0262110975693295,0.9550298170331706,-0.34417957459215165,-0.6343239622251917,0.31418241172706335,0.3727755614098565
2017-07-20,0.6889483215236256,0.31418241172706335,0.3727755614098565,2.453216099406,1587,0.9634822989609728,0.0,-0.1126078381651574,0.37388261792830846,0.21793241421419474,0.3349551084482094,0.2157005942827972,0.30611918409226835,-1.3432329630197248,-2.2836610826944326,-0.03486582273788262,0.257058846775233
2017-07-21,0.21793241421418763,-0.03486582273788262,0.257058846775233,2.278601659059,1586,0.8988500097002877,0.0,0.0,0.6889483215236256,0.11676821843653595,-0.0022269666492102935,0.04622771525912839,-0.6709608094046304,-1.281511230983634,-2.5105201374643005,-0.2539111017723842,0.3738711685563487
2017-07-24,0.11676821843653112,-0.2539111017723842,0.3738711685563487,2.254161241095,1582,0.8920490894167395,0.0,0.0,0.21793241421418763,-0.11885639858661978,-0.07045823035707333,-0.02873965939862444,-1.26405693130206,-1.0058219621997821,-2.2943399866870995,0.09559941680548688,-0.20858773890192023
2017-07-25,-0.11885639858662568,0.09559941680548688,-0.20858773890192023,2.163099748084,1582,0.858690019808137,-0.11885639858661978,0.0,0.11676821843653112,0.04845576100198645,0.09022397615672251,-0.6687487355667265,-2.060527263821932,-0.8247061014699186,-1.7687251534933002,0.45975891643983074,-0.4082126079250007
2017-07-26,0.04845576100198442,0.45975891643983074,-0.4082126079250007,2.514825187587,1580,0.99616158899021,-0.07045823035707333,-0.11885639858661978,-0.11885639858662568,0.04174798585048212,-0.7168571379872035,-1.1944402824306644,-1.2869189321027097,-1.973922604022349,-1.7280377258233837,0.02526657791305099,0.018288227186781743
2017-07-27,0.04174798585048086,0.02526657791305099,0.018288227186781743,2.879938063058,1585,1.1403744226468326,-0.02873965939862444,-0.07045823035707333,0.04845576100198442,-0.7582885536396078,-1.2356723999424668,-2.148812495904695,-1.6443185725139475,-2.4519176277393084,-1.495143315904679,-0.06685985314223386,-0.6931685510424164
2017-07-28,-0.7582885536396113,-0.06685985314223386,-0.6931685510424164,3.083809806516,1587,1.219117458618752,-0.7868102834906576,-0.02873965939862444,0.04174798585048086,-0.4810314527484483,-1.401148692419174,-0.5741778288664734,-0.6146746475695464,-2.8537688559266527,-0.17990083901860965,-0.23482643469164874,-0.24482612377009244
2017-07-31,-0.48103145274844616,-0.23482643469164874,-0.24482612377009244,3.164004872608,1597,1.243999317296909,-1.26405693130206,-0.7868102834906576,-0.7582885536396113,-0.9245646866143375,-0.09359660522787472,-0.4137588768145961,0.2615409961928439,-1.5006476457155693,0.3706149928293101,-0.01805363699280413,-0.9126246519952009
2017-08-01,-0.9245646866143375,-0.01805363699280413,-0.9126246519952009,2.929886682893,1602,1.1492425579570582,-2.176934593910884,-1.26405693130206,-0.48103145274844616,0.8387226144987769,0.5155726121051307,0.7976503117629763,1.2618213349800067,0.08011426906138208,1.7318058859363994,0.2282021142503567,0.609387436858039
2017-08-02,0.8387226144987706,0.2282021142503567,0.609387436858039,2.726371354155,1604,1.0581481368866068,-1.356470422154088,-2.176934593910884,-0.9245646866143375,-0.32046221333944525,-0.04073068526742052,0.35547030956306624,-0.6959601143916361,-0.2911464542607489,1.4667795415463258,-0.053713460184343385,-0.26688676171252873
2017-08-03,-0.32046221333943115,-0.053713460184343385,-0.26688676171252873,2.507804449645,1596,0.97788952018419,-1.6725856603553968,-1.356470422154088,0.8387226144987706,0.2806308438856542,0.6781055951013526,0.7424210035142265,-0.8211005643032232,-0.9532322494636314,2.073243369180955,-0.23711919520482033,0.523471841922969
2017-08-04,0.2806308438856647,-0.23711919520482033,0.523471841922969,2.374123172358,1594,0.9324040578129509,-1.3966486077231166,-1.6725856603553968,-0.32046221333943115,0.39636243596679055,0.4604978605963206,-0.6554964173068889,-2.252942474572628,-1.2449632503556018,0.03799517401910091,0.4839599559878172,-0.08894758066026517
2017-08-07,0.39636243596679754,0.4839599559878172,-0.08894758066026517,2.263200655876,1595,0.8956826055699568,-1.0058219621997821,-1.3966486077231166,0.2806308438856647,0.06388221950812678,-1.0477061396966136,-1.4891084318113257,-1.757591818756643,-1.301609902751355,-2.646468771223831,0.1172660770747307,-0.053901047500332255
2017-08-08,0.06388221950812138,0.1172660770747307,-0.053901047500332255,2.37733776401,1598,0.9478650680204715,-0.9425822840854137,-1.0058219621997821,0.39636243596679754,-1.110878705231788,-1.5519991997838822,-2.7010022774665576,-1.1669818400850795,-0.9518691751891795,-2.1430649711865035,-0.2248782074442237,-0.8875579135156684
2017-08-09,-1.110878705231786,-0.2248782074442237,-0.8875579135156684,3.118924020611,1600,1.2445123763752122,-2.042990043444015,-0.9425822840854137,0.06388221950812138,-0.44607585624834023,-1.607986350181967,-0.7174019432659273,0.40765074673416724,0.25083619046155636,-0.6119692909765329,-0.08502724145496211,-0.3647635467691607
2017-08-10,-0.44607585624833185,-0.08502724145496211,-0.3647635467691607,2.810455582273,1606,1.1064203679119162,-2.47995261436299,-2.042990043444015,-1.110878705231786,-1.1671167198350485,-0.2725418303208271,0.3910870272319178,-0.13322560132469352,0.9808232910037296,-0.4030668469480525,-1.358107191925485,0.20023408972485604
2017-08-14,-1.1671167198350438,-1.358107191925485,0.20023408972485604,2.96013049228,1605,1.1545199697732316,-3.61812539259182,-2.47995261436299,-0.44607585624833185,0.9051389171540691,1.5766045625218439,2.0485779507368296,1.031211833619472,2.752415595971547,2.1617493206663507,0.6637119677365433,0.24348674276225282
2017-08-15,0.9051389171540701,0.6637119677365433,0.24348674276225282,2.57277746975,1617,0.9911696903172783,-2.7457355364375435,-3.61812539259182,-1.1671167198350438,0.6654424666310277,1.1331821608427273,0.1396969616523247,0.4641395955645278,1.8997715150596006,2.4338988882460555,0.11332876124876998,0.5525130453924587
2017-08-16,0.6654424666310372,0.11332876124876998,0.5525130453924587,2.129817225039,1619,0.8158841169836025,-2.0985643600873516,-2.7457355364375435,0.9051389171540701,0.464647730890122,-0.5222700979563788,-0.5369275053555,0.2176526315809113,1.6503694354649712,2.4730762688752295,0.06251652751560353,0.4005743760977519
2017-08-17,0.46464773089011124,0.06251652751560353,0.4005743760977519,2.047542932962,1618,0.7894758963015592,-1.6436675608776374,-2.0985643600873516,0.6654424666310372,-0.9823533463135359,-0.9969429633879701,-0.6615460435271836,-0.15617789591368947,1.763059079804452,1.3858117636947442,-1.2207658339877632,0.24223536486573147
2017-08-18,-0.9823533463135378,-1.2207658339877632,0.24223536486573147,2.474881819107,1624,0.9590701233971674,-2.609874283904623,-1.6436675608776374,0.46464773089011124,-0.014734360558443793,0.32399002968468427,0.7438074132430472,1.1155350706342437,3.0556026081206555,3.3093148161805086,0.2864199068987876,-0.3008573055474406
2017-08-21,-0.014734360558435017,0.2864199068987876,-0.3008573055474406,2.03095516314,1624,0.7867087046625221,-2.6242240961759533,-2.609874283904623,-0.9823533463135378,0.33877430647091256,0.7586535565518915,0.8492314203624618,1.703635669724135,1.2991321421176094,4.7388211824253235,-0.06567172024989575,0.4056865843022015
2017-08-22,0.33877430647090506,-0.06567172024989575,0.4056865843022015,1.986132593944,1628,0.7730541608641022,-2.266251640291017,-2.6242240961759533,-0.014734360558435017,0.41846160966498847,0.5087336549801202,0.7889887959154684,1.428999367609629,-1.3625945338595402,4.064555449887597,0.9420147656228236,-0.5162456445327338
2017-08-23,0.41846160966499096,0.9420147656228236,-0.5162456445327338,2.19913901533,1621,0.8604500334524151,-1.8572734237190414,-2.266251640291017,0.33877430647090506,0.08989586562877516,0.3689831334906968,0.9378669521837635,1.4296052304787032,-1.202643387692215,3.7717530965802437,-0.09339314955662348,0.18560419531070982
2017-08-24,0.08989586562878477,-0.09339314955662348,0.18560419531070982,2.051784257349,1616,0.8022294017524376,-1.769047170111604,-1.8572734237190414,0.41846160966499096,0.2788366052818958,0.8472094802590036,0.9156077080709757,1.9222390882806417,-0.8606466681224334,2.939741180882449,0.34215307318826854,-0.060901368151044
2017-08-25,0.2788366052819014,0.34215307318826854,-0.060901368151044,1.957903466081,1615,0.7725158493031229,-0.7424849405820111,-1.769047170111604,0.08989586562878477,0.566792450150122,0.6350004889820626,1.056722967470325,1.9186641658288872,-1.370448460262319,3.50241355788361,0.3475327639206926,0.2180356458911291
2017-08-28,0.5667924501501111,0.3475327639206926,0.2180356458911291,1.986512606858,1605,0.7983255143289816,-0.022929489427536698,-0.7424849405820111,0.2788366052819014,0.06782361967621053,0.48716927862948456,1.0659983687819174,-0.3977276966972032,-0.5748441745912158,2.8205373865533456,-0.7505126487978235,0.8295203242396271
2017-08-29,0.06782361967620237,-0.7505126487978235,0.8295203242396271,2.17246545423,1594,0.8927386432085521,0.0,-0.022929489427536698,0.5667924501501111,0.419061436318513,0.9974982097136875,1.2755638402241143,-2.752264065379939,0.5241693531251146,2.9734561313616625,0.5456230487273339,-0.12244410715077107
2017-08-30,0.4190614363185046,0.5456230487273339,-0.12244410715077107,2.534279101029,1585,1.0630778686626785,0.0,0.0,0.06782361967620237,0.5760228836255266,0.8529281111124165,-0.8806069289035934,-2.5951482431482042,0.8093495753919155,3.5669030940438606,0.3997519217119777,0.176031324793674
2017-08-31,0.5760228836255223,0.3997519217119777,0.176031324793674,2.595469838443,1575,1.0978555363188933,0.0,0.0,0.4190614363185046,0.2753193251708641,-1.4482873459955359,-3.7127278809495956,-2.73040092260205,-0.3707114541573131,3.13071968315608,0.3957483244369363,-0.12214666770498407
2017-09-01,0.2753193251708666,0.3957483244369363,-0.12214666770498407,2.194842046832,1579,0.9309717255812139,0.0,0.0,0.5760228836255223,-1.7188742781033772,-3.9770974881546794,-3.4189154631799834,-3.2271936185697903,0.2461896312659695,3.212995455513923,-0.4655075056344258,-1.263152770384108
2017-09-04,-1.718874278103379,-0.4655075056344258,-1.263152770384108,2.055780052749,1580,0.8778130751579324,-1.7188742781033772,0.0,0.2753193251708666,-2.2977180953760445,-1.7297738223788328,-1.300955145353755,-0.17782373212797964,3.3955760208113306,5.367475718925818,0.05134600130448986,-2.3508077392036277
2017-09-05,-2.297718095376053,0.05134600130448986,-2.3508077392036277,2.33473563534,1581,1.003748493251601,-3.9770974881546794,-1.7188742781033772,-1.718874278103379,0.5813009296462779,1.0202043704519825,0.7809635513698288,3.3691616437299787,5.502121591803366,7.533964520154379,-1.1541647577874141,1.7765361932613506
2017-09-06,0.5813009296462878,-1.1541647577874141,1.7765361932613506,2.525295162979,1594,1.0840068667153473,-3.4189154631799834,-3.9770974881546794,-2.297718095376053,0.4363668363294604,0.19850868886972517,1.579267852142463,3.495203531584501,5.034948965074615,6.26655434422605,0.570555881144836,-0.1409614435821282
2017-09-07,0.43636683632945306,0.570555881144836,-0.1409614435821282,2.312536837506,1590,0.9895359643016137,-2.997467640093987,-3.4189154631799834,0.5813009296462878,-0.23682472290872392,1.1379354429212674,2.325235122930569,2.4259270016802725,3.8333797037012785,5.954205903350829,-0.24703425753407224,0.002519384778498667
2017-09-08,-0.23682472290872728,-0.24703425753407224,0.002519384778498667,2.971424938978,1583,1.2937960444554082,-3.2271936185697903,-2.997467640093987,0.43636683632945306,1.3780236665599466,2.5681418406372947,3.2901635821262154,3.5892141395025945,4.940569983411769,7.093736365171588,0.9948584750952546,0.37917093485411396
2017-09-11,1.3780236665599574,0.9948584750952546,0.37917093485411396,2.254245945208,1576,0.9780995723568154,-1.8936414438394444,-3.2271936185697903,-0.23682472290872728,1.1739409894118147,1.8861483449859495,1.2734999514459222,3.5797654254202005,3.415012561918318,5.390772675279609,0.9880845375587487,0.1829463195119454
2017-09-12,1.1739409894118225,0.9880845375587487,0.1829463195119454,2.538445675441,1572,1.1185408063691884,-0.7419306875293574,-1.8936414438394444,1.3780236665599574,0.7039434745837125,0.09840375996079676,0.9955062854231755,2.0634393412464647,2.436515311688492,4.658865837448234,0.509941854488581,0.19485160253694303
2017-09-13,0.7039434745837205,0.509941854488581,0.19485160253694303,2.339320753378,1570,1.0315786767732826,-0.043209985606440515,-0.7419306875293574,1.1739409894118225,-0.6013068542601196,0.289524720462464,1.66226430966816,1.487745693470921,2.7354144533882296,4.140384101984518,0.1449040127598482,-0.7450906458203445
2017-09-14,-0.6013068542601225,0.1449040127598482,-0.7450906458203445,2.543599287209,1573,1.1165026814816839,-0.6442570152613847,-0.043209985606440515,0.7039434745837205,0.8962206106839066,2.277264511525723,1.9631038133214318,1.3741176118405196,3.5144596417571172,4.942536553449983,-0.20941782568158462,1.1124803018841185
2017-09-15,0.8962206106839045,-0.20941782568158462,1.1124803018841185,3.177905162846,1580,1.3799055300631522,0.0,-0.6442570152613847,-0.6013068542601225,1.3687766424578696,1.057406507577885,1.1947618421248585,1.3045333485099286,2.95951979338136,4.050265025836075,0.9784689203681618,0.387483524740288
2017-09-19,1.368776642457879,0.9784689203681618,0.387483524740288,3.526293096689,1587,1.5081625279475381,0.0,0.0,0.8962206106839045,-0.3071657222205926,-0.17166508869569386,-0.8830377933929046,-0.15905892702616775,1.9071412665834009,2.3125602477175766,-0.040012993705046185,-0.26632433155305335
2017-09-20,-0.3071657222205881,-0.040012993705046185,-0.26632433155305335,3.056625965066,1604,1.266782269865423,-0.3071657222205926,0.0,1.368776642457879,0.13591812742261844,-0.5776464029177086,0.24454104797704268,0.3655334102495189,1.9258787384507592,2.662269428778008,0.4368250120885547,-0.29748262501156764
2017-09-21,0.13591812742262452,0.4368250120885547,-0.29748262501156764,3.174600422377,1622,1.2871235533442975,-0.17166508869569386,-0.3071657222205926,-0.3071657222205881,-0.7125959832238515,0.10847548270960239,0.012627839260992424,1.2293787307934734,1.172567218137055,2.3965485306568945,0.06889794781169536,-0.7813731691480142
2017-09-22,-0.7125959832238506,0.06889794781169536,-0.7813731691480142,2.84188463076,1625,1.1298826807900804,-0.8830377933929046,-0.17166508869569386,0.13591812742262452,0.8269643808944016,0.7304288289804672,0.9486597118687712,2.111329874270207,2.0425283330866684,4.152439639113559,0.5948197095641259,0.235262228763574
2017-09-25,0.8269643808944053,0.5948197095641259,0.235262228763574,2.377019100913,1627,0.9304463829358761,-0.06337582051969548,-0.8830377933929046,-0.7125959832238506,-0.0957437849157583,0.1206972080550317,1.1196886604046608,1.6336746147163295,2.0517959661360496,4.0226068621807,-0.17303250982613957,0.07859921527764144
2017-09-26,-0.09574378491575654,-0.17303250982613957,0.07859921527764144,2.770084413736,1637,1.0754835729824899,-0.15905892702616775,-0.06337582051969548,0.8269643808944053,0.21664842036841492,1.21659726158585,1.370887686415223,2.0694919052289373,1.9105157601545963,3.5712753336117675,-0.2012413960084572,0.4183937408379528
2017-09-27,0.2166484203684142,-0.2012413960084572,0.4183937408379528,2.327049868292,1644,0.8899387674732729,0.0,-0.15905892702616775,-0.09574378491575654,0.997787151115892,1.1517440307973859,1.5111534865935417,1.5546625172839335,2.1694905561729705,3.744763103925264,0.5517814947695776,0.4450665786332943
2017-09-28,0.9977871511159023,0.5517814947695776,0.4450665786332943,3.099299267436,1645,1.181778570582268,0.0,0.0,0.2166484203684142,0.15243589391829016,0.5082946369008301,0.8426430711149457,-0.056121566059907924,1.3675611823552147,3.707691072280883,-0.04977213579779139,0.20289823130421436
2017-09-29,0.15243589391828777,-0.04977213579779139,0.20289823130421436,3.25846493478,1657,1.2292276969917526,0.0,0.0,0.9977871511159023,0.35531711216638673,0.689156655088996,0.3983307360116983,-0.06737894929802479,1.3795917175582595,3.944229841460234,0.3924544143202661,-0.034078740061503826
2017-10-02,0.3553171121663864,0.3924544143202661,-0.034078740061503826,2.352708222652,1656,0.8765768212844188,0.0,0.0,0.15243589391828777,0.3326575537093701,0.042861330204613246,-0.5615618143753887,0.41140040739919836,1.059392307426843,3.808982626873192,0.4335536583730718,-0.09968409027319394
2017-10-03,0.3326575537093605,0.4335536583730718,-0.09968409027319394,2.697798680264,1660,1.0022039401724292,0.0,0.0,0.3553171121663864,-0.28883539075961195,-0.8912545425262652,-0.7513575736645906,-0.15575285240171377,0.39783176732788306,3.9838757531675872,0.1571997719325887,-0.4452459614486835
2017-10-04,-0.288835390759619,0.1571997719325887,-0.4452459614486835,2.755996218223,1662,1.0117583360243518,-0.28883539075961195,0.0,0.3326575537093605,-0.604164191770773,-0.4638619804688493,0.36838118411886,0.605415865356651,0.7224766658297632,4.147794668442351,-0.006505559626489942,-0.5962755817917463
2017-10-05,-0.6041641917707752,-0.006505559626489942,-0.5962755817917463,2.273308574432,1664,0.8281543855750132,-0.8912545425262652,-0.28883539075961195,-0.288835390759619,0.14115501938394281,0.9784568618810496,0.7421158311807563,1.424482190128451,1.2097956453757108,4.40094388583383,0.1836162193356856,-0.0422690780333737
2017-10-06,0.1411550193839436,0.1836162193356856,-0.0422690780333737,2.576360372604,1670,0.9428822722098806,-0.7513575736645906,-0.8912545425262652,-0.6041641917707752,0.8361216148695672,0.6001137211573804,1.0742609338687314,1.4479462778446806,2.067678389092542,4.86723963756337,0.10427071924686203,0.7280970568400127
2017-10-10,0.8361216148695605,0.10427071924686203,0.7280970568400127,2.882698691817,1676,1.0499256366710257,0.0,-0.7513575736645906,0.1411550193839436,-0.2340509431863924,0.23616469493810133,0.4417034505265649,0.6453369810584864,1.9311868815112598,4.379336332014749,0.0770304388204933,-0.30778219327801937
2017-10-11,-0.23405094318638134,0.0770304388204933,-0.30778219327801937,2.716523495883,1684,0.9910031741211309,-0.2340509431863924,0.0,0.8361216148695605,0.47131876413737395,0.6773397137014525,0.842774948582381,0.5544481885984442,1.6296253247954917,4.15472901585765,0.3730848943708115,0.09711259498795698
2017-10-12,0.4713187641373771,0.3730848943708115,0.09711259498795698,2.911883260228,1693,1.053389268036076,0.0,-0.2340509431863924,-0.23405094318638134,0.2050544892794104,0.36971365461722083,0.40820824237006725,0.11635636060565169,1.5418228467002137,3.4761189163830197,-0.12844928734128477,0.3336845701796429
2017-10-13,0.20505448927941997,-0.12844928734128477,0.3336845701796429,3.712743228048,1698,1.3340932885183014,0.0,0.0,0.4713187641373771,0.16432221525854995,0.20273802965937726,-0.12206473219543712,-0.21167132443457026,2.308558934071514,2.583174378291986,0.24581151537994303,-0.08182085597545316
2017-10-16,0.1643222152585498,0.24581151537994303,-0.08182085597545316,3.009719204661,1702,1.0554336206436763,0.0,0.0,0.20505448927941997,0.03835279224300159,-0.2859171221051393,-0.2524240478391615,0.6108867985858968,2.529738067053011,1.7965913593120941,0.27239599421342026,-0.23199819962663132
2017-10-17,0.03835279224299501,0.27239599421342026,-0.23199819962663132,2.952790193422,1711,1.0270759135869554,0.0,0.0,0.1643222152585498,-0.3241455954613448,-0.2906653617998245,-0.41357088862310487,1.2776050426407615,2.7207667260475743,-0.679818214016914,0.05454512353209479,-0.37660173302228656
2017-10-18,-0.32414559546134875,0.05454512353209479,-0.37660173302228656,2.617742023839,1710,0.9141141863646842,-0.3241455954613448,0.0,0.03835279224299501,0.03358911128630293,-0.08971610396116825,0.899375388919954,1.0692487061144007,3.5718340951329974,1.0812926033485049,0.1748570005715083,-0.1388699582579548
2017-10-19,0.033589111286292675,0.1748570005715083,-0.1388699582579548,2.752598590085,1717,0.9766996902384095,-0.2906653617998245,-0.3241455954613448,-0.32414559546134875,-0.12326381202847347,0.8654955653650154,1.5728421116549596,1.4238097928376492,3.4007483890382106,1.5276105264365958,-0.3245157987382985,0.20472526197870827
2017-10-20,-0.12326381202847664,-0.3245157987382985,0.20472526197870827,2.788696257128,1711,0.9948743894939704,-0.41357088862310487,-0.2906653617998245,0.033589111286292675,0.9899796640657321,1.6981991887393022,1.1600055218354832,2.52557617905389,3.1530033433121885,2.4652483760060795,0.8733600800119788,0.12120802353760206
2017-10-23,0.9899796640657337,0.8733600800119788,0.12120802353760206,2.96532749024,1708,1.0652205926223541,0.0,-0.41357088862310487,-0.12326381202847664,0.7012770247398992,0.1683591365552628,0.553523506074316,1.9072004328005487,2.7428479736735234,2.4472072980909143,-0.02189339931546486,0.72400729490958
2017-10-24,0.7012770247398972,-0.02189339931546486,0.72400729490958,2.902527609852,1700,1.0403546244815793,0.0,0.0,0.9899796640657337,-0.5292066833012532,-0.1467245729458666,0.8135611022758393,1.4249563689812783,2.401766844282216,2.326660046464868,0.3013841318238572,-0.8283037819076483
2017-10-25,-0.5292066833012522,0.3013841318238572,-0.8283037819076483,3.765596241564,1706,1.3371119976626873,-0.5292066833012532,0.0,0.7012770247398972,0.38451700001791433,1.3499116080254003,1.7359187184795566,2.476109618955946,2.484613795428481,3.4005582595078465,-0.022853590129395092,0.4120813835652669
2017-10-26,0.3845170000179058,-0.022853590129395092,0.4120813835652669,2.988513637648,1707,1.0427503051530556,-0.1467245729458666,-0.5292066833012532,-0.5292066833012522,0.9616967206280691,1.3462252535033858,1.5739903725795257,1.9491858965252185,1.9049254932157922,3.1185034079992624,0.36569850564111994,0.5925061200617446
2017-10-27,0.96169672062808,0.36569850564111994,0.5925061200617446,3.504770448581,1704,1.2089313894624383,0.0,-0.1467245729458666,0.3845170000179058,0.3808657593575848,0.6064613331981938,1.111197822535992,0.6119713613338185,0.2684188371741447,1.7386404540375988,0.25426017264174433,0.12668707446791977
2017-10-30,0.38086575935758216,0.25426017264174433,0.12668707446791977,4.392151011679,1703,1.5045022045485221,0.0,0.0,0.96169672062808,0.2247396175895089,0.7275610323278503,0.5949512589281003,0.8200083382959855,-0.7150576228541983,1.9751527821962434,-0.16658851810300457,0.3964161573415242
2017-10-31,0.2247396175895093,-0.16658851810300457,0.3964161573415242,3.863068822871,1724,1.2980643119364628,0.0,0.0,0.38086575935758216,0.5016939097640671,0.36938149477976356,0.005476813380167478,0.963086907079691,-3.3105135879035186,1.9815009489050794,0.4452425231639998,0.05603932599028888
2017-11-01,0.5016939097640734,0.4452425231639998,0.05603932599028888,4.269311957866,1724,1.3990676756019162,0.0,0.0,0.2247396175895093,-0.13165192529301928,-0.493740032709733,0.09177955369976676,0.008298691767438804,-2.4046513355135413,1.5706010638824042,0.20286961598692352,-0.33492367482533003
2017-11-02,-0.13165192529302158,0.20286961598692352,-0.33492367482533003,3.718944144093,1732,1.1881168968205318,-0.13165192529301928,0.0,0.5016939097640734,-0.36256543178809775,0.22372601860365382,0.5915204452373812,-0.043414180231260424,-1.8115322101480813,1.0785144150672776,0.2166835370257098,-0.5811988461773381
2017-11-06,-0.3625654317881029,0.2166835370257098,-0.5811988461773381,3.739164523737,1734,1.176480242914462,-0.493740032709733,-0.13165192529301928,-0.13165192529302158,0.5884248755826604,0.9575576500540084,0.5045297900274637,-0.34146286919063407,-0.666732858002328,1.2830433789496887,-0.20172506692159725,0.7910937316947816
2017-11-07,0.5884248755826712,-0.20172506692159725,0.7910937316947816,4.002450534697,1745,1.2309336960563892,0.0,-0.493740032709733,-0.3625654317881029,0.36697341163054453,-0.08340431382533042,-0.26654387084483755,-1.522580672676943,-0.28774818044595696,-0.5329465935282163,-0.20084830124132377,0.5711064998587632
2017-11-08,0.3669734116305489,-0.20084830124132377,0.5711064998587632,3.752034960199,1752,1.1291579403917409,0.0,0.0,0.5884248755826712,-0.44873100198883353,-0.6312009428411924,-1.2866996285185506,-4.232834618969572,-0.0733452167202886,0.6385910554177254,0.29341859493745986,-0.7380750083358341
2017-11-09,-0.4487310019888294,0.29341859493745986,-0.7380750083358341,5.931029958701,1761,1.761869362381111,-0.44873100198883353,0.0,0.3669734116305489,-0.1832924308137196,-0.8417458008962764,-1.4403776959854397,-2.412749800611913,0.8937385136735809,1.8389866180472225,-1.179348328880365,1.0084799579508759
2017-11-10,-0.18329243081372482,-1.179348328880365,1.0084799579508759,4.1860757245,1787,1.186847909925729,-0.6312009428411924,-0.44873100198883353,-0.4487310019888294,-0.6596624814800278,-1.2593936383850202,-3.624511627695781,-1.7688859772630794,1.190892303693647,2.6493742579908552,-0.005866164570979796,-0.6545304971532981
2017-11-13,-0.6596624814800304,-0.005866164570979796,-0.6545304971532981,3.212532299142,1796,0.8946656888443802,-1.2866996285185506,-0.6312009428411924,-0.18329243081372482,-0.6037136292124989,-2.9845370171638685,-1.5843401161149462,-0.3263844705895691,1.466285829490288,3.2979295996462543,-0.1430248713239867,-0.4623967565629989
2017-11-14,-0.603713629212501,-0.1430248713239867,-0.4623967565629989,3.445482653237,1804,0.9662708962973562,-1.8826452767066515,-1.2866996285185506,-0.6596624814800304,-2.395284044184476,-0.9865826206467365,-0.5159906928383196,1.253924504384707,2.709585502735501,3.687408537107384,-0.5059919108324346,-1.900120325793051
2017-11-15,-2.3952840441844803,-0.5059919108324346,-1.900120325793051,4.383167948456,1811,1.2217751979300149,-4.232834618969572,-1.8826452767066515,-0.603713629212501,1.4432718847062986,1.9254124485100554,2.739926672353854,4.343335615813482,5.473205757091004,6.776994076982135,-0.26308595528691575,1.714558028888173
2017-11-16,1.4432718847062889,-0.26308595528691575,1.714558028888173,3.559263876928,1828,0.9727264699331787,-2.8506540462449714,-4.232834618969572,-2.3952840441844803,0.4752809672303515,1.2782067884415715,2.262831830606671,3.388238020366119,4.073198624518559,4.775175466165016,0.9415931982808462,-0.459058644626533
2017-11-17,0.47528096723035546,0.9415931982808462,-0.459058644626533,4.154863329249,1830,1.1210770363393505,-2.388921695138002,-2.8506540462449714,1.4432718847062889,0.7991277192577195,1.7790951626792006,2.3722476163880124,3.013076162682693,2.9433666603299935,4.997822939479057,-0.09923681042773741,0.8961255269819625
2017-11-20,0.7991277192577102,-0.09923681042773741,0.8961255269819625,2.769705864993,1842,0.7334543103273237,-1.6088845113374939,-2.388921695138002,0.47528096723035546,0.9721983370241549,1.5606483237748714,2.083401058168577,1.7985404568282126,1.9628632914739264,4.037821873631553,0.5733136582483382,0.39919943666395913
2017-11-21,0.9721983370241444,0.5733136582483382,0.39919943666395913,2.955499137102,1838,0.7828516412018534,-0.6523277227772128,-1.6088845113374939,0.7991277192577102,0.5827841687536583,1.100503643028028,1.212411053597151,1.4376341514424462,-0.24590600313187938,3.1932809112016347,0.5582505805835434,0.02449010410023809
2017-11-22,0.5827841687536611,0.5582505805835434,0.02449010410023809,3.162069254826,1838,0.8376769036821629,-0.0733452167202886,-0.6523277227772128,0.9721983370241444,0.5147197689475025,0.6259787796161431,0.23423652465761613,1.0828388172653858,0.7124588266084197,3.063815729556496,-0.19712772813325127,0.7152281495478763
2017-11-24,0.5147197689475104,-0.19712772813325127,0.7152281495478763,2.800847323088,1840,0.7394420377009421,0.0,-0.0733452167202886,0.5827841687536611,0.1106892711081553,-0.2790469345531066,0.33346076059599383,0.6625130839520654,0.9368748926332549,2.846792334892312,0.544185444253401,-0.4311867233999496
2017-11-27,0.11068927110815598,0.544185444253401,-0.4311867233999496,2.876892732614,1840,0.7693157613799837,0.0,0.0,0.5147197689475104,-0.3893052864772706,0.22252517799030702,0.45401798142985506,-0.06767053751759455,1.4413174161168607,2.509901899876965,-0.01598403519103331,-0.37319271005658566
2017-11-28,-0.38930528647727525,-0.01598403519103331,-0.37319271005658566,3.057110585299,1852,0.8187300899213378,-0.3893052864772706,0.0,0.11068927110815598,0.6142216618679086,0.846619201213783,0.9441947650532523,0.16141963716602703,1.8051747486194314,2.8481583877161487,0.5313401239503635,0.08073856676454955
2017-11-29,0.6142216618678982,0.5313401239503635,0.08073856676454955,3.293584529479,1848,0.8873799224545076,0.0,-0.3893052864772706,-0.38930528647727525,0.23097881741498405,0.3279587097480885,-0.2895513907602343,-1.659680027691579,0.9520270475104287,3.536043800289601,0.03180496949395315,0.1985927038843395
2017-11-30,0.23097881741498666,0.03180496949395315,0.1985927038843395,5.030550880342,1835,1.3757247728489885,0.0,0.0,0.6142216618678982,0.09675640553183928,-0.5193306643482276,-0.6794472333084611,-0.3664123356552418,1.2361322579820033,2.6468900463157086,0.4784928239961095,-0.3754379427791133
2017-12-01,0.09675640553183128,0.4784928239961095,-0.3754379427791133,3.616448442667,1846,0.9734643618348954,0.0,0.0,0.23097881741498666,-0.6154915423873142,-0.775453338063814,-1.981141411627818,0.27255608893090866,0.6745029949344561,2.8079546585981774,0.31120152245560967,-0.9233969620122664
2017-12-04,-0.6154915423873051,0.31120152245560967,-0.9233969620122664,2.849881142562,1847,0.7739224493948668,-0.6154915423873142,0.0,0.09675640553183128,-0.1609524443587973,-1.3741073839721674,0.15371662626941784,1.51000978537279,1.9957150672251789,5.186133352483302,-0.4591077890889656,0.3028415438401297
2017-12-05,-0.16095244435880224,-0.4591077890889656,0.3028415438401297,3.08025715892,1844,0.8464726723011059,-0.775453338063814,-0.6154915423873142,-0.6154915423873051,-1.2151106899705444,0.3151763546751063,1.0561997633159903,1.641106044031626,2.0350140386172555,6.0316969590380465,-0.28402084801780536,-0.9351764565370003
2017-12-06,-1.2151106899705466,-0.28402084801780536,-0.9351764565370003,3.785921322389,1836,1.0498986504218388,-1.981141411627818,-0.775453338063814,-0.16095244435880224,1.5491104513393195,2.299248872120696,2.92430019424359,2.6557846018168574,3.4476649293627037,8.16660132499405,0.4772678281404291,1.06837461524439
2017-12-07,1.549110451339311,0.4772678281404291,1.06837461524439,3.278072758729,1833,0.9118013904340605,-0.4627210289518291,-1.981141411627818,-1.2151106899705466,0.7386952159869731,1.3542115108563513,1.3217638023867329,1.6084381092810185,2.3347229631204724,6.881840483213719,-0.23176000604544206,0.9807295347334718
2017-12-08,0.738695215986975,-0.23176000604544206,0.9807295347334718,4.225885884162,1833,1.183236692131424,0.0,-0.4627210289518291,1.549110451339311,0.6110028460758699,0.5787930696835586,0.348522333865664,0.4008543530565456,1.892189989328119,6.128127314821241,0.41870433368396365,0.19004293549067786
2017-12-11,0.6110028460758675,0.41870433368396365,0.19004293549067786,2.728802757094,1819,0.7827429122020029,0.0,0.0,0.738695215986975,-0.032014168909133556,-0.26088648834139416,0.25082983196751396,0.4784801842491637,1.0534016227103038,5.418186288223414,0.13348219576653156,-0.1654682196444363
2017-12-12,-0.03201416890912671,0.13348219576653156,-0.1654682196444363,2.825183017222,1814,0.8276882369640194,-0.032014168909133556,0.0,0.6110028460758675,-0.22894561446799022,0.28293458003099126,-0.1769147463359544,0.3875479222107181,1.0244898077844233,6.114516697311223,0.17972021784927786,-0.4051696563675641
2017-12-13,-0.22894561446798573,0.17972021784927786,-0.4051696563675641,3.105632417298,1821,0.915042935613124,-0.26088648834139416,-0.032014168909133556,-0.03201416890912671,0.513054810988578,0.052150263874106706,0.7413006257611654,0.7713937705677409,2.5596482095036066,6.5091321022017645,0.043981767600834144,0.46828443996623775
2017-12-14,0.5130548109885696,0.043981767600834144,0.46828443996623775,2.9921527696,1819,0.8860434415995552,0.0,-0.26088648834139416,-0.22894561446798573,-0.4585519244054148,0.22708076597790505,0.10431818994709463,0.7147879323352146,1.3935318911025174,5.31101040809272,-0.12417366835533987,-0.33459351306694635
2017-12-15,-0.458551924405418,-0.12417366835533987,-0.33459351306694635,3.772051429001,1805,1.1404776496794908,-0.4585519244054148,0.0,0.5130548109885696,0.688791155481927,0.5654630560779639,0.7188686148140944,1.485381420189258,2.1191578802937316,5.035914963743671,0.7070732916420974,-0.020489264463777912
2017-12-18,0.6887911554819199,0.7070732916420974,-0.020489264463777912,3.10937234486,1806,0.9371025168496498,0.0,-0.4585519244054148,-0.458551924405418,-0.12248443743207993,0.02987170566555175,0.4866021863852099,0.5721836530637292,3.127992468267249,5.1443999740166335,0.18688783275627205,-0.306621454802412
2017-12-19,-0.12248443743207557,0.18688783275627205,-0.306621454802412,2.767484462462,1809,0.8474149604623142,-0.12248443743207993,0.0,0.6887911554819199,0.15254298451405912,0.6098335750409412,0.9147458144734166,0.6344829600452684,3.916971990524898,6.039246231861228,0.003623717604510349,0.14988791308808605
2017-12-20,0.15254298451405388,0.003623717604510349,0.14988791308808605,2.869595713971,1806,0.8787117246782904,0.0,-0.12248443743207993,-0.12248443743207557,0.4565940882775177,0.7610419139104874,0.5421499979465283,1.7745655508221825,4.56166545552632,6.886497913657141,-0.009328203115239828,0.4689844982545085
2017-12-21,0.456594088277519,-0.009328203115239828,0.4689844982545085,2.715915884118,1816,0.8327480037919446,0.0,0.0,0.15254298451405388,0.30306405308289097,0.0851670419901085,0.024499975925262873,0.6739268112477381,4.443376977462421,6.50619469920144,0.05322494289826062,0.24959833364155048
2017-12-22,0.3030640530828999,0.05322494289826062,0.24959833364155048,2.733015494826,1824,0.8437623205618904,0.0,0.0,0.456594088277519,-0.21723863886895511,-0.27772240039468654,1.0058685556046942,0.6245002494304153,4.157273806693884,5.667926297581172,0.15951875969675638,-0.3774309112703816
2017-12-25,-0.2172386388689503,0.15951875969675638,-0.3774309112703816,1.814691948425,1827,0.5608360564706547,-0.21723863886895511,0.0,0.3030640530828999,-0.06061544168618482,1.2257700406255845,0.5882587666667938,2.541268094585769,4.319285244656412,6.045704744343516,0.06505885461336308,-0.12396221352321254
2017-12-26,-0.06061544168619,0.06505885461336308,-0.12396221352321254,1.984252086756,1837,0.6234727000137097,-0.27772240039468654,-0.21723863886895511,-0.2172386388689503,1.287165703488169,0.6492677648763934,0.9047353024242089,3.261793506489097,5.038408903832536,6.119366316636321,0.08978209270096593,1.1967447521362637
2017-12-27,1.2871657034881647,0.08978209270096593,1.1967447521362637,2.060357797516,1840,0.6584847786253603,0.0,-0.27772240039468654,-0.06061544168619,-0.6297914786945302,-0.37757044380480886,1.29956833465652,2.738503367339229,3.8509140404132003,3.4418956667834566,0.11383109520085623,-0.7408839296976868
2017-12-28,-0.6297914786945289,0.11383109520085623,-0.7408839296976868,2.157845913462,1836,0.7035055575398013,-0.6297914786945302,0.0,1.2871657034881647,0.25381956890595525,1.9415877676631554,2.595672874357846,3.7442168847570345,3.8636374963223474,3.3279637240389626,0.22658027834689198,0.02723211898600406
2017-12-29,0.2538195689059533,0.22658027834689198,0.02723211898600406,1.913539624772,1821,0.6545056661736613,-0.37757044380480886,-0.6297914786945302,-0.6297914786945289,1.6834951586030877,2.335924272533374,3.127883775798024,3.5108483008674307,2.8562290798255674,4.842897341702157,1.1094078183374567,0.5670416543898377
2018-01-04,1.683495158603093,1.1094078183374567,0.5670416543898377,3.867313810571,1812,1.3624519324482833,0.0,-0.37757044380480886,0.2538195689059533,0.6416273485806645,1.4204749895172286,1.7682960963903094,1.7339527617608264,1.9552475108732814,2.683281965633011,0.3706694443049348,0.2695709642867303
2018-01-05,0.641627348580658,0.3706694443049348,0.2695709642867303,3.589267683329,1812,1.2422331250596628,0.0,0.0,1.683495158603093,0.7738822010885826,1.1194858206210467,1.1481051611993864,1.7204963588316913,2.042278754552096,-0.5614783450276328,0.6825291853876988,0.0911792997558849
2018-01-09,0.7738822010885799,0.6825291853876988,0.0911792997558849,3.675229735996,1818,1.260878052631331,0.0,0.0,0.641627348580658,0.3429495936683624,0.37134915509562383,0.3090872649492038,1.082759273898093,2.2234080224359687,-7.764947490491614,0.09972939211271914,0.24186533540915592
2018-01-10,0.3429495936683699,0.09972939211271914,0.24186533540915592,3.24771436937,1814,1.11632803412571,0.0,0.0,0.7738822010885799,0.028302498124954667,-0.03374659490903431,0.5943567981316455,0.11511062028446428,1.9750584301617913,-7.888925363714017,-0.3555163816649293,0.3845238488524886
2018-01-11,0.028302498124948172,-0.3555163816649293,0.3845238488524886,3.291086996142,1816,1.1318269203289193,0.0,0.0,0.3429495936683699,-0.062031536559503664,0.5658941378289484,0.7087780774005292,-0.6324160527978018,1.4503571720693387,-6.413660422876211,0.0647512863835515,-0.13207941338794346
2018-01-12,-0.06203153655951457,0.0647512863835515,-0.13207941338794346,3.677718711794,1824,1.2854547966735348,-0.062031536559503664,0.0,0.028302498124948172,0.6283154281029546,0.7712880557923407,0.14890746639297792,0.2175230029945574,1.6549380065614905,-8.129869862641536,0.6563725968064027,-0.03260262800064181
2018-01-15,0.6283154281029515,0.6563725968064027,-0.03260262800064181,2.931127546162,1828,1.0077898093967914,0.0,-0.062031536559503664,-0.06203153655951457,0.142079917646587,-0.4764145754308169,-1.191567181796671,0.3163397813015667,1.0291068039629758,-9.813849908678552,0.14851138739466335,-0.0017943440589246878
2018-01-16,0.14207991764658387,0.14851138739466335,-0.0017943440589246878,2.963475417827,1828,1.0170593798325986,0.0,0.0,0.6283154281029515,-0.617616983376057,-1.3317549431168252,-0.5495266196172799,1.128430561978555,-0.3938514912546487,-11.546884928928304,-0.518311996882912,-0.0997952053100296
2018-01-17,-0.6176169833760606,-0.518311996882912,-0.0997952053100296,3.498608630987,1834,1.2036523173506866,-0.617616983376057,0.0,0.14207991764658387,-0.7185760071997005,0.06851351486247825,0.7965492333807056,1.8578092740981988,-0.5157471711910389,-9.758571153489848,0.8325420136409918,-1.5358526972188025
2018-01-18,-0.7185760071997017,0.8325420136409918,-1.5358526972188025,4.275500515387,1843,1.4582281366951986,-1.3317549431168252,-0.617616983376057,-0.6176169833760606,0.7927862941603747,1.5260913669915332,2.4933913678884645,2.0960288477717137,1.9315001917236785,-7.630422890160171,0.29621259002051364,0.495981401792133
2018-01-19,0.7927862941603785,0.29621259002051364,0.495981401792133,3.148551445071,1846,1.0647229053260572,-0.5495266196172799,-1.3317549431168252,-0.7185760071997017,0.7275372571714067,1.6872289538310214,1.7880706891583609,1.4342950818331035,0.7140725686356264,-5.561345836537801,0.2747130571027888,0.4521628610620481
2018-01-22,0.7275372571714129,0.2747130571027888,0.4521628610620481,2.821628534051,1841,0.9535380781669249,0.0,-0.5495266196172799,0.7927862941603785,0.952760012596543,1.0528733858341743,0.561370454733634,0.7105193672489296,-2.551645387930501,-6.035569861121104,0.47586340325879334,0.47545138525949493
2018-01-23,0.9527600125965443,0.47586340325879334,0.47545138525949493,3.336472551724,1842,1.1264933112890523,0.0,0.0,0.7275372571714129,0.0991685350901994,-0.3876957478072707,-0.24873710750122902,-1.5052958349830559,-9.771104002652054,-6.391150032443427,-0.014187305214881037,0.11192153447088211
2018-01-24,0.09916853509020843,-0.014187305214881037,0.11192153447088211,3.49846399863,1848,1.1719496702351222,0.0,0.0,0.9527600125965443,-0.48638194504762033,-0.34756097146747544,-0.33878702021472584,-2.330264573923857,-9.672937623890853,-7.13496978813033,-0.40116950991868955,-0.08501840171722275
2018-01-25,-0.486381945047621,-0.40116950991868955,-0.08501840171722275,3.501203038976,1858,1.1576930132623295,-0.48638194504762033,0.0,0.09916853509020843,0.1394994738343147,0.14831630857938816,-1.1219498389940963,-0.1611508869687306,-7.751591826934067,-5.77908513663814,0.3066801441164002,-0.16630763475405536
2018-01-26,0.13949947383430916,0.3066801441164002,-0.16630763475405536,3.344296216614,1860,1.091942882838166,-0.34756097146747544,-0.48638194504762033,-0.486381945047621,0.008804552440744295,-1.2596920490480557,-1.989618740679977,-0.7100384663948467,-9.625511619092663,-5.302021725351436,0.3765727940109359,-0.3574118679529124
2018-01-29,0.008804552440736496,0.3765727940109359,-0.3574118679529124,2.996474180686,1872,0.9545395847301591,-0.33878702021472584,-0.34756097146747544,0.13949947383430916,-1.2683849258728563,-1.9982473563843417,-0.30900888497673584,-3.239149967327337,-10.732507745199815,-5.127654096698131,-0.06843856672114808,-1.2005650303494433
2018-01-30,-1.2683849258728601,-0.06843856672114808,-1.2005650303494433,3.921197151123,1868,1.2292948550234601,-1.6028748225923595,-0.33878702021472584,0.008804552440736496,-0.7392388243254278,0.9717009492611117,0.556665858208838,-8.392134620578739,-11.197133515000267,-3.893114824211996,-0.6526699225418084,-0.08017029783663703
2018-01-31,-0.7392388243254328,-0.6526699225418084,-0.08017029783663703,4.116472530368,1877,1.2539379903836694,-2.330264573923857,-1.6028748225923595,-1.2683849258728601,1.7236818993947356,1.3055558583121574,-1.2662045090719443,-7.5178590562728465,-9.29074071471765,-4.424002254260239,0.6606153024616628,1.0550847942333237
2018-02-01,1.723681899394741,0.6606153024616628,1.0550847942333237,3.957817601881,1887,1.1706862509153348,-0.6467490231978568,-2.330264573923857,-0.7392388243254328,-0.4110410017365562,-2.939223544251668,-9.273722718155685,-7.602692746760253,-9.380734183151196,-7.412952341934753,-0.20290379757466434,-0.20742687967433865
2018-02-02,-0.4110410017365604,-0.20290379757466434,-0.20742687967433865,3.713131369929,1901,1.066078550067272,-1.055131621270733,-0.6467490231978568,1.723681899394741,-2.5386173004973367,-8.899261329334385,-8.709704852639677,-8.97922913353163,-6.230925078416227,-9.112729603262126,-2.339706063666647,-0.19860370201932095
2018-02-05,-2.5386173004973394,-2.339706063666647,-0.19860370201932095,4.222858055442,1905,1.2151158709936727,-3.5669631678874714,-1.055131621270733,-0.4110410017365604,-6.52632237780626,-6.331828444471499,-4.804689775621906,-7.744204164537871,-3.5751496134128646,-4.892411211122871,-5.5901336076231285,-0.9657154238304269
2018-02-06,-6.526322377806258,-5.5901336076231285,-0.9657154238304269,6.843861991727,1910,1.9515131955809661,-9.860494030259792,-3.5669631678874714,-2.5386173004973394,0.20807347938194276,1.841836810083497,-0.08777953435298302,-3.061962946962893,3.7459773089853377,1.1185389584746908,4.165924144400986,-3.746286486714643
2018-02-07,0.20807347938195261,4.165924144400986,-3.746286486714643,5.317572295953,1936,1.4507548690037775,-9.672937623890853,-9.860494030259792,-6.526322377806258,1.6303709611159345,-0.2952387002987389,-1.507850208466044,-1.9169989366093376,2.809753543398519,1.4723144800316001,0.6984139282252254,0.9229286334844546
2018-02-08,1.6303709611159372,0.6984139282252254,0.9229286334844546,4.188492583231,1949,1.111337345934501,-8.2002714288817,-9.672937623890853,0.20807347938195261,-1.8947187176473257,-3.0878773145309735,-4.815113229144807,-1.9243433485758854,2.1382555312990714,0.13088466294148837,-4.220089092209776,2.4719378800841683
2018-02-09,-1.894718717647314,-4.220089092209776,2.4719378800841683,4.781221316848,1942,1.25368103777007,-9.939618068868118,-8.2002714288817,1.6303709611159372,-1.2162022077584989,-2.9767964306553707,-1.6265624782308752,3.019425158623723,4.7839716397825915,3.233303097860518,1.6061772624957558,-2.7702969210771524
2018-02-13,-1.2162022077584964,1.6061772624957558,-2.7702969210771524,4.319355633463,1947,1.116423737844025,-11.034934422230268,-9.939618068868118,-1.894718717647314,-1.7822702328166073,-0.4154125267945674,1.2006072447008131,4.519016407988596,6.278717489344832,5.653192592239931,0.005602931062350732,-1.7909472894023795
2018-02-14,-1.7822702328166151,0.005602931062350732,-1.7909472894023795,4.127175054029,1958,1.047949808428312,-12.62053230362864,-11.034934422230268,-1.2162022077584964,1.3916608633309568,3.037005115663005,6.180193364769138,7.022981342425405,8.22498076908591,7.588512281599247,0.8088919069758334,0.5802677976560213
2018-02-15,1.391660863330948,0.8088919069758334,0.5802677976560213,3.549944338424,1967,0.888259373280705,-11.404506449111318,-12.62053230362864,-1.7822702328166151,1.6227609236521667,4.722807044154065,4.9550126781524595,4.819135251533524,5.365205822209873,6.1306305132423855,0.7164075802981713,0.8998440013343932
2018-02-16,1.6227609236521665,0.7164075802981713,0.8998440013343932,3.296316800327,1962,0.8242678502279825,-9.966813399650732,-11.404506449111318,1.391660863330948,3.050543099130043,3.2790407623384477,3.868489987930035,4.142311169339452,2.171482877817099,3.855966080313822,1.15381041524366,1.8751461990652556
2018-02-19,3.050543099130049,1.15381041524366,1.8751461990652556,2.820733617936,1950,0.7140871185411911,-7.220312238886894,-9.966813399650732,1.6227609236521665,0.22173358464361304,0.7937337001835854,0.09198398142522546,1.7128288945914116,-3.073299515064931,-0.9315882512757279,-0.12340248686800494,0.3471923843030647
2018-02-20,0.22173358464361428,-0.12340248686800494,0.3471923843030647,2.729794292435,1950,0.6939447316392583,-7.014588511393038,-7.220312238886894,3.050543099130049,0.5707346052409745,-0.12946254128481938,0.8358621465003102,1.6836181030323472,-1.3661017802245268,-1.3250209597485907,0.071488444216786,0.49849410925947346
2018-02-21,0.5707346052409742,0.071488444216786,0.49849410925947346,3.259072704325,1947,0.8294615206065757,-6.483888590201847,-7.014588511393038,0.22173358464361428,-0.6962235577518627,0.26362295383444145,0.911857474336375,1.123122727084791,-2.5325688943922953,-1.3432243541462108,-0.4551561455102558,-0.23985898951547677
2018-02-22,-0.6962235577518603,-0.4551561455102558,-0.23985898951547677,3.087210477286,1943,0.7864957884107304,-6.819285622475924,-6.483888590201847,0.5707346052409742,0.9665760416921465,1.6193553656274506,1.8154309473568775,0.5209645828177623,-1.3008873353658523,-4.483432192007708,0.39317820911674206,0.5727424869421187
2018-02-23,0.9665760416921357,0.39317820911674206,0.5727424869421187,2.642457506714,1929,0.6767359072463941,-5.918623161825187,-6.819285622475924,-0.6962235577518603,0.6465301187055683,0.8407286242074985,0.8572398921252944,-1.8924376359553907,-1.9653467331272823,-5.165700178939048,0.9132922984181051,-0.261676178867854
2018-02-26,0.6465301187055722,0.9132922984181051,-0.261676178867854,2.689086668887,1929,0.6963347710873932,-5.310358724473496,-5.918623161825187,0.9665760416921357,0.19295101904941436,0.209356222386603,-1.0808873751045334,-4.705530719842987,-1.4798718903811348,-3.6285467746974054,0.771696610925357,-0.5728585322103071
2018-02-27,0.19295101904941508,0.771696610925357,-0.5728585322103071,3.118997938653,1918,0.8145698387252133,-4.8335814077338775,-5.310358724473496,0.6465301187055722,0.01637361028927753,-1.2713852433708261,-2.710379325350065,-2.99922439833592,-0.5885702348333521,-4.144612445717555,-0.3705332809908173,0.38949729355966756
2018-02-28,0.01637361028927397,-0.3705332809908173,0.38949729355966756,3.425918357182,1912,0.8932971678477984,-4.8179992292273095,-4.8335814077338775,0.19295101904941508,-1.2875480355624802,-2.7263065408310583,-4.90461881755071,-3.6150897271469917,-0.5880975750364503,-3.5077740706014993,-0.5788658937283411,-0.7120169224200233
2018-03-01,-1.2875480355624713,-0.5788658937283411,-0.7120169224200233,3.343690184816,1904,0.8775227041370426,-6.043513210360452,-4.8179992292273095,0.01637361028927397,-1.457524837684021,-3.6642497577624056,-1.750089535059618,-1.8124099044857678,0.7264491964492192,-1.108333196009692,-2.09953825245425,0.6588381677286043
2018-03-02,-1.4575248376840242,-2.09953825245425,0.6588381677286043,3.709335626979,1899,0.9834559413042778,-7.030810855569136,-6.043513210360452,-1.2875480355624713,-2.2393642096400934,-0.29689197160279734,-0.9136932655785412,-0.07431547111664827,1.6486823476087986,0.14737023651727466,-0.3987809389461675,-1.8470018571290698
2018-03-05,-2.2393642096400885,-0.3987809389461675,-1.8470018571290698,3.337739486274,1891,0.8878592869156947,-6.745350948933682,-7.030810855569136,-1.4575248376840242,1.9869676811459902,1.356037563937651,1.9222768791649747,3.384938133165649,2.2096194888240106,2.2335785918853324,1.7046522177528227,0.28012483138113603
2018-03-06,1.9869676811459833,1.7046522177528227,0.28012483138113603,3.01555226755,1887,0.8061806208510048,-3.0151043271928524,-6.745350948933682,-2.2393642096400885,-0.6186379804730469,-0.06343045925562008,0.22323927998590953,2.485190606518417,0.04164979912322231,0.3966003938925322,-0.4236320975483517,-0.1959999322267849
2018-03-07,-0.6186379804730519,-0.4236320975483517,-0.1959999322267849,3.248640705526,1877,0.8827404727326822,-3.6150897271469917,-3.0151043271928524,1.9869676811459833,0.5586636265946243,0.8471178532384549,2.001756005850286,3.140524946842338,1.2202481657256348,1.5240610284279699,0.8583005721875038,-0.2964898100003626
2018-03-08,0.5586636265946207,0.8583005721875038,-0.2964898100003626,2.917992275738,1824,0.8336131425159102,-3.0766222919266895,-3.6150897271469917,-0.6186379804730519,0.2868516905862428,1.4350751364539782,2.5502386938896837,2.585723000702278,-3.2244918629164454,0.5026074904450617,1.071652208958909,-0.772509146495279
2018-03-09,0.2868516905862389,1.071652208958909,-0.772509146495279,4.172662343363,1801,1.2343561184722396,-2.798595944397797,-3.0766222919266895,0.5586636265946207,1.1449391685066868,2.256913010178696,2.274142427095871,1.7242792249548389,-3.2645124342916443,0.4594543564581999,1.4036417234777767,-0.25496518824031594
2018-03-12,1.1449391685066763,1.4036417234777767,-0.25496518824031594,2.911409275798,1794,0.861454199867819,-1.6856989970267633,-2.798595944397797,0.2868516905862389,1.099386534623803,1.1164209182111806,1.1343688193659052,-1.1368374016220373,-2.180950152567329,-0.5174324435471833,-0.35293661765202766,1.459293178715823
2018-03-13,1.0993865346238056,-0.35293661765202766,1.459293178715823,2.760718039485,1784,0.8401060346276941,-0.6048448101905524,-1.6856989970267633,1.1449391685066763,0.0168491463413023,0.03460187637251977,-0.5208780213918907,-2.384286737365726,-3.577095932816199,-2.436281807515428,-0.5695011475903868,0.5906650915548244
2018-03-14,0.0168491463413087,-0.5695011475903868,0.5906650915548244,2.689874134001,1772,0.8384313181048372,-0.5880975750364503,-0.6048448101905524,1.0993865346238056,0.017749739351669014,-0.5376365805589645,-2.2283802169538736,-1.8618062901137877,-2.9369486191744842,-2.7253996365295574,-0.12118960255468136,0.1401567726735174
2018-03-15,0.017749739351664292,-0.12118960255468136,0.1401567726735174,2.665888959695,1747,0.8499952844731812,-0.5704522214714958,-0.5880975750364503,0.0168491463413087,-0.5552877577809645,-2.245731344845281,-2.418051922401443,-5.663765574454205,-1.8215497588726648,-2.1699327110205613,0.28294642035481515,-0.8359275355547936
2018-03-16,-0.5552877577809631,0.28294642035481515,-0.8359275355547936,3.129212554506,1741,1.0119845144739714,-1.1225723279026378,-0.5704522214714958,0.017749739351664292,-1.6998828283065315,-1.8731656240135952,-1.3313274127326857,-4.9042290564813795,-1.4769617041935579,-2.2819293864612566,-0.49038318676184994,-1.2154298843823919
2018-03-19,-1.6998828283065162,-0.49038318676184994,-1.2154298843823919,2.589071217927,1741,0.8395718743554673,-2.8033727419718213,-1.1225723279026378,-0.5552877577809631,-0.17627933790190786,0.37492876527309704,-3.4965575177761665,-1.056119107970377,0.0234411429972603,-1.1334043114318626,-1.0707853965797038,0.9094693660966985
2018-03-20,-0.1762793379019061,-1.0707853965797038,0.9094693660966985,2.675576514415,1740,0.8708945907270177,-2.9747103129652674,-2.8033727419718213,-1.6998828283065162,0.5521814850408591,-3.3261414800529687,-3.088924096800938,-1.221943840374573,0.35480282010746933,0.4431747346612225,-0.014689292766909428,0.5700631180808764
2018-03-22,0.5521814850408672,-0.014689292766909428,0.5700631180808764,3.036135222576,1731,0.989128496143517,-2.4389546275061957,-2.9747103129652674,-0.1762793379019061,-3.857025186142593,-3.62111048021716,-1.4257025044470906,-1.0955391457876273,0.30015028436296554,-0.21643657130264726,-2.8740464420629777,-1.0103983790102575
2018-03-23,-3.8570251861425966,-2.8740464420629777,-1.0103983790102575,4.264875470376,1727,1.3944982209552235,-6.2019087193872835,-2.4389546275061957,0.5521814850408672,0.24537903719141774,2.5288615069408715,2.1765942436695385,4.072895042905267,3.8512836823155983,4.183002245811118,-0.909477194046021,1.168267724933912
2018-03-26,0.24537903719142035,-0.909477194046021,1.168267724933912,3.317583039231,1745,1.0642687730298197,-5.9717478660989975,-6.2019087193872835,-3.8570251861425966,2.2778929978431117,1.9264880087506375,2.6204611269266875,3.6040165806357605,3.849638725623139,3.896931775228585,1.3706277164574658,0.9024434821315227
2018-03-27,2.2778929978431144,1.3706277164574658,0.9024434821315227,3.72028321872,1754,1.1806682206763837,-3.8298848947466047,-5.9717478660989975,0.24537903719142035,-0.3435786354142767,0.3349385864751975,1.505950142497059,1.0910833911454088,1.700607102210383,2.2683767887852646,-1.5965720098109948,1.2713080058000257
2018-03-28,-0.3435786354142784,-1.5965720098109948,1.2713080058000257,3.23394730779,1768,1.0098013736836584,-4.160304863901576,-3.8298848947466047,2.2778929978431144,0.6808564993590949,1.8559052719191893,1.6458220082507857,1.5962519630210226,1.1831360363362409,2.5231964614987223,0.9456451610511771,-0.25883155227623955
2018-03-29,0.6808564993590979,0.9456451610511771,-0.25883155227623955,3.027837692374,1768,0.9437498615996988,-2.954174000341092,-4.160304863901576,-0.3435786354142784,1.1671024794744023,0.9584399084823447,0.7536206383567112,1.4111491211785454,0.21795006404128348,1.8184265082577644,0.882840738241634,0.2859937075558279
2018-03-30,1.1671024794744005,0.882840738241634,0.2859937075558279,2.595243875259,1763,0.8139640057531555,-1.8215497588726648,-2.954174000341092,0.6808564993590979,-0.20625535957639052,-0.40871175607858357,-0.254922194452023,-0.2129385951051943,-0.35484666063914094,0.6340174336686655,0.27969457822209043,-0.4849664516568973
2018-04-02,-0.2062553595763891,0.27969457822209043,-0.4849664516568973,2.053702449172,1759,0.651766474592111,-2.0240480744440292,-1.8215497588726648,1.1671024794744005,-0.20287483672617457,-0.04876742029371606,0.44841145832539286,0.2370778210091684,-0.8170349759726747,0.6223772285051776,-1.2247714277539763,1.0360676314588795
2018-04-03,-0.20287483672617093,-1.2247714277539763,1.0360676314588795,2.660971576073,1757,0.8672752478840019,-2.222816626943913,-2.0240480744440292,-0.2062553595763891,0.1544206971697104,0.6526102770856745,0.1965765926171148,0.6029450774669876,-1.1565743401841577,1.258620924437781,0.6054432057108111,-0.44078315809183766
2018-04-04,0.1544206971697066,0.6054432057108111,-0.44078315809183766,3.058233045549,1744,1.007867934974779,-2.071828418706323,-2.222816626943913,-0.20287483672617093,0.49742145823228334,0.04209089838864699,0.2859847086677414,-0.40662516451409614,0.08805947704584316,1.4000153198910903,0.723925767699538,-0.2252109060560568
2018-04-05,0.4974214582322751,0.723925767699538,-0.2252109060560568,3.087657633836,1745,1.0168499281471224,-1.5847126796064481,-2.071828418706323,0.1544206971697066,-0.4530768583280165,-0.2103902234470878,-0.04934318094875767,-1.1765955395214855,-0.5150409587632909,1.515961761972795,0.06962365777569125,-0.5227553899409993
2018-04-06,-0.45307685832802075,0.06962365777569125,-0.5227553899409993,3.148643444534,1743,1.0396902371262908,-2.0306095715121764,-1.5847126796064481,0.4974214582322751,0.24379119637434332,0.40557122675171087,-0.44852727374371515,-0.14221088739965193,0.319416912081949,1.5565339973008907,-0.26084604971246905,0.5046918388270449
2018-04-09,0.2437911963743508,-0.26084604971246905,0.5046918388270449,2.593058527997,1743,0.8529864146380309,-1.7917688225059125,-2.0306095715121764,-0.45307685832802075,0.16138658409321494,-0.6906347633658716,-0.968242403430486,-1.0516196400539135,0.045539926942272935,1.2769037121611815,-0.14593048088160876,0.3074338884456861
2018-04-10,0.1613865840932258,-0.14593048088160876,0.3074338884456861,3.168435936876,1733,1.0700574285488782,-1.6332739129101936,-1.7917688225059125,0.2437911963743508,-0.8506485148782827,-1.1278088553369647,-0.5455694414747803,-1.748974064622344,0.5582756118695187,1.7933418840147208,0.28108230338903856,-1.129242084825682
2018-04-11,-0.8506485148782857,0.28108230338903856,-1.129242084825682,2.889050759765,1729,0.9714858500801938,-2.470029007504415,-1.6332739129101936,0.1613865840932258,-0.27953822824576813,0.30769648901765034,-0.363495301604122,0.49670436650739447,1.324391077067677,2.976199054961781,-0.08087160395620385,-0.19876065885112532
2018-04-12,-0.2795382282457634,-0.08087160395620385,-0.19876065885112532,2.39227011635,1723,0.8027040600343478,-2.742662560425446,-2.470029007504415,-0.8506485148782857,0.5888808643982557,-0.08419242336694666,-0.6282506760435069,0.6694310769497447,1.5969957908675392,2.94389849230392,0.47856425553966886,0.10938307998963984
2018-04-13,0.5888808643982533,0.47856425553966886,0.10938307998963984,2.766648035915,1721,0.9329813956468146,-1.6236609436877658,-2.742662560425446,-0.2795382282457634,-0.6691328922056039,-1.2100060463765883,0.18842809086980772,0.46228521939442047,0.9923855412616422,2.036879370332656,0.11490639171307823,-0.7877011807658
2018-04-16,-0.6691328922055939,0.11490639171307823,-0.7877011807658,2.358081884637,1713,0.7938541992827693,-1.2597973585904754,-1.6236609436877658,0.5888808643982533,-0.5445166944772817,0.863337860672031,0.7542585288505821,1.108820137333244,1.4512695845795287,3.5267180807681653,-0.06058200814492692,-0.4828092965535041
2018-04-17,-0.5445166944772787,-0.06058200814492692,-0.4828092965535041,2.470632139074,1698,0.8426826765303135,-1.7974542461336562,-1.2597973585904754,-0.6691328922055939,1.415562529442882,1.3058859905572984,1.692773932708258,2.348321205327064,2.4434556456331302,4.554095026875471,0.2749161033093552,1.138218179997068
2018-04-18,1.4155625294428789,0.2749161033093552,1.138218179997068,2.945881406015,1692,1.0068142164084073,-0.40733580548291126,-1.7974542461336562,-0.5445166944772787,-0.10814566931357517,0.273342075270655,0.2433810756890864,0.823595873892291,1.3108015578483068,3.7418161244821446,0.3696680899306094,-0.47526190308764177
2018-04-19,-0.10814566931356821,0.3696680899306094,-0.47526190308764177,2.941974802737,1687,1.0008559955896557,-0.5150409587632909,-0.40733580548291126,1.4155625294428789,0.3819007537104291,0.35190731752656745,1.0289976782463794,0.92139659874384,2.0415173713789647,3.7678847891988054,-0.16171054255311854,0.5449192872999131
2018-04-20,0.3819007537104401,-0.16171054255311854,0.5449192872999131,2.776979969338,1680,0.9462405262640713,-0.13510715035629506,-0.5150409587632909,-0.10814566931356821,-0.02987932680957872,0.6446350583892757,0.5487538235322775,0.5276610229496326,1.2331781057929314,2.990915949045858,0.08945256071716895,-0.12024615442692482
2018-04-23,-0.029879326809562227,0.08945256071716895,-0.12024615442692482,2.4078676083,1660,0.8418070129772046,-0.1649461080588721,-0.13510715035629506,0.3819007537104401,0.674715985793295,0.5788060937061967,0.5674922345176192,0.33869394062866487,1.2308032783051814,2.0951369589072177,0.47672198478453304,0.19443826761706076
2018-04-24,0.6747159857932963,0.47672198478453304,0.19443826761706076,2.703444400025,1641,0.9604153411491005,0.0,-0.1649461080588721,-0.029879326809562227,-0.09526710966896168,-0.10650514404312306,-0.11622480957061976,0.09295163729672318,1.2282094781659314,0.9458485494950652,-0.607722356506053,0.5167205230561808
2018-04-25,-0.09526710966896701,-0.607722356506053,0.5167205230561808,2.776802451581,1627,1.004621632051739,-0.09526710966896168,0.0,0.6747159857932963,-0.011248750733861002,-0.02097768473557915,-0.2387303671648522,0.4832258557464941,1.6302175224894633,1.0028382557268012,0.3358436824699626,-0.34388815859344446
2018-04-26,-0.01124875073385782,0.3358436824699626,-0.34388815859344446,3.069422341913,1628,1.1197486284445577,-0.10650514404312306,-0.09526710966896168,-0.09526710966896701,-0.009730028508381228,-0.22750720814974645,0.19966943956406524,1.109894244813736,1.3257308357905506,0.09603902668584574,0.23376571152002282,-0.2464575401255817
2018-04-27,-0.009730028508372684,0.23376571152002282,-0.2464575401255817,3.616284476081,1630,1.3182481791908196,-0.11622480957061976,-0.10650514404312306,-0.01124875073385782,-0.2177983714850007,0.2094198446830342,0.5043093329040405,0.7018138845210409,1.0342302773353795,-1.0814398051144924,-0.1691284711437507,-0.04531630108468641
2018-05-01,-0.21779837148500183,-0.1691284711437507,-0.04531630108468641,3.087733834039,1629,1.1050107210919604,-0.3337700453131198,-0.11622480957061976,-0.009730028508372684,0.42815072146689115,0.7236838760858566,1.3404510757826227,0.8890980165681572,2.0457590177896723,-0.21154726846974725,0.16842319092203537,0.2608360368181108
2018-05-02,0.42815072146689737,0.16842319092203537,0.2608360368181108,2.641247533444,1634,0.9280548424155122,0.0,-0.3337700453131198,-0.21779837148500183,0.2942732216971722,0.9084109861247525,0.4913650239680045,1.134203580071258,2.0602969393607395,-0.5529778411718866,0.22801974580999446,0.06622316476791049
2018-05-07,0.2942732216971685,0.22801974580999446,0.06622316476791049,2.607181393688,1631,0.9164025802099005,0.0,0.0,0.42815072146689737,0.6123358240704757,0.19651351561733588,0.16422566581837383,1.1414757607300263,2.399561082581836,0.18013434151704644,0.04761989809292162,0.5659755670783592
2018-05-08,0.6123358240704866,0.04761989809292162,0.5659755670783592,2.89815399093,1637,1.026816650647927,0.0,0.0,0.2942732216971685,-0.4132915760749589,-0.4453829190842473,0.2237599341223806,0.21346732937355117,1.691828446196797,-0.9080626630621036,0.005972851820286901,-0.42091189570610194
2018-05-09,-0.4132915760749459,0.005972851820286901,-0.42091189570610194,3.188808438025,1637,1.1336011569211764,-0.4132915760749589,0.0,0.6123358240704866,-0.03222452425345468,0.6396953170552777,0.9431089086402222,0.33009970723618665,1.7363258529886405,-0.6181561962087856,0.10047942718254113,-0.13483902958647873
2018-05-10,-0.032224524253450244,0.10047942718254113,-0.13483902958647873,2.870055854834,1633,1.0195587536658288,-0.4453829190842473,-0.4132915760749589,-0.4132915760749459,0.6721364340769531,0.9756478307655359,0.6617977827410026,1.146467778938387,0.8538247772526208,0.5236165819324956,-0.017705868516575525,0.6946445948711357
2018-05-11,0.6721364340769526,-0.017705868516575525,0.6946445948711357,3.24512329457,1630,1.1471536983309518,0.0,-0.4453829190842473,-0.032224524253450244,0.30148500611917317,-0.010269625441727825,-0.3076277296386265,0.9157073734765486,-0.2789350222891951,-0.0779137478088443,-0.10078988141019471,0.40652758441111725
2018-05-14,0.30148500611917395,-0.10078988141019471,0.40652758441111725,2.84483490497,1645,1.0042901629593637,0.0,0.0,0.6721364340769526,-0.3108175632114296,-0.6072818719689344,0.16916945010261308,1.2438866571692797,-0.6173156784042511,-0.06580357832208783,0.03042798324110648,-0.3398684329200557
2018-05-15,-0.31081756321142656,0.03042798324110648,-0.3398684329200557,3.03601042796,1656,1.0726165192675694,-0.3108175632114296,0.0,0.30148500611917395,-0.29738864489683436,0.48148354874750776,0.926072103054576,1.4752120211191766,-1.213602703835981,0.8151675171880868,-0.2586163686021042,-0.03708436994570742
2018-05-16,-0.2973886448968459,-0.2586163686021042,-0.03708436994570742,2.902682456492,1677,1.0139814084201075,-0.6072818719689344,-0.3108175632114296,-0.31081756321142656,0.7811953799989224,1.2271100338524743,1.862479026636188,1.4015994700053325,-2.0940131642933735,1.446376880143596,0.2855466027236893,0.4946337711890754
2018-05-17,0.7811953799989221,0.2855466027236893,0.4946337711890754,2.70760050303,1688,0.9435922901086415,0.0,-0.6072818719689344,-0.2973886448968459,0.4424581909077574,1.0729021843412845,0.9889667601191032,-0.289325972633403,-2.2120530122823667,-0.014286176994693367,0.25372334937209434,0.18974416522876592
2018-05-18,0.4424581909077528,0.25372334937209434,0.18974416522876592,2.624929651191,1698,0.9092441086136226,0.0,0.0,0.7811953799989221,0.627666830132001,0.5441011491102987,0.17237421486646642,-1.183802231445008,-2.5605204559470462,-0.5675766703561513,0.15212427601866327,0.4739352008589737
2018-05-21,0.6276668301319966,0.15212427601866327,0.4739352008589737,2.476798074158,1697,0.8556465305548797,0.0,0.0,0.4424581909077528,-0.08304443862617861,-0.4524527196224315,-1.3477679254625397,-1.8383355252607925,-2.167418217032102,-2.3436259756810296,0.17538892633267641,-0.2565304026611779
2018-05-22,-0.0830444386261725,0.17538892633267641,-0.2565304026611779,2.420227034435,1698,0.8429331689379193,-0.08304443862617861,0.0,0.6276668301319966,-0.3697153089991301,-1.2657746422823246,-1.7185527154823022,-2.6497256535867653,-2.556637193945688,-4.108959575935412,-0.19559493875498798,-0.17526925382726197
2018-05-23,-0.36971530899913335,-0.19559493875498798,-0.17526925382726197,2.981812335701,1697,1.048048381624849,-0.4524527196224315,-0.08304443862617861,-0.0830444386261725,-0.8993844954496288,-1.3538427704653522,-1.3921817699184436,-3.447295360792324,-2.3142982896784625,-3.15253631825545,-0.09057545106953253,-0.8095065251951415
2018-05-24,-0.8993844954496387,-0.09057545106953253,-0.8095065251951415,3.007351216778,1707,1.0532334426953789,-1.3477679254625397,-0.4524527196224315,-0.36971530899913335,-0.45858269668855867,-0.4972696405161958,-1.4016932895258294,-1.9283061301152649,-0.3274126648636688,-2.2672085770778283,-0.35516669209004803,-0.10178741918191914
2018-05-25,-0.45858269668855806,-0.35516669209004803,-0.10178741918191914,2.649668420097,1720,0.9183257373940091,-1.8001699916534109,-1.3477679254625397,-0.8993844954496387,-0.038865172785063073,-0.9474554596339835,-2.122183619840179,-1.3932110884559146,0.20158356163293423,-2.02416799489078,0.12403473876139354,-0.16333939596776553
2018-05-28,-0.03886517278506859,0.12403473876139354,-0.16333939596776553,2.074321513457,1716,0.71959179126751,-1.8383355252607925,-1.8001699916534109,-0.45858269668855806,-0.9089435493298881,-2.0841284471771693,-1.4381881627057114,-0.3352456313085339,0.5549378182395426,-3.7155009472207734,-0.04778690358867745,-0.8618776185951759
2018-05-29,-0.9089435493298877,-0.04778690358867745,-0.8618776185951759,2.369519653558,1716,0.83213673317633,-2.7305696424187786,-1.8383355252607925,-0.03886517278506859,-1.1859646470035567,-0.5340992742763784,-0.4500193618350412,0.09562218521319554,2.0536939057932857,-2.704927962350556,-1.5540083558080113,0.37757462104064254
2018-05-30,-1.1859646470035545,-1.5540083558080113,0.37757462104064254,3.139869248122,1706,1.1163911075414077,-3.8841506988014363,-2.7305696424187786,-0.9089435493298877,0.6596890516600284,0.7447780900147194,1.7861075922968928,1.173449335622001,3.616111903736785,-1.1968507931454764,0.7809491233441382,-0.11687707095120929
2018-05-31,0.6596890516600258,0.7809491233441382,-0.11687707095120929,4.80213324924,1700,1.721999245248398,-3.2500849640513807,-3.8841506988014363,-1.1859646470035545,0.08453139400323995,1.1190363801528935,0.6331028572555963,1.632370566960506,2.247482336001716,-2.436707345413669,-0.2663663899431345,0.35256227707359267
2018-06-01,0.08453139400323759,-0.2663663899431345,0.35256227707359267,2.949084441261,1711,1.0259767443489765,-3.1683009121745487,-3.2500849640513807,0.6596890516600258,1.0336312432508876,0.5481081398011289,0.42550219846062554,1.617327435253424,2.04531448127232,-1.9369307070147612,0.828573074554479,0.20184976116283024
2018-06-04,1.033631243250884,0.828573074554479,0.20184976116283024,2.724939407932,1712,0.9429481544154789,-2.167418217032102,-3.1683009121745487,0.08453139400323759,-0.4805559272444637,-0.6019075403972285,0.5076533610127942,0.8931777890657466,-0.18011152873368408,-5.070059345308408,0.17585583776306182,-0.6539720570509655
2018-06-05,-0.48055592724446283,0.17585583776306182,-0.6539720570509655,2.669749340093,1711,0.9219714881386404,-2.637558487566438,-2.167418217032102,1.033631243250884,-0.12193759147615113,0.9929811178756243,1.0633907641162788,1.9562011582853644,-1.5930509141801497,-5.2245472529410915,-0.12939970215479885,0.008147063437228185
2018-06-06,-0.12193759147615024,-0.12939970215479885,0.008147063437228185,2.684713622513,1708,0.9308102440162112,-2.7562799037490704,-2.637558487566438,-0.48055592724446283,1.1162798741444435,1.1867754810302333,1.5041388546471524,2.414331609878939,-0.8580969516528758,-5.5218282781268275,0.4059908679009406,0.7064387792804745
2018-06-07,1.116279874144439,0.4059908679009406,0.7064387792804745,2.850989985134,1693,0.9971734711280773,-1.6707678274452742,-2.7562799037490704,-0.12193759147615024,0.06971736596077527,0.3835771855782877,0.953749488081268,0.6052321377626013,-1.9461679124390008,-8.50971592331511,-0.32289955010825255,0.3935022627289464
2018-06-08,0.06971736596076873,-0.32289955010825255,0.3935022627289464,3.218674806432,1693,1.1261518506542758,-1.602215276805108,-1.6707678274452742,1.116279874144439,0.3136411572640885,0.8834162275961344,1.2131586593337573,0.42117526294083163,-2.2212738336162885,-6.932937259148453,0.08310236645986578,0.22923348939385457
2018-06-11,0.3136411572640922,0.08310236645986578,0.22923348939385457,2.166960202124,1689,0.7585282849362077,-1.293599326077044,-1.602215276805108,0.06971736596076873,0.5679936086048221,0.8967050659236531,0.2208079831370613,-1.063787801434224,-4.246871270687336,-5.765117861383173,0.4438588940788869,0.12541524082077657
2018-06-12,0.5679936086048206,0.4438588940788869,0.12541524082077657,2.714839665957,1682,0.9617194922211927,-0.7329532789652982,-1.293599326077044,0.3136411572640922,0.3268549421380884,-0.3452247708341072,-0.4581932114714027,-3.4811537033979434,-4.662860976435168,-6.379298537350408,0.04165841481226463,0.28447431294941405
2018-06-13,0.3268549421380942,0.04165841481226463,0.28447431294941405,2.578465555109,1665,0.9186353969081866,-0.40849403084307623,-0.7329532789652982,0.5679936086048206,-0.6698901439298521,-0.7824905445927177,-1.9430692668080063,-3.195283814375993,-4.644994497915245,-7.494004189201286,-0.30940385526712194,-0.36235276129380206
2018-06-14,-0.6698901439298612,-0.30940385526712194,-0.36235276129380206,2.694219240468,1658,0.9654511443444237,-1.0756477135217768,-0.40849403084307623,0.3268549421380942,-0.11335978670115043,-1.2817655439251951,-3.1467924395519153,-2.536051054191557,-4.581227404722188,-6.482571194196074,0.4595760397881839,-0.568774546513594
2018-06-15,-0.11335978670115994,0.4595760397881839,-0.568774546513594,3.403255064232,1668,1.2198207136805672,-1.187788148269231,-1.0756477135217768,-0.6698901439298612,-1.1697317626551684,-3.036875248154447,-2.4318220473652286,-2.6313664320679275,-3.902428258004842,-5.514182138754331,-0.1501843460738692,-1.0217067999869074
2018-06-18,-1.169731762655153,-0.1501843460738692,-1.0217067999869074,2.550504211831,1668,0.9015951786597172,-2.262460384580367,-1.187788148269231,-0.11335978670115994,-1.8892425557474612,-1.2770280878719342,-1.270571254821684,-3.217308807885866,-4.898771068034524,-3.9681515259759714,-0.39249485048416266,-1.5043426905222559
2018-06-19,-1.889242555747466,-0.39249485048416266,-1.5043426905222559,3.07763205103,1670,1.0865177491179496,-3.7956025310792785,-2.262460384580367,-1.169731762655153,0.6240034057665822,0.6305845730294246,0.4182093111420704,-1.2243280130036394,-3.6902844489101527,-1.3701760295737442,-0.05078039879778902,0.6768710557718989
2018-06-20,0.6240034057665803,-0.05078039879778902,0.6768710557718989,3.197541678762,1676,1.1159009010793681,-3.195283814375993,-3.7956025310792785,-1.889242555747466,0.006540355223494387,-0.2045178959881433,-1.965379163971026,-1.4975620410470625,-4.704097039775057,-2.102043146222421,-0.10175659769162236,0.10853885759829479
2018-06-21,0.006540355223502917,-0.10175659769162236,0.10853885759829479,2.922329340108,1679,1.016030653181005,-3.1889524420643633,-3.195283814375993,0.6240034057665803,-0.21104444815505108,-1.971790557087827,-1.8432890893989695,-2.0983926596979674,-6.693821007438993,-2.3811334896481573,-0.787878554674177,0.5831061423453782
2018-06-22,-0.21104444815506226,-0.787878554674177,0.5831061423453782,2.99935383084,1677,1.044353970355978,-3.3932667831361285,-3.1889524420643633,0.006540355223502917,-1.7644699247483242,-1.63569668829322,-1.2956940713120035,-1.3054119990809077,-4.818699946565719,-2.5501179969119714,0.16436683744686637,-1.925223747446738
2018-06-25,-1.7644699247483124,0.16436683744686637,-1.925223747446738,2.351530211071,1692,0.8138318019953272,-5.097863536029534,-3.3932667831361285,-0.21104444815506226,0.13108621326363146,0.477195830344912,-0.1291486433646183,-1.7373584464715375,-1.5855843154617077,-0.03396111163225246,-1.0078123716364815,1.153684066393821
2018-06-26,0.13108621326362996,-1.0078123716364815,1.153684066393821,2.738069334837,1690,0.9430837192046372,-4.973459919032641,-5.097863536029534,-1.7644699247483124,0.3456565090526498,-0.2598941712007252,0.33577698219002805,-2.496522054773931,-1.8003871088380197,0.4247743726057518,-0.08252558810481388,0.43067407137397173
2018-06-27,0.34565650905264794,-0.08252558810481388,0.43067407137397173,2.528592653325,1682,0.8654398733493489,-4.644994497915245,-4.973459919032641,0.13108621326362996,-0.603464765013273,-0.009845495267379878,-2.2040367055582433,-3.255284909866085,-2.9877924879609608,0.7986633831300383,-0.31267473823591263,-0.2885621164749033
2018-06-28,-0.6034647650132773,-0.31267473823591263,-0.2885621164749033,2.718266954568,1679,0.9401932753559413,-5.220428357796791,-4.644994497915245,0.34565650905264794,0.5972233019415629,-1.6102894701118142,-2.2424558957379714,-4.6939253323671215,-1.9926307347700956,1.6763834338611838,0.20129718300309649,0.3973513831642942
2018-06-29,0.59722330194157,0.20129718300309649,0.3973513831642942,2.578620697245,1676,0.9252364690580059,-4.654382670469159,-5.220428357796791,-0.6034647650132773,-2.1944072605538545,-2.8228206549561152,-3.245758975645041,-3.5597574483537953,-1.6772056270857427,0.25304786116315814,0.004039179019779154,-2.2031651037741082
2018-07-02,-2.194407260553867,0.004039179019779154,-2.2031651037741082,2.713545756421,1672,0.9801634884386574,-6.746653819768278,-4.654382670469159,0.59722330194157,-0.6425127406326836,-1.0749402827013976,-3.134104009096128,0.1544576134024922,0.9785567994334832,1.757720264495477,0.28847129541330374,-0.9278770812347042
2018-07-03,-0.6425127406326933,0.28847129541330374,-0.9278770812347042,2.977110115305,1672,1.0755872525102548,-7.345818450042573,-6.746653819768278,-2.194407260553867,-0.4352239111481193,-2.507703583484633,-0.7583434694899527,0.7139590921330763,2.4090076541713357,2.9131783849694948,-0.5627172203152541,0.12933614699920337
2018-07-04,-0.43522391114812164,-0.5627172203152541,0.12933614699920337,2.414984767973,1667,0.8676818256993342,-7.749071602826573,-7.345818450042573,-0.6425127406326933,-2.081539027905832,-0.32453199920168263,1.242756789449695,0.2764930587225489,2.730499226854155,2.6683288199728317,-0.3138666425225733,-1.7761104064045283
2018-07-05,-2.081539027905827,-0.3138666425225733,-1.7761104064045283,2.619445070517,1660,0.9457250956193695,-9.669310681019205,-7.749071602826573,-0.43522391114812164,1.7943572756978776,3.3949633035009974,3.3045305055220187,2.834336223601097,4.62208137162563,3.741347691027319,0.5696629664181451,1.216728888198395
2018-07-06,1.7943572756978752,0.5696629664181451,1.216728888198395,2.787340565069,1665,1.0105661430358213,-8.048455385036036,-9.669310681019205,-2.081539027905827,1.572391702880016,1.483552988830228,0.602981927227475,1.9520396998793377,2.3834324057143252,1.0596042507412085,0.43780982963537274,1.1284319061277022
2018-07-09,1.5723917028800267,0.43780982963537274,1.1284319061277022,2.328747069453,1654,0.8509541929423989,-6.602616926840321,-8.048455385036036,1.7943572756978752,-0.08746344608056011,-0.9544028248229752,-0.5422189456697812,0.822828265130271,1.5766218729612813,-0.189897542779216,0.6781945988375819,-0.758675657576418
2018-07-10,-0.08746344608055552,0.6781945988375819,-0.758675657576418,2.904530985173,1654,1.058224996144366,-6.684305496625164,-6.602616926840321,1.5723917028800267,-0.867698297575048,-0.4551535926062722,0.46163806572740995,1.6830323992006457,2.2659574879485556,0.42946068084819267,-0.5954199649209237,-0.2741146200916214
2018-07-11,-0.867698297575048,-0.5954199649209237,-0.2741146200916214,2.725481830343,1654,0.9895714243982101,-6.870136411969751,-6.684305496625164,-0.08746344608055552,0.41615568072570497,1.34097195411933,1.7943564788750255,2.4472397201750207,3.903071549651216,1.1842251737035125,0.22392275321280752,0.1939173222877743
2018-07-12,0.41615568072570386,0.22392275321280752,0.1939173222877743,2.606908957913,1645,0.9440003514267953,-6.376439725967398,-6.870136411969751,-0.867698297575048,0.9209835480399109,1.3724891067641742,2.1479625203862707,1.7384710337773779,3.7436105020859145,-0.23107646937944315,0.5794690461507325,0.34286833777482556
2018-07-13,0.9209835480399128,0.5794690461507325,0.34286833777482556,2.941287811063,1638,1.0667702564282255,-4.395870266855695,-6.376439725967398,0.41615568072570386,0.44738521450233826,1.2157818217876537,1.0916293229914498,0.42313298204224026,1.9631800545943712,-3.4991142364850236,0.14363865844402246,0.3015585910566975
2018-07-17,0.4473852145023488,0.14363865844402246,0.3015585910566975,2.878680069408,1625,1.0528837059455012,-2.7322960392253126,-4.395870266855695,0.9209835480399128,0.764974225704762,0.6413746929433195,0.3610268725154242,0.7476417997804852,0.7716127955854857,-2.3059146005035114,0.7181015088313177,0.052256898420117735
2018-07-18,0.7649742257047613,0.7181015088313177,0.052256898420117735,2.484364509373,1613,0.9032410545880256,-1.9882231739905887,-2.7322960392253126,0.4473852145023488,-0.12266120614945475,-0.40088071901305256,-0.7831277153409033,0.5732766568756542,0.4923109229812095,-4.042307725919314,0.22011550106110445,-0.34214226870641945
2018-07-19,-0.12266120614945003,0.22011550106110445,-0.34214226870641945,2.507093886427,1598,0.9214422787493608,-2.108445601613884,-1.9882231739905887,0.7649742257047613,-0.2785611993906367,-0.6612776403210674,0.1055898800681021,1.4210552021241885,-0.06051796433309553,-5.036561240110016,-0.15741423714451813,-0.12252462081101853
2018-07-20,-0.2785611993906418,-0.15741423714451813,-0.12252462081101853,2.7897826481,1587,1.03851687433898,-2.1746785799012014,-2.108445601613884,-0.12266120614945003,-0.3837855184737782,0.3852241645117438,0.9780783032231621,1.9708763537864105,-0.8418238951583001,-3.994034576013261,-0.44798671489254727,0.06165772373202357
2018-07-23,-0.38378551847377596,-0.44798671489254727,0.06165772373202357,2.481241686117,1578,0.9259446313953343,-1.270890782116707,-2.1746785799012014,-0.2785611993906418,0.7719724012682061,1.367110594178933,2.0961945080244515,1.533558082506259,-1.2930101324667431,-4.401749107788566,0.5977076761585876,0.17562527737721756
2018-07-24,0.7719724012682159,0.5977076761585876,0.17562527737721756,2.304458814654,1565,0.8683680275020067,-0.508729306936706,-1.270890782116707,-0.38378551847377596,0.5905790853640625,1.3140777888947852,1.5795673142853017,0.023793108579805988,-1.7391003787759596,-5.518153883476817,0.39923540552591047,0.19181854478953822
2018-07-25,0.5905790853640652,0.39923540552591047,0.19181854478953822,2.228220614345,1561,0.8403852032788004,0.0,-0.508729306936706,0.7719724012682159,0.7192509578026751,0.9831817630575168,0.16420265641554632,-0.08050422198201401,-1.795804637449161,-4.880617808700249,0.600340209846383,0.11914757155327602
2018-07-26,0.719250957802668,0.600340209846383,0.11914757155327602,2.637816314053,1561,1.0045244987699924,0.0,0.0,0.5905790853640652,0.2620460366265176,-0.5510846199796138,-1.2735492524578174,-1.460814190411075,-2.616714150407451,-4.92479635092643,0.209442100899955,0.0526394125342985
2018-07-27,0.2620460366265228,0.209442100899955,0.0526394125342985,2.417209931044,1563,0.9186034758733163,0.0,0.0,0.719250957802668,-0.8110054489702812,-1.531581839576035,-1.0533298381658507,-2.758336840399489,-3.831259537073317,-4.2877702063372265,-0.21419897310427274,-0.5994745998430782
2018-07-30,-0.8110054489702806,-0.21419897310427274,-0.5994745998430782,2.58747371907,1571,0.988965560228928,-0.8110054489702812,0.0,0.2620460366265228,-0.7264680863712569,-0.24430572191241895,-0.9147707312394004,-2.7838758616891335,-5.357124295412041,-2.00825347237521,-0.34624625250641267,-0.381699527436607
2018-07-31,-0.7264680863712617,-0.34624625250641267,-0.381699527436607,3.626044313961,1572,1.3856860893856795,-1.531581839576035,-0.8110054489702812,-0.8110054489702806,0.4856907527762022,-0.18968061399485814,-1.2458359987309153,-1.7624741399699384,-3.053962629666096,-1.4242447804370117,0.37992624945336073,0.10510226802632695
2018-08-01,0.48569075277620444,0.37992624945336073,0.10510226802632695,3.238537622998,1576,1.2163927354644346,-1.0533298381658507,-1.531581839576035,-0.7264680863712617,-0.6721070051980527,-1.7231575347052996,-2.5457896495584387,-1.7166824172910822,-4.512403593122583,-1.1714706067608271,-0.10245674010211728,-0.5699677783285205
2018-08-02,-0.672107005198052,-0.10245674010211728,-0.5699677783285205,3.093096314404,1574,1.1560891337495154,-1.7183573397337448,-1.0533298381658507,0.48569075277620444,-1.0581625138894712,-1.8863610088441507,-1.575782479858101,-1.1730358339168356,-4.979056499413359,0.10519062670304447,0.08318538193545125,-1.1416772587624047
2018-08-03,-1.058162513889472,0.08318538193545125,-1.1416772587624047,2.575289050389,1585,0.9505057675310206,-2.758336840399489,-1.7183573397337448,-0.672107005198052,-0.8370559067805261,-0.523155804581954,0.006588650237215887,-1.1033569992657033,-3.178972026998639,0.9820798844277112,-0.12032139153366682,-0.7211518733865194
2018-08-06,-0.8370559067805219,-0.12032139153366682,-0.7211518733865194,2.339143401746,1581,0.8640515635132017,-3.5723039257285483,-2.758336840399489,-1.058162513889472,0.31654980100579433,0.8507659436015391,0.7270397696609976,-2.6469358416942312,-3.149461835979206,0.46445821041491975,-0.16805772605041258,0.4852371615181861
2018-08-07,0.3165498010057951,-0.16805772605041258,0.4852371615181861,2.370046520431,1581,0.8827743527023715,-3.267062245690966,-3.5723039257285483,-0.8370559067805219,0.5325304186153179,0.4091946637613253,-0.5832525140664568,-1.3146590148618853,-3.8459382310444434,0.3196872332901668,0.0025032257732250447,0.5300059896267176
2018-08-08,0.532530418615312,0.0025032257732250447,0.5300059896267176,2.831405569274,1591,1.0538068377878063,-2.7519299273290554,-3.267062245690966,0.3165498010057951,-0.12268243357689279,-1.1098725238842255,-3.4681955586254753,-2.8445531190771978,-3.141223406864191,-0.8605434899229825,-0.14464910698612468,0.019930391294126684
2018-08-09,-0.12268243357688573,-0.14464910698612468,0.019930391294126684,2.42407229479,1596,0.9034328804915929,-2.8712362263007662,-2.7519299273290554,0.532530418615312,-0.9884026867770235,-3.3496225234760257,-1.716828507982615,-3.851196581431282,-2.3701009679256257,-1.814228195079537,-0.07072770936223581,-0.9208349682300561
2018-08-10,-0.9884026867770143,-0.07072770936223581,-0.9208349682300561,2.950518902125,1599,1.105846586904316,-3.831259537073317,-2.8712362263007662,-0.12268243357688573,-2.384791176764167,-0.7356974748132017,-1.754149417606854,-2.0987719752201595,-0.47469756499504134,-1.333595501188778,-0.8375686597092907,-1.5650230397973994
2018-08-13,-2.3847911767641725,-0.8375686597092907,-1.5650230397973994,2.938952625488,1610,1.0944640993710533,-6.124683174438417,-3.831259537073317,-0.9884026867770143,1.6893819332366444,0.646048670857513,-0.5189571640080715,-0.5161891909923,3.538428854898479,1.3112980822985731,0.5244218516956132,1.1566637503534383
2018-08-14,1.6893819332366387,0.5244218516956132,1.1566637503534383,2.402258851252,1621,0.8946385770611188,-4.538770532218727,-6.124683174438417,-2.3847911767641725,-1.0260002003592783,-2.1716516073375103,-1.373176928393871,-2.5650002228433944,1.6810566923984416,-0.25126271287164714,0.09647026196574453,-1.1177860501691057
2018-08-15,-1.0260002003592825,0.09647026196574453,-1.1177860501691057,2.340981177778,1623,0.8796212314572334,-5.518202937823591,-4.538770532218727,1.6893819332366387,-1.157527642913736,-0.35077568728898445,-1.1547774375630815,-0.30535631023405063,3.4988135758762473,-0.1637618117154016,-1.1177454645587834,-0.039244112601984564
2018-08-16,-1.1575276429137384,-1.1177454645587834,-0.039244112601984564,3.010473055036,1622,1.1342375215910356,-6.611855856339943,-5.518202937823591,-1.0260002003592825,0.8161996926890014,0.0027824125450104376,-0.4020804009969292,1.540420224532535,5.350659484963982,1.668329384845113,0.47757795525713304,0.3401364665787927
2018-08-17,0.8161996926889927,0.47757795525713304,0.3401364665787927,2.108101878041,1625,0.7867956617932476,-5.849622110831431,-6.611855856339943,-1.1575276429137384,-0.80683192048846,-1.208416997862971,0.04557925801047524,1.6588907442652623,4.297673758004983,2.0936385425387227,-0.12551854577180174,-0.6820409446193134
2018-08-20,-0.8068319204884569,-0.12551854577180174,-0.6820409446193134,1.92189078711,1619,0.7265393968130197,-6.609257412901748,-5.849622110831431,0.8161996926889927,-0.4048515489016524,0.859344645405069,1.537595029750527,4.075656142359652,3.7314403356992987,4.321827050567206,-0.4008372593978619,-0.0008602804275894065
2018-08-21,-0.40485154890164887,-0.4008372593978619,-0.0008602804275894065,2.20933501355,1611,0.8441276740975352,-6.987351280796361,-6.609257412901748,-0.8068319204884569,1.2693351171894074,1.9503425707587896,2.9023806026736265,4.357835403040977,4.332240768303697,6.095317982660142,-0.003442457631146065,1.2731805565803487
2018-08-22,1.2693351171893967,-0.003442457631146065,1.2731805565803487,2.24591937924,1606,0.8596677785690484,-5.806709067175486,-6.987351280796361,-0.40485154890164887,0.6724715362071976,1.6125764858576863,3.1889077886261052,3.8158217385763304,2.3546445631059454,4.824508077170098,0.16856431703693994,0.5030915052870889
2018-08-23,0.6724715362071981,0.16856431703693994,0.5030915052870889,2.080371877395,1604,0.7960317291532395,-5.173285996635412,-5.806709067175486,1.2693351171893967,0.9338252407088188,2.499626972517377,2.3614367265232916,3.7524359777180383,0.5693673540146493,5.185527197609563,0.5956163026157322,0.33802869937257485
2018-08-24,0.9338252407088097,0.5956163026157322,0.33802869937257485,2.059270966363,1595,0.7964518561437142,-3.5051920559374783,-5.173285996635412,0.6724715362071981,1.5513151592881913,1.4144034295835661,2.168280078032736,2.5957228083256068,-0.8629945503101033,5.442510124950872,0.5377387995557245,1.0076615595872738
2018-08-27,1.5513151592881995,0.5377387995557245,1.0076615595872738,2.159457097999,1590,0.8410217082450794,-1.7682677297051863,-3.5051920559374783,0.9338252407088097,-0.13482024283966165,0.607540057730227,1.2222571361518941,-0.3307361389002561,-2.1510185128664205,4.548354504373608,0.726380300262808,-0.8522746272008588
2018-08-28,-0.13482024283967523,0.726380300262808,-0.8522746272008588,2.494921641742,1571,0.9798383798998405,-1.9007039896976052,-1.7682677297051863,1.5513151592881995,0.7433625037025715,1.358909464030944,1.1648437882517237,-0.024525839040689945,-1.9003730568179056,3.450105376978674,0.013329837134481997,0.7299206374305868
2018-08-29,0.7433625037025606,0.013329837134481997,0.7299206374305868,2.256370984215,1570,0.9062814753445925,-0.5027425695911081,-1.9007039896976052,-0.13482024283967523,0.6110049784230132,0.4183712694061148,-0.9326102159858962,-1.4074706061180664,-3.538760746186309,3.4505407958134393,0.6685489608079819,-0.057184939070572566
2018-08-30,0.6110049784230089,0.6685489608079819,-0.057184939070572566,2.998224490317,1558,1.2284815297972886,0.0,-0.5027425695911081,0.7433625037025606,-0.19146385532895493,-1.5342409060916773,-1.3648877147425909,-3.067945917324777,-3.4953080674776538,3.1663683491103933,-0.7317930175734839,0.5459852399128569
2018-08-31,-0.19146385532894403,-0.7317930175734839,0.5459852399128569,2.73883271686,1559,1.124384672307567,-0.19146385532895493,0.0,0.6110049784230089,-1.3453529153221844,-1.1756748518110482,-1.8182349030793854,-3.3712100894278563,-2.1132160824412383,3.057438233126031,-0.10317429645510381,-1.2429988381216133
2018-09-03,-1.3453529153221808,-0.10317429645510381,-1.2429988381216133,2.081933419691,1548,0.8518453464435307,-1.5342409060916773,-0.19146385532895493,-0.19146385532894403,0.17199196239128245,-0.47933067699417187,-1.5576023841652131,-1.8263226830920853,0.5691492501765039,3.405722996277216,0.04170936591318008,0.12994471933086998
2018-09-04,0.17199196239128994,0.04170936591318008,0.12994471933086998,2.10284311831,1553,0.8649521611646002,-1.3648877147425909,-1.5342409060916773,-1.3453529153221808,-0.6502043401812263,-1.7266246908675509,-2.2216546729001863,-1.876307397909538,1.6898680612753347,3.2736281122585975,-0.08897605489555573,-0.562464158657752
2018-09-05,-0.6502043401812378,-0.08897605489555573,-0.562464158657752,2.555161954473,1546,1.0568098173021931,-2.0062174957639622,-1.3648877147425909,0.17199196239128994,-1.0834650877109664,-1.5817348413072918,-1.3534796492637113,-2.1617156524645353,2.413044883900106,2.8189593143201686,-0.5392441591231539,-0.5485239809386661
2018-09-06,-1.083465087710968,-0.5392441591231539,-0.5485239809386661,2.517251871568,1540,1.0471121105818122,-3.067945917324777,-2.0062174957639622,-0.6502043401812378,-0.5037274648148071,-0.27297211916305075,-0.1523125735440889,-0.44088836680215016,4.590025735516012,1.9890949748338604,-0.7074986036572426,0.2055148787623897
2018-09-07,-0.5037274648148057,-0.7074986036572426,0.2055148787623897,2.634540825607,1542,1.0937815367378105,-3.5562192959483485,-3.067945917324777,-1.083465087710968,0.23192360856547634,0.35319402658671173,-0.5893020063115983,1.301883225642042,6.360394533462976,2.8688903394123555,-0.19456031755043193,0.42676177223487377
2018-09-10,0.2319236085654847,-0.19456031755043193,0.42676177223487377,2.134320604334,1537,0.8919557950111414,-3.332543399502541,-3.5562192959483485,-0.5037274648148057,0.12098981407842047,-0.8193254058299848,-0.16837586681088812,2.440034843083172,6.846645632301196,-1.2627946312771643,0.20278267428020014,-0.08145659206357504
2018-09-11,0.120989814078417,0.20278267428020014,-0.08145659206357504,2.45325734281,1530,1.0427753420785113,-3.2155856234872493,-3.332543399502541,0.2319236085654847,-0.9391789090924418,-0.28901600096707947,0.9453502783419054,3.6343673628818296,5.454127197543279,-0.3177685561457366,0.11749808738299412,-1.0573195862222136
2018-09-12,-0.9391789090924252,0.11749808738299412,-1.0573195862222136,2.658658217138,1528,1.1288589864573624,-4.124564430600087,-3.2155856234872493,0.120989814078417,0.6563269928165694,1.9023960902816661,3.286285621921703,4.675838877258354,7.245709878979634,-0.7568705397374753,0.03746002798057984,0.6184663010395333
2018-09-13,0.6563269928165665,0.03746002798057984,0.6184663010395333,2.688341090715,1535,1.1338155291414573,-3.4953080674776538,-4.124564430600087,-0.9391789090924252,1.2379441359448906,2.612810051466319,3.934755436659776,5.053193042595017,6.9029559943531105,-1.1498589528208036,0.6293208471840476,0.6039258759015051
2018-09-14,1.2379441359448848,0.6293208471840476,0.6039258759015051,3.711050527707,1533,1.5758509148309192,-2.3006338927873182,-3.4953080674776538,0.6563269928165665,1.3580539660853042,2.663834517514041,2.721665920906835,4.9935017462148235,5.2822803126538975,-0.3580010171169046,-0.14880246556409024,1.506547208796923
2018-09-18,1.3580539660853077,-0.14880246556409024,1.506547208796923,3.406598011195,1548,1.3989574283985082,-0.9738237765281044,-2.3006338927873182,1.2379441359448848,1.2882849466167245,1.345341491340979,2.3782439930304156,4.301649053485823,2.8205207732685755,-2.270947969989612,0.9917083414770848,0.2966777566873316
2018-09-19,1.2882849466167166,0.9917083414770848,0.2966777566873316,3.409981305893,1550,1.3589193732643816,0.0,-0.9738237765281044,1.3580539660853077,0.05633084295417756,1.0760958653689645,2.269218989968036,1.7559424358615017,1.557441347085775,-4.02957264182533,0.4094410240325319,-0.35060879077387525
2018-09-20,0.0563308429541807,0.4094410240325319,-0.35060879077387525,3.362752420359,1564,1.308787164632672,0.0,0.0,1.2882849466167166,1.0191909035874858,2.2116423102573446,2.917063101906292,2.4550756213520097,0.39635031931746223,-3.8208892929622373,0.6095162091571575,0.40780047510458767
2018-09-21,1.019190903587488,0.6095162091571575,0.40780047510458767,4.414397795903,1577,1.6815427336402684,0.0,0.0,0.0563308429541807,1.1804206666116812,1.8787244100283207,0.6726086565493006,1.760786986272822,-2.4867866150633855,-7.185120908789777,0.18977963527068603,0.989048510138528
2018-09-25,1.1804206666116794,0.18977963527068603,0.989048510138528,3.671589362437,1597,1.3390635038529723,0.0,0.0,1.019190903587488,0.6901569877017399,-0.5018876248158999,0.23816593256149599,0.27504422810575857,-3.282710833638469,-8.357677680446763,-0.3098481236934526,1.0027364320711207
2018-09-26,0.6901569877017331,-0.3098481236934526,1.0027364320711207,3.354229217138,1611,1.1883792421145682,0.0,0.0,1.1804206666116794,-1.183874023220799,-0.4488929888106563,-0.1157625642041249,-1.4200430133733843,-7.589793966472236,-12.73098458393671,-0.19397272324898543,-0.9937030614120098
2018-09-27,-1.1838740232207963,-0.19397272324898543,-0.9937030614120098,3.287219345934,1619,1.1404995039180945,-1.183874023220799,0.0,0.6901569877017331,0.7437865299261492,1.080908048619178,0.7808508466894626,-0.1950756722643887,-5.473371130251481,-12.9709531947234,0.8707688189359774,-0.12410146034197325
2018-09-28,0.7437865299261563,0.8707688189359774,-0.12410146034197325,3.678081035975,1627,1.2588073062702374,-0.4488929888106563,-1.183874023220799,-1.1838740232207963,0.3346325667368921,0.03679067269553027,-0.9755291063248239,-2.0093931799368137,-7.461911928922415,-14.939223236956744,0.06717718474475745,0.26377093510943683
2018-10-01,0.33463256673689157,0.06717718474475745,0.26377093510943683,2.840730418859,1636,0.9491364233465445,-0.1157625642041249,-0.4488929888106563,0.7437865299261563,-0.29684854214544476,-1.305792067549827,-1.2623389970634502,-4.174076996779896,-7.532827200399661,-13.19628705250626,0.5986797086448858,-0.8885878700492198
2018-10-02,-0.296848542145446,0.5986797086448858,-0.8885878700492198,3.581190508613,1637,1.1996932326957432,-0.4122674668653792,-0.1157625642041249,0.33463256673689157,-1.0119474767363523,-0.968365032399332,-2.0454313246884737,-3.5479965021516735,-5.357294041334426,-10.503697282558866,-0.08783680667816386,-0.9241608102568938
2018-10-03,-1.0119474767363374,-0.08783680667816386,-0.9241608102568938,3.105357596127,1650,1.0258162693778061,-1.4200430133733843,-0.4122674668653792,-0.296848542145446,0.044027984414363175,-1.0440490762349763,-2.906234306265698,-6.258626136280265,-4.951802135378669,-9.76778196376391,0.7048344061179066,-0.6518819169654604
2018-10-04,0.04402798441435983,0.7048344061179066,-0.6518819169654604,3.53847145302,1658,1.149459838909126,-1.3766402452756288,-1.4200430133733843,-1.0119474767363374,-1.0875982130775896,-2.948963921304404,-2.6048559842481667,-5.288612253894831,-5.5013339394961225,-8.249958589681327,-0.8065562783061879,-0.2829135211206286
2018-10-05,-1.087598213077578,-0.8065562783061879,-0.2829135211206286,3.199688087852,1665,1.015722711726508,-2.44926614364509,-1.3766402452756288,0.04402798441435983,-1.8818324847035606,-1.5339408848235814,-5.269594209713125,-5.5643279758414765,-4.2005905581890985,-7.7385557001776295,-0.7853690695560606,-1.109258378949549
2018-10-09,-1.8818324847035635,-0.7853690695560606,-1.109258378949549,3.46376255159,1665,1.0884170735192622,-4.2850075424206935,-2.44926614364509,-1.087598213077578,0.35456389850099246,-3.452736440966886,-2.4107401910612114,-3.5050538501016026,-4.818151438799956,-5.62794559857942,0.5022350368458455,-0.14665801067283288
2018-10-10,0.35456389850099357,0.5022350368458455,-0.14665801067283288,3.055366198381,1668,0.9460184847079705,-3.945636733713165,-4.2850075424206935,-1.8818324847035635,-3.7938487215375627,-2.755533960925838,-4.093173959875374,-1.8758527283708748,-5.247217835147278,-5.7531303326721295,-4.188703301912887,0.4328897099732937
2018-10-11,-3.7938487215375614,-4.188703301912887,0.4328897099732937,4.570522760674,1675,1.4059893044161655,-7.589793966472236,-3.945636733713165,0.35456389850099357,1.0792602622740732,-0.31112900200261917,-0.054188391473919406,1.3940738726545998,-5.5634446000468625,-0.3787826376234982,-0.5701583638209126,1.6605777886325586
2018-10-12,1.0792602622740706,-0.5701583638209126,1.6605777886325586,3.884319340375,1692,1.1517413284439688,-6.592447334466767,-7.589793966472236,-3.7938487215375614,-1.3755435691446438,-1.1213464075686685,0.9046080135824974,-0.2245999036267321,-7.93171422076534,-1.7948853763194217,-0.09611963415325864,-1.2765673640706892
2018-10-15,-1.3755435691446398,-0.09611963415325864,-1.2765673640706892,3.116923881971,1697,0.9049998487549802,-7.877308918252912,-6.592447334466767,1.0792602622740706,0.25774252226595795,2.3119535105633027,1.7105248134382744,1.4440913993850835,-8.080252643961128,-1.272662223600407,-0.16299106632123195,0.41956875967539276
2018-10-16,0.25774252226596417,-0.16299106632123195,0.41956875967539276,2.918788443822,1696,0.8418702993931687,-7.6398695706795365,-7.877308918252912,-1.3755435691446398,2.0489300243730524,1.4490474796494457,0.906916175900041,-1.3607941566789794,-6.124832933284063,-3.2621906890331065,1.446638296989412,0.5940892541537088
2018-10-17,2.048930024373043,1.446638296989412,0.5940892541537088,2.974033029812,1697,0.854963178212413,-5.747475127763069,-7.6398695706795365,0.25774252226596417,-0.5878381523258924,-1.119084588344288,-0.8482509437067964,-3.4358159540930577,-5.437717771374895,-5.840134173372147,0.15911679874578,-0.744032385596342
2018-10-18,-0.5878381523258898,0.15911679874578,-0.744032385596342,2.654035470256,1685,0.7711408209925106,-6.301527428492526,-5.747475127763069,2.048930024373043,-0.5343877712189915,-0.26195264899271375,-2.769707263039678,-6.861859087977596,-5.06688178901058,-5.0515358956388585,-1.207332613534651,0.6852982262737526
2018-10-19,-0.5343877712189954,-1.207332613534651,0.6852982262737526,2.85497752048,1681,0.8386948075848748,-6.802240607733645,-6.301527428492526,-0.5878381523258898,0.2738988039400425,-2.2473289428704524,-2.3429509689548045,-7.724463454613351,-2.908638571072908,-5.618021434604792,-0.5005812135616302,0.7794777237593343
2018-10-22,0.2738988039400395,-0.5005812135616302,0.7794777237593343,2.480617375295,1674,0.7347099909572846,-6.5469730594593045,-6.802240607733645,-0.5343877712189954,-2.5143409968930386,-2.609701830793909,-6.617240475701203,-9.388761742513818,-3.693097027009873,-4.866640473272166,-0.6545478420784373,-1.874679543560862
2018-10-23,-2.5143409968930235,-0.6545478420784373,-1.874679543560862,3.115600523852,1679,0.9349938280269733,-8.896700828662818,-6.5469730594593045,0.2738988039400395,-0.09782037160750434,-4.208721078325384,-5.603053555991211,-4.829761894243456,-0.850786333760678,-3.484233570043238,0.6036474213727693,-0.6958973053557511
2018-10-24,-0.09782037160751922,0.6036474213727693,-0.6958973053557511,3.190309047529,1674,0.9764433193598419,-8.985818414458912,-8.896700828662818,-2.5143409968930235,-4.114925942566261,-5.51062369696197,-6.960713786851713,-2.073130775205556,-0.5339289105460332,-3.8245823568790027,-2.869799823370289,-1.285674659023018
2018-10-25,-4.114925942566266,-2.869799823370289,-1.285674659023018,3.589336718691,1651,1.106723092637373,-12.629842649438528,-8.985818414458912,-0.09782037160751922,-1.4555943853781672,-2.967915363532869,-0.6483270950227937,1.9272204506020074,5.4901006717849254,1.0926222687242637,1.193259570075433,-2.6015479771435226
2018-10-26,-1.4555943853781776,1.193259570075433,-2.6015479771435226,3.797512807849,1653,1.166682585360963,-13.901597754329364,-12.629842649438528,-4.114925942566266,-1.5346593941303444,0.8191913942962481,3.637967627950034,5.218961670487521,6.665518742426757,3.2592323017786473,0.3837965631133855,-1.9068678494856153
2018-10-29,-1.5346593941303464,0.3837965631133855,-1.9068678494856153,2.939277069548,1656,0.8959895990279021,-15.222914972588686,-13.901597754329364,-1.4555943853781776,2.390537395131176,5.2532464624126085,5.044863080572393,6.285825936203215,7.4060151557993725,5.665248157320191,-0.7419123660916896,3.1701091177066894
2018-10-30,2.3905373951311786,-0.7419123660916896,3.1701091177066894,4.485518314726,1662,1.3829078340899326,-12.937844312587776,-15.222914972588686,-1.5346593941303464,2.795872685220968,2.592354482131487,4.364020595031448,4.180903231597677,3.049413741353457,4.2853791297459365,1.1938926193007768,1.5861510343133713
2018-10-31,2.7958726852209703,1.1938926193007768,1.5861510343133713,3.902942640247,1673,1.1735418848297583,-9.628571974277856,-12.937844312587776,2.3905373951311786,-0.19798285453801467,1.5254969570737797,0.9810428737315524,1.5717870660464373,-0.42555699007382763,2.0337135381344407,-0.2537806687761495,0.060064921521924455
2018-11-01,-0.19798285453800965,-0.2537806687761495,0.060064921521924455,3.650763028294,1659,1.0924318323894113,-9.80749190716994,-9.628571974277856,2.7958726852209703,1.7268987751017262,1.1813646276819467,1.5484085120035518,3.4955139612677044,0.01616495240115423,2.7348345810337404,0.34145028827309604,1.3808063412661995
2018-11-02,1.726898775101719,0.34145028827309604,1.3808063412661995,4.103326261218,1660,1.2179156448179753,-7.241114609705801,-9.80749190716994,-0.19798285453800965,-0.5362732512133817,-0.1754602423227225,0.04559456526691541,1.374806450256938,-2.79054987349745,2.3202990738341756,-0.7983951445119433,0.2650078535732743
2018-11-05,-0.5362732512133754,-0.7983951445119433,0.2650078535732743,2.986475056941,1668,0.8790521315694353,-6.301272612217024,-7.241114609705801,1.726898775101719,0.36275838507635605,0.5850050420389774,2.287129988907699,1.0539403629121091,-1.2185455144284152,0.6182688481803034,0.3441919048199338,0.018903345009643083
2018-11-06,0.36275838507636626,0.3441919048199338,0.018903345009643083,2.663265496376,1660,0.7863848148616714,-5.961372621908012,-6.301272612217024,-0.5362732512133754,0.22144335263276638,1.9174160164548537,1.5529915753610402,-1.0860814747678638,-2.6560444999063737,-0.39345649772677405,0.2793730028217962,-0.057403685569352034
2018-11-07,0.2214433526327583,0.2793730028217962,-0.057403685569352034,3.690473166631,1653,1.1027215090970328,-3.9514000499470403,-5.961372621908012,0.36275838507636626,1.692225343287812,1.3286061128087834,0.4662079806797559,-1.9664358714310048,-3.30831750997137,-2.6550357852105133,1.6940626392519864,-0.002019653431359174
2018-11-08,1.692225343287805,1.6940626392519864,-0.002019653431359174,3.23588391543,1650,0.9578010790699463,-2.326041299719117,-3.9514000499470403,0.2214433526327583,-0.35756836793722213,-1.2056156293849707,-2.946991406000521,-3.3618355769204467,-4.168617126210439,-3.9757931818382497,-0.10815935256639742,-0.2519246224888307
2018-11-09,-0.3575683679372187,-0.10815935256639742,-0.2519246224888307,3.011822520455,1631,0.9094438752065401,-2.6752924797433852,-2.326041299719117,1.692225343287805,-0.851090491829054,-2.598715221668757,-3.2518378675528536,-4.108867350388734,-3.1934279051072934,-6.215657785906748,-0.6057400860000824,-0.25085482242373847
2018-11-12,-0.8510904918290499,-0.6057400860000824,-0.25085482242373847,2.502706414831,1633,0.7657999822431656,-3.5036138116487203,-2.6752924797433852,-0.3575683679372187,-1.762626274468182,-2.4213553004594046,-2.182532905358958,-2.248785024294364,-1.6207351105560375,-6.934480519356578,-2.2941139431689876,0.55594796144937
2018-11-13,-1.7626262744681978,-2.2941139431689876,0.55594796144937,3.383340103438,1639,1.0450848266804578,-5.20448446851689,-3.5036138116487203,-0.8510904918290499,-0.6705482862679801,-0.42744081500383224,-1.5504437463600529,-1.587201324693277,1.1993909945908765,-3.1508157596124353,0.12852791356523105,-0.7977167291738708
2018-11-14,-0.6705482862679676,0.12852791356523105,-0.7977167291738708,2.866765219363,1638,0.8792110969449201,-5.283353589165651,-5.20448446851689,-1.7626262744681978,0.2447486290015899,-0.8858354142816882,0.17685250363581595,-1.3687981768983781,2.4697808532688548,-1.5432378070897035,-0.7132180981256687,0.9601308813650363
2018-11-15,0.24474862900159244,-0.7132180981256687,0.9601308813650363,2.722748747395,1639,0.8364183684823291,-4.8021626388876415,-5.283353589165651,-0.6705482862679676,-1.1278237102149702,-0.06773035624743073,-1.1647390799052637,-0.8348477582396208,2.7182302280100767,-3.559963457176829,0.128643990160257,-1.2522581186141684
2018-11-16,-1.1278237102149655,0.128643990160257,-1.2522581186141684,2.923322909842,1638,0.8970872043826562,-5.875826420258157,-4.8021626388876415,0.24474862900159244,1.0721857187208084,-0.03733645912890049,-0.48727925482234813,0.9546653793593984,5.257563889807693,-3.4270637062003617,-0.05086817396941571,1.1248726008702126
2018-11-19,1.0721857187208028,-0.05086817396941571,1.1248726008702126,2.417116230372,1642,0.7409693015272918,-3.427288949955176,-5.875826420258157,-1.1278237102149655,-1.0977522351574232,-1.5429219843756892,-0.7676373254874358,0.6424983197338419,1.859472886053748,-7.0340676246962826,-1.0468961186738588,-0.053036491956762084
2018-11-20,-1.0977522351574254,-1.0468961186738588,-0.053036491956762084,2.633717989794,1642,0.8081553701136289,-4.4874180440591545,-3.427288949955176,1.0721857187208028,-0.4501108511474228,0.33377897583772853,0.9923723551870989,2.8315344719317848,2.3243230568922524,-5.839212826192197,-1.674212758599262,1.2495910195867321
2018-11-21,-0.4501108511474219,-1.674212758599262,1.2495910195867321,2.782751024409,1633,0.86024613558738,-4.9173305396539195,-4.4874180440591545,-1.0977522351574254,0.7874341535559548,1.4490053365882272,2.219668050439938,3.8918506103695627,0.6756338373036685,-8.660589084011317,0.3636049806372946,0.4234635574649216
2018-11-22,0.787434153555963,0.3636049806372946,0.4234635574649216,2.415600018116,1626,0.7514808293524087,-4.168617126210439,-4.9173305396539195,-0.4501108511474219,0.6564024459877915,1.421044110222991,2.4894462479037704,3.5829905021347086,0.20121168931281908,-11.538437998556239,0.06941832990586981,0.588148737228905
2018-11-26,0.6564024459877842,0.06941832990586981,0.588148737228905,2.492234115092,1611,0.7897397215968865,-3.539577585002973,-4.168617126210439,0.787434153555963,0.7596552684718816,1.821090121812774,2.4079538933639233,4.262208679786328,-3.1219263479725035,-16.916153202115204,0.7129709542145192,0.046295768840472894
2018-11-27,0.7596552684718869,0.7129709542145192,0.046295768840472894,2.639540710007,1593,0.8540813992709905,-2.8068109041372025,-3.539577585002973,0.6564024459877842,1.0534323986249428,1.6358716397949058,2.1316546392109226,1.2092054416750209,-5.401285946557943,-15.927018392524595,0.3283724984991294,0.7213537219382286
2018-11-28,1.0534323986249492,0.3283724984991294,0.7213537219382286,2.896301688998,1585,0.9417287951117258,-1.7829463609445817,-2.8068109041372025,0.7596552684718869,0.5763675981558025,1.066982303315256,2.3974586748709337,-0.49324501248009245,-4.298649143487266,-12.191166785020613,1.0504289829491866,-0.46638386395821274
2018-11-29,0.5763675981558007,1.0504289829491866,-0.46638386395821274,2.90252007148,1567,0.9687806813747443,-1.216855087905755,-1.7829463609445817,1.0534323986249492,0.48780316576917393,1.810655047705767,-0.4197988281460563,-3.0957353769044293,-3.916294762165029,-13.13869152704611,0.09114360658185448,0.39683787707675877
2018-11-30,0.48780316576918,0.09114360658185448,0.39683787707675877,4.037565440253,1556,1.370508895765335,-0.7349877797782067,-1.216855087905755,0.5763675981558007,1.3164302932907823,-0.9031961743834804,-1.5437557155045023,-3.2648012925946546,-6.112053986182209,-14.541880129870322,1.1138726470609877,0.20146894448153532
2018-12-03,1.3164302932907737,1.1138726470609877,0.20146894448153532,2.86577439826,1557,0.966412512677492,0.0,-0.7349877797782067,0.48780316576918,-2.19078629324867,-2.823022880411019,-4.819132557698602,-7.082273741617384,-8.25083469070198,-12.910212744491433,-0.08693609455699482,-2.106513930001357
2018-12-04,-2.1907862932486717,-0.08693609455699482,-2.106513930001357,3.210026021214,1554,1.1055726378452408,-2.19078629324867,0.0,1.3164302932907737,-0.6463977811516752,-2.687217456149027,-2.38312945225454,-6.531511989828298,-8.731186465787921,-10.188410027161165,-1.6981809740228366,1.073001768845852
2018-12-05,-0.6463977811516737,-1.6981809740228366,1.073001768845852,2.944358884015,1553,1.010184698481339,-2.823022880411019,-2.19078629324867,-2.1907862932486717,-2.0540973144607233,-1.7480309040806885,-4.382983487914838,-3.8242671379289273,-7.978099086514867,-9.353739022508133,-0.5091041324224032,-1.553059293116926
2018-12-06,-2.0540973144607277,-0.5091041324224032,-1.553059293116926,3.233359926228,1549,1.104014915992965,-4.819132557698602,-2.823022880411019,-0.6463977811516737,0.3124851596525424,-2.3777269999043615,-3.9504517630527647,-0.846773244141652,-9.273567560948004,-8.257521344681184,0.4672721022248658,-0.15402579641837655
2018-12-07,0.31248515965254686,0.4672721022248658,-0.15402579641837655,2.903152697558,1548,0.9990639232814092,-4.521706472112852,-4.819132557698602,-2.0540973144607277,-2.681831833071724,-4.249657374075255,-2.1131751892130457,-2.943347128690599,-11.71607557428488,-8.147797442363725,-1.4452543148215589,-1.2537045429518356
2018-12-10,-2.681831833071714,-1.4452543148215589,-1.2537045429518356,2.616100938526,1548,0.9054645263397114,-7.082273741617384,-4.521706472112852,0.31248515965254686,-1.6110306744720693,0.584327319933986,1.568242275777787,-1.2576297291596483,-14.238750146591105,-4.4516437110475815,0.29154016349656703,-1.8956975360315134
2018-12-11,-1.6110306744720684,0.29154016349656703,-1.8956975360315134,2.879966375338,1545,1.003664882548252,-8.579206813661921,-7.082273741617384,-2.681831833071714,2.2313050024363568,3.23133067867698,1.3642878025910798,-2.353386176226835,-11.126718318834971,-2.9605257962119658,0.7796921997574736,1.4422466908699378
2018-12-12,2.2313050024363585,0.7796921997574736,1.4422466908699378,3.162067249466,1541,1.0947799138627483,-6.539330082028161,-8.579206813661921,-1.6110306744720684,0.9781990714261113,-0.8480936439426379,-1.8312565169669281,-4.319002127639715,-8.247028459782957,-4.246025673138254,0.5731132677031151,0.4021138594803297
2018-12-13,0.9781990714261103,0.5731132677031151,0.4021138594803297,2.71304155885,1527,0.9429288380916748,-5.625098676741946,-6.539330082028161,2.2313050024363585,-1.808600997208254,-2.782239745042192,-5.409904936987675,-8.498759538663691,-9.598294260252537,-4.146095758709711,-0.17665234821530879,-1.6360775422349667
2018-12-14,-1.8086009972082595,-0.17665234821530879,-1.6360775422349667,3.578073036622,1528,1.246905051571852,-7.331964083188691,-5.625098676741946,0.9781990714261103,-0.9915723349722905,-3.66763685654079,-3.5005968228517426,-9.038770847812295,-8.978603219680048,-2.341682696725622,-0.2872933196415221,-0.7112912538363877
2018-12-17,-0.9915723349722785,-0.2872933196415221,-0.7112912538363877,2.337811968464,1526,0.8027291956185334,-8.25083469070198,-7.331964083188691,-1.8086009972082595,-2.7028653869975106,-2.5341524424245643,-5.8801187958143375,-13.146454132937613,-5.078387403397189,-2.0110445745678662,-1.6599996683240383,-1.0636279056647375
2018-12-18,-2.702865386997513,-1.6599996683240383,-1.0636279056647375,2.908152432635,1523,1.008705496092884,-10.730691122706126,-8.25083469070198,-0.9915723349722785,0.1733997051855729,-3.265515908001082,-5.57562777036077,-8.9847786820767,-1.5966281415798256,0.27814706360518304,-0.025397271783847982,0.19964873188622656
2018-12-19,0.17339970518556327,-0.025397271783847982,0.19964873188622656,2.892269336102,1535,0.9947253884895845,-10.575898404291706,-10.730691122706126,-2.702865386997513,-3.432962865698397,-5.739075934795023,-10.888225933955075,-4.105335875973282,-1.4949049327796282,0.9117495584562096,-1.0005699555652914,-2.4609739218439417
2018-12-20,-3.4329628656984017,-1.0005699555652914,-2.4609739218439417,3.584760474502,1540,1.2274334822374107,-13.645794605056782,-10.575898404291706,0.17339970518556327,-2.3880955008378058,-7.720298032845507,-5.912330879478656,-1.2016610004904282,1.1199009913118507,5.372682161995157,-0.7800133090227955,-1.6171253939185035
2018-12-21,-2.3880955008378035,-0.7800133090227955,-1.6171253939185035,4.052244342961,1553,1.3687083661408648,-15.708015498877659,-13.645794605056782,-3.4329628656984017,-5.462655973538011,-3.6104565285590695,1.7332103149037659,0.06614645458624668,4.041820926213613,7.2845452463662586,-4.528068338681959,-0.9387523761715181
2018-12-25,-5.462655973538026,-4.528068338681959,-0.9387523761715181,3.125456731226,1575,1.0272774274632688,-20.312596625441948,-15.708015498877659,-2.3880955008378035,1.9592251760960133,7.611665382124122,7.0639987921452985,9.289277310438626,11.412038015155513,13.815488938828558,1.4633860835121626,0.5052800407406579
2018-12-26,1.9592251760960087,1.4633860835121626,0.5052800407406579,2.775250235378,1593,0.9027766393716651,-18.751340956350425,-20.312596625441948,-5.462655973538026,5.543824206456693,5.006681452544104,3.8143172492923316,8.117488957906826,9.188579928801776,9.600470127340133,4.63024270091601,0.8950533965523294
2018-12-27,5.543824206456683,4.63024270091601,0.8950533965523294,3.239313696584,1587,1.05141366279985,-14.247058128867119,-18.751340956350425,1.9592251760960087,-0.5089286445238761,-1.6386623946667234,1.5589498799757129,2.722185814027589,4.3606247508735985,5.594508164624101,-0.6085633463559995,0.09912959539677109
2018-12-28,-0.5089286445238634,-0.6085633463559995,0.09912959539677109,2.445270313842,1594,0.7892899803295844,-14.68347941357122,-14.247058128867119,5.543824206456683,-1.13551269953297,2.0784563844037596,2.9624853031552822,2.3497986052314124,6.031079233437109,5.964696754793475,-2.463824773717741,1.3661571627582378
2019-01-04,-1.1355126995329747,-2.463824773717741,1.3661571627582378,3.247696905697,1585,1.056092630644823,-15.652259339629781,-14.68347941357122,-0.5089286445238634,3.2508832763871176,4.145065750691357,4.433498277739822,3.9730464422667477,7.291604784941552,9.14731383445555,3.0448104401513114,0.20211949379073074
2019-01-07,3.2508832763871216,3.0448104401513114,0.20211949379073074,2.850426413137,1579,0.9389661320815604,-10.959526250135731,-15.652259339629781,-1.1355126995329747,0.8660288860780518,1.1453800333959707,0.26581732369250766,1.9423320905372465,3.2314482918288645,5.880650775189311,0.605113654890871,0.26173000000703356
2019-01-08,0.8660288860780447,0.605113654890871,0.26173000000703356,3.076266512444,1577,1.013616920216237,-9.60409288934596,-10.959526250135731,3.2508832763871216,0.2769526573048964,-0.5950581866005944,-0.16517278776931876,0.9906731845316763,1.905194069856031,5.000476290608469,0.7919067392264084,-0.5108488476451898
2019-01-09,0.2769526573048858,0.7919067392264084,-0.5108488476451898,2.697708909677,1572,0.890846900574873,-7.741023603305408,-9.60409288934596,0.8660288860780447,-0.869602456793428,-0.4409043487641484,0.7879272952241001,1.5950195411654322,2.4431776748131906,3.5620622680750946,-0.6061506118090387,-0.26649165581271234
2019-01-10,-0.8696024567934207,-0.6061506118090387,-0.26649165581271234,2.677565836205,1564,0.8878107766977864,-8.543309928663534,-7.741023603305408,0.2769526573048858,0.43245878020656825,1.6720701148152717,1.5952238814333386,3.5967639197851176,4.205681699637642,2.2404756938595227,0.6622034549467497,-0.22490462051845594
2019-01-11,0.43245878020657175,0.6622034549467497,-0.22490462051845594,2.846973620747,1557,0.9527610287893575,-7.073899585422261,-8.543309928663534,-0.8696024567934207,1.234273610010428,1.1577582739176417,2.0449401198475936,3.191748685095508,3.1167508327755833,3.8707500228271297,-0.6958680669793869,1.952485472991829
2019-01-15,1.2342736100104317,-0.6958680669793869,1.952485472991829,2.841313434511,1544,0.9517614965311639,-5.926937251193332,-7.073899585422261,0.43245878020657175,-0.07558244195789987,0.8007826607816071,1.8930408349080885,1.264554356228298,2.1572632244157397,3.736134787397427,0.3519416081362721,-0.4260270052944778
2019-01-16,-0.07558244195789786,0.3519416081362721,-0.4260270052944778,2.530042014935,1539,0.844309437578571,-5.998039969243463,-5.926937251193332,1.2342736100104317,0.8770279819048765,1.9701123358787598,2.0107112354844636,0.9055498458291789,0.377228276809638,3.616946097310758,0.7115815985777153,0.16478230946826763
2019-01-17,0.877027981904872,0.7115815985777153,0.16478230946826763,2.321651896056,1525,0.779317038718984,-5.173616476234688,-5.998039969243463,-0.07558244195789786,1.0835810450025907,1.1238269765272424,0.46008739536020915,0.8348422368323893,1.1823265879214562,1.7653112683385652,0.33727569922353573,0.7459763022732246
2019-01-18,1.0835810450025878,0.33727569922353573,0.7459763022732246,2.529922087063,1519,0.8613777808594155,-2.38054940172,-5.173616476234688,0.877027981904872,0.03981450905139461,-0.6168100132550647,-1.0439946231921793,0.5877768347320345,-0.06260662357070457,2.4788106525421405,1.1727009749329123,-1.1149032829833232
2019-01-21,0.03981450905139117,1.1727009749329123,-1.1149032829833232,2.349448965423,1517,0.8024325068380048,-1.3636317570067003,-2.38054940172,1.0835810450025878,-0.6563631945229798,-1.0833777906950393,-0.28577314401079246,-0.0726781484717276,1.7295938980814496,2.9594020344827277,0.29285959414736457,-0.9411544221760539
2019-01-22,-0.6563631945229812,0.29285959414736457,-0.9411544221760539,2.027652300801,1509,0.7073672958402237,-0.6563631945229798,-1.3636317570067003,0.03981450905139117,-0.4298358806897662,0.3730385381781609,1.2120629737763178,0.8815610495327642,2.5662746451752927,3.939763587812628,-0.9454947843368716,0.5232224009313808
2019-01-23,-0.4298358806897612,-0.9454947843368716,0.5232224009313808,2.26396810104,1498,0.7941046867037573,-1.0833777906950393,-0.6563631945229798,-0.6563631945229812,0.8063403590516272,1.6489867913631828,1.021769263496175,-0.523580288524006,3.037413597024896,4.500860480577984,-0.031150373108075342,0.8400553064203768
2019-01-24,0.8063403590516353,-0.031150373108075342,0.8400553064203768,2.196828587421,1489,0.7793598974315686,-0.28577314401079246,-1.0833777906950393,-0.4298358806897612,0.8359061833910886,0.21370570906278363,0.5066325765969326,0.34460742277251377,1.0922002017680565,3.44033417300873,0.15592107880845776,0.6797866783826826
2019-01-25,0.8359061833910972,0.15592107880845776,0.6797866783826826,2.567518705735,1487,0.9222448667581338,0.0,-0.28577314401079246,0.8063403590516353,-0.6170425772707322,-0.32654400526267446,-2.1373229074544975,-0.646582993251088,-1.8858914156356987,3.5175283915457545,0.20801905359865164,-0.8231398493325561
2019-01-28,-0.6170425772707278,0.20801905359865164,-0.8231398493325561,2.185032007732,1472,0.7994626019020802,-0.6170425772707322,0.0,0.8359061833910972,0.29230220104279336,-1.5297193498852946,0.13062256582923037,1.8035828571799195,0.7312092205798093,3.7192252192118636,-0.41771701410198625,0.7158660450437065
2019-01-29,0.2923022010427997,-0.41771701410198625,0.7158660450437065,2.479890381414,1453,0.9394359117813396,-0.32654400526267446,-0.6170425772707322,-0.6170425772707278,-1.8167112639170702,-0.16120841945523878,-0.32108747990569064,1.6699916001650106,1.5455304039549977,3.973236218293863,-0.22245024419653772,-1.6029620133395566
2019-01-30,-1.8167112639170653,-0.22245024419653772,-1.6029620133395566,2.777258753124,1433,1.0651093193629932,-2.1373229074544975,-0.32654400526267446,0.2923022010427997,1.6861350498370786,1.5232977050011254,3.3850844996665908,3.579736681192691,3.2275426171033184,5.001495520075272,1.35800525462386,0.32341537770022283
2019-01-31,1.6861350498370828,1.35800525462386,0.32341537770022283,2.87626141258,1432,1.103035446851585,-0.4872260082881996,-2.1373229074544975,-1.8167112639170653,-0.16013721512392332,1.6707778784166072,1.8341568348640536,0.745025366281804,0.5761724404612645,3.870070199870712,0.03540648224813519,-0.19876754264539617
2019-02-01,-0.16013721512392098,0.03540648224813519,-0.19876754264539617,2.813964886134,1425,1.0867100508294012,-0.646582993251088,-0.4872260082881996,1.6861350498370828,1.8338517726988357,1.9974927792970387,2.025583312085688,-1.247373728777168,2.543009368415494,5.015823781030737,0.5792283816523297,1.2489712586998762
2019-02-04,1.8338517726988304,0.5792283816523297,1.2489712586998762,2.512327289053,1425,0.9633638514625303,0.0,-0.646582993251088,-0.16013721512392098,0.16069411472667827,0.18827878554061872,-0.910539420915879,-1.0533751430974236,1.2088990914810527,2.5212842961299,0.3535775777883372,-0.18809356441189504
2019-02-05,0.16069411472668477,0.3535775777883372,-0.18809356441189504,2.459351878576,1435,0.9565364322176283,0.0,0.0,1.8338517726988304,0.027540414987869966,-1.0695148881611494,-3.1813198733183334,-0.1224168451783414,1.3391233593974983,2.2849700478904333,0.39826104546131114,-0.3680594266966208
2019-02-06,0.027540414987876925,0.39826104546131114,-0.3680594266966208,2.59269487317,1437,1.0161264864115656,0.0,0.0,0.16069411472668477,-1.0967532527518253,-3.2079767981832763,-1.239320550955747,-0.34002216589272827,1.4203063066747346,0.9993437326009103,-0.09143154822998975,-1.007972504898694
2019-02-07,-1.096753252751822,-0.09143154822998975,-1.007972504898694,2.870219758909,1427,1.1356552958304464,-1.0967532527518253,0.0,0.027540414987876925,-2.1346352267148205,-0.14414824881153754,0.9573369036977253,-0.16760423177882844,2.322764730171145,-0.38823907255282064,-1.354159640336525,-0.7940869972772888
2019-02-08,-2.1346352267148347,-1.354159640336525,-0.7940869972772888,3.242122699167,1434,1.2784424036869162,-3.2079767981832763,-1.0967532527518253,-1.096753252751822,2.033903396277581,3.159414096678037,2.963007216318525,3.838260550947181,5.507281149617005,2.3099504124728165,0.4430831565183104,1.5831274946916127
2019-02-12,2.0339033962775894,0.4430831565183104,1.5831274946916127,3.186206415203,1434,1.242562534839899,-1.239320550955747,-3.2079767981832763,-2.1346352267148347,1.103075216116367,0.9105834326777806,-0.023489843164870017,2.286358163151303,2.9663259497748617,1.9038407058958873,0.7482427022676101,0.3537598455752625
2019-02-13,1.1030752161163622,0.7482427022676101,0.3537598455752625,3.148872032636,1447,1.2199332745334244,-0.14991597268519952,-1.239320550955747,2.0339033962775894,-0.19039162065754844,-1.1142737813593762,0.6580557481966398,1.4633315689169812,2.3907559541826107,0.2049446895346474,0.08140880937632758,-0.2672973272991112
2019-02-14,-0.1903916206575452,0.08140880937632758,-0.2672973272991112,2.631160726818,1454,1.0133249188002704,-0.34002216589272827,-0.14991597268519952,1.1030752161163622,-0.9256445102864941,0.8500658229511515,1.3633601983793486,1.7663344010548476,1.7184879713275425,-0.060376225562208674,-0.8746686768533176,-0.050579780799906174
2019-02-15,-0.9256445102864926,-0.8746686768533176,-0.050579780799906174,2.60058107987,1468,0.9996015525118968,-1.2625192796668738,-0.34002216589272827,-0.1903916206575452,1.7923006659599228,2.3103907134712554,2.6066505741962898,2.4945499332018617,3.275027950938747,1.3721364426559024,1.6383115496618867,0.1507834419039588
2019-02-18,1.7923006659599208,1.6383115496618867,0.1507834419039588,2.407453732555,1468,0.9204338326897036,0.0,-1.2625192796668738,-0.9256445102864926,0.5089678139916343,0.8000113003720388,0.9085453446428637,1.6073271930926891,2.4114899960961056,0.8092592811014043,0.007095312044902287,0.5039342589228921
2019-02-19,0.5089678139916273,0.007095312044902287,0.5039342589228921,2.164844637631,1470,0.8296201608515854,0.0,0.0,1.7923006659599208,0.28956966996120936,0.39755410819730663,0.18000050478388374,0.6647687911021105,1.296709297729448,-0.0020542166035641962,0.27025840478615054,0.02122666403267118
2019-02-20,0.2895696699612178,0.27025840478615054,0.02122666403267118,2.458737628001,1474,0.945591757178384,0.0,0.0,0.5089678139916273,0.10767265089624001,-0.10925280219858946,0.8009085339434563,0.9140488203225328,0.9333480073026923,0.06825664635892181,0.19164850542136155,-0.08498208528181479
2019-02-21,0.10767265089623271,0.19164850542136155,-0.08498208528181479,2.617635643067,1478,0.9984250546410606,0.0,0.0,0.2895696699612178,-0.2166921349288753,0.6924902604266148,0.26615656654027653,-0.04701597046693484,-0.4150673463762855,0.11997288868199618,-0.40247853174261594,0.1871339451514973
2019-02-22,-0.21669213492887218,-0.40247853174261594,0.1871339451514973,2.131413557262,1486,0.8075224179197144,-0.2166921349288753,0.0,0.10767265089623271,0.911156800478996,0.4838972687917664,1.0244208309852842,0.7614824575994827,-2.6494630103799266,-2.0229962811886604,0.647817664260544,0.26171791088721225
2019-02-25,0.9111568004789946,0.647817664260544,0.26171791088721225,2.325812737217,1491,0.882267154276412,0.0,-0.2166921349288753,-0.21669213492887218,-0.4234016785002459,0.11224133594089913,-0.734420440869954,0.791441744624577,-3.0304361010024983,-0.7901228006751859,0.12719932933472178,-0.5463482818979288
2019-02-26,-0.42340167850024735,0.12719932933472178,-0.5463482818979288,2.319265910136,1491,0.8838355575956386,-0.4234016785002459,0.0,0.9111568004789946,0.5379205792024777,-0.3123412203392739,0.276248430198911,0.6277673054996491,-1.0318764256939894,-0.1004257751164972,0.17459102488375272,0.3608534667958881
2019-02-27,0.5379205792024848,0.17459102488375272,0.3608534667958881,2.671587325683,1496,1.0155023054291015,0.0,-0.4234016785002459,-0.42340167850024735,-0.8457125377602459,-0.2602720918595369,0.6784389197765694,0.019124380803026142,-2.134774027477704,-2.2181124052767176,0.007773854027629477,-0.8494664972388087
2019-02-28,-0.8457125377602529,0.007773854027629477,-0.8494664972388087,2.809288805163,1496,1.0639679148740577,-0.8457125377602459,0.0,0.5379205792024848,0.5904338187329161,1.5371513391362557,0.9430540724372216,-0.36822450023162867,-1.7488110886893948,-0.9524165207776658,0.25886449207793577,0.3314330051522273
2019-03-01,0.5904338187329128,0.25886449207793577,0.3314330051522273,2.421227921575,1492,0.916440933836905,-0.2602720918595369,-0.8457125377602459,-0.8457125377602529,0.9411605899914521,0.35055048508862985,0.2801255613208653,-3.385168007442474,-1.8425475606618225,-0.3628497618518134,0.8368562820476428,0.10396487702824687
2019-03-04,0.9411605899914509,0.8368562820476428,0.10396487702824687,2.527783121575,1494,0.9650832270054136,0.0,-0.2602720918595369,0.5904338187329128,-0.5851033428293961,-0.6548716349276229,-1.8765307222416427,-3.7918674239332484,-1.5645028844476272,-2.045304555133476,-0.6141185528082422,0.03206242833595171
2019-03-05,-0.5851033428293945,-0.6141185528082422,0.03206242833595171,2.355997882664,1492,0.9044382903111693,-0.5851033428293961,0.0,0.9411605899914509,-0.07017891125393749,-1.2990280358744388,-3.722668659487016,-1.6492900276273148,-1.2821379128079236,-0.6596799553375776,-0.03745722884506462,-0.03030436091858007
2019-03-06,-0.07017891125392987,-0.03745722884506462,-0.03030436091858007,2.244751560337,1491,0.8643257459011099,-0.6548716349276229,-0.5851033428293961,-0.5851033428293945,-1.2297121232001218,-3.655054825915649,-3.157674503653396,-2.1534865673090597,-0.8570917125241606,-0.7422328890786867,-0.6242662980044129,-0.610995465472756
2019-03-07,-1.2297121232001371,-0.6242662980044129,-0.610995465472756,2.529274023241,1491,0.9779194027546149,-1.8765307222416427,-0.6548716349276229,-0.07017891125392987,-2.4555387605438073,-1.9519659422863045,-0.35487187692557765,-1.3856890349815854,0.5372702685046304,1.0345665483101785,-1.2777585317572766,-1.1949321751593163
2019-03-08,-2.455538760543807,-1.2777585317572766,-1.1949321751593163,3.318939448115,1496,1.284811168448983,-4.285990543547291,-1.8765307222416427,-1.2297121232001371,0.5162495254562138,2.1535480917378003,1.5585335129865152,1.5966704231286988,0.6435164597582643,3.4354981652092054,0.2675636016855537,0.24672298061827325
2019-03-11,0.5162495254562249,0.2675636016855537,0.24672298061827325,2.147523366907,1506,0.8241802020660124,-3.7918674239332484,-4.285990543547291,-2.455538760543807,1.6288894323170489,1.0369308370049568,0.5775504962918454,2.31515203532775,2.310326261403839,2.4981817274688067,1.1144414354860304,0.5085284203333937
2019-03-12,1.6288894323170566,1.1144414354860304,0.5085284203333937,2.695112719881,1505,1.0565266500164758,-2.2247433193721133,-3.7918674239332484,0.5162495254562249,-0.5824707901647685,-1.0344882659820809,-0.5451378625723313,0.3733090639839176,0.9411622822960375,0.6491525074487026,-0.3149127908750408,-0.26694394133270194
2019-03-13,-0.5824707901647683,-0.3149127908750408,-0.26694394133270194,2.510131952676,1502,0.9935752545851025,-2.7942556295453946,-2.2247433193721133,1.6288894323170566,-0.45466577112700524,0.03755165501411195,1.265102955655717,1.324926979311014,-0.08515627177155816,0.9241067290234772,0.7168894235040334,-1.1615324496272175
2019-03-14,-0.4546657711270095,0.7168894235040334,-1.1615324496272175,2.534475905226,1494,1.0160556830198513,-3.236216876767062,-2.7942556295453946,-0.5824707901647683,0.49446559193766504,1.727623640128284,1.4225130606605907,1.9499799620040337,0.8105699042793457,1.2100492676596186,0.1854522466237151,0.30461734855010647
2019-03-15,0.4944655919376725,0.1854522466237151,0.30461734855010647,3.134111734646,1495,1.2588857130745612,-2.7577532637655056,-3.236216876767062,-0.4546657711270095,1.2270905078473948,0.9234811720789882,1.2868920750244817,-0.9381744100478429,1.507473719047936,2.320380646192177,0.6548763216150496,0.5682586530043939
2019-03-18,1.2270905078474028,0.6548763216150496,0.5682586530043939,2.150926872891,1500,0.8548081770318585,-1.5645028844476272,-2.7577532637655056,0.4944655919376725,-0.29992893626126227,0.059076643294875275,0.218580080728481,-0.00471657797297409,-0.4884433814779654,0.8929870520689942,0.006046753594197483,-0.30540460446931156
2019-03-19,-0.2999289362612661,0.006046753594197483,-0.30540460446931156,2.181103069873,1501,0.8712416544532054,-1.8597394238497933,-1.5645028844476272,1.2270905078474028,0.36008558040707683,0.5200688539712894,-1.8446208558270172,0.5657412549287644,0.6305423803855792,1.5371804579240589,-0.02108777748249457,0.38258942880515073
2019-03-20,0.3600855804070778,-0.02108777748249457,0.38258942880515073,2.388519910035,1508,0.9537845999984376,-1.5063504969411445,-1.8597394238497933,-0.2999289362612661,0.1594092637914546,-2.1967960902820383,-0.06375555662506693,-1.3916449714002743,0.11585177944590797,-0.3860513271929822,0.18145252318923888,-0.02381349076120315
2019-03-22,0.15940926379146456,0.18145252318923888,-0.02381349076120315,2.959118724747,1506,1.1832952591522938,-1.3493424953869848,-1.5063504969411445,0.3600855804070778,-2.3524553223630895,-0.22280964120782176,0.04543610194283065,-1.1176167549511562,0.49463873295687577,0.016986175858968444,-1.9582076480392838,-0.3961234305653706
2019-03-25,-2.3524553223631037,-1.9582076480392838,-0.3961234305653706,2.803650748956,1503,1.1135238465549504,-3.67005513840043,-1.3493424953869848,0.15940926379146456,2.1809515929825496,2.4556597221384813,0.8232359336868056,2.4688098715433204,2.774129724061547,2.216558955063541,0.8868709258830673,1.282902923972305
2019-03-26,2.180951592982547,0.8868709258830673,1.282902923972305,3.597658539403,1516,1.4100556455061428,-1.5691456714221674,-3.67005513840043,-2.3524553223631037,0.26884475518507145,-1.3287365581639343,-0.8968052823753236,-0.4837496199330049,0.1836133975225529,0.10203079790742642,-0.41997664652939276,0.6898265666444132
2019-03-27,0.26884475518507733,-0.41997664652939276,0.6898265666444132,2.756251267606,1541,1.054006721415048,-1.3045194820759165,-1.5691456714221674,2.180951592982547,-1.593297815736927,-1.1625246510084342,0.012834966306884965,0.06443658113408635,-0.2892871136461417,-0.6186024272112234,-0.7819707517642298,-0.8195737179180866
2019-03-28,-1.5932978157369375,-0.7819707517642298,-0.8195737179180866,2.706276975652,1538,1.026321049069613,-2.8770324173990725,-1.3045194820759165,0.26884475518507733,0.437747790716414,1.6321375946898309,0.856365783467461,1.5287718271022266,1.010123184038858,1.6295679110637673,0.7301463063980481,-0.29023764755139636
2019-03-29,0.4377477907164084,0.7301463063980481,-0.29023764755139636,2.399173509054,1545,0.9092578816786916,-2.4518787725280156,-2.8770324173990725,-1.5932978157369375,1.1891841765131916,0.41679348846346276,1.241392728628643,1.6304779830321747,0.3962673395851102,0.8444359039753158,1.1131272979317708,0.07358032668066243
2019-04-01,1.189184176513187,1.1131272979317708,0.07358032668066243,2.973935028709,1540,1.1359132588754182,-1.2918519504050208,-2.4518787725280156,0.4377477907164084,-0.7633134848704648,0.05159499262725742,-0.10170578916663953,0.2979636953927445,0.8008345566693942,-1.0323212952956573,0.848555344444094,-1.6013008230741386
2019-04-02,-0.7633134848704674,0.848555344444094,-1.6013008230741386,2.744443286156,1554,1.037308134610667,-1.4687951820133494,-1.2918519504050208,1.189184176513187,0.8211766294448752,0.6666966813759556,1.2086469328540739,0.6706070766400396,1.388211058583555,-1.8401483799831864,0.02148211687103571,0.7995060333161337
2019-04-03,0.8211766294448821,0.02148211687103571,0.7995060333161337,2.826519265156,1552,1.0639736629942593,-0.5899150400360709,-1.4687951820133494,-0.7633134848704674,-0.1532217270551306,0.3843144033453205,0.24624165440205736,-0.3534959140987226,0.900957160810445,-4.475343086579276,0.08523648765860814,-0.23602206276252713
2019-04-04,-0.15322172705513454,0.08523648765860814,-0.23602206276252713,2.471514908147,1557,0.9221744022312727,-0.1532217270551306,-0.5899150400360709,0.8211766294448821,0.5383610164476416,0.40007638540442425,0.0038844974485252592,-0.5108390791396689,-0.5013223158152558,-4.184701961363169,0.1461083376508009,0.3933006689174954
2019-04-05,0.5383610164476431,0.1461083376508009,0.3933006689174954,2.298313555458,1550,0.8539367325082173,0.0,-0.1532217270551306,-0.15322172705513454,-0.1375441469754879,-0.5316145136995853,-0.7349856616836847,-1.2144099564828648,-0.47530153162416156,-5.777890506088291,0.38906830701790013,-0.5225778414312988
2019-04-08,-0.137544146975485,0.38906830701790013,-0.5225778414312988,2.226386978981,1553,0.8307770468488883,-0.1375441469754879,0.0,0.5383610164476431,-0.3946131339931047,-0.5982643923633235,-0.9072856289943254,0.5013769400183277,-0.5425205452919246,-6.223170717202153,-0.05305406523969007,-0.3359885125969363
2019-04-09,-0.3946131339930907,-0.05305406523969007,-0.3359885125969363,2.254216599774,1545,0.8586649773955464,-0.5316145136995853,-0.1375441469754879,-0.137544146975485,-0.2044580767947668,-0.5147035829406454,-0.6864446823431347,0.7128237355290779,-0.08143307757467744,-5.093072151727163,-0.9042326254478628,0.705652575817101
2019-04-10,-0.20445807679475322,-0.9042326254478628,0.705652575817101,2.280547797067,1541,0.8669332719587306,-0.7349856616836847,-0.5316145136995853,-0.3946131339930907,-0.3108811277207302,-0.4829740850741282,1.106259690195155,1.2589032464478178,-0.33027074426839054,-5.4087862566589155,-0.09837878082433688,-0.21181844329225277
2019-04-11,-0.31088112772072746,-0.09837878082433688,-0.21181844329225277,2.417797783291,1538,0.9264076363292569,-1.0435818576907896,-0.7349856616836847,-0.20445807679475322,-0.17262963029484046,1.421560180235426,1.2338781334316096,0.009565628291885453,0.6132501451327821,-3.8643292381438488,0.35063453653343657,-0.5212042231215424
2019-04-12,-0.17262963029482636,0.35063453653343657,-0.5212042231215424,2.646420663102,1536,1.0158040823446082,-1.2144099564828648,-1.0435818576907896,-0.31088112772072746,1.5969466135652644,1.408940011659654,1.7503309765416697,0.7481945742624063,0.4463996284586047,-4.169417547672161,1.1620037466659288,0.4316635997331182
2019-04-15,1.59694661356527,1.1620037466659288,0.4316635997331182,2.79321178396,1530,1.069849978709369,0.0,-1.2144099564828648,-0.17262963029482636,-0.18505142937093044,0.15097339840322022,-1.3922035407799904,-1.0386897345031065,-1.818591939270564,-6.188839326653972,-0.1875586796836404,0.0037968475192765153
2019-04-16,-0.1850514293709342,-0.1875586796836404,0.0037968475192765153,2.42608890694,1514,0.9353417774607655,-0.18505142937093044,0.0,1.59694661356527,0.336647799338774,-1.2093901050851952,-0.6515652735560207,-0.7886352339692704,-3.18415662418714,-5.694822705726644,0.15395926653350023,0.1826853546512126
2019-04-17,0.33664779933877487,0.15395926653350023,0.1826853546512126,2.765428866171,1514,1.0605437859684494,0.0,-0.18505142937093044,-0.1850514293709342,-1.540850664570581,-0.9848974373462216,-1.1878697655526738,-1.569416554758074,-5.328294595680861,-6.560224876890297,0.09177062956088154,-1.62960212016716
2019-04-18,-1.5408506645705773,0.09177062956088154,-1.62960212016716,2.610315792219,1514,0.9899657819902451,-1.540850664570581,0.0,0.33664779933877487,0.5646536974744265,0.35850492453004534,0.425905732906684,0.6036267761472258,-3.7019382883048846,-4.957024100041297,0.5790985309546418,-0.01354598697286353
2019-04-19,0.5646536974744366,0.5790985309546418,-0.01354598697286353,2.320503615449,1513,0.8763682767192865,-0.9848974373462216,-1.540850664570581,-1.5408506645705773,-0.20499128209054973,-0.13796891797105415,-0.5903332949051765,-0.29955370126396597,-5.327912624773279,-5.100910674797177,-0.06497375861350563,-0.13720286566395462
2019-04-22,-0.2049912820905405,-0.06497375861350563,-0.13720286566395462,1.916151824989,1505,0.7324927573462077,-1.1878697655526738,-0.9848974373462216,0.5646536974744366,0.06716003633904233,-0.3861335529353749,0.2442462169016002,-0.7880879938585217,-5.711636975977397,-4.528754547442604,0.04250351600289586,0.02713733490401157
2019-04-23,0.06716003633903915,0.04250351600289586,0.02713733490401157,2.230876061977,1485,0.8675192993475171,-1.121507502979835,-1.1878697655526738,-0.2049912820905405,-0.45298936145464763,0.17696732923992986,-0.1618080280784362,-2.4145634886358125,-5.015723532187377,-5.329039657030288,0.3349844537177074,-0.7832289657843227
2019-04-24,-0.4529893614546461,0.3349844537177074,-0.7832289657843227,2.649664548027,1461,1.0585030078113808,-1.569416554758074,-1.121507502979835,0.06716003633903915,0.6328233129791805,0.2925063560506924,-0.4035125382235272,-3.8188110944337716,-5.095343942753294,-5.314234946088403,0.1539412919786968,0.47920952916976567
2019-04-25,0.6328233129791836,0.1539412919786968,0.47920952916976567,2.586430185673,1452,1.0354462445781762,-0.9465248756151512,-1.569416554758074,-0.4529893614546461,-0.33817689469971546,-1.029818917014369,-2.586952756673566,-4.279731459415881,-4.4502879857452164,-6.999830359751846,-0.5932298570417984,0.2588696957611656
2019-04-26,-0.3381768946997153,-0.5932298570417984,0.2588696957611656,2.880148818739,1461,1.1558057027409196,-1.2815008418829543,-0.9465248756151512,0.6328233129791836,-0.6939889325362603,-2.2564065074324846,-4.0993266594502975,-5.043466815025754,-4.595303757231928,-8.53536090740057,-0.13633968221474255,-0.5550261870316094
2019-05-07,-0.6939889325362583,-0.13633968221474255,-0.5550261870316094,3.595944203098,1459,1.4292613870314865,-1.966596300406187,-1.2815008418829543,-0.3381768946997153,-1.5733363550719859,-3.4291355480995045,-3.2837290048772227,-4.962659102683253,-4.451196487913689,-7.253112979217946,-1.2843982132345941,-0.2935579838681847
2019-05-08,-1.5733363550719865,-1.2843982132345941,-0.2935579838681847,3.097758923385,1444,1.2162161940963017,-3.5089914809263822,-1.966596300406187,-0.6939889325362583,-1.885463881740701,-1.7377330354053644,-2.851399470805416,-2.6655207339761677,-2.593238868760117,-3.621534890074074,-0.4213248464378805,-1.4715847924676546
2019-05-09,-1.8854638817406866,-0.4213248464378805,-1.4715847924676546,3.232188225153,1445,1.2602538440956659,-5.328294595680861,-3.5089914809263822,-1.5733363550719865,0.15056978525309628,-0.9844979421810174,-1.58797745395306,-1.3272167487686892,-1.3012655428020214,-2.4534315855413213,-0.150587116693253,0.3032047432272365
2019-05-10,0.15056978525309284,-0.150587116693253,0.3032047432272365,3.679523987066,1449,1.4234160114032288,-5.185747612158131,-5.328294595680861,-1.8854638817406866,-1.13336122786718,-1.7359334479414512,-0.9441952920800301,-0.17818224805442595,-1.3033344487181742,-1.7248807831512725,-0.41758006908827866,-0.7170340670885649
2019-05-13,-1.1333612278671668,-0.41758006908827866,-0.7170340670885649,2.663861335734,1452,1.006980195031291,-6.260335587214061,-5.185747612158131,0.15056978525309284,-0.6094798281380598,0.19133444621612927,-0.3461264140109499,0.4719665332777012,0.23977706235249752,0.6618110237677444,-2.6795037984474286,2.144867801778691
2019-05-14,-0.6094798281380696,-2.6795037984474286,2.144867801778691,3.228925587966,1464,1.2122077934138786,-6.831659932774303,-6.260335587214061,-1.1333612278671668,0.8057250057343923,0.2649683427270011,1.5852704396899453,0.5381701654743942,1.2545370293823188,1.7705609782637133,0.557186742744877,0.2536206072872486
2019-05-15,0.8057250057344005,0.557186742744877,0.2536206072872486,2.896582678056,1480,1.0673529309499625,-6.080979319425007,-6.831659932774303,-0.6094798281380696,-0.5364344762925355,0.7733146444918626,0.2800961666123314,0.07426131599110875,-0.32986104278963646,0.6925567515833508,0.022864420916536222,-0.5622750207042267
2019-05-16,-0.5364344762925504,0.022864420916536222,-0.5622750207042267,2.722412376208,1491,0.9914395847817855,-6.584793326151928,-6.080979319425007,0.8057250057344005,1.316812959487379,0.8209344181515865,0.27247983743787785,0.02630026752219461,-0.23064306055022854,0.17922800011300755,0.9295429873417316,0.38438348830316255
2019-05-17,1.3168129594873859,0.9295429873417316,0.38438348830316255,2.797630517968,1498,1.0107003552218936,-5.354689778538779,-6.584793326151928,-0.5364344762925504,-0.4894336160515378,-1.0307599415578572,-0.6936889304146265,-1.1271606007613677,-2.668288915016581,-0.32311270023978045,0.20214005834928991,-0.6889182157745438
2019-05-20,-0.489433616051537,0.20214005834928991,-0.6889182157745438,2.288828964447,1496,0.8212508558165068,-5.817915742778879,-5.354689778538779,1.3168129594873859,-0.5439887895097306,-0.20525992543846128,-0.7881638423758996,-0.23109876210924973,-4.129835642621527,-0.4538342151029551,-0.5718467914346188,0.029158599334830816
2019-05-21,-0.5439887895097353,-0.5718467914346188,0.029158599334830816,2.620125880548,1496,0.9461930967563967,-6.330255722864764,-5.817915742778879,-0.489433616051537,0.34058158973857555,-0.24551060302367977,-0.09740466749729171,0.7125322280372215,-2.9324453978639586,-1.2532672777881948,0.5930699194459548,-0.2456793145990136
2019-05-22,0.3405815897385755,0.5930699194459548,-0.2456793145990136,2.371727956765,1497,0.8591755500021365,-6.011233818701644,-6.330255722864764,-0.5439887895097353,-0.5841028460036313,-0.43649961989123964,-0.02589198253482028,-0.40382247489662015,-1.0556721210845832,0.06917611663526113,-0.3482454668343534,-0.23478005385038703
2019-05-23,-0.5841028460036234,-0.3482454668343534,-0.23478005385038703,2.389666896246,1498,0.8665272708935005,-5.66734281076543,-6.011233818701644,0.3405815897385755,0.14847044621419947,0.5614905457264285,0.9604007166517992,-0.2568757690579626,-1.1673564499846356,1.2916572082303013,-0.9994312139286119,1.1613969065753185
2019-05-24,0.1484704462141972,-0.9994312139286119,1.1613969065753185,2.419552993711,1492,0.8833827341173688,-5.527286693710853,-5.66734281076543,-0.5841028460036234,0.4124077958175487,0.8107265810651132,0.032820405941791364,-1.558697336517545,-0.42711304589522214,0.22272877252418333,0.33383312611874505,0.07824275045115328
2019-05-27,0.4124077958175505,0.33383312611874505,0.07824275045115328,1.687309460187,1492,0.6181922154571479,-5.137673859115354,-5.527286693710853,0.1484704462141972,0.39668283431417706,-0.3780283714016952,-0.813796922005916,-3.907767683254393,0.4210244413779263,-0.2954237366458723,0.0025199239284754084,0.39413242075483995
2019-05-28,0.39668283431418383,0.0025199239284754084,0.39413242075483995,3.247926858406,1491,1.2039322070688,-4.761371295083327,-5.137673859115354,0.4124077958175505,-0.7716502018242921,-1.2056969634323234,-2.3503688525420285,-3.6191897326621536,0.5096304462205659,-1.1397063663643459,-1.0010462356053278,0.23343886057146587
2019-05-29,-0.7716502018243055,-1.0010462356053278,0.23343886057146587,2.451298646917,1496,0.886752695394387,-5.496280365699501,-4.761371295083327,0.39668283431418383,-0.43742213035976585,-1.5909955712543389,-3.543133361194606,-0.6544926345427915,1.0258015139438248,-0.9630580740611738,-0.6188486252719427,0.183988159886102
2019-05-30,-0.43742213035976246,-0.6188486252719427,0.183988159886102,2.255143029872,1492,0.8125542178706641,-5.909660549393092,-5.496280365699501,-0.7716502018243055,-1.158641595645471,-3.119355984234584,-2.4429473107740907,-0.9128255084717152,0.41081858522149517,0.6488458517801776,-0.5472952382191261,-0.6117781052707376
2019-05-31,-1.158641595645475,-0.5472952382191261,-0.6117781052707376,2.781570127007,1487,1.0094064037764068,-6.684258081465744,-5.909660549393092,-0.43742213035976246,-1.9836983427199861,-1.2993606480746545,0.9516435433402304,1.1495015405176057,2.409467776364438,1.897357761200702,-1.43338614357296,-0.5627687395253017
2019-06-03,-1.983698342719998,-1.43338614357296,-0.5627687395253017,2.484840804415,1486,0.8985445424367615,-7.896170524397816,-6.684258081465744,-1.158641595645475,0.698187631112801,2.994748665710545,2.2775761847782405,4.504830432457307,3.8343539433346674,6.359951075677239,0.30140315366955295,0.3937903776951175
2019-06-04,0.698187631112801,0.30140315366955295,0.3937903776951175,2.485188329437,1488,0.9051395845944726,-5.770567053492359,-7.896170524397816,-1.983698342719998,2.2806379028495805,1.5684379141472027,2.481100633867883,4.283861245231635,1.729906689169658,6.258911266119904,1.834537100079581,0.43829433129428025
2019-06-05,2.2806379028495734,1.834537100079581,0.43829433129428025,2.531838853658,1479,0.9411679349128087,-1.917116216489767,-5.770567053492359,0.698187631112801,-0.6963194631019576,0.19599284393267968,1.4661735538071152,1.6913640012984121,1.1368496424538632,3.440175929555922,-0.14911509222115787,-0.5464798472561657
2019-06-06,-0.6963194631019665,-0.14911509222115787,-0.5464798472561657,2.095949790637,1473,0.7874160870621537,-2.600086426246029,-1.917116216489767,2.2806379028495734,0.8985692193987704,2.177656462698341,2.673491280214124,1.335837963374753,2.488058165691509,4.8567587139662916,0.3668838776840105,0.5300762855871001
2019-06-07,0.8985692193987762,0.3668838776840105,0.5300762855871001,1.863590790457,1462,0.7153912421780056,-1.549459396682551,-2.600086426246029,-0.6963194631019665,1.2676961162038536,1.7591151931559024,1.4924460698692243,1.2456474986602961,0.6526292832294001,4.201236948166787,1.015028110782283,0.2498034501165212
2019-06-10,1.2676961162038454,1.015028110782283,0.2498034501165212,2.224488707333,1454,0.8847704842018841,-0.30140571707258923,-1.549459396682551,0.8985692193987762,0.48526736145764193,0.22193647360899682,-0.8238772824378904,-0.6415746395148303,-0.7134444027127484,1.9773692352404337,0.023281119882372577,0.4640824064636752
2019-06-11,0.4852673614576349,0.023281119882372577,0.4640824064636752,1.95442073263,1436,0.7842056158654142,0.0,-0.30140571707258923,1.2676961162038454,-0.2620592000829536,-1.3028224716628012,-0.5045913513702871,-2.4490410362310477,-1.6409739099253917,1.0002376748765807,-0.08961356432055462,-0.17233971032812717
2019-06-12,-0.26205920008295,-0.08961356432055462,-0.17233971032812717,2.171511248231,1439,0.8941762519855391,-0.2620592000829536,0.0,0.4852673614576349,-1.043497853708164,-0.24316939906938728,-0.8615989108843536,-0.5452914947993714,-1.968664992705349,1.3628129133959943,-0.5291298440677111,-0.5160361257086405
2019-06-13,-1.04349785370816,-0.5291298440677111,-0.5160361257086405,2.201646125065,1425,0.9203239913467637,-1.3028224716628012,-0.2620592000829536,-0.26205920008295,0.8087679306364448,0.18381707000405534,-1.1613488787348025,1.1370313064694715,0.23705340710538092,2.9687179001218533,0.28333244853969947,0.5264818367874412
2019-06-14,0.8087679306364383,0.28333244853969947,0.5264818367874412,2.266947604764,1424,0.9580489001516145,-0.5045913513702871,-1.3028224716628012,-1.04349785370816,-0.6199370089141509,-1.9543109689891591,-0.3028585550583496,-0.5857221817251346,-0.5000612016479278,1.2655482856738454,-0.09867115537322262,-0.5237980697129823
2019-06-17,-0.6199370089141496,-0.09867115537322262,-0.5237980697129823,1.873953322082,1413,0.8009447323096511,-1.1214002117535093,-0.5045913513702871,0.8087679306364383,-1.342697840908702,0.31905640257468004,0.9514652808640278,-0.07233383876320554,2.4323328806195033,1.44203278057764,-0.015497054120064482,-1.3286491794508537
2019-06-18,-1.3426978409087063,-0.015497054120064482,-1.3286491794508537,2.050526321905,1420,0.8842535057379693,-2.4490410362310477,-1.1214002117535093,-0.6199370089141496,1.6843702464149013,2.3253860297874906,1.3958683964484742,0.8283538520680089,4.451989315972127,2.610489473727595,1.282965480991492,0.3958056756577344
2019-06-19,1.684370246414905,1.282965480991492,0.3958056756577344,2.325551355551,1417,1.015322905989231,-0.8059217083529191,-2.4490410362310477,-1.3426978409087063,0.63039755452996,-0.2837229057595425,-0.39014545727708017,-1.4311775875664567,2.2774352723512026,-1.4197280901090625,0.2911771806369767,0.3384629114639554
2019-06-20,0.6303975545299492,0.2911771806369767,0.3384629114639554,2.124797366652,1421,0.9286108814123079,-0.18060466456385482,-0.8059217083529191,1.684370246414905,-0.9083939669364383,-1.014149836041356,-1.4630115123960286,-0.8898599135631624,2.311196631753254,-0.14671622408023444,0.16015020276166173,-1.0632141281012208
2019-06-21,-0.9083939669364398,0.16015020276166173,-1.0632141281012208,3.04597725366,1424,1.338948411359333,-1.0873580296233865,-0.18060466456385482,0.6303975545299492,-0.10672535579818732,-0.5597018432363821,-1.150719536713618,0.08616567152839316,3.525598576219835,0.34786368929087264,-0.06351079186686995,-0.04282569769063412
2019-06-24,-0.1067253557981738,-0.06351079186686995,-0.04282569769063412,1.657805943529,1437,0.7188400004076353,-1.1929228986956586,-1.0873580296233865,-0.9083939669364398,-0.4534604447112178,-1.0451095778308495,0.1255633227095876,2.5064797524054327,2.7101490446171717,1.3748193689651966,0.04836890292207546,-0.49975402053827755
2019-06-25,-0.45346044471121233,0.04836890292207546,-0.49975402053827755,1.996417073141,1435,0.8662189970043241,-1.6409739099253917,-1.1929228986956586,-0.1067253557981738,-0.5943442491951445,0.5816613716634667,0.6495027938739684,3.593865540263197,2.685276267765424,2.0248824450354697,-0.5382276206797141,-0.05572913984594599
2019-06-26,-0.5943442491951494,-0.5382276206797141,-0.05572913984594599,1.915070278347,1432,0.8541134568996653,-2.225565125056095,-1.6409739099253917,-0.45346044471121233,1.183036932834769,1.2512839774300621,3.5890993513147507,3.7624603491761555,3.398380636001175,3.106519318563672,0.31223391020444935,0.8665498442524199
2019-06-27,1.1830369328347705,0.31223391020444935,0.8665498442524199,2.270397221998,1430,1.0248426556100116,-1.068857449615035,-2.225565125056095,-0.5943442491951494,0.06744909686846601,2.3779306209964046,2.994784663050276,3.2297972160312716,2.725204303364759,1.4727904078312148,-0.08960800185754077,0.1584724235019192
2019-06-28,0.06744909686847692,-0.08960800185754077,0.1584724235019192,2.302892020358,1428,1.0391528360885434,-1.0021292874431431,-1.068857449615035,1.1830369328347705,2.308924175624094,2.925362435638834,2.4801427429857137,3.4364718456487697,1.7744829882759827,1.2008053429406251,1.5863962261162017,0.7135851751386276
2019-07-01,2.308924175624103,1.5863962261162017,0.7135851751386276,2.562775122363,1422,1.1690476058090047,0.0,-1.0021292874431431,0.06744909686847692,0.6025263827000638,0.16735447932940684,0.83208030272508,0.19868918794565538,-0.9667846784237599,-0.710961596033155,0.004838147840738854,0.5979318256236865
2019-07-02,0.6025263827000554,0.004838147840738854,0.5979318256236865,2.179115436701,1423,0.992271784187784,0.0,0.0,2.308924175624103,-0.43256558161892666,0.2281790808630113,0.49658257004394635,-0.8770686060987298,-1.7630107902243064,-1.718480332423633,-0.21837098894079468,-0.21588902788964906
2019-07-03,-0.43256558161892544,-0.21837098894079468,-0.21588902788964906,2.182907342338,1425,1.0009738306254647,-0.43256558161892666,0.0,0.6025263827000554,0.6636152335767864,0.9331847878681021,0.03128235619194175,-0.3508780651015786,-3.6148377720024216,-1.4890804693470372,0.4869925036026293,0.1767193153308537
2019-07-04,0.6636152335767889,0.4869925036026293,0.1767193153308537,1.672574459264,1430,0.7731455701883584,0.0,-0.43256558161892666,-0.43256558161892544,0.2677924428462264,-0.628164283507604,-1.1027314843962577,-0.4888054866663438,-2.402388923941745,-4.3402197900521795,0.14403811550256693,0.127467712309568
2019-07-05,0.26779244284623616,0.14403811550256693,0.127467712309568,1.758102503228,1430,0.8207116660519193,0.0,0.0,0.6636152335767889,-0.8935638299452209,-1.36686356989828,-1.2721909604540782,-1.6067725703684754,-3.0695160719977688,-6.691187980000157,-0.053556314711537274,-0.8277165403011134
2019-07-08,-0.8935638299452208,-0.053556314711537274,-0.8277165403011134,1.947331148377,1437,0.9112905296478783,-0.8935638299452209,0.0,0.26779244284623616,-0.4775671068838916,-0.38204090989527595,0.14023973275369972,-1.1631627876721118,-1.300095159118031,-6.054151387291817,0.10753799332722727,-0.5842323807512637
2019-07-09,-0.47756710688388665,0.10753799332722727,-0.5842323807512637,1.933884160275,1439,0.9109050273909862,-1.36686356989828,-0.8935638299452209,-0.8935638299452208,0.09598458780766261,0.620771439843204,-0.24323367293527243,-0.893781258955062,-0.6431241622293471,-5.686054793393225,-0.34890982015848687,0.448068204219565
2019-07-10,0.09598458780765204,-0.34890982015848687,0.448068204219565,2.14783973817,1445,1.0121726961409168,-1.2721909604540782,-1.36686356989828,-0.47756710688388665,0.5242836205634038,-0.33889297571707555,-0.7841175275135837,-3.2754525514366417,-0.28226875086656555,-5.6045761684685,0.22290150024803101,0.30111106192983333
2019-07-11,0.5242836205634092,0.22290150024803101,0.30111106192983333,2.031890125258,1448,0.9580656396007181,-0.7545772287186114,-1.2721909604540782,0.09598458780765204,-0.8586747054459165,-1.3015771920500963,-1.5052087925043978,-1.9229830840981288,-1.2191885175861672,-6.061028968608517,0.15506710357825113,-1.0112747946661973
2019-07-12,-0.85867470544592,0.15506710357825113,-1.0112747946661973,2.050242489473,1449,0.9706035177129282,-1.6067725703684754,-0.7545772287186114,0.5242836205634092,-0.4467385172512994,-0.6521337950018302,-2.9465452104641576,-1.4866302690146216,-0.5636753226262448,-6.2494377668931955,-0.15650025448707977,-0.28775188126935686
2019-07-16,-0.44673851725128627,-0.15650025448707977,-0.28775188126935686,2.06356629917,1448,0.9819480422472381,-2.046333015663304,-1.6067725703684754,-0.85867470544592,-0.2063169751461369,-2.5110244064138976,-0.6296006302524138,-0.13854386209440905,0.2583204852633525,-4.975924830645495,-0.2984821173443739,0.09425367833708787
2019-07-17,-0.20631697514614175,-0.2984821173443739,0.09425367833708787,2.082519384031,1451,0.9865163307854437,-2.2484280584301075,-2.046333015663304,-0.44673851725128627,-2.309472264585888,-0.4241587666434343,-0.83997422983485,0.2529176270771316,0.0453296239622869,-6.074930230244513,-0.5915215062517266,-1.726817912267941
2019-07-18,-2.309472264585885,-0.5915215062517266,-1.726817912267941,2.506039893052,1453,1.1862445581945718,-4.505973500617388,-2.2484280584301075,-0.20631697514614175,1.929883625000639,1.5042379940161998,2.433588546678278,3.09454412507002,2.2054818952599087,-3.7662092804297997,0.375693967017848,1.5492981675070057
2019-07-19,1.9298836250006373,0.375693967017848,1.5492981675070057,2.238724120758,1455,1.0552019498768315,-2.663049920352034,-4.505973500617388,-2.309472264585885,-0.4175866937613515,0.494168053336308,0.679960505815691,0.7175937733867377,-1.9855310439927498,-4.900709731493713,-0.10681876314195941,-0.3105704680389821
2019-07-22,-0.41758669376133695,-0.10681876314195941,-0.3105704680389821,1.839355771466,1450,0.8646418738175199,-3.0695160719977688,-2.663049920352034,1.9298836250006373,0.9155780793279389,1.1021496297763278,1.5667386529689242,0.9368829316352967,-3.7363600812026054,-3.34475427002221,0.12533606075110282,0.7910040162523635
2019-07-23,0.9155780793279282,0.12533606075110282,0.7910040162523635,1.932161116654,1436,0.9347783252180442,-2.182041808966495,-3.0695160719977688,-0.41758669376133695,0.18487884031317403,0.6452527806253272,0.22232705079148207,0.3974149413660699,-4.816677620751497,-4.721851996221682,0.4570709292173885,-0.26976020929691136
2019-07-24,0.18487884031316562,0.4570709292173885,-0.26976020929691136,2.049982707406,1435,0.9852416392611565,-2.0011971022449004,-2.182041808966495,0.9155780793279282,0.4595243769730528,0.03737910442354053,-0.1634650684938066,-0.2070643009982276,-5.075572866640798,-5.219283173640299,0.2650124623914728,0.19366044801405735
2019-07-25,0.4595243769730614,0.2650124623914728,0.19366044801405735,2.047974093478,1434,0.9830109400621166,-1.550868713787934,-2.0011971022449004,0.18487884031316562,-0.4202142854722535,-0.6201397521345076,-0.24624891131175275,-0.8623756352533429,-5.337373154133196,-5.393352634082971,-0.40075304380208915,-0.018964041147004417
2019-07-26,-0.4202142854722558,-0.40075304380208915,-0.018964041147004417,1.914335147921,1428,0.9159438022245393,-1.9645660273759247,-1.550868713787934,0.4595243769730614,-0.20076912721563867,0.17469948635882027,-0.24435206880680793,-2.683865565197563,-4.901600197812062,-6.707735418266559,0.04448536384304765,-0.24570337951255924
2019-07-29,-0.20076912721562898,0.04448536384304765,-0.24570337951255924,1.956171591134,1426,0.9440022844058906,-2.1613909125248187,-1.9645660273759247,-0.4202142854722558,0.376223955125532,-0.04367061871121125,-0.2437474580007204,-4.629866583063702,-5.717993361796814,-5.755522022911896,0.17710022699843495,0.19905311685942964
2019-07-30,0.37622395512553963,0.17710022699843495,0.19905311685942964,2.380112147101,1427,1.158276086252215,-1.7932986277761076,-2.1613909125248187,-0.20076912721562898,-0.4183207509623643,-0.617647674616062,-2.8535798621942887,-5.193453003907223,-5.220759025858824,-6.513205132684197,-0.5596574100530671,0.14047829849044843
2019-07-31,-0.4183207509623634,-0.5596574100530671,0.14047829849044843,2.915203756891,1427,1.4250108237180783,-2.2041176384517636,-1.7932986277761076,0.37622395512553963,-0.20016425225690693,-2.445489099598064,-4.5881996595315115,-4.878610426220053,-6.1174868204351585,-6.359840648770787,-0.7815589738659338,0.5896983547345516
2019-08-01,-0.20016425225691228,-0.7815589738659338,0.5896983547345516,2.510903876064,1422,1.2056895727189474,-2.3998700351188007,-2.2041176384517636,-0.4183207509623634,-2.2498281991330193,-4.396836301781026,-4.604243331159729,-4.5139245039960585,-5.842828647693765,-4.301719032795248,-1.6893504710603209,-0.57339936746345
2019-08-02,-2.2498281991330242,-1.6893504710603209,-0.57339936746345,3.254760725201,1417,1.5506645475262484,-4.595705281459173,-2.3998700351188007,-0.20016425225691228,-2.19642386616139,-2.408604597466113,-2.494114627980737,-2.2788971689995385,-2.9742330071791834,-2.6124031873173137,-0.7937897438198435,-1.4135544269108107
2019-08-05,-2.1964238661613944,-0.7937897438198435,-1.4135544269108107,3.008515729756,1430,1.3812854472648508,-5.981747656980518,-4.595705281459173,-2.2498281991330242,-0.21694578019760824,-0.30437615227072445,-0.12247314595636993,-1.1409513017834105,0.4068055306351681,0.198596017650976,-3.2306063137048966,3.132777902212292
2019-08-06,-0.21694578019761823,-3.2306063137048966,3.132777902212292,3.251079987017,1440,1.4510020730151212,-6.185716288054244,-5.981747656980518,-2.1964238661613944,-0.08762046096576492,0.09467803424130228,0.13290867287178987,-0.028801831536739986,0.0996242011305215,-0.008879472416201128,-0.12902293578874421,0.04167969264249241
2019-08-07,-0.08762046096578052,-0.12902293578874421,0.04167969264249241,2.586351527049,1441,1.121690029127819,-6.267916795894379,-6.185716288054244,-0.21694578019761823,0.1824583660684942,0.22072253193750058,-0.8391292588634025,-1.3024162070868317,-0.15139444223097875,1.907692205469269,-0.049160585630691506,0.22931944165306026
2019-08-08,0.1824583660684882,-0.049160585630691506,0.22931944165306026,2.405647343092,1443,1.0287637785340271,-6.09689476839822,-6.267916795894379,-0.08762046096578052,0.038194476850628156,-1.0197270476224318,-0.12336306805021957,-1.3917255859502986,-0.059135777037877535,1.6232117293071724,0.5614650583171957,-0.5212318069173659
2019-08-09,0.038194476850623445,0.5614650583171957,-0.5212318069173659,2.410426310471,1446,1.025156296599413,-5.3012172590363615,-6.09689476839822,0.1824583660684882,-1.0575176111538798,-0.16149586240107316,-1.519784232785737,-0.7115513620247982,-1.8992277727189921,2.5366553583770823,-1.2357612516803222,0.1805977800252231
2019-08-13,-1.0575176111538735,-1.2357612516803222,0.1805977800252231,2.449484515566,1454,1.033448945623538,-6.302673564070405,-5.3012172590363615,0.038194476850623445,0.9055986135777516,-0.46720742240440316,-0.3758309885716793,1.5656197918142656,-0.039804690686195965,3.7836586554110596,1.0376347457281008,-0.12935261341998766
2019-08-14,0.9055986135777576,1.0376347457281008,-0.12935261341998766,2.223455878825,1444,0.9302517326672601,-5.454151874907199,-6.302673564070405,-1.0575176111538735,-1.360485498172781,-1.2699291414510316,-0.550945253412094,0.12846303237341594,-1.3636383806639563,4.162293449157883,-2.3767936952295132,1.039597020583396
2019-08-15,-1.3604854981727865,-2.3767936952295132,1.039597020583396,2.377595976658,1446,0.9914249666086465,-6.740434427773545,-5.454151874907199,0.9055986135777576,0.0918053552666942,0.8207058285406577,2.0423693152524347,1.1662106817841966,-0.25814586777420656,5.731720644861937,-0.2599792532225942,0.35313276540883437
2019-08-16,0.09180535526668424,-0.2599792532225942,0.35313276540883437,2.080731734174,1457,0.8623314542692554,-6.65481715227979,-6.740434427773545,-1.3604854981727865,0.7282319173750329,1.9487748802835547,1.416379185859129,1.3513975544455548,1.636741623356719,6.052421391809837,0.8109928457708397,-0.08285076892780589
2019-08-19,0.7282319173750254,0.8109928457708397,-0.08285076892780589,1.780071819197,1445,0.7442864903560533,-5.9750477374506,-6.65481715227979,0.09180535526668424,1.2117188395699197,0.6831721905419252,0.3426923570948981,-1.1961879020032762,0.3729213703496326,5.7202329169609545,0.28905062913280916,0.9205712017973853
2019-08-20,1.2117188395699188,0.28905062913280916,0.9205712017973853,1.820343105453,1442,0.7684935796494974,-4.835729676988665,-5.9750477374506,0.7282319173750254,-0.5222188251399862,-0.858622393176145,-0.5859583173407401,-1.580677089148097,-0.20736593688429616,3.8858642208936978,-0.7737021791123699,0.2567484382998208
2019-08-21,-0.5222188251399856,-0.7737021791123699,0.2567484382998208,1.804278879563,1444,0.7620175706879696,-5.332695411422527,-4.835729676988665,1.2117188395699188,-0.3381695531033513,-0.0640740992088662,-1.8666079461506557,-1.4901870735346878,-0.10839568521125997,5.314735647127744,0.4051482495920165,-0.7387190244527894
2019-08-22,-0.3381695531033598,0.4051482495920165,-0.7387190244527894,1.956825799927,1443,0.8286819462167787,-5.65283141228472,-5.332695411422527,-0.5222188251399856,0.27502550642046764,-1.5336246446544188,-0.7283081125173396,-1.4079370374350364,2.062208717085112,6.071828499509868,0.08233704322787316,0.19199302257929202
2019-08-23,0.2750255064204725,0.08233704322787316,0.19199302257929202,1.780696562563,1444,0.7555846583211373,-5.159809697978246,-5.65283141228472,-0.3381695531033598,-1.8036895447701373,-1.000581763874575,-1.4270273292324887,0.28153935298020905,1.6833429642872044,6.417739644174625,-2.342148023361761,0.5548893571504749
2019-08-26,-1.8036895447701389,-2.342148023361761,0.5548893571504749,2.366947173929,1442,1.0100700096304838,-6.870432294695917,-5.159809697978246,0.2750255064204725,0.8178594258505534,0.38358082273302063,0.12764520554939818,1.588106004246681,4.521761684830539,8.276264470444561,1.0110179589187205,-0.18766157958267685
2019-08-27,0.817859425850557,1.0110179589187205,-0.18766157958267685,2.052502415911,1437,0.8675061595366987,-6.108763346964219,-6.870432294695917,-1.8036895447701389,-0.43075562761469843,-0.6846150317333155,1.295079445615288,1.395367405146386,3.824985869891573,7.7597287172830764,0.04958688055265902,-0.48067558066161403
2019-08-28,-0.4307556276146951,0.04958688055265902,-0.48067558066161403,1.848122458057,1433,0.7795364354836476,-6.120487651628692,-6.108763346964219,0.817859425850557,-0.2549576485377347,1.7333013664093233,1.1999225088819454,1.4026941553070271,5.602327315303746,7.216186338221031,0.1330272556895991,-0.38841244809683945
2019-08-29,-0.2549576485377191,0.1330272556895991,-0.38841244809683945,1.909798274543,1425,0.8146917888867005,-6.172030595404243,-6.120487651628692,-0.4307556276146951,1.9933411907743892,1.458598967047653,2.094320469627453,3.5197009274851476,6.005369124876614,6.790483102477918,0.9508416939718285,1.0312389431900442
2019-08-30,1.9933411907743979,0.9508416939718285,1.0312389431900442,2.316658557595,1415,1.0099094491228855,-2.0991173681436215,-6.172030595404243,-0.2549576485377191,-0.5242913091027424,0.09900575633088327,-0.324974424954072,1.3978680626080209,4.344570376740964,5.842475848402162,-0.26178969273339137,-0.26231443891034406
2019-09-02,-0.524291309102734,-0.26178969273339137,-0.26231443891034406,1.56121735573,1411,0.6834809920716264,-0.8287552852944469,-2.0991173681436215,1.9933411907743979,0.6265821813548511,0.20036739297630834,2.0314709462003533,2.887794443634184,5.327444368069312,6.321688154923488,-0.11701804882492793,0.7442331718172589
2019-09-03,0.6265821813548544,-0.11701804882492793,0.7442331718172589,1.592590463955,1390,0.7240569497393192,-0.20736593688429616,-0.8287552852944469,-0.524291309102734,-0.42356083168003655,1.39614079539494,1.2975776297308395,2.3961829094588882,4.101735760566405,3.88521022419146,-0.35944661912790254,-0.06551208187178596
2019-09-04,-0.42356083168004,-0.35944661912790254,-0.06551208187178596,1.83855052955,1377,0.863679641831326,-0.6300484476774337,-0.20736593688429616,0.6265821813548544,1.8274419554198174,1.7284595390095525,2.682053090801606,4.141540020193757,5.429016151596766,4.8512968878182905,0.7072419162864199,1.1111717919849824
2019-09-05,1.8274419554198214,0.7072419162864199,1.1111717919849824,2.886012808223,1361,1.4022603405890595,0.0,-0.6300484476774337,-0.42356083168004,-0.09720603258754901,0.8392738921556564,0.9862723632469761,2.4011547320182514,3.9286037729590495,3.1383826992241293,0.49699087605250875,-0.5881727771806107
2019-09-06,-0.09720603258754411,0.49699087605250875,-0.5881727771806107,2.382737284515,1361,1.1493607159808286,-0.09720603258754901,0.0,1.8274419554198214,0.9373911254660916,1.0845326269733224,2.3720800375030215,2.906079161658015,4.65601989654314,4.354670339301303,0.08943263159647394,0.8472021926648297
2019-09-09,0.937391125466101,0.08943263159647394,0.8472021926648297,1.964934599929,1360,0.9483492982087198,0.0,-0.09720603258754901,-0.09720603258754411,0.1457750194121088,1.4213651611557854,1.5488814819640373,2.371175257111413,3.5920775971372887,3.2698625011585047,0.3853022488944234,-0.24334038439881162
2019-09-10,0.1457750194121093,0.3853022488944234,-0.24334038439881162,2.527276086772,1355,1.2330113907757774,0.0,0.0,0.937391125466101,1.2737333566956943,1.4010640611448189,1.8020032218051263,1.6656410450530235,3.7897841395541754,2.4250440157439934,0.3111009793570369,0.9588213347930246
2019-09-11,1.2737333566957019,0.3111009793570369,0.9588213347930246,3.04435285439,1350,1.482470393620347,0.0,0.0,0.1457750194121093,0.12572924906466554,0.5216257440108452,0.9364990250785965,1.2362752952888467,1.528241909005179,1.4246237560085806,0.6445257289035056,-0.5141840696366506
2019-09-12,0.1257292490646604,0.6445257289035056,-0.5141840696366506,3.071429846578,1358,1.4663477049721432,0.0,0.0,1.2737333566957019,0.3953993622971552,0.8097516813057481,0.2609213092168883,1.49163263338008,0.7406360489876862,2.713049841207349,0.3851806774706975,0.011311764890637241
2019-09-13,0.39539936229715034,0.3851806774706975,0.011311764890637241,3.656938607599,1360,1.7174338313895425,0.0,0.0,0.1257292490646604,0.41272042507976003,-0.13394842187436362,0.7109410994783794,1.7005222132077114,1.435537533244835,2.6069152765388237,-0.1346434712599485,0.5479779443798399
2019-09-17,0.4127204250797702,-0.1346434712599485,0.5479779443798399,2.696757695381,1374,1.2212944442648095,0.0,0.0,0.39539936229715034,-0.5444219065471989,0.2969949157199947,0.6764037612452256,1.1926231548670785,0.9439551038376681,1.9637659063550306,0.05396015792527173,-0.5987629429440101
2019-09-18,-0.5444219065471856,0.05396015792527173,-0.5987629429440101,2.499053326912,1384,1.108744610406285,-0.5444219065471989,0.0,0.4127204250797702,0.8460227554824229,1.2275084929326718,1.8369311754024453,2.0893421540123303,-0.20799416531627202,2.6294327671158912,0.3818289959570397,0.46323387277316147
2019-09-19,0.8460227554824153,0.3818289959570397,0.46323387277316147,2.762019732335,1395,1.2072376208170175,0.0,-0.5444219065471989,-0.5444219065471856,0.37828535724728773,0.9825954389125036,0.8929761453966512,0.28840118116228997,-0.5479698899473306,2.3211006668113265,0.4339623555030652,-0.05640773126400866
2019-09-20,0.3782853572472923,0.4339623555030652,-0.05640773126400866,3.118176057521,1406,1.3349664393595457,0.0,0.0,0.8460227554824153,0.602032680190212,0.5127511257216444,0.8513828641152577,-0.73995911279231,-0.7603499374062905,2.8186198062126966,0.09817864472627386,0.503642099540839
2019-09-24,0.6020326801902213,0.09817864472627386,0.503642099540839,2.546549929935,1418,1.0637934792798411,0.0,0.0,0.3782853572472923,-0.08874726691894264,0.24785799777795603,-0.6874395084944696,-0.2605539029655657,-0.2879428794824501,2.5105059102999316,-0.3242611225816918,0.2380287571964025
2019-09-25,-0.08874726691894029,-0.3242611225816918,0.2380287571964025,2.463924449736,1428,1.0130721341932494,-0.08874726691894264,0.0,0.6020326801902213,0.3369042580180226,-0.5992240365306656,-1.246319720118949,-0.24573733072305037,-0.3110422181432315,2.9234999076360735,0.850518641696986,-0.5082148378224616
2019-09-26,0.3369042580180144,0.850518641696986,-0.5082148378224616,2.948761131131,1426,1.2100062082382133,0.0,-0.08874726691894264,-0.08874726691894029,-0.9329850282618124,-1.5779079391025408,-0.507154876820215,-2.2503194465322673,-1.314907950839539,2.674465889573785,-0.31293244334945947,-0.6187607146279661
2019-09-27,-0.932985028261809,-0.31293244334945947,-0.6187607146279661,2.704498119155,1450,1.0897355288841664,-0.9329850282618124,0.0,0.3369042580180144,-0.6509966117629662,0.4298404989421245,0.35561765225808895,-0.8339659035931701,-0.10205845294697369,4.283733807758505,-0.49246899400457506,-0.1603788274888386
2019-09-30,-0.6509966117629654,-0.49246899400457506,-0.1603788274888386,2.616352469473,1462,1.0363384900558221,-1.5779079391025408,-0.9329850282618124,-0.932985028261809,1.087919429328732,1.0132102282771838,-0.6831916425975693,-0.020542833180126063,1.9579127843311728,4.9629050897776805,0.36155379921876335,0.7204174748805343
2019-10-01,1.0879194293287324,0.36155379921876335,0.7204174748805343,2.278340146491,1467,0.8899976197311535,-0.507154876820215,-1.5779079391025408,-0.6509966117629654,-0.07390517232258587,-1.7520501776322583,-1.258397301296732,-0.0274605259891203,1.1548001536543007,3.7226002476706377,-0.716545178906263,0.6478604757544746
2019-10-02,-0.07390517232258716,-0.716545178906263,0.6478604757544746,2.344454805008,1464,0.9165102059592456,-0.5806852354571457,-0.507154876820215,1.0879194293287324,-1.679386158544105,-1.1853681773682956,-1.0233840297928842,-0.06546576123437342,1.0102742670111464,3.568316644871694,-1.660012451755132,-0.017088154104768497
2019-10-03,-1.6793861585441068,-1.660012451755132,-0.017088154104768497,2.437971689317,1471,0.9386975420056949,-2.2503194465322673,-0.5806852354571457,-0.07390517232258716,0.5024561603860889,0.6672071126498702,1.7553441621542154,0.9569458338854364,2.8433409156367384,6.641792959317283,-0.05564553648635535,0.5592033734765914
2019-10-04,0.5024561603860938,-0.05564553648635535,0.5592033734765914,2.08296436653,1474,0.7891646856983385,-1.7591701548336558,-2.2503194465322673,-1.6793861585441068,0.16392728949914392,1.2466242613700107,1.1333366278630574,0.7380626414228209,2.8848788240760648,6.062921638707652,0.34644892995037985,-0.18069614356409394
2019-10-07,0.1639272894991479,0.34644892995037985,-0.18069614356409394,1.765310240774,1472,0.6657339382930066,-1.5981266252869997,-1.7591701548336558,0.5024561603860938,1.080925040750036,0.9678228126599686,0.2878183765556708,1.9788621318578947,3.6063909348346135,6.106799741587787,0.4788848463659486,0.601025196275857
2019-10-08,1.080925040750029,0.4788848463659486,0.601025196275857,2.203958370051,1464,0.849100115589131,-0.5344761354125871,-1.5981266252869997,0.1639272894991479,-0.11189275132224008,-0.7846254512160811,-0.5022998284212599,1.182585423821081,2.806529993057927,4.971514181211334,-0.7655579572053888,0.6582835386552364
2019-10-09,-0.11189275132224562,-0.7655579572053888,0.6582835386552364,2.105451378851,1472,0.8139522869839082,-0.645770846681748,-0.5344761354125871,1.080925040750029,-0.6734862822248,-0.39084440365566575,1.0013480443902045,1.0764447309829173,3.2446343083024853,5.622331485237608,0.034338339228632386,-0.705783802482492
2019-10-10,-0.6734862822248022,0.034338339228632386,-0.705783802482492,2.210435318577,1477,0.8522235620844368,-1.314907950839539,-0.645770846681748,-0.11189275132224562,0.28455833995364443,1.686190588923564,1.982768178806693,1.8685144109402474,4.042529380654591,6.742353201377305,0.4802804962948674,-0.1943929453014365
2019-10-11,0.28455833995364344,0.4802804962948674,-0.1943929453014365,2.461173089035,1479,0.9547257008984201,-1.0340912911227185,-1.314907950839539,-0.6734862822248022,1.3976551048054064,1.6933911530988555,1.4730464542683341,2.1310874225314747,4.390272905312775,5.788600099842212,1.2368112168423038,0.16213362306692908
2019-10-15,1.3976551048054084,1.2368112168423038,0.16213362306692908,2.682000772856,1472,1.0522907257674177,0.0,-1.0340912911227185,0.28455833995364344,0.2916596522747783,0.07435216266589162,0.17930047429326468,1.595947208032511,2.947286996550136,3.3871660429941386,0.9813313345224747,-0.682796712930468
2019-10-16,0.29165965227477303,0.9813313345224747,-0.682796712930468,2.90308191328,1466,1.1478013841264711,0.0,0.0,1.3976551048054084,-0.2166755344984006,-0.11203242460148255,0.4304077821278174,1.6049644930841378,2.5384856577402637,4.079328929693604,-0.03019682662969456,-0.18539891503089295
2019-10-17,-0.21667553449838448,-0.03019682662969456,-0.18539891503089295,2.176869897103,1466,0.8736969481091064,-0.2166755344984006,0.0,0.29165965227477303,0.10487033826287462,0.6484884324032825,1.520464547093292,2.1450987745861516,2.53245761030072,4.887216750638412,0.3196708146597601,-0.21305925518472432
2019-10-18,0.10487033826288063,0.3196708146597601,-0.21305925518472432,2.326343469149,1464,0.9435327165253128,-0.11203242460148255,-0.2166755344984006,-0.21667553449838448,0.5430485972395704,1.4141112256047084,1.71892266842808,2.134138288248999,3.693435092502928,4.9605674324585625,0.25422453710236076,0.28956776786796923
2019-10-21,0.5430485972395748,0.25422453710236076,0.28956776786796923,1.750463079618,1463,0.7124589423518152,0.0,-0.11203242460148255,0.10487033826288063,0.8663578840288677,1.1695229929807427,1.486967529758787,2.212044872718044,3.0889309011733035,4.1776315605436265,0.4678573361208145,0.39742604110451263
2019-10-23,0.8663578840288676,0.4678573361208145,0.39742604110451263,2.45751961597,1454,1.0212626989017697,0.0,0.0,0.5430485972395748,0.3005611735287017,0.6152791265086499,0.7099870559852617,1.3301119047106846,2.4133731367265376,3.1492058031251213,0.4692723887045226,-0.16537669775279845
2019-10-24,0.30056117352869155,0.4692723887045226,-0.16537669775279845,2.17872031899,1455,0.9180048227021709,0.0,0.0,0.8663578840288676,0.31377486755577166,0.4081989947675613,1.0304702927280252,0.9187751497316432,2.1058819787999727,3.208293705541343,0.214145149953094,0.10104525052476038
2019-10-25,0.31377486755577233,0.214145149953094,0.10104525052476038,2.293487517577,1463,0.9739091092012586,0.0,0.0,0.30056117352869155,0.09412877477339432,0.7144536491807685,0.7104614571542767,0.3792241041044919,2.302974089515386,3.705194299623904,0.3152309485315899,-0.22271511241323655
2019-10-28,0.0941287747733838,0.3152309485315899,-0.22271511241323655,2.031954502461,1474,0.8659852002134224,0.0,0.0,0.31377486755577233,0.619741519308481,0.6157530815495749,0.5085004611931065,1.5267146033514978,2.594923284539763,3.9031424294639905,0.5395753607428754,0.08134378656150837
2019-10-29,0.6197415193084813,0.5395753607428754,0.08134378656150837,2.571098712421,1463,1.1175932251742677,0.0,0.0,0.0941287747733838,-0.003963871998347024,-0.11055589731764348,-0.3328514755627676,0.857908702978416,1.339518669328288,3.9337786152193965,0.06097838934982377,-0.0631672172676283
2019-10-30,-0.00396387199835104,0.06097838934982377,-0.0631672172676283,3.606991231559,1467,1.5724290644998224,-0.003963871998347024,0.0,0.6197415193084813,-0.10659625065823075,-0.3289006407648176,0.9053865760598967,1.0690417800332863,0.4272857102672001,3.546752022625088,0.17000369971804996,-0.2737702717477249
2019-10-31,-0.10659625065823357,0.17000369971804996,-0.2737702717477249,2.96987872968,1482,1.267321548216661,-0.11055589731764348,-0.003963871998347024,-0.00396387199835104,-0.22254161112020832,1.0130627135876313,0.9695364800514028,1.1762992835644637,1.5026975111534835,3.562228065770756,-0.7735203039123045,0.5581414813680303
2019-11-01,-0.22254161112020862,-0.7735203039123045,0.5581414813680303,2.618886591897,1486,1.1012949905419296,-0.3328514755627676,-0.11055589731764348,-0.10659625065823357,1.2383601914293108,1.1947368778682632,1.4025554346096314,1.9164822228708855,2.2965987505024987,4.455104094540285,1.006687781468416,0.23416831219932263
2019-11-05,1.238360191429321,1.006687781468416,0.23416831219932263,3.378040677956,1488,1.4123849455533217,0.0,-0.3328514755627676,-0.22254161112020862,-0.0430897077733805,0.16218678657957675,0.16159946604101805,1.0521454233612948,1.2219986143050088,2.9062011028869517,0.3274444231006083,-0.3684672679662644
2019-11-06,-0.043089707773383404,0.3274444231006083,-0.3684672679662644,2.745261965578,1496,1.1256925894276506,-0.0430897077733805,0.0,1.238360191429321,0.20536498552508053,0.20477741180271458,0.7132241925523308,0.4775133378664531,1.05607910553851,2.857446984005785,-0.031317631599334976,0.238695162568238
2019-11-07,0.2053649855250814,-0.031317631599334976,0.238695162568238,2.603256010134,1505,1.05316254362622,0.0,-0.0430897077733805,-0.043089707773383404,-0.0005863695246577372,0.5068183795354786,0.8885175786726762,-0.6349679965926947,0.7184927552539522,2.717786958233348,0.718167959758356,-0.7130176229069862
2019-11-08,-0.0005863695246665312,0.718167959758356,-0.7130176229069862,3.512747699318,1521,1.3974168320413296,-0.0005863695246577372,0.0,0.2053649855250814,0.5074077243444108,0.8891091616625157,0.2721785658411191,0.3226034455700466,1.0796750445486225,3.261119535674517,0.30037769548581744,0.21242285069288336
2019-11-11,0.5074077243444174,0.30037769548581744,0.21242285069288336,2.401897742124,1524,0.9312629720683518,0.0,-0.0005863695246577372,-0.0005863695246665312,0.37977443251244747,-0.23404161327933437,-1.136028773507236,0.3729686497620399,1.3706543945453342,3.126822621643055,0.07640798111472823,0.3058899425790769
2019-11-12,0.3797744325124378,0.07640798111472823,0.3058899425790769,2.458150061026,1535,0.9476271793811722,0.0,0.0,0.5074077243444174,-0.6114937488771455,-1.510068352503413,-0.5615132503397513,0.16808469551250482,1.27513048700858,2.9920008525018638,-0.10459180719329937,-0.5044347620903772
2019-11-13,-0.611493748877129,-0.10459180719329937,-0.5044347620903772,2.463208126037,1545,0.9450646338298959,-0.6114937488771455,0.0,0.3797744325124378,-0.9041031377973074,0.0502880065538891,0.6084342523813957,0.5758161686650887,2.5599686873944982,3.129571806321896,-0.049082928679079846,-0.8556167649862066
2019-11-14,-0.9041031377972965,-0.049082928679079846,-0.8556167649862066,2.568056402024,1546,0.9852535453886346,-1.510068352503413,-0.6114937488771455,-0.611493748877129,0.963098548548702,1.5263370513533436,1.703882843600879,1.3621097126001347,3.1061939893084034,3.4852630548084296,-0.015074240041718204,0.9790770312779679
2019-11-15,0.9630985485487071,-0.015074240041718204,0.9790770312779679,2.524602731272,1546,0.970703972812422,-0.5615132503397513,-1.510068352503413,-0.9041031377972965,0.5578657062845549,0.7337178689062807,0.5252640173077472,0.7546371136484042,2.0290402177646216,3.054195364053869,0.20530642226339693,0.348066542919558
2019-11-18,0.5578657062845522,0.20530642226339693,0.348066542919558,2.163854351552,1553,0.8380952106239404,-0.0067800339150880795,-0.5615132503397513,0.9630985485487071,0.17487658611943235,-0.03242082431625937,-0.1617583609562656,0.9939785165312687,2.1100460527551768,2.3426287850228267,0.02733307744002473,0.1459620499467877
2019-11-19,0.17487658611943244,0.02733307744002473,0.1459620499467877,2.253571348115,1554,0.8730640918988005,0.0,-0.0067800339150880795,0.5578657062845522,-0.20693552864772258,-0.3360472790663316,0.02076687447329917,1.1051881393771668,1.663870019993774,2.9586025929536186,-0.2936061171839263,0.08678065151354863
2019-11-20,-0.2069355286477285,-0.2936061171839263,0.08678065151354863,2.490110639497,1556,0.9660644283338753,-0.20693552864772258,0.0,0.17487658611943244,-0.12937948253475273,0.22817457738897318,1.0267322158954428,1.9727928584760246,1.7825428162377088,2.474279677054736,-0.21471534144181403,0.0861094139717602
2019-11-21,-0.12937948253473966,-0.21471534144181403,0.0861094139717602,2.742318399016,1558,1.0488623011983997,-0.3360472790663316,-0.20693552864772258,-0.2069355286477285,0.358017260803134,1.1576094074913668,1.44609498128081,1.7206471744258378,1.9850318926412758,2.674280290222253,0.02235625142570655,0.337116018011641
2019-11-22,0.3580172608031267,0.02235625142570655,0.337116018011641,2.195943700844,1567,0.8353392364757378,0.0,-0.3360472790663316,-0.12937948253473966,0.7967396811062066,1.0841961112584064,1.7406465681363725,1.264858016091841,2.1581435537505245,2.620135114693678,0.7302558508382384,0.06547168929437008
2019-11-25,0.7967396811062011,0.7302558508382384,0.06547168929437008,1.987852232648,1568,0.7559333925841338,0.0,0.0,0.3580172608031267,0.28518425403603054,0.9364458513404506,0.5565945757638469,1.1050832461672266,1.7324226992385006,1.3091458970732717,0.576720333077029,-0.2868773305151833
2019-11-26,0.28518425403603026,0.576720333077029,-0.2868773305151833,3.642919306431,1559,1.393413965653392,0.0,0.0,0.7967396811062011,0.6494095834282954,0.2706385033309555,0.1787241841786802,0.5525748884878778,1.6952536691261066,1.3177500820745092,0.3167989755988466,0.3299902728441017
2019-11-27,0.6494095834282927,0.3167989755988466,0.3299902728441017,2.187059117914,1571,0.8115450956479888,0.0,0.0,0.28518425403603026,-0.3763271753555397,-0.467648445428237,0.1670728480722916,-0.18656941415967632,0.5553854259292557,0.42171467591680667,0.05624330992695978,-0.43313707355205294
2019-11-28,-0.3763271753555413,0.05624330992695978,-0.43313707355205294,1.918794558074,1577,0.7171105846883801,-0.3763271753555397,0.0,0.6494095834282927,-0.09166623502573357,0.54545271020503,0.2811754162187263,0.25991254043251644,0.3676491691074757,1.5810803713933952,0.1639163952179804,-0.25384593676065403
2019-11-29,-0.0916662350257305,0.1639163952179804,-0.25384593676065403,2.043648616401,1562,0.7886514234643931,-0.467648445428237,-0.3763271753555397,-0.3763271753555413,0.6377035040235235,0.3731837347238143,0.28239966893019997,0.8821278725505532,1.0047679994844794,2.24694358533164,0.3500000517557881,0.2864901615317694
2019-12-02,0.6377035040235206,0.3500000517557881,0.2864901615317694,2.010427885301,1561,0.7899492199541591,0.0,-0.467648445428237,-0.0916662350257305,-0.2628436064115336,-0.3530524075195274,-0.28399113244386154,0.6204826037716105,0.22777654232717381,1.0419071052513829,-0.9972943120650923,0.7455147640111311
2019-12-03,-0.26284360641152354,-0.9972943120650923,0.7455147640111311,2.326468843077,1558,0.9251895820589309,-0.2628436064115336,0.0,0.6377035040235206,-0.09044653403994518,-0.02120325743886209,0.5070519025996312,1.1363993233445058,1.2735424814196206,-0.08431695743856826,-0.6073593127542807,0.5211745704950175
2019-12-04,-0.09044653403993075,-0.6073593127542807,0.5211745704950175,2.422132489866,1554,0.9838038685232973,-0.3530524075195274,-0.2628436064115336,-0.26284360641152354,0.06930596144107959,0.5980393424970698,0.9769842778050153,0.7433416883220412,0.6796223022900172,1.662586872508376,0.5350995273792054,-0.46018102802730776
2019-12-05,0.06930596144108135,0.5350995273792054,-0.46018102802730776,2.345043657694,1562,0.9587843434443212,-0.28399113244386154,-0.3530524075195274,-0.09044653403993075,0.5283671910942589,0.9070496768646352,1.1578480822930004,0.10745733358934473,0.6758328989949547,-0.25076371735316405,0.05602886479518381,0.47286493716700095
2019-12-06,0.5283671910942696,0.05602886479518381,0.47286493716700095,2.019713711118,1560,0.8301533876157087,0.0,-0.28399113244386154,0.06930596144108135,0.37669216794353755,0.6261724016686454,0.14443854649122123,0.12156774398024428,0.4522317505702089,0.8957613967183198,0.7906431440883682,-0.41175219974006366
2019-12-09,0.37669216794353344,0.7906431440883682,-0.41175219974006366,2.106789977665,1553,0.8933554154065348,0.0,0.0,0.5283671910942696,0.24854398798845878,-0.2313820234917885,-0.7924048377549675,-0.3902844145469486,-0.4160687329904711,0.7344063802089185,-0.005480961178022938,0.2554042555571617
2019-12-10,0.24854398798846122,-0.005480961178022938,0.2554042555571617,2.146787306165,1552,0.9160472774333672,0.0,0.0,0.37669216794353344,-0.4787361415820146,-1.0383680244454685,-0.501464624604997,0.1356021758661452,-0.37121062530592885,0.4233893082562279,0.04366807385046792,-0.521507439698102
2019-12-11,-0.478736141582013,0.04366807385046792,-0.521507439698102,2.171371845954,1547,0.9327338200342754,-0.4787361415820146,0.0,0.24854398798846122,-0.5623239307527395,-0.022837815901655123,-0.159270915321863,-0.06324922815164058,-0.13293246248944346,0.7746354547579548,0.27458283842556636,-0.8339469660863476
2019-12-12,-0.5623239307527353,0.27458283842556636,-0.8339469660863476,2.288858930667,1550,0.989403169488191,-1.0383680244454685,-0.4787361415820146,-0.478736141582013,0.5425369298407423,0.405332295929961,1.1862882380533124,0.5677654597814996,1.2089863739275675,1.2075731199528983,1.3019103114044892,-0.7541398841883873
2019-12-13,0.5425369298407424,1.3019103114044892,-0.7541398841883873,4.017222321749,1546,1.7470639153794212,-0.501464624604997,-1.0383680244454685,-0.5623239307527353,-0.13646426487780028,0.6402775659637205,-0.04042064344212948,0.33026251390260164,1.229818760490109,0.8767476147457876,-0.04120325336511895,-0.09501044278423834
2019-12-16,-0.13646426487778632,-0.04120325336511895,-0.09501044278423834,2.145866473197,1561,0.9038863877893072,-0.6372445694691975,-0.501464624604997,0.5425369298407424,0.7778032543347413,0.0961748657592354,0.16177742768959114,-0.0258853449103702,0.8122803787634636,1.5244437191892057,0.3866995070682571,0.3874908330754777
2019-12-17,0.777803254334748,0.3866995070682571,0.3874908330754777,2.479861899949,1572,1.0449685243920444,0.0,-0.6372445694691975,-0.13646426487778632,-0.6763675795306567,-0.6112713382831703,-0.30804272360827056,-0.5061264826489609,-1.3407839852223158,0.6228863316105393,-0.008691798227453782,-0.6654510797229778
2019-12-18,-0.6763675795306526,-0.008691798227453782,-0.6654510797229778,2.509525824575,1579,1.0524505548935341,-0.6763675795306567,0.0,0.777803254334748,0.06553952937595753,0.37083305044982584,-0.12194293221823305,-0.06972733633985317,0.9763292191015793,1.8365659089072395,-0.03724167874331802,0.10468402869629519
2019-12-19,0.06553952937596005,-0.03724167874331802,0.10468402869629519,2.316012789594,1591,0.9708993535786057,-0.6112713382831703,-0.6763675795306567,-0.6763675795306526,0.3050935641877306,-0.18735966695022643,0.1057915289288891,0.6376008368233155,-0.920376409776269,0.8702348893955936,0.13909971838632582,0.16764330074212425
2019-12-20,0.30509356418773415,0.13909971838632582,0.16764330074212425,2.759479700177,1587,1.1672357788361079,-0.30804272360827056,-0.6112713382831703,0.06553952937596005,-0.49095535793786116,-0.1986958270781214,-0.43893267934543845,0.8965951289750196,0.44153289421127173,-0.024354478470556273,0.23516635226852206,-0.7228573760837395
2019-12-23,-0.490955357937846,0.23516635226852206,-0.7228573760837395,1.7728955101,1596,0.7410866245309836,-0.7974857292898374,-0.30804272360827056,0.30509356418773415,0.2937014739825994,0.05227934684686186,0.8265090483738913,0.8383827419382373,1.1552818798794773,-1.4526827206192472,0.09125004171156664,0.2020681076420771
2019-12-24,0.2937014739825972,0.09125004171156664,0.2020681076420771,1.550088431662,1602,0.6508754013128779,-0.5061264826489609,-0.7974857292898374,-0.490955357937846,-0.24071514321202248,0.5312472932604839,1.0974715862984707,-0.8389034149201113,0.7975605631157068,-1.8739454043362747,0.14132680553192292,-0.38153578931900417
2019-12-25,-0.24071514321201884,0.14132680553192292,-0.38153578931900417,1.3254210087,1597,0.582115840215148,-0.745623302773446,-0.5061264826489609,0.2937014739825972,0.773825150792451,1.341415720282657,0.7856926401109021,1.0467864517514025,0.908775975530185,-1.9582885348966683,0.04042094515059667,0.7347551774194078
2019-12-26,0.7738251507924472,0.04042094515059667,0.7347551774194078,1.641556394774,1588,0.7348649228123341,0.0,-0.745623302773446,-0.24071514321201884,0.5632321375524718,0.011776360876147862,-1.3629102841862806,-1.5481065065588329,-0.0013963720271181757,-4.930947151729059,0.2361031651506771,0.3278875513380856
2019-12-27,0.5632321375524725,0.2361031651506771,0.3278875513380856,1.720335422259,1601,0.7749402892249491,0.0,0.0,0.7738251507924472,-0.5483671963944281,-1.9153545294806507,-0.29072937893867,-0.451018425529659,-0.34878176219962365,-4.575629675196746,-0.16131912526959868,-0.3855208275741081
2019-12-30,-0.5483671963944302,-0.16131912526959868,-0.3855208275741081,1.741942759991,1609,0.7904293838959889,-0.5483671963944281,0.0,0.5632321375524725,-1.3745247760644785,0.25905840878905906,-1.5596991916296044,0.3142643994521688,0.7064251872391569,-4.943685625162619,-1.3665589820644188,-0.008135561489494063
2020-01-06,-1.3745247760644734,-1.3665589820644188,-0.008135561489494063,2.612980143832,1597,1.1929407438822945,-1.9153545294806507,-0.5483671963944281,-0.5483671963944302,1.6563501277376602,-0.1877551567124769,1.4929310259791162,1.6503084721655181,1.99035670072496,-2.6835471989533732,0.5495171158445344,1.100871583373729
2020-01-07,1.6563501277376549,0.5495171158445344,1.100871583373729,2.467132678707,1590,1.1190361607744765,-0.29072937893867,-1.9153545294806507,-1.3745247760644734,-1.814058130291818,-0.1607564127112715,0.05506334443918792,-0.13658076725391322,0.8519191541802806,-3.4646173729864116,-0.9288893984957738,-0.8873448204275078
2020-01-08,-1.8140581302918317,-0.9288893984957738,-0.8873448204275078,3.201329064553,1585,1.4505708220013265,-2.0995135092947037,-0.29072937893867,1.6563501277376549,1.6838476935674418,1.9036548808701204,1.8415211798551212,1.5710313734440762,1.8072447535504743,-0.553182509422101,1.448021466553492,0.23369092747333217
2020-01-09,1.683847693567441,1.448021466553492,0.23369092747333217,2.552679001917,1603,1.1346457308051592,-0.451018425529659,-2.0995135092947037,-1.8140581302918317,0.21616725988289343,0.15506247045533605,0.02421457193455545,0.10269985861539599,-0.46383936929011993,-2.6804693177679195,0.2778228154560529,-0.06257593249780019
2020-01-10,0.2161672598828896,0.2778228154560529,-0.06257593249780019,2.505857954871,1603,1.1007952853908263,-0.23582611981880497,-0.451018425529659,1.683847693567441,-0.06097298579489374,-0.19153864410974553,-0.32640979149853866,0.39093222697161867,-2.5781793615044735,-3.332622939629304,0.36825368522461577,-0.4225959908501687
2020-01-14,-0.060972985794895254,0.36825368522461577,-0.4225959908501687,2.726628917451,1597,1.1873698344761265,-0.29665531538716206,-0.23582611981880497,0.2161672598828896,-0.13064531666522328,-0.2655987491912537,-0.05228154278811292,0.3345274930007358,-2.650367680058263,-3.1022563832235006,-0.2056925919835968,0.07644841010848816
2020-01-15,-0.13064531666522147,-0.2056925919835968,0.07644841010848816,2.331274453333,1609,1.0025467536519963,-0.42691306577619104,-0.29665531538716206,-0.060972985794895254,-0.1351299735078304,0.07846628640546527,0.5835886689049774,0.9898518687111446,-2.841243967840923,-3.1134611177012106,0.20550545885142923,-0.3388717971951195
2020-01-16,-0.13512997350783104,0.20550545885142923,-0.3388717971951195,2.223081994901,1616,0.9527436483622181,-0.5614661517713393,-0.42691306577619104,-0.13064531666522147,0.2138852830396054,0.7196911608878587,0.6017244147110468,0.23255979279948047,-4.929619615531289,-3.803440029521443,0.41673690674976055,-0.19950855669962933
2020-01-17,0.21388528303959647,0.41673690674976055,-0.19950855669962933,2.316043738768,1606,0.9939851734535095,-0.34878176219962365,-0.5614661517713393,-0.13512997350783104,0.5047263424820647,0.38701137130452423,0.9106710125807327,-0.5659579898501077,-4.241641986664413,-5.282462716135172,0.2940255508693533,0.21177504037898812
2020-01-20,0.5047263424820738,0.2940255508693533,0.21177504037898812,1.675827506221,1600,0.7464711465777266,0.0,-0.34878176219962365,0.21388528303959647,-0.11712381642272618,0.40390604986613177,-0.48365057763156694,-2.9575495740624347,-5.610476989821422,-7.391696603822884,0.09725411734592702,-0.21529402537131084
2020-01-21,-0.1171238164227307,0.09725411734592702,-0.21529402537131084,2.014822889961,1602,0.9069659787220319,-0.11712381642272618,0.0,0.5047263424820738,0.5216408319392407,-0.3669565547303577,-0.9492954797009068,-2.9749431702533524,-4.5826919827265495,-6.359007002190742,-0.03246242711293109,0.5579293253468974
2020-01-22,0.5216408319392337,-0.03246242711293109,0.5579293253468974,2.199823597426,1603,1.0007177487167098,0.0,-0.11712381642272618,-0.1171238164227307,-0.8839861539419402,-1.463303125044868,-3.347933119513369,-3.7935453569459265,-4.280073759000713,-7.189793534716649,-0.4081601974489987,-0.4780526159051239
2020-01-23,-0.8839861539419508,-0.4081601974489987,-0.4780526159051239,2.307971565539,1594,1.0573635340310676,-0.8839861539419402,0.0,0.5216408319392337,-0.5844837263155989,-2.4859221733818937,-2.617592041093897,-5.150202108977386,-2.3185258266114173,-6.507616140396577,0.15441729515907346,-0.7403685013402137
2020-01-24,-0.5844837263156011,0.15441729515907346,-0.7403685013402137,2.154956689589,1602,0.9874438844713134,-1.463303125044868,-0.8839861539419402,-0.8839861539419508,-1.9126173844249528,-2.045061365653711,-2.3648471136171634,-3.6966052294636675,-2.2269594632062906,-9.500793269524333,-1.9593699234031385,0.04622802393755147
2020-01-27,-1.912617384424939,-1.9593699234031385,0.04622802393755147,2.5852056749,1599,1.2012297994866195,-3.347933119513369,-1.463303125044868,-0.5844837263156011,-0.13502652196137888,-0.4610478097520354,-2.732200308895538,-2.7337803240899072,-0.7744092372532818,-8.811541374221054,-1.0073926570465754,0.8855345337272066
2020-01-28,-0.1350265219613735,-1.0073926570465754,0.8855345337272066,2.617370316405,1613,1.1936484826384803,-3.478439043825876,-3.347933119513369,-1.912617384424939,-0.3264620982073918,-2.6006854019796077,-1.6860240911129254,-1.6570449582878122,-0.46419148423704204,-11.65326836042947,0.3396289862758562,-0.6615378125500962
2020-01-29,-0.3264620982073966,0.3396289862758562,-0.6615378125500962,2.366454767957,1625,1.0535782162685785,-3.7935453569459265,-3.478439043825876,-0.1350265219613735,-2.2816720983787953,-1.364014984844919,-2.283259431939788,-0.5057128483321627,-0.28017768133032916,-16.01179894636565,-0.3690125278786323,-1.9188546812137324
2020-01-30,-2.2816720983787957,-0.3690125278786323,-1.9188546812137324,3.045214250908,1622,1.325064071509927,-5.988661189375943,-3.7935453569459265,-0.3264620982073966,0.9390839295344122,-0.0016243969734985875,0.9688368420109672,2.9854320676775847,1.1845746082592035,-11.175009889125487,0.5794508874030629,0.36514803077417823
2020-01-31,0.9390839295344108,0.5794508874030629,0.36514803077417823,3.115912564852,1638,1.3156488469415837,-5.105815814665227,-5.988661189375943,-2.2816720983787957,-0.9319564730393526,0.029476107091808146,0.8701714048690024,1.5260581101622872,-1.0869241610490188,-13.512995256226068,-2.465883480644065,1.5883947188005663
2020-02-03,-0.9319564730393556,-2.465883480644065,1.5883947188005663,3.08790593813,1640,1.266508186078071,-5.990188306718336,-5.105815814665227,0.9390839295344108,0.9704770033835519,1.8190809202948799,2.9871049870940913,2.0144414919848197,-1.8870946236367536,-12.428068108059097,-0.1557387773285036,1.1309037281159235
2020-02-04,0.9704770033835558,-0.1557387773285036,1.1309037281159235,2.755238666148,1640,1.099709674687614,-5.077844703310852,-5.990188306718336,-0.9319564730393556,0.840447566552438,1.99724517855151,1.4961409989473928,1.2129526446961192,-1.8616276819951927,-13.120743687588742,1.0323874444663228,-0.17987757680089528
2020-02-05,0.8404475665524475,1.0323874444663228,-0.17987757680089528,2.846785686156,1640,1.1330325190018726,-4.280073759000713,-5.077844703310852,0.9704770033835558,1.1471563642511784,0.6502286019330006,0.1918702957482754,0.22668152459652813,-3.0398265961780746,-16.97251268550267,1.0382173195264144,0.10608829063334818
2020-02-06,1.147156364251187,1.0382173195264144,0.10608829063334818,3.604912642648,1639,1.4240115399323383,-3.1820165332705486,-4.280073759000713,0.8404475665524475,-0.4912918762922547,-0.9444517303706768,-0.7689350163158304,-1.7486526232515454,-4.288520775545779,-24.03118308491875,0.1484799812616453,-0.6381847683195603
2020-02-07,-0.49129187629225207,0.1484799812616453,-0.6381847683195603,2.764368004609,1631,1.0833443169834764,-3.6576754208325735,-3.1820165332705486,1.147156364251187,-0.45539718344556057,-0.2790139127104352,-0.4208108448631287,-2.5737060217348895,-7.439508648174609,-22.2689786493783,-0.5935126467394072,0.13789403916974213
2020-02-10,-0.4553971834455485,-0.5935126467394072,0.13789403916974213,2.420308895013,1623,0.9445908191784012,-4.096415653432073,-3.6576754208325735,-0.49129187629225207,0.17719018986912527,0.034744564349864504,-0.8118685999211617,-3.824493923174699,-8.099858186972108,-23.905137314270252,0.30036579730851715,-0.12527025771785275
2020-02-12,0.17719018986912896,0.30036579730851715,-0.12527025771785275,2.952330298231,1625,1.154153253281003,-3.9264839102370996,-4.096415653432073,-0.4553971834455485,-0.14219367228135438,-0.9873093744351191,-2.301112533139038,-3.03773405117872,-11.241257837796603,-27.776319308135832,0.06583785713248563,-0.21059642411251242
2020-02-13,-0.1421936722813568,0.06583785713248563,-0.21059642411251242,2.732940246064,1620,1.0636945252115284,-4.063094370854947,-3.9264839102370996,0.17719018986912896,-0.8463191143817328,-2.161993078210056,-3.8578980776444394,-3.2591202971964828,-15.775821596194351,-32.41397376165892,-0.4300088906132022,-0.41327505217003563
2020-02-14,-0.8463191143817376,-0.4300088906132022,-0.41327505217003563,2.759200586634,1626,1.0655860463745084,-4.875026740940768,-4.063094370854947,-0.1421936722813568,-1.3269038043540404,-3.037284078981195,-2.0708705760735913,-2.5850720830880913,-12.2148900118772,-32.26338915702727,-0.9504523679391613,-0.3889981457978057
2020-02-17,-1.326903804354028,-0.9504523679391613,-0.3889981457978057,2.400961784685,1625,0.917735796413852,-6.137243630005984,-4.875026740940768,-0.8463191143817376,-1.733380567318843,-0.7539712448512148,-1.1213711864178078,-4.994342315356093,-12.562617216968386,-28.763806634891065,-0.436887849350255,-1.2990489234862024
2020-02-18,-1.7333805673188591,-0.436887849350255,-1.2990489234862024,2.550767715534,1629,0.9734173287310907,-7.76424240887329,-6.137243630005984,-1.326903804354028,0.9966856783331091,0.6228049610685016,0.4663771962219565,-4.445377454403232,-10.743717601662029,-28.31355933952169,0.4201958075830126,0.575641721052558
2020-02-19,0.9966856783331024,0.4201958075830126,0.575641721052558,2.488471604342,1631,0.934050431961189,-6.844941822660489,-7.76424240887329,-1.7333805673188591,-0.3701910758293514,-0.5250751334555215,-4.272585133825713,-8.460532255865271,-11.472694869148459,-30.061129536615027,0.7397250995159487,-1.0941954881597171
2020-02-20,-0.3701910758293473,0.7397250995159487,-1.0941954881597171,2.664779369733,1627,0.9914148254227152,-6.362046995320614,-6.844941822660489,0.9966856783331024,-0.15545955502539455,-3.9168940502199656,-5.036812894882658,-12.93837862282241,-14.369493783078779,-28.264286340387613,-0.26702667001749,0.11171442116588326
2020-02-21,-0.15545955502539527,-0.26702667001749,0.11171442116588326,2.434255432809,1624,0.8978838337962354,-5.957955695542516,-6.362046995320614,-0.3701910758293473,-3.76729110918943,-4.888953685502139,-7.97734417297219,-9.88536165319822,-20.627266937411125,-24.56359201715467,-4.689773182557472,1.0008791076171013
2020-02-25,-3.7672911091894257,-4.689773182557472,1.0008791076171013,3.939648216016,1618,1.4497768041180328,-7.894250822842331,-5.957955695542516,-0.15545955502539527,-1.165573108396445,-4.374867040851626,-9.389251610285921,-7.966130740059684,-16.021382108740546,-16.499650842101488,-1.0257723439248065,-0.1369614626385185
2020-02-26,-1.1655731083964334,-1.0257723439248065,-0.1369614626385185,3.68084780661,1631,1.3114729891002732,-8.967810666538355,-7.894250822842331,-3.7672911091894257,-3.2471417434078664,-8.320661899429815,-5.253236255202964,-6.591350558946896,-17.19831853954503,-17.151966282786503,-0.6102155808021851,-2.646271760916048
2020-02-27,-3.2471417434078584,-0.6102155808021851,-2.646271760916048,3.846427464712,1634,1.3442308348366474,-11.923754886323268,-8.967810666538355,-1.1655731083964334,-5.243793565836363,-2.0734214450542243,-3.755564659703281,-3.2905616424410478,-18.629220139377367,-11.371438975854675,-3.656055452676365,-1.65197665495687
2020-02-28,-5.2437935658363655,-3.656055452676365,-1.65197665495687,5.051585832637,1640,1.7282866320120291,-16.542291360624517,-11.923754886323268,-3.2471417434078584,3.3458200154782514,1.5705872598087867,1.886260717312238,-1.6437956675035226,-19.7546031089723,-7.87754621996265,-0.8138568882578273,4.193916596491871
2020-03-02,3.3458200154782416,-0.8138568882578273,4.193916596491871,4.411491783603,1666,1.4430111926999931,-13.749946640508758,-16.542291360624517,-5.2437935658363655,-1.7177596107937454,-1.4123060787049058,-1.2429109801930793,-11.920266763844968,-22.838154611713314,-11.676357350905665,2.714641561669866,-4.277906560299966
2020-03-03,-1.7177596107937338,2.714641561669866,-4.277906560299966,3.821561153936,1674,1.2227207480293367,-15.231515221406156,-13.749946640508758,3.3458200154782416,0.3107921948861003,0.48314795096267016,-3.1646788839471696,-8.75248583315521,-18.528904802794177,-13.488769188613926,-1.3794897118031524,1.7223597476168648
2020-03-04,0.31079219488609283,-1.3794897118031524,1.7223597476168648,3.073653470566,1682,0.9724475911262411,-14.968061386991083,-15.231515221406156,-1.7177596107937338,0.1718217474962369,-3.4647030521711364,-10.658491204316856,-11.355445179936808,-19.684711558395385,-15.434717170937795,1.5135222480485795,-1.3149033860017225
2020-03-05,0.17182174749623583,1.5135222480485795,-1.3149033860017225,3.001121101482,1687,0.9497138030946033,-14.821958024136272,-14.968061386991083,0.31079219488609283,-3.6302871768010725,-10.811736038017905,-9.191226561318533,-15.86056000059215,-20.997402597979388,-17.270370508922895,-1.5781266865414565,-2.0867408641822798
2020-03-06,-3.6302871768010747,-1.5781266865414565,-2.0867408641822798,3.494233555262,1686,1.101475419747115,-17.914165559436277,-14.821958024136272,0.17182174749623583,-7.4519770276705195,-5.770422284768695,-8.173945051445909,-18.413487552086274,-16.226451496281268,-10.98547551075103,-3.8229933133852265,-3.7883580870711904
2020-03-09,-7.4519770276705195,-3.8229933133852265,-3.7883580870711904,4.300214619683,1703,1.3418490171681423,-23.65611176396949,-17.914165559436277,-3.6302871768010747,1.8169537164554939,-0.7801009687600224,-5.660861349119195,-12.395459712163115,-4.959291343337724,-0.7539297110715215,-3.2086126797475996,5.265855562503692
2020-03-10,1.8169537164554994,-3.2086126797475996,5.265855562503692,4.884419946671,1705,1.5077890414156878,-22.05149146581765,-23.65611176396949,-7.4519770276705195,-2.550709474620416,-7.3443712393902905,-13.417300144892764,-10.714175677994831,-0.5695125085057096,-0.8139511048122494,-0.020071069253245397,-2.524776814611854
2020-03-11,-2.5507094746204206,-0.020071069253245397,-2.524776814611854,3.909135620272,1718,1.1684893557604592,-24.039731458324344,-22.05149146581765,1.8169537164554994,-4.919134597005015,-11.151020814710055,-11.706682688465476,-9.396252703130948,0.05597984961291935,2.720701596047026,-2.582152700166759,-2.402456609262366
2020-03-12,-4.919134597005012,-2.582152700166759,-2.402456609262366,4.996987529936,1726,1.461149171527893,-27.673475567011096,-24.039731458324344,-2.5507094746204206,-6.554301111260963,-7.138710888559762,-3.6369128175806287,-6.105154250400757,8.919394868716157,9.011495560271587,-7.874589808748825,1.474762763318433
2020-03-13,-6.554301111260966,-7.874589808748825,1.474762763318433,6.285969227557,1732,1.7847041057633177,-31.83709809391041,-27.673475567011096,-4.919134597005012,-0.625400402852816,3.122014526483352,1.9750008696437948,2.6806343232298913,14.8009198647725,15.29286740987561,1.8111111601758467,-2.3825218447046264
2020-03-16,-0.6254004028528194,1.8111111601758467,-2.3825218447046264,4.240240024222,1746,1.146076889887495,-31.35250290649979,-31.83709809391041,-6.554301111260966,3.7709987708405945,2.6167665409856378,1.113011296794153,8.488336728202462,14.465435870073184,18.375886195438152,-2.9070607723760005,6.898808145192557
2020-03-17,3.770998770840586,-2.9070607723760005,6.898808145192557,5.698251943606,1749,1.5099352284063892,-28.222625873669248,-31.35250290649979,-0.6254004028528194,-1.1122878680235648,-2.5613972164960197,-0.4280174367036982,11.362008747214869,6.186409550504135,13.32245909510843,1.2786455777338088,-2.3447904622797067
2020-03-18,-1.11228786802356,1.2786455777338088,-2.3447904622797067,5.02171784746,1761,1.274967325409478,-29.02099689806231,-28.222625873669248,3.770998770840586,-1.465408914040256,0.6919670973948966,5.721842916256459,10.432496265052936,5.291638080273686,15.827944098166746,2.090165008695079,-3.5031096134950177
2020-03-19,-1.4654089140402533,2.090165008695079,-3.5031096134950177,5.650197652289,1754,1.3909032457073072,-29.80126006603483,-29.02099689806231,-1.11228786802356,2.1894605616753493,7.294140820076778,14.289414632357666,16.001463125233407,4.717607030172366,18.591779270628116,0.27582485287636843,1.9067574736048698
2020-03-23,2.189460561675353,0.27582485287636843,1.9067574736048698,4.872580497552,1766,1.1545477341494534,-28.152592680671706,-29.80126006603483,-1.4654089140402533,4.995309917817359,11.840706472248685,9.67359110010877,11.803867030455795,6.256122701186029,16.968966733543866,3.0384056012318026,1.8803420294749145
2020-03-24,4.995309917817357,3.0384056012318026,1.8803420294749145,4.508519488989,1776,1.0410537194223723,-21.610428665747673,-28.152592680671706,2.189460561675353,6.519716509041595,4.455704912870129,8.115375395715297,5.509439375815339,4.424800374183047,8.910346411747216,6.005825048347791,0.5210610217457713
2020-03-25,6.519716509041607,6.005825048347791,0.5210610217457713,4.682363740844,1785,1.0559086352099092,-15.51491541557949,-21.610428665747673,4.995309917817357,-1.937680331693592,1.4979939291692057,-0.03293920698008712,-4.6475447551049704,-0.24583867833036788,0.7975795750602366,-1.9179208574646358,-0.03622191915635279
2020-03-26,-1.9376803316935873,-1.9179208574646358,-0.03622191915635279,4.113570293654,1775,0.9199374626512149,-14.37148709602204,-15.51491541557949,6.519716509041607,3.5035620944761314,1.942378205162032,1.0087859383306697,-4.6552041823273775,2.6632308737960964,5.212097132816695,2.9209945459971753,0.5751250268057264
2020-03-27,3.5035620944761248,2.9209945459971753,0.5751250268057264,4.67549241589,1777,1.0405679212274246,-9.494886544599746,-14.37148709602204,-1.9376803316935873,-1.5083383196890177,-2.41032879029639,-6.054837584832329,-9.727339458536955,0.08455857808102873,1.1739680989294898,-3.2489740228423494,1.8074336339030408
2020-03-30,-1.5083383196890163,-3.2489740228423494,1.8074336339030408,3.844824617642,1768,0.8478739420124125,-10.860009852125573,-9.494886544599746,3.5035620944761248,-0.915803891638145,-4.616126063443371,-6.471874115210041,-4.962032599246802,0.42852230250645107,4.657592312249559,0.4297949121394969,-1.336487808158258
2020-03-31,-0.9158038916381491,0.4297949121394969,-1.336487808158258,3.852848882185,1747,0.8611012563425495,-10.564756894181071,-10.860009852125573,-1.5083383196890163,-3.7345230795014284,-5.607423223674923,-7.497730628190724,-1.028001862249417,3.4162717292262723,6.290994714356035,-0.9939409378685836,-2.776216126118306
2020-04-01,-3.734523079501433,-0.9939409378685836,-2.776216126118306,3.487042096278,1730,0.7842402561963647,-13.90473668917609,-10.564756894181071,-0.9158038916381491,-1.9455574356321392,-3.9091974288946507,-0.36264676776863736,4.616248281672064,6.720304015185907,12.00353508509393,-1.325347108055316,-0.6296243575641968
2020-04-02,-1.9455574356321428,-1.325347108055316,-0.6296243575641968,3.314198463221,1708,0.7481819278562608,-15.579769486246885,-13.90473668917609,-3.734523079501433,-2.0026017607243762,1.6143181547581653,4.851463449585669,7.675757227608404,10.006783264080532,12.311418437600397,0.21595187686861245,-2.200367817697548
2020-04-03,-2.002601760724371,0.21595187686861245,-2.200367817697548,3.008324452219,1709,0.6772917660989275,-14.153910946218229,-15.579769486246885,-1.9455574356321428,3.6908325939952746,6.9941297763587595,8.872280678744504,10.869180079290208,13.24913033627495,15.822654582125683,-0.23350549692780176,3.9437271346778484
2020-04-06,3.6908325939952844,-0.23350549692780176,3.9437271346778484,3.462852242615,1702,0.7795605771734798,-6.395526679805929,-14.153910946218229,-2.002601760724371,3.1857176760241135,4.997016568511281,5.96514269142534,5.6720014633967475,10.082095751305143,13.949023075266176,2.669103224355937,0.5069456081231278
2020-04-07,3.185717676024119,2.669103224355937,0.5069456081231278,3.672666118362,1692,0.827086226924393,-3.413552427695221,-6.395526679805929,3.6908325939952844,1.75537752053454,2.693614075668771,3.6217410347943124,4.490435350501976,4.295479638449118,13.068707277095637,0.24843905662226576,1.5086920144107019
2020-04-08,1.7553775205345303,0.24843905662226576,1.5086920144107019,3.693246495534,1673,0.8376398787144126,-1.7180956391281144,-3.413552427695221,3.185717676024119,0.9220510777869118,1.834166959759087,0.6428610230511111,2.0112131414317336,1.0459897006461327,10.919890589235326,0.6989084354620977,0.22283450877553276
2020-04-09,0.9220510777869064,0.6989084354620977,0.22283450877553276,2.912369956516,1657,0.6695793734647565,-0.8118862806991922,-1.7180956391281144,1.7553775205345303,0.9037825452726356,-0.27663929909689244,1.749691342549542,2.164856878178001,2.4827450269453433,9.622849876292916,0.5561932225092935,0.3511372638837926
2020-04-10,0.9037825452726338,0.5561932225092935,0.3511372638837926,2.735738602704,1648,0.6362607169080993,0.0,-0.8118862806991922,0.9220510777869064,-1.1698489537197543,0.838332098102823,0.17385734764503447,2.1466292573667944,1.0884891099345317,5.835290769113355,-0.46585622135632565,-0.7123468142587277
2020-04-13,-1.1698489537197583,-0.46585622135632565,-0.7123468142587277,2.138781551921,1628,0.5108574080141056,-1.1698489537197543,0.0,0.9037825452726338,2.0319518189162666,1.3596117046664968,2.4482690516193006,4.17338010715731,4.211024829185961,7.785479192049771,0.26090519502583165,1.7705983239110457
2020-04-14,2.0319518189162658,0.26090519502583165,1.7705983239110457,2.897239878451,1601,0.7280793512349097,0.0,-1.1698489537197543,-1.1698489537197583,-0.6589505564325804,0.40802633418393075,1.2974204670414213,-0.1865775670269687,2.7797588687557884,6.680460011666778,0.11144207351573979,-0.7693549692365169
2020-04-15,-0.658950556432575,0.11144207351573979,-0.7693549692365169,3.066669392935,1597,0.7838851179570575,-0.6589505564325804,0.0,2.0319518189162658,1.0740543779161893,1.9693480534301644,2.7760252384247064,-0.9461934733070776,4.950539748421479,9.201838955928832,-0.804444501618477,1.8919338258821876
2020-04-16,1.0740543779161982,-0.804444501618477,1.8919338258821876,2.763347846347,1596,0.7309356849702989,0.0,-0.6589505564325804,-0.658950556432575,0.8857799175310266,1.6838850197349764,-0.5921876197744425,0.31115215004546837,2.094993695059122,9.498177497933359,1.1988287726018005,-0.3075749946034906
2020-04-17,0.885779917531028,1.1988287726018005,-0.3075749946034906,3.288609147281,1586,0.896654469603772,0.0,0.0,1.0740543779161982,0.7910977174943268,-1.4649909417498108,-2.85923327195301,-1.0359031473923586,2.2724450406012675,8.920026789887302,-0.21201433227150282,1.0000746686196305
2020-04-20,0.7910977174943344,-0.21201433227150282,1.0000746686196305,2.48173332015,1572,0.6991656169794296,0.0,0.0,0.885779917531028,-2.2383808791999638,-3.621679961933544,-1.3500004149360367,0.03613660417847164,3.5127668105966237,7.522243027205744,-0.8223268195546918,-1.4111847596881122
2020-04-21,-2.238380879199967,-0.8223268195546918,-1.4111847596881122,2.787197426476,1570,0.8125888017492504,-2.2383808791999638,0.0,0.7910977174943344,-1.4149715350195713,0.9087211036942655,0.43546735161286154,2.9718812996064825,8.411896343983273,12.66710502445678,-1.2196868114590018,-0.20062212362638895
2020-04-22,-1.4149715350195697,-1.2196868114590018,-0.20062212362638895,2.708157010314,1563,0.8098662584597205,-3.621679961933544,-2.2383808791999638,-2.238380879199967,2.3570441423966138,1.876997872237518,3.7952690653533683,5.95306069347219,9.771690017427815,15.712745411040219,0.7928340624209631,1.5575237394333141
2020-04-23,2.357044142396621,0.7928340624209631,1.5575237394333141,2.380401337369,1548,0.7335042386290086,-1.3500004149360367,-3.621679961933544,-1.4149715350195697,-0.46899192349796337,1.405105955341912,2.0445806599729943,1.7783083005022071,6.967128805410372,14.094061609600427,-0.05371347306726276,-0.4138199436459538
2020-04-24,-0.46899192349796426,-0.05371347306726276,-0.4138199436459538,2.571584529728,1539,0.8141566082123716,-1.812660945520761,-1.3500004149360367,2.357044142396621,1.8829286621907748,2.5254165832812037,4.000964797123685,3.342978204429947,4.695689589362284,15.157294430312351,1.068187357386736,0.80721316086761
2020-04-27,1.882928662190777,1.068187357386736,0.80721316086761,2.571573717999,1512,0.8422023760011373,0.0,-1.812660945520761,-0.46899192349796426,0.6306139110122233,2.0788920801006805,0.3680311180037199,3.475374324154923,3.430015556149413,13.100633337882229,0.2937989841709315,0.33982694917126327
2020-04-28,0.630613911012219,0.2937989841709315,0.33982694917126327,2.605547975015,1490,0.8714996802203734,0.0,0.0,1.882928662190777,1.439202358806213,-0.2609372861828274,0.7974233593917024,5.28301025068052,3.7952036333262607,13.219453540580673,2.1774641906086973,-0.7305674676776989
2020-04-30,1.4392023588062026,2.1774641906086973,-0.7305674676776989,3.729112584853,1487,1.2738806945084058,0.0,0.0,0.630613911012219,-1.6760183493708558,-0.6326735468053402,1.3680421246719865,3.6040764645800305,4.050764500781234,13.220099798743368,-0.7793596814594472,-0.9009609212984558
2020-05-01,-1.67601834937087,-0.7793596814594472,-0.9009609212984558,2.934193832439,1497,0.9982058757657292,-1.6760183493708558,0.0,1.4392023588062026,1.0611295281682143,3.0959491498820713,5.558451609647341,5.098159511148559,7.251270150411404,15.33365861322804,-0.04358161847853005,1.096838071396249
2020-05-07,1.061129528168215,-0.04358161847853005,1.096838071396249,2.822852303341,1494,0.9665755321935797,-0.6326735468053402,-1.6760183493708558,-1.67601834937087,2.0134542639825614,4.450100748404573,4.263725474571389,1.3089533594207392,6.499875647489395,13.906025177755787,1.3548466970788524,0.6603090126719415
2020-05-08,2.0134542639825623,1.3548466970788524,0.6603090126719415,3.15309266795,1497,1.0830926843358657,0.0,-0.6326735468053402,1.061129528168215,2.3885540412313055,2.205857283065571,1.9420844153203998,-0.043835326329344504,3.873412275749044,12.331214094766207,1.187940893225721,1.1857667211767398
2020-05-11,2.3885540412313073,1.187940893225721,1.1857667211767398,2.807618326914,1499,0.9695799696457029,0.0,0.0,2.0134542639825623,-0.17843474778652668,-0.4360542348621488,-3.0073186779877914,-1.413149770140265,3.925038509585721,11.386596286421558,0.1268755843462067,-0.3020782488234684
2020-05-12,-0.17843474778651544,0.1268755843462067,-0.3020782488234684,2.610402260475,1506,0.9151428257712609,-0.17843474778652668,0.0,2.3885540412313073,-0.2580799914574716,-2.833940665079415,-2.2011386325582527,0.43114909320571826,5.412192699838325,11.492421972165978,-1.2969975464351695,1.0582306901341303
2020-05-13,-0.25807999145748756,-1.2969975464351695,1.0582306901341303,2.845360281673,1504,1.0168133903377907,-0.4360542348621488,-0.17843474778652668,-0.17843474778651544,-2.5825256556133436,-1.9480862619592254,-0.9813748619234008,2.0486663603604294,6.6627317043865375,12.06495593124215,-0.5336208451488118,-2.064334810923914
2020-05-14,-2.5825256556133405,-0.5336208451488118,-2.064334810923914,2.695003344354,1506,0.9642365792932687,-3.0073186779877914,-0.4360542348621488,-0.25807999145748756,0.651258306503899,1.6435971107499725,3.360319210878693,5.123853436381354,9.992393079392858,11.892356132712024,1.0608335435543486,-0.39495398109813595
2020-05-15,0.6512583065039044,1.0608335435543486,-0.39495398109813595,2.697662276194,1516,0.9658917812439884,-2.375645784177338,-3.0073186779877914,-2.5825256556133405,0.9859179318197908,2.691532078143677,4.076159730035989,3.9189654933911466,9.349914267858628,9.550481478799334,0.4740379465910231,0.510579873266274
2020-05-18,0.9859179318197908,0.4740379465910231,0.510579873266274,2.46520714909,1525,0.8739179474808857,-1.413149770140265,-2.375645784177338,0.6512583065039044,1.6889623635202522,3.0600719996451087,3.4239798910691066,5.414706187772267,9.07965838243079,4.980743172338231,2.1492367089771247,-0.4437011152061388
2020-05-19,1.6889623635202582,2.1492367089771247,-0.4437011152061388,3.137238049737,1539,1.1207358188036192,0.0,-1.413149770140265,0.9859179318197908,1.348336736118294,1.7062004442001122,1.1952625405505124,4.9596600771837585,8.812367061361947,8.094263662589785,-0.0013451030744800949,1.351041868511228
2020-05-20,1.3483367361183043,-0.0013451030744800949,1.351041868511228,2.687323749047,1530,0.9588014714458423,0.0,0.0,1.6889623635202582,0.3531026947325211,-0.15103769878961337,2.2847201078369794,4.521436201559603,7.535937291448147,6.871807986810352,0.5241718849397216,-0.1737704186157268
2020-05-21,0.35310269473251193,0.5241718849397216,-0.1737704186157268,2.522727883232,1540,0.9012982077594266,0.0,0.0,1.3483367361183043,-0.5023665237891994,1.924820818924089,3.198880322708164,4.631241610599668,6.954139134190607,6.625719529519358,0.10811956451992838,-0.6103542552879854
2020-05-22,-0.5023665237891934,0.10811956451992838,-0.6103542552879854,2.539859260264,1547,0.920005693865592,-0.5023665237891994,0.0,0.35310269473251193,2.4394422841158336,3.7199345523954763,4.679541772556384,5.2261382209514595,8.142412609460203,7.76537323774682,1.4936308098598365,0.9298536109385049
2020-05-25,2.439442284115838,1.4936308098598365,0.9298536109385049,2.265037654862,1550,0.8195950581071646,0.0,-0.5023665237891994,-0.5023665237891934,1.2499992578329344,2.186754865599161,2.655310816276746,3.4766991506196776,7.179749831074234,5.445994937660137,0.9913931536815954,0.25906799917895074
2020-05-26,1.249999257832939,0.9913931536815954,0.25906799917895074,3.367613722096,1548,1.230179512878869,0.0,0.0,2.439442284115838,0.9251907305014351,1.3879620432047712,1.452183396620943,3.6706549748208417,5.768051225004989,4.643755937490712,0.22939495594923756,0.6955413516093649
2020-05-27,0.9251907305014354,0.22939495594923756,0.6955413516093649,3.549408508528,1558,1.281157233883331,0.0,0.0,1.249999257832939,0.458529044487066,0.5221616747068891,1.2623400035719934,2.884098419845049,5.06477205349265,3.4262788483557793,0.752891756511964,-0.28925336167847737
2020-05-28,0.4585290444870609,0.752891756511964,-0.28925336167847737,4.254155441981,1573,1.5038084966430176,0.0,0.0,0.9251907305014354,0.0633421878909246,0.8001420752726363,2.2514437469838278,2.2200802435623723,1.7273585928326396,1.7715810728385017,-0.4525976503543585,0.5152775727812948
2020-05-29,0.06334218789093407,-0.4525976503543585,0.5152775727812948,5.509179757317,1587,1.891207019893789,0.0,0.0,0.4585290444870609,0.7363334776468111,2.1867164450536603,2.3496676810248918,2.7714353465915664,0.1834178035562184,2.0248014484255616,0.3620377208877889,0.3703922827985874
2020-06-01,0.7363334776468221,0.3620377208877889,0.3703922827985874,3.020731977665,1604,0.9871899436569457,0.0,0.0,0.06334218789093407,1.4397813751367838,1.6015415170297809,1.4086668322643714,3.5786323982604396,-3.757726482532475,-0.9671940737062346,0.7243300406771191,0.7114584995151
2020-06-02,1.439781375136782,0.7243300406771191,0.7114584995151,3.136405487252,1603,1.0180857057360113,0.0,0.0,0.7363334776468221,0.15946420595562838,-0.0306729198847,0.5722063707295222,2.0231339820256267,-0.6599464915299502,-1.8498662634429897,1.2124027223796645,-1.0386248799022426
2020-06-03,0.1594642059556275,1.2124027223796645,-1.0386248799022426,3.651930391756,1594,1.1969407145083377,0.0,0.0,1.439781375136782,-0.18983440790912853,0.4120850366423401,1.9459260673710066,2.119543901477172,-0.6175882420012213,-3.3853250025471793,0.9692719107570813,-1.144762900280459
2020-06-04,-0.18983440790913003,0.9692719107570813,-1.144762900280459,3.516869318546,1602,1.139273429604957,-0.18983440790912853,0.0,0.1594642059556275,0.6030642680340037,2.1398225948333405,2.0544370577431303,-0.482020410819195,-0.30706582029441654,-4.806091090960319,-0.012340074190181537,0.6126923790354734
2020-06-05,0.6030642680340053,-0.012340074190181537,0.6126923790354734,3.130047180214,1610,1.0026927515868627,0.0,-0.18983440790912853,-0.18983440790913003,1.5275462412407181,1.4426725470729984,1.7004515584072788,-2.5182265230678014,-0.3486507861397592,-4.23553675409668,1.362769959260216,0.16718911244324197
2020-06-08,1.527546241240714,1.362769959260216,0.16718911244324197,3.635424378905,1625,1.1650174896205394,0.0,0.0,0.6030642680340053,-0.08359671567955695,0.17030384715073232,-2.566915566372996,-7.082888343789451,-1.6176142379009772,-3.772167093405532,0.28298674838236876,-0.3613036497292926
2020-06-09,-0.08359671567955672,0.28298674838236876,-0.3613036497292926,3.222881409407,1628,1.019292957750697,-0.08359671567955695,0.0,1.527546241240714,0.25411299294650913,-2.485396560589692,-3.9045689261615113,-2.6298745870993123,-1.062981944446062,-3.609500082649708,-0.4213617892113639,0.6874335410350199
2020-06-10,0.2541129929464982,-0.4213617892113639,0.6874335410350199,2.952512242856,1628,0.9248266670056509,0.0,-0.08359671567955695,-0.08359671567955672,-2.7325657489273736,-4.148140953978219,-7.24086072655602,-2.680321551493736,-1.5595076952174325,-4.262908480399863,-0.7123372566839382,-2.0382454888142987
2020-06-11,-2.73256574892736,-0.7123372566839382,-2.0382454888142987,3.705781037717,1634,1.15883119530139,-2.7325657489273736,0.0,0.2541129929464982,-1.455343420899624,-4.634947978571702,-0.14816039999525632,0.1758019920088838,0.04347157010422542,-2.432725882184905,-3.8351283130326386,2.535267019937781
2020-06-12,-1.455343420899609,-3.8351283130326386,2.535267019937781,4.533476319623,1645,1.3956029237685332,-4.148140953978219,-2.7325657489273736,-2.73256574892736,-3.226562117165488,1.3264879763978943,1.531341610995507,2.2256219388965492,1.838012402890854,-2.630189643611225,0.03885970878233063,-3.2594023951455036
2020-06-15,-3.226562117165497,0.03885970878233063,-3.2594023951455036,3.233736249889,1652,0.9681292744681642,-7.24086072655602,-4.148140953978219,-1.455343420899609,4.704855168084299,4.916538910110302,5.044562833667432,5.881881182563831,2.899487207479323,3.142568623175257,2.8754808085612864,1.7726604575617115
2020-06-16,4.704855168084305,2.8754808085612864,1.7726604575617115,3.599986051064,1657,1.0655206109336604,-2.876677568578878,-7.24086072655602,-3.226562117165497,0.2021718493246505,0.3244430881813365,0.8873631963915329,1.6092129244044795,-1.1978247744869441,-2.324154729083361,0.15956998372000844,0.04445929053258535
2020-06-17,0.2021718493246496,0.15956998372000844,0.04445929053258535,2.915810019266,1660,0.8571488930281577,-2.680321551493736,-2.876677568578878,4.704855168084305,0.12202453958838344,0.6838088780123597,0.9201049543586359,1.1516826546743575,-2.784936199058574,-1.0491099243956747,-0.14318802488704596,0.2659704427756229
2020-06-18,0.12202453958838116,-0.14318802488704596,0.2659704427756229,2.712958692284,1658,0.794848122268468,-2.561567661938058,-2.680321551493736,0.2021718493246496,0.5610996591482786,0.7971077477110677,1.2806149694684965,-0.13209819065408412,-4.512882791227701,-1.89624384444963,0.4871727086234263,0.07129074117861331
2020-06-19,0.5610996591482864,0.4871727086234263,0.07129074117861331,3.442681804285,1657,1.0058408876411646,-2.014840950209773,-2.561567661938058,0.12202453958838116,0.23469123683288462,0.7155006386754037,0.4646961431791663,-0.3791706312507137,-3.9004850397111435,-3.2616018726383533,-0.12076916222732678,0.3584804654916569
2020-06-22,0.23469123683288942,-0.12076916222732678,0.3584804654916569,2.250577092018,1671,0.6489868865945648,-1.7848783685231462,-2.014840950209773,0.5610996591482864,0.4796836264068238,0.22946636888701022,-0.9218577389054738,-2.8167179707944467,-2.1899782555736436,-3.194345636938034,0.8016877461696076,-0.31776308603748027
2020-06-23,0.47968362640682627,0.8016877461696076,-0.31776308603748027,3.121787988947,1672,0.9004010460836153,-1.3137565114014094,-1.7848783685231462,0.23469123683288942,-0.24902273622808835,-1.3948504958707475,-1.0868945326036106,-2.7625818743225783,-2.5738779965793657,-2.8593352312330844,0.08556094531530871,-0.3350974433489517
2020-06-24,-0.24902273622809828,0.08556094531530871,-0.3350974433489517,2.591425964375,1672,0.7500906455426969,-1.5595076952174325,-1.3137565114014094,0.47968362640682627,-1.1486882545649002,-0.8399634964577185,-3.0392103739934284,-3.8917976947277277,-2.7462284288587213,-2.8813895523037814,-0.9011859870226915,-0.2516184724107763
2020-06-25,-1.1486882545649022,-0.9011859870226915,-0.2516184724107763,2.93183952087,1660,0.860554780676364,-2.690282068058336,-1.5595076952174325,-0.24902273622809828,0.31231225226653336,-1.9124906751840087,-1.3870790575643777,-4.386579192318285,-2.475121478120601,-1.6834860383177164,0.9322115905030668,-0.6116134851687678
2020-06-26,0.31231225226652676,0.9322115905030668,-0.6116134851687678,2.663794108558,1660,0.7973516519595252,-2.386371896310868,-2.690282068058336,-1.1486882545649022,-2.2178762282496156,-1.6941004266328497,-3.0776856341324543,-3.534717017287803,-4.38755818291604,-2.5555740514796477,-1.1422907860540468,-1.090100675394555
2020-06-29,-2.217876228249632,-1.1422907860540468,-1.090100675394555,2.837270574964,1642,0.8870537516971493,-4.551321349554582,-2.386371896310868,0.31231225226652676,0.5356559884498013,-0.8793114454026973,-2.522327801128421,0.6449048664897594,0.23623190191977006,-1.9536713908335668,1.7760684575311172,-1.213085440508873
2020-06-30,0.5356559884498054,1.7760684575311172,-1.213085440508873,2.875858908689,1649,0.9017041339228729,-4.040044786467279,-4.551321349554582,-2.217876228249632,-1.407428459028559,-3.041690790707663,-1.8723358401102619,0.19406508459460792,-1.1399849770772907,-2.882871174254109,0.37385694851523693,-1.776902870811827
2020-07-01,-1.407428459028563,0.37385694851523693,-1.776902870811827,2.58132746591,1645,0.8126754665052627,-5.3906125054135945,-4.040044786467279,0.5356559884498054,-1.6575917496988835,-0.4715440258990622,1.5377378165133404,1.191957854159309,1.7855527803974924,-4.5673502807946464,0.34621653012717085,-1.9969331696556776
2020-07-02,-1.6575917496988688,0.34621653012717085,-1.9969331696556776,2.907140351086,1642,0.9309396037656871,-6.958849906964504,-5.3906125054135945,-1.407428459028563,1.2060389255275306,3.2491878357091553,3.3372651624087535,1.9991521044335547,2.740305732612147,-0.8908438295448184,0.4108327167505712,0.7970829569780112
2020-07-03,1.2060389255275277,0.4108327167505712,0.7970829569780112,2.21454482632,1636,0.7161444434585189,-5.836737420084004,-6.958849906964504,-1.6575917496988688,2.0188013797131976,2.105829118012914,1.671383187629516,-0.88409129093735,0.6648141432730403,0.141099739014372,0.27190041476035853,1.747329747805101
2020-07-06,2.018801379713192,0.27190041476035853,1.747329747805101,2.434074594288,1628,0.7989634125219051,-3.935768175937693,-5.836737420084004,1.2060389255275277,0.08530558791393084,-0.34054329925971016,-1.2106978829360515,-0.40605430062465864,-1.0268552889076799,-1.284469367125618,0.21414144188826242,-0.13017997561944006
2020-07-07,0.08530558791392381,0.21414144188826242,-0.13017997561944006,2.676161629129,1616,0.8960942875224864,-3.8538200182051785,-3.935768175937693,2.018801379713192,-0.425485923904767,-1.294898849773285,-2.9282563344101953,-1.3314661507600745,-0.2929986627648984,-1.6105236983728122,-0.1661876635172348,-0.2598560990642971
2020-07-08,-0.4254859239047508,-0.1661876635172348,-0.2598560990642971,2.667924097299,1611,0.9015884874443298,-2.9884124319102034,-3.8538200182051785,0.08530558791392381,-0.8731279624464072,-2.5134648496429546,-0.06573485701578674,0.5866028672887991,-0.1389777704879802,-1.6055764434941278,0.16420625504005903,-1.031202877614508
2020-07-09,-0.8731279624464153,0.16420625504005903,-1.031202877614508,2.809125147702,1606,0.9538923717279242,-3.8354477297803724,-2.9884124319102034,-0.4254859239047508,-1.6547852801963803,0.8145047743711276,-0.03704702245442837,0.7266272443321453,0.8117266607261531,1.2327852550331864,-0.21409754578293205,-1.4436264427604366
2020-07-10,-1.6547852801963938,-0.21409754578293205,-1.4436264427604366,3.001918443043,1594,1.0351174953216542,-5.426764585514732,-3.8354477297803724,-0.8731279624464153,2.5108390495691912,1.644958793725837,3.1799957934194767,1.5627213172780596,1.916052029024784,3.6985061802773833,1.4047082796601498,1.0887438585190778
2020-07-13,2.5108390495691983,1.4047082796601498,1.0887438585190778,2.640741516888,1583,0.9352732982584779,-3.052182860286823,-5.426764585514732,-1.6547852801963938,-0.8446719038409878,0.6527668196401271,-0.08716754621337364,-0.6233320548991172,-2.1847422346204626,2.309253085941032,-0.5085575177009366,-0.3388620958351124
2020-07-14,-0.8446719038409866,-0.5085575177009366,-0.3388620958351124,2.450473937338,1576,0.8770965452108659,-3.871073833053118,-3.052182860286823,2.5108390495691983,1.5101949156266503,0.7639572902154113,-0.08090659627759678,1.052480915123244,-1.762983949347663,3.4878245176654277,0.9510675764093468,0.555630358655364
2020-07-15,1.5101949156266459,0.9510675764093468,0.555630358655364,2.770778355952,1558,1.0125737742800496,-2.419339677633392,-3.871073833053118,-0.8446719038409866,-0.7351356442882317,-1.5674302598145395,-1.2678229470093783,-0.7213491827874008,-6.241458524962306,1.389519064029976,0.30766566580140803,-1.0399688715833497
2020-07-16,-0.7351356442882386,0.30766566580140803,-1.0399688715833497,3.002585391957,1561,1.1002026718536213,-3.136689893594935,-2.419339677633392,1.5101949156266459,-0.8384584222507985,-0.5366322778745602,0.28633613909867517,0.08448552157671596,-3.534298965011118,2.77520527022741,0.060667958687601956,-0.8965952888569065
2020-07-17,-0.8384584222508017,0.060667958687601956,-0.8965952888569065,2.236396676262,1562,0.8151317187194426,-3.9488484752530084,-3.136689893594935,-0.7351356442882386,0.30437822927509295,1.1343052391612485,0.8595539863079704,0.3478940965385702,-0.5202556709768325,4.420689981262571,0.33033633616216596,-0.022472601468821348
2020-07-20,0.30437822927509195,0.33033633616216596,-0.022472601468821348,2.047078837178,1553,0.7628996025180088,-3.65648968104364,-3.9488484752530084,-0.8384584222508017,0.8274085583673152,0.5534910507733359,0.6244689011400739,-1.5712039978880377,-0.26028684747759767,3.293783003247741,0.26823119337291235,0.5576338537885792
2020-07-21,0.8274085583673246,0.26823119337291235,0.5576338537885792,2.542042342529,1551,0.9509672419748797,-2.616828994168685,-3.65648968104364,0.30437822927509195,-0.2716696893339532,-0.20127429647244233,-0.7775908884359084,-2.7861412594468615,-1.3213967102989055,3.3203432115586518,-0.11822305315102455,-0.1512130334102664
2020-07-22,-0.2716696893339418,-0.11822305315102455,-0.1512130334102664,2.302502039539,1541,0.8707991953488716,-2.05871854007752,-2.616828994168685,0.8274085583673246,0.07058715677101812,-0.5072993777454737,-2.112999783954328,-5.560217928765255,-1.4686397557952424,4.117158147837263,-0.8175972280999354,0.9005024140747345
2020-07-27,0.07058715677102645,-0.8175972280999354,0.9005024140747345,2.521987013044,1538,0.9590475005660991,-1.9895845741898621,-2.05871854007752,-0.2716696893339418,-0.5774789085739807,-2.1820466960032148,-2.5900801285311914,-3.615729718476368,0.4176682696092282,4.756784219004806,0.1684950780846047,-0.74184300951001
2020-07-28,-0.5774789085739663,0.1684950780846047,-0.74184300951001,2.372548690404,1532,0.9093059697150523,-1.224989160617218,-1.9895845741898621,0.07058715677102645,-1.613887648205714,-2.0242910739574738,-5.078682676636026,-0.8651399965406426,1.7489434841382545,5.870560219177201,-0.41872071459723753,-1.2023690377620664
2020-07-29,-1.6138876482056994,-0.41872071459723753,-1.2023690377620664,2.528128843221,1527,0.9743719330125348,-2.819106860067866,-1.224989160617218,-0.5774789085739663,-0.4171355244572572,-3.521630182968738,-1.4656645064097584,1.3318431228015015,4.594370472693354,6.715792842747148,0.32156581332308715,-0.7393881853882647
2020-07-30,-0.4171355244572433,0.32156581332308715,-0.7393881853882647,2.6787454063,1527,1.0386087650134634,-3.224482888339364,-2.819106860067866,-1.6138876482056994,-3.1174988537048254,-1.0529210898628238,1.183100474722587,1.506724008412319,5.345040676220969,5.151360416364703,-0.6037036970641393,-2.536877964995614
2020-07-31,-3.1174988537048285,-0.6037036970641393,-2.536877964995614,3.434896678784,1511,1.3368939393064798,-6.241458524962306,-3.224482888339364,-0.4171355244572433,2.1310120397536325,4.438984623170894,5.030633617643754,4.332473120155855,8.13896789448667,10.704478757890467,1.0662190702500325,1.0533714025327823
2020-08-03,2.1310120397536334,1.0662190702500325,1.0533714025327823,2.858803681975,1519,1.094492691604357,-4.243452717831852,-6.241458524962306,-3.1174988537048285,2.2598156400515323,2.8391195974455385,2.5868829342600375,4.184705633299579,6.540671106458884,8.68625008834818,0.968215624650333,1.2827687935195835
2020-08-04,2.259815640051539,0.968215624650333,1.2827687935195835,3.009367787731,1515,1.1532031847552036,-2.0795312859760773,-4.243452717831852,2.1310120397536334,0.5665020553460742,0.3198395109177188,-0.1019844298557282,2.636896325457738,4.966785636176874,6.682791811585442,-0.24617439283060943,0.8216608313085293
2020-08-05,0.5665020553460719,-0.24617439283060943,0.8216608313085293,2.619707699237,1516,0.9888248974373677,-1.5248098181066094,-2.0795312859760773,2.259815640051539,-0.24527306745998345,-0.6647208280486039,1.3084379184897799,3.219646706650825,3.563344768487986,6.624101279291805,0.020249630867953627,-0.2659041862959986
2020-08-06,-0.24527306745998773,0.020249630867953627,-0.2659041862959986,2.407789085038,1519,0.905661991132743,-1.7663429377527962,-1.5248098181066094,0.5665020553460719,-0.42047908253236566,1.5575311904773015,2.3096695786558374,3.781342275897459,4.703897062902596,5.923888313792514,-0.037828547996565313,-0.3799553430571569
2020-08-07,-0.4204790825323689,-0.037828547996565313,-0.3799553430571569,2.677458429604,1516,1.0122038506357274,-2.1793949177061234,-1.7663429377527962,-0.24527306745998773,1.9863625118753614,2.7416768388060175,3.910360515497713,3.6484276280377426,5.6690559125423645,5.675522583453119,0.6779305695405712,1.2979783044667526
2020-08-11,1.9863625118753614,0.6779305695405712,1.2979783044667526,3.209515007875,1510,1.213127359161276,-0.23632308946178737,-2.1793949177061234,-0.4204790825323689,0.7406032613847646,1.8865247825642584,2.1897057356083716,2.2613352495822525,4.321068218538571,4.765875462357316,0.15957191284291053,0.5753048765591898
2020-08-12,0.740603261384763,0.15957191284291053,0.5753048765591898,3.139043994159,1523,1.1775801641455808,0.0,-0.23632308946178737,1.9863625118753614,1.1374971799664957,1.4384492720018072,0.8825540103402751,2.2700309480629066,4.050771038896794,3.0663944201358095,0.9275882531482912,0.21160238517113086
2020-08-13,1.1374971799665,0.9275882531482912,0.21160238517113086,3.136075411172,1534,1.1734483485213725,0.0,0.0,0.740603261384763,0.29756727269985017,-0.2520758143466417,0.3678704988887338,0.3329773670064595,2.0282376197365615,2.3905638953158226,0.09659624235639723,0.20445237399073085
2020-08-14,0.2975672726998601,0.09659624235639723,0.20445237399073085,2.503319501793,1545,0.9280847394646456,0.0,0.0,1.1374971799665,-0.548012381548646,0.07009464745812988,0.8197894211013246,0.8889408893484774,-0.18385322993185182,3.02850438215434,-0.12541227462113597,-0.4214664348104168
2020-08-17,-0.5480123815486615,-0.12541227462113597,-0.4214664348104168,1.964293944515,1544,0.7275328355556112,-0.548012381548646,0.0,0.2975672726998601,0.6215129971842925,1.3753388297251146,0.5865316858766789,1.9495021108820287,2.372420334089953,4.663821056471673,0.10885252246064993,0.5092913232453448
2020-08-18,0.6215129971842835,0.10885252246064993,0.5092913232453448,2.273477810246,1537,0.8548148468318237,0.0,-0.548012381548646,-0.5480123815486615,0.7491696458210795,-0.034765240817424825,0.8182726765424642,2.014185482645292,2.013859082739744,4.29004671338602,-0.00031760564342117446,0.7485650682706951
2020-08-19,0.7491696458210829,-0.00031760564342117446,0.7485650682706951,2.149029262463,1534,0.8192524007566109,0.0,0.0,0.6215129971842835,-0.7781055560005079,0.06858918139405201,0.5663737234173905,1.7412139942914795,1.6348087302171743,4.087471706468793,-0.33644291725957576,-0.4434209273111715
2020-08-20,-0.7781055560005151,-0.33644291725957576,-0.4434209273111715,2.286374542042,1536,0.8730650573274583,-0.7781055560005079,0.0,0.7491696458210829,0.8533345811820192,1.3550227870086973,2.049663293842774,1.6896341534140102,2.9554438567487518,4.7126979685711445,0.571047177388874,0.2819797134090068
2020-08-21,0.8533345811820181,0.571047177388874,0.2819797134090068,2.227692141495,1541,0.8467880277147597,0.0,-0.7781055560005079,-0.7781055560005151,0.497443349701876,1.1862064032178932,1.6714783595734195,-1.0633416406431784,1.1651822760302633,4.715592769806487,0.2846691620861219,0.21018072979129768
2020-08-24,0.49744334970188686,0.2846691620861219,0.21018072979129768,2.073824177196,1533,0.7930379204110942,0.0,0.0,0.8533345811820181,0.6853538065832332,1.1682237584753619,0.33013792232921,0.4148310824980239,0.006119739459098383,4.16842639243411,1.0521220223144572,-0.36347335682022663
2020-08-25,0.6853538065832395,1.0521220223144572,-0.36347335682022663,2.763953453398,1537,1.0615875151248797,0.0,0.0,0.49744334970188686,0.47958311078661886,-0.3527979699375128,-2.223176580903552,-0.0003199554101218638,0.4263829458561075,1.6975788333684738,-0.05410345563781031,0.5337227661784493
2020-08-26,0.4795831107866123,-0.05410345563781031,0.5337227661784493,2.197527816143,1550,0.8401291825536489,0.0,0.0,0.6853538065832395,-0.8284081750283279,-2.689859579443288,-0.7446929954764814,-0.10458422884581653,-0.9460541319708304,2.390631219674133,0.13543105628694976,-0.9596357136973268
2020-08-27,-0.828408175028332,0.13543105628694976,-0.9596357136973268,2.236568100858,1549,0.8579247942690043,-0.8284081750283279,0.0,0.4795831107866123,-1.8770006310882326,0.08441447597169471,0.353725952506978,1.2447775172689468,0.35512352661588586,4.287465725238415,0.063876174422239,-1.9406332706477407
2020-08-28,-1.8770006310882332,0.063876174422239,-1.9406332706477407,3.837034329682,1552,1.4801242100144556,-2.689859579443288,-0.8284081750283279,-0.828408175028332,1.9989351321045845,2.273398283727923,2.6567378686582765,2.252475425821454,3.218274513727759,6.880255339530295,1.4755912366420363,0.5131392439363379
2020-08-31,1.9989351321045867,1.4755912366420363,0.5131392439363379,2.958554535245,1559,1.1163145039428526,-0.7446929954764814,-2.689859579443288,-1.8770006310882332,0.26908433040784274,0.6449113764783299,1.1593843530711023,-0.4070228855965974,2.238298864971444,2.954310188093756,-0.22364704951549616,0.4935112763380562
2020-09-01,0.2690843304078485,-0.22364704951549616,0.4935112763380562,2.437753388586,1562,0.9281480052984046,-0.4776125172291201,-0.7446929954764814,1.9989351321045867,0.37481846830480503,0.8879107938490005,-0.02045777128517612,0.42670426652959836,2.231253332745853,5.102745737358472,0.4311598209347344,-0.05391697409878236
2020-09-02,0.37481846830479715,0.4311598209347344,-0.05391697409878236,2.492794685814,1568,0.9567734105600594,-0.10458422884581653,-0.4776125172291201,0.2690843304078485,0.5111763422080084,-0.3938002036983024,-1.0451936890678915,-0.842350869285835,2.4132115826203338,5.302459674690407,0.937824291869344,-0.42080997832747913
2020-09-03,0.5111763422080086,0.937824291869344,-0.42080997832747913,2.564429823075,1568,0.9941232728922403,0.0,-0.10458422884581653,0.37481846830479715,-0.9003740467877441,-1.5484546971940238,-0.45714746562828257,-0.8787159322872773,1.7068102919039596,4.9155373684596215,-1.897473321614768,1.0200765583991636
2020-09-04,-0.9003740467877486,-1.897473321614768,1.0200765583991636,2.512925490765,1559,0.9752020530886557,-0.9003740467877441,0.0,0.5111763422080086,-0.65396881589872,0.4472535359202334,-0.45032404258452674,0.9445239187455545,3.509518209623641,6.324503078733756,-0.02873470317891443,-0.6216841775661035
2020-09-07,-0.6539688158987282,-0.02873470317891443,-0.6216841775661035,2.40802388377,1569,0.9325899065823993,-1.5484546971940238,-0.9003740467877441,-0.9003740467877486,1.1084714091680548,0.204985313340611,0.68027247601532,2.6561328190132683,4.162051946239753,7.032389743429279,0.43298799179697117,0.672048219283824
2020-09-08,1.1084714091680632,0.43298799179697117,0.672048219283824,2.524477599469,1576,0.9828183508443409,-0.45714746562828257,-1.5484546971940238,-0.6539688158987282,-0.8935810058597338,-0.42350450677856033,0.49505622634817836,1.796881695357655,1.265798737566537,6.093457089474041,-1.5843706229718757,0.7048476399637519
2020-09-09,-0.8935810058597378,-1.5843706229718757,0.7048476399637519,2.972307703535,1574,1.1728046664723621,-1.3466434885663903,-0.45714746562828257,1.1084714091680632,0.47431488681775047,1.401157711378942,2.446133291679975,3.283218672938215,3.3685536930456728,7.209766837732912,0.719107916184122,-0.23667277807048137
2020-09-10,0.47431488681774,0.719107916184122,-0.23667277807048137,2.631209787684,1576,1.0416417246624454,-0.8787159322872773,-1.3466434885663903,-0.8935810058597378,0.9224674242419795,1.9625099281178837,2.229829631117486,2.608447064129016,3.9184269426758345,6.526298384460616,0.19868688435280138,0.718361891672868
2020-09-11,0.9224674242419716,0.19868688435280138,0.718361891672868,3.048580505307,1574,1.2190525409413426,0.0,-0.8787159322872773,0.47431488681774,1.030536143655647,1.2954124490236918,1.8560547078922074,2.540993994823082,3.547802792726884,4.227118310973821,0.5469180298042282,0.4800784764043904
2020-09-14,1.0305361436556557,0.5469180298042282,0.4800784764043904,2.59961446244,1579,1.028311564171456,0.0,0.0,0.9224674242419716,0.262174502361745,0.81709807326249,0.6335045463931044,1.4669548578081226,0.7003357167238766,1.7087067101191789,-0.0990731651347494,0.356381215756868
2020-09-15,0.2621745023617365,-0.0990731651347494,0.356381215756868,2.565232875424,1586,1.0021193781534519,0.0,0.0,1.0305361436556557,0.5534725071095092,0.37035905701665595,1.229652474564169,-0.5217084737236477,2.808820503517051,2.84844506631996,0.19576802023842696,0.35771533822462054
2020-09-16,0.5534725071095153,0.19576802023842696,0.35771533822462054,2.544811653246,1586,0.988508457306417,0.0,0.0,0.2621745023617365,-0.1821055459620302,0.6724580967672145,0.6445898532740912,0.08262234775786581,2.821167354701304,1.9348846558090882,-0.006558030104811716,-0.1752463734330847
2020-09-17,-0.1821055459620259,-0.006558030104811716,-0.1752463734330847,2.507567264191,1603,0.966610978527902,-0.1821055459620302,0.0,0.5534725071095153,0.8561226896272922,0.8282036039307439,-0.888775868813585,1.2766783983467755,3.1548792724365615,2.8630331108960405,0.3189129739266062,0.5366048121224497
2020-09-18,0.8561226896272907,0.3189129739266062,0.5366048121224497,3.205269688835,1609,1.2303144974604339,0.0,-0.1821055459620302,-0.1821055459620259,-0.027682093017267206,-1.7300868920081314,-0.5858958449612928,0.9818597993643596,2.7195420457946096,-0.01660276086460355,-0.37405530598941944,0.3415532502674845
2020-09-23,-0.027682093017271703,-0.37405530598941944,0.3415532502674845,3.299609623807,1627,1.2432014445758013,-0.027682093017267206,0.0,0.8561226896272907,-1.7028761907619483,-0.5583683199817391,0.4447910191653248,-0.7555357723690093,2.7556463640625806,-0.14803611267637518,-0.4319349252222415,-1.2768258605283034
2020-09-24,-1.7028761907619476,-0.4319349252222415,-1.2768258605283034,2.960344529047,1639,1.0902007376396687,-1.7300868920081314,-0.027682093017267206,-0.027682093017271703,1.1643350552161813,2.18487289017244,2.7596917567152435,3.3479957547933648,4.767313754586122,0.3598229127935504,0.781000491289396,0.3803122483829199
2020-09-25,1.1643350552161795,0.781000491289396,0.3803122483829199,2.841036260229,1651,1.042493401541555,-0.5858958449612928,-1.7300868920081314,-1.7028761907619476,1.0087921147301948,1.5769951936404292,-0.19827455468722777,2.736284224675689,3.7160364612373042,-0.5463991534159329,0.8420570872159391,0.16883668786287712
2020-09-28,1.0087921147301901,0.8420570872159391,0.16883668786287712,3.222194673723,1668,1.1685595604837669,0.0,-0.5858958449612928,1.1643350552161795,0.5625283373994261,-1.1950114877587903,1.1382534730664418,1.854524559644788,2.509537065282319,-2.07624452059445,-0.2838182921976203,0.8457949614422581
2020-09-29,0.5625283373994174,-0.2838182921976203,0.8457949614422581,2.879999747793,1680,1.0261201433609968,0.0,0.0,1.0087921147301901,-1.7477084697606893,0.5725046348629803,1.1412909279559402,1.720786535208152,0.6560404952355547,-2.7856033915327094,-0.10997183563885447,-1.6416187000351399
2020-09-30,-1.747708469760684,-0.10997183563885447,-1.6416187000351399,3.457618974348,1670,1.2532886460029635,-1.7477084697606893,0.0,0.5625283373994174,2.3614849775891233,2.940388822206219,3.086419110332428,3.5379123296773507,1.0013581247950265,-3.724931808357368,1.2463914873222832,1.099167856769597
2020-10-05,2.361484977589114,1.2463914873222832,1.099167856769597,2.556441584313,1707,0.9183312907804266,0.0,-1.7477084697606893,-1.747708469760684,0.5655485017082684,0.7082098632137157,1.1417453552679202,1.3733386791169755,0.038541987554019386,-5.272721590039653,0.5552906645616887,0.0107421666408767
2020-10-06,0.5655485017082594,0.5552906645616887,0.0107421666408767,2.531721376169,1723,0.9075166164635041,0.0,0.0,2.361484977589114,0.14185907960617694,0.572956506621014,0.5804558485815958,0.9536574579814161,-0.8619652175653858,-3.9223020419804744,-0.5063716435111889,0.6517697819510065
2020-10-07,0.1418590796061733,-0.5063716435111889,0.6517697819510065,2.457998169449,1724,0.8804756288233117,0.0,0.0,0.5655485017082594,0.4304867424841152,0.4379754610175146,0.6604514337080092,0.6430863120410191,-0.28292036556967215,-2.7232111360648292,0.5178074291089934,-0.0842907429341667
2020-10-08,0.43048674248411256,0.5178074291089934,-0.0842907429341667,2.842220158708,1723,1.020051637523563,0.0,0.0,0.1418590796061733,0.007456618778123314,0.22897896712734678,0.37853212690963645,-1.04673398254157,-2.663704249615295,-2.6225501647361926,0.14378416598179866,-0.1345161739994863
2020-10-09,0.007456618778122438,0.14378416598179866,-0.1345161739994863,2.708483758342,1726,0.966344442815398,0.0,0.0,0.43048674248411256,0.22150583150379877,0.3710478405085649,0.20421643315891025,-2.4498796120261956,-2.8258130618450283,-1.4081442293728763,0.2185367046119077,0.0010682344420131999
2020-10-12,0.22150583150380143,0.2185367046119077,0.0010682344420131999,2.244899415802,1722,0.7966746834630574,0.0,0.0,0.007456618778122438,0.14921149683799761,-0.017251185961975057,-1.272798508789874,-1.3167137523092398,-4.20693313958298,-2.070574334975983,0.2960271844901395,-0.1469509462910149
2020-10-13,0.14921149683800536,0.2960271844901395,-0.1469509462910149,2.294690155404,1720,0.8184045215101547,0.0,0.0,0.22150583150380143,-0.16621467140079949,-1.419891364469461,-2.8104991561085035,-1.7984714187323947,-4.109717031315851,-0.7903553673492825,-0.2541884399271545,0.08762713468548579
2020-10-14,-0.16621467140079488,-0.2541884399271545,0.08762713468548579,2.454322792188,1720,0.8860443915421987,-0.16621467140079949,0.0,0.14921149683800536,-1.255763957003364,-2.6486869910863686,-1.2996867777302135,-0.9200897066487412,-4.473517018183748,-0.9981191775304987,-0.09758424703601896,-1.158059524451189
2020-10-15,-1.2557639570033539,-0.09758424703601896,-1.158059524451189,2.350565749327,1724,0.8513048261552705,-1.419891364469461,-0.16621467140079949,-0.16621467140079488,-1.4106373089731394,-0.044481402142526605,-0.38403290430792936,-1.6340746820710739,-3.419212468357702,-0.7964168625029466,-0.1976376328950428,-1.2180719693841464
2020-10-16,-1.410637308973144,-0.1976376328950428,-1.2180719693841464,2.415630901329,1722,0.8860694072560646,-2.8104991561085035,-1.419891364469461,-1.2557639570033539,1.3857031524912689,1.0412932761139082,1.7756281153386677,-0.3853746651707568,-4.679432060025068,1.548702649340128,0.41176093851147033,0.9723246316261152
2020-10-19,1.3857031524912757,0.41176093851147033,0.9723246316261152,2.234269804893,1723,0.8223197258000043,-1.4637411790241694,-2.8104991561085035,-1.410637308973144,-0.3397026066479514,0.3845956093641023,-1.5903006679639398,-2.9287830768215617,-5.3092172997228015,-0.8040679460184497,-0.353658682750134,0.01098711211789397
2020-10-20,-0.33970260664795526,-0.353658682750134,0.01098711211789397,2.255796527333,1717,0.8353302027808629,-1.7984714187323947,-1.4637411790241694,1.3857031524912757,0.7267670626682099,-1.2548608563548336,-1.4119652421570095,-2.3535739677114753,-3.0869452184837165,-0.790238296381085,0.32539157347708964,0.40089415652370597
2020-10-21,0.7267670626682124,0.32539157347708964,0.40089415652370597,2.409679013979,1709,0.8971140954136635,-1.0847750539670464,-1.7984714187323947,-0.33970260664795526,-1.9673300124783522,-2.1233008535800457,-3.3006843989084933,-3.5864256447287635,-2.4472144385309202,-1.6101046187768642,-0.3857375778893259,-1.584020087580104
2020-10-22,-1.9673300124783653,-0.3857375778893259,-1.584020087580104,2.346613480959,1701,0.8752298617177787,-3.0307639612408344,-1.0847750539670464,0.7267670626682124,-0.1591008804733507,-1.3601122835885882,-1.1126756424519657,-1.8147928568931548,0.042280307219244584,1.0021478162040465,0.0815930498232534,-0.24089088451978755
2020-10-23,-0.15910088047335663,0.0815930498232534,-0.24089088451978755,2.463762770248,1691,0.9338777906628579,-3.1850428695667787,-3.0307639612408344,-1.9673300124783653,-1.2029252678077529,-0.955094325459771,-1.4948652783640992,-4.310669623482422,1.4588944627593303,2.8392274996905664,0.12387454511336499,-1.3200252604500982
2020-10-26,-1.20292526780774,0.12387454511336499,-1.3200252604500982,2.06249741941,1681,0.7943636987170575,-4.349654451906004,-3.1850428695667787,-0.15910088047335663,0.2508484618798379,-0.29549458964013287,-0.4609500110257292,-2.4522554659895834,2.2301810294057534,3.5811912891063002,-1.1673774682176612,1.4548502778653463
2020-10-27,0.25084846187983706,-1.1673774682176612,1.4548502778653463,2.432938057775,1654,0.953524181814156,-4.109717031315851,-4.349654451906004,-1.20292526780774,-0.544975987637375,-0.7100174051656416,-3.3879332563039766,-0.7510477142601668,3.46162464141504,3.9764215498799604,-0.5242961535103418,-0.020708640891247812
2020-10-28,-0.5449759876373735,-0.5242961535103418,-0.020708640891247812,2.823852802442,1640,1.115654689081139,-4.6322960479727175,-4.109717031315851,0.25084846187983706,-0.16594578219372158,-2.858535601291712,-2.1631528760638563,1.1815879805472163,3.638151151565805,5.575039670769,-1.4968801219643368,1.3551173036405741
2020-10-29,-0.16594578219371847,-1.4968801219643368,1.3551173036405741,2.628591491215,1622,1.0467471137251476,-4.790554730256091,-4.6322960479727175,-0.5449759876373735,-2.697065485514205,-2.000526883855558,-0.04132371466107898,1.8913981221281961,2.715649429753797,4.241002766585256,-0.054615088901005,-2.640183085293286
2020-10-30,-2.697065485514216,-0.054615088901005,-2.640183085293286,3.244556464304,1628,1.2985343278747687,-7.358415817575903,-4.790554730256091,-0.16594578219371847,0.715845421450223,2.729354242094062,4.159010374042338,6.029474826022629,6.533883341197866,8.424653994085629,0.42069081738783837,0.2937820287404953
2020-11-02,0.7158454214502135,0.42069081738783837,0.2937820287404953,2.760027107882,1622,1.1093460902262229,-6.695245278847062,-7.358415817575903,-2.697065485514216,1.999197655759355,3.418692399576284,3.971373398478595,4.800148396832271,4.757748563515851,8.285004402983077,1.5973967144982528,0.39490253555493926
2020-11-04,1.9991976557593645,1.5973967144982528,0.39490253555493926,3.332505223529,1612,1.3339861064732417,-4.829898809749755,-6.695245278847062,0.7158454214502135,1.3916724606086062,1.9335208394238856,3.2124416709088166,4.2445509586305885,2.369863304051645,6.1104371237836075,0.4934206936639452,0.8914246053659914
2020-11-05,1.3916724606086066,0.4934206936639452,0.8914246053659914,3.416267046845,1619,1.3459434605089495,-3.505442720751706,-4.829898809749755,1.9991976557593645,0.5344111263435147,1.795777864308934,1.3357894643634571,2.427875683756686,0.8581096018284162,4.5593578658630785,0.2862702805145823,0.2497907116279705
2020-11-06,0.5344111263435107,0.2862702805145823,0.2497907116279705,3.21870147977,1627,1.2446119220978575,-2.9897650703354817,-3.505442720751706,1.3916724606086066,1.2546616863157611,0.7971184483418492,2.26719346116504,0.8089508268770862,0.9594618455688542,2.16636131045298,0.9636168525204446,0.28588336686087723
2020-11-09,1.254661686315771,0.9636168525204446,0.28588336686087723,3.291047973572,1622,1.263390848383394,-1.772614820868068,-2.9897650703354817,0.5344111263435107,-0.45187375114774664,0.9999853418957372,0.6209469908372123,0.4757248076564302,1.36048499664847,1.5732312487682698,1.1139849429389688,-1.5820793551256407
2020-11-10,-0.4518737511477437,1.1139849429389688,-1.5820793551256407,4.868353108064,1627,1.8482311182040616,-2.216478590931348,-1.772614820868068,1.254661686315771,1.4584494432512862,1.0776905426658656,0.011738806344263608,-0.040457798929705024,1.3215375793102835,2.6002061720490133,0.5858749679328024,0.887416035424592
2020-11-11,1.4584494432512938,0.5858749679328024,0.887416035424592,4.143045238228,1638,1.4982623656874565,-0.6251798365594863,-2.216478590931348,-0.4518737511477437,-0.3752855505626429,-1.4259143963324838,-0.5190699112129771,-1.798355537377594,0.49757280561670836,0.4662466318478442,0.12155450321340117,-0.49514489844675774
2020-11-12,-0.37528555056265067,0.12155450321340117,-0.49514489844675774,3.455566211942,1651,1.2092330178487902,-0.3752855505626429,-0.6251798365594863,1.4584494432512938,-1.0545865567354373,-0.14432599525623369,-1.1062266416975386,-1.5325574912584017,1.8688952839100548,1.8167045746729782,-0.459925742358561,-0.6042720991233032
2020-11-13,-1.054586556735436,-0.459925742358561,-0.6042720991233032,3.343736817311,1652,1.1499540582681096,-1.4259143963324838,-0.3752855505626429,-0.37528555056265067,0.9199623608638907,-0.052190478734737145,-0.3778286542190923,0.14930322898631943,1.4850252569104772,3.745806244031602,0.7924553872721775,0.1281715811845384
2020-11-16,0.9199623608638993,0.7924553872721775,0.1281715811845384,3.336167024527,1657,1.1280850309860952,-0.5190699112129771,-1.4259143963324838,-1.054586556735436,-0.9632909256569677,-1.285960661026031,-1.3902379707899426,0.8805710938495359,1.7748068441588272,2.3149534435258134,0.26080048272169243,-1.2268530219318023
2020-11-17,-0.9632909256569799,0.26080048272169243,-1.2268530219318023,3.406640624825,1657,1.1342618495737309,-1.4773606835174147,-0.5190699112129771,0.9199623608638993,-0.32580821635223023,-0.43109979029338774,0.20159892316415906,1.362546634617745,3.367059609274259,3.2934631203496156,-0.28558411580687315,-0.03781064045763592
2020-11-18,-0.3258082163522259,-0.28558411580687315,-0.03781064045763592,2.901398481774,1675,0.9475447729384741,-1.798355537377594,-1.4773606835174147,-0.9632909256569799,-0.10563574387411068,0.5291310920896963,2.1947554465235886,2.3379734174086897,3.653979500414084,3.52084686757137,-0.20283365313904958,0.09943524997712837
2020-11-19,-0.10563574387410204,-0.20283365313904958,0.09943524997712837,3.451236173782,1675,1.1153537416225245,-1.9020915750022849,-1.798355537377594,-0.3258082163522259,0.6354380857125141,2.302823795444131,1.8014123096001367,3.4543933390638104,3.669757720669753,3.540143343291424,-0.2677178404102459,0.9070830400640842
2020-11-20,0.635438085712511,-0.2677178404102459,0.9070830400640842,2.705148119292,1679,0.859766526373677,-1.2787401035824764,-1.9020915750022849,-0.10563574387410204,1.6568574067432174,1.1586119622140956,1.7993215555220488,1.3337307248859176,1.1954297723280716,2.460673161982818,1.5191998220952747,0.13569057582473049
2020-11-24,1.6568574067432151,1.5191998220952747,0.13569057582473049,3.550177364052,1671,1.1219464464612041,0.0,-1.2787401035824764,0.635438085712511,-0.4901247758777094,0.1401421924827062,1.1256478569176886,0.8864301030546029,0.20989072035995093,-1.925655899519929,0.9700554246163354,-1.44555911817281
2020-11-25,-0.49012477587770814,0.9700554246163354,-1.44555911817281,3.838277290993,1676,1.192521657554563,-0.4901247758777094,0.0,1.6568574067432151,0.6333712779167833,1.6237309404280253,0.17311305411864542,1.9775676926135022,1.261990908633659,-0.6395289460706222,-0.12186786793809762,0.7607046182877854
2020-11-26,0.6333712779167773,-0.12186786793809762,0.7607046182877854,2.960873158141,1690,0.8952236437845972,0.0,-0.4901247758777094,-0.49012477587770814,0.9841264879978828,-0.4573614278776894,0.7452435099776888,1.2859411214229954,-0.031171074976577007,-0.4014648564220402,0.13336614703382288,0.8513170177279381
2020-11-27,0.9841264879978724,0.13336614703382288,0.8513170177279381,3.953539596361,1696,1.1858928440697987,0.0,0.0,0.6333712779167773,-1.4274400997535963,-0.23655497782475443,0.34818319393619124,0.2081732584329199,-0.051233214114709824,-1.0181106418779007,0.34745552360121124,-1.7749024823844426
2020-11-30,-1.4274400997535954,0.34745552360121124,-1.7749024823844426,5.461321528224,1716,1.6108701668815246,-1.4274400997535963,0.0,0.9841264879978724,1.2081304605805032,1.8013362902279173,1.7513123765928507,-0.13648066795578506,2.2276990929429585,0.11596029345704029,0.4950257378475919,0.7132001852946452
2020-12-01,1.208130460580498,0.4950257378475919,0.7132001852946452,3.453405539155,1738,0.9777674591394705,-0.23655497782475443,-1.4274400997535963,-1.4274400997535954,0.586124678865052,0.5366979051390608,0.445782757560953,-0.6705950265100902,0.5307272164063903,0.5270104887156402,0.5200746653936329,0.06907129278920685
2020-12-02,0.5861246788650467,0.5200746653936329,0.06907129278920685,3.676992528048,1742,1.0380030053110103,0.0,-0.23655497782475443,1.208130460580498,-0.04913875933065803,-0.13952413591054036,-1.9035280172149394,-0.7017001877675622,-0.07119917041543689,-0.27923427005140944,0.1143333611529839,-0.16229041176112324
2020-12-03,-0.04913875933066264,0.1143333611529839,-0.16229041176112324,3.069376159301,1752,0.8554035529314649,-0.04913875933065803,0.0,0.5861246788650467,-0.09042981266789152,-1.855300929743009,-1.2008480055594184,-1.3003899473280178,-0.12843948055286658,-0.5699508353580018,-0.1161902332710838,0.02545409176782812
2020-12-04,-0.09042981266789213,-0.1161902332710838,0.02545409176782812,2.873618316853,1763,0.8037950257406293,-0.13952413591054036,-0.04913875933065803,-0.04913875933066264,-1.7664685312587691,-1.1114232508552258,-0.5629615190519854,-0.25886757947241046,-0.1250262180872208,-0.575664753162175,0.5325891288310818,-2.2819009442713516
2020-12-07,-1.7664685312587696,0.5325891288310818,-2.2819009442713516,2.807145889281,1755,0.7912064189282647,-1.9035280172149394,-0.13952413591054036,-0.09042981266789213,0.6668245258107053,1.22514888166243,0.565400870013133,2.367410818997784,1.2502969674631714,1.784132351303902,-0.452057616603885,1.1295641505412373
2020-12-08,0.6668245258107138,-0.452057616603885,1.1295641505412373,2.526416740629,1760,0.71623579630374,-1.2493966830786962,-1.9035280172149394,-1.7664685312587696,0.5546259738316905,-0.1007518179651945,0.8621376699004646,1.2094326380361453,-2.1310736939522346,2.0818911610138713,0.033328989465122874,0.5201884492220816
2020-12-09,0.5546259738316899,0.033328989465122874,0.5201884492220816,2.835805856092,1762,0.8127563387777359,-0.7017001877675622,-1.2493966830786962,0.6668245258107138,-0.6517629452149065,0.3058155635214721,1.1284369052108945,0.6349565083635378,-1.8778219128833595,2.7673490026642433,-0.31360722607454755,-0.3395237943944271
2020-12-10,-0.6517629452149036,-0.31360722607454755,-0.3395237943944271,3.170382488362,1744,0.9359078077096399,-1.3488897111720966,-0.7017001877675622,0.5546259738316899,0.9638605949377155,1.791878651499501,1.3115058219596687,1.1873911823458316,-0.3704092419880123,3.4625969827242864,0.31531465622526156,0.6442383920513823
2020-12-11,0.9638605949377129,0.31531465622526156,0.6442383920513823,3.423803941948,1742,1.0254406035424637,-0.39803053262953414,-1.3488897111720966,-0.6517629452149036,0.8201133075564027,0.3443264005293045,0.32813744945190404,0.13418873250896635,-0.9673730440661554,2.88457110194138,0.25333604731502224,0.5637455047748166
2020-12-14,0.8201133075563987,0.25333604731502224,0.5637455047748166,2.797579433089,1738,0.8382830174712884,0.0,-0.39803053262953414,0.9638605949377129,-0.47191665573287356,-0.48797391905690546,-0.5938464611928596,-1.091278799177442,-2.0657207569212632,1.591763684376435,0.07140875299045059,-0.5388570817979258
2020-12-15,-0.4719166557328754,0.07140875299045059,-0.5388570817979258,2.670567193876,1734,0.8068263385117349,-0.47191665573287356,0.0,0.8201133075563987,-0.01613339952352133,-0.12250794083740191,-0.20941659140901736,-3.300587944144806,-0.0036971061422308438,1.4673271770261787,0.5426395250329756,-0.5566517285053665
2020-12-16,-0.016133399523528106,0.5426395250329756,-0.5566517285053665,2.551580580678,1725,0.7787078497182369,-0.48797391905690546,-0.47191665573287356,-0.4719166557328754,-0.10639170591285607,-0.19331438006676693,-0.6062632868411466,-2.496924039548898,-0.2081833244359066,1.3491217719370008,0.06916540804031915,-0.17597094184719317
2020-12-17,-0.10639170591284822,0.06916540804031915,-0.17597094184719317,3.034437052285,1731,0.9383118609070177,-0.5938464611928596,-0.48797391905690546,-0.016133399523528106,-0.08701525116403541,-0.5004039692476314,-3.181978179252698,-1.5395202960876708,-0.4420791589805684,1.888765149548477,0.008301808503520813,-0.09312990094737818
2020-12-18,-0.08701525116403165,0.008301808503520813,-0.09312990094737818,3.4667670179,1733,1.0697969110202428,-0.6803449753671642,-0.5938464611928596,-0.10639170591284822,-0.4137487425911468,-3.097658363293687,-2.3080714935814317,-1.1000855856711844,-0.4512026566925287,2.266630444016471,0.29070163973285573,-0.7037733864117148
2020-12-21,-0.4137487425911517,0.29070163973285573,-0.7037733864117148,2.575514939445,1744,0.7945782979811776,-1.091278799177442,-0.6803449753671642,-0.08701525116403165,-2.6950603992163646,-1.9021930508197116,-1.04434225694634,-0.9851931618500398,0.5272432771355362,3.4866047607242656,-0.7674253922723574,-1.944707464148333
2020-12-22,-2.695060399216377,-0.7674253922723574,-1.944707464148333,2.617041536753,1747,0.8090075180514871,-3.7569285756321347,-1.091278799177442,-0.4137487425911517,0.8148274400555433,1.6964381757416325,2.06142879922504,3.4094218029973478,4.304701210056883,6.196531188079701,0.6166051548519955,0.19755476543739542
2020-12-23,0.8148274400555517,0.6166051548519955,0.19755476543739542,2.311404947536,1746,0.7249823574074296,-2.9727136205141336,-3.7569285756321347,-2.695060399216377,0.8744851903955242,1.2365258075859087,0.934781232616877,2.3473523194707635,4.734068287215809,6.199731281836485,0.3557466232362135,0.5172401663460992
2020-12-24,0.8744851903955136,0.3557466232362135,0.5172401663460992,2.115204037355,1737,0.6797193034120169,-2.1242243704828745,-2.9727136205141336,0.8148274400555517,0.3589020717251312,0.059773333274071305,1.6844086754498777,1.11460064018305,3.847256819534861,4.359352024835905,0.26248359672801264,0.10191110128603126
2020-12-25,0.3589020717251419,0.26248359672801264,0.10191110128603126,1.597390017362,1738,0.5203910870507226,-1.7729461840314986,-2.1242243704828745,0.8744851903955136,-0.29805899853037054,1.3207663459464891,1.0972586258008565,0.6561005970745715,3.88957080550989,4.566673471429117,0.2660603905989663,-0.5644573830810455
2020-12-28,-0.2980589985303742,0.2660603905989663,-0.5644573830810455,2.437903146265,1731,0.8259073219387623,-2.0657207569212632,-1.7729461840314986,0.3589020717251419,1.6236648235895546,1.3994889270116273,1.054197178116345,1.5274851179155613,3.7346314993748075,4.095657957076271,0.1876982549559253,1.4331980249355072
2020-12-29,1.6236648235895579,0.1876982549559253,1.4331980249355072,2.864032584434,1727,1.0226434815291716,-0.47559631461543406,-2.0657207569212632,-0.2980589985303742,-0.22059418637093708,-0.5603691290426815,-0.6560015018071352,0.8657619310212583,1.4710786705082857,0.6505930367290746,-0.21363742630730923,-0.004574826497669657
2020-12-30,-0.22059418637093597,-0.21363742630730923,-0.004574826497669657,2.512477685114,1714,0.9066558283101748,-0.695141363165741,-0.47559631461543406,1.6236648235895579,-0.34052612350327083,-0.4363699221154649,0.12622962133079785,2.3319762687119328,1.5605539093810572,1.932642930886197,0.5290349314358505,-0.8701980615960154
2021-01-04,-0.34052612350327305,0.5290349314358505,-0.8701980615960154,2.688976606058,1696,0.9911734034562089,-1.0333003487321468,-0.695141363165741,-0.22059418637093597,-0.09617128696762789,0.46835060098000536,1.4341676930746283,2.7025337211942224,2.34119424033683,3.9415789042862803,-0.4783553802487059,0.38498251637295866
2021-01-05,-0.09617128696763284,-0.4783553802487059,0.38498251637295866,2.7726526403,1688,1.0292327356753677,-1.1284778974561593,-1.0333003487321468,-0.34052612350327305,0.5650653185366616,1.531812143494582,2.7804793664732985,3.2123936743574832,2.7301516173381613,4.94302282678869,0.14499996359837847,0.42282070312774334
2021-01-06,0.565065318536661,0.14499996359837847,0.42282070312774334,2.967205125028,1681,1.1035202676876892,-0.5697892161453666,-1.1284778974561593,-0.09617128696763284,0.9613147685985979,2.2029658519281847,2.223768089004974,2.1739397749248157,2.9438402836038158,4.296071624267972,1.061595676496913,-0.10237548330564218
2021-01-07,0.9613147685985985,1.061595676496913,-0.10237548330564218,3.655877271867,1674,1.3556065560230777,0.0,-0.5697892161453666,0.565065318536661,1.2298285597562186,1.2504327259405201,1.6552265692724388,0.6001211192961486,1.8137533170368814,4.309945862202458,0.36567231692250707,0.862218484993083
2021-01-08,1.2298285597562206,0.36567231692250707,0.862218484993083,3.798623363423,1678,1.3796468568877984,0.0,0.0,0.9613147685985985,0.020353848739507185,0.420229902162772,-0.02840042533150955,-0.7538429213027165,1.3994137901731651,4.12691612595999,-0.08192667630307894,0.10142533611298869
2021-01-12,0.020353848739509794,-0.08192667630307894,0.10142533611298869,3.388566164133,1694,1.209566712208922,0.0,0.0,1.2298285597562206,0.39979467981887673,-0.048744352719187756,-0.642280323289679,-0.35183112603465183,0.4931234786403227,4.022698236602462,-0.02840081891332242,0.4263358969758859
2021-01-13,0.3997946798188856,-0.02840081891332242,0.4263358969758859,3.218878789364,1695,1.144538962347983,0.0,0.0,0.020353848739509794,-0.4467529380597801,-1.0379254324491494,-1.1691596649493596,-0.4672327032166468,0.6517522987815605,3.8898426136553033,-0.07972004487262521,-0.3638135422335609
2021-01-14,-0.4467529380597842,-0.07972004487262521,-0.3638135422335609,3.903126153968,1695,1.392912025176642,-0.4467529380597801,0.0,0.3997946798188856,-0.5938254269311272,-0.7256485832552673,-0.3032345830501937,0.7535194496512299,0.34802886218729956,4.4824897302895295,0.12034127787082959,-0.7103408388287973
2021-01-15,-0.5938254269311244,0.12034127787082959,-0.7103408388287973,3.373967456668,1702,1.1807776522404496,-1.0379254324491494,-0.4467529380597801,-0.4467529380597842,-0.13261063197561596,0.29232675447874445,0.5766782191322761,1.206392382273136,-0.8085906294969636,5.404720425724152,-0.5748113054925933,0.4477753135470347
2021-01-18,-0.13261063197561065,-0.5748113054925933,0.4477753135470347,2.373106499553,1703,0.8204113238845433,-1.1691596649493596,-1.0379254324491494,-0.5938254269311244,0.4255016468773576,0.7102306925177215,1.489980052044948,2.1696121793093326,0.3663715952525459,5.629642318291328,0.4024855829761261,0.02331577710233474
2021-01-19,0.4255016468773631,0.4024855829761261,0.02331577710233474,2.72854519416,1701,0.9462098222766058,-0.7486328117009777,-1.1691596649493596,-0.13261063197561065,0.2835226520864653,1.0599682229226692,0.9114013577848912,0.8479379141865362,1.563773684515679,5.44509570693914,0.26112724698618567,0.022522242174715656
2021-01-20,0.283522652086458,0.26112724698618567,0.022522242174715656,2.9519893963,1703,1.02915472544807,-0.4672327032166468,-0.7486328117009777,0.4255016468773631,0.7742503955808555,0.6261035602795229,1.4490896076360782,1.1242378087023885,2.1540620495658303,3.650091877093109,0.47986343713016644,0.2961205081396878
2021-01-21,0.7742503955808626,0.47986343713016644,0.2961205081396878,3.076064600119,1693,1.0821214510843709,0.0,-0.4672327032166468,0.283522652086458,-0.14700862047576368,0.6696544101357338,-0.2098064272773481,-0.4024579882458079,1.313562168400595,1.9703805648742412,-0.33245306044127587,0.18625671347621986
2021-01-22,-0.14700862047575985,-0.33245306044127587,0.18625671347621986,2.862835169856,1695,0.9983204058575663,-0.14700862047576368,0.0,0.7742503955808626,0.8178653631992772,-0.06289026090655625,0.4950348178039743,-1.990964171669296,2.4517243140940836,3.396362363202532,0.5027534353181266,0.31367471388458756
2021-01-25,0.8178653631992743,0.5027534353181266,0.31367471388458756,2.623014441892,1685,0.9107874536315416,0.0,-0.14700862047576368,-0.14700862047575985,-0.8736106650670372,-0.3202116452597936,-1.0649807081026363,-1.7649480560737119,2.6898600631270586,0.9910010200089081,-0.016883054890306885,-0.8563346726372484
2021-01-26,-0.873610665067033,-0.016883054890306885,-0.8563346726372484,2.808649000332,1688,0.9699975264168003,-0.8736106650670372,0.0,0.8178653631992743,0.5582761800567493,-0.1930566061364214,-1.9292872445444753,0.7098169631770457,3.512255003908149,2.697601169883379,0.48148842776711137,0.07663132507686805
2021-01-27,0.5582761800567586,0.48148842776711137,0.07663132507686805,3.090606100297,1696,1.0547445088659135,-0.3202116452597936,-0.8736106650670372,-0.873610665067033,-0.7471615611706062,-2.473753050566474,-1.4493774863088449,1.0183752809208357,3.21712264408629,-0.27470205043949036,-1.9129356409421658,1.1913126708779016
2021-01-28,-0.7471615611706051,-1.9129356409421658,1.1913126708779016,5.391904310681,1696,1.7943975815564648,-1.0649807081026363,-0.3202116452597936,0.5582761800567586,-1.739589029949995,-0.7075021089407163,0.904619997979994,1.7229543239569933,4.120121655583553,2.1621098936730254,0.30754596207236445,-2.035873804233811
2021-01-29,-1.7395890299499934,0.30754596207236445,-2.035873804233811,3.900125774188,1710,1.2371317435098346,-2.7860434504833886,-1.0649807081026363,-0.7471615611706051,1.0503588483095738,2.6910217470349718,3.5807061593357004,4.532937650305047,6.2639608557359505,3.447075506070707,-0.24319761154686836,1.3019682309987888
2021-02-01,1.050358848309578,-0.24319761154686836,1.3019682309987888,3.049709268549,1709,0.951737526825798,-1.7649480560737119,-2.7860434504833886,-1.7395890299499934,1.6236091760824412,2.504045843938596,2.447774489029708,4.534845791849973,5.244057984146289,2.4933165952646164,0.535784783277186,1.0839788855881398
2021-02-02,1.623609176082431,0.535784783277186,1.0839788855881398,3.049445557592,1706,0.9437439904644852,-0.16999473858276826,-1.7649480560737119,1.050358848309578,0.8663702017615016,0.8109978769984982,1.793648433849837,2.7826860630238093,3.8215614501287742,0.02726885456880712,0.47634330391630686,0.39033607656066793
2021-02-03,0.8663702017614948,0.47634330391630686,0.39033607656066793,3.263561597695,1713,1.0044062499081152,0.0,-0.16999473858276826,1.623609176082431,-0.054896715974062094,0.9193135732291191,1.98119004102848,2.176581594240634,1.46448393486438,-0.7715983759627787,-0.048480265507895096,-0.005706093821171007
2021-02-04,-0.054896715974067395,-0.048480265507895096,-0.005706093821171007,3.244708505377,1718,0.9911168535986058,-0.054896715974062094,0.0,0.8663702017614948,0.9747453924127347,2.037205115708729,1.9558264748366083,2.356564796567251,0.6483025395769726,-0.8818388743144223,0.6083331829162432,0.3609651792306325
2021-02-05,0.9747453924127424,0.6083331829162432,0.3609651792306325,3.690246800926,1731,1.1224521177988833,0.0,-0.054896715974062094,-0.054896715974067395,1.0522034189509588,0.971610355253838,1.2458150739394602,1.6559595897148727,0.922032357613034,-0.27609187094499443,0.4563196255291221,0.5944690318859943
2021-02-08,1.0522034189509684,0.4563196255291221,0.5944690318859943,3.964268506916,1727,1.2051705911274853,0.0,0.0,0.9747453924127424,-0.07975389053417326,0.19159567870656868,0.31298356368774094,0.678445724891108,-1.6543590984288148,-1.1487911703969123,0.23534465121536716,-0.312519555475134
2021-02-09,-0.07975389053417849,0.23534465121536716,-0.312519555475134,3.781214708146,1732,1.1466336338894563,-0.07975389053417326,0.0,1.0522034189509684,0.2715661538137848,0.39305092762849103,0.6777640091638171,1.0107494042994158,-0.7870119668381359,0.05417046860141106,-0.15039116750821274,0.4255205581263892
2021-02-10,0.271566153813781,-0.15039116750821274,0.4255205581263892,3.385557598634,1740,1.0205767461791497,0.0,-0.07975389053417326,-0.07975389053417849,0.12115575578857118,0.40509774697936596,0.48591904628982885,-0.6969284431574629,-3.382989764756683,0.8382658376687724,0.27154439074244835,-0.14793175843561165
2021-02-12,0.12115575578857704,0.27154439074244835,-0.14793175843561165,3.552530521155,1733,1.0682270817711794,0.0,0.0,0.271566153813781,0.28359839541143295,0.36432189355761757,0.615280112481309,-1.6689327747423377,-1.880531573318156,1.7293892623727825,0.4004649225029762,-0.11159053621616614
2021-02-15,0.2835983954114305,0.4004649225029762,-0.11159053621616614,3.25151896872,1730,0.9828954571785957,0.0,0.0,0.12115575578857704,0.08049521500803625,0.3307437331497409,-1.0975799186152213,-0.7219716729486181,-2.650837901185954,2.3907829815334125,0.21599760599101916,-0.13646096169678695
2021-02-16,0.08049521500804553,0.21599760599101916,-0.13646096169678695,3.823060133638,1740,1.157808341568139,0.0,0.0,0.2835983954114305,0.2500472420765787,-1.1771276022289223,-2.0258739659062663,-2.3170846614919305,-2.6136785691939446,2.7230090244013905,-0.09033261281039995,0.3404663097212919
2021-02-17,0.2500472420765747,-0.09033261281039995,0.3404663097212919,3.384024020093,1748,1.0028289450629666,0.0,0.0,0.08049521500804553,-1.4236151339253489,-2.2702445241617797,-1.0492450937055642,-1.7797723328850323,-3.6546287134995303,3.4796660007371027,0.13743711796822788,-1.555690565040148
2021-02-18,-1.423615133925344,0.13743711796822788,-1.555690565040148,3.4781067227,1759,1.020795344419251,-1.4236151339253489,0.0,0.2500472420765747,-0.8588561970361064,0.37977659733454683,-1.1535356457506807,-2.7049126270597523,-2.203807898202703,5.368179857254263,-0.658701009143758,-0.1948497443566698
2021-02-19,-0.8588561970361088,-0.658701009143758,-0.1948497443566698,3.040941312301,1771,0.8856532066576707,-2.2702445241617797,-1.4236151339253489,-1.423615133925344,1.2493630261441568,-0.2972322462813537,0.501865771472243,-0.2151901779842258,-1.5202853652595993,5.910850602016726,1.0561655137263177,0.1865919121010485
2021-02-22,1.2493630261441482,1.0561655137263177,0.1865919121010485,2.989280882605,1774,0.8710529805701711,-1.0492450937055642,-2.2702445241617797,-0.8588561970361088,-1.5275111133550179,-0.738273538055656,-3.073018618848178,-1.9428933679898175,-1.187178062677663,3.1900723760021066,-0.11626594721467799,-1.4217912805216866
2021-02-24,-1.5275111133550179,-0.11626594721467799,-1.4217912805216866,4.08352015484,1769,1.1877176238142868,-2.5607288716478993,-1.0492450937055642,1.2493630261441482,0.801480275580202,-1.569481509980164,0.08228665075757924,-0.30362925458786716,0.5140725337668073,2.1171154727990915,1.312731049738578,-0.5028405678322542
2021-02-25,0.8014802755802113,1.312731049738578,-0.5028405678322542,3.371857129451,1780,0.9603286867248302,-1.7797723328850323,-2.5607288716478993,-1.5275111133550179,-2.352110087151915,-0.7134752613319195,-1.2135793652511162,-1.908829194500239,0.8478551569864656,2.6346449619493617,-1.4018474127005793,-0.9530566996768147
2021-02-26,-2.3521100871519063,-1.4018474127005793,-0.9530566996768147,4.46601175756,1778,1.2618313960666,-4.090020215466817,-1.7797723328850323,0.8014802755802113,1.6781057197267524,1.1659552735004741,1.2860363582466006,0.5150360027287526,4.3690604709745395,6.807341808317502,1.0695407847993093,0.6023843344458591
2021-03-01,1.6781057197267437,1.0695407847993093,0.6023843344458591,2.954920682109,1796,0.8189732262894446,-2.480549358913786,-4.090020215466817,-2.3521100871519063,-0.5036978635676093,-0.38559860916459465,-1.20394377415729,-1.3079096804445856,3.679107616026678,4.798676325667173,0.68724324743613,-1.1775424543378992
2021-03-02,-0.5036978635676074,0.68724324743613,-1.1775424543378992,3.235106676148,1776,0.9279669396962561,-2.971752748355816,-2.480549358913786,1.6781057197267437,0.11869712930745457,-0.7037908902679413,-0.6434173126838694,0.770688970202027,5.17890526638729,4.832490393808864,0.1831243662008129,-0.06531623190034491
2021-03-03,0.11869712930745906,0.1831243662008129,-0.06531623190034491,2.945729235829,1769,0.8530977874692798,-2.856583004250768,-2.971752748355816,-0.5036978635676074,-0.821512907337496,-0.7612109064973338,-0.925881256527683,0.8201921316100647,5.479914956421372,4.074204823730954,-0.8154226549438045,-0.006660819819734533
2021-03-04,-0.8215129073374983,-0.8154226549438045,-0.006660819819734533,3.444210798601,1775,0.9989646165280756,-3.6546287134995303,-2.856583004250768,0.11869712930745906,0.06080149295262238,-0.10523285064096832,1.4849306672327423,2.8103287266830757,7.40491693474461,4.951757943949997,-0.3983577677902566,0.46151447531417644
2021-03-05,0.06080149295262771,-0.3983577677902566,0.46151447531417644,3.918529979545,1783,1.1300673955201077,-3.5960492893665985,-3.6546287134995303,-0.8215129073374983,-0.16593345357650557,1.4232638086358218,1.5935331865218672,3.8342765634995724,7.74262023164991,5.452519131974398,1.1349902262170388,-1.2759249008546711
2021-03-08,-0.16593345357649644,1.1349902262170388,-1.2759249008546711,3.610045782699,1791,1.031362898871469,-3.756015694164938,-3.5960492893665985,0.06080149295262771,1.5918386550680452,1.7623910364106044,2.918632937964394,5.05310737701854,7.5458544887526235,6.350654493016816,0.5180645269338855,1.072397143571221
2021-03-09,1.5918386550680554,0.5180645269338855,1.072397143571221,3.861534066991,1793,1.0974837636344066,-2.223966748807027,-3.756015694164938,-0.16593345357649644,0.1678800025675553,1.3060047937523578,2.3771792233119315,4.374502488008947,4.429840533707541,3.3585153048878436,0.2576483322924468,-0.0846286665305083
2021-03-10,0.16788000256755453,0.2576483322924468,-0.0846286665305083,3.360116104467,1801,0.9526572965505952,-2.0598203416744787,-2.223966748807027,1.5918386550680554,1.1362173095363914,2.2055964653417304,3.233725453080716,4.621815061340628,1.5948442826190012,4.387535141387189,0.18573783006085198,0.9505434768183795
2021-03-11,1.1362173095364025,0.18573783006085198,0.9505434768183795,3.283505192824,1787,0.9389784590311598,-0.9470070674055475,-2.0598203416744787,0.16788000256755453,1.0573651894972613,2.073943636951281,3.0289395979080425,4.468994764403544,1.7717677804663934,1.9943048201544356,0.3117639915212942,0.7420794451977777
2021-03-12,1.0573651894972549,0.3117639915212942,0.7420794451977777,4.14791162188,1783,1.1946731530288133,0.0,-0.9470070674055475,1.1362173095364025,1.0059419672656,1.950945786795244,2.364076605940313,3.764020704434934,2.336210871631872,1.3991662511225744,0.4134094050392281,0.5892180770813734
2021-03-15,1.0059419672656014,0.4134094050392281,0.5892180770813734,3.347913331343,1792,0.953788014883024,0.0,0.0,1.0573651894972549,0.9355923039021885,1.3446086559094406,2.3463883554561082,2.372844720135703,1.0798402256574136,0.21632762096317482,0.0803499820619429,0.8551193046667479
2021-03-16,0.9355923039021866,0.0803499820619429,0.8551193046667479,3.303259034449,1791,0.9438173576571945,0.0,0.0,1.0059419672656014,0.40522509718450284,1.3977190992313426,1.7783796939277785,0.05301873961502945,-0.3293577468799991,-0.47926961996602735,-0.30428057991523744,0.7146350388908204
2021-03-17,0.4052250971844972,-0.30428057991523744,0.7146350388908204,2.984469570148,1786,0.8521020035550041,0.0,0.0,0.9355923039021866,0.9884883989714544,1.367612686903663,1.014593748856818,-2.8932501094029894,-1.3326803811618437,-1.1026415157439073,0.5637097411363405,0.4229863412769266
2021-03-18,0.9884883989714612,0.5637097411363405,0.4229863412769266,3.938393609082,1784,1.1380832374296466,0.0,0.0,0.4052250971844972,0.3754133703184337,0.025849827340951315,-1.326164307799027,-2.58184448890304,-2.284028572253416,-2.06678839592781,-0.6098407739282957,0.9930684315559865
2021-03-19,0.3754133703184395,-0.6098407739282957,0.9930684315559865,5.109320480641,1789,1.464715501691587,0.0,0.0,0.9884883989714612,-0.348256142854253,-1.6952136195342637,-4.203376880806376,-1.376016294578719,-2.125529428142492,-2.1396923138379265,-0.2503225044755273,-0.09857172250570713
2021-03-22,-0.34825614285425815,-0.2503225044755273,-0.09857172250570713,3.59125919599,1814,1.0060031801505644,-0.348256142854253,0.0,0.3754133703184395,-1.3516647321404784,-3.8685933519423177,-2.607020405970295,-1.2630346436235729,-1.1113399037252614,-1.7750541305048495,0.2561245108734351,-1.603088509842737
2021-03-23,-1.3516647321404802,0.2561245108734351,-1.603088509842737,3.392301084908,1819,0.9430013821628872,-1.6952136195342637,-0.348256142854253,-0.34825614285425815,-2.551415199220164,-1.2725563694725772,0.32470171261058667,-0.3821738627298732,-1.0258803646012615,-1.6306024649364037,-0.8874191328837937,-1.6809467609583897
2021-03-24,-2.551415199220162,-0.8874191328837937,-1.6809467609583897,3.763810969702,1827,1.040446542124289,-4.203376880806376,-1.6952136195342637,-1.3516647321404802,1.3123421262217771,2.9514198874314834,2.710413588202054,1.607066172021332,2.748850966294536,-1.4128362043759335,0.4744476447445967,0.8367717663277308
2021-03-25,1.3123421262217705,0.4744476447445967,0.8367717663277308,3.15276176006,1821,0.875399897298047,-2.9461974401152946,-4.203376880806376,-2.551415199220162,1.6178460854923582,1.3799616440003826,0.9018591730935777,0.3057088435796773,0.21866284190730223,-1.4080990122087855,0.9541800618345571,0.6575062318067897
2021-03-26,1.6178460854923489,0.9541800618345571,0.6575062318067897,3.283580639967,1817,0.9145048996499269,-1.376016294578719,-2.9461974401152946,1.3123421262217705,-0.2340971105526557,-0.7045877667948286,-1.3058136710305535,-0.7599704508007843,-0.9156530347646963,-3.494738065678493,0.8806187826093195,-1.1049436659463754
2021-03-29,-0.23409711055266055,0.8806187826093195,-1.1049436659463754,4.259245945067,1811,1.20609530181781,-1.606892190745024,-1.376016294578719,1.6178460854923489,-0.4715946456812281,-1.0742313049233676,-1.0596303085939063,0.15363520577202916,-0.8542876628677587,-2.997360726063314,-0.5861759156924528,0.12036513613441284
2021-03-30,-0.47159464568123594,-0.5861759156924528,0.12036513613441284,3.140233115704,1828,0.8730993824591968,-2.070908818892836,-1.606892190745024,-0.23409711055266055,-0.6054921276963721,-0.5908219475829868,-0.055775672571745094,-0.6461760177183362,-0.15040725101912455,-2.895686615839088,-0.4123895753394637,-0.19654964910696837
2021-03-31,-0.6054921276963721,-0.4123895753394637,-0.19654964910696837,3.38316491823,1832,0.9418855548304359,-2.6638617567190437,-2.070908818892836,-0.47159464568123594,0.014759548014708912,0.5530652215018472,1.2411998682366532,1.1237257774377118,0.23314595583074915,-2.7332104641908384,0.5380083484862787,-0.5151371922409664
2021-04-01,0.014759548014700702,0.5380083484862787,-0.5151371922409664,3.258997019743,1836,0.9018253736068583,-2.6494953826593726,-2.6638617567190437,-0.6054921276963721,0.5382262337277455,1.226259329887358,-0.055683057862288,-0.08678070538150617,0.2223179825687316,-3.0441792722244454,0.7557384149563537,-0.2148780568850817
2021-04-02,0.5382262337277423,0.7557384149563537,-0.2148780568850817,2.739913015806,1839,0.7601330512870323,-2.125529428142492,-2.6494953826593726,0.014759548014700702,0.6843497462946102,-0.5907298286816243,0.5675217902893159,-0.15687478598214177,-0.014470459572024641,-2.7503830298367116,0.4786147672436796,0.20428355486301442
2021-04-05,0.6843497462946126,0.4786147672436796,0.20428355486301442,2.549511559975,1830,0.7190661764216936,-1.4557257370967913,-2.125529428142492,0.5382262337277423,-1.2664128816337272,-0.1160338784524817,-1.297133810891693,-1.0063767196956341,-0.671173242850509,-2.7598266055994136,0.21892342788716326,-1.4809936491142743
2021-04-06,-1.2664128816337237,0.21892342788716326,-1.4809936491142743,2.980151869213,1840,0.8532857771302331,-2.7037031204746764,-1.4557257370967913,0.6843497462946126,1.165134415507585,-0.031114973287793557,0.43643318369785966,0.49899314070449563,-0.6109901280888508,-1.118146034227152,0.13802590923287178,1.0267138832513867
2021-04-07,1.1651344155075776,0.13802590923287178,1.0267138832513867,3.054239460053,1834,0.88567418569952,-1.5700704805168941,-2.7037031204746764,-1.2664128816337237,-1.182472000563084,-0.7203086676253467,-0.8913771407111581,-0.8806833557211124,-4.050349110021346,-4.249333984312653,-0.3352803290089372,-0.8493859298101276
2021-04-08,-1.182472000563087,-0.3352803290089372,-0.8493859298101276,2.958511131147,1834,0.8617364470714909,-2.733976837258756,-1.5700704805168941,1.1651344155075776,0.4676936797491704,0.2945781641629175,0.5302731083283163,0.30936715895300004,-1.623212491551862,-4.856175340410207,0.3471193085346648,0.1212180776286944
2021-04-09,0.4676936797491672,0.3471193085346648,0.1212180776286944,3.280194721157,1831,0.9599780954103292,-2.2790697943832483,-2.733976837258756,-1.182472000563087,-0.17230963431694724,0.06228811102066967,-0.16153826219992284,0.1426280738958008,-2.602918735306081,-7.06882285387117,0.47093123356600464,-0.6389270780262652
2021-04-12,-0.17230963431694704,0.47093123356600464,-0.6389270780262652,2.416780108525,1814,0.7163883099206553,-2.4474523718716723,-2.2790697943832483,0.4676936797491672,0.235002677592,0.010789964265001117,0.014745557597195535,0.33861118094038467,-2.161538822685849,-5.2795173117954235,0.07419993066281631,0.16214633620061053
2021-04-13,0.23500267759199253,0.07419993066281631,0.16214633620061053,2.665109297867,1802,0.8010535991157092,-2.2182012728863443,-2.4474523718716723,-0.17230963431694704,-0.22368704278703522,-0.21974072341102158,0.08028995178082088,-1.1044720291270127,-2.7494146838650813,-6.489517210298046,-0.14536241126332622,-0.07918933625913478
2021-04-14,-0.22368704278703241,-0.14536241126332622,-0.07918933625913478,2.663051406033,1795,0.8081859269200093,-2.436926486843005,-2.2182012728863443,0.23500267759199253,0.003955166571145696,0.3046584761036586,0.3277858486994578,-3.1978284976233007,-2.9594565667217188,-4.700036331958913,-0.10706255762328115,0.11385197050060127
2021-04-15,0.0039551665711445244,-0.10706255762328115,0.11385197050060127,2.396687349991,1793,0.7309142826864655,-2.433067704773617,-2.436926486843005,-0.22368704278703241,0.3006914166861163,0.32381787459196953,-0.8866797021077399,-1.926619323041323,-3.259251352938475,-4.845341421341221,0.2465772140427138,0.05513737216390487
2021-04-16,0.3006914166861246,0.2465772140427138,0.05513737216390487,2.466379678432,1786,0.7702763679735911,-1.7976967603815952,-2.433067704773617,0.0039551665711445244,0.023057127103731645,-1.1838114992259396,-3.491848760505367,-2.7416364659173187,-2.736308526683806,-4.5036787116895844,0.09461819309052504,-0.07180601896197035
2021-04-19,0.023057127103741002,0.09461819309052504,-0.07180601896197035,2.502633365763,1755,0.8152446687375637,-0.7514523505210757,-1.7976967603815952,0.3006914166861246,-1.206590421242626,-3.51409563811127,-2.2431734012021143,-2.491712785537492,-2.10276656932179,-3.9735224141256853,-0.7052419469586642,-0.5004605299820964
2021-04-20,-1.206590421242613,-0.7052419469586642,-0.5004605299820964,2.956523814502,1733,0.9804868906631545,-1.9489758196821083,-0.7514523505210757,0.023057127103741002,-2.335687397274322,-1.0492430460486646,-1.5764876082820956,-1.6633134869582178,-0.510273627629354,-2.6940391928568452,-1.3987629972809752,-0.9483240813620738
2021-04-21,-2.335687397274333,-1.3987629972809752,-0.9483240813620738,3.28676526224,1718,1.0979401876407895,-4.2391412343602,-1.9489758196821083,-1.206590421242613,1.3172102653899787,0.7773564045655768,1.059618873176671,0.24624647071656014,-0.2073846777404964,-0.08596453251387137,1.2088237920650293,0.1084992828762607
2021-04-22,1.317210265389975,1.2088237920650293,0.1084992828762607,2.73814139703,1710,0.9220195046117616,-2.977769372473593,-4.2391412343602,-2.335687397274333,-0.5328352995609631,-0.254242484113576,-0.6205818528455698,-1.3588111480389076,-3.2863065879038866,-1.3930717382329871,-0.5122558175463423,-0.01054854430187897
2021-04-23,-0.5328352995609469,-0.5122558175463423,-0.01054854430187897,2.474552859055,1703,0.8391185546606679,-3.4166779177258744,-2.977769372473593,1.317210265389975,0.2800852083060912,-0.08821660248271579,-0.5270131632714281,0.005478129633185169,-4.585254568797803,-1.6234169307241975,0.34701140440141254,-0.06745882233536538
2021-04-26,0.2800852083060999,0.34701140440141254,-0.06745882233536538,2.481596597716,1683,0.8532105935264055,-3.1461623188827947,-3.4166779177258744,-0.5328352995609469,-0.36727313306900156,-0.8048441222411995,-1.1073841047820165,0.39888529203702117,-3.186863787093719,-0.6187468874433111,0.1749208788295888,-0.535420804074618
2021-04-27,-0.367273133068985,0.1749208788295888,-0.535420804074618,2.723783612341,1651,0.9659982442700049,-3.5018804430317907,-3.1461623188827947,0.2800852083060999,-0.43918399398685803,-0.7428392205921508,0.09377745940448712,1.172542923922859,-3.8458406335292628,-1.0224864706438908,-0.09533500872691615,-0.3438152220660583
2021-04-28,-0.4391839939868578,-0.09533500872691615,-0.3438152220660583,3.018760488401,1636,1.0785777337924696,-3.925684738624302,-3.5018804430317907,-0.367273133068985,-0.3049947145742138,0.5353124600336212,1.213496166850736,-0.452516841704953,-1.7936624256787659,-0.3889370258285285,0.08864483717529675,-0.4011699238050173
2021-04-30,-0.30499471457419974,0.08864483717529675,-0.4011699238050173,3.433160904378,1632,1.234677181556726,-4.218706322234855,-3.925684738624302,-0.4391839939868578,0.8428779076765647,1.5231363668395614,1.92971683803429,-1.9540472517598384,-1.6395263532529292,0.4264636968392965,0.6222893464050717,0.22280843006216577
2021-05-06,0.8428779076765586,0.6222893464050717,0.22280843006216577,3.787547999634,1620,1.357873871607251,-3.411386958138174,-4.218706322234855,-0.30499471457419974,0.67457263544759,1.0777547734732051,-0.9825694848576427,-4.590481225918641,-1.8170914122569992,0.23784013732075504,0.2692298037669729,0.4028570777395524
2021-05-07,0.6745726354475904,0.2692298037669729,0.4028570777395524,2.948278044757,1628,1.0375035173182598,-2.6468639860873555,-3.411386958138174,0.8428779076765586,0.4004806054509702,-1.6460383957187519,-3.4250159550184622,-3.5715028794399695,-1.9109384190397871,-0.5987549922133573,0.293115095053032,0.1110251064931176
2021-05-10,0.40048060545097797,0.293115095053032,0.1110251064931176,2.882933141484,1632,1.0074400185583166,-2.256983557553338,-2.6468639860873555,0.6745726354475904,-2.0383557815943476,-3.8102372990650113,-5.6077976920787425,-4.9602228158144746,-2.1949658973370645,-0.6699855144379985,-0.6037814860147007,-1.4458912983134187
2021-05-11,-2.038355781594332,-0.6037814860147007,-1.4458912983134187,3.577364576027,1625,1.2522359641168803,-3.7141926199371733,-2.256983557553338,0.40048060545097797,-1.8087502834479352,-3.6437137605880965,-1.957688792921386,-1.3472420812901897,0.12167247529741854,2.1135856383190044,-0.06224906288781694,-1.7466229425285105
2021-05-12,-1.8087502834479203,-0.06224906288781694,-1.7466229425285105,4.125385573559,1629,1.4309658678666048,-5.455762433844191,-3.7141926199371733,-2.038355781594332,-1.8687647651263628,-0.1516820591482393,-1.195538365475446,0.320789272469546,1.9575664860650654,4.044754906718895,-1.2386368721904397,-0.636595008287114
2021-05-13,-1.8687647651263655,-1.2386368721904397,-0.636595008287114,3.670597534725,1637,1.2479585929855919,-7.222571832937863,-5.455762433844191,-1.8087502834479203,1.7497820157550636,0.6860470043402289,2.3833127748323246,2.906827169130466,3.1041718181905154,6.044538029514612,1.2831486847029294,0.4636937134380474
2021-05-14,1.7497820157550672,1.2831486847029294,0.4636937134380474,3.380693933966,1648,1.1418170931020144,-5.599169080190536,-7.222571832937863,-1.8687647651263655,-1.0454420543624554,0.6226359865608044,0.47318907454971804,1.7220681748508992,2.652653348614553,3.968902994920276,0.5952150679532417,-1.62398076986657
2021-05-17,-1.0454420543624587,0.5952150679532417,-1.62398076986657,2.978686059423,1664,0.989926450897773,-6.586075066293828,-5.599169080190536,1.7497820157550672,1.6857010688074103,1.5346752695782673,2.2056483801519366,2.9095784948215853,2.936278764733169,5.430785087200762,0.2894912655736587,1.3955089286261815
2021-05-18,1.685701068807419,0.2894912655736587,1.3955089286261815,3.237177755471,1667,1.0702559754677796,-5.01139553527139,-6.586075066293828,-1.0454420543624587,-0.14852215959739734,0.5113278522736353,1.0926290863985555,1.48897464964739,1.4303816174665585,4.107672106972826,-0.9449863484947821,0.8072130050090262
2021-05-19,-0.14852215959740175,-0.9449863484947821,0.8072130050090262,3.004191878139,1668,0.9838897945649075,-5.152474661993834,-5.01139553527139,1.685701068807419,0.660831493075853,1.242997372537391,1.3541218520598086,1.6315433974009697,2.1004271060263813,4.510279523280358,-0.17677544465243195,0.8417992857703634
2021-05-20,0.660831493075855,-0.17677544465243195,0.8417992857703634,2.661141598968,1668,0.8629541738589538,-4.525692344157195,-5.152474661993834,-0.14852215959740175,0.5783440001700946,0.6887389550638057,0.9726732481443845,0.1917702201970517,2.0929625931190854,3.2802626471688523,0.37360975259561385,0.20685547834328935
2021-05-21,0.5783440001700895,0.37360975259561385,0.20685547834328935,2.864855024564,1673,0.9260898321421048,-2.80072527578602,-4.525692344157195,0.660831493075855,0.1097601635731138,0.39206178218007537,0.3837757029593547,0.9148311575459145,1.3377469471897996,1.5195132605221984,0.06063097004572624,0.049835340320780755
2021-05-24,0.1097601635731163,0.06063097004572624,0.049835340320780755,2.535009636066,1670,0.8146946948116665,-2.1949658973370645,-2.80072527578602,0.5783440001700895,0.2819921036127937,0.27371510923461795,-0.49356933061655006,0.025945369033797405,1.5592043874739003,-0.530245408958141,0.4091889640223979,-0.12899751851889615
2021-05-25,0.28199210361278576,0.4091889640223979,-0.12899751851889615,2.581646404784,1669,0.8353406721413837,-1.9191634242317623,-2.1949658973370645,0.1097601635731163,-0.008253719540807225,-0.7733805621133016,0.5207278006702287,-0.05773339654195908,1.9894924982531093,1.7852921240163244,-0.27493846345398326,0.2672675240451809
2021-05-26,-0.0082537195407985,-0.27493846345398326,0.2672675240451809,2.824176164982,1660,0.9243606329855502,-1.9272587414059905,-1.9191634242317623,0.28199210361278576,-0.7651899992089928,0.5290251844660476,-0.247093408208654,0.46135647747862496,2.0471147876397255,1.6257897144682953,-0.14351413438660077,-0.6216679350550472
2021-05-27,-0.7651899992089882,-0.14351413438660077,-0.6216679350550472,6.098200161173,1664,1.9931514004244886,-2.677701549466871,-1.9272587414059905,-0.0082537195407985,1.3041947514836005,0.5220915835846496,0.7212249793709047,1.8975534305299302,2.8518401917907,2.0416010677466456,1.0224220968942181,0.2775201332419293
2021-05-28,1.304194751483593,1.0224220968942181,0.2775201332419293,3.649657153745,1685,1.126173453343828,-1.4084292410518118,-2.677701549466871,-0.7651899992089882,-0.7720343366013571,-0.5754645930929225,-0.0673126063475249,0.4190818978665689,1.2822363605504261,1.5748274743090374,-0.04575427315701428,-0.7245673179610672
2021-05-31,-0.7720343366013488,-0.04575427315701428,-0.7245673179610672,2.643585645691,1691,0.8012899455480924,-2.169590020305512,-1.4084292410518118,1.304194751483593,0.19809913686554825,0.7102047548212198,1.3683179739665485,1.5328613119159673,2.423350010708014,2.9979133638448507,0.39647022119943204,-0.19709178223639198
2021-06-01,0.1980991368655563,0.39647022119943204,-0.19709178223639198,2.490386623652,1685,0.7557728013337002,-1.9757888225437115,-2.169590020305512,-0.7720343366013488,0.5110931468432112,1.1679052269270462,1.0003028798567515,2.0484085106032834,2.6395350651478244,2.006078794552235,0.09302072797403123,0.4182211436309774
2021-06-02,0.511093146843213,0.09302072797403123,0.4182211436309774,3.214304864599,1676,0.9833486207061986,-1.474793796968621,-1.9757888225437115,0.1980991368655563,0.6534722283084271,0.4867221295651758,0.8168552125352946,1.5784759093080636,2.3602765292563,1.3478361108435477,0.11575768685645549,0.5364416892621953
2021-06-03,0.6534722283084222,0.11575768685645549,0.5364416892621953,3.024364740538,1670,0.9283483044071685,-0.8309589365481873,-1.474793796968621,0.511093146843213,-0.1656675075898284,0.16232225338066453,0.8703385542096598,0.9365158722003608,1.1629597416833226,0.14226842517304217,-0.11760710763220898,-0.0469160754853684
2021-06-04,-0.16566750758983298,-0.11760710763220898,-0.0469160754853684,2.781423770911,1675,0.8638949797330833,-0.9952498151787448,-0.8309589365481873,0.6534722283084222,0.32853403511805546,1.0377252353324984,1.0864657106987918,0.8595522348648243,0.17936683892045835,1.2154930480037685,0.5898925503443764,-0.25735295004367315
2021-06-07,0.32853403511806495,0.5898925503443764,-0.25735295004367315,2.603454796515,1688,0.8107195290160462,0.0,-0.9952498151787448,-0.16566750758983298,0.7068688953096869,0.7554497659812531,0.7729389668714282,0.8770448180874357,-2.0573711748078094,0.6409089962749359,0.1381437510108168,0.5679632326432508
2021-06-08,0.7068688953096944,0.1381437510108168,0.5679632326432508,2.600848854987,1681,0.8134477511494648,0.0,0.0,0.32853403511806495,0.04823987797899498,0.0656063208860358,-0.1763430441972802,0.5792609244690938,-0.20021707063626604,0.14091370271871462,0.1594348996522929,-0.11047298529621975
2021-06-09,0.048239877978999764,0.1594348996522929,-0.11047298529621975,2.663159848101,1672,0.8458532020587783,0.0,0.0,0.7068688953096944,0.017358069395534415,-0.2244746358858296,0.12068335002084485,0.7696518508963024,-0.41287308715017845,-0.6886307693409588,-0.13308551547956604,0.15226285327113448
2021-06-10,0.017358069395530022,-0.13308551547956604,0.15226285327113448,2.715490054142,1670,0.8829776196399574,0.0,0.0,0.048239877978999764,-0.2417907350777848,0.10330734846408784,0.5133178346373057,0.2243428629631561,-0.7877730943201211,-2.017072716914059,0.17234268495681884,-0.4131680076355515
2021-06-11,-0.2417907350777892,0.17234268495681884,-0.4131680076355515,3.364875450135,1657,1.1113919169021027,-0.2417907350777848,0.0,0.017358069395530022,0.34593452116347123,0.7569387775494096,0.9963630691537162,-0.6743886730336435,0.2888869008747186,-1.6203087071602784,0.48159058679226735,-0.1356709428039304
2021-06-14,0.34593452116347084,0.48159058679226735,-0.1356709428039304,2.317698528308,1648,0.7657176423475615,0.0,-0.2417907350777848,-0.2417907350777892,0.40958735233989074,0.6481862479969847,0.12091060495906802,-2.9089036045682137,0.5609691081933876,-0.25301211237762633,0.17014114060032082,0.2389242867875425
2021-06-15,0.40958735233988985,0.17014114060032082,0.2389242867875425,2.847431064128,1643,0.9511148902104125,0.0,0.0,0.34593452116347084,0.23762561120768133,-0.2874991870724819,-1.4205745707927209,-0.774988787888109,-0.6171659587054013,0.08651367397172205,-0.19861600533516824,0.440243428046504
2021-06-16,0.2376256112076917,-0.19861600533516824,0.440243428046504,2.793179627608,1634,0.9391064172501866,0.0,0.0,0.40958735233988985,-0.5238799254054127,-1.654269214668025,-3.5341817723376856,-1.1734931264783977,-0.9890950403239396,-0.15584331212583624,-0.15619692175504007,-0.3657951179513219
2021-06-17,-0.5238799254054138,-0.15619692175504007,-0.3657951179513219,2.767330188023,1628,0.9337276500684203,-0.5238799254054127,0.0,0.2376256112076917,-1.136342358764053,-3.0261552668870983,-0.48889517045633823,-1.0098504299171474,-1.0089575464345524,-0.8895827970162085,0.20117539393061823,-1.3343060186139215
2021-06-18,-1.1363423587640424,0.20117539393061823,-1.3343060186139215,4.051146066842,1627,1.3644568816104572,-1.654269214668025,-0.5238799254054127,-0.5238799254054138,-1.9115344841690418,0.654888969066092,0.48886320163612496,0.9698159025041342,1.034271069759618,0.36445092445436256,-1.7260206793708663,-0.18545756372515684
2021-06-21,-1.9115344841690265,-1.7260206793708663,-0.18545756372515684,3.641711310514,1639,1.2025324302056237,-3.5341817723376856,-1.654269214668025,-1.1363423587640424,2.6164375594405875,2.447176304759058,2.0792254267314236,3.573832041848113,2.754959922403799,0.7612364761065971,1.900098786079542,0.7030104235022958
2021-06-22,2.616437559440596,1.900098786079542,0.7030104235022958,3.262623508857,1650,1.0580211226729517,-1.010213872207455,-3.5341817723376856,-1.9115344841690265,-0.16494555717108117,-0.5235146975336891,0.3128779303853024,0.15905549140764474,0.341815145626545,-2.9747982036596787,0.13662129834328668,-0.29984977017032677
2021-06-23,-0.16494555717106893,0.13662129834328668,-0.29984977017032677,2.639413644551,1659,0.8465757661278145,-1.1734931264783977,-1.010213872207455,2.616437559440596,-0.35916156140121114,0.4786129383342219,1.0997430849021272,0.1865876797511934,-0.2769009316154869,-2.0128315514351125,-0.12224918885637692,-0.23540386432855628
2021-06-24,-0.3591615614012075,-0.12224918885637692,-0.23540386432855628,2.310754628713,1649,0.743363037550629,-1.528439951643612,-1.1734931264783977,-0.16494555717106893,0.8407943097063386,1.464163358282411,0.6861623496908997,0.0009019922552644388,-1.2390606086915334,-0.47631857771497366,0.6558618594708422,0.186554734533014
2021-06-25,0.8407943097063403,0.6558618594708422,0.186554734533014,2.490744870625,1621,0.8532455272186371,-0.7004966780779776,-1.528439951643612,-0.3591615614012075,0.6181714977983477,-0.15334266362531102,-0.2906342454809141,0.06383607485005438,-1.9036960794290736,-0.6820363624150061,0.32892270961855474,0.28902196359288107
2021-06-28,0.618171497798356,0.32892270961855474,0.28902196359288107,2.310384699501,1613,0.8074890266081203,-0.08665545108652584,-0.7004966780779776,0.8407943097063403,-0.7667741819781915,-0.9032222805789636,-1.4421459928272262,-0.7906168028170235,-0.8094405093642676,-2.623847300543858,-0.40247051634808667,-0.3640948076761537
2021-06-29,-0.7667741819781986,-0.40247051634808667,-0.3640948076761537,2.798440825359,1606,0.9837950632660918,-0.8527651814385195,-0.08665545108652584,0.618171497798356,-0.13750243174699417,-0.6805904023391873,0.21751227759554403,0.18246942657578202,0.7080494729952536,-1.5034413713980288,0.4155519041024198,-0.549254516071234
2021-06-30,-0.1375024317469943,0.4155519041024198,-0.549254516071234,2.730894381577,1605,0.9548785192477743,-0.9890950403239396,-0.8527651814385195,-0.7667741819781986,-0.5438357579841235,0.35550353534858914,0.11363182572976527,-0.4626254093494375,0.8415757118243272,-2.8167127561666727,0.14007964913361967,-0.6829180158849263
2021-07-01,-0.5438357579841336,0.14007964913361967,-0.6829180158849263,2.371727819742,1602,0.8363615661085065,-1.527551745798339,-0.9890950403239396,-0.1375024317469943,0.9042569660582034,0.6610626789446794,0.8689739824382814,-1.23995141668104,0.12059146611607119,-1.1040570843144248,0.25808430515572195,0.6435744085890779
2021-07-02,0.9042569660581957,0.25808430515572195,0.6435744085890779,2.448814585675,1599,0.8735979905415966,-0.6371077728116625,-1.527551745798339,-0.5438357579841336,-0.24101489315294655,-0.03496679394983104,-0.815230770487696,-1.9662769602470265,-0.6629633076114971,-2.390794032015653,-0.04621263323373353,-0.19566160243879888
2021-07-05,-0.2410148931529624,-0.04621263323373353,-0.19566160243879888,2.129448071327,1600,0.7642000016078795,-0.8765871413466964,-0.6371077728116625,0.9042569660581957,0.20654590559681107,-0.5756031666919292,-1.8885297303972925,-0.018973715933534585,-1.9402697911641065,-3.258356037262522,0.2895581336383028,-0.08094631938714145
2021-07-06,0.20654590559680744,0.2895581336383028,-0.08094631938714145,2.140561245867,1594,0.7747780054887723,-0.6718517905993315,-0.8765871413466964,-0.2410148931529624,-0.7805369052692357,-2.090757262472498,-1.931985719762963,0.5246227702588868,-3.305315281044907,-3.7060162288548804,-0.928168667281643,0.15044473617271015
2021-07-07,-0.7805369052692192,-0.928168667281643,0.15044473617271015,2.760705228609,1584,1.0076333208089392,-1.4471446446942315,-0.6718517905993315,0.20654590559680744,-1.3205275621702484,-1.160506999916311,0.55985197646371,1.3102627294896196,-1.7407507749325202,-3.0447079474051453,-0.20079829137395352,-1.1222996905504046
2021-07-08,-1.320527562170244,-0.20079829137395352,-1.1222996905504046,3.030740763115,1584,1.1042282311627527,-2.748562262966825,-1.4471446446942315,-0.7805369052692192,0.16216195557263724,1.905542755935019,2.6712289459153604,1.3776247605318925,0.7723114377784945,-0.7152962571451149,-1.238500558844724,1.4217367192362282
2021-07-09,0.16216195557264537,-1.238500558844724,1.4217367192362282,4.082366151584,1592,1.4788870543312216,-2.5908574297099474,-2.748562262966825,-1.320527562170244,1.740558277022486,2.5050048255304658,2.4997798495423718,1.3294544083641835,1.2453677337356694,-0.4412037582572248,1.530966439669079,0.20809228036233232
2021-07-12,1.740558277022489,1.530966439669079,0.20809228036233232,2.826100639104,1603,1.0106550499351106,-0.8953945361261262,-2.5908574297099474,0.16216195557264537,0.7513685411736359,0.746232953089021,-0.5180463997601192,-1.921660685670279,-1.8292131836910142,-2.1415797475703435,0.5080409301096327,0.24184352050909247
2021-07-13,0.7513685411736463,0.5080409301096327,0.24184352050909247,2.632034377526,1611,0.9327746241763826,-0.15075370781633124,-0.8953945361261262,1.740558277022489,-0.005097288661159993,-1.259948087370144,-1.1468224592224963,-3.809950185097244,-2.1959424851995424,-2.941884463058453,-0.35638092291463414,0.3517577870507537
2021-07-14,-0.0050972886611567875,-0.35638092291463414,0.3517577870507537,2.655847715392,1618,0.9448200508742338,-0.06924786809177075,-0.15075370781633124,0.7513685411736463,-1.254914765337023,-1.1417833705556157,-2.648132402133152,-3.011554231745217,-3.6277581366294,-4.6564078930365955,-0.07857186533991069,-1.1750782956654344
2021-07-15,-1.254914765337027,-0.07857186533991069,-1.1750782956654344,2.581930490312,1620,0.9207731982338404,-1.323293631707434,-0.06924786809177075,-0.0050972886611567875,0.11456913983369788,-1.4109235244318397,-2.582540770774022,-0.5970876948273696,-1.2231735075645789,-4.589220101597469,-0.45170696646383396,0.5697563541766021
2021-07-16,0.11456913983369535,-0.45170696646383396,0.5697563541766021,2.644921351682,1621,0.946365696672218,-1.2102405780050507,-1.323293631707434,-1.254914765337027,-1.5237469205254484,-2.6940233911815215,-1.891366165544095,-0.08298344752714071,-1.7393620566261037,-3.734666089613725,-0.8720096009302071,-0.6563946387712974
2021-07-19,-1.5237469205254475,-0.8720096009302071,-0.6563946387712974,2.577732202482,1603,0.9461274857685084,-2.715546494992205,-1.2102405780050507,0.11456913983369535,-1.188384441994983,-0.3733075066553959,0.8254827600562287,0.09425883699252235,-1.3441667066504404,-3.633249768667768,-0.9389742192683536,-0.2507525476308937
2021-07-20,-1.1883844419949778,-0.9389742192683536,-0.2507525476308937,2.923975835176,1593,1.0945852542846004,-3.8716598049255535,-2.715546494992205,-1.5237469205254475,0.8248796770872646,2.0380875170176838,2.6833294671621877,1.677936234572619,-0.4143981119278828,-3.5035032656997367,1.3140353550334685,-0.476476888390365
2021-07-21,0.8248796770872645,1.3140353550334685,-0.476476888390365,2.590680860712,1582,0.9760033649137377,-3.0787166627350815,-3.8716598049255535,-1.1883844419949778,1.2032822095260354,1.8432452347347361,0.46931834425714136,-0.6353374363339603,-1.327057943915133,-2.6220655680940785,1.6541638220867658,-0.4421256611910756
2021-07-26,1.2032822095260316,1.6541638220867658,-0.4421256611910756,2.620339670821,1579,0.9880839452005481,-1.912480103093439,-3.0787166627350815,0.8248796770872645,0.6323540217635815,-0.7252372148853214,-0.352957695708489,-0.629846548977453,-1.476206781107836,-2.410869103409996,0.47668782798866227,0.15513486341644647
2021-07-27,0.6323540217635739,0.47668782798866227,0.15513486341644647,2.343852007483,1576,0.8786964063984503,-1.2922197261772017,-1.912480103093439,1.2032822095260316,-1.3490603989600558,-0.9791202114371456,-2.4337231844447693,-1.6577542707443493,-1.6658258345491839,-2.8691536061935086,-0.6930394666329036,-0.660534030332643
2021-07-28,-1.3490603989600551,-0.6930394666329036,-0.660534030332643,2.665180141359,1574,1.001919192244596,-2.561336647065049,-1.2922197261772017,0.6323540217635739,0.37499915258689676,-1.0994956458309058,0.09608752842285018,-1.437070977253041,-0.3181868802414778,-1.0056400837481938,0.32292933954392267,0.053021348488851885
2021-07-29,0.3749991525868899,0.32292933954392267,0.053021348488851885,3.004488279523,1573,1.1219925930842118,-2.1959424851995424,-2.561336647065049,-1.3490603989600551,-1.4689861129426607,-0.2778696154607685,-0.6853444048934731,-2.0578056793692734,-0.7626902163502036,-1.441541907860333,-0.34740139027240896,-1.1271467172447165
2021-07-30,-1.468986112942663,-0.34740139027240896,-1.1271467172447165,3.329001409944,1565,1.238413840359646,-3.632670507986402,-2.1959424851995424,0.3749991525868899,1.208874698932072,0.7953249206868351,-0.34132822034279586,-0.6961433670022887,-1.067371409565776,1.608086288821431,0.6440223046036325,0.5558331878620825
2021-08-02,1.2088746989320747,0.6440223046036325,0.5558331878620825,2.85357044151,1562,1.049870080918085,-2.467710243720944,-3.632670507986402,-1.468986112942663,-0.40861019300473256,-1.5316867457387362,-1.784895746856674,-0.8517247913353954,-3.4077290327713228,0.955124574476196,-0.32715139707600216,-0.07910562269482663
2021-08-03,-0.40861019300473234,-0.32715139707600216,-0.07910562269482663,2.484921867943,1564,0.9062064335289207,-2.866237121136017,-2.467710243720944,1.2088746989320747,-1.127684386080452,-1.3819322699674452,-1.479699865904227,-0.008207626076650598,-2.0306239352297695,2.1324456404314684,-0.05352123846305671,-1.0703875825834124
2021-08-04,-1.1276843860804544,-0.05352123846305671,-1.0703875825834124,2.741903799271,1564,0.9992652342821877,-3.961599398733373,-2.866237121136017,-0.40861019300473234,-0.257147698330229,-0.35603037881538624,0.6905388463876339,1.1351976936007313,-2.32027137737596,2.996395221523751,-0.39632325909983057,0.13991231181845473
2021-08-05,-0.25714769833022594,-0.39632325909983057,0.13991231181845473,2.537463448165,1569,0.9145519462513603,-4.208559935392698,-3.961599398733373,-1.1276843860804544,-0.09913761056892234,0.950129781582354,1.3929746095323825,1.3223263701641175,-3.101959615852712,4.2486097917943555,-0.009822545413229758,-0.09115674355885736
2021-08-06,-0.09913761056890608,-0.009822545413229758,-0.09115674355885736,2.773573398682,1571,0.9925513433927254,-4.303525280202303,-4.208559935392698,-0.25714769833022594,1.0503086430435848,1.4935929324461528,1.496556267364002,-0.3738304383639868,-1.3124242545062503,5.419768270008651,0.2515013119186792,0.7992110923162415
2021-08-10,1.0503086430435948,0.2515013119186792,0.7992110923162415,3.010874416681,1562,1.077223886017011,-3.2984169351322534,-4.303525280202303,-0.09913761056890608,0.4386768287551135,0.44160936301222975,0.36869352162998137,-2.577961377600002,-0.9486666030261381,4.880703822798282,0.46103254384980946,-0.02461506455093075
2021-08-11,0.438676828755115,0.46103254384980946,-0.02461506455093075,2.995876602962,1563,1.0722390615635857,-2.8742094971872967,-3.2984169351322534,1.0503086430435948,0.002919726095251818,-0.06967764743103233,-1.8399421252660586,-2.022582315146648,-1.223712693838952,5.302906304769062,0.39684134059859366,-0.3942982672731432
2021-08-12,0.0029197260952465646,0.39684134059859366,-0.3942982672731432,2.740963420244,1558,1.0004562420235907,-2.871373690136758,-2.8742094971872967,0.438676828755115,-0.07259525394371913,-1.8428080464139018,-3.0062946619055064,-3.4166829647630625,-0.6896475715994388,4.864315152793175,-0.06270079415341896,-0.0059363017597111375
2021-08-13,-0.07259525394371445,-0.06270079415341896,-0.0059363017597111375,2.646136626514,1549,0.967347330311341,-2.93693687854778,-2.871373690136758,0.0029197260952465646,-1.7714988165346557,-2.935830681700524,-1.954266354535994,-4.366545996835313,-0.6840690189910625,6.631880643358401,-0.5026862197135525,-1.2757833860221377
2021-08-16,-1.7714988165346552,-0.5026862197135525,-1.2757833860221377,2.75232006604,1548,1.0059054867630741,-3.555217403582178,-2.93693687854778,-0.07259525394371445,-1.1853299715845256,-0.1860636534196658,-1.6034229250296517,-0.9421157315112616,2.704322867497222,9.195166312069802,0.3043550784044734,-1.4880003598833769
2021-08-17,-1.1853299715845234,0.3043550784044734,-1.4880003598833769,2.455315155833,1551,0.8957782957524333,-4.698406317727044,-3.555217403582178,-1.7714988165346552,1.011253003099144,-0.4231081815330717,-1.4739891405685324,1.6724088282415117,4.516772991834661,11.291713715703589,-0.07104181486673054,1.0897383146348514
2021-08-18,1.0112530030991373,-0.07104181486673054,1.0897383146348514,2.593989146228,1556,0.9485619110773735,-3.654715450965096,-4.698406317727044,-1.1853299715845234,-1.4200013780526044,-2.4603616624688573,-0.7574614385173484,0.8153609680521257,4.249358057469843,8.851775032909304,-0.7273684718816548,-0.6968559822772025
2021-08-19,-1.420001378052605,-0.7273684718816548,-0.6968559822772025,2.82032777578,1565,1.0322900258125485,-5.02281981925009,-3.654715450965096,1.0112530030991373,-1.0553462152155468,0.672083534993817,2.1044209871450725,2.823505628998735,5.442957995348374,9.503972415222538,-0.1551229977247331,-0.901574103798486
2021-08-20,-1.055346215215542,-0.1551229977247331,-0.901574103798486,3.317702277545,1569,1.2089704383575797,-6.025157895606082,-5.02281981925009,-1.420001378052605,1.7458545602339726,3.193469360389556,3.358350191114612,3.8506158919266786,7.585880352694563,11.54419598671792,0.8238181890372563,0.9152818370250053
2021-08-23,1.7458545602339675,0.8238181890372563,0.9152818370250053,2.760957754658,1574,0.9989267845424254,-4.384493829253843,-6.025157895606082,-1.055346215215542,1.4227752141966699,1.5848268588928516,2.1370592705147295,3.6811190002050687,6.821722464716928,7.6673121682647505,0.5437325679040944,0.8740099830647672
2021-08-24,1.4227752141966716,0.5437325679040944,0.8740099830647672,2.710025407614,1562,0.977488232261257,-3.024100106527794,-4.384493829253843,1.7458545602339675,0.15977835782343686,0.7042639632070413,0.6368101931355064,2.7975772349391637,5.885201365701653,4.869984966219265,0.30944745881478036,-0.1445815910608871
2021-08-25,0.159778357823427,0.30944745881478036,-0.1445815910608871,2.470346365453,1568,0.8895987039841368,-1.9087220784061998,-3.024100106527794,1.4227752141966716,0.543617023031362,0.47627085755708176,2.063587846858339,3.4062240678838007,6.607475515230177,7.316965519390828,0.2542962082671048,0.29094451079703526
2021-08-26,0.5436170230313688,0.2542962082671048,0.29094451079703526,2.339169275114,1566,0.8404462009592325,-1.3754811935154154,-1.9087220784061998,0.159778357823427,-0.06698203970407768,1.5117526789182545,2.0786739203981774,2.5475229134872768,5.592531481948826,6.417232524733052,-0.31432675002003324,0.2496053400625514
2021-08-27,-0.06698203970408365,-0.31432675002003324,0.2496053400625514,2.517308505363,1551,0.9097785753192347,-1.1669147940505442,-1.3754811935154154,0.5436170230313688,1.5797928961272634,2.1470941275432365,2.9160648432906555,3.596766787262018,7.366340515650416,5.83270328889367,0.8674664841059184,0.7077364680398526
2021-08-30,1.5797928961272658,0.8674664841059184,0.7077364680398526,2.879677054645,1545,1.049985535069305,0.0,-1.1669147940505442,-0.06698203970408365,0.5584784288702904,1.3154899306891066,1.0203451395870866,3.0290987354270937,6.319932076224943,3.0322655215903493,-0.17513162551720712,0.7368046140319708
2021-08-31,0.5584784288702884,-0.17513162551720712,0.7368046140319708,3.566791102045,1545,1.3112618585933853,0.0,0.0,1.5797928961272658,0.7528072357959159,0.45930161029983374,1.4192010767420271,3.003596207044712,6.482156432822728,1.8908539363304389,0.10541932228623403,0.6467481927417966
2021-09-01,0.7528072357959208,0.10541932228623403,0.6467481927417966,3.335509715304,1538,1.2103676943604662,0.0,0.0,0.5584784288702884,-0.2913126031408586,0.6614146635006479,1.6913591454873256,3.0958015111787196,4.414815650857329,-0.6091955938771543,0.0417200629293374,-0.33207283670142673
2021-09-02,-0.2913126031408589,0.0417200629293374,-0.33207283670142673,3.104536741989,1544,1.1094321232970268,-0.2913126031408586,0.0,0.7528072357959208,0.9555107899971382,1.98846439602276,2.5326620392153165,2.9693633565682775,3.8513851442343983,-1.1539491880333985,0.19134449242679388,0.7644791152647306
2021-09-03,0.955510789997141,0.19134449242679388,0.7644791152647306,3.930148749809,1554,1.3954297860107974,0.0,-0.2913126031408586,-0.2913126031408589,1.0231770390170425,1.5622240300471546,2.418391253307872,3.638698238651883,3.679214801279662,-3.423672440978165,0.9608401214928148,0.0639509662055804
2021-09-06,1.0231770390170496,0.9608401214928148,0.0639509662055804,3.563014809558,1557,1.2345527231373954,0.0,0.0,0.955510789997141,0.5335874467914614,1.3810832872064305,0.9617744186603883,3.194081459693754,0.791589654273861,-4.543124162204604,0.6845824041190366,-0.14914332776799621
2021-09-07,0.5335874467914602,0.6845824041190366,-0.14914332776799621,3.985639412539,1565,1.362355805809146,0.0,0.0,1.0231770390170496,0.84299771045524,0.4259143463825499,2.0445340070441853,3.377125026572725,-0.9587896952437003,-5.0332907272327425,-0.02410617279568555,0.8677885130456856
2021-09-08,0.8429977104552491,-0.02410617279568555,0.8677885130456856,4.260513652853,1572,1.4324483512801989,0.0,0.0,0.5335874467914602,-0.4135967529151019,1.1914920459215939,1.7883002565194595,1.279406261306959,0.6655161851752744,-4.678200320812287,-0.5052204911990085,0.09344287692772267
2021-09-09,-0.4135967529150902,-0.5052204911990085,0.09344287692772267,3.500601160802,1573,1.1524538318395023,-0.4135967529151019,0.0,0.8429977104552491,1.6117549650370266,2.21104180655205,2.9386943593175063,0.8565866184991444,0.781022134056153,-2.92181694463165,0.25856060028664923,1.352238682907887
2021-09-10,1.6117549650370375,0.25856060028664923,1.352238682907887,4.473747320209,1573,1.454639923032536,0.0,-0.4135967529151019,-0.4135967529150902,0.5897810166956008,1.3058916212371763,0.08687905831596954,0.03909404818505102,-1.4284152923449978,-5.409638233655678,-0.18251126180418217,0.7754379395552635
2021-09-13,0.5897810166956018,-0.18251126180418217,0.7754379395552635,3.328489828858,1589,1.0510305570876384,0.0,0.0,1.6117549650370375,0.7119118833976978,-0.49995332855548025,-1.3251554471153892,-2.3281294541667052,-3.09223914127178,-6.521798683858194,0.2517354114957664,0.46154704695487125
2021-09-14,0.7119118833976888,0.2517354114957664,0.46154704695487125,3.866727182905,1590,1.2099817268186854,0.0,0.0,0.5897810166956018,-1.2032987849106225,-2.0226677186622855,-1.2504678185829898,-4.194269013286911,-4.311804578628009,-6.84650172831377,-0.9367948513959393,-0.26983150262890226
2021-09-15,-1.2032987849106263,-0.9367948513959393,-0.26983150262890226,3.576964217741,1598,1.0951249885941967,-1.2032987849106225,0.0,0.7119118833976888,-0.8293484738602919,-0.04774353100076567,-1.837362078480198,-0.6061351451328578,-4.811588483318097,-3.8311733705006845,0.2821301435073228,-1.1072373993677398
2021-09-16,-0.8293484738602911,0.2821301435073228,-1.1072373993677398,3.989253005414,1608,1.2032457846966442,-2.0226677186622855,-1.2032987849106225,-1.2032987849106263,0.7881413813778382,-1.0164434629676755,-2.216432356403597,-0.07492270656433986,-4.819708784159326,-2.9433895540208477,0.08179878667051439,0.708482139940704
2021-09-17,0.7881413813778401,0.08179878667051439,0.708482139940704,4.774286991372,1619,1.41508313955092,-1.2504678185829898,-2.0226677186622855,-0.8293484738602911,-1.7904733826939578,-2.981078623537925,-0.5586583373485721,-1.4669358559196932,-6.85083047346744,-3.1300766625038667,-2.6580064340310767,0.9023607963637637
2021-09-21,-1.790473382693953,-2.6580064340310767,0.9023607963637637,3.888149412237,1634,1.1280836359177193,-3.0185519078260614,-1.2504678185829898,0.7881413813778401,-1.212311352933615,1.2542724598861188,0.9511890553771885,-0.7823231835685118,-5.2928164292051605,-1.5962733907302962,-0.19752638065155437,-1.0166270319967543
2021-09-22,-1.2123113529336123,-0.19752638065155437,-1.0166270319967543,3.456857413783,1650,0.9868150189716862,-4.194269013286911,-3.0185519078260614,-1.790473382693953,2.4968534506683016,2.1900506408650156,1.5606674926254005,-0.12268114248551454,-4.1139451138082155,-1.7010661056444665,2.0969774873624245,0.3940320415527492
2021-09-24,2.4968534506683056,2.0969774873624245,0.3940320415527492,4.015975012792,1660,1.1343323402713026,-1.802140313207179,-4.194269013286911,-1.2123113529336123,-0.29932900325662093,-0.9133801931719754,-2.011367613412518,-4.231099519397863,-5.308388322529178,-4.167144989088545,0.2921130016105261,-0.5910518782991437
2021-09-27,-0.29932900325663375,0.2921130016105261,-0.5910518782991437,3.631888523069,1675,1.0039308456970868,-2.0960749878270013,-1.802140313207179,2.4968534506683056,-0.6158947415062066,-1.7171786238146969,-2.2631672739632402,-4.748343665185917,-3.674143207004188,-4.189907434587747,0.0010872487045977442,-0.6182731997726952
2021-09-28,-0.6158947415062092,0.0010872487045977442,-0.6182731997726952,4.215626502475,1688,1.144833917341634,-2.699060113705154,-2.0960749878270013,-0.29932900325663375,-1.108108665308305,-1.6574808699766908,-3.348302053994645,-5.464048707218849,-4.038915426913592,-2.520406190300395,-1.8177230380814475,0.7243342322229385
2021-09-29,-1.108108665308299,-1.8177230380814475,0.7243342322229385,4.472393449373,1699,1.187186726378142,-3.7772602600116056,-2.699060113705154,-0.6158947415062092,-0.5555280592309475,-2.2652953224492345,-3.084124976194158,-4.546058112186779,-3.5389936906972896,-1.8306456430131735,0.18888334039000212,-0.7398340167002964
2021-09-30,-0.5555280592309464,0.18888334039000212,-0.7398340167002964,4.880433995711,1717,1.2686813239963644,-4.311804578628009,-3.7772602600116056,-1.108108665308299,-1.7193185602480288,-2.542722453661672,-3.870724352921362,-3.996166514057775,-2.648913106286499,-1.249113788850531,-0.7267565957431785,-1.0012121329048582
2021-10-01,-1.719318560248031,-0.7267565957431785,-1.0012121329048582,4.276160687128,1717,1.092937843842014,-5.956989482474063,-4.311804578628009,-0.5555280592309464,-0.8378084902864735,-2.1890424050348023,-2.3336263175525063,-1.1248837542512269,1.0299731839159776,0.2052426229063542,1.0435950145284,-1.8609416428469532
2021-10-04,-0.8378084902864749,1.0435950145284,-1.8609416428469532,3.9065459306,1725,0.9866085288233375,-6.744889809110887,-5.956989482474063,-1.719318560248031,-1.3626503147784574,-1.508455798014019,-1.4913653418084039,1.127749899073538,1.9713316760961996,2.670641040849997,-1.1576413474342109,-0.20656741811437007
2021-10-05,-1.362650314778443,-1.1576413474342109,-0.20656741811437007,4.367431583716,1735,1.0919477460408595,-8.015630861674039,-6.744889809110887,-0.8378084902864749,-0.14781974951767474,-0.13049319293422235,1.087974882313536,1.5075040350433166,3.994403632233956,3.5445365644219518,0.9335022529700945,-1.0663675010144515
2021-10-06,-0.14781974951767857,0.9335022529700945,-1.0663675010144515,4.451463683462,1734,1.1069066111092936,-8.151601925729723,-8.015630861674039,-1.362650314778443,0.0173522065717302,1.2376240846531106,2.6765807343635872,1.0550265411491289,3.9031284630185015,4.591028754360016,0.27892267470988913,-0.2623825148054114
2021-10-07,0.017352206571721193,0.27892267470988913,-0.2623825148054114,3.474456798582,1735,0.8545236497716663,-8.135664201963044,-8.151601925729723,-0.14781974951767857,1.2200601707202496,2.658767173019716,1.6401374957642822,1.4033329283341,2.516402422675146,3.943568933493835,1.1523085984361177,0.06877446063785624
2021-10-08,1.2200601707202425,1.1523085984361177,0.06877446063785624,3.689967554552,1726,0.9132682632870801,-7.014864029794488,-8.135664201963044,0.017352206571721193,1.4213654880988136,0.41501390567788565,-0.18036529912170973,2.1793723436050794,1.2052211523527978,2.279005068160833,0.18265045135624558,1.23839168221233
2021-10-11,1.4213654880988211,0.18265045135624558,1.23839168221233,3.185920699316,1720,0.7941234125423331,-5.693205398052237,-7.014864029794488,1.2200601707202425,-0.9922481102258462,-1.5792833980414756,-1.2229196582594026,0.8341743763354614,-0.535436947830048,-0.22172610447033225,-0.253892536658006,-0.7396386830209468
2021-10-12,-0.9922481102258441,-0.253892536658006,-0.7396386830209468,2.998570954836,1718,0.7503674079720578,-6.628962785304637,-5.693205398052237,1.4213654880988211,-0.5929185105315593,-0.23298332062964278,1.7570663681673038,2.4499662570090175,1.5824219196445721,0.43343107387203705,-0.14680460471976264,-0.44802639479302936
2021-10-13,-0.5929185105315637,-0.14680460471976264,-0.44802639479302936,2.832989855998,1705,0.7222633137869132,-7.182576948425867,-6.628962785304637,-0.9922481102258441,0.3620820413483772,2.3640014810693444,2.452184720558015,2.8183673977955293,1.7710244927430008,0.9090343649643007,0.09654834112244458,0.265870452657487
2021-10-14,0.36208204134837524,0.09654834112244458,0.265870452657487,2.976892504946,1695,0.7637751646336153,-5.711934582833267,-7.182576948425867,-0.5929185105315637,1.994697000104284,2.082562095860596,2.6892150000446424,1.0976655916504097,1.4378877135334367,1.7765163594843925,0.758765864871884,1.2238060109259339
2021-10-15,1.9946970001042732,0.758765864871884,1.2238060109259339,3.3497969916,1682,0.8693745417846787,-3.7852370453220985,-5.711934582833267,0.36208204134837524,0.08614672952675928,0.6809354019059022,0.44387275814947724,-0.9533736300282203,-0.8163226565529147,0.4051457006404746,0.35528808187119076,-0.2716043812057457
2021-10-18,0.08614672952675156,0.35528808187119076,-0.2716043812057457,2.954867882343,1669,0.7691457058007666,-3.702351173714713,-3.7852370453220985,1.9946970001042732,0.5942767224184298,0.35741812459761935,-0.9648038646260848,-1.3582808929974544,0.6857901659802712,0.6338183663452845,0.18010285480491428,0.41231074724386785
2021-10-19,0.5942767224184234,0.18010285480491428,0.41231074724386785,2.91494302977,1654,0.7691073924763663,-2.585864472624144,-3.702351173714713,0.08614672952675156,-0.2354593179037301,-1.549870069990833,-1.6232557091470756,-0.8467980703752431,-0.43258776635990426,-0.5970485389986568,0.4343839542753163,-0.6656557479485654
2021-10-20,-0.23545931790373173,0.4343839542753163,-0.6656557479485654,3.142813920406,1640,0.8500831174063188,-2.815235131678717,-2.585864472624144,0.5942767224184234,-1.31751295911392,-1.391071799413801,-1.7095886379470016,-1.0186340549451223,0.6620592676248149,-0.7297570420900401,-0.2559309702252646,-1.0645362750726948
2021-10-21,-1.317512959113925,-0.2559309702252646,-1.0645362750726948,2.991223177341,1616,0.8173187881803967,-4.095657003103248,-2.815235131678717,-0.23545931790373173,-0.07454092666857592,-0.3973102934370032,0.7141402455389523,0.33652816797693497,1.3921347970585973,0.5785974461197219,-0.4913884668926186,0.4181971529039636
2021-10-22,-0.07454092666857207,-0.4913884668926186,0.4181971529039636,2.916929653751,1608,0.8021215745226382,-3.8794282397139113,-4.095657003103248,-1.317512959113925,-0.3230101415211517,0.7892695010074835,0.3776917072976227,0.13837015807420805,1.0609965608311622,0.7293193048737434,-0.4791069738043546,0.1603131406405052
2021-10-25,-0.32301014152114893,-0.4791069738043546,0.1603131406405052,2.665788237472,1599,0.7443080303460825,-3.596161261185271,-3.8794282397139113,-0.07454092666857207,1.1158840612139898,0.7029725213548499,0.7367657074079936,2.0722175946268795,0.3153996094017453,-0.13136642563665868,0.7533448199462079,0.3599407776219375
2021-10-26,1.1158840612139893,0.7533448199462079,0.3599407776219375,3.021241639523,1587,0.8550859287761585,-1.4281226761173826,-3.596161261185271,-0.32301014152114893,-0.40835477402261233,-0.374934519265524,-0.6458022229506977,0.41774778419090275,-1.131092194948291,-1.4948318324173426,-0.03181628923517665,-0.3753101590605155
2021-10-27,-0.40835477402261766,-0.03181628923517665,-0.3753101590605155,3.041637147003,1571,0.8756587619144314,-1.2822407911640465,-1.4281226761173826,1.1158840612139893,0.033557287542795855,-0.23842105267898317,1.3596868483516378,1.697989623120466,-0.846989732170933,-2.8012788187995796,-0.47500955910191817,0.5097746628362726
2021-10-28,0.0335572875427883,-0.47500955910191817,0.5097746628362726,5.434989700919,1553,1.5975848429874862,-1.2185576513664587,-1.2822407911640465,-0.40835477402261766,-0.2718871022850622,1.3256846969831537,0.7956655281794678,1.052066130207785,0.333828566015959,-5.265452372325818,0.0031051521029753226,-0.27144108680812834
2021-10-29,-0.27188710228507884,0.0031051521029753226,-0.27144108680812834,4.065489875074,1564,1.1853667782079023,-1.4871316525635558,-1.2185576513664587,0.0335572875427883,1.6019272328022138,1.0704630815179028,1.9410385202723868,0.9213515271923489,1.2315215465986018,-5.928952730979164,1.244676722572017,0.3522612821473216
2021-11-01,1.6019272328022047,1.244676722572017,0.3522612821473216,3.869626295529,1559,1.1317350586480786,0.0,-1.4871316525635558,-0.27188710228507884,-0.5230847147875028,0.33376462111114336,-0.27003870498742977,-1.7211519712466705,-0.05161780977167574,-7.177346639958593,-0.08822427018148572,-0.43633503627246695
2021-11-02,-0.5230847147875078,-0.08822427018148572,-0.43633503627246695,3.203216365467,1548,0.937338708414088,-0.5230847147875028,0.0,1.6019272328022047,0.8613549519925767,0.2543766149910809,-0.1475322757800046,-1.5423966513049225,-0.1651753007829826,-8.075792682326044,0.9475895768001317,-0.0838984815813148
2021-11-04,0.8613549519925822,0.9475895768001317,-0.0838984815813148,4.091823469864,1541,1.2181159130816215,0.0,-0.5230847147875028,-0.5230847147875078,-0.6017947481375852,-1.0002713410431352,-2.048080823158349,-2.5024873792714675,-1.382662266042567,-6.7454829848624716,-0.18391586043924213,-0.4176945155426946
2021-11-05,-0.6017947481375829,-0.18391586043924213,-0.4176945155426946,3.43651184781,1549,1.0285387651064737,-0.6017947481375852,0.0,0.8613549519925822,-0.4008891225911637,-1.4550424440321286,-1.7922142922459972,-0.7107599000166553,-0.8023673163280676,-6.86386662760855,0.3561814915022634,-0.7559452717547789
2021-11-08,-0.40088912259116816,0.3561814915022634,-0.7559452717547789,3.234013410266,1552,0.9684814702638752,-1.0002713410431352,-0.6017947481375852,-0.6017947481375829,-1.058396317150323,-1.3969252911979813,-1.5173940965063637,0.3073383527990803,-0.32819511705267645,-3.86696765645701,0.16209230511240869,-1.2124170192861983
2021-11-09,-1.0583963171503192,0.16209230511240869,-1.2124170192861983,3.259013205082,1550,0.9826769951032779,-2.048080823158349,-1.0002713410431352,-0.40088912259116816,-0.3421502800104004,-0.46390776202428485,0.7552720732491691,1.6987726199095832,-0.44536136702638673,-2.0695124876457194,-0.11584348246453749,-0.22980736389425582
2021-11-10,-0.3421502800104082,-0.11584348246453749,-0.22980736389425582,2.922969435516,1555,0.8803809358254641,-2.383223588897476,-2.048080823158349,-1.0583963171503192,-0.12217550584924242,1.1011900781955575,1.728408215494448,1.3987963384040736,-0.36790093624404774,-2.1769441080300544,-0.3297792656902041,0.21345161856636752
2021-11-11,-0.12217550584925745,-0.3297792656902041,0.21345161856636752,2.909309797701,1553,0.8772655331584587,-2.5024873792714675,-2.383223588897476,-0.3421502800104082,1.2248620654692566,1.8528474470847822,2.1727599841504963,1.1485678794546317,-1.9709831112033727,-3.366046609910378,0.3318678491494964,0.8872802212074217
2021-11-12,1.2248620654692648,0.3318678491494964,0.8872802212074217,3.411281582786,1566,1.0274465218424282,-1.308277332404073,-2.5024873792714675,-0.12217550584925745,0.6203865026848554,0.9364279677340104,0.2943647448445663,-0.09226318604026451,-5.580651130697811,-4.770197625532003,0.5293844017368313,0.08710024936191359
2021-11-15,0.6203865026848568,0.5293844017368313,0.08710024936191359,3.105788417913,1584,0.9293552384665025,-0.6960072057071387,-1.308277332404073,1.2248620654692648,0.3140928752452421,-0.32401163339955685,-0.6914677255302593,-0.6335862164106754,-7.0733642724926105,-6.2710610011783015,0.20406626455734006,0.11354819291656446
2021-11-16,0.3140928752452486,0.20406626455734006,0.11354819291656446,3.243518242543,1598,0.9741248949588202,-0.38410043950620754,-0.6960072057071387,0.6203865026848568,-0.6361065433132862,-1.0024120958019855,-1.0191475708880016,-2.1083184503607244,-7.1294088748978135,-6.273856480750273,0.22426319349051624,-0.8619835546900223
2021-11-17,-0.6361065433132695,0.22426319349051624,-0.8619835546900223,3.2156655067,1601,0.961591857538001,-1.0177636947908963,-0.38410043950620754,0.3140928752452486,-0.3686505628408998,-0.3854931748841883,-0.3105809012623362,-1.7423256867389325,-7.923705385747127,-4.810114333047966,-0.20697110140231365,-0.16037712426848968
2021-11-18,-0.36865056284090114,-0.20697110140231365,-0.16037712426848968,3.373842200454,1609,1.0043760137646758,-1.382662266042567,-1.0177636947908963,-0.6361065433132695,-0.016904932170880294,0.05828452781841964,-1.117104343621933,-3.0841276906419135,-5.438010031549756,-5.907562749032524,0.039152098173725315,-0.051513829681292075
2021-11-19,-0.016904932170884873,0.039152098173725315,-0.051513829681292075,3.399162228671,1620,1.0084458181518263,-1.39933346009522,-1.382662266042567,-0.36865056284090114,0.07520217286560715,-1.100385430861761,-1.362083249819046,-5.493456382539808,-6.1105281923509285,-8.146683027057977,-0.36396647710802227,0.44097676382878137
2021-11-22,0.07520217286559734,-0.36396647710802227,0.44097676382878137,2.847746444775,1630,0.8397729573855137,-1.3251836163972297,-1.39933346009522,-0.016904932170884873,-1.1747042006437391,-1.4362053650433304,-3.140581745219384,-6.480839763531332,-3.5504248604309008,-7.0407217507363224,-0.15632415875296804,-1.0216399109697192
2021-11-24,-1.1747042006437343,-0.15632415875296804,-1.0216399109697192,3.39150806341,1632,1.0011442539035356,-2.4843208294329067,-1.3251836163972297,0.07520217286559734,-0.2646095438262219,-1.9892452925887927,-4.4419495170094585,-5.129230946953312,-1.631416820874676,-5.047885133747787,0.3629995675478406,-0.6252906747180371
2021-11-25,-0.26460954382622337,0.3629995675478406,-0.6252906747180371,2.597548383353,1628,0.7586480101686023,-2.74235662324519,-2.4843208294329067,-1.1747042006437343,-1.7292114071788989,-4.188422940018333,-5.118141420154776,-6.290989220140686,-1.8157232345655694,-4.037055721388261,-0.293441046601471,-1.4394649929293544
2021-11-26,-1.7292114071789015,-0.293441046601471,-1.4394649929293544,3.759335023079,1639,1.104798681984195,-4.424146886869407,-2.74235662324519,-0.26460954382622337,-2.50248478520817,-3.44856295701228,-3.203715412393504,-2.4287893043919317,-1.4231128118825875,-2.2796313143779057,-1.8944970840077762,-0.6177028965834686
2021-11-29,-2.5024847852081793,-1.8944970840077762,-0.6177028965834686,4.162603768567,1652,1.2105455735465667,-6.815918069358407,-4.424146886869407,-1.7292114071789015,-0.970361316101076,-0.7192292292172664,-2.1944804006368224,-0.652940829482529,0.858355321098081,-0.6566705414630447,1.2155821905470618,-2.152508063055488
2021-11-30,-0.970361316101074,1.2155821905470618,-2.152508063055488,6.253576284951,1646,1.8529122175047368,-7.720140353177285,-6.815918069358407,-2.5024847852081793,0.25359285383785846,-1.236113855209664,1.0561972807989317,3.133491463878313,0.8633727725460227,1.5906366576728947,-0.06211296496032571,0.32039486120168986
2021-12-01,0.2535928538378579,-0.06211296496032571,0.32039486120168986,3.921483558693,1671,1.1254391527419418,-7.486125223581341,-7.720140353177285,-0.970361316101074,-1.4859384752618388,0.8005742279293848,0.06676861915966281,3.6869250254763397,0.9212306972344431,1.8870387305098824,-0.9413766874864803,-0.5497925553879346
2021-12-02,-1.485938475261827,-0.9413766874864803,-0.5497925553879346,3.783997447288,1680,1.0851740573181579,-8.860824483839702,-7.486125223581341,0.2535928538378579,2.32100135534159,1.576127377543557,4.4242946381048975,4.775705077165293,3.38153383098585,3.058423317996062,0.6566939623099896,1.6481038701427408
2021-12-03,2.3210013553415965,0.6566939623099896,1.6481038701427408,3.508319250007,1679,0.9978055775472956,-6.385910857024557,-8.860824483839702,-1.485938475261827,-0.7279776076577149,2.0555831695381555,2.8634269394342438,1.0307102733886797,-0.4965554528192917,1.251952029852288,-0.06628464656870957,-0.6613341585169822
2021-12-06,-0.7279776076577138,-0.06628464656870957,-0.6613341585169822,2.971835354038,1673,0.8522956486591815,-7.067400463598162,-6.385910857024557,2.3210013553415965,2.803973073294208,3.6177408906791886,3.1499307782520303,1.5212288750154679,-2.168672158342211,0.8846147700716012,1.1177044212462799,1.668489025204705
2021-12-07,2.8039730732942076,1.1177044212462799,1.668489025204705,3.643950537488,1669,1.0520623945630265,-4.461595396285112,-7.067400463598162,-0.7279776076577138,0.7915723420580223,0.33652172636478017,-1.004230111004234,-2.2011459702471092,-3.6187789166045814,-3.990415348172216,1.0463196809182005,-0.25076842939430943
2021-12-08,0.791572342058016,1.0463196809182005,-0.25076842939430943,3.589184012877,1674,1.0301542982745906,-3.705339809398611,-4.461595396285112,2.8039730732942076,-0.4514768498192878,-1.7816990164294833,-2.0233137661972656,-2.667351093266912,-3.473129532273378,-4.906471129526513,0.0088079561617996,-0.4589500549525741
2021-12-09,-0.4514768498192828,0.0088079561617996,-0.4589500549525741,2.77902280944,1674,0.7938633319272169,-4.140087907771328,-3.705339809398611,0.791572342058016,-1.33625504881012,-1.5789655804402836,-2.5291565353765755,-1.330624542352321,-2.262411620273508,-4.8513116293257275,-0.17416067120309736,-1.163906295801447
2021-12-10,-1.3362550488101177,-0.17416067120309736,-1.163906295801447,3.175432084681,1677,0.9089715546378709,-5.4210208228886785,-4.140087907771328,-0.4514768498192828,-0.24599768815812828,-1.2090575795157488,-0.9017179771675932,-1.5116846373495751,-0.8688836977179037,-1.681481807382923,0.7521926234658078,-0.9924429270717798
2021-12-13,-0.245997688158123,0.7521926234658078,-0.9924429270717798,2.659530402932,1675,0.7584053443832973,-5.65368292514793,-5.4210208228886785,-1.3362550488101177,-0.9654348387415967,-0.6573373236289926,0.2523251656036285,-3.634610292099971,-1.5021322306295826,-2.5766990613798613,-0.3059405732777127,-0.6583620632273979
2021-12-14,-0.9654348387416116,-0.3059405732777127,-0.6583620632273979,2.803867568459,1655,0.8082283980238996,-6.564535139258165,-5.65368292514793,-0.245997688158123,0.3111009924776642,1.2296312932382314,-0.30633077326638336,-1.4495394249979587,0.7210386338823982,-3.019783251540753,-0.34214407403688224,0.6553765095804401
2021-12-15,0.311100992477662,-0.34214407403688224,0.6553765095804401,2.64896587021,1643,0.7669144676541021,-5.673841615208575,-6.564535139258165,-0.9654348387416116,0.9156816061957507,-0.6155168866009642,-2.996973191840102,-0.827860381955281,0.956991929847617,-3.8286461213171696,1.3958952605418795,-0.4671912516048151
2021-12-16,0.9156816061957513,1.3958952605418795,-0.4671912516048151,3.180041337733,1633,0.9286612023305596,-4.513551661213966,-5.673841615208575,0.311100992477662,-1.517304811725817,-3.877152426422925,-2.6466269648609653,-0.9443528689620062,-0.312541806081168,-5.056781941504996,-0.6327940568346384,-0.8943000504906877
2021-12-17,-1.5173048117258292,-0.6327940568346384,-0.8943000504906877,3.992806077412,1631,1.1666181182108366,-5.9623721364044595,-4.513551661213966,0.9156816061957513,-2.3962053538295947,-1.1467214123010772,-0.21365860011770543,0.6526672095717778,1.7572331195454094,-6.656667168789521,-0.777294132993465,-1.6304184540448108
2021-12-20,-2.396205353829597,-0.777294132993465,-1.6304184540448108,2.99116345918,1633,0.8661262704236158,-8.215706809886282,-5.9623721364044595,-1.5173048117258292,1.2801591844436855,2.2361289964431874,3.0510951677914067,2.2129086676599297,3.120970547752999,-3.449663375281975,1.1862643377108373,0.0951637862511329
2021-12-21,1.2801591844436904,1.1862643377108373,0.0951637862511329,2.825090231916,1635,0.8228987260951253,-5.935744995898906,-8.215706809886282,-2.396205353829597,0.9438865614918246,1.748551737683024,1.8202619554762878,2.2025042259730787,-0.3855900842406612,-5.0732205272004505,0.4397935647312091,0.5020861403325886
2021-12-22,0.9438865614918259,0.4397935647312091,0.5020861403325886,2.392926796228,1642,0.697247243935324,-4.795966174137012,-5.935744995898906,1.2801591844436904,0.79714106876696,0.8681807525318552,-0.022712449122630485,1.7997517434605426,-1.4849146049258577,-5.640243675720802,0.6052552462841339,0.19220672582567283
2021-12-23,0.7971410687669535,0.6052552462841339,0.19220672582567283,2.276635236309,1646,0.6731556298982762,-2.703674205379636,-4.795966174137012,0.9438865614918259,0.0704778756734914,-0.8133698130686651,0.4461513019471619,0.6378344710070261,-2.6488273876718815,-8.66313735673554,0.38932704507682386,-0.316014353976858
2021-12-24,0.07047787567349381,0.38932704507682386,-0.316014353976858,1.996902318222,1652,0.5932588313667034,-2.6351018218512268,-2.703674205379636,0.7971410687669535,-0.8832252103764815,0.37540884609386094,0.9235528825628281,1.0974035170610907,-0.8197205276970321,-8.378907017950144,0.019007715235260646,-0.9016743400721254
2021-12-27,-0.8832252103764745,0.019007715235260646,-0.9016743400721254,2.041970403067,1648,0.6229571173230797,-3.4950531486180325,-2.6351018218512268,0.07047787567349381,1.2698496890579891,1.8228782128698384,1.4631047363346195,0.88840234754064,-1.0909544085424772,-10.527261685433686,0.7474766849487441,0.5221479813390543
2021-12-28,1.2698496890579876,0.7474766849487441,0.5221479813390543,2.658911125922,1628,0.8382879570606987,-2.269585381100181,-3.4950531486180325,-0.8832252103764745,0.5460939514671859,0.1908317706306617,0.7192943762493353,-2.5323198583191098,-3.714042206237478,-10.416305175376628,-0.18311411609724756,0.7295041107317974
2021-12-29,0.5460939514671934,-0.18311411609724756,0.7295041107317974,2.467762410526,1601,0.8247588418909646,-1.735885498122569,-2.269585381100181,1.2698496890579876,-0.3533326525921643,0.17225972484395946,-0.9177464649698819,-3.2265956371523408,-4.740274011422796,-9.359644228197583,-0.43437579191968734,0.08288299244357919
2021-12-30,-0.3533326525921688,-0.43437579191968734,0.08288299244357919,2.296204124286,1583,0.7865286520939635,-2.0830847004382536,-1.735885498122569,0.5460939514671934,0.5274560518955473,-0.5664151420237018,-2.7179648884280594,-3.265831261130492,-4.7591143573898815,-8.803565645373634,0.9649126166907006,-0.4327408484027825
2022-01-04,0.5274560518955571,0.9649126166907006,-0.4327408484027825,3.309672298345,1567,1.1633187943719165,-1.5666160048612765,-2.0830847004382536,-0.3533326525921688,-1.0881317770088161,-3.228392588237994,-3.393010571322208,-1.8963138300921667,-8.268601681071864,-6.82082235356215,0.0007843902633847161,-1.1017179767899343
2022-01-05,-1.088131777008821,0.0007843902633847161,-1.1017179767899343,3.606407273501,1558,1.272059277719817,-2.6377009352975045,-1.5666160048612765,0.5274560518955571,-2.163805870498847,-2.330234819867283,-2.7147931184040464,-1.9619269509934645,-6.371772771467721,-6.915199379507364,-1.233630602763817,-0.9377808031911858
2022-01-06,-2.1638058704988476,-1.233630602763817,-0.9377808031911858,3.69723316334,1567,1.289662473644791,-4.744432078112181,-2.6377009352975045,-1.088131777008821,-0.17010979510112545,-0.563173223169211,1.3765181686792083,-1.2124248224648415,-4.705775446468008,-4.205040585843944,0.5960235692435055,-0.7577008478518891
2022-01-07,-0.17010979510113067,0.5960235692435055,-0.7577008478518891,3.526484879046,1560,1.2289602826889805,-4.475198766119659,-4.744432078112181,-2.1638058704988476,-0.39373320681944657,1.5492634125970906,0.3770950694870212,-1.564147075569433,-4.217962207646542,-4.803930737281437,-0.16906441600786426,-0.22553595771079898
2022-01-11,-0.39373320681944335,-0.16906441600786426,-0.22553595771079898,3.463378841058,1562,1.2082882538538142,-3.773384368811461,-4.475198766119659,-0.17010979510113067,1.950677082849528,0.7738752802642246,-0.6529287190074617,-1.5436976569162986,-6.177953287747084,-4.581299623591462,0.8954508934049358,1.0474810893262545
2022-01-12,1.950677082849536,0.8954508934049358,1.0474810893262545,3.465445281256,1563,1.1947465923630842,-1.8963138300921667,-3.773384368811461,-0.39373320681944335,-1.1542854213993814,-2.553789613129487,-3.0659114439034907,-6.4954621989875,-7.6216628249813345,-5.115063608780723,-0.08753956140051208,-1.0659664239115894
2022-01-13,-1.1542854213993785,-0.08753956140051208,-1.0659664239115894,3.135468629858,1570,1.0756066503778214,-3.028710377406818,-1.8963138300921667,1.950677082849536,-1.4158471084927404,-1.9339493175336453,-2.2997755427535904,-4.498095161733639,-9.540388566550073,-3.2347951123072205,-0.8658379277444488,-0.5522569648860217
2022-01-14,-1.4158471084927367,-0.8658379277444488,-0.5522569648860217,3.989791273885,1568,1.3575951056662376,-4.40167557759642,-3.028710377406818,-1.1542854213993785,-0.5255430957662011,-0.8966232486002368,-4.044972677961733,-3.5362246899219074,-6.960789634034592,-3.7746500722616205,0.18439294162357386,-0.7065980400428302
2022-01-17,-0.52554309576621,0.18439294162357386,-0.7065980400428302,2.677019096434,1572,0.8928864275865959,-4.904085971266536,-4.40167557759642,-1.4158471084927367,-0.3730406421733723,-3.5380234200059535,-2.6147130697682375,-2.6959842915309062,-4.8492373548593815,-3.9072535151486676,0.21064985698045244,-0.5779055516592492
2022-01-18,-0.37304064217338023,0.21064985698045244,-0.5779055516592492,3.343807338748,1568,1.1147638221073395,-5.258832379639966,-4.904085971266536,-0.52554309576621,-3.1768336585130785,-2.2500660885810375,-2.663482847757148,-4.706916185702492,-4.246549431680524,-2.1435601991154463,-1.4281798285992675,-1.783430384242202
2022-01-19,-3.176833658513079,-1.4281798285992675,-1.783430384242202,4.233134133035,1560,1.407407026918265,-8.268601681071864,-5.258832379639966,-0.37304064217338023,0.9571754415295786,0.5301941985096814,0.8729233614415577,-1.2044341937612724,1.5782811055339296,0.007424614637918658,-0.25358261617993544,1.2179453338815087
2022-01-20,0.9571754415295795,-0.25358261617993544,1.2179453338815087,3.86731988366,1562,1.2806668558454501,-7.390571264191403,-8.268601681071864,-3.176833658513079,-0.42293303190440446,-0.08345328573183819,-2.5134033331908445,-5.279783071715283,-0.5804089473073315,-1.2644721657247393,-1.3834779475181,0.975835025854902
2022-01-21,-0.4229330319044003,-1.3834779475181,0.975835025854902,3.639268247102,1550,1.1879142511295557,-7.782247128973108,-7.390571264191403,0.9571754415295795,0.3409216163007933,-2.099349142264084,-1.7254799974281365,-3.5501046202106257,0.5254619185686149,-1.8259992805941816,-0.9501214828739533,1.306272122319531
2022-01-24,0.34092161630079487,-0.9501214828739533,1.306272122319531,3.139160316695,1550,1.0112338767184839,-7.467856875368928,-7.782247128973108,-0.4229330319044003,-2.4319796143555172,-2.059380739625616,-5.200669915908341,-2.2129128460430803,-0.6117728784443055,-3.644949716008472,-0.1713897039642428,-2.254117185747648
2022-01-25,-2.431979614355512,-0.1713897039642428,-2.254117185747648,3.834379789219,1548,1.2205186010638573,-9.718219732886224,-7.467856875368928,0.34092161630079487,0.38188627099040584,-2.837702651554652,-1.4818649980731013,0.483106155866575,1.701789419551325,-2.597512867837659,0.1105086717527127,0.27296249085621466
2022-01-26,0.38188627099040234,0.1105086717527127,0.27296249085621466,3.130870886493,1551,0.9724753722399091,-9.373446008840391,-9.718219732886224,-2.431979614355512,-3.2073405293993718,-1.8566609358506514,-0.1567603999003686,2.8166398730412157,2.7134058620817525,-1.013690009142143,0.3186200586732493,-3.5147522895655507
2022-01-27,-3.207340529399378,0.3186200586732493,-3.5147522895655507,4.666765756303,1549,1.424451461558027,-12.280148205396857,-9.373446008840391,0.38188627099040234,1.3954359772075264,3.1516647503890383,3.417795686234215,4.961321116869888,6.97061744387637,3.821000758045656,1.0578809266898626,0.33413427685083963
2022-01-28,1.3954359772075287,1.0578809266898626,0.33413427685083963,3.91807737097,1559,1.1498648533176816,-11.056073834301849,-12.280148205396857,-3.207340529399378,1.7320589987662727,1.9945273567158361,4.761709611120191,4.225579014607472,3.4245126858239994,3.9248994528389813,0.11523427560411001,1.620997451348141
2022-01-31,1.7320589987662665,0.11523427560411001,1.620997451348141,3.723321215814,1559,1.0728849521643486,-9.51551255729285,-11.056073834301849,1.3954359772075287,0.25799965176440676,2.9780687053533983,1.7543646734736962,1.6373736187457189,0.9899908456055151,0.5667845103632496,1.302797624458575,-1.0181285356494485
2022-02-01,0.25799965176441114,1.302797624458575,-1.0181285356494485,3.93105862329,1555,1.1126181882960433,-9.282062894789867,-9.51551255729285,1.7320589987662665,2.7130693441290266,1.4925143399098006,2.187422909553516,1.2128240361064968,2.1962542551556608,0.7622191651489363,0.7682517974374807,1.9251205289446933
2022-02-02,2.7130693441290332,0.7682517974374807,1.9251205289446933,3.782547327126,1553,1.0463758231568359,-5.795756039739652,-9.282062894789867,0.25799965176441114,-1.1883151891118104,-0.5117619772556758,-1.3019229273407373,-0.10040593729471192,-1.5464491757484877,-4.032961335306906,-0.7887410138378713,-0.4090597777498348
2022-02-03,-1.1883151891118096,-0.7887410138378713,-0.4090597777498348,3.747768311767,1549,1.0300178468041508,-6.148363104405197,-5.795756039739652,2.7130693441290332,0.6846894809565907,-0.11497399163505895,-0.27557727347909955,1.914320728460761,-0.6880567614232613,-5.497897850240596,-0.3553186732221642,1.0483814733048655
2022-02-04,0.684689480956593,-0.3553186732221642,1.0483814733048655,3.742635659239,1537,1.0266129694161978,-5.505770818875488,-6.148363104405197,-1.1883151891118096,-0.7942254941779359,-0.9537366201216813,0.4134720326104402,-0.7685889935628909,-2.3391697529006272,-8.072529862544132,-0.1761126658552855,-0.6144203925359277
2022-02-07,-0.794225494177937,-0.1761126658552855,-0.6144203925359277,3.372541124589,1530,0.9245195482688109,-6.256268077558913,-5.505770818875488,0.684689480956593,-0.16078814639401973,1.2173661591821094,2.0316305668538037,-0.6369534651383457,-3.051847211093195,-7.521428267592267,0.028711257350763776,-0.1865697344066188
2022-02-08,-0.16078814639402036,0.028711257350763776,-0.1865697344066188,3.366858796541,1526,0.9249134489371461,-6.4069968864775895,-6.256268077558913,-0.794225494177937,1.3803737829951146,2.1959495398086393,0.18693045072148973,0.9716458644591697,-4.227361496711756,-3.814118985746995,0.7576134458952123,0.6180077270142235
2022-02-09,1.3803737829951142,0.7576134458952123,0.6180077270142235,3.749392017138,1515,1.031366908029481,-4.007030759266539,-6.4069968864775895,-0.16078814639402036,0.8044710493564144,-1.1771936596211452,-1.832017266092656,-1.4474966109933485,-3.6286362427008334,-6.528626305495799,1.0041977295219036,-0.18951366180657936
2022-02-10,0.8044710493564154,1.0041977295219036,-0.18951366180657936,3.921458658727,1513,1.0745019733162084,-1.8450713937931407,-4.007030759266539,1.3803737829951142,-1.9658500147352487,-2.615447795126258,-1.1979962815185319,-2.553495398176431,-2.9443755314240483,-6.668027319647097,-1.851041243874362,-0.12189036012755892
2022-02-14,-1.9658500147352418,-1.851041243874362,-0.12189036012755892,3.678142191898,1515,0.9970948740391169,-3.2662726468799974,-1.8450713937931407,0.8044710493564154,-0.6626239738791506,0.783251278592334,-0.2735228449607052,-1.5827455675661573,0.4838183463672818,-3.9648247638783385,0.17568286136786032,-0.8398886220993982
2022-02-15,-0.6626239738791575,0.17568286136786032,-0.8398886220993982,3.515929533177,1521,0.9571644522174307,-3.5474462893940073,-3.2662726468799974,-1.9658500147352418,1.4555198761152077,0.39169660452491595,0.06361624667072796,-2.4303740979878086,-0.4190577023511888,-2.418403658336754,1.6090162811423343,-0.14371757191684845
2022-02-16,1.4555198761151986,1.6090162811423343,-0.14371757191684845,3.234427489433,1537,0.8705879788931218,-1.1979962815185319,-3.5474462893940073,-0.6626239738791575,-1.0485612541232814,-1.3719348450868862,-2.3476091673389488,-5.148977533900845,-1.4032168795798827,-1.492377988459248,-0.08804609433189173,-0.9605885309306446
2022-02-17,-1.0485612541232912,-0.08804609433189173,-0.9605885309306446,3.395519716738,1534,0.9152953953615025,-2.233995810807976,-1.1979962815185319,1.4555198761151986,-0.3268002922060309,-1.3128135676246488,-2.8110598764255923,-2.2131752687175155,-2.525568797408906,0.4649230743125843,-1.3275983272737397,1.0209769921678706
2022-02-18,-0.32680029220603124,-1.3275983272737397,1.0209769921678706,3.276717177773,1530,0.8933564332466484,-2.553495398176431,-2.233995810807976,-1.0485612541232912,-0.9892461346773795,-2.492404770291823,-3.829582059509562,-0.4011227851063448,-4.843164811771605,1.1699354294558484,-1.382366574414291,0.40371269039321683
2022-02-21,-0.9892461346773781,-1.382366574414291,0.40371269039321683,2.772452925285,1523,0.7620099807227236,-3.5174811783281745,-2.553495398176431,-0.32680029220603124,-1.518177144332311,-2.8687145728591212,-0.9123390114174845,2.0997983797162334,-5.870685406971332,4.095097053249552,-1.4025962072961604,-0.11604023248056736
2022-02-22,-1.5181771443323253,-1.4025962072961604,-0.11604023248056736,3.285333108265,1521,0.9138614662158463,-4.982256727354917,-3.5174811783281745,-0.9892461346773781,-1.371357057947764,0.6151776189223579,2.144737525583351,2.061416529009308,-4.610279750487933,6.050241686432689,-0.6966188727162911,-0.6849660365056772
2022-02-24,-1.3713570579477594,-0.6966188727162911,-0.6849660365056772,4.376813577787,1530,1.2150019622798396,-6.285289256027027,-4.982256727354917,-1.5181771443323253,2.0141559466019254,3.564983232707508,5.115255018736775,3.9490988678163585,0.4314828508672486,7.6329570252331225,1.0181231872312744,0.9693861837769827
2022-02-25,2.014155946601929,1.0181231872312744,0.9693861837769827,3.716894992589,1526,1.024098379429975,-4.397728836736503,-6.285289256027027,-1.3713570579477594,1.520207927728534,3.039871323111343,1.4373963693276481,-0.3194638230148539,-3.009182343935979,4.697188816268261,0.29097392696306673,1.232707104846718
2022-02-28,1.5202079277285367,0.29097392696306673,1.232707104846718,3.999807354041,1534,1.093222051444174,-2.9443755314240483,-4.397728836736503,2.014155946601929,1.4969072920582027,-0.08157150196130836,0.37089334939179874,-4.459931829433328,-3.836616176148222,4.215098326931477,0.9865795538234152,0.49938080740318397
2022-03-01,1.4969072920581972,0.9865795538234152,0.49938080740318397,3.508684586097,1528,0.9678102388949915,-1.491542811401303,-2.9443755314240483,1.5202079277285367,-1.555198908157296,-1.1094071461963728,-3.260228397987841,-7.806561729970096,-4.427223391244128,2.5888987194489177,-1.3051376610233796,-0.25294158493945607
2022-03-02,-1.5551989081572934,-1.3051376610233796,-0.25294158493945607,3.66582089612,1530,1.0168951759051401,-3.023545262040994,-1.491542811401303,1.4969072920581972,0.45283423504003384,-1.7319649904517176,-4.38193473745232,-6.536942662951306,-2.007759627348671,3.4956413989435164,1.2994323926168216,-0.8272647434315684
2022-03-03,0.4528342350400277,1.2994323926168216,-0.8272647434315684,3.204430312211,1532,0.8896153655373448,-2.5844026750594162,-3.023545262040994,-1.5551989081572934,-2.1749503059114716,-4.812974177692131,-6.772286817690098,-3.3839793276343677,-0.09043003844301234,2.9027262884194327,-0.5979124699518616,-1.5859266115333197
2022-03-04,-2.1749503059114863,-0.5979124699518616,-1.5859266115333197,4.326909969567,1539,1.2134782246768467,-4.703143507083696,-2.5844026750594162,0.4528342350400277,-2.696675217676958,-4.699549375293022,-4.889664957717644,-2.6983387370082657,3.0679757089385307,6.189096415846551,-1.7052465215980823,-1.0127927973527397
2022-03-07,-2.6966752176769417,-1.7052465215980823,-1.0127927973527397,4.309703951264,1537,1.1994966909388332,-7.272990219353348,-4.703143507083696,-2.1749503059114863,-2.058382035862283,-2.2537665027856146,1.501249605934074,0.6524128203177604,6.319146942343146,9.672267035216686,-1.3326414075298405,-0.7305349486527198
2022-03-08,-2.058382035862283,-1.3326414075298405,-0.7305349486527198,4.665981481993,1546,1.2885807622617422,-9.181666331070437,-7.272990219353348,-2.6966752176769417,-0.1994907486568942,3.634442350237399,2.0998963018186823,3.6654868308827693,10.587331378442833,10.433954322641581,0.6040811110747496,-0.7920594850798862
2022-03-09,-0.19949074865687763,0.6040811110747496,-0.7920594850798862,3.795811168688,1556,1.0350732143129988,-9.362840504824288,-9.181666331070437,-2.058382035862283,3.8415967289692876,2.3039832839777175,2.9731880391955956,4.845960708592467,11.175755006971166,8.324842488980977,2.7727379714990485,1.050245470542848
2022-03-10,3.8415967289692943,2.7727379714990485,1.050245470542848,3.904838690989,1558,1.0586939774905644,-5.8809263504269405,-9.362840504824288,-0.19949074865687763,-1.4807297782648887,-0.8362821038280899,0.029955755964250486,3.408905962252473,7.17053454747798,4.625528144638014,-1.2108576923698278,-0.27557845365203404
2022-03-11,-1.4807297782648856,-1.2108576923698278,-0.27557845365203404,3.836867709191,1569,1.032733760840195,-7.274575500983227,-5.8809263504269405,3.8415967289692943,0.6541336258240271,1.5333909100514909,2.484729668402741,5.926224044994788,7.945464680513936,5.1192863293506585,0.45585993628076493,0.19790689466410036
2022-03-14,0.6541336258240268,0.45585993628076493,0.19790689466410036,3.093719549267,1569,0.831728375151953,-5.536356381713093,-7.274575500983227,-1.4807297782648856,0.8735431447813635,1.8186993187819134,4.280989212733477,5.63000325897951,8.372952555235047,3.1792011345501248,-0.12551860453512614,0.9983428999687315
2022-03-15,0.873543144781371,-0.12551860453512614,0.9983428999687315,3.190740724361,1562,0.8674639087001088,-4.711175698574854,-5.536356381713093,0.6541336258240268,0.9369713252205258,3.377938319328666,4.326491113484954,6.6770964562701485,7.34113035076378,4.107404120247793,0.9405316657456742,-0.004761184432844851
2022-03-16,0.9369713252205293,0.9405316657456742,-0.004761184432844851,3.712606681515,1555,1.016075129061206,-3.818346738730727,-4.711175698574854,0.873543144781371,2.418308140278258,3.358055768627466,3.7432259159634773,6.0372323889249735,5.6161600197765615,3.6912503890776494,2.029744415479368,0.37964011409316245
2022-03-17,2.418308140278247,2.029744415479368,0.37964011409316245,4.147883843813,1547,1.1321557983454122,-1.1988339473305798,-3.818346738730727,0.9369713252205293,0.9175582426748097,1.2936337259843667,3.1913560964531573,3.637625357528318,2.9958654891760084,0.4087862012326582,-0.014759987539308,0.9371643598397401
2022-03-18,0.9175582426748168,-0.014759987539308,0.9371643598397401,4.644200135861,1548,1.2520162374769146,-0.29227570435549355,-1.1988339473305798,2.418308140278247,0.3726561461239619,2.253124127627615,2.5921314022150366,1.906270759412143,3.02821578229302,-1.3591059674172956,0.9153556348073925,-0.5344846138138617
2022-03-22,0.3726561461239575,0.9153556348073925,-0.5344846138138617,3.922532931764,1571,1.0399601125969664,0.0,-0.29227570435549355,0.9175582426748168,1.8734863195869256,2.211234953132979,2.314056219845795,2.5967520700822977,3.153825241554964,-1.1969270821599598,1.0851530842780093,0.7773890803993003
2022-03-23,1.8734863195869234,1.0851530842780093,0.7773890803993003,4.062291700973,1579,1.0678714686926287,0.0,0.0,0.3726561461239575,0.33153732707891237,0.4324676774845715,-0.33921053383418887,0.622470911331785,-0.1386931521806689,-2.9158812668847456,-0.9396003624698738,1.2904145523547594
2022-03-24,0.33153732707890504,-0.9396003624698738,1.2904145523547594,3.695750030884,1594,0.955321325460123,0.0,0.0,1.8734863195869234,0.10059683434993083,-0.6685314296804523,0.3771768505938633,-0.39709860363386085,-2.564329352034933,-2.9144648313811694,0.696910241831812,-0.5859793932205644
2022-03-25,0.10059683434992683,0.696910241831812,-0.5859793932205644,3.590718653629,1594,0.9232740872732966,0.0,0.0,0.33153732707890504,-0.7683553228989837,0.27630206511319866,0.18918506957070758,-0.6192344393634808,-2.3747258643302738,-4.375561729060873,0.06297585564301879,-0.8316777684496515
2022-03-28,-0.7683553228989887,0.06297585564301879,-0.8316777684496515,3.007345101135,1593,0.7811671958298319,-0.7683553228989837,0.0,0.10059683434992683,1.0527462196272985,0.9649546730637226,0.27325965270958985,1.1009577865229048,-2.618153860866601,-5.01228328745057,0.395251775815459,0.6513735357215016
2022-03-29,1.0527462196273019,0.395251775815459,0.6513735357215016,3.682072853849,1592,0.9653256689952816,0.0,-0.7683553228989837,-0.7683553228989887,-0.08687695272799889,-0.7713660400911593,-0.8930689365620803,0.542973495975918,-4.792479394743632,-5.375122926022103,-0.035704051885818495,-0.05444100041762217
2022-03-30,-0.08687695272799655,-0.035704051885818495,-0.05444100041762217,4.042757786909,1594,1.0643190050036997,-0.08687695272799889,0.0,1.0527462196273019,-0.6850842676985547,-0.8068929878737086,0.1347032877888843,-0.7564553490076675,-3.0125695713739686,-6.101559656491762,-0.708226186481742,0.026076865629281347
2022-03-31,-0.6850842676985542,-0.708226186481742,0.026076865629281347,3.747570129585,1596,0.9797186789634978,-0.7713660400911593,-0.08687695272799889,-0.08687695272799655,-0.12264896896604371,0.8254425324159209,1.3245567167619265,-2.1758711021646393,-1.8225521836227165,-4.080764479376143,-0.7493554988313473,0.629795508275685
2022-04-01,-0.12264896896604371,-0.7493554988313473,0.629795508275685,3.450204942381,1602,0.9010163746409181,-0.8930689365620803,-0.7713660400911593,-0.6850842676985542,0.9492557537768231,1.448982848251834,0.05084792722529485,-1.7664297664276685,-2.5118282910251533,-4.077385232483721,0.22020519525372567,0.7225928071519644
2022-04-04,0.9492557537768238,0.22020519525372567,0.7225928071519644,2.635317039559,1608,0.6860079691959574,0.0,-0.8930689365620803,-0.12264896896604371,0.4950280125827655,-0.8899598316433388,-2.9767423372484725,-3.678611685600941,-4.258369143246233,-4.680612248090233,0.8647637574681375,-0.36763540538686995
2022-04-05,0.49502801258277096,0.8647637574681375,-0.36763540538686995,3.151206087304,1601,0.838768055884493,0.0,0.0,0.9492557537768238,-1.3781655387495317,-3.4546687716695335,-3.169487287506023,-5.306639246086242,-4.2177324142141925,-6.980899101199888,-0.8314871137165213,-0.5521471014082053
2022-04-06,-1.378165538749537,-0.8314871137165213,-0.5521471014082053,3.338939920453,1603,0.9026550659903428,-1.3781655387495317,0.0,0.49502801258277096,-2.105520794926885,-1.8163541152343088,-2.8136925877747188,-2.2733108035392413,-2.781045234002677,-6.113976383259978,-1.3381090350612357,-0.7812733336866523
2022-04-07,-2.1055207949268846,-1.3381090350612357,-0.7812733336866523,3.360730530029,1592,0.9251409169846843,-3.4546687716695335,-1.3781655387495317,-1.378165538749537,0.2953860953556209,-0.7234031976045663,-1.9182392880674692,0.36117767929313427,-0.3593504073177489,-4.285638833917471,0.6944826726807971,-0.39586755195899004
2022-04-08,0.2953860953556178,0.6944826726807971,-0.39586755195899004,3.554763199231,1589,0.9844494936060827,-3.169487287506023,-3.4546687716695335,-2.1055207949268846,-1.015788794104222,-2.207105899486228,-0.46541018535942724,-0.7588022331114774,-2.0495060141393795,-6.465753816219322,-0.19443484686036996,-0.823249152921538
2022-04-11,-1.0157887941042238,-0.19443484686036996,-0.823249152921538,2.901803312888,1590,0.8075344932681422,-4.1530807849131985,-3.169487287506023,0.2953860953556178,-1.2035425557960666,0.5560266653031665,1.0924839406577291,-0.6018989840064659,-2.4584966515867612,-3.3073952889884684,-0.5886894679141473,-0.6160465762662349
2022-04-12,-1.203542555796064,-0.5886894679141473,-0.6160465762662349,3.071602567681,1592,0.8660555310001877,-5.306639246086242,-4.1530807849131985,-1.0157887941042238,1.7810043665715147,2.323996786777993,1.4809906994736721,1.1499294387722347,-0.6119721714991311,-2.1805377788118863,0.26392184738674057,1.5113205964479273
2022-04-13,1.7810043665715207,0.26392184738674057,1.5113205964479273,3.266195739245,1589,0.9212093979612895,-3.6201463562057223,-5.306639246086242,-1.203542555796064,0.5334909235625851,-0.29476390900733396,-1.1515228750672013,-0.5195453101278669,-3.1849385755105764,-3.669352957477945,0.3248613555162306,0.20966127528164086
2022-04-14,0.5334909235625808,0.3248613555162306,0.20966127528164086,2.789811329809,1588,0.7860118747924199,-3.1059685848731866,-3.6201463562057223,1.7810043665715207,-0.823859616294087,-1.6760721060715134,-1.1474017677908788,-0.7179350654028194,-2.300133427767437,-3.397292830513876,-0.8970863553352911,0.07662087754776312
2022-04-15,-0.8238596162940879,-0.8970863553352911,0.07662087754776312,2.483834368942,1581,0.7090217746488818,-3.9042393803017217,-3.1059685848731866,0.5334909235625808,-0.8592918483016909,-0.3262298273002173,-0.22544593436937266,-1.3005725546155533,-1.605894247490991,-3.556206555911978,-0.6382298150205654,-0.22077286954733594
2022-04-18,-0.8592918483016939,-0.6382298150205654,-0.22077286954733594,2.234902375647,1568,0.6534835862942804,-4.729982417870304,-3.9042393803017217,-0.8238596162940879,0.5376822810119641,0.6393397079254903,0.9744698581431122,-1.8678401786383914,-0.44102351408212837,-1.7250128983452462,0.7173915576136827,-0.17500695139246863
2022-04-19,0.5376822810119573,0.7173915576136827,-0.17500695139246863,2.639542727603,1538,0.7999783918490416,-4.2177324142141925,-4.729982417870304,-0.8592918483016939,0.1011137561629516,0.43445160781634407,-0.9775317273813755,-1.7418713191865054,-2.8848415856420506,-1.0050341488238024,0.8521272367953214,-0.7419059550094137
2022-04-20,0.10111375616294341,0.8521272367953214,-0.7419059550094137,3.184121951847,1528,0.9841606680523495,-4.120883365720152,-4.2177324142141925,0.5376822810119573,0.3330011416909473,-1.077555926272522,-2.491252321249504,-2.679313513083559,-3.4282729713352222,-2.5367097247060766,0.04811212387027494,0.28620260289227895
2022-04-21,0.3330011416909564,0.04811212387027494,0.28620260289227895,2.946954865367,1526,0.9233878215973197,-3.8016048126848,-4.120883365720152,0.10111375616294341,-1.4058754865425294,-2.8148798808001696,-2.1669087570678425,-1.593639660302093,-3.9404484441338705,-3.5567741329085023,-1.1888658163585524,-0.21999781897430704
2022-04-22,-1.405875486542537,-1.1888658163585524,-0.21999781897430704,2.85303066621,1526,0.9045696826598616,-5.154034469070579,-3.8016048126848,0.3330011416909564,-1.4290957003886273,-0.7718850127031995,-1.619205430890125,-0.30934494837305815,-4.508652914723877,-1.791983772561423,-1.825446862769734,0.40710882287312916
2022-04-25,-1.4290957003886309,-1.825446862769734,0.40710882287312916,2.909085451171,1513,0.9332560512784476,-6.509474084465172,-5.154034469070579,-1.405875486542537,0.6667390264451623,-0.1928659697831736,1.2566123486807301,1.4539745860619124,-0.8702948060678173,0.08253092726162592,0.7196355668092123,-0.04840170604837487
2022-04-26,0.6667390264451629,0.7196355668092123,-0.04840170604837487,2.999427177151,1505,0.9637573409232919,-5.886136262157471,-6.509474084465172,-1.4290957003886309,-0.8539116341123698,0.5859664551968846,0.46613811457503207,-1.163232275843995,-1.5782238983747532,1.6369775410501441,-1.5935842221716268,0.7593343673505188
2022-04-27,-0.8539116341123728,-1.5935842221716268,0.7593343673505188,4.437977649666,1480,1.441795884234175,-6.68978549392757,-5.886136262157471,0.6667390264451629,1.45227927096383,1.331418889483471,1.650022888490632,-0.7695788894299893,-0.5003502294373741,2.030606948632818,0.11402871768630933,1.3311030689747487
2022-04-28,1.452279270963821,0.11402871768630933,1.3311030689747487,3.837787726186,1490,1.2388548062294347,-5.334660590964003,-6.68978549392757,-0.8539116341123728,-0.11913027715971802,0.19491293734137383,-1.739008723269586,-2.384814127593593,-1.1229896633843106,1.9076242087037398,-0.4632092684953791,0.3549601977715327
2022-05-02,-0.11913027715971972,-0.4632092684953791,0.3549601977715327,3.398794716624,1484,1.0955506601038094,-5.447435672176171,-5.334660590964003,1.452279270963821,0.3144177812753446,-1.6218105134695682,-2.0733922429379104,-4.2123386230897175,-1.9821434358340717,1.3619822049482755,-0.0841365711244624,0.3977341390712953
2022-05-06,0.314417781275354,-0.0841365711244624,0.3977341390712953,3.878212600579,1483,1.2511204827644553,-5.150145597277678,-5.447435672176171,-0.11913027715971972,-1.9301595299756946,-2.380325856468224,-2.5747086247265294,-2.29095942432308,-1.2896771638112647,1.6557407424948822,-0.8078962979897607,-1.1324423389374112
2022-05-09,-1.9301595299756922,-0.8078962979897607,-1.1324423389374112,3.384226375859,1477,1.0703019005538723,-5.681027526061411,-5.150145597277678,0.314417781275354,-0.4590262657051314,-0.6572347743828977,-2.633234178369215,-0.4198757528058428,1.9356478097865448,4.169445769845526,-0.8643406050375878,0.41121243030912735
2022-05-10,-0.45902626570511534,-0.8643406050375878,0.41121243030912735,3.800453863087,1477,1.1975261899564644,-4.439811780711345,-5.681027526061411,-1.9301595299756922,-0.19912253340704789,-2.1842341209838967,0.09154551367764885,0.2713166556983726,0.9232135264232166,4.799538464128261,-0.5405159939131277,0.3446274595874872
2022-05-11,-0.1991225334070477,-0.5405159939131277,0.3446274595874872,3.616683902166,1477,1.1313935650128464,-4.630093648422129,-4.439811780711345,-0.45902626570511534,-1.9890722786894743,0.2912479874558116,0.23892934834055524,1.2926518071262327,0.3994129735263474,6.370416834981829,-0.9120673593814084,-1.097861669772045
2022-05-12,-1.9890722786894786,-0.9120673593814084,-1.097861669772045,3.725334889789,1471,1.1607355008142266,-6.527070017873482,-4.630093648422129,-0.1991225334070477,2.326597981634526,2.2732175674994526,2.5103834280860493,2.328269795083693,2.8449374996630805,8.692743727845276,0.46185048797813083,1.8578445617447477
2022-05-13,2.3265979816345324,0.46185048797813083,1.8578445617447477,4.051309485373,1474,1.2589568259467312,-4.352330715534669,-6.527070017873482,-1.9890722786894786,-0.05216670463786821,0.17960672012620194,0.9984957209782319,1.0247590751198965,0.9611909280526909,4.925060023740913,1.190566938384175,-1.221276039357425
2022-05-16,-0.05216670463788259,1.190566938384175,-1.221276039357425,3.633488904333,1485,1.1093049185795887,-4.402226952663312,-4.352330715534669,2.3265979816345324,0.23189439642892218,1.0512108076532467,0.053828586695137126,2.3654555368349595,3.2667581980079907,2.8161576774051067,-0.03866808772326063,0.27202235738017666
2022-05-17,0.23189439642892223,-0.03866808772326063,0.27202235738017666,3.172537287203,1496,0.960339271209764,-4.180541073855693,-4.402226952663312,-0.05216670463788259,0.8174208580592479,-0.17765384043277876,0.8436371260218678,0.6501329517425658,2.543684509348876,1.6766259023439867,0.640501943645347,0.17629366774899297
2022-05-18,0.8174208580592505,0.640501943645347,0.17629366774899297,3.424946882985,1501,1.0382163411037177,-2.6987329150296224,-4.180541073855693,0.23189439642892223,-0.9870066998569627,0.026003708227695377,1.3005729656058396,-0.8818397165677005,3.0650338858048576,-0.6560909980311114,-2.3064250328643423,1.3606443039587022
2022-05-19,-0.987006699856959,-2.3064250328643423,1.3606443039587022,3.531126785804,1510,1.0601969988502602,-3.6591029402039954,-2.6987329150296224,0.8174208580592505,1.0231085580999277,2.310383303460317,0.8292600044203846,0.5049119911966216,3.411751448158995,0.5579975963782458,0.2683140954253216,0.7524405698611942
2022-05-20,1.023108558099926,0.2683140954253216,0.7524405698611942,3.439544093995,1516,1.0167149939861329,-2.6734309774349874,-3.6591029402039954,-0.987006699856959,1.274237908270326,-0.1918853581584834,-0.9076074132118195,-0.06292333448667531,2.9839005908167238,-1.9325961865216512,0.8002319786962512,0.47344152128481276
2022-05-23,1.2742379082703204,0.8002319786962512,0.47344152128481276,3.122534816193,1515,0.9068622660044263,-1.4332589401305662,-2.6734309774349874,1.023108558099926,-1.44767642463699,-2.1543932262994336,-1.7646999786019246,0.8804754069098086,2.1913805504304884,-4.310043949786612,-0.16011313141492822,-1.2861538816219267
2022-05-24,-1.4476764246370022,-0.16011313141492822,-1.2861538816219267,3.04799848538,1516,0.8790497033507094,-2.860186412987298,-1.4332589401305662,1.2742379082703204,-0.7170980612364874,-0.3216804459435174,0.1292099586637674,1.8813204732816224,3.8408655474393427,-0.5440889729992127,-0.031837349998314016,-0.685725943419184
2022-05-25,-0.7170980612364971,-0.031837349998314016,-0.685725943419184,3.098813852441,1526,0.8954626888509246,-2.1855793714778304,-2.860186412987298,-1.4476764246370022,0.3982736277560184,0.852420712301738,3.1016912596069313,3.9819883572155934,5.947249774288954,-0.5322977692360786,0.1772434839151444,0.22088114065591044
2022-05-26,0.3982736277560244,0.1772434839151444,0.22088114065591044,3.123675161902,1522,0.9006706597955119,-1.7960103299720753,-2.1855793714778304,-0.7170980612364971,0.4523455116664188,2.6926933443838896,2.2101104122551174,2.892236209526766,5.686041890201299,-0.6131150963985421,1.1849075764642216,-0.7183059855787954
2022-05-27,0.4523455116664291,1.1849075764642216,-0.7183059855787954,3.417433190022,1528,0.9815421052392304,-1.3517889904223535,-1.7960103299720753,0.3982736277560244,2.2302593546283056,1.7498495347573195,3.1031160410531555,3.048742295615714,3.926131476116357,0.6334117459838806,1.1067075150015206,1.1091317209338356
2022-05-30,2.2302593546283007,1.1067075150015206,1.1091317209338356,4.763773248579,1517,1.3583166550458865,0.0,-1.3517889904223535,0.4523455116664291,-0.4699291803657468,0.8538144106599477,0.19431067454205309,1.2994636853494557,-0.43634614707170893,-0.6192847792496625,-0.07498085996977934,-0.39461283673519665
2022-05-31,-0.4699291803657431,-0.07498085996977934,-0.39461283673519665,6.072339266941,1545,1.6889505869238972,-0.4699291803657468,0.0,2.2302593546283007,1.329993619139036,0.667376049708146,1.2765549696608591,1.9233604993092124,-0.8455504706638806,1.081292319961502,0.17850979533709171,1.1509229405997001
2022-06-01,1.32999361913904,0.17850979533709171,1.1509229405997001,3.323987814694,1532,0.9039820270341791,0.0,-0.4699291803657468,-0.4699291803657431,-0.6539204689200107,-0.05273724745215036,0.4418764697137867,1.8900017667694335,-3.6104629703600066,-0.5336764650660575,-0.24975882473766656,-0.4076433711244513
2022-06-02,-0.6539204689200144,-0.24975882473766656,-0.4076433711244513,2.930894761393,1531,0.8026856114809405,-0.6539204689200107,0.0,1.32999361913904,0.6051403581354142,1.103009745131378,1.247657879729469,2.7152735557086194,-2.7596030546019334,-0.8624967679193962,0.8794153780431722,-0.27222176019970973
2022-06-03,0.6051403581354237,0.8794153780431722,-0.27222176019970973,3.101588402872,1527,0.8549111507701738,-0.05273724745215036,-0.6539204689200107,-0.6539204689200144,0.49487470046127857,0.6386527758987404,1.943764101905887,0.8514312362820409,-4.774044048761539,-3.0734386624373555,-0.5768636102455243,1.082726316938311
2022-06-06,0.4948747004612854,-0.5768636102455243,1.082726316938311,2.739779555666,1534,0.7633538112101698,0.0,-0.05273724745215036,0.6051403581354237,0.1430700579168942,1.4417545230671847,1.5946743965798538,-1.7135429638727828,-6.362008679400033,-2.790058095902914,0.2700668153884943,-0.1280804820684908
2022-06-07,0.14307005791690153,0.2700668153884943,-0.1280804820684908,3.113306589299,1538,0.8752835003395606,0.0,0.0,0.4948747004612854,1.296829091018692,1.4495304945448817,0.21142816851602575,-2.7166598083192772,-4.222763838996812,-2.339489461382782,0.6240311183731881,0.6713311636177192
2022-06-08,1.2968290910186984,0.6240311183731881,0.6713311636177192,3.450919734667,1541,0.9796638698752602,0.0,0.0,0.14307005791690153,0.15074647932857843,-1.0715053296756039,-3.110452398792529,-5.398434234715433,-6.115824202448983,-4.254235178909349,-0.1279102623670022,0.27852736297329933
2022-06-09,0.15074647932857457,-0.1279102623670022,0.27852736297329933,3.644827521331,1548,1.0371516659002609,0.0,0.0,1.2968290910186984,-1.2204120807591368,-3.256290135385287,-4.106662970794317,-5.330148497673237,-5.960254423326894,-3.8637517560233703,-0.8551361455992197,-0.36787152082450036
2022-06-10,-1.2204120807591496,-0.8551361455992197,-0.36787152082450036,3.609948001538,1544,1.0284045172934584,-1.2204120807591368,0.0,0.15074647932857457,-2.061031127494295,-2.9219102355386273,-4.373794344550741,-5.577982598842645,-3.1683270447617873,-2.0785934552241203,-1.7810199811059637,-0.29122238664306516
2022-06-13,-2.0610311274942887,-1.7810199811059637,-0.29122238664306516,3.441029598051,1540,0.9864847251365008,-3.256290135385287,-1.2204120807591368,-1.2204120807591496,-0.8789954784647613,-2.3614330880562417,-2.1436622238181213,-4.729507864769822,-0.18374037623024586,1.253961889328048,-1.6201626420171007,0.7591834469914687
2022-06-14,-0.8789954784647555,-1.6201626420171007,0.7591834469914687,3.689436357507,1539,1.060624711344831,-4.106662970794317,-3.256290135385287,-2.0610311274942887,-1.4955837228923574,-1.2758816876987988,-2.7360163037286833,-1.548162334588843,1.943274154384067,0.42189484650003717,-0.14733838310366823,-1.3497438301778237
2022-06-15,-1.4955837228923623,-0.14733838310366823,-1.3497438301778237,3.262441967794,1539,0.9309572054400733,-5.540828110741424,-4.106662970794317,-0.8789954784647555,0.22303775150092076,-1.259265957524991,-2.4253477407644275,-0.7583277950319101,3.192033700035135,2.2451473404142996,1.4587446151159629,-1.197833732937403
2022-06-16,0.2230377515009308,1.4587446151159629,-1.197833732937403,3.187121623285,1537,0.9115776697656327,-5.330148497673237,-5.540828110741424,-1.4955837228923623,-1.4790049695971308,-2.642491738109065,-0.27579952249229267,-0.6655824590980464,1.9509446138396447,2.5337814452885965,-2.1618566988355146,0.7007405924018929
2022-06-17,-1.4790049695971301,-2.1618566988355146,0.7007405924018929,4.955959513728,1529,1.4245071062031716,-6.730320306102877,-5.330148497673237,0.2230377515009308,-1.1809531239030724,1.2212680624404282,0.5073267556200189,2.5520060049588844,1.7858632862609358,3.8099738705218433,0.7240572430810367,-1.8911288649870819
2022-06-20,-1.1809531239030735,0.7240572430810367,-1.8911288649870819,3.202696665303,1544,0.9009269594886652,-7.8317915021023365,-6.730320306102877,-1.4790049695971301,2.4309293221128847,1.7084559433566682,2.030566839994652,4.771432776989504,3.814638196656084,5.839880184839985,1.0991178902437027,1.3166632912270122
2022-06-21,2.4309293221128896,1.0991178902437027,1.3166632912270122,3.102980852304,1538,0.8718935915398115,-5.591247496060814,-7.8317915021023365,-1.1809531239030735,-0.7053273689280437,-0.3908609291820575,1.3146821493063676,3.546339582648095,1.9663068732200806,5.105042450133834,0.7792042819256548,-1.4699679185286394
2022-06-22,-0.7053273689280558,0.7792042819256548,-1.4699679185286394,3.032876831785,1537,0.8515375749933609,-6.257138266134643,-5.591247496060814,2.4309293221128896,0.3167002130259222,2.034358404845893,3.0115262346905203,3.9805470900452056,1.982857076525768,6.824606795336718,0.013297041492445713,0.3042676586043755
2022-06-23,0.3167002130259188,0.013297041492445713,0.3042676586043755,3.127956822828,1535,0.8790467746682842,-5.960254423326894,-6.257138266134643,-0.7053273689280558,1.712235538222906,2.686318445425395,3.9526498758622575,2.634058906984893,2.2293793485374636,6.707401405605307,0.5155264718213994,1.1846527140254095
2022-06-24,1.7122355382229077,0.5155264718213994,1.1846527140254095,3.404680205273,1530,0.9567565256389318,-4.350072479508693,-5.960254423326894,0.3167002130259188,0.9576850828693306,2.202698943528203,1.9073856254158361,-0.7470772621072874,1.1253896130054564,4.275828241342294,1.1598838474651174,-0.2016247317925673
2022-06-27,0.9576850828693361,1.1598838474651174,-0.2016247317925673,3.169400672832,1522,0.8907997368182049,-3.4340473918696213,-4.350072479508693,1.7122355382229077,1.2332036532304747,0.9406916786641517,-0.05089240634160719,-0.913220860852404,1.440348767803279,3.6801431709550414,-0.13621028971993207,1.373313456774482
2022-06-28,1.233203653230469,-0.13621028971993207,1.373313456774482,3.287304330423,1496,0.9451141873870404,-2.243192536529348,-3.4340473918696213,0.9576850828693361,-0.2889486492675952,-1.268453445344564,-2.886201867589988,-1.52591845911354,-1.4923783059783147,2.3264544684967747,-0.9091604116518798,0.6335212980245712
2022-06-29,-0.28894864926761166,-0.9091604116518798,0.6335212980245712,4.328045859588,1481,1.2962269357496898,-2.5256595112621683,-2.243192536529348,1.233203653230469,-0.9823432636685059,-2.604779694064785,-1.8366354625529269,-1.921215140164123,-0.917596374128371,3.023593722004847,-0.016758177919701755,-0.9636143116273616
2022-06-30,-0.9823432636685004,-0.016758177919701755,-0.9636143116273616,3.721610521237,1498,1.0980923733704364,-3.483192128858592,-2.5256595112621683,-0.28894864926761166,-1.6385324434778026,-0.8627675376718491,-0.26077279527515485,-0.394293631916276,0.5716836010265292,3.714994727639409,0.0003929250640795232,-1.6348455562600126
2022-07-01,-1.6385324434778132,0.0003929250640795232,-1.6348455562600126,3.713384762499,1503,1.0830313378302503,-5.064651339236392,-3.483192128858592,-0.9823432636685004,0.7886878114747198,1.400710748252032,0.7018460985595221,1.8865609429533414,1.9885969612187804,6.7623701859908625,0.9650669575382514,-0.1743728822262862
2022-07-04,0.7886878114747192,0.9650669575382514,-0.1743728822262862,2.913553542462,1505,0.8422414476157614,-4.315907815567921,-5.064651339236392,-1.6385324434778132,0.6072337581397136,-0.08616216244190511,0.47255092170703783,2.375261007677487,1.950825069916906,4.429966935786811,0.47547488691638223,0.13278214003037858
2022-07-05,0.6072337581397195,0.47547488691638223,0.13278214003037858,2.872568461299,1505,0.8283131244800309,-3.734881706654525,-4.315907815567921,0.7886878114747192,-0.6892107999396324,-0.13386993300744665,0.4791388453948109,0.034059879117842584,3.07820855061105,3.897848168127016,-0.5750722544269131,-0.12155137951378928
2022-07-06,-0.6892107999396407,-0.5750722544269131,-0.12155137951378928,3.538659192718,1503,1.0239361990188731,-4.398351298506931,-3.734881706654525,0.6072337581397195,0.5591948985658179,1.1764579203784598,2.463545814465884,1.0232781405989266,4.747611370779503,5.090905829306092,0.5221158059751245,0.03940891947605581
2022-07-07,0.5591948985658196,0.5221158059751245,0.03940891947605581,3.461358869754,1493,1.0002990195471162,-2.6759978766314974,-4.398351298506931,-0.6892107999396407,0.6138305128986721,1.8937611004354205,0.1681549210053701,0.9698010969101611,4.380367058476042,4.999003489486542,0.5562228820029725,0.05776699548031055
2022-07-08,0.6138305128986628,0.5562228820029725,0.05776699548031055,4.203657180453,1490,1.218045082972489,-1.0540908818053807,-2.6759978766314974,0.5591948985658196,1.272121915060831,-0.44295658918994674,-0.1513986385054844,0.10014668992759379,3.115378482489084,4.414292772712791,1.2273150182749837,0.04855860224467277
2022-07-11,1.2721219150608378,1.2273150182749837,0.04855860224467277,3.109757155383,1503,0.8933937089388702,0.0,-1.0540908818053807,0.6138305128986628,-1.693534678466846,-1.405639110396295,-0.9067876124569829,-0.4145883815903084,2.2079916230164365,3.0307099352254507,-0.4872485332327264,-1.212208162980672
2022-07-12,-1.6935346784668575,-0.4872485332327264,-1.212208162980672,2.884261739157,1494,0.8325735580435588,-1.693534678466846,0.0,1.2721219150608378,0.29285517196546706,0.8003004313466455,0.5455196945498786,3.0431121911594916,3.876687619499042,4.06017636712237,0.17728586964075468,0.11535453944166617
2022-07-13,0.2928551719654719,0.17728586964075468,0.11535453944166617,2.447045016759,1490,0.7146714739410209,-1.405639110396295,-1.693534678466846,-1.6935346784668575,0.5059635190473921,0.2519267420906468,1.0051799310466292,3.6866089664970625,3.9776892282658904,5.550865515575709,-0.2810991127406012,0.7872857774846383
2022-07-14,0.5059635190474023,-0.2810991127406012,0.7872857774846383,2.650708844576,1490,0.7834814313315164,-0.9067876124569829,-1.405639110396295,0.2928551719654719,-0.2527579141197944,0.4967032746316935,2.2250050349208905,3.377807943082334,3.125443478785317,5.54745870690192,0.23145954231976604,-0.48151470215142417
2022-07-15,-0.2527579141197927,0.23145954231976604,-0.48151470215142417,2.952734433676,1485,0.8797264599832639,-1.1572535491220393,-0.9067876124569829,0.5059635190474023,0.7513603114021272,2.484041560675321,3.4260510855242954,3.0122151587864687,4.680693103943101,6.34035335315859,0.5962129942994864,0.15698992394717726
2022-07-19,0.7513603114021249,0.5962129942994864,0.15698992394717726,2.853489516942,1465,0.8763083041383793,-0.4145883815903084,-1.1572535491220393,-0.2527579141197927,1.719759657753328,2.654744080730276,2.8668648568275223,2.6334981820991255,2.431703582751532,6.742030925991949,1.3838039808137133,0.32948538929492965
2022-07-20,1.7197596577533338,1.3838039808137133,0.32948538929492965,3.445468499886,1467,1.0638096357359867,0.0,-0.4145883815903084,0.7513603114021249,0.9191767913361071,1.1277112755021523,0.5153715545053394,0.8089579309222827,0.7951628467752547,4.563370489451879,-0.12431324596689398,1.046456354419085
2022-07-21,0.9191767913360972,-0.12431324596689398,1.046456354419085,2.964300053575,1472,0.9104322216208944,0.0,0.0,1.7197596577533338,0.2066351418989809,-0.40012735901095997,-0.020696460569258335,0.2807308143936815,0.3277348800932778,3.734263690723827,-0.028780115182561062,0.23684462640499584
2022-07-22,0.20663514189897256,-0.028780115182561062,0.23684462640499584,3.04036708252,1477,0.9347792840334634,0.0,0.0,0.9191767913360972,-0.6055113017722991,-0.22686282414964287,-0.3151988120362881,-0.2441186066123313,0.5926750867468522,2.897361615429639,-0.338670582990722,-0.26757127667842723
2022-07-25,-0.6055113017722941,-0.338670582990722,-0.26757127667842723,2.456821129401,1479,0.7563830140741435,-0.6055113017722991,0.0,0.20663514189897256,0.38095520444023645,0.29208107364728786,0.6835934176932179,1.619689415070602,1.2596707778600447,3.0437720450511074,0.04263945548217889,0.344342310026632
2022-07-26,0.38095520444023023,0.04263945548217889,0.344342310026632,2.502464386899,1475,0.7818430228924449,-0.22686282414964287,-0.6055113017722991,-0.6055113017722941,-0.08853684507379445,0.30148967265415383,-0.01729501842994141,-0.196616702072816,0.8049451898473059,2.80697466864126,-0.16996602726485113,0.08466462261238204
2022-07-27,-0.08853684507379792,-0.16996602726485113,0.08466462261238204,2.724836692353,1473,0.8602814906963888,-0.3151988120362881,-0.22686282414964287,0.38095520444023023,0.3903721409055594,0.07130495780387491,1.323741941747536,-0.01368438324349519,0.17664093053819663,3.5462503957621294,0.6273378394955309,-0.2311810351909423
2022-07-28,0.3903721409055666,0.6273378394955309,-0.2311810351909423,3.700189928162,1463,1.178684224177559,0.0,-0.3151988120362881,-0.08853684507379792,-0.317826477078742,0.9297403535190929,-0.4966091494279845,0.046872480204207534,1.5129940845830525,3.2538877186895965,0.14119257155362447,-0.45821854753663077
2022-07-29,-0.31782647707873,0.14119257155362447,-0.45821854753663077,3.713496170918,1457,1.1948716994411543,-0.317826477078742,0.0,0.3903721409055666,1.2515445706156925,-0.17935270272586568,-0.08492878261476822,0.8388414614465489,2.348610727298195,1.9286021678955878,0.3281617517536637,0.9229183907137413
2022-08-01,1.2515445706156854,0.3281617517536637,0.9229183907137413,3.441729103525,1457,1.1075712596579623,0.0,-0.317826477078742,-0.31782647707873,-1.4132103163558285,-1.3199535462872558,-0.8747351080291565,-0.35428039515064125,1.5854501914383867,1.817197243348434,-0.3822905837202288,-1.0332135452404112
2022-08-02,-1.4132103163558247,-0.3822905837202288,-1.0332135452404112,3.26691030065,1451,1.0559289056314898,-1.4132103163558285,0.0,1.2515445706156854,0.09459357624670428,0.5461940794041498,1.0200236040747601,1.0035350093596573,4.208001226649749,3.111308376525157,0.20007823075841877,-0.10589968838540394
2022-08-03,0.09459357624669575,0.20007823075841877,-0.10589968838540394,3.307070250596,1461,1.0628399403562965,-1.3199535462872558,-1.4132103163558285,-1.4132103163558247,0.45117372179890314,0.9245554577562043,0.978590085676112,0.19035136219160975,3.7384806336439924,1.5079670213397955,0.5379554344225648,-0.08412264024168381
2022-08-04,0.45117372179891024,0.5379554344225648,-0.08412264024168381,3.291215473597,1467,1.050410396761159,-0.8747351080291565,-1.3199535462872558,0.09459357624669575,0.4712555547318198,0.5250474875862388,0.4548565305160679,1.4654347187803785,3.3954008975702,0.3319181182365183,-0.1793940119947537,0.6528734495864869
2022-08-05,0.47125555473182623,-0.1793940119947537,0.6528734495864869,3.257721096954,1463,1.0438422456853724,-0.407601791083112,-0.8747351080291565,0.45117372179891024,0.05353962440046711,-0.01632210538747847,-0.7274781565640875,1.4972100472107064,2.2911077041099848,0.17268504854519584,-0.11857871648452224,0.16962835165183315
2022-08-08,0.053539624400460784,-0.11857871648452224,0.16962835165183315,3.056631213397,1467,0.9826145956693015,-0.35428039515064125,-0.407601791083112,0.47125555473182623,-0.06982434609529298,-0.7805998507363965,0.9354755403724324,1.9466271047879902,1.7619070390866298,0.21936886710944847,0.03432463380334284,-0.1003036767996362
2022-08-09,-0.06982434609528933,0.03432463380334284,-0.1003036767996362,3.23462057792,1458,1.0593639858327097,-0.423857367276681,-0.35428039515064125,0.053539624400460784,-0.71127214576584,1.0060023210100688,1.5137792332399647,3.1726277867335506,1.986042921826403,-0.564118584565787,-0.3326341175363539,-0.3774301424058793
2022-08-10,-0.7112721457658363,-0.3326341175363539,-0.3774301424058793,2.909140253972,1448,0.9508224535316833,-1.1321147336513016,-0.423857367276681,-0.06982434609528933,1.7295764623926235,2.240990923231889,2.748683172264288,3.5413881907907285,3.3636678510316598,1.8006080294551197,1.1149388550676074,0.614423731523953
2022-08-12,1.7295764623926206,1.1149388550676074,0.614423731523953,4.234608101878,1448,1.383475461721801,0.0,-1.1321147336513016,-0.7112721457658363,0.5027195419694985,1.001780156087051,2.145046250655147,1.9020922584512379,1.7149465935917263,1.1291003315209824,0.369575924155498,0.13261697306162099
2022-08-15,0.5027195419694986,0.369575924155498,0.13261697306162099,3.011724060934,1481,0.9560342376083166,0.0,0.0,1.7295764623926206,0.4965642884013244,1.6341117097829594,1.2718942332388572,0.7821866793481513,-0.4103705525829837,1.5771986174188735,0.08251527789863407,0.41270285382550415
2022-08-16,0.49656428840132794,0.08251527789863407,0.41270285382550415,2.839458440614,1489,0.896215361077514,0.0,0.0,0.5027195419694986,1.1319266777291448,0.7714989565339891,0.8913824102633194,-0.18119291530015458,0.22813016182270385,1.2937725931937871,0.4656414231978281,0.6629654544940067
2022-08-17,1.131926677729146,0.4656414231978281,0.6629654544940067,3.388029030392,1498,1.0712752098777383,0.0,0.0,0.49656428840132794,-0.35639360688114463,-0.23785195770308354,-0.8382274573988435,-1.1500965811977903,-1.0524075284193524,-1.3483804737746685,-0.6213913792002047,0.2705139948052533
2022-08-18,-0.35639360688113975,-0.6213913792002047,0.2705139948052533,2.682765829648,1512,0.8411664331548869,-0.35639360688114463,0.0,1.131926677729146,0.1189656350959245,-0.48355721752656455,-0.9453981350868612,-0.17164183604684302,-2.1501313675311384,-0.9137214555011597,0.5243750033151966,-0.40053901498782973
2022-08-19,0.11896563509591998,0.5243750033151966,-0.40053901498782973,2.767380355402,1503,0.8781975122215435,-0.23785195770308354,-0.35639360688114463,-0.35639360688113975,-0.6018069092109002,-1.063099047649052,-0.9144195883872941,-0.18365242627683687,-2.9628810882686762,-2.0802464780051433,-0.9414063152826698,0.34075751380696895
2022-08-22,-0.6018069092108993,-0.9414063152826698,0.34075751380696895,2.478349590429,1503,0.788941859542975,-0.8382274573988435,-0.23785195770308354,0.11896563509591998,-0.46408503423881475,-0.3145053943695575,0.31343099970073673,-1.1833016044049738,-2.070974401501857,-1.245247989706355,-0.6237045824112178,0.16197933926204633
2022-08-23,-0.46408503423881486,-0.6237045824112178,0.16197933926204633,2.711303281286,1492,0.8708893367447323,-1.2984224034549907,-0.8382274573988435,-0.6018069092108993,0.1502770531829789,0.7811411933140056,0.8888964712931324,0.41006608782203635,-1.5158306451398262,-2.039818718576991,0.2374862323791084,-0.08512750317520608
2022-08-24,0.15027705318296802,0.2374862323791084,-0.08512750317520608,2.640810241187,1499,0.844793753238091,-1.1500965811977903,-1.2984224034549907,-0.46408503423881486,0.6299175186465167,0.7375111081499242,-0.8715372416744249,0.09882564312131414,-2.5005004933341013,-2.2872535568086105,0.42977425659036145,0.19851139561186065
2022-08-25,0.6299175186465066,0.42977425659036145,0.19851139561186065,2.334840142523,1499,0.7452649351674097,-0.5274237223975908,-1.1500965811977903,0.15027705318296802,0.10692008118109442,-1.4920560379498737,-0.36819895180606466,-1.981891286076165,-1.5121946173864753,-5.157179497939013,0.41850600811615574,-0.3069471429282539
2022-08-26,0.10692008118108473,0.41850600811615574,-0.3069471429282539,2.400761015707,1501,0.7711059512032337,-0.4210675630886507,-0.5274237223975908,0.6299175186465066,-1.597268318548084,-0.47461157790276154,-0.6340095739936658,-2.7843421739501495,-0.5759687063608521,-4.7096328304449875,-2.266678609373794,0.6872013729601296
2022-08-29,-1.5972683185480814,-2.266678609373794,0.6872013729601296,3.118212892434,1497,1.0228920153832592,-2.0116103028518406,-0.4210675630886507,0.10692008118108473,1.1408796498450613,0.9788943132927219,-0.4972545648856519,-0.8983024240935888,1.9957591779687256,-4.247913496463374,0.5208475106336017,0.6171398703989259
2022-08-30,1.1408796498450644,0.5208475106336017,0.6171398703989259,2.896038703973,1511,0.9593776067378927,-0.8936807055862084,-2.0116103028518406,-1.5972683185480814,-0.16015812509555527,-1.61965589028098,-2.3207451210856767,-1.9180315360786682,1.063216912907139,-4.241200876227468,-0.6851396423741858,0.535234320955299
2022-08-31,-0.16015812509555924,-0.6851396423741858,0.535234320955299,3.730389557765,1507,1.2470465564625701,-1.0524075284193524,-0.8936807055862084,1.1408796498450644,-1.4618390191504127,-2.1640529025449107,-1.8589991009034024,-2.5967598718117824,-0.2991209163985764,-5.3580132218468695,-0.7516640421322334,-0.710311504106137
2022-09-01,-1.4618390191504125,-0.7516640421322334,-0.710311504106137,3.193756304786,1510,1.0594458844159975,-2.498862043678851,-1.0524075284193524,-0.16015812509555924,-0.7126314073701567,-0.40305205394505217,-0.3032878655770177,0.4791937682255831,1.2635785099252672,-3.6274485862766714,0.19566708676823036,-0.9039808570238527
2022-09-02,-0.7126314073701574,0.19566708676823036,-0.9039808570238527,2.867640194174,1513,0.9530565368110135,-3.1936857752989045,-2.498862043678851,-1.4618390191504125,0.3118013477578341,0.41228158988948493,-0.44227810135659684,2.2716232312502527,0.9095845179270201,-0.23323644842692115,-0.290754226670797,0.603671177223139
2022-09-05,0.31180134775783225,-0.290754226670797,0.603671177223139,2.332326616269,1516,0.7806404779418015,-2.8918423828316,-3.1936857752989045,-0.7126314073701574,0.10016791721576546,-0.7517355276077775,0.8858161222455196,2.920294679963109,0.8431886325316107,-0.43316668149810944,0.2353277167151206,-0.13214034100088828
2022-09-06,0.10016791721575584,0.2353277167151206,-0.13214034100088828,2.504372370881,1506,0.8514105164954905,-2.794571163899884,-2.8918423828316,0.31180134775783225,-0.8510509647976616,0.7848620250862082,1.8517073926821004,3.039547936971143,-0.5320530973349724,0.10936226642663804,-0.30698788799688154,-0.5430409828898553
2022-09-07,-0.851050964797664,-0.30698788799688154,-0.5430409828898553,3.190037146031,1504,1.0947931455344921,-3.6218389038452203,-2.794571163899884,0.10016791721575584,1.6499549473822928,2.7259576463288138,3.699843243699563,2.358893762044656,0.2187159294196217,0.20487920953107253,1.045958208255203,0.600737483129706
2022-09-08,1.649954947382295,1.045958208255203,0.600737483129706,3.434174951636,1510,1.1794814694671922,-2.031642666643141,-3.6218389038452203,-0.851050964797664,1.0585373102265594,2.0166150564241647,2.2371275473133334,0.7806439445652957,-3.700950454111762,-2.9957472675996244,0.11019277413302071,0.9470869051549717
2022-09-09,1.0585373102265503,0.11019277413302071,0.9470869051549717,3.622969815827,1511,1.2332049360249469,-0.9946110520534845,-2.031642666643141,1.649954947382295,0.9480423640572999,1.1662450975999938,-0.3573233997466341,-1.331785563081822,-4.157610660420474,-4.269829058606101,0.9185549216934703,0.02913896765480513
2022-09-12,0.9480423640572954,0.9185549216934703,0.02913896765480513,2.567940709921,1508,0.8832834018989397,-0.05599802212724603,-0.9946110520534845,1.0585373102265503,0.21615350672752331,-1.2931065657482366,-1.2115390332988918,-2.0181695494463914,-6.121502231811171,-6.2703841619467955,0.22451346914367612,-0.007065759818259339
2022-09-13,0.21615350672752992,0.22451346914367612,-0.007065759818259339,2.760488811891,1501,0.9568160535976207,0.0,-0.05599802212724603,0.9480423640572954,-1.5060047903100227,-1.4246131886618274,-2.4692333478146256,-3.466242919166196,-5.248613641208133,-4.5428280022304595,-2.2043999369005776,0.7238505371813564
2022-09-14,-1.5060047903100255,-2.2043999369005776,0.7238505371813564,3.638489402971,1503,1.26286914798676,-1.5060047903100227,0.0,0.21615350672752992,0.08263610535335086,-0.9779566312179022,-0.734561648605736,-2.090856743333258,-5.074069909861379,-3.78099304000189,0.2958578387937641,-0.2130392803034723
2022-09-15,0.08263610535334923,0.2958578387937641,-0.2130392803034723,2.728558136405,1507,0.9429460634186007,-1.4246131886618274,-1.5060047903100227,-1.5060047903100255,-1.0597170276917978,-0.8165230111433663,-2.0711353985471193,-4.446880098466311,-4.829996300913408,-2.5666070887805814,-0.5344426856638529,-0.5326211071317144
2022-09-16,-1.059717027691794,-0.5344426856638529,-0.5326211071317144,3.948163526082,1509,1.3633434335424413,-2.4692333478146256,-1.4246131886618274,0.08263610535334923,0.2457987881604229,-1.0222513423965074,-1.1238912814297786,-2.863966996327161,-1.1325197421171773,-1.4403827643873046,0.5550996081151368,-0.3067640134113718
2022-09-20,0.24579878816042153,0.5550996081151368,-0.3067640134113718,2.977872294571,1512,1.0077466226146485,-2.2295039052999788,-2.4692333478146256,-1.059717027691794,-1.2649409211019313,-1.3663316429695316,-3.6602438203803045,-4.1878506081140525,-1.2656832170199417,-2.2927564317777205,-0.6517630400112507,-0.6153257837559707
2022-09-21,-1.2649409211019316,-0.6517630400112507,-0.6153257837559707,2.928507780759,1515,0.9827348113489459,-3.466242919166196,-2.2295039052999788,0.24579878816042153,-0.10268968572408887,-2.425990242598952,-1.8607370635411735,-1.8463704054835883,0.6448462884121708,-1.638603338622191,-0.8343301890670981,0.7426835374895988
2022-09-22,-0.10268968572407267,-0.8343301890670981,0.7426835374895988,3.130069888944,1520,1.0465599645316992,-3.5653731309301606,-3.466242919166196,-1.2649409211019316,-2.325688799393888,-1.759854566941088,-2.8606043069708043,-3.0469198966512123,-0.013806522823833767,-1.382565762048782,-1.1637224437221279,-1.1773051724799903
2022-09-26,-2.325688799393891,-1.1637224437221279,-1.1773051724799903,3.915192712468,1515,1.2984505737882983,-5.8081424467614,-3.5653731309301606,-0.10268968572407267,0.5793071130961724,-0.5476521932960332,0.5940309704976388,-0.4009457805688621,0.7323054483274971,1.855944762556816,0.5202841448936378,0.06037002717455966
2022-09-27,0.5793071130961769,0.5202841448936378,0.06037002717455966,3.125117557506,1528,1.0099600666839974,-5.262482315998074,-5.8081424467614,-2.325688799393891,-1.1204683535202764,0.014639052330034374,-1.3101215638846364,1.782497391204485,-0.11708639460982218,1.8179674601390694,-0.30331724421322814,-0.8134043005370601
2022-09-28,-1.1204683535202735,-0.30331724421322814,-0.8134043005370601,4.39901994569,1526,1.4052060393820163,-6.323986220557998,-5.262482315998074,0.5793071130961769,1.1479700469340992,-0.19180229437414376,0.14751427790555827,3.049892325389769,-0.15859002186342508,2.611576218259959,0.9674777469829119,0.18612041823497674
2022-09-29,1.1479700469340925,0.9674777469829119,0.18612041823497674,3.815729978595,1536,1.1944475522315805,-5.248613641208133,-6.323986220557998,-1.1204683535202735,-1.3245667122005256,-0.9891011837057317,1.7675995790470855,2.538079034048213,0.7448815960381827,1.152637767634479,-0.6633882000315409,-0.6662894767462163
2022-09-30,-1.3245667122005216,-0.6633882000315409,-0.6662894767462163,4.414991481023,1540,1.3624242487552873,-6.5036589642652025,-5.248613641208133,1.1479700469340925,0.33996863993124293,3.1336738924965246,3.247924212923836,3.1284342597410753,1.3621956283510928,3.814518265388478,-0.5807927807957082,0.9274660789817887
2022-10-03,0.3399686399312362,-0.5807927807957082,0.9274660789817887,3.482197771469,1538,1.063340853858365,-6.185800725260549,-6.5036589642652025,-1.3245667122005216,2.784239710688441,2.8981029318712936,3.5624161177430613,1.1378132430852617,2.378259035577357,3.7289005231881944,1.708687834458915,1.0614913711782374
2022-10-04,2.7842397106884422,1.708687834458915,1.0614913711782374,3.830727725518,1531,1.1646405856584918,-3.5737885347888576,-6.185800725260549,0.3399686399312362,0.11077887184198776,0.7570970114143982,-0.005080428688031269,-1.8663167386364976,-0.31138957063243655,0.5736869223303298,0.8798264669101494,-0.7592577550839629
2022-10-05,0.11077887184199856,0.8798264669101494,-0.7592577550839629,3.331922213704,1529,0.9983743923488174,-3.4669686655677268,-3.5737885347888576,2.7842397106884422,0.64560294791014,-0.11573109492868383,-1.710711508405094,-3.113523240880356,-1.0402393496227957,-0.5617053667198668,0.1158501185175922,0.5310363122246694
2022-10-06,0.6456029479101303,0.1158501185175922,0.5310363122246694,3.244118840443,1530,0.957722309736554,-2.8437485695656295,-3.4669686655677268,0.11077887184199856,-0.756450376906026,-2.341199602663968,-2.6037012060338482,-1.748811226914615,-2.2688192304361032,-0.5978359584960735,-1.1277822431865612,0.37582560198471443
2022-10-07,-0.7564503769060299,-1.1277822431865612,0.37582560198471443,3.199177178672,1534,0.9342533071574882,-3.57868739969891,-2.8437485695656295,0.6456029479101303,-1.5968284405147526,-1.861330873536149,-3.001265543426801,-1.7126592137930774,-1.368948243376622,1.0662094461222793,-1.0710774255382784,-0.531140611551993
2022-10-11,-1.5968284405147628,-1.0710774255382784,-0.531140611551993,3.710123639731,1530,1.0833200406245114,-5.118370342018164,-3.57868739969891,-0.7564503769060299,-0.26879462199193016,-1.427227477178472,0.6065898550249971,1.2264906197948733,1.1154706617984678,2.590187424108925,-0.15439595136441653,-0.11486424931422018
2022-10-12,-0.2687946219919325,-0.15439595136441653,-0.11486424931422018,3.168452313768,1528,0.921445037412287,-5.3734070597971195,-5.118370342018164,-1.5968284405147628,-1.1615550526996699,0.8777438051600583,0.1514914162443759,1.5844989368867024,1.9373221954595232,2.2457242388355114,-0.20370241303463177,-0.958308279252639
2022-10-13,-1.1615550526996772,-0.20370241303463177,-0.958308279252639,2.789520563126,1524,0.8166418904883365,-6.472547031291597,-5.3734070597971195,-0.2687946219919325,2.063264814563892,1.3284774660752285,2.6921410741074236,2.139910502073672,2.774566425624392,5.088456673545894,1.7399746161369265,0.3171988521764861
2022-10-14,2.063264814563897,1.7399746161369265,0.3171988521764861,3.781073381338,1528,1.1033438415171701,-3.163279307781497,-6.472547031291597,-1.1615550526996772,-0.719933219678659,0.61616318142097,0.7006056093915802,-0.5292638287791807,0.4047413279329559,2.1951038837781267,-0.9171049632775169,0.20127312850251666
2022-10-17,-0.7199332196786591,-0.9171049632775169,0.20127312850251666,2.860362887561,1527,0.822427523317105,-3.8604390288922152,-3.163279307781497,2.063264814563897,1.3457851554995903,1.43083992098183,0.8007946593987958,0.3497001421211454,2.419366137281531,3.329187342278228,1.2251039756054167,0.12085854261942659
2022-10-18,1.3457851554995917,1.2251039756054167,0.12085854261942659,3.290213726418,1525,0.956723083051886,-1.7644915572316955,-3.8604390288922152,-0.7199332196786591,0.08392531110370527,-0.5377534894663749,-1.1384125313294136,-0.1096748067789699,1.3192659265103046,2.385265946346782,0.06002442813114553,0.02402831427851546
2022-10-19,0.08392531110371179,0.06002442813114553,0.02402831427851546,2.835129343124,1521,0.8177170069570345,-1.6820471011568028,-1.7644915572316955,1.3457851554995917,-0.6211574922122876,-1.2213128518226757,-1.0658886189870098,0.34731997722610153,0.8878411376692652,2.87034883708559,-0.6359503939886959,0.015670882871280087
2022-10-20,-0.6211574922122917,-0.6359503939886959,0.015670882871280087,3.063280933907,1503,0.8979341724620701,-1.6750282656714188,-1.6820471011568028,0.08392531110371179,-0.6039065705191304,-0.44751087409764523,0.43039313679895663,0.621359388735554,0.48356420807602607,3.557735392437711,-0.30149314849209374,-0.299075592792563
2022-10-21,-0.6039065705191341,-0.30149314849209374,-0.299075592792563,2.962832278755,1495,0.867404031494604,-2.2688192304361032,-1.6750282656714188,-0.6211574922122917,0.1573459187633297,1.0405838616302399,1.5880276143938499,0.9389748107467621,1.7097749753786085,4.658095096456538,0.9978708969017505,-0.8309240435028676
2022-10-24,0.15734591876331971,0.9978708969017505,-0.8309240435028676,3.09200509238,1490,0.9047662981119259,-2.1150432061359803,-2.2688192304361032,-0.6039065705191341,0.8818503872729311,1.4284341128517175,1.0736750755487634,2.06245359201791,2.4689564251101803,5.073665233108637,0.5874342211748363,0.2925127138990765
2022-10-25,0.8818503872729303,0.5874342211748363,0.2925127138990765,3.297400564607,1492,0.9654056928579674,-1.2518443355673536,-2.1150432061359803,0.15734591876331971,0.5418058089542654,0.19014786856055288,-0.10056261256626842,1.430509641975064,1.4584482005161714,5.683194228133259,0.6190187214778013,-0.07997495768640667
2022-10-26,0.5418058089542616,0.6190187214778013,-0.07997495768640667,3.288314207356,1482,0.9715317395235138,-0.7168210919422657,-1.2518443355673536,0.8818503872729303,-0.3497629046587125,-0.638906787432425,0.6250904736050389,0.5386503202734705,0.30254085229415306,5.552074278196439,-0.10816680463273573,-0.24193973893796114
2022-10-27,-0.3497629046587069,-0.10816680463273573,-0.24193973893796114,3.151603025338,1482,0.9289010356805085,-1.0640768223285857,-0.7168210919422657,0.5418058089542616,-0.29015875044740014,0.9782750213941371,1.2380077281069157,-0.1369442646140251,2.251423020690635,5.294055026490474,-0.7174798619678041,0.4334809414980105
2022-10-28,-0.2901587504473953,-0.7174798619678041,0.4334809414980105,6.241736886113,1466,1.8741372145624144,-1.3511480607645177,-1.0640768223285857,-0.3497629046587069,1.27212495371134,1.5326134907081457,1.185128977180927,0.763629872481908,1.783145429355426,5.355353540392094,1.0191010648074157,0.25159587748608186
2022-10-31,1.2721249537113368,1.0191010648074157,0.25159587748608186,3.725558407515,1494,1.0793216411451554,-0.09621139869574469,-1.3511480607645177,-0.2901587504473953,0.2572164226986029,-0.08590318073229408,-1.1044150692531285,0.3982883213029531,0.8883292675109677,3.4194295843383626,0.23892845503901428,0.01712005303724076
2022-11-01,0.2572164226985973,0.23892845503901428,0.01712005303724076,3.612397914861,1499,1.057095097506073,0.0,-0.09621139869574469,1.2721249537113368,-0.3422393077264885,-1.3581381376188473,-0.7573759719054385,0.027544531364087632,1.0521197623062806,3.1131634912039186,-0.20684940083085973,-0.1331680020037861
2022-11-02,-0.34223930772648714,-0.20684940083085973,-0.1331680020037861,3.791697128666,1491,1.107453658230106,-0.3422393077264885,0.0,0.2572164226985973,-1.019387574871644,-0.4165623041248345,0.48460779554568845,-0.23484447744938075,1.9650610787786071,2.186831073409623,-0.930926730390551,-0.09111507919154346
2022-11-04,-1.0193875748716545,-0.930926730390551,-0.09111507919154346,4.221092488773,1501,1.2335717201314034,-1.3581381376188473,-0.3422393077264885,-0.34223930772648714,0.6090336844529087,1.5194848097701996,1.4047612674993548,2.3916425025419574,3.0593771315633678,2.5248238744896234,0.529797841383288,0.07865674958261797
2022-11-07,0.609033684452919,0.529797841383288,0.07865674958261797,3.369014952179,1503,0.971932763893804,-0.7573759719054385,-1.3581381376188473,-1.0193875748716545,0.9049397374919721,0.7909106706482483,0.182477961074623,1.0117892320510302,2.898757884177461,1.6861419154785118,0.41498346258769003,0.4880578712745072
2022-11-08,0.9049397374919642,0.41498346258769003,0.4880578712745072,3.794545257138,1500,1.0927260866217638,0.0,-0.7573759719054385,0.609033684452919,-0.11300642678184758,-0.7159825656671059,0.859103741913203,0.48809691320608195,2.541949190145343,0.9342612641608072,0.13581357880534936,-0.24828518564931007
2022-11-09,-0.11300642678184475,0.13581357880534936,-0.24828518564931007,3.799420936458,1511,1.0848304488810183,-0.11300642678184758,0.0,0.9049397374919642,-0.6036583115731409,0.9732099584942366,0.21914531770084178,1.024293094209594,4.1640160110349544,0.628867803980282,-0.5768316799139038,-0.025136693046543614
2022-11-10,-0.6036583115731389,-0.5768316799139038,-0.025136693046543614,3.490861133324,1514,0.9954598037872784,-0.7159825656671059,-0.11300642678184758,-0.11300642678184475,1.586444977029755,0.8278007171060642,1.2127626479957687,2.2050840743998323,5.233699347290455,2.1920320355757195,1.8605457151566172,-0.27679147643243446
2022-11-11,1.5864449770297488,1.8605457151566172,-0.27679147643243446,5.602915305053,1514,1.5904256282017724,0.0,-0.7159825656671059,-0.6036583115731389,-0.7467967405446974,-0.36784664442042203,0.050590781194692624,0.6521378236557185,2.9756378111081894,0.3648806330605714,-0.12098419186582289,-0.625636751384514
2022-11-14,-0.7467967405446877,-0.12098419186582289,-0.625636751384514,4.378733760238,1518,1.1952086141567684,-0.7467967405446974,0.0,1.5864449770297488,0.3818013763582817,0.8033871910964496,1.3659757998272903,1.8680677438467796,3.509626368853014,1.4467151397148603,-0.25249627616543696,0.6394353468084645
2022-11-15,0.38180137635827527,-0.25249627616543696,0.6394353468084645,3.67893691091,1529,0.9960690200941242,-0.36784664442042203,-0.7467967405446974,-0.7467967405446877,0.41998231647342177,0.9804311239435481,1.0237502991989889,2.0438761803930117,2.508813789666431,1.5368375175770943,0.06460149299001021,0.35316619100166363
2022-11-16,0.41998231647341905,0.06460149299001021,0.35316619100166363,4.129853777975,1540,1.1058994498234243,0.0,-0.36784664442042203,0.38180137635827527,0.5581048657267162,0.6012428689967209,1.0561952156746157,3.107889024175048,2.0395848535840866,1.1238405057187872,-0.22287554941950716,0.782682187234942
2022-11-17,0.5581048657267144,-0.22287554941950716,0.782682187234942,3.28850045396,1545,0.8708107226071686,0.0,0.0,0.41998231647341905,0.04289858418435877,0.49532591193222064,1.0531199407776137,2.9632726202602377,0.2174960641269763,-0.4321070803935845,0.29997679993535986,-0.2511530765307808
2022-11-18,0.04289858418435425,0.29997679993535986,-0.2511530765307808,3.476945073126,1548,0.91521794570231,0.0,0.0,0.5581048657267144,0.45223332605377475,1.0097881717643142,2.4916651958688973,2.3084457396456814,-0.5186847349090251,-1.2695769344503338,0.2916412636981812,0.16010700285829066
2022-11-21,0.45223332605377176,0.2916412636981812,0.16010700285829066,2.903731679272,1559,0.7601952469104324,0.0,0.0,0.04289858418435425,0.5550447483838372,2.0302504008999023,2.455782580864274,1.611455543786322,-1.1784553998833047,-4.17700877862136,0.32291020872782955,0.23165986832025245
2022-11-22,0.5550447483838479,0.32291020872782955,0.23165986832025245,3.459838319168,1565,0.9064849178676783,0.0,0.0,0.45223332605377176,1.4670627975030381,1.8902461206562027,1.285674974065909,0.4556251944521472,-1.5678343728412703,-5.254418042813624,0.836922053842644,0.6259347274769342
2022-11-24,1.4670627975030417,0.836922053842644,0.6259347274769342,3.86601047796,1569,1.0080454556829699,0.0,0.0,0.5550447483838479,0.41706472177844844,-0.17876522532156436,-0.4104614616430191,-1.0361032319655794,-3.3938286391340444,-5.920953572716481,0.3219005757311672,0.09662900231409226
2022-11-25,0.4170647217784546,0.3219005757311672,0.09662900231409226,2.835000550715,1579,0.7337745264322406,0.0,0.0,1.4670627975030417,-0.5933552715874146,-0.8240891981002196,-1.408006144675722,-2.666753383276743,-2.8903928404879875,-7.311428028610822,0.158296146253511,-0.754403585130829
2022-11-28,-0.5933552715874193,0.158296146253511,-0.754403585130829,3.061279895549,1590,0.7970174117581134,-0.5933552715874146,0.0,0.4170647217784546,-0.23211117037819085,-0.8195134996397901,-0.8588733735655052,-2.763340263959413,-2.535315375114866,-6.483226538280773,-0.5020346903613955,0.2709119100173728
2022-11-29,-0.23211117037819481,-0.5020346903613955,0.2709119100173728,3.2061658816,1599,0.8357217448331427,-0.8240891981002196,-0.5933552715874146,-0.5933552715874193,-0.5887689277105368,-0.6282203728472879,-1.8579755610787174,-2.745665760557292,-1.9929655834975413,-5.248523756505563,-0.2965709934314202,-0.2925277602635781
2022-11-30,-0.5887689277105337,-0.2965709934314202,-0.2925277602635781,4.633852387849,1563,1.2576184465734048,-1.408006144675722,-0.8240891981002196,-0.23211117037819481,-0.039685098666630836,-1.2767235851301795,-1.9598883136276668,-2.014281991054867,-0.9481880007739529,-5.152083630334148,0.9953114740323215,-1.016051613142657
2022-12-01,-0.039685098666625195,0.9953114740323215,-1.016051613142657,3.688663166543,1561,0.9889072098782882,-1.4471324747146075,-1.408006144675722,-0.5887689277105337,-1.2375296013068526,-1.9209655520357138,-2.1308317066019766,-2.3824096303471487,-0.8974402916077096,-5.046747642925875,-0.4221737062773337,-0.8197650128176934
2022-12-02,-1.2375296013068553,-0.4221737062773337,-0.8197650128176934,3.745336778742,1568,1.0030755902791255,-2.666753383276743,-1.4471324747146075,-0.039685098666625195,-0.6919996512540605,-0.9044955049108738,-0.7470967665469397,-0.22976677033273996,-0.6481933494974834,-3.5149196075216382,-0.09886850910049075,-0.5937796468779362
2022-12-05,-0.6919996512540653,-0.09886850910049075,-0.5937796468779362,3.112219287071,1571,0.8340319254660385,-3.340299110418732,-2.666753383276743,-1.2375296013068553,-0.21397657078037202,-0.055481043923333306,-0.47048187302074496,0.2345050616336941,-0.7548072696268449,-4.51033261132463,-0.43686625070505514,0.22359456355835686
2022-12-06,-0.2139765707803778,-0.43686625070505514,0.22359456355835686,3.009330817773,1571,0.8186224369329251,-3.5471282237088175,-3.340299110418732,-0.6919996512540653,0.15883539739356412,-0.2570553404428466,0.6808873298703277,0.7739502644751983,-3.034311385105093,-4.557757933507456,-0.5307006995716922,0.6970340814737458
2022-12-07,0.15883539739355496,-0.5307006995716922,0.6970340814737458,3.084912936902,1567,0.843308536048312,-3.3939269215254364,-3.5471282237088175,-0.2139765707803778,-0.4152312037039141,0.5212240441948346,0.29014708218715324,1.0880095711331972,-3.745303830798963,-4.419212093587466,-0.12551577274220882,-0.2909422895752345
2022-12-08,-0.41523120370390865,-0.12551577274220882,-0.2909422895752345,3.187324418326,1567,0.8798382385907482,-3.7950654816202745,-3.3939269215254364,0.15883539739355496,0.9403599156958542,0.7083194492663036,1.033662690065018,1.521210811613205,-2.6159042408817945,-3.299014328509131,0.1062023817821926,0.8357114876695341
2022-12-09,0.9403599156958447,0.1062023817821926,0.8357114876695341,3.444680940126,1568,0.9589813854627831,-2.8903928404879875,-3.7950654816202745,-0.41523120370390865,-0.229878778541448,0.0924335661643072,0.563846622768116,-0.41939019847887504,-4.552623903483455,-3.0516231307935238,-0.3483913386435565,0.12130796936438114
2022-12-12,-0.22987877854143318,-0.3483913386435565,0.12130796936438114,2.616527431182,1560,0.7288962715943176,-3.1136272192726744,-2.8903928404879875,0.9403599156958447,0.3230549795467441,0.7955542116138359,0.8071739919723209,-0.9869977715280975,-4.050606820675961,-3.03261416803029,0.6491326655976883,-0.32454504801279715
2022-12-13,0.32305497954675516,0.6491326655976883,-0.32454504801279715,2.808916800815,1544,0.8164524853411047,-2.8006309675023044,-3.1136272192726744,-0.22987877854143318,0.47097771510589137,0.4825600780640871,-0.5113511045816033,-3.7790139610343054,-3.3217597006076183,-3.648983469931688,0.29732020529953357,0.17520534366368717
2022-12-14,0.4709777151058865,0.29732020529953357,0.17520534366368717,2.910205579743,1545,0.8656427521544269,-2.3428436001357023,-2.8006309675023044,0.32305497954675516,0.011528068325405982,-0.9777239577313246,-1.7684827441888817,-4.781292482103005,-4.244138037164868,-5.109726016828331,-0.25687580053807124,0.2693249478050613
2022-12-15,0.01152806832539822,-0.25687580053807124,0.2693249478050613,2.699198740053,1538,0.8121640745161837,-2.3315856164212834,-2.3428436001357023,0.4709777151058865,-0.9891379975525361,-1.7798056353045877,-4.241108144326344,-4.075123828233284,-4.186882118410917,-4.634813361196988,-0.9319368557959559,-0.05930324791547187
2022-12-16,-0.9891379975525335,-0.9319368557959559,-0.05930324791547187,4.065462768061,1532,1.2501684128135828,-3.297661014696329,-2.3315856164212834,0.01152806832539822,-0.7985665630630634,-3.2844579685544217,-3.8411241150911213,-4.150641086897067,-2.8854294196266284,-2.247423823977679,-0.6194212040974643,-0.17982039252482482
2022-12-19,-0.7985665630630616,-0.6194212040974643,-0.17982039252482482,2.852511872781,1551,0.8668193262466765,-4.069893559532856,-3.297661014696329,-0.9891379975525335,-2.505902706609242,-3.067049987702286,-2.336910660557334,-3.0941482231582107,-3.7840879123492654,-1.9152858965105546,0.01319671296270814,-2.5229739071461696
2022-12-20,-2.505902706609246,0.01319671296270814,-2.5229739071461696,4.95021341277,1550,1.5186760284623777,-6.473808693277638,-4.069893559532856,-0.7985665630630616,-0.5755705182893034,0.17333566927990596,-0.8955986805729843,0.47521261135434756,-1.5711191970727123,1.3402451408058402,-0.12111808229039794,-0.44797936882668427
2022-12-21,-0.5755705182893003,-0.12111808229039794,-0.44797936882668427,4.371249749862,1579,1.3002386578621397,-7.0121178773179915,-6.473808693277638,-2.505902706609246,0.753241624290113,-0.32188081334935115,-0.027955649191002685,0.5641270071190307,-0.700130268557364,3.084633557426697,0.6662590361062718,0.09052547410680153
2022-12-22,0.7532416242901097,0.6662590361062718,0.09052547410680153,3.024766607218,1592,0.8876913149985419,-6.311694443624127,-7.0121178773179915,-0.5755705182893003,-1.0670847114265691,-0.7753569621056999,0.30135458708402396,-0.11650605623665378,-0.7014595990263328,3.15801947252341,-0.7211064166206851,-0.349165910061271
2022-12-23,-1.067084711426559,-0.7211064166206851,-0.349165910061271,2.972930488587,1589,0.8833833832505734,-6.758172731186884,-6.311694443624127,0.7532416242901097,0.29487430797923153,1.3831992057638631,0.8888689189743948,1.3200001352304147,1.572595113743236,4.866388216063888,0.21216826403374478,0.08526777150158817
2022-12-26,0.2948743079792338,0.21216826403374478,0.08526777150158817,2.121416685814,1592,0.6290734959647714,-6.2656586615538306,-6.758172731186884,-1.067084711426559,1.0851251425298747,0.5922482231456305,0.6639992704407405,-0.7119690674407098,1.0609683072649423,4.511157158728762,0.5952976279972452,0.48607161544766103
2022-12-27,1.0851251425298798,0.5952976279972452,0.48607161544766103,2.373299192612,1585,0.7137110137237961,-4.687352503870079,-6.2656586615538306,0.2948743079792338,-0.48758600109490846,-0.4166051844871954,-0.062336828023334956,-2.036653374740738,-0.338466823879624,3.428208123138221,-0.33679819610697126,-0.15024280551896593
2022-12-28,-0.4875860010949101,-0.33679819610697126,-0.15024280551896593,2.711713785743,1577,0.8258227756691188,-5.1144281975439405,-4.687352503870079,1.0851251425298798,0.07132860489997839,0.4273327879235733,-1.2965385639787885,-1.257165266881799,-0.9039529924543044,4.027175394713467,-0.7820670152238356,0.8620099194863564
2022-12-29,0.07132860489997447,-0.7820670152238356,0.8620099194863564,2.745232577152,1578,0.8612375277801605,-4.186882118410917,-5.1144281975439405,-0.4875860010949101,0.3557504312040827,-1.3668921837536097,-1.6268256301714024,-0.5856358440154419,-0.46750513154123485,4.0098854362490055,0.3924410757958647,-0.033125304456608565
2022-12-30,0.35575043120408417,0.3924410757958647,-0.033125304456608565,2.576581204099,1572,0.8204699182513776,-3.8460265383970738,-4.186882118410917,0.07132860489997447,-1.7165360306269695,-1.9755480407020465,-1.6773302725888395,0.24930416322115345,0.6569617636530856,3.7563868159792957,-0.4389054369892572,-1.2828065270425666
2023-01-04,-1.7165360306269764,-0.4389054369892572,-1.2828065270425666,3.252145709763,1556,1.0552286008356313,-5.496544137744985,-3.8460265383970738,0.35575043120408417,-0.2635356952373935,0.039890492718441806,0.7920832639620956,1.7856506550219642,1.9423003693362695,5.356282920730027,0.03283834888763625,-0.29599551624931786
2023-01-05,-0.263535695237398,0.03283834888763625,-0.29599551624931786,3.057378616712,1558,0.9897853113653389,-5.745594477174942,-5.496544137744985,-1.7165360306269764,0.30422793716513574,1.0584082427203878,2.269691040809918,1.7334917694851848,2.957835458586233,5.301794249257008,-0.4152841844080521,0.7273430761723847
2023-01-06,0.30422793716512925,-0.4152841844080521,0.7273430761723847,2.937458424295,1560,0.9502237293970841,-5.458846243565585,-5.745594477174942,-0.263535695237398,0.7518928374860678,1.9595017518863056,1.7450640476566637,0.35770927114069373,3.8114489336390722,5.339819130040779,0.8332352199192785,-0.08215086842003473
2023-01-10,0.7518928374860755,0.8332352199192785,-0.08215086842003473,3.156116282607,1556,1.0233970332841025,-4.7479980799942645,-5.458846243565585,0.30422793716512925,1.198596751277048,0.9857593561766631,0.668013219784136,0.11882660365745146,3.886743003436832,4.819725470561953,0.544453279450814,0.6514975519381387
2023-01-11,1.1985967512770408,0.544453279450814,0.6514975519381387,2.993094732873,1543,0.9710272512734823,-3.6063106794547273,-4.7479980799942645,0.7518928374860755,-0.21031654779115616,-0.524299297150288,-1.571008540865071,0.4066438204580525,3.2427970346058377,3.9157290440309245,0.2651318047193956,-0.46542340939696103
2023-01-12,-0.21031654779114028,0.2651318047193956,-0.46542340939696103,3.149693244761,1538,1.0293717216303195,-3.809042559122233,-3.6063106794547273,1.1985967512770408,-0.31464449880683754,-1.363559784940671,-0.8584703012050832,0.1539015699228985,3.413967735767076,4.289482303819492,-0.3190087706082968,0.0035993416670346565
2023-01-13,-0.31464449880684764,-0.3190087706082968,0.0035993416670346565,3.91272378071,1532,1.267698037216203,-4.111702115059579,-3.809042559122233,-0.21031654779114028,-1.0522260575388853,-0.5455423213008848,0.9358497713820801,1.2034814374358271,3.7794671895739818,4.199543448592125,-0.5948596180978863,-0.4572495041689122
2023-01-16,-1.0522260575388844,-0.5948596180978863,-0.4572495041689122,2.95343153789,1531,0.940083409611811,-5.120663771535439,-4.111702115059579,-0.31464449880684764,0.512071890098964,2.0092173372965982,1.5384388888680434,3.4414293506513483,4.976110083172425,4.631145527603242,0.1908585729943772,0.3200926137628544
2023-01-17,0.5120718900989664,0.1908585729943772,0.3200926137628544,2.843722299837,1533,0.9045404559989447,-3.682096378026012,-5.120663771535439,-1.0522260575388844,1.489518043996374,1.0211380379178125,1.7586177629032695,3.7634444265867373,4.498420916412793,4.972373668288332,0.31081378734285325,1.173840847323224
2023-01-18,1.489518043996377,0.31081378734285325,1.173840847323224,3.837540191458,1531,1.2178580109320656,-1.4605204891879553,-3.682096378026012,0.5120718900989664,-0.46150579400280334,0.26515025797071434,1.4040025506901976,2.824666880828386,3.079195912552768,3.0045294307672554,-0.595029036003585,0.13428187950040776
2023-01-19,-0.46150579400280434,-0.595029036003585,0.13428187950040776,2.906662000454,1522,0.9257884790911877,-0.46150579400280334,-1.4605204891879553,1.489518043996377,0.7300251603863828,1.874157691025835,2.7145867111887156,3.2550565826615863,3.348936152141846,4.613314427341386,-0.04008136893691444,0.7707854067858528
2023-01-20,0.7300251603863874,-0.04008136893691444,0.7707854067858528,2.664162373473,1510,0.847819837555185,0.0,-0.46150579400280334,-0.46150579400280434,1.1358406084161388,1.970178750221141,2.552748004937233,2.5453529024400456,2.2766201136907194,3.454945983814506,0.9069904716873061,0.22655452673340065
2023-01-23,1.135840608416131,0.9069904716873061,0.22655452673340065,2.725678175546,1475,0.9001383056654494,0.0,0.0,0.7300251603863874,0.8249678222732371,1.4009943339544195,1.3554947819287788,1.4836228986344846,1.4722559140646352,2.9843438264601563,0.7183952333019485,0.10662563643809708
2023-01-24,0.8249678222732453,0.7183952333019485,0.10662563643809708,3.318844894834,1471,1.1266410127945854,0.0,0.0,1.135840608416131,0.571313360294412,0.5261860936972562,0.5640611395100414,0.7083192870935173,0.8980765400396384,2.2561783539297275,-0.11893691016790885,0.692260998017754
2023-01-25,0.5713133602944037,-0.11893691016790885,0.692260998017754,2.928159852504,1468,0.9890790230161406,0.0,0.0,0.8249678222732453,-0.044870913075867325,-0.007211023245157211,0.08148693730549716,0.24753693782386677,0.6517956010040349,0.7438083277106822,0.20639978787829097,-0.24938423124587789
2023-01-26,-0.044870913075871745,0.20639978787829097,-0.24938423124587789,2.825118533777,1467,0.9549956496744002,-0.044870913075867325,0.0,0.5713133602944037,0.037676795752972225,0.12641457375486276,0.18117985021981475,0.09092006976443301,0.8466115237831584,1.373252490709742,0.18841661223197764,-0.14826835888973078
2023-01-27,0.03767679575296625,0.18841661223197764,-0.14826835888973078,3.033733706895,1464,1.013461390575823,-0.007211023245157211,-0.044870913075867325,-0.044870913075871745,0.08870435704246837,0.14344900747729206,0.2547663323284599,-0.2620623764442942,0.4047778143347003,1.404948656794236,0.04167759353147101,0.04827622505240302
2023-01-30,0.08870435704246246,0.04167759353147101,0.04827622505240302,3.128768966824,1467,1.0338049682477082,0.0,-0.007211023245157211,0.03767679575296625,0.054696132582088275,0.16591480162797545,-0.035449690415401136,-0.011200806834821275,-0.32861243886429525,1.662892418372719,0.07349181392468634,-0.01733255686401159
2023-01-31,0.05469613258209255,0.07349181392468634,-0.01733255686401159,3.320208959634,1478,1.0895532103343755,0.0,0.0,0.08870435704246246,0.11115786998994182,-0.09009654367250208,-0.4049305151166749,0.1884226191931182,0.45355015675754284,1.893987202870484,0.4798146949375346,-0.36843530976565575
2023-02-01,0.11115786998993747,0.4798146949375346,-0.36843530976565575,3.230089033726,1476,1.0500730806520373,0.0,0.0,0.05469613258209255,-0.2010309519382525,-0.5155153492249487,-0.17682223420368848,0.4032604446241095,-0.07243603437580015,1.737155154736425,0.39008116263279075,-0.588729654571566
2023-02-02,-0.2010309519382545,0.39008116263279075,-0.588729654571566,3.2602777347,1476,1.0487468672747062,-0.2010309519382525,0.0,0.11115786998993747,-0.3151178817641265,0.02425748278311879,0.2787703252935092,0.7550050029433208,1.2234071508372413,2.906934342053469,-0.031700000168728246,-0.2743481642612318
2023-02-03,-0.3151178817641212,-0.031700000168728246,-0.2743481642612318,3.560159566078,1479,1.145061315819762,-0.5155153492249487,-0.2010309519382525,-0.2010309519382545,0.3404481776331236,0.5957655709049492,0.9235367676419859,0.6685923197007337,1.1520969981350104,3.9278334957009386,0.554108152901186,-0.21182353019950684
2023-02-06,0.3404481776331202,0.554108152901186,-0.21182353019950684,3.42300344899,1491,1.0921171785352495,-0.17682223420368848,-0.5155153492249487,-0.3151178817641212,0.254451119073984,0.5811102108858712,0.7305703021949217,-0.31744718867589006,1.4901491040822945,4.200838126934681,0.1756182855654684,0.08120332872882856
2023-02-07,0.2544511190739796,0.1756182855654684,0.08120332872882856,2.95631252563,1495,0.9359686140364323,0.0,-0.17682223420368848,0.3404481776331202,0.32583001369574927,0.4749107673587938,0.07239544167934042,0.264628916828169,1.346013581687222,4.323202308104812,0.06330389858746836,0.2617713207574493
2023-02-08,0.32583001369574255,0.06330389858746836,0.2617713207574493,3.095681578336,1495,0.9832026247404676,0.0,0.0,0.2544511190739796,0.14859658140151666,-0.25261148797055544,-0.8933659587548437,-0.47378588792169607,0.09141687553333444,4.671375579991421,-0.3911957788604321,0.5414109029423061
2023-02-09,0.14859658140152016,-0.3911957788604321,0.5414109029423061,2.917288299407,1507,0.9250371232768123,0.0,0.0,0.32583001369574255,-0.4006127724874964,-1.040416516780085,-0.20928791966535742,0.46489218861160975,0.5222197939713347,2.8545188924590903,-0.1808700725250177,-0.21826897052392405
2023-02-10,-0.4006127724874918,-0.1808700725250177,-0.21826897052392405,3.828412324714,1514,1.218433110252394,-0.4006127724874964,0.0,0.14859658140152016,-0.6423771893607211,0.19209440755403318,-0.22173452683873496,0.4802934731606978,0.9961386940261052,1.6544506808916282,-0.2705460039090369,-0.371608215266601
2023-02-13,-0.6423771893607165,-0.2705460039090369,-0.371608215266601,3.012347516327,1522,0.9599997540048799,-1.040416516780085,-0.4006127724874964,-0.4006127724874918,0.839866709074899,0.42336224501231534,1.5211348435464567,1.8133527300204122,1.9980707663124209,-0.4831019850950913,0.6207226488136584,0.21711706440593095
2023-02-14,0.8398667090748976,0.6207226488136584,0.21711706440593095,2.763368139621,1540,0.879826978429223,-0.20928791966535742,-1.040416516780085,-0.6423771893607165,-0.4130355162648147,0.6755940449991282,0.2876465127421568,1.0785305611174856,1.433933438753665,-0.20535615666635865,0.06459936499890861,-0.4709019310309527
2023-02-15,-0.41303551626482266,0.06459936499890861,-0.4709019310309527,3.145146785225,1556,1.0026638352279666,-0.6214590024906985,-0.20928791966535742,0.8398667090748976,1.0931446368583009,0.7035880977388498,1.3841305986318275,0.5678933620629323,1.810902935385017,-1.2676020384615128,0.4857541243328824,0.6037804874541044
2023-02-16,1.0931446368582904,0.4857541243328824,0.6037804874541044,3.048816493944,1567,0.9828008439597369,0.0,-0.6214590024906985,-0.41303551626482266,-0.3853441699917526,0.28783946015209505,0.4002325687179731,0.057062327058576834,1.6631797314503816,-0.9439754880268714,-0.5067338322276667,0.12434382672806035
2023-02-17,-0.385344169991745,-0.5067338322276667,0.12434382672806035,3.067950392888,1578,0.9867079945718794,-0.3853441699917526,0.0,1.0931446368582904,0.6757877387968181,0.7886156230367369,-0.1347466741147496,0.5133794926695634,2.7441215554998566,-2.6041762299829907,0.2488059971032571,0.42477976499368647
2023-02-20,0.6757877387968162,0.2488059971032571,0.42477976499368647,2.597699991476,1586,0.8300770942124631,0.0,-0.3853441699917526,-0.385344169991745,0.11207052537065554,-0.8050936884789972,-0.23011477197613095,0.18142810480059612,2.670888797367388,-1.622539248703303,0.11214211378046417,0.002778878792846875
2023-02-21,0.11207052537065267,0.11214211378046417,0.002778878792846875,2.663034968723,1594,0.8526979698041307,0.0,0.0,0.6757877387968162,-0.9161374937472933,-0.3418022377831731,-0.2730825586458985,0.3516106493270499,2.9376475908624577,-1.3938725140690056,-0.6494437462240833,-0.2657344650220448
2023-02-22,-0.9161374937472962,-0.6494437462240833,-0.2657344650220448,3.246386701026,1587,1.050515750531569,-0.9161374937472933,0.0,0.11207052537065267,0.5796456066979427,0.6490006736069809,0.994528680919804,1.235990465512704,4.575775673306137,-0.3764496319068056,0.24242153591789822,0.33542118604559734
2023-02-24,0.5796456066979502,0.24242153591789822,0.33542118604559734,3.470344212515,1593,1.1172349070385017,-0.3418022377831731,-0.9161374937472933,-0.9161374937472962,0.0689553701354706,0.41249208199061194,0.695791116717448,1.6052014390966818,2.320182645456881,-0.8080231875233546,-0.26719212307262136,0.33746666117072205
2023-02-27,0.0689553701354645,-0.26719212307262136,0.33746666117072205,2.663876366684,1608,0.8487868331028311,-0.2730825586458985,-0.3418022377831731,0.5796456066979502,0.34329998807769435,0.6264038075179723,0.5832047888972625,2.219348383359221,0.6518189659308948,-1.3312741233545644,0.3581352991342232,-0.01144937149540884
2023-02-28,0.34329998807769646,0.3581352991342232,-0.01144937149540884,3.756886345302,1614,1.204146178253122,0.0,-0.2730825586458985,0.0689553701354645,0.2821352491635176,0.2390840253889026,1.1878097359959483,2.4849522907205213,-2.4325683150342448,-0.32530158919437113,-0.12984578220480103,0.41403737649713207
2023-03-01,0.28213524916352467,-0.12984578220480103,0.41403737649713207,3.190657073878,1614,1.0124684097213434,0.0,0.0,0.34329998807769646,-0.042930102822047456,0.9031264487759261,1.5830284255097693,2.5769760194205293,-1.6161155737984267,-0.9351014299932681,0.2115064567552953,-0.25158215355626523
2023-03-02,-0.0429301028220477,0.2115064567552953,-0.25158215355626523,3.06592670551,1613,0.9748924937276904,-0.042930102822047456,0.0,0.28213524916352467,0.9464628690808441,1.626656853791708,2.240511560104408,3.299009761682692,-3.0237478355341962,-0.19504943848962508,0.5086681444722364,0.43827287947496313
2023-03-03,0.9464628690808383,0.5086681444722364,0.43827287947496313,3.714505669531,1616,1.184216120629465,0.0,-0.042930102822047456,-0.0429301028220477,0.6738165611538394,1.281915833645253,1.6588678959262637,0.7036856344296405,-2.5645029265897734,-0.049552318722534405,0.6237770413378024,0.048578211378039096
2023-03-06,0.6738165611538489,0.6237770413378024,0.048578211378039096,3.175047326315,1626,1.0049557255544905,0.0,0.0,0.9464628690808383,0.6040292235489408,0.9784583205644681,1.64558488851696,-1.5334958031130497,-5.205453805543336,-1.0543796450919074,0.06300632889643651,0.5397117217978685
2023-03-07,0.6040292235489445,0.06300632889643651,0.5397117217978685,3.16732434798,1630,1.0086587703288123,0.0,0.0,0.6738165611538489,0.3721810149208915,1.0353021375054672,-0.5709115931074704,-4.79828550029977,-4.181738461955131,-3.6230038759703875,-0.24330183093191285,0.6146818010152876
2023-03-08,0.37218101492088124,-0.24330183093191285,0.6146818010152876,3.144259483446,1635,1.0054067473973805,0.0,0.0,0.6040292235489445,0.6606622630686676,-0.9395956115451631,-2.4876138588916796,-4.08775122443179,-4.20790663698436,-4.957428345334158,0.4422205543840481,0.2179833150978775
2023-03-09,0.6606622630686768,0.4422205543840481,0.2179833150978775,3.291518161856,1638,1.0493409492666608,0.0,0.0,0.37218101492088124,-1.5897549634947605,-3.127613162063825,-5.773811246554117,-6.120830791896159,-4.735537722123762,-5.434987240007693,-0.9469490553516031,-0.649653423156727
2023-03-10,-1.589754963494777,-0.9469490553516031,-0.649653423156727,4.627073050317,1648,1.4705273882963448,-1.5897549634947605,0.0,0.6606622630686768,-1.5627013203743045,-4.251647053116558,-3.1780161128168505,-3.2453514888059254,-3.0572715490741365,-3.1366009230610947,-1.3647348201773577,-0.19824997960577773
2023-03-13,-1.5627013203743068,-1.3647348201773577,-0.19824997960577773,3.664698845631,1667,1.1338693832873323,-3.127613162063825,-1.5897549634947605,-1.589754963494777,-2.7316329976645237,-1.6409580658036438,-3.089856384812595,-3.7291442733542013,-1.970250622054548,-0.8799514911051354,-1.4995076846807838,-1.2529917161542663
2023-03-14,-2.731632997664523,-1.4995076846807838,-1.2529917161542663,4.498219086104,1682,1.3952970065997352,-5.773811246554117,-3.127613162063825,-1.5627013203743068,1.1213048655732916,-0.36828354190368007,1.0509795033956104,0.6476217803268458,2.1598054693537483,2.3813292792943086,1.4063590725592525,-0.2805313409085924
2023-03-15,1.1213048655732907,1.4063590725592525,-0.2805313409085924,3.42710384406,1700,1.039102934890847,-4.717248407417451,-5.773811246554117,-2.731632997664523,-1.4730707930017073,-0.06954554460227858,-2.123024143471819,-0.12527640013292318,0.6922009105220894,1.4264694403203881,-2.193502171026963,0.7418647432351791
2023-03-16,-1.4730707930017115,-2.193502171026963,0.7418647432351791,4.121381244264,1701,1.2371602104225237,-6.120830791896159,-4.717248407417451,1.1213048655732907,1.4245092785249769,-0.6596707678817371,1.0196605642720291,1.4756128345166708,2.9168980383437404,3.4763302578526556,0.9382705086843872,0.4841432677225666
2023-03-17,1.424509278524969,0.9382705086843872,0.4841432677225666,4.23113493067,1699,1.2517648807797472,-4.783513315924548,-6.120830791896159,-1.4730707930017115,-2.054907695617525,-0.3991626058955755,-0.0557696408310826,0.19438853081052976,2.5811441244790068,2.0387169184389764,-0.37631402651573875,-1.6793861025823407
2023-03-20,-2.054907695617529,-0.37631402651573875,-1.6793861025823407,3.484831699474,1704,1.013252960097486,-6.740124228292254,-4.783513315924548,1.424509278524969,1.6904829540375754,2.0410803724333126,2.1494629813528343,1.8270260901117386,4.37902213481367,4.854108752227981,1.7851011543090807,-0.08808072947389582
2023-03-22,1.6904829540375657,1.7851011543090807,-0.08808072947389582,3.393807637565,1718,0.9808421862573897,-5.163581925414917,-6.740124228292254,-2.054907695617529,0.34476915460635027,0.4513500319619057,0.5959298658880785,1.502453473095855,0.5831191017412696,2.7608578001002915,-0.8583872540414048,1.2164139144859547
2023-03-23,0.34476915460635416,-0.8583872540414048,1.2164139144859547,2.890588584364,1717,0.8259058411389436,-4.836615208560236,-5.163581925414917,1.6904829540375657,0.10621468189471184,0.25029776180436336,-0.20977265385695443,0.8185027013742907,-0.7824463189351039,2.3581122304341617,-0.1405262166196307,0.2488514262499032
2023-03-24,0.10621468189470168,-0.1405262166196307,0.2488514262499032,2.958575650124,1719,0.8425921198391729,-4.735537722123762,-4.836615208560236,0.34476915460635416,0.14393020490037767,-0.31565206691290815,1.0463806019526123,1.4203266810297377,-0.7342187224483654,1.660969366420706,0.5249535980942794,-0.38070286789109226
2023-03-27,0.14393020490037828,0.5249535980942794,-0.38070286789109226,2.708260338135,1718,0.7744772860470021,-4.598423386369976,-4.735537722123762,0.10621468189470168,-0.4589217448056515,0.9011533651672732,0.5667862861813866,2.3821250158481133,-0.08183117522539973,1.677547014141778,0.41423132435507537,-0.8684879931763294
2023-03-28,-0.45892174480563674,0.41423132435507537,-0.8684879931763294,2.744140023444,1711,0.7933829249243717,-5.036241966337352,-4.598423386369976,0.14393020490037828,1.3663455668885716,1.0304369301258776,1.741475752149091,2.506206989138171,1.1122125047426712,2.1227179824442333,0.26613604970403215,1.097752559838005
2023-03-29,1.3663455668885751,0.26613604970403215,1.097752559838005,3.727180030074,1707,1.0763495600499755,-3.7387088682936165,-5.036241966337352,-0.45892174480563674,-0.33138082948943604,0.3700736996708365,1.4677450170674566,-0.9057262557680579,0.21684047744883195,-0.1958169869225368,-0.5299544444052963,0.20422996302710425
2023-03-30,-0.33138082948943826,-0.5299544444052963,0.20422996302710425,3.378492049013,1720,0.9760727593692767,-4.057700333323099,-3.7387088682936165,1.3663455668885751,0.7037867435087497,1.8051076271850208,1.4607182784262873,-1.5879515936190969,0.7292208563906444,0.3207938320208603,0.6851506925754146,0.01993989424499014
2023-03-31,0.7037867435087446,0.6851506925754146,0.01993989424499014,4.206840399424,1714,1.212100220526798,-3.3824711468515845,-4.057700333323099,-0.33138082948943826,1.0936241022210247,0.7516415811109622,-1.2710959635801156,-2.124372375819905,0.5435766430702982,0.8540291019227597,0.8661247119974418,0.2249365962305466
2023-04-03,1.09362410222103,0.8661247119974418,0.2249365962305466,3.348739387769,1723,0.9492566715413124,-2.325838564343208,-3.3824711468515845,0.7037867435087446,-0.33828297694051823,-2.3391386813970017,-3.332896845637312,-2.406627319653798,-0.5287786665566951,0.38383445045160336,0.03487454836080413,-0.369394387957807
2023-04-04,-0.33828297694052945,0.03487454836080413,-0.369394387957807,3.332414953334,1721,0.9495518364631148,-2.656253625349436,-2.325838564343208,1.09362410222103,-2.0076472332837048,-3.004778522934637,-2.854557912702105,-1.3599122680865605,0.45515526750259383,0.7204358069112793,-0.778968548877215,-1.2373620025364431
2023-04-05,-2.0076472332836968,-0.778968548877215,-1.2373620025364431,3.290165042822,1729,0.9354157281191547,-4.610572656214806,-2.656253625349436,-0.33828297694052945,-1.0175603110833986,-0.8642620117863542,-0.06910510243876011,1.132827045197704,2.165113507919969,3.4087894308370448,-0.7746196638945271,-0.24363966743908214
2023-04-06,-1.017560311083393,-0.7746196638945271,-0.24363966743908214,3.262518355635,1728,0.9259386979456077,-5.581217609834899,-4.610572656214806,-2.0076472332836968,0.15487423807578615,0.9582055277940871,1.6958219485451842,2.3545617508551997,3.1653255224016075,5.270847098286735,0.22622867957552345,-0.07106401088858764
2023-04-07,0.15487423807579484,0.22622867957552345,-0.07106401088858764,2.358153561601,1722,0.6681487338544391,-3.9073495600854713,-5.581217609834899,-1.017560311083393,0.8020890603973152,1.53856486984989,2.0144996118569125,2.725856358371992,2.4129040823967385,4.498503360751527,0.6311867967396267,0.16988854555978125
2023-04-10,0.8020890603973231,0.6311867967396267,0.16988854555978125,2.287937196425,1712,0.6569405138610371,-2.406627319653798,-3.9073495600854713,0.15487423807579484,0.7306156214791582,1.2027633184597653,1.3831032512525043,1.924155915020731,1.7608190883207309,3.4973768051292264,0.7500583843267191,-0.01637506968141654
2023-04-11,0.7306156214791508,0.7500583843267191,-0.01637506968141654,2.99144564881,1681,0.8887877954768502,-1.693594893322825,-2.406627319653798,0.8020890603973231,0.46872313255270637,0.6477550303328306,1.1693010335963816,1.8400911610320092,0.9993901356417867,2.6088829559726356,0.24714175150013024,0.22115461984164317
2023-04-12,0.46872313255270387,0.24714175150013024,0.22115461984164317,2.811504111878,1671,0.8437643165768896,-1.2328100318068524,-1.693594893322825,0.7306156214791508,0.1781966488654474,0.6973094503444521,0.7128190702569093,1.0207234316320646,-0.411764592063979,2.5764640177555753,-0.2310386897379608,0.4114812155302013
2023-04-13,0.17819664886545278,-0.2310386897379608,0.4114812155302013,2.8259487786,1661,0.8701222194816547,-1.0568102091049525,-1.2328100318068524,0.46872313255270387,0.5181894053239322,0.5336714367751849,1.1846624202793699,0.7921129822429762,-0.4054702507349628,2.7676753949776423,0.6256180363762005,-0.1103052348967751
2023-04-14,0.5181894053239426,0.6256180363762005,-0.1103052348967751,3.48091655036,1647,1.08180169851878,-0.544097082318995,-1.0568102091049525,0.17819664886545278,0.01540221878533199,0.6630372262954154,0.32117440183156987,-0.3046480088552128,0.30877403531659464,2.1690854965539463,0.3273762865753749,-0.3076564533974215
2023-04-17,0.015402218785323713,0.3273762865753749,-0.3076564533974215,2.661979965472,1639,0.8356081518918032,-0.5287786665566951,-0.544097082318995,0.5181894053239426,0.6475352727106864,0.305725094598297,0.2570696382359072,-0.16025330328579557,0.9174644734169624,2.398910009925448,0.29243480704559993,0.3560376008673088
2023-04-18,0.6475352727106967,0.29243480704559993,0.3560376008673088,3.021952543371,1622,0.972557656036774,0.0,-0.5287786665566951,0.015402218785323713,-0.3396110766013649,-0.38795349872878804,-0.9613113828219166,-0.8255108727867166,0.2640785718784233,2.1647707963830642,-0.17876675299069955,-0.1586318957262877
2023-04-19,-0.3396110766013639,-0.17876675299069955,-0.1586318957262877,2.802581309475,1610,0.908725808086722,-0.3396110766013649,0.0,0.6475352727106967,-0.048507157808286294,-0.6238188641812359,-0.4645581271105259,-1.4180140223065352,1.2173195724200614,3.06576901284763,-0.370106211393519,0.3254939689942652
2023-04-20,-0.04850715780830179,-0.370106211393519,0.3254939689942652,2.702261321581,1608,0.8846772061658712,-0.38795349872878804,-0.3396110766013649,-0.3396110766013639,-0.5755909091635814,-0.41625288174446107,-0.43926150443294176,-1.1881715717071306,2.040919819933018,2.2769054737211025,-0.22024842842317333,-0.3557758749726165
2023-04-21,-0.5755909091635761,-0.22024842842317333,-0.3557758749726165,2.918540511972,1621,0.9584382010781078,-0.9613113828219166,-0.38795349872878804,-0.04850715780830179,0.16026047212767125,0.13711864719869737,-0.7991805974510768,0.6152965328075632,2.0364614176713536,2.4347706955669013,0.22354329654280233,-0.06291620062123517
2023-04-24,0.1602604721276771,0.22354329654280233,-0.06291620062123517,2.423275533337,1620,0.7963184400872775,-0.8025915128549665,-0.9613113828219166,-0.5755909091635761,-0.023104797072115435,-0.9579059250207744,-0.7751452544219051,1.0794476271825726,1.7065091774676855,1.9816157003613277,0.3731992920251133,-0.3950195585849366
2023-04-25,-0.023104797072110553,0.3731992920251133,-0.3950195585849366,2.748753313422,1611,0.907523941714337,-0.8255108727867166,-0.8025915128549665,0.1602604721276771,-0.9350171617664826,-0.7522142549269417,0.47752311237712064,1.0986589941164082,1.5935668702249606,1.321196896808896,-0.6766650293816845,-0.26123427064578625
2023-04-26,-0.9350171617664833,-0.6766650293816845,-0.26123427064578625,3.202929939011,1618,1.0573936340977041,-1.752809366220387,-0.8255108727867166,-0.023104797072110553,0.1845282779062707,1.4258724260318933,2.057058234916731,2.6732405201523424,3.0005839520894195,2.9216403464945584,-0.2736259893717394,0.4653686381558955
2023-04-27,0.18452827790626752,-0.2736259893717394,0.4653686381558955,3.325327802567,1589,1.1073841174677506,-1.5715155172525863,-1.752809366220387,-0.9350171617664833,1.239057736222704,1.8690809740763425,1.8649013024809369,3.2679198867203274,3.1860641881649387,2.8958069148769416,0.9727885458211284,0.26380200248343244
2023-04-28,1.2390577362226967,0.9727885458211284,0.26380200248343244,4.289315530773,1594,1.429672094728791,-0.3519297656223386,-1.5715155172525863,0.18452827790626752,0.6223124275762659,0.6181839106887521,1.2298322551083984,1.4124739814292298,1.8545849843428108,0.49501926041506383,0.5716385539299217,0.04857911207840591
2023-05-01,0.6223124275762651,0.5716385539299217,0.04857911207840591,3.563514368231,1597,1.1861249361107329,0.0,-0.3519297656223386,1.2390577362226967,-0.004102983511211633,0.6037625382237177,1.3731731937387082,0.6203650346388478,1.4679773657003903,-0.13616902173667622,0.0941656647775617,-0.09653622096840052
2023-05-02,-0.004102983511207485,0.0941656647775617,-0.09653622096840052,3.057957565375,1603,1.0142237900272513,-0.004102983511211633,0.0,0.6223124275762651,0.6078904633804116,1.377332688983035,0.7894100647309443,0.4895296149648676,1.895686123661977,1.3407120997232402,0.1116457213473286,0.49527244677431503
2023-05-08,0.6078904633804015,0.1116457213473286,0.49527244677431503,3.381455654217,1594,1.1266452896099157,0.0,-0.004102983511211633,-0.004102983511207485,0.7647931211545389,0.1804228281842457,0.016502858338740545,0.31882059071939306,1.8262185248889562,2.3956711210044057,0.3394934469244181,0.4252097219089469
2023-05-09,0.7647931211545376,0.3394934469244181,0.4252097219089469,3.618491943135,1596,1.2037911169071314,0.0,0.0,0.6078904633804015,-0.579934990059161,-0.7426108262993281,-0.8757412041426327,-0.0792653697732848,0.23126570615448205,1.8087929435464334,0.11930930781855334,-0.6991316656323289
2023-05-10,-0.579934990059161,0.11930930781855334,-0.6991316656323289,3.537362894225,1601,1.169874217515573,-0.579934990059161,0.0,0.7647931211545376,-0.16362475343775218,-0.2975317045446513,0.13814851108435722,0.43595327631444913,0.3903597521528468,2.0326685467434658,-0.11938549251608081,-0.044109187822848686
2023-05-11,-0.16362475343775473,-0.11938549251608081,-0.044109187822848686,3.299747140933,1621,1.0704176353736854,-0.7426108262993281,-0.579934990059161,-0.579934990059161,-0.1341264151229371,0.30226784954563435,0.668308386960681,0.8423864600071385,0.2704905763834642,1.2197946953109717,-0.11755332551888334,-0.01325286110740218
2023-05-12,-0.13412641512294957,-0.11755332551888334,-0.01325286110740218,4.361184288875,1641,1.3918985160153687,-0.8757412041426327,-0.7426108262993281,-0.16362475343775473,0.43698037077468666,0.8035125246279584,0.7356738437863886,1.399306489029195,-0.26809765795897667,2.4376501899933345,0.1381161699979532,0.3004146846198323
2023-05-15,0.43698037077467716,0.1381161699979532,0.3004146846198323,3.601627991588,1651,1.1248935524590038,-0.4425876505288362,-0.8757412041426327,-0.13412641512294957,0.36493744883625556,0.29739391995762254,0.538490925520918,1.5026073126591433,-0.0766438427490801,3.32740301571286,0.20776565799046645,0.15802723525312512
2023-05-16,0.3649374488362585,0.20776565799046645,0.15802723525312512,4.081545368634,1667,1.2592479758430788,-0.0792653697732848,-0.4425876505288362,0.43698037077467716,-0.06729793351694102,0.17292241802386865,0.59104484504513,0.3107774147947717,-0.28129503297915637,3.3878621187622304,0.048441376435024185,-0.1144461692044704
2023-05-17,-0.06729793351693625,0.048441376435024185,-0.1144461692044704,3.859448386328,1688,1.1681011637238436,-0.14650995933437327,-0.0792653697732848,0.3649374488362585,0.2403821237426218,0.6587861280125118,1.201639789029163,-0.0453956204668593,-1.3348105283004563,3.6987023359187354,0.6599403591649037,-0.41376691194270093
2023-05-18,0.2403821237426112,0.6599403591649037,-0.41376691194270093,4.397881819639,1690,1.323482162818679,0.0,-0.14650995933437327,-0.06729793351693625,0.41740064772837204,0.9589525148656186,0.13761702608179327,-0.5671185537149737,-1.5809385671063048,3.3349931037720992,0.3578495441256456,0.0575918006087018
2023-05-19,0.4174006477283692,0.3578495441256456,0.0575918006087018,3.974911659284,1699,1.1657460551474397,0.0,0.0,0.2403821237426112,0.5393008220129669,-0.27862065721864226,-0.6995730582165405,-1.644394034557406,-0.5446491849176116,4.112806427585736,-0.040162669365339146,0.5799055199266098
2023-05-22,0.539300822012975,-0.040162669365339146,0.5799055199266098,3.432171891901,1697,0.9927015145766446,0.0,0.0,0.4174006477283692,-0.8135340832333804,-1.2322284620048474,-1.5115757746752556,-1.5558725014261476,0.559239657884647,4.1695518505369344,0.40208917156019175,-1.2101094335765628
2023-05-23,-0.813534083233381,0.40208917156019175,-1.2101094335765628,4.505677305604,1705,1.2914375187447287,-0.8135340832333804,0.0,0.539300822012975,-0.4221285383056328,-0.703767076475581,-1.3695893361483358,-0.5902381210003416,1.5738873756386162,5.141240862446805,-0.35748172039280285,-0.06355734121463912
2023-05-24,-0.42212853830563735,-0.35748172039280285,-0.06355734121463912,3.671911848791,1720,1.0259442160612238,-1.2322284620048474,-0.8135340832333804,-0.813534083233381,-0.28283245467672913,-0.9514772548710027,-0.3276818281728655,-1.2900005115698443,1.6359228103626666,6.014693675070237,-0.13840988743255958,-0.14299356456960338
2023-05-25,-0.28283245467672385,-0.13840988743255958,-0.14299356456960338,3.94061185856,1723,1.089552642511289,-1.5115757746752556,-1.2322284620048474,-0.42212853830563735,-0.6705413086371181,-0.044976581866662535,0.11433359769315032,-1.0196023675920651,0.9467432676060872,5.828166003294433,0.11357043754938238,-0.7845163105898282
2023-05-26,-0.6705413086371241,0.11357043754938238,-0.7845163105898282,3.945027439754,1734,1.0683628330086217,-2.1719813433318302,-1.5115757746752556,-0.28283245467672385,0.6297877135465146,0.7901733450184523,-0.3417751697013416,1.118131334604544,2.713021394771631,5.454257145788577,1.1946991462240588,-0.5541907253201126
2023-05-29,0.6297877135465169,1.1946991462240588,-0.5541907253201126,4.055471911434,1735,1.0807660062465905,-1.5558725014261476,-2.1719813433318302,-0.6705413086371241,0.1593818640743816,-0.9654823937555235,-0.9750643363348854,2.148540713453362,3.40665785194898,4.105833408077442,-0.14298942439970413,0.3001320842301741
2023-05-30,0.15938186407437416,-0.14298942439970413,0.3001320842301741,3.499688655793,1731,0.9221762663587157,-1.3989704159471539,-1.5558725014261476,0.6297877135465169,-1.1230742811057404,-1.132640976108279,0.325386869276878,2.1769748319818927,3.6795074233614056,3.4173526592520487,-0.5622020009020664,-0.5649014108148572
2023-05-31,-1.1230742811057473,-0.5622020009020664,-0.5649014108148572,7.561819950109,1719,1.987990641108913,-2.506333220111112,-1.3989704159471539,0.15938186407437416,-0.009675356442340188,1.4649132139287868,3.144381557539422,2.9641610141791785,5.101609687439934,6.215654723613984,-0.2140861941273541,0.20418389165692924
2023-06-01,-0.009675356442338332,-0.2140861941273541,0.20418389165692924,4.139767545173,1728,1.043452415375762,-2.515766079880788,-2.506333220111112,-1.1230742811057473,1.4747312558766934,3.1543621097593677,3.3475313195029166,1.9866010667089151,4.994897938780185,6.269470271917865,0.25596587148466354,1.2174376143067172
2023-06-02,1.4747312558766852,0.25596587148466354,1.2174376143067172,4.028251996178,1729,1.0080236062364876,-1.0781356127088304,-2.515766079880788,-0.009675356442338332,1.6552207954582787,1.845582679005875,1.4776022102235276,1.5772542857714678,4.682961323180046,4.889950131624343,1.3838968724700667,0.26802775610419227
2023-06-05,1.6552207954582763,1.3838968724700667,0.26802775610419227,4.430401616904,1732,1.095358979652396,0.0,-1.0781356127088304,1.4747312558766852,0.18726227935761397,-0.17472647626445292,-1.1320520229749609,1.2316545392702993,3.5902341793106585,4.227236219639741,-0.5290700092825095,0.7228135192883258
2023-06-06,0.18726227935760506,-0.5290700092825095,0.7228135192883258,4.105299414233,1738,1.0019890016820345,0.0,0.0,1.6552207954582763,-0.36131215424642926,-1.3168483421114652,-0.2634659119974958,1.4705197465967768,3.512077344854858,3.906122656506472,0.5365728041208037,-0.8917997682920964
2023-06-07,-0.36131215424643004,0.5365728041208037,-0.8917997682920964,5.504123824224,1738,1.335469233405468,-0.36131215424642926,0.0,0.18726227935760506,-0.9590011756720918,0.09820105459479311,1.408842636629859,2.0759152040936035,4.308290556752947,3.7496069171902846,0.08225721355399032,-1.0422391359191665
2023-06-08,-0.9590011756720868,0.08225721355399032,-1.0422391359191665,4.357172612478,1747,1.032547297518459,-1.3168483421114652,-0.36131215424642926,-0.36131215424643004,1.0674389826601738,2.390771337536557,2.8245633037454976,2.949698137408796,4.835641624166009,3.252837262138608,0.7745860359060697,0.291785646969932
2023-06-09,1.067438982660173,0.7745860359060697,0.291785646969932,4.933637052329,1756,1.1546884179269705,-0.2634659119974958,-1.3168483421114652,-0.9590011756720868,1.3093557808498746,1.7385661878567715,1.9757739186742729,3.0574827595469145,2.6688298268251254,1.691172410600772,0.5352066873346377,0.7676701250892624
2023-06-12,1.309355780849876,0.5352066873346377,0.7676701250892624,3.552178762738,1759,0.8258340909308931,0.0,-0.2634659119974958,1.067438982660173,0.4236631490731835,0.6578051283496311,0.5458761493550179,2.329883523859033,0.6761417210964238,0.15788477903326825,0.5602391026863386,-0.13832953113452584
2023-06-13,0.42366314907317687,0.5602391026863386,-0.13832953113452584,4.787688969109,1756,1.1137138811247802,0.0,0.0,1.309355780849876,0.2331541908891177,0.12169741318877048,1.2963781790032103,2.011971164981219,-0.2528510895010938,-0.29426465939779156,0.610474701654661,-0.3741090093765154
2023-06-14,0.23315419088912026,0.610474701654661,-0.3741090093765154,5.431073466296,1756,1.2530863979000297,0.0,0.0,0.42366314907317687,-0.11119751603155814,1.0607508031616364,1.661151257348914,2.1869755937978796,1.0599695280472776,-1.443696764060154,0.0051776478195576054,-0.1164372283623684
2023-06-15,-0.11119751603156222,0.0051776478195576054,-0.1164372283623684,5.118903476829,1764,1.1600287440551431,-0.11119751603155814,0.0,0.23315419088912026,1.1732529473273967,1.774321775120824,1.8879761336761502,1.8319077383208926,1.2139373990161628,-0.5940288332641486,0.17030266404517128,0.9974332133725952
2023-06-16,1.1732529473273945,0.17030266404517128,0.9974332133725952,6.268204432377,1762,1.408968516890389,0.0,-0.11119751603155814,-0.11119751603156222,0.5940985490565875,0.7064349178540708,1.1144037439716037,-0.3771224779753113,0.197729225298926,-2.09599608128912,0.5424290330901225,0.047820866685853385
2023-06-19,0.5940985490565845,0.5424290330901225,0.047820866685853385,4.481500500173,1770,0.9820413007892069,0.0,0.0,1.1732529473273945,0.11167292159062203,0.517232325175887,0.05658201616645098,-1.616088815714345,0.6149247999830187,-2.1783330988437655,-0.09682244742704449,0.2134521329183975
2023-06-20,0.11167292159061828,-0.09682244742704449,0.2134521329183975,4.58633425461,1778,0.9935903626376319,0.0,0.0,0.5940985490565845,0.4051070087530251,-0.055029452426924585,-1.0759564636691143,-2.2201534080931284,0.3806756870880168,-1.167185595944642,-0.34977432268379544,0.7593149252845429
2023-06-21,0.4051070087530237,-0.34977432268379544,0.7593149252845429,4.56161739614,1769,0.9873730150044459,0.0,0.0,0.11167292159061828,-0.4582799370352997,-1.4750877884060376,-2.122343693257367,-1.1028862134354167,-0.53560808693216,-2.2001219480138445,-0.019935854934582827,-0.43778121992714253
2023-06-22,-0.45827993703531467,-0.019935854934582827,-0.43778121992714253,4.836601204767,1786,1.0369095741143555,-0.4582799370352997,0.0,0.4051070087530237,-1.0214891311176477,-1.6717249362071196,-2.1663160675360005,-0.6068533459009262,-1.5097960364488627,-2.311120871641714,0.5706260401025957,-1.5779707579163678
2023-06-23,-1.0214891311176524,0.5706260401025957,-1.5779707579163678,5.26052428704,1790,1.1170648068170344,-1.4750877884060376,-0.4582799370352997,-0.45827993703531467,-0.6569464415875581,-1.1566419077924106,0.3777740742070046,0.5770278048304212,-0.9522436535737366,-0.5739668327728431,-0.21758865332517754,-0.44322093541046836
2023-06-26,-0.6569464415875437,-0.21758865332517754,-0.44322093541046836,3.842826194458,1799,0.8047781526423379,-2.122343693257367,-1.4750877884060376,-1.0214891311176524,-0.5029999061897605,1.041563027037573,1.0829759696438623,2.2676610320140567,-0.5147763245624715,0.20840256927743273,-0.23511195836802204,-0.26275794462472757
2023-06-27,-0.5029999061897569,-0.23511195836802204,-0.26275794462472757,4.003494724409,1801,0.8402969680157653,-2.61466821266102,-2.122343693257367,-0.6569464415875437,1.5523713597104027,1.593993662460469,1.7539567109866372,2.6598825686809935,-0.04151855000271709,0.5950377841731358,0.7793533180827668,0.7691018741863801
2023-06-28,1.5523713597103976,0.7793533180827668,0.7691018741863801,4.526277352199,1806,0.9450277013932045,-1.1028862134354167,-2.61466821266102,-0.5029999061897569,0.040986047093505285,0.19850383459998344,1.2134590640174414,0.5736043295738069,-2.477406537721727,-0.6576766458072703,0.2454456793014124,-0.20191536398658708
2023-06-29,0.04098604709350961,0.2454456793014124,-0.20191536398658708,4.425872402691,1797,0.9543055268220065,-1.0623521958047388,-1.1028862134354167,1.5523713597103976,0.15745325364178164,1.171992663458954,1.049165278177644,-0.9084556842639202,-1.7862818883853437,-1.094689000932103,-0.037998448349776115,0.1958519618053654
2023-06-30,0.15745325364177343,-0.037998448349776115,0.1958519618053654,4.369220956775,1802,0.9391934203776295,-0.9065716502603904,-1.0623521958047388,0.04098604709350961,1.0129444957510225,0.8903102021550646,0.37435738121700535,-1.5204977635367212,-2.289198891354627,-0.0010468200963620333,0.7354378729928103,0.27577277244865056
2023-07-03,1.012944495751023,0.7354378729928103,0.27577277244865056,4.041201599257,1808,0.8655116322035451,0.0,-0.9065716502603904,0.15745325364177343,-0.12140453306073162,-0.6321834471035404,-2.056348098868943,-2.7207401914721707,-2.776186439913997,-0.641991014526655,-0.27742424289284273,0.15636253900298502
2023-07-04,-0.12140453306071519,-0.27742424289284273,0.15636253900298502,3.968449950297,1811,0.8534874284048453,-0.12140453306073162,0.0,1.012944495751023,-0.5113997765536116,-1.9372955304009065,-2.3895337033469577,-2.6314087363936367,-1.541991297067713,-1.5027389119472656,-0.36914567500816764,-0.14234198599871378
2023-07-05,-0.5113997765536146,-0.36914567500816764,-0.14234198599871378,3.939380384035,1816,0.8484841167384061,-0.6321834471035404,-0.12140453306073162,-0.12140453306071519,-1.433225264648219,-1.8877880707690586,-2.101844255837926,-3.033609949284044,-1.6734771399763648,-2.475874062148198,-0.7071387308771836,-0.7333268478976565
2023-07-06,-1.4332252646482218,-0.7071387308771836,-0.7333268478976565,4.272578366206,1808,0.9360230642343211,-2.056348098868943,-0.6321834471035404,-0.5113997765536146,-0.4611724461324185,-0.6783411479019508,-0.7078258852303176,-0.885873976617424,-0.8136086665932907,-0.8263250434170422,-0.867950524196824,0.41460956496951057
2023-07-07,-0.46117244613240876,-0.867950524196824,0.41460956496951057,4.32669056958,1806,0.9487569446285797,-2.5080372341728108,-2.056348098868943,-1.4332252646482218,-0.21817486412727405,-0.24779620692680915,-1.1678687657571851,-0.7805696722269606,0.3819135685192654,0.3137899952839085,0.11375770031577219,-0.33035159893062466
2023-07-10,-0.2181748641272778,0.11375770031577219,-0.33035159893062466,4.277112248399,1804,0.9441684358906102,-2.7207401914721707,-2.5080372341728108,-0.46117244613240876,-0.029686110430626744,-0.9517704254624615,-0.2089502240639307,-0.05699698841351575,0.7269209105859042,0.34116348825781184,0.5097212530481706,-0.5339058803607121
2023-07-11,-0.02968611043063111,0.5097212530481706,-0.5339058803607121,3.6864542779,1803,0.807321536519115,-2.749618619965022,-2.7207401914721707,-0.2181748641272778,-0.9223581272840731,-0.1793173459786579,-0.534096937251971,1.1188591980103135,0.6368207329102926,0.35867887496379147,0.35518226485575766,-1.2740499565278336
2023-07-12,-0.9223581272840742,0.35518226485575766,-1.2740499565278336,3.961611071212,1793,0.8781692468455778,-3.6466154164385256,-2.749618619965022,-0.02968611043063111,0.7499580806131778,0.3918756872826057,0.9033714594318898,1.4026847947998355,1.865957238532956,1.88013796737585,0.2596992040797584,0.4860336220098093
2023-07-13,0.7499580806131747,0.2596992040797584,0.4860336220098093,3.781659402787,1787,0.8521583129439804,-2.924005422809828,-3.6466154164385256,-0.9223581272840742,-0.35541691545326604,0.15227140709672682,1.300508581461468,0.07291121147261492,0.7041713731551047,0.39847957109995225,0.3552634024252439,-0.7047747407797594
2023-07-14,-0.3554169154532672,0.3552634024252439,-0.7047747407797594,4.367643330206,1788,0.9992593600988947,-3.2690299283816504,-2.924005422809828,0.7499580806131747,0.5094991687799366,1.6618319286957117,1.0068634544351696,1.1716286184126679,2.341759606201621,0.9011881492852591,0.19973724948086205,0.30990682729488944
2023-07-18,0.5094991687799468,0.19973724948086205,0.30990682729488944,3.574762650444,1774,0.8360350668471087,-2.776186439913997,-3.2690299283816504,-0.3554169154532672,1.1464913957841327,0.4948430643555657,-0.07923953646695736,0.7843649634067251,2.1951365074446283,-0.7336247268731833,0.759893894853959,0.38528721395081794
2023-07-19,1.1464913957841247,0.759893894853959,0.38528721395081794,3.642569439364,1764,0.8610225695717586,-1.661523782794394,-2.776186439913997,0.5094991687799468,-0.6442619239046765,-1.21183732162774,-0.48219012089696367,-0.47670480949167926,0.03986713283921084,-2.2866956361714985,-0.0297944955842569,-0.6152581483675781
2023-07-20,-0.6442619239046891,-0.0297944955842569,-0.6152581483675781,3.402672488504,1769,0.8133890013738306,-2.2950811416099115,-1.661523782794394,1.1464913957841247,-0.5712557812094898,0.16312274071537125,0.28809627461754417,0.4568640807396829,-0.8160533890882338,-2.508837101611694,-0.23348061162923264,-0.34024244926940184
2023-07-21,-0.5712557812094902,-0.23348061162923264,-0.34024244926940184,3.547921949287,1763,0.860023034135248,-2.8532261391145064,-2.2950811416099115,-0.6442619239046891,0.7385978045834296,0.8642893587553102,0.744150404466426,0.6308002375873034,-0.012820687044667878,-1.0782827915177373,0.635029038969105,0.10297537582248499
2023-07-24,0.7385978045834359,0.635029038969105,0.10297537582248499,3.34888815348,1761,0.8246571126984156,-2.135702200154377,-2.8532261391145064,-0.5712557812094902,0.12477000564936613,0.005511889190445984,0.29326296144411845,1.156580163597365,-0.06786438992203436,-1.0855995291616627,0.23816912676342095,-0.11055560814764208
2023-07-25,0.12477000564937178,0.23816912676342095,-0.11055560814764208,3.42897185846,1750,0.8647305855626981,-2.0135969102607953,-2.135702200154377,0.7385978045834359,-0.11910950352463923,0.16828298909974393,-0.2314883916323618,1.3997920655154372,-0.382973507817741,-0.3164949772263559,0.007946250948949324,-0.12571734412526359
2023-07-26,-0.11910950352464182,0.007946250948949324,-0.12571734412526359,3.104850124409,1745,0.7870997621570136,-2.1303080285026477,-2.0135969102607953,0.12477000564937178,0.28773521260758717,-0.11251290166630623,1.1510048322959765,0.5190462608197111,-0.2763818013336028,0.01686548932171572,-0.23617611890243895,0.5278786189320723
2023-07-27,0.28773521260759655,-0.23617611890243895,0.5278786189320723,3.627928529238,1733,0.9303002406953096,-1.8487024622300674,-2.1303080285026477,-0.11910950352464182,-0.39909976372022316,0.8607928156501687,1.2294401378026176,-1.267128415241836,0.013920969504743752,-0.5739224432737333,-0.9994829411367206,0.6089380857373051
2023-07-28,-0.39909976372023853,-0.9994829411367206,0.6089380857373051,6.415952117923,1728,1.664396472396735,-2.2404240587916457,-1.8487024622300674,0.28773521260759655,1.2649409557359492,1.6350654438459067,0.6322705484264279,-0.6395864120253392,-0.3035542598552543,0.6334329281037165,1.1317876818879375,0.1294269648836499
2023-07-31,1.26494095573594,1.1317876818879375,0.1294269648836499,5.674015140413,1742,1.4348880640083863,-1.003823144557514,-2.2404240587916457,-0.39909976372023853,0.36550111481499226,-0.624767467732068,-2.1097605635336913,-1.2104447891962522,-1.4076086462256554,0.24369341906627096,0.1438121694267822,0.2211857756713544
2023-08-01,0.36550111481498926,0.1438121694267822,0.2211857756713544,4.754985662633,1743,1.1829600603995436,-0.5212192652811587,-1.003823144557514,1.26494095573594,-0.9866623207652081,-2.46624751618294,-2.2380581406010958,-1.7581550583272598,-2.8658518735913185,-0.008539755403469407,-0.5801186823309636,-0.4100874471881013
2023-08-02,-0.9866623207651994,-0.5801186823309636,-0.4100874471881013,4.989528554592,1742,1.2303859301516948,-0.9964349012521523,-0.5212192652811587,0.36550111481498926,-1.4943291783689028,-1.2638659085404513,-0.5893594475605446,-0.7913207414337986,-2.3256356047748117,1.4484133696080814,-0.7686828820208017,-0.7326652746212986
2023-08-03,-1.4943291783689001,-0.7686828820208017,-0.7326652746212986,4.812945324388,1737,1.17208557371258,-2.46624751618294,-0.9964349012521523,-0.9866623207651994,0.23395939330819182,0.9186981046472198,0.7259973494541327,1.297490252419986,-1.7067113886525154,3.6514540287291952,-0.272215162657185,0.5077283493360792
2023-08-04,0.2339593933082011,-0.272215162657185,0.5077283493360792,4.125335544732,1746,0.9940598566055286,-2.2380581406010958,-2.46624751618294,-1.4943291783689001,0.6831404401099084,0.49088947411051187,0.4785939529179162,0.3381952027328827,-1.0655987215503093,4.096686562001484,-0.3953101865470996,1.0836317203063448
2023-08-07,0.6831404401099173,-0.3953101865470996,1.0836317203063448,3.780425586908,1730,0.9125676734393703,-1.5702067807228048,-2.2380581406010958,0.2339593933082011,-0.19094653301339193,-0.20315862844352273,0.37534387074631415,-0.1995796586073184,-1.018426288026808,3.921886508958483,0.2841938862910626,-0.47496836679881826
2023-08-08,-0.19094653301339054,0.2841938862910626,-0.47496836679881826,4.031418284303,1731,0.9796143293310748,-1.7581550583272598,-1.5702067807228048,0.6831404401099173,-0.01223545861415154,0.5673737843301163,-0.15194837280942952,-1.1275203717129978,0.06673410453241768,4.224567203910112,-0.1066366216680233,0.09263200144362638
2023-08-09,-0.012235458614153935,-0.1066366216680233,0.09263200144362638,4.201803741116,1720,1.0240741206843913,-1.770175398606877,-1.7581550583272598,-0.19094653301339054,0.579680169471497,-0.1397300108029298,0.0035862556239552035,-1.5465530584699572,0.2940600190329379,3.712084159770912,-0.2850363340362907,0.8652180475871425
2023-08-10,0.5796801694714949,-0.2850363340362907,0.8652180475871425,4.553115153588,1729,1.1027710900217795,-1.2007565848859758,-1.770175398606877,-0.012235458614153935,-0.7152639370718306,-0.5727736585330767,-1.6853320239602398,-2.965721691215084,-0.58776159066668,2.3030802446054155,0.1764255244344029,-0.8892799604950119
2023-08-14,-0.7152639370718359,0.1764255244344029,-0.8892799604950119,4.103600184601,1743,0.9868291008680454,-1.907431943134097,-1.2007565848859758,0.5796801694714949,0.14351680247046694,-0.9770566205398956,-1.4087915522551842,-1.39906236249,0.9398401126567757,2.5540401846357863,0.21059479061640485,-0.06321050692944992
2023-08-15,0.1435168024704566,0.21059479061640485,-0.06321050692944992,3.496167530762,1759,0.837512379331879,-1.7666526259977222,-1.907431943134097,-0.7152639370718359,-1.1189675166098367,-1.5500837241291698,-2.4067331662896985,-0.8204841488827608,1.674877789875917,3.0004202411550995,-0.7757510282313291,-0.34300191802168367
2023-08-16,-1.1189675166098456,-0.7757510282313291,-0.34300191802168367,3.608558785969,1772,0.8735541861016997,-2.8658518735913185,-1.7666526259977222,0.1435168024704566,-0.43599484824528023,-1.3023383932567412,-0.4261696608360399,1.2078734959770854,2.941614430456929,3.93031164040758,-0.3466215555643296,-0.08914734406602742
2023-08-17,-0.43599484824529433,-0.3466215555643296,-0.08914734406602742,3.773690905711,1770,0.9131555670136043,-3.2893517553094,-2.8658518735913185,-1.1189675166098456,-0.8701372988069167,0.009868212306507473,0.7410870449112039,1.8695262935750634,3.863909427771395,4.882279704625292,-0.8217639147769121,-0.044138860667410997
2023-08-18,-0.8701372988069117,-0.8217639147769121,-0.044138860667410997,3.334752431916,1772,0.8056633537349933,-4.130867177604403,-3.2893517553094,-0.43599484824529433,0.8877299807889649,1.6253672705820454,2.5433347136790907,2.4506392400644117,5.451201697572605,6.117936300294913,0.12129920227835787,0.7697627116836565
2023-08-21,0.8877299807889583,0.12129920227835787,0.7697627116836565,3.00021089502,1769,0.7254345968561955,-3.2798081432176107,-4.130867177604403,-0.8701372988069117,0.7311466814978962,1.6410367575971696,1.859474584368792,2.3720894863549447,5.217887020938861,5.257628200846631,0.522780073013139,0.21109013314677802
2023-08-22,0.7311466814978962,0.522780073013139,0.21109013314677802,3.087464352097,1772,0.7515082507741665,-2.5726416701183474,-3.2798081432176107,0.8877299807889583,0.9032857324420718,1.1201380506851155,0.8120728039142433,2.516005363954976,4.991143918726837,3.3161667304308695,-0.2825788004283953,1.1929910264998134
2023-08-23,0.9032857324420688,-0.2825788004283953,1.1929910264998134,2.877540774096,1765,0.7026470798852449,-1.692594242829304,-2.5726416701183474,0.7311466814978962,0.21491105732478477,-0.09039639082685236,0.7192495787909703,1.7130494640308358,4.155060257122312,1.495959248395562,0.27806327607911274,-0.057068801080880235
2023-08-24,0.21491105732478513,0.27806327607911274,-0.057068801080880235,3.310746445907,1765,0.8139082674537721,-1.4813207576880094,-1.692594242829304,0.9032857324420688,-0.3046527157789858,0.503256966598209,1.3804048730335028,1.9577818870471164,3.4080025677386327,1.6169083607702195,-0.8542727278317099,0.5554729458173923
2023-08-25,-0.3046527157789851,-0.8542727278317099,0.5554729458173923,3.217343012912,1762,0.7889494060363217,-1.7814605895492996,-1.4813207576880094,0.21491105732478513,0.8103785225542337,1.6902068498829248,1.8050775798414964,2.928788419247641,2.9079335517715243,2.7450299417144386,0.6468595894509346,0.16155616765550143
2023-08-28,0.8103785225542417,0.6468595894509346,0.16155616765550143,3.252065089313,1757,0.8014987312561808,-0.9855186410005379,-1.7814605895492996,-0.3046527157789851,0.8727557025607791,0.98670302786803,1.447241576392222,2.779856842682915,1.599170426837837,1.3203843044888863,0.3168663520314546,0.554898139989717
2023-08-29,0.8727557025607684,0.3168663520314546,0.554898139989717,3.146367832203,1729,0.8069087772590877,-0.1213641085788919,-0.9855186410005379,0.8103785225542417,0.11296144782961814,0.5695153957381738,1.2179949355331177,2.4143923146288992,1.3037069530770218,0.9583068588205457,0.3961572528879161,-0.2745805438037174
2023-08-30,0.1129614478296264,0.3961572528879161,-0.2745805438037174,3.726174148314,1727,0.9876145364587261,0.0,-0.1213641085788919,0.8727557025607684,0.45603879987754503,1.1037866343403868,1.7756335844730353,2.4008824884903746,0.9604446320575111,-0.22568118063852616,0.1966154055416366,0.26255712312505763
2023-08-31,0.45603879987754975,0.1966154055416366,0.26255712312505763,4.69227248223,1723,1.2608677888300956,0.0,0.0,0.1129614478296264,0.644807263158409,1.3136042395861525,1.834429560121853,1.422373705911073,0.9804852161491961,-1.4162220721842034,-0.10435239997507027,0.7509652519623866
2023-09-01,0.6448072631584023,-0.10435239997507027,0.7509652519623866,3.65923056617,1722,0.987220266527575,0.0,0.0,0.45603879987754975,0.6645121537955045,1.1820006707876196,1.2829349892117925,-0.02026145240452415,0.6322683781588845,-2.8710253055008184,0.30976049126835253,0.35288528085094073
2023-09-04,0.6645121537955055,0.30976049126835253,0.35288528085094073,3.582585661319,1714,0.9818223935483169,0.0,0.0,0.6448072631584023,0.5140724431282218,0.6143404683385034,0.10735919143465278,-1.1487527343536308,0.03777036493792796,-5.505809315868648,0.06465975950243673,0.44877888634408764
2023-09-05,0.5140724431282171,0.06465975950243673,0.44877888634408764,3.846240555671,1718,1.0619761739778926,0.0,0.0,0.6645121537955055,0.09975521115912489,-0.40463314420345897,-1.188217385722501,-1.0845012467971538,-1.5953509274958977,-8.244080314209768,0.035471960830811916,0.0649225112693195
2023-09-06,0.09975521115912205,0.035471960830811916,0.0649225112693195,3.943708178262,1719,1.0878992575252913,0.0,0.0,0.5140724431282171,-0.5038857031154476,-1.2866890574953604,-1.7523279430002758,-1.4066654714570248,-2.5530214299356757,-6.442398387687898,-0.23437887599173834,-0.26999890865706694
2023-09-07,-0.5038857031154486,-0.23437887599173834,-0.26999890865706694,4.021917428738,1718,1.1108176579527598,-0.5038857031154476,0.0,0.09975521115912205,-0.7867677646627658,-1.2547648204226713,-0.6826302508409543,-0.4356913308331656,-1.7320653745295456,-5.636424173825705,-0.48407290601455094,-0.3022929453334197
2023-09-08,-0.7867677646627661,-0.48407290601455094,-0.3022929453334197,4.481460055328,1726,1.2408216119227538,-1.2866890574953604,-0.5038857031154476,-0.5038857031154486,-0.47170830464408064,0.10496333147860248,-0.12154025917694433,0.6526620693779739,-0.15830034131929516,-3.3267704681110066,0.23887448867991015,-0.7146571631216909
2023-09-11,-0.47170830464407115,0.23887448867991015,-0.7146571631216909,3.517396560677,1724,0.9748598478915994,-1.7523279430002758,-1.2866890574953604,-0.7867677646627661,0.5794047363816945,0.3518276456898839,0.8294815320455173,1.2003117129144147,-0.2743980301981863,-3.4970968861555374,0.34512250369762865,0.23453616630234594
2023-09-12,0.5794047363816958,0.34512250369762865,0.23453616630234594,3.733374884811,1711,1.0431933692212354,-1.1830762777172654,-1.7523279430002758,-0.47170830464407115,-0.22626609422504718,0.24863618582677827,0.5471244578410861,-0.5164505938278996,-0.3409550396970662,-3.1476099232003896,-0.07556209792953031,-0.15170789257186987
2023-09-13,-0.2262660942250486,-0.07556209792953031,-0.15170789257186987,3.871560137065,1702,1.0782322669924165,-1.4066654714570248,-1.1830762777172654,0.5794047363816958,0.47597925973215105,0.7751444411176589,0.8455093316489082,-1.1627114185358889,-1.1748421047656499,-4.7937316804191665,0.29908058912002083,0.18363956780055143
2023-09-14,0.4759792597321572,0.29908058912002083,0.18363956780055143,4.319348313047,1696,1.198552132913679,-0.9373816476228258,-1.4066654714570248,-0.2262660942250486,0.2977479628361257,0.3677795176910248,-0.7631892150996245,-1.3020469493781994,-2.3734360982750613,-6.843667359807027,0.445750613844718,-0.1476045912379637
2023-09-15,0.2977479628361302,0.445750613844718,-0.1476045912379637,6.18577074849,1691,1.7035584830473727,-0.6424247195464972,-0.9373816476228258,0.4759792597321572,0.06982365634056187,-1.0577876367960592,-1.922950217933761,-0.8057038870350808,-3.4812826344080117,-6.337724698048419,-0.17931887461072288,0.24820397167434977
2023-09-19,0.06982365634055625,-0.17931887461072288,0.24820397167434977,4.52641253224,1706,1.199482156319448,-0.5730496276343588,-0.6424247195464972,0.2977479628361302,-1.1268245030680246,-1.9913834175604217,-1.6637076909476578,-1.457218577840036,-5.54148664107924,-5.834539703778441,-0.01240784374089242,-1.1122821580219526
2023-09-20,-1.1268245030680206,-0.01240784374089242,-1.1122821580219526,4.356443228003,1726,1.1315586886071753,-1.6934168670834637,-0.5730496276343588,0.06982365634055625,-0.8744120032022407,-0.5430018659573599,0.2547787680708069,0.17640660710076528,-6.756519584572784,-6.014712995145565,-0.19572105306591764,-0.6812332334464355
2023-09-21,-0.874412003202236,-0.19572105306591764,-0.6812332334464355,4.127758266583,1733,1.0547760127087051,-2.5530214299356757,-1.6934168670834637,-1.1268245030680206,0.33433359028911536,1.1391516500356413,0.545018242626738,-0.012273390340700185,-3.9912750655021756,-5.579969421511088,-0.792428136013509,1.1407282899786204
2023-09-22,0.33433359028911946,-0.792428136013509,1.1407282899786204,4.278314695274,1749,1.0760595636463783,-2.227223447854121,-2.5530214299356757,-0.874412003202236,0.8021362488268124,0.20998260993883022,0.7233362021328515,-1.0855231702195045,-3.973176819251245,-7.1930786389014845,0.34627398839131873,0.45626182618190847
2023-09-25,0.8021362488268086,0.34627398839131873,0.45626182618190847,3.469641655794,1765,0.8621754529739033,-1.4429525656449171,-2.227223447854121,0.33433359028911946,-0.5874415572168723,-0.07817299278207734,-1.1384562966876843,-2.697311087651566,-3.173493778274472,-7.033479832416578,0.037352817711814056,-0.6252628493950515
2023-09-26,-0.5874415572168856,0.037352817711814056,-0.6252628493950515,3.58889081243,1769,0.8890210062589162,-2.0219176198402633,-1.4429525656449171,0.8021362488268086,0.5122778976943021,-0.5542707562324112,-1.2927911435739903,-4.144664890005578,-3.231566209982095,-6.284125737009338,-0.5366998164099137,1.0579478134883653
2023-09-27,0.5122778976943021,-0.5366998164099137,1.0579478134883653,4.271037055537,1775,1.0536031995547945,-1.5199975592219972,-2.0219176198402633,-0.5874415572168856,-1.0611128075440623,-1.7958692002837395,-2.621187155315219,-6.920717588588488,-2.8162570538592835,-7.997673485339407,-0.7035653300375305,-0.35644714779049375
2023-09-28,-1.0611128075440601,-0.7035653300375305,-0.35644714779049375,4.429202605128,1788,1.0776709248562824,-2.564981477990802,-1.5199975592219972,0.5122778976943021,-0.7426366048674304,-1.576806038596834,-3.6104055559511905,-3.9794900935142263,-3.6619112508678553,-5.475104561941713,0.3085852190277205,-1.0484838842703166
2023-09-29,-0.7426366048674352,0.3085852190277205,-1.0484838842703166,5.251248882971,1780,1.2668483279974752,-3.2885695914946056,-2.564981477990802,-1.0611128075440601,-0.8404106307042136,-2.8892253964751147,-5.218567026224896,-2.919343802425445,-4.578908734339848,-5.940793617747264,0.42993509883385705,-1.2658443666573787
2023-10-02,-0.8404106307042045,0.42993509883385705,-1.2658443666573787,4.080353951058,1777,0.9777806191972884,-4.101342733753787,-3.2885695914946056,-0.7426366048674352,-2.0661791550392494,-4.415262732901503,-2.441176676159895,-0.489382869009769,-2.9594695636296464,-3.856939306955709,-0.3592074361503874,-1.7124824157263387
2023-10-03,-2.06617915503925,-0.3592074361503874,-1.7124824157263387,4.199619068669,1785,1.0013079599148813,-6.082780800151488,-4.101342733753787,-0.8404106307042045,-2.398643857244276,-0.382909109320162,-0.031014484307534396,0.9525799257555256,-0.31024526247376283,-0.8186452510965947,-1.541497077249935,-0.8711188318973789
2023-10-04,-2.398643857244262,-1.541497077249935,-0.8711188318973789,5.056403152437,1788,1.1967860656141258,-8.335520409383301,-6.082780800151488,-2.06617915503925,2.065273299046999,2.425816060868824,4.107224621982697,4.409639211212912,0.7955586665386649,2.389004423702712,0.7400550338695757,1.3180973397634719
2023-10-05,2.0652732990469937,0.7400550338695757,1.3180973397634719,4.178625259559,1809,0.9750628811412413,-5.968587543884018,-8.335520409383301,-2.398643857244262,0.3532472408763754,2.0006327881500363,1.3406224003682743,0.3307406333872276,-1.6547395636102968,2.150703731086856,0.10330398937614656,0.2521498553157653
2023-10-06,0.35324724087636483,0.10330398937614656,0.2521498553157653,3.526371547508,1806,0.8206133232250419,-5.570782461882073,-5.968587543884018,2.0652732990469937,1.641586687593155,0.9838995614381396,1.9368389988371426,-1.7094702455831445,-3.353127504373965,0.9232348119820655,0.9435352496641426,0.6942260463094417
2023-10-10,1.6415866875931646,0.9435352496641426,0.6942260463094417,3.92344339285,1792,0.9183097931153706,-4.020644997577949,-5.570782461882073,0.35324724087636483,-0.6470649933638772,0.29048376837275125,-1.6371390148442355,-2.48223432417104,-3.9864972978608026,-1.8828958052902522,0.14315281551545278,-0.7909289849528436
2023-10-11,-0.6470649933638898,0.14315281551545278,-0.7909289849528436,3.739198478367,1785,0.880938834784985,-4.641693804655067,-4.020644997577949,1.6415866875931646,0.9436548217463425,-0.9965221675778624,-2.667127946849246,-1.250909277561818,-3.154499259181087,-0.39319041248054853,0.3230670863452823,0.6193147577831865
2023-10-12,0.9436548217463432,0.3230670863452823,0.6193147577831865,4.616328507477,1778,1.0847526218036285,-3.7418405503070407,-4.641693804655067,-0.6470649933638898,-1.9220395702437387,-3.5770279716657583,-2.764687125198806,-3.46144338011094,-5.331567065030285,-1.1925984136380352,-0.6770331426522425,-1.2518585106122995
2023-10-13,-1.92203957024373,-0.6770331426522425,-1.2518585106122995,4.18775009787,1765,0.9739409849857015,-5.591960464518452,-3.7418405503070407,0.9436548217463432,-1.6874213066526034,-0.8591609687464752,-0.2569476502780499,-1.9789350546634221,-1.882114680306235,0.45202636109664684,-0.7893831813332173,-0.9057686738302368
2023-10-16,-1.687421306652604,-0.7893831813332173,-0.9057686738302368,3.809059667693,1772,0.8826240864185935,-7.185021838833183,-5.591960464518452,-1.92203957024373,0.8424764652848804,1.4550260764051748,0.1198724630898651,-1.6722437684460245,-1.427236751690264,2.205906459668494,1.066469809165643,-0.21845560340529616
2023-10-17,0.8424764652848856,1.066469809165643,-0.21845560340529616,3.534886789761,1775,0.8239649418369728,-6.403077491566044,-7.185021838833183,-1.687421306652604,0.6074321383124248,-0.7165670930778689,-1.1294781210838267,-1.542552747455539,-0.9248401047380228,2.5648639518476735,0.2770656904608692,0.3314798690598507
2023-10-18,0.6074321383124168,0.2770656904608692,0.3314798690598507,3.687262579267,1757,0.8868836305884581,-5.0033986265727854,-6.403077491566044,0.8424764652848856,-1.3160053916991932,-1.726423408768052,-3.0824198325039687,-1.9277038073898134,-0.5099821841887286,1.3293778269263479,-1.278722875307239,-0.03991933837097828
2023-10-19,-1.3160053916991772,-1.278722875307239,-0.03991933837097828,3.574509508236,1753,0.8685286397471468,-6.25355902257807,-5.0033986265727854,0.6074321383124168,-0.4158911672535126,-1.789970549749309,-0.8319471136257195,-1.9371780047248488,1.580869016695119,3.5778608284799063,-0.4916580688803742,0.07847466159792178
2023-10-20,-0.4158911672535207,-0.4916580688803742,0.07847466159792178,3.669943036839,1743,0.9002691694476475,-6.643442190217708,-6.25355902257807,-1.3160053916991772,-1.3798179233632468,-0.41779351268883547,-0.20481639684183373,0.09877506881932341,3.8694729952528206,4.038490886093848,-0.36003800070626407,-1.0255392961019818
2023-10-23,-1.37981792336324,-0.36003800070626407,-1.0255392961019818,3.253704900997,1734,0.8026695428990658,-7.931592707512047,-6.643442190217708,-0.4158911672535207,0.9754843181356332,1.1914412463853719,-0.14989044988537037,0.2491738102706087,4.424729125662674,5.899795156788068,0.19163259880967518,0.7830570202386639
2023-10-24,0.975484318135639,0.19163259880967518,0.7830570202386639,4.262491010553,1727,1.0649906680240497,-6.960748264873184,-7.931592707512047,-1.37981792336324,0.21387065356313073,-1.1145029663590211,0.5187358261377506,0.6273904716756151,2.1909433916774246,5.154427435944764,0.6716300939693861,-0.45054658041476753
2023-10-25,0.21387065356313167,0.6716300939693861,-0.45054658041476753,3.441602699293,1729,0.8514568622615643,-6.761764609117016,-6.960748264873184,0.975484318135639,-1.325538681680416,0.3042145469348556,-0.9311730562474141,1.4455882835828993,2.8512515559090623,5.382041078200439,-0.8550602723161697,-0.47370790804001217
2023-10-26,-1.3255386816804164,-0.8550602723161697,-0.47370790804001217,3.729916431856,1723,0.9244703955956571,-7.010954817292769,-6.761764609117016,0.21387065356313167,1.6516464410763376,0.3996633173003028,1.761525694149113,3.587544137358667,4.3720684108454755,6.625321424428932,0.4793250604938694,1.1678235484474204
2023-10-27,1.6516464410763443,0.4793250604938694,1.1678235484474204,3.955160307466,1705,0.9869159042160431,-4.7678759491473155,-7.010954817292769,-1.3255386816804164,-1.2316407727854806,0.10809392363011483,1.137912042682876,3.766977092218249,2.378914948887889,4.898990694387839,-0.8153909326019289,-0.41907351272705395
2023-10-30,-1.2316407727854723,-0.8153909326019289,-0.41907351272705395,5.971146215926,1701,1.4988215727071315,-5.143610435948787,-4.7678759491473155,1.6516464410763443,1.3564411790354391,2.3991011230805492,3.175190747386747,4.165176785690661,3.6857475550387875,5.97505544824517,0.2950476019717609,1.0603144822491253
2023-10-31,1.3564411790354298,0.2950476019717609,1.0603144822491253,5.093015841586,1721,1.266954400167518,-3.6639582946324634,-5.143610435948787,-1.2316407727854723,1.0287061502123551,1.7944094595218285,3.6549324087414847,1.5538044986289412,3.522279510096027,4.808898424371311,1.2845354698629086,-0.24986294602167378
2023-11-01,1.0287061502123453,1.2845354698629086,-0.24986294602167378,5.269169352833,1713,1.29447020561319,-2.6729435087382125,-3.6639582946324634,1.3564411790354298,0.7579066767132492,2.599485194459872,1.7246984038339574,1.385632727957331,1.8487885031042373,3.390280872836726,0.8397281039645756,-0.08008311257234293
2023-11-02,0.75790667671326,0.8397281039645756,-0.08008311257234293,4.993504091577,1708,1.210840148146645,-1.9352952493424502,-2.6729435087382125,1.0287061502123453,1.8277260599065537,0.959519465030878,-0.23636362956510615,0.7573538691548753,1.9659132975684557,2.777549132611856,1.5510079407865276,0.26931461239084986
2023-11-06,1.8277260599065477,1.5510079407865276,0.26931461239084986,5.696768238072,1693,1.3824240233664575,-0.14294108504426806,-1.9352952493424502,0.75790667671326,-0.8526229824329934,-2.0270409340746087,-1.1830980089245768,-1.3376723329781237,0.1627214290850887,-0.334440082560461,-0.2147334437977472,-0.6361910676832916
2023-11-07,-0.8526229824329918,-0.2147334437977472,-0.6361910676832916,4.315322179287,1698,1.0282504833018142,-0.9943453189348306,-0.14294108504426806,1.8277260599065477,-1.184517419390252,-0.33331696352696394,-0.20024421366824363,-0.46025864443952624,1.412563904619124,1.91906642023294,0.40608256188179304,-1.5790881606229636
2023-11-08,-1.184517419390267,0.40608256188179304,-1.5790881606229636,5.226649838666,1713,1.2338035336247717,-2.1670845448134135,-0.9943453189348306,-0.8526229824329918,0.8614039355309577,0.9960718502984411,0.7036314996188064,1.9383567372837085,2.899947828946936,1.7427433738155473,0.06861228745878435,0.7945540670224789
2023-11-09,0.8614039355309625,0.06861228745878435,0.7945540670224789,4.459047998451,1724,1.0366577459073965,-1.3243479608377573,-2.1670845448134135,-1.184517419390267,0.1335177872930915,-0.15642498493577683,-0.12736621410999183,0.4568258467051889,2.4606307497538227,-0.4998575104790959,-0.5963903278330839,0.737192799674305
2023-11-10,0.1335177872930926,-0.5963903278330839,0.737192799674305,4.520269822747,1726,1.0421703006460912,-1.0511598679145084,-1.3243479608377573,0.8614039355309625,-0.28955616324672917,-0.26053613931477093,0.9329916200918831,1.199475156903218,2.1588659187186554,0.5493895795396053,0.4311770856552877,-0.7133823774039354
2023-11-13,-0.2895561632467394,0.4311770856552877,-0.7133823774039354,4.142656717521,1740,0.9561685572906946,-1.3376723329781237,-1.0511598679145084,0.1335177872930926,0.029104297218318642,1.226098025739586,0.6142116120626095,1.5207362298677252,2.4615183182573164,0.23891849110797558,0.3470218628520704,-0.3109233752695428
2023-11-14,0.029104297218314795,0.3470218628520704,-0.3109233752695428,3.944826098826,1743,0.910981254334295,-1.3089573558913936,-1.3376723329781237,-0.2895561632467394,1.196645453271894,0.5849370730200087,1.4638250895927296,1.8814822336827852,2.2079291968176706,0.4064511567289708,1.0021179359685999,0.19276529510760024
2023-11-15,1.1966454532718898,1.0021179359685999,0.19276529510760024,5.255863119162,1741,1.2118401665193426,-0.12797548130403236,-1.3089573558913936,0.029104297218314795,-0.6044749581490372,0.2640202500034494,0.29106940786476354,0.9433064475832698,1.2428425266174603,-1.8300707412677086,-0.19759092871710476,-0.40834427239551774
2023-11-16,-0.6044749581490366,-0.19759092871710476,-0.40834427239551774,4.191707707508,1754,0.9476766022569237,-0.7316768597160239,-0.12797548130403236,1.1966454532718898,0.8737769711330667,0.9009906287398062,1.2890052908434368,1.994692631545436,1.5135107568662987,-0.5549354468478263,-0.21426324023277887,1.0910957384604847
2023-11-17,0.8737769711330556,-0.21426324023277887,1.0910957384604847,4.217400256918,1761,0.9480789990145663,0.0,-0.7316768597160239,-0.6044749581490366,0.02697793066135379,0.4116315777778379,0.6774974670734846,0.9480195033896965,0.7959874126511224,-1.956819471672,0.08365072332912268,-0.05727251683167478
2023-11-20,0.026977930661348574,0.08365072332912268,-0.05727251683167478,4.185673166414,1766,0.9341960537533632,0.0,0.0,0.8737769711330556,0.3845499035101785,0.6503440870352817,1.0839358424436396,0.9266895841450795,-0.4963538375877041,-1.0583126153563271,0.22324509570873713,0.1619871092507145
2023-11-21,0.3845499035101737,0.22324509570873713,0.1619871092507145,4.024133705472,1774,0.8930027626390146,0.0,0.0,0.026977930661348574,0.2647759877198119,0.6967067537840377,0.5341890348593337,0.32041834882823306,0.49944750049923936,-1.1203376339244842,-0.2941092997943384,0.5604777936478706
2023-11-22,0.2647759877198186,-0.2941092997943384,0.5604777936478706,3.473946722982,1775,0.7643756181827229,0.0,0.0,0.3845499035101737,0.4307901372234024,0.2687015898509726,0.27455991295055604,0.2967369403435782,-1.1245918773982622,-2.360287139842032,0.5872568936832462,-0.15533109092698658
2023-11-24,0.43079013722340315,0.5872568936832462,-0.15533109092698658,3.644059207376,1767,0.80882232070247,0.0,0.0,0.2647759877198186,-0.16139328103558226,-0.15556008676161914,-0.3736849169018841,-0.4717714836568798,-2.889391016402698,-2.3567257279664244,0.33013781718955254,-0.4904208410904295
2023-11-27,-0.16139328103558334,0.33013781718955254,-0.4904208410904295,3.510650461269,1769,0.7774645659420478,-0.16139328103558226,0.0,0.43079013722340315,0.005842623876328723,-0.21263481416951002,0.027960220934430957,-0.15060433229544534,-1.5754641799367808,-2.4589316440046916,0.11169951711130455,-0.10547618229966552
2023-11-28,0.0058426238763247,0.11169951711130455,-0.10547618229966552,3.723054372611,1772,0.8265099885630685,-0.15556008676161914,-0.16139328103558226,-0.16139328103558334,-0.21846467397664826,0.022116304885577698,-0.316704062008899,-1.4099773088726564,-2.1692044619577855,-2.295862754510225,-0.294149919663626,0.07514035914311112
2023-11-29,-0.21846467397665364,-0.294149919663626,0.07514035914311112,3.986953227348,1783,0.8873811665073907,-0.3736849169018841,-0.15556008676161914,0.0058426238763247,0.2411077140436424,-0.09845447628288317,0.06216266133347581,0.1784573416036661,-1.7625619208267662,-0.7210415787011537,-0.1257954569159256,0.3664641580781987
2023-11-30,0.24110771404364298,-0.1257954569159256,0.3664641580781987,6.053075184296,1753,1.3776609432063915,-0.1334781860191092,-0.3736849169018841,-0.21846467397665364,-0.33874544891820957,-0.17851464014209117,-1.4317769576010053,-1.4171236882683846,-3.0351906279965313,-0.4180295051079197,0.2761771811771982,-0.6140378887415291
2023-12-01,-0.3387454489182061,0.2761771811771982,-0.6140378887415291,3.856644946033,1755,0.8682741270770291,-0.4717714836568798,-0.1334781860191092,0.24110771404364298,0.16077542822221513,-1.0967466881751542,0.2771847186496368,-2.4290792358962032,-2.0376068055298013,0.14603116267797311,-0.12443194743646971,0.28359656746147827
2023-12-04,0.16077542822221483,-0.12443194743646971,0.28359656746147827,3.742454605535,1740,0.8561793922356359,-0.31175454805775216,-0.4717714836568798,-0.3387454489182061,-1.2555035751480648,0.11622243331257387,-1.2408241008046383,-1.4270089849949819,-2.7310679273901517,0.870460853589794,-0.3524646044885099,-0.9089779705783755
2023-12-05,-1.2555035751480597,-0.3524646044885099,-0.9089779705783755,4.011241797596,1743,0.9309940612171137,-1.5633440337092686,-0.31175454805775216,0.16077542822221483,1.3891670504437403,0.014866118998946298,-1.3471068980111744,-0.7700851793732921,-0.5647619956070549,1.7517748572605463,0.1467651607821403,1.2415353378032685
2023-12-06,1.3891670504437301,0.1467651607821403,1.2415353378032685,3.929382302463,1727,0.9301894889408766,-0.195894443466893,-1.5633440337092686,-1.2555035751480597,-1.3554711725376478,-2.698783339539168,-1.5414399193252715,-1.9375615416113434,-1.6117353624413355,1.6884564326422602,-0.6474763500478515,-0.7094081146824934
2023-12-07,-1.355471172537634,-0.6474763500478515,-0.7094081146824934,4.160257947721,1730,0.989363429385049,-1.5487103232947441,-0.195894443466893,1.3891670504437301,-1.3617705745760045,-0.18852413711955007,-0.7848346239230919,-1.6413265673154265,-1.2497498477190172,3.43744195127369,-0.5978944396049501,-0.7708257440280424
2023-12-08,-1.3617705745760018,-0.5978944396049501,-0.7708257440280424,5.40741475488,1718,1.3024689602898603,-2.889391016402698,-1.5487103232947441,-1.355471172537634,1.1894439349638741,0.584900959814072,0.7823353335695282,0.4012183417976267,0.5485140027555957,5.2960478543466305,0.8467328707054731,0.3398912510949227
2023-12-11,1.1894439349638826,0.8467328707054731,0.3398912510949227,3.836335088841,1734,0.913612521843906,-1.734314767640821,-2.889391016402698,-1.3617705745760018,-0.5974367993743956,-0.40232319258122207,-1.4555464866501944,-1.3229373776399433,-0.8976089718960356,3.7949634369275342,0.5872992951488651,-1.1754487036414458
2023-12-12,-0.5974367993743926,0.5872992951488651,-1.1754487036414458,3.816803222499,1737,0.9164242912194935,-2.321390132376344,-1.734314767640821,1.1894439349638826,0.19628629334171865,-0.8632671629843824,-0.1826145040296212,0.20691661797491712,-0.12946668976353548,5.3902951986469105,0.19725397560179195,-0.0008942988537900657
2023-12-13,0.19628629334171646,0.19725397560179195,-0.0008942988537900657,3.996691823401,1733,0.9633846852116913,-2.129660409679468,-2.321390132376344,-0.5974367993743926,-1.0574777724037476,-0.3781585240215879,-0.9243329910584297,0.3322639986239606,1.060207149626824,4.219281549665266,0.4560698699129337,-1.504941484847382
2023-12-14,-1.0574777724037443,0.4560698699129337,-1.504941484847382,5.012341754944,1731,1.2074477821346836,-3.1646174966231677,-2.129660409679468,0.19628629334171646,0.6865796758440457,0.1345678059823996,1.079502773930141,0.39811102156068756,2.699083450830009,4.413826936657017,0.11948875619450147,0.565847689889472
2023-12-15,0.6865796758440366,0.11948875619450147,0.565847689889472,5.412659089577,1728,1.307717940846115,-2.499765441329138,-3.1646174966231677,-1.0574777724037443,-0.5482477124943874,0.3902437637181677,0.7131192438526224,0.14670704538319868,2.229057393353928,3.659736200359376,-0.5974912036151465,0.052851605434623694
2023-12-18,-0.5482477124944036,-0.5974912036151465,0.052851605434623694,4.012854653568,1742,0.9554282350512966,-3.034308246973716,-2.499765441329138,0.6865796758440366,0.9436650985288564,1.2683204944448967,0.26318904785100905,0.4310306716077017,3.702650686337816,4.856807327609491,0.06107508999619754,0.8843832949090619
2023-12-19,0.943665098528856,0.06107508999619754,0.8843832949090619,4.071607052819,1737,0.9717830295335594,-2.119276856353347,-3.034308246973716,-0.5482477124944036,0.32162037667164967,-0.6741146658521213,-0.24259002588753464,-0.3356887120086416,2.3296940796433407,5.678743462208424,0.41294337726728303,-0.09020516136875746
2023-12-20,0.3216203766716558,0.41294337726728303,-0.09020516136875746,4.704090232204,1735,1.1242701284962766,-1.8044725058898203,-2.119276856353347,0.943665098528856,-0.9925428225592281,-0.5624016044007085,-0.8268033070451986,0.725532467813994,3.3542534846414895,4.992927650250678,-0.8652276549166725,-0.12479808329874299
2023-12-21,-0.9925428225592181,-0.8652276549166725,-0.12479808329874299,3.911842038826,1739,0.9273886343824423,-2.7791051661067767,-1.8044725058898203,0.3216203766716558,0.43445335373841765,0.16740104254671095,0.34072281631818413,2.291848328476198,4.746511316948232,5.7596513501434465,0.22707773920894414,0.20826129987564637
2023-12-22,0.434453353738422,0.22707773920894414,0.20826129987564637,3.798205069232,1748,0.8957987115041841,-2.2262190587637676,-2.7791051661067767,-0.9925428225592181,-0.2658971122699527,-0.09332508346524548,1.295218401283993,2.0792998685688957,4.721635022334514,5.928012481260869,0.608805218091353,-0.8682057169453685
2023-12-25,-0.2658971122699629,0.608805218091353,-0.8682057169453685,2.81169684678,1745,0.6619295913413563,-2.4861967188436696,-2.2262190587637676,0.434453353738422,0.17303211620500747,1.5652775413353748,2.120896882436951,3.257578850731657,4.735074865643574,5.386364633895346,0.08193999755556179,0.09103206976708149
2023-12-26,0.17303211620499748,0.08193999755556179,0.09103206976708149,2.924780895006,1751,0.6942638083021122,-2.317466521434297,-2.4861967188436696,-0.2658971122699629,1.3898405546068693,1.944500156461615,2.174654450114777,2.674360317355773,5.526917405421217,5.995622682887425,0.34162521602914386,1.0459190503545441
2023-12-27,1.38984055460686,0.34162521602914386,1.0459190503545441,3.997162174531,1745,0.9578935854253965,-0.9598350563817637,-2.317466521434297,0.17303211620499748,0.5470563902859826,0.7740557547136317,1.6662203366771156,2.6097861708177073,3.1259330345139835,4.407262729528005,-0.35935678663859977,0.9101949927279861
2023-12-28,0.5470563902859755,-0.35935678663859977,0.9101949927279861,3.123465166794,1759,0.7484263011422915,-0.3557521681896936,-0.9598350563817637,1.38984055460686,0.22576430636271905,1.1130747995714119,0.7159387311468368,2.3996662770133126,1.6696774968278927,4.305980868367643,-0.01691432477059293,0.24513026153819736
2023-12-29,0.22576430636272368,-0.01691432477059293,0.24513026153819736,3.508791549788,1755,0.8713388799634331,-0.13079102324186076,-0.3557521681896936,0.5470563902859755,0.8853117752202211,0.4890702786618739,1.8216299843803796,2.5885122225247637,1.3994835162184138,3.214529355498086,-0.42370205816965395,1.3242551057851275
2024-01-04,0.8853117752202179,-0.42370205816965395,1.3242551057851275,4.610042296521,1757,1.1497787276547988,0.0,-0.13079102324186076,0.22576430636272368,-0.392764307891702,0.9281016162653533,1.2724283976055517,1.4308838453860995,1.1129480622077415,2.7237358615563867,0.3461061512719204,-0.7390271034810184
2024-01-05,-0.392764307891702,0.3461061512719204,-0.7390271034810184,4.367496215531,1761,1.077626939954272,-0.392764307891702,0.0,0.8853117752202179,1.3260742705880624,1.6717587772885123,2.0892241693957425,2.7782564987485436,3.2728030829042964,3.872624658512125,0.742723355917203,0.5784108866439027
2024-01-09,1.3260742705880701,0.742723355917203,0.5784108866439027,4.63131529799,1762,1.137720745538912,0.0,-0.392764307891702,-0.392764307891702,0.34116046554542034,0.7531624059269548,0.49815880916135313,0.5030191397505046,1.5854927207738845,1.8584351469535854,0.06206527534644438,0.2811550655547194
2024-01-10,0.3411604655454291,0.06206527534644438,0.2811550655547194,4.68927876742,1759,1.1421129017874456,0.0,0.0,1.3260742705880701,0.4106011316492575,0.15646454843407653,1.0883039053979804,-0.7128819914418716,0.9672303358434275,1.52771572961945,0.789081574779946,-0.374172336853013
2024-01-11,0.41060113164925255,0.789081574779946,-0.374172336853013,5.368097082123,1762,1.2990756287432201,0.0,0.0,0.3411604655454291,-0.25309736258025683,0.6749314973826248,-0.248273364530871,-1.1590271469453017,1.1519849347931599,0.8598002020169471,0.366976838681479,-0.616351958542452
2024-01-12,-0.25309736258025706,0.366976838681479,-0.616351958542452,5.660565833863,1764,1.3705048633883428,-0.25309736258025683,0.0,0.41060113164925255,0.9303836364084939,0.004836238441319196,-0.8679884456739506,-0.313450668203763,0.6218449445777985,0.8103964871162717,0.0668115083752926,0.8644236349143108
2024-01-15,0.9303836364084935,0.0668115083752926,0.8644236349143108,4.522646875707,1767,1.071339164295166,0.0,-0.25309736258025683,-0.25309736258025706,-0.9170156345599145,-1.7817945570888782,-1.821663662493378,0.48117821901538793,0.4441570823731311,1.0510335172630558,0.1240078007986988,-1.0393214659098893
2024-01-16,-0.917015634559931,0.1240078007986988,-1.0393214659098893,4.507928826381,1783,1.058999337512562,-0.9170156345599145,0.0,0.9303836364084935,-0.8727824742737589,-0.9130205693006932,-0.3182715142757697,1.0770557842826545,1.242490280873576,1.027068300895606,0.2779745038315295,-1.1505992228469069
2024-01-17,-0.8727824742737538,0.2779745038315295,-1.1505992228469069,5.998792534368,1784,1.400820063614503,-1.7817945570888782,-0.9170156345599145,-0.917015634559931,-0.040592378189663325,0.5593932462132134,2.304025782083352,1.692175541987706,2.5930084922537455,1.3317637923013326,-0.08481905273069104,0.045446698791758576
2024-01-18,-0.04059237818966831,-0.08481905273069104,0.045446698791758576,4.515179097744,1782,1.0423654953941555,-1.821663662493378,-1.7817945570888782,-0.8727824742737538,0.6002292717388613,2.345570283033016,2.0084135827101113,2.3381114279138027,1.7899951521837432,2.7097065324331426,0.7226624612047946,-0.12034729006695358
2024-01-19,0.60022927173887,0.7226624612047946,-0.12034729006695358,5.051178028392,1778,1.1783119209752744,-1.232368549289431,-1.821663662493378,-0.04059237818966831,1.7349274687830762,1.3997824072224496,1.126480838046584,0.9382365214273047,1.5930578924052696,3.4822130618532787,0.6788764269354877,1.049247088031058
2024-01-22,1.734927468783083,0.6788764269354877,1.049247088031058,4.758782299927,1772,1.096820112511635,0.0,-1.232368549289431,0.60022927173887,-0.3294296952867537,-0.5980705406441467,-0.007287912020592646,-0.03684385205113827,0.5808127190334078,1.712672217725486,0.38040672326515146,-0.7049669852730319
2024-01-23,-0.32942969528675203,0.38040672326515146,-0.7049669852730319,5.666767764208,1776,1.2958337821525823,-0.3294296952867537,0.0,1.734927468783083,-0.26952875310746194,0.3232065215251767,-0.45517443414384573,0.1636716614935807,0.26868248493900904,1.351580849656564,-0.09099948155899465,-0.1759921809192871
2024-01-24,-0.269528753107464,-0.09099948155899465,-0.1759921809192871,4.863302370514,1781,1.0999958301263904,-0.5980705406441467,-0.3294296952867537,-0.32942969528675203,0.5943371842345613,-0.18614740180741274,0.5646034152913426,0.885842932816483,0.5551161420509265,2.1411885840923794,-0.013562992393200416,0.6095027481571498
2024-01-25,0.5943371842345562,-0.013562992393200416,0.6095027481571498,4.684666063184,1778,1.0483113099114367,-0.007287912020592646,-0.5980705406441467,-0.269528753107464,-0.7758732826208203,-0.02955809419844524,-0.1590208941311788,-0.5355935028331538,-0.288857142017096,2.4574176705900452,-0.26755076394257704,-0.5090239711801164
2024-01-26,-0.775873282620819,-0.26755076394257704,-0.5090239711801164,5.016128345073,1784,1.1114603936277458,-0.7831046496791783,-0.007287912020592646,0.5943371842345562,0.7521509265061121,0.621675804964883,1.0739895382450237,0.6487347050480263,0.1873862903650103,3.6837003474406105,0.4246839642650036,0.3261665524965797
2024-01-29,0.7521509265061207,0.4246839642650036,0.3261665524965797,4.374598997093,1785,0.9462032771644409,-0.03684385205113827,-0.7831046496791783,-0.775873282620819,-0.12950107798335164,0.319435971122517,-0.5061850272818913,0.6178842234336734,0.604192869468978,3.1882440914049015,0.3130974817902522,-0.4394273948059661
2024-01-30,-0.1295010779833552,0.3130974817902522,-0.4394273948059661,4.233976555972,1787,0.9016500253926881,-0.16629721684890963,-0.03684385205113827,0.7521509265061207,0.44951918129136903,-0.3771723916115355,0.02689172076164592,0.10483923133359774,-0.21277823113629024,3.088240305394052,-0.32364712743955554,0.7768102802231913
2024-01-31,0.4495191812913654,-0.32364712743955554,0.7768102802231913,5.010595718932,1787,1.0643517934857953,0.0,-0.16629721684890963,-0.1295010779833552,-0.8229920657070511,-0.4207361707396218,0.2974979368874031,-0.32782279569769646,-1.2293671064803946,2.683663422591498,-0.6289222426523196,-0.1961599013188927
2024-02-01,-0.8229920657070489,-0.6289222426523196,-0.1961599013188927,5.128200978277,1793,1.067928781535764,-0.8229920657070511,0.0,0.4495191812913654,0.4055939005882525,1.1297880687596518,0.48383652072183647,0.24806498073568495,0.9035380922008729,3.2263146134424048,0.3691417493472939,0.0337886082971749
2024-02-02,0.4055939005882593,0.3691417493472939,0.0337886082971749,5.17861326311,1802,1.0605442675242422,-0.4207361707396218,-0.8229920657070511,-0.8229920657070489,0.7212687461302325,0.07792655478044974,0.09330594691003835,-0.4583747784162484,1.859531752109267,3.2631640441227905,0.5312642539373578,0.1930135556316617
2024-02-05,0.7212687461302278,0.5312642539373578,0.1930135556316617,5.24899075595,1802,1.0687349490918936,0.0,-0.4207361707396218,0.4055939005882593,-0.6387351940247532,-0.6234659342933768,-0.8718727734547072,-0.01360727674841744,1.1253234768085152,3.5017304504602276,-0.1560784594894356,-0.4828373858550626
2024-02-06,-0.6387351940247574,-0.1560784594894356,-0.4828373858550626,5.457711760955,1802,1.1013487009320022,-0.6387351940247532,0.0,0.7212687461302278,0.015367416831080227,-0.23463628395351543,-0.5358837374624614,-0.31728482349979714,1.0799966030073271,3.570735852095308,-0.08961016756294268,0.10624343037526758
2024-02-07,0.015367416831076263,-0.08961016756294268,0.10624343037526758,5.44451612922,1798,1.0896005492840042,-0.6234659342933768,-0.6387351940247532,-0.6387351940247574,-0.24996528757692538,-0.5511664542470873,0.6136847730488615,-0.9045094991100289,1.5773165035191772,3.7429849051526354,0.10194056674668074,-0.34886926188289946
2024-02-08,-0.24996528757692896,0.10194056674668074,-0.34886926188289946,6.250177910984,1812,1.2414541633641043,-0.8718727734547072,-0.6234659342933768,0.015367416831076263,-0.30195595173326817,0.865814295820222,-0.08284291909315122,0.6538511357711885,2.7542306044156195,1.9504852489037328,-0.13844557953563205,-0.16201874149951073
2024-02-09,-0.30195595173326906,-0.13844557953563205,-0.16201874149951073,6.187170411595,1824,1.2182668450540803,-1.1711960534569799,-0.8718727734547072,-0.24996528757692896,1.1713070789915792,0.21977666134957996,-0.3553013466974231,2.3285801546496288,3.4897746977274213,3.1628639175760087,0.6880964817203978,0.4787979073770213
2024-02-13,1.1713070789915765,0.6880964817203978,0.4787979073770213,6.629777083096,1824,1.2986840300582696,-0.01360727674841744,-1.1711960534569799,-0.30195595173326906,-0.9405141093008385,-1.5089341729044525,-0.2101437058024347,1.1390857521076159,2.5685323327315546,1.1714936574332535,-0.5665861469569881,-0.37520946205180467
2024-02-14,-0.9405141093008503,-0.5665861469569881,-0.37520946205180467,5.815923878296,1844,1.1162245942287832,-0.9539934076915557,-0.01360727674841744,1.1713070789915765,-0.57381689243855,0.737304859732757,2.104178998947348,1.4017288995720856,3.308057362471195,2.651302543333056,0.5558522744336764,-1.121726578764916
2024-02-15,-0.5738168924385469,0.5558522744336764,-1.121726578764916,6.147943321833,1860,1.1653206485572454,-1.5223361248040135,-0.9539934076915557,-0.9405141093008503,1.318688610175145,2.6934513703385177,2.688588962638261,2.504479255397518,3.9617347934687963,3.072239868094573,0.5523172112649368,0.7664009890547834
2024-02-16,1.3186886101751387,0.5523172112649368,0.7664009890547834,7.578474625991,1877,1.4344450766336005,-0.22372238771523056,-1.5223361248040135,-0.5738168924385469,1.35686987171022,1.352070749488088,0.6595610640610872,2.0867353260147325,2.301977279646139,3.2204442662955968,0.18035702495472378,1.1741844763419407
2024-02-19,1.3568698717102192,0.18035702495472378,1.1741844763419407,4.93565666929,1885,0.9078948451768355,0.0,-0.22372238771523056,1.3186886101751387,-0.00473487611465373,-0.6879738971139471,-0.18401574045797675,1.1347705023590393,1.3780077994364648,2.6615674233589903,0.35525911100309865,-0.35164403116588444
2024-02-20,-0.004734876114657587,0.35525911100309865,-0.35164403116588444,5.067219797609,1894,0.9330867617702641,-0.00473487611465373,0.0,1.3568698717102192,-0.6832713730523299,-0.17928935347208963,0.7248639037109816,1.4133473424186471,2.34996229623603,3.848452283473125,-0.16097500677600077,-0.5226918011335594
2024-02-21,-0.6832713730523303,-0.16097500677600077,-0.5226918011335594,4.803117647234,1897,0.8819499561832135,-0.6879738971139471,-0.00473487611465373,-0.004734876114657587,0.5074492752105142,1.4178228544483362,1.8353712747584572,1.8799762919103014,2.464126763745722,4.889460234686416,0.7412361728144803,-0.2299689021829253
2024-02-22,0.5074492752105072,0.7412361728144803,-0.2299689021829253,6.326582911304,1893,1.1709739913664992,-0.18401574045797675,-0.6879738971139471,-0.6832713730523303,0.9057772193034497,1.3212174909660757,1.595497252599598,1.4216505938636992,2.132039392435048,3.48159124861267,0.5809610788394448,0.3180414741999239
2024-02-26,0.9057772193034421,0.5809610788394448,0.3180414741999239,5.746918900606,1905,1.0494734575275866,0.0,-0.18401574045797675,0.5074492752105072,0.41171108643238696,0.6835287852717586,0.45569252470072374,0.2108422342472105,-0.7822017164491712,2.4600209139705953,0.2367006010435572,0.1744957258715513
2024-02-27,0.4117110864323928,0.2367006010435572,0.1744957258715513,5.603598787383,1904,1.01347123494151,0.0,0.0,0.9057772193034421,0.2707031838202756,0.04380110426611683,0.09912346632290348,0.24050808230364762,-0.31588703435316834,2.4029117817897516,0.03100069548337364,0.23770098855760943
2024-02-28,0.2707031838202666,0.03100069548337364,0.23770098855760943,5.332656632641,1901,0.9593717463824203,0.0,0.0,0.4117110864323928,-0.22628950665499747,-0.1711164996846759,-0.46947753691933825,0.9235618174153304,-1.3620538809761884,0.6350197784622758,-0.15850444019815457,-0.06462276225782021
2024-02-29,-0.22628950665500205,-0.15850444019815457,-0.06462276225782021,6.761276794025,1915,1.205994474607153,-0.22628950665499747,0.0,0.2707031838202666,0.055298140860471356,-0.2437395873741255,0.19662085593141754,0.5733712286717596,-0.6357246819905016,2.1206184765372393,0.22778462496583804,-0.16316381978722289
2024-03-01,0.055298140860468255,0.22778462496583804,-0.16316381978722289,5.796330706338,1922,1.0110896931973952,-0.1711164996846759,-0.22628950665499747,-0.22628950665500205,-0.2988724573221635,0.14124460942788186,1.09655470312513,0.7004311154588105,-0.8555983864075523,0.7019084409916498,0.4149417881738431,-0.7165641634513329
2024-03-04,-0.29887245732214995,0.4149417881738431,-0.7165641634513329,6.004479340069,1924,1.0402693455098315,-0.46947753691933825,-0.1711164996846759,0.055298140860468255,0.44143639856193406,1.399610209874469,0.8191073048107844,-0.9909545998776137,0.8977998383538521,-0.40519253975711544,-0.18909606633176118,0.6273596438997798
2024-03-05,0.44143639856193817,-0.18909606633176118,0.6273596438997798,5.735735300913,1925,0.9862236008718404,-0.030113583088442475,-0.46947753691933825,-0.29887245732214995,0.9539626728459094,0.37601105658249256,0.5583977992403399,-0.5550601521292942,1.2661124949919111,-1.2996059238362,-0.40708037647512507,1.3700823795986254
2024-03-06,0.953962672845901,-0.40708037647512507,1.3700823795986254,5.782932338367,1921,0.9895989706835945,0.0,-0.030113583088442475,0.44143639856193817,-0.5724902727556658,-0.3918269903752436,-2.357568046666203,-2.2646997957984527,1.46408455227367,-1.945479775858594,0.6098817536291201,-1.1721990094225152
2024-03-07,-0.5724902727556571,0.6098817536291201,-1.1721990094225152,6.716273973612,1930,1.14408941102862,-0.5724902727556658,0.0,0.953962672845901,0.1817035173424575,-1.7953560124431167,-0.9275833925965871,-1.2022028255502804,2.3670074079027215,-1.997412088330952,-0.4090799394736574,0.5946285491702783
2024-03-08,0.18170351734246737,-0.4090799394736574,0.5946285491702783,7.062210773227,1942,1.1902592748199872,-0.3918269903752436,-0.5724902727556658,-0.5724902727556571,-1.9734736587338264,-1.1072749524038694,-1.8802400935937658,-1.5452063954744077,1.3213795241981519,-1.3581303106174114,-1.2559239496530363,-0.7235645353103849
2024-03-11,-1.9734736587338302,-1.2559239496530363,-0.7235645353103849,5.986798645593,1956,0.9954401017175066,-2.357568046666203,-0.3918269903752436,0.18170351734246737,0.8836370507656177,0.09511054672637353,0.6039970848710441,1.907658467565776,3.2677832873835078,1.371726378097149,-0.5449379236892962,1.4505878884772576
2024-03-12,0.88363705076562,-0.5449379236892962,1.4505878884772576,5.410694796409,1959,0.9016240917464914,-1.4947633406579341,-2.357568046666203,-1.9734736587338302,-0.7816198216985759,-0.27719060698996323,-0.44283484236050663,1.831337672793798,2.727414364493419,0.6286225710365523,0.6960800678314233,-1.4605789306036912
2024-03-13,-0.7816198216985871,0.6960800678314233,-1.4605789306036912,5.124802774571,1956,0.8595446081269301,-2.2646997957984527,-1.4947633406579341,0.88363705076562,0.5084029932781897,0.3414538503140774,1.8108256346779816,3.8151868774960906,2.0246504900139017,1.2638691365163934,0.03983607085741016,0.46751419319870835
2024-03-14,0.508402993278185,0.03983607085741016,0.46751419319870835,4.820146437503,1941,0.8187806423700886,-1.767810604070874,-2.2646997957984527,-0.7816198216985871,-0.16610466189107553,1.2958345796091342,2.114389167952546,3.6126415117846644,2.7739780214833143,0.8620906609900558,-0.3992214812823133,0.23380645806918274
2024-03-15,-0.1661046618910788,-0.3992214812823133,0.23380645806918274,6.320236580077,1921,1.0827527987969159,-1.9309788501351788,-1.767810604070874,0.508402993278185,1.4643716310467791,2.2842881389334213,3.461912194698713,2.911575774753117,1.5709478316985104,0.806669370267632,0.6257817310377976,0.8355548667466813
2024-03-18,1.4643716310467803,0.6257817310377976,0.8355548667466813,5.233115862777,1929,0.8951913165057447,-0.4948839255712878,-1.9309788501351788,-0.1661046618910788,0.8080831672304445,1.9687113136772405,2.2871690053106297,1.3346639892139578,-1.2913982070951735,-2.5490897954586256,0.02107969323297621,0.7886906543559659
2024-03-19,0.8080831672304424,0.02107969323297621,0.7886906543559659,5.929235107333,1913,1.0350343803060684,0.0,-0.4948839255712878,1.4643716310467803,1.1513244870666073,1.467229404239867,0.6132785858250722,0.8799616229916429,-2.533639690133249,-4.356092543230295,1.136488568618401,0.015028300205305342
2024-03-21,1.1513244870666093,1.136488568618401,0.015028300205305342,6.706742442284,1910,1.160693868576993,0.0,0.0,0.8080831672304424,0.3123092245951309,-0.5319217558147904,-0.6218057640375751,-1.7247345415801862,-3.3603657325422143,-4.514200637371912,0.321667302692447,-0.008202273719618606
2024-03-22,0.3123092245951222,0.321667302692447,-0.008202273719618606,5.942640178468,1919,1.0140687895494398,0.0,0.0,1.1513244870666093,-0.8416025779246272,-0.9312067440709226,-0.5787758123448672,-0.809421975991198,-4.263502086021454,-6.772168875639661,-0.05353916282790534,-0.7874288982331603
2024-03-25,-0.8416025779246262,-0.05353916282790534,-0.7874288982331603,4.840394577614,1917,0.8180252042627051,-0.8416025779246272,0.0,0.3123092245951222,-0.09036467760252798,0.2650574963016128,-1.199191546495093,-1.3026988781018156,-2.6445650931703146,-4.573699757636939,-0.14532645020482632,0.05780872955592529
2024-03-26,-0.09036467760252591,-0.14532645020482632,0.05780872955592529,4.786492508309,1928,0.81920354932363,-0.9312067440709226,-0.8416025779246272,-0.8416025779246262,0.35574364049797413,-1.1098297629798193,0.12292949583538881,-2.5914747164787033,-1.8360584965882665,-4.225591394813277,0.41587568931560986,-0.05842623398237919
2024-03-27,0.35574364049797846,0.41587568931560986,-0.05842623398237919,5.758178268268,1930,0.993673429925716,-0.5787758123448672,-0.9312067440709226,-0.09036467760252591,-1.4603782009008692,-0.23198885904984756,-1.563611903839246,-3.3838249521567,-2.0430688404265873,-3.717445379936668,-0.7585619913818988,-0.7049120028224328
2024-03-28,-1.4603782009008641,-0.7585619913818988,-0.7049120028224328,5.438053525105,1934,0.9371803772535613,-2.0307016974501657,-0.5787758123448672,0.35574364049797846,1.2465943337548469,-0.10476364842240127,-1.4982732358005513,-1.6643365788251763,-0.745683861540869,-3.6717237624381616,0.4082833424047587,0.8341336823163535
2024-03-29,1.246594333754848,0.4082833424047587,0.8341336823163535,5.60319422443,1935,0.9647641165516029,-0.809421975991198,-2.0307016974501657,-1.4603782009008641,-1.3347194452018374,-2.7110715057803048,-3.1591650039550334,-3.482266339041007,-1.8602835049292388,-4.262865103373525,0.44250894030205873,-1.7713246311892494
2024-04-01,-1.3347194452018396,0.44250894030205873,-1.7713246311892494,5.306598396387,1929,0.9228972037866006,-2.1333379086857396,-0.809421975991198,1.246594333754848,-1.394971009902557,-1.8491262057881763,-1.5612085093967054,-1.3595774147979967,-0.7524577428353774,-1.7633213949730608,0.013495935198023548,-1.408752021301182
2024-04-02,-1.3949710099025612,0.013495935198023548,-1.408752021301182,4.956258591745,1926,0.8656543143269778,-3.4985494732188704,-2.1333379086857396,-1.3347194452018396,-0.46058015553265275,-0.16858927094969278,-0.7926850929461327,0.7755134549996212,-1.274145885484379,-0.9818147074613148,-0.7279863344306744,0.2712054285421636
2024-04-03,-0.460580155532648,-0.7279863344306744,0.2712054285421636,5.355120908171,1915,0.9439601980139438,-3.9430160041463935,-3.4985494732188704,-1.3949710099025612,0.29334195943597763,-0.33364162452664825,0.4987717093752897,1.387713921676359,-1.8698275459379743,-0.5989073227644637,0.7429723695210068,-0.4429392882813092
2024-04-04,0.29334195943598357,0.7429723695210068,-0.4429392882813092,5.325999127364,1908,0.9419868115618953,-3.6612405651178515,-3.9430160041463935,-0.460580155532648,-0.6251497574148113,0.20482890082813565,0.945697069744611,0.9342009656758021,-1.1939561998303594,0.11581868246877125,-1.1391935564083835,0.5211498613230727
2024-04-05,-0.6251497574148133,-1.1391935564083835,0.5211498613230727,5.204018315678,1895,0.9241468692175534,-4.263502086021454,-3.6612405651178515,0.29334195943598357,0.8351999084445172,1.5807287490998023,1.7271179305238915,1.680502403640527,-2.6203870459856393,0.2586294623862617,0.5645307702845683,0.2703960562926481
2024-04-08,0.8351999084445199,0.5645307702845683,0.2703960562926481,4.618882775656,1890,0.8314002395261375,-3.463910943095927,-4.263502086021454,-0.6251497574148133,0.739353758739214,0.8845304247814489,0.7278811538808272,0.6154877037739981,-1.98153771929922,-0.3313791511258657,0.27496831799576144,0.46478044705170396
2024-04-09,0.7393537587392167,0.27496831799576144,0.46478044705170396,4.416940681222,1868,0.8129268552648031,-2.7501677401138735,-3.463910943095927,0.8351999084445199,0.14411117465564782,-0.011388404263401597,0.09822104622536632,-2.0338862787330436,-2.434226724832511,-0.7789616479970451,0.11365169171655609,0.03462006811566851
2024-04-10,0.1441111746556547,0.11365169171655609,0.03462006811566851,4.236828608045,1840,0.7912078009382293,-2.610019864493507,-2.7501677401138735,0.7393537587392167,-0.1552758091265649,-0.04582409079475491,-0.26668382146858294,-3.212954845920324,-1.7092986884026606,-0.6689001652279702,-0.7839051045708818,0.6340727970328469
2024-04-11,-0.1552758091265594,-0.7839051045708818,0.6340727970328469,4.576155422091,1837,0.8640460350960989,-2.761242944157105,-2.610019864493507,0.1441111746556547,0.10962193467785042,-0.11158127106349891,-2.0227282309377315,-2.1084599126413694,-2.9480228313854773,-0.44834603640021564,0.4609788743374058,-0.34368887485526417
2024-04-12,0.10962193467784088,0.4609788743374058,-0.34368887485526417,5.043684690013,1823,0.957280865438459,-2.6546479374157883,-2.761242944157105,-0.1552758091265594,-0.22096098403576736,-2.130015201742508,-3.168582729352376,-4.229807434027954,-2.4481236386748373,-1.4107929124212437,-0.8147718820731543,0.6017838761788769
2024-04-15,-0.2209609840357775,-0.8147718820731543,0.6017838761788769,4.513091616923,1821,0.8547621498082933,-2.869743185246365,-2.6546479374157883,0.10962193467784088,-1.9132818240525373,-2.9541492625971166,-1.999109273114763,-2.5811388309513683,-1.018527642244682,-1.7164067082795942,-0.8160816993016882,-1.1082125111374548
2024-04-16,-1.9132818240525475,-0.8160816993016882,-1.1082125111374548,5.443230892705,1814,1.048876698729332,-4.7281187345386,-2.869743185246365,-0.2209609840357775,-1.061170623200458,-0.08750160129555873,-2.1454915279836007,-0.4086519622882201,0.29610397463259996,0.5886257029638742,0.2686389463584551,-1.3261101045814259
2024-04-17,-1.061170623200458,0.2686389463584551,-1.3261101045814259,5.085026760811,1809,0.9778733930546687,-5.739115950698103,-4.7281187345386,-1.9132818240525475,0.9841121307356149,-1.0959508128538742,0.3843651519476854,1.553571715226898,1.2951370525395411,2.655468067918787,-0.23712076321249817,1.228385627430407
2024-04-18,0.9841121307356224,-0.23712076321249817,1.228385627430407,4.582639443789,1805,0.8884740323325396,-4.81148315623029,-5.739115950698103,-1.061170623200458,-2.059792277914574,-0.593902314070438,-0.3214316188061783,-0.8576460417262566,1.3256019894370974,1.179834398777957,-0.47018346836095787,-1.596875280834912
2024-04-19,-2.0597922779145783,-0.47018346836095787,-1.596875280834912,6.336597142853,1787,1.2543565379121548,-6.229447599241911,-4.81148315623029,0.9841121307356224,1.4967192718272848,1.7749203310259976,2.6788817544439736,1.860374034568002,2.956487935243146,2.3683266627030353,0.8576596439974682,0.6354983675009049
2024-04-22,1.4967192718272895,0.8576596439974682,0.6354983675009049,4.817011344645,1795,0.9498443195573849,-4.825965670160858,-6.229447599241911,-2.0597922779145783,0.2740985730323331,1.164729748013471,-0.2653194661046965,1.604012990867476,1.6835181146259037,0.8071496670053468,0.6090036212519382,-0.32902347063712606
2024-04-23,0.27409857303233043,0.6090036212519382,-0.32902347063712606,4.11352676775,1767,0.8113144720417881,-4.565095000165464,-4.825965670160858,1.4967192718272895,0.8881966406633524,-0.5379435435604152,0.08396341973451182,0.7076477533509928,1.696563273441254,-0.08661986948114153,0.5570430013366714,0.32755017584033785
2024-04-24,0.8881966406633635,0.5570430013366714,0.32755017584033785,5.011679782149,1744,0.9950616823473801,-3.49356119364016,-4.565095000165464,0.27409857303233043,-1.413584771767995,-0.7971529353362428,0.4342256871028072,-0.2544811160478222,1.058491301101272,-0.3585857077896826,-0.38356988000346737,-1.0335425176861601
2024-04-25,-1.4135847717679941,-0.38356988000346737,-1.0335425176861601,4.393398882184,1718,0.878815649970368,-4.857761516382464,-3.49356119364016,0.8881966406633635,0.6252705659341551,1.8743053539304055,1.2523281151510357,2.202134550973267,2.5756062554422865,1.2123535629113613,-0.06267766369235428,0.6904978822077728
2024-04-26,0.6252705659341555,-0.06267766369235428,0.6904978822077728,5.412797084719,1705,1.0941587649778939,-2.967756886421069,-4.857761516382464,-1.4135847717679941,1.2412734703434403,0.6231611062412101,0.5470325049589331,1.0760945176808034,1.0633631714180414,-0.9400596262291505,0.8564464560262195,0.3834986527338002
2024-04-30,1.2412734703434332,0.8564464560262195,0.3834986527338002,6.117301281645,1717,1.238953528354733,-1.2824952152742042,-2.967756886421069,0.6252705659341555,-0.6105339679308708,-0.6857291908599628,0.32179772505336324,0.07824998385208559,-0.7050603000857913,-2.1630482294689446,-0.5923230303936221,-0.01850807051545493
2024-05-01,-0.6105339679308565,-0.5923230303936221,-0.01850807051545493,5.087194339012,1705,1.021933432001752,-1.885199114278735,-1.2824952152742042,1.2412734703434332,-0.07565713544012143,0.9380588609696483,0.45012838640734465,0.981966655116695,0.29165811705433864,0.17021104248540198,-0.043030226572097936,-0.031551024530669665
2024-05-02,-0.07565713544012376,-0.043030226572097936,-0.031551024530669665,4.581861112125,1690,0.9192114287520882,-1.959429962071657,-1.885199114278735,-0.6105339679308565,1.0144835255847306,0.5261836172994805,0.7692541751429083,1.316322208596321,1.342938126115234,0.6976776824828335,0.7818464591104841,0.22858729850122247
2024-05-07,1.0144835255847353,0.7818464591104841,0.22858729850122247,5.134123758396,1671,1.03805792872467,-0.9648245306475123,-1.959429962071657,-0.07565713544012376,-0.48339593614966647,-0.242766524049709,0.04349974097235254,0.3654245638898601,-0.14386057205398872,-0.11258598918941765,-0.11195585059915644,-0.37231071583008823
2024-05-08,-0.48339593614967563,-0.11195585059915644,-0.37231071583008823,5.125474058635,1666,1.0383231451350388,-1.4435565442250553,-0.9648245306475123,1.0144835255847353,0.2417982550384945,0.5294550412752841,0.7860027734713171,-0.012595803511727954,-0.571271693834452,-0.7604026992461987,0.27484346402378695,-0.0287699850916464
2024-05-09,0.24179825503849275,0.27484346402378695,-0.0287699850916464,4.84881696192,1658,0.9830598026894342,-1.2052487837209913,-1.4435565442250553,-0.48339593614967563,0.2869629149159225,0.5428918154962048,0.6096711654360432,-0.7826978230177417,-0.8618588969675822,-1.415879458387248,0.4924572553431747,-0.20523911583147308
2024-05-10,0.286962914915913,0.4924572553431747,-0.20523911583147308,5.820036039682,1658,1.1772229406773147,-0.9217444858468204,-1.2052487837209913,0.24179825503849275,0.2551965810325907,0.3217848473424212,-0.5391960441489152,-0.6835958547133147,-1.75343500854378,-1.256132403527721,-0.0047655049321257085,0.26555403658123417
2024-05-13,0.25519658103258236,-0.0047655049321257085,0.26555403658123417,4.989399220172,1664,0.9950888587056502,-0.6233617242757172,-0.9217444858468204,0.286962914915913,0.06641876788502366,-0.7923705226984712,-1.3184319792059584,0.02627011811986435,-1.4022344789106467,-0.41231075377085036,-0.04580347774356194,0.11842855239189433
2024-05-14,0.06641876788501275,-0.04580347774356194,0.11842855239189433,5.491011840652,1677,1.0869734260852033,-0.5573569855674254,-0.6233617242757172,0.25519658103258236,-0.8582192719173376,-1.3839315568025756,-1.002155916170755,-0.5074308589405274,-1.3290223107587984,-0.5743244058460273,0.22053875766148234,-1.0699176331970146
2024-05-15,-0.8582192719173379,0.22053875766148234,-1.0699176331970146,5.499533587309,1701,1.078890967710838,-1.1924668147937467,-0.5573569855674254,0.06641876788501275,-0.5302631050446038,-0.14518262955977024,0.825179116900121,-0.5587462689048861,-1.9823432891789783,0.07319973258836932,0.13079615879456682,-0.6599171650772284
2024-05-16,-0.5302631050446083,0.13079615879456682,-0.6599171650772284,5.610076576945,1716,1.095677935986782,-1.3839315568025756,-1.1924668147937467,-0.8582192719173379,0.38713330054496176,1.3626679473136116,0.8888010967167181,-0.0797855537420622,-1.4683406161375756,-0.24828135889665148,-0.406042958342626,0.7969607684146581
2024-05-17,0.3871333005449663,-0.406042958342626,0.7969607684146581,4.539118193183,1727,0.8771180438124072,-1.002155916170755,-1.3839315568025756,-0.5302631050446083,0.9717725914615283,0.49973316268514534,-0.41416493488830586,-1.0772028679828516,-0.12109389439666218,0.7222044851603826,0.10400577110303284,0.8655372893044883
2024-05-20,0.9717725914615236,0.10400577110303284,0.8655372893044883,4.760701152642,1718,0.9280424557353258,-0.04012200122628373,-1.002155916170755,0.3871333005449663,-0.46749642663627133,-1.372598985616924,-1.423061892772426,-1.428129425743474,-0.6367098246445324,-1.3796085862445406,0.37946960809886976,-0.83052272054122
2024-05-21,-0.4674964266362724,0.37946960809886976,-0.83052272054122,4.475551012853,1720,0.8752225334550215,-0.5074308589405274,-0.04012200122628373,0.9717725914615236,-0.9093537552921305,-0.9600536827970241,-1.569094743878885,-0.8257817231088205,0.03131963947708982,-0.4474727945326107,-0.1035443745633812,-0.8075291225463233
2024-05-22,-0.9093537552921142,-0.1035443745633812,-0.8075291225463233,4.324713470196,1713,0.8466117701499585,-1.4121702726613616,-0.5074308589405274,-0.4674964266362724,-0.05116520017408588,-0.6657954242800135,-0.056303258075773854,-1.4315960095633073,-0.19021766508907634,0.6384936290985799,0.2398852872853881,-0.28096383146903403
2024-05-23,-0.05116520017408859,0.2398852872853881,-0.28096383146903403,4.919738023179,1698,0.9824412621600073,-1.4626129330886362,-1.4121702726613616,-0.9093537552921142,-0.6149448618754771,-0.00514068814506663,0.1355735384368728,-1.3896638133641614,-0.5588369473701227,0.8139224495921971,-1.1226375066622942,0.5158870531236125
2024-05-24,-0.6149448618754675,-1.1226375066622942,0.5158870531236125,4.335641329101,1701,0.8649136272730238,-2.068563531882961,-1.4626129330886362,-0.05116520017408859,0.6135773360319563,0.7551622316547268,-0.7709334247495314,0.9665203586087578,0.5061781091881601,1.346221369336309,0.2652840773543688,0.34664061579180033
2024-05-27,0.6135773360319633,0.2652840773543688,0.34664061579180033,3.753372667348,1703,0.7471021323367062,-1.4676784328640502,-2.068563531882961,-0.6149448618754675,0.1407214606333751,-1.3760675223359442,-1.384594302894282,0.8028858501804903,1.0040021900172391,1.3514373704855753,0.09952960606136764,0.041120254199847814
2024-05-28,0.1407214606333734,0.09952960606136764,0.041120254199847814,4.09948767854,1705,0.8263441722422158,-1.3290223107587984,-1.4676784328640502,0.6135773360319633,-1.5146575347628088,-1.5231723331724512,0.20977399298718336,0.8642380827171392,0.7648631062414868,2.3562593708753132,-0.06030578503212883,-1.4514764858050309
2024-05-29,-1.514657534762794,-0.06030578503212883,-1.4514764858050309,4.8721105846,1699,0.9850015318990694,-2.8235497089530215,-1.3290223107587984,0.1407214606333734,-0.008645751942881752,1.7509524611326377,2.209355597344409,1.2594079788434742,2.097115041049946,4.4184343638898005,-0.946921763971247,0.9523151574938329
2024-05-30,-0.008645751942876489,-0.946921763971247,0.9523151574938329,4.977313483341,1693,1.0118006167245297,-2.831951343792083,-2.8235497089530215,-1.514657534762794,1.7597503567261752,2.218193128762813,2.424337250146613,0.8425352738089975,1.2382408505755338,4.658204840280411,0.34808220490896397,1.410165121245175
2024-05-31,1.7597503567261648,0.34808220490896397,1.410165121245175,8.429000526532,1689,1.7335547703979763,-1.1220362609405954,-2.831951343792083,-0.008645751942876489,0.45051483560989425,0.6530940682250685,-0.48308587821516147,-0.45593553960816546,0.8443208004955682,2.6367799918481705,0.6358137809908899,-0.1821310668835143
2024-06-03,0.4505148356098979,0.6358137809908899,-0.1821310668835143,4.650169132738,1705,0.924605639946145,-0.6765763651471635,-1.1220362609405954,1.7597503567261648,0.2016706762993925,-0.9294135678178606,-1.3458052943872034,0.19951446641681692,-0.7476591810606781,2.021396815157739,-0.21739318779247366,0.424084224151002
2024-06-04,0.2016706762993954,-0.21739318779247366,0.424084224151002,4.811640610145,1705,0.9560621927359287,-0.47627014497905185,-0.6765763651471635,0.4505148356098979,-1.128807769853668,-1.5443614465128985,-1.101833597963242,-0.09852349887792267,-0.47864252489652204,1.9841084192147473,-0.47486554965962596,-0.6574864146061017
2024-06-05,-1.1288077698536534,-0.47486554965962596,-0.6574864146061017,5.119012682568,1711,1.0204055437065884,-1.5997017404307035,-0.47627014497905185,0.2016706762993954,-0.42029803351812944,0.027282134747230735,1.139518877288026,0.8272881294955736,0.8302906536825416,3.6858152342282624,0.5673012673916794,-0.9792245691552509
2024-06-06,-0.4202980335181347,0.5673012673916794,-0.9792245691552509,4.75756158608,1707,0.9484162618966295,-2.0132762589916475,-1.5997017404307035,-1.1288077698536534,0.44946927880544774,1.5664004611413596,1.4685171604971181,0.3923994727940139,1.3804739956991385,4.420224040009346,-0.0032072670044091317,0.4538798727484823
2024-06-07,0.44946927880544907,-0.0032072670044091317,0.4538798727484823,3.848305716946,1689,0.767855229299389,-1.5728560384678403,-2.0132762589916475,-0.4202980335181347,1.1119333833768508,1.0144880694822112,0.7997877955642663,1.3062118240320553,0.8358125599359223,3.2876740988101227,0.05668133608167918,1.0545738843039163
2024-06-10,1.1119333833768585,0.05668133608167918,1.0545738843039163,3.821942810313,1674,0.7778970629139288,-0.4784117664551779,-1.5728560384678403,0.44946927880544907,-0.09637370252348898,-0.3087129059525018,-1.1558950430625048,-0.9452876618428641,0.34398159769424286,1.9008382676424684,0.2203839367410563,-0.3152363518308722
2024-06-11,-0.09637370252349334,0.2203839367410563,-0.3152363518308722,4.087798875788,1658,0.8420117746521069,-0.5344168233441637,-0.4784117664551779,1.1119333833768585,-0.21254403998983706,-1.060543425505045,0.28879397413685837,-0.3804939019237952,1.5793166542150239,2.527250329200137,-0.14135060709699546,-0.0692759175230192
2024-06-12,-0.21254403998983906,-0.14135060709699546,-0.0692759175230192,3.875360173845,1647,0.8099586574872207,-0.7458249922272842,-0.5344168233441637,-0.09637370252349334,-0.8498055966624118,0.5024058478127813,-0.6385460298950929,0.0029778884691467056,2.2736385077154253,2.5325934157911068,0.3594178034997476,-1.2036703173493142
2024-06-13,-0.8498055966623976,0.3594178034997476,-1.2036703173493142,4.549285619517,1632,0.9672270729789304,-1.5892925263644275,-0.7458249922272842,-0.21254403998983906,1.363801102572193,0.21307024967385235,0.687339052715763,0.984212478328983,3.378134547747269,4.125047829625483,-0.3744895024681671,1.7438317884173626
2024-06-14,1.3638011025721923,-0.3744895024681671,1.7438317884173626,5.850267110389,1613,1.2580161055623043,-0.24716621278989548,-1.5892925263644275,-0.8498055966623976,-1.1352483237421995,-0.6673605789229486,-0.4969313471957171,-0.464334077473183,1.7774517961191894,3.342648612032817,-0.44356481223099786,-0.6973495908183595
2024-06-17,-1.1352483237421964,-0.44356481223099786,-0.6973495908183595,4.21147726502,1628,0.8930286400287251,-1.1352483237421995,-0.24716621278989548,1.3638011025721923,0.4732604258708806,0.6456466695397234,0.7695026474429545,1.3015728672612248,2.789915052250369,4.8552888517154,0.6016256345308746,-0.12651036571814053
2024-06-18,0.47326042587087574,0.6016256345308746,-0.12651036571814053,3.858246882076,1634,0.8229193033580646,-0.6673605789229486,-1.1352483237421995,-1.1352483237421964,0.17157425063958343,0.2948468282171879,0.20439052322884788,1.9672959974418758,2.4745954100629852,5.068724522435786,0.20327042000112464,-0.03139209873349957
2024-06-19,0.171574250639588,0.20327042000112464,-0.03139209873349957,3.767180381908,1635,0.8088204946710364,-0.4969313471957171,-0.6673605789229486,0.47326042587087574,0.12306143584124296,0.03276006475365634,0.6517183995798259,2.2705930035190613,2.832010660718498,3.9196153823825686,-0.11127432993037813,0.2345415620836007
2024-06-20,0.12306143584124787,-0.11127432993037813,0.2345415620836007,3.637197671461,1639,0.7856150080215998,-0.3744814422054876,-0.4969313471957171,0.171574250639588,-0.09019038150909209,0.5280071905086059,1.6675325025314658,2.370590422668317,2.9983584851252187,3.3252912648567445,0.23825533493486842,-0.3278836108878229
2024-06-21,-0.09019038150910196,0.23825533493486842,-0.3278836108878229,5.771883765592,1639,1.2642062820941924,-0.464334077473183,-0.3744814422054876,0.12306143584124787,0.6187556300810693,1.759309612091653,2.2371000633360394,2.252243809105825,2.4315384352328717,1.9664109031407584,0.3518275164960892,0.26915851382037803
2024-06-24,0.6187556300810746,0.3518275164960892,0.26915851382037803,3.985861689533,1655,0.8594978329055419,0.0,-0.464334077473183,-0.09019038150910196,1.133540138583844,1.6083924146356177,1.8329053600633527,1.4692192261805959,1.5515197276007031,1.990292951381778,0.34312194630306647,0.7908972973701491
2024-06-25,1.1335401385838482,0.34312194630306647,0.7908972973701491,4.467844941884,1664,0.9610221298337444,0.0,0.0,0.6187556300810746,0.46952996543092596,0.6915264911335761,0.4844118920354745,0.4975118812936108,0.9331955620571541,-0.619740090763099,0.28801586075614555,0.18170617828881963
2024-06-26,0.46952996543092745,0.28801586075614555,0.18170617828881963,4.901575455194,1672,1.0501561285716532,0.0,0.0,1.1335401385838482,0.22095905672001592,0.0148123780510101,-0.13697017062044292,0.5489531650413992,0.25319809860497866,-2.8546913837825594,-0.19341713738580882,0.42222917686449934
2024-06-27,0.22095905672001634,-0.19341713738580882,0.42222917686449934,4.545235552731,1679,0.9735034935381643,0.0,0.0,0.46952996543092745,-0.2056921831613323,-0.3571400939576752,-0.19268216164846086,0.613230870179593,0.7225060552173534,-3.1364751516870015,0.3517486453982078,-0.5526845639862796
2024-06-28,-0.20569218316132815,0.3517486453982078,-0.5526845639862796,4.889110581394,1690,1.0520228846727129,-0.2056921831613323,0.0,0.22095905672001634,-0.1517600693962451,0.01303683726805449,0.5340616797553599,0.17534541976582663,1.5378620591219416,-1.00608613847466,0.6038616546179019,-0.7531266250309753
2024-07-01,-0.15176006939625897,0.6038616546179019,-0.7531266250309753,4.392329532428,1687,0.9825475792639493,-0.3571400939576752,-0.2056921831613323,-0.20569218316132815,0.16504738268681152,0.686864134638987,0.973848969261093,0.08110883482472797,2.0093156010637436,-1.3928341001734013,0.00011050883523616093,0.16742233484643904
2024-07-02,0.16504738268680352,0.00011050883523616093,0.16742233484643904,5.151844699869,1696,1.1557814060663518,-0.19268216164846086,-0.3571400939576752,-0.15176006939625897,0.5209569261805935,0.8074688803213048,0.1622874253502049,0.4335268332594788,2.531485098323283,-0.2810250449420182,0.08547265681683966,0.43456699987589653
2024-07-03,0.5209569261805879,0.08547265681683966,0.43456699987589653,4.971582132988,1698,1.1111006244379686,0.0,-0.19268216164846086,0.16504738268680352,0.28502708579576375,-0.3568106709268437,-0.6016229674252749,-0.29414037354617006,1.0576519069071866,-3.849795334353945,0.32118340744614154,-0.03297701078830245
2024-07-04,0.28502708579577446,0.32118340744614154,-0.03297701078830245,4.6880466478,1694,1.049462132378342,0.0,0.0,0.5209569261805879,-0.6400135447672484,-0.8841300431244759,-0.37094676735288656,0.1086091601399497,0.31741552442190457,-9.480338815397172,0.07112943687159817,-0.7070595349555137
2024-07-05,-0.6400135447672504,0.07112943687159817,-0.7070595349555137,4.545395071761,1689,1.0183206045836708,-0.6400135447672484,0.0,0.28502708579577446,-0.24568894085670312,0.27079993366907473,0.06289471242604261,1.36013171069862,-0.4540862503848997,-19.614131531725853,0.12065073078898182,-0.3659261864058851
2024-07-08,-0.2456889408567063,0.12065073078898182,-0.3659261864058851,4.340382355409,1688,0.9648567468096854,-0.8841300431244759,-0.6400135447672484,-0.6400135447672504,0.5177609559345653,0.30934367648511873,1.0015946020514699,1.9266440876682944,0.4320695790255513,-12.410094033935737,0.24378537469731087,0.2753175674065646
2024-07-09,0.5177609559345554,0.24378537469731087,0.2753175674065646,5.060494080915,1701,1.1184906982324934,-0.37094676735288656,-0.8841300431244759,-0.2456889408567063,-0.20734373454739385,0.48134144803424483,1.086389834079493,2.0889023130163054,-1.5385777138755663,-11.418844654546845,-0.026050163481748757,-0.18005768424780894
2024-07-10,-0.20734373454739183,-0.026050163481748757,-0.18005768424780894,5.287108047098,1713,1.1561498511771966,-0.5775213670196733,-0.37094676735288656,0.5177609559345554,0.6901160950658625,1.2964216176243548,1.6123128234187822,1.3557801773314226,-3.1000402394452786,-11.460793316532502,0.6767228814323841,0.013137603792524086
2024-07-11,0.690116095065858,0.6767228814323841,0.013137603792524086,5.217001729172,1722,1.1234779260142358,0.0,-0.5775213670196733,-0.20734373454739183,0.6021499885709103,0.9158761198390319,1.5998600753289516,0.2085798274831019,-3.8312998336129778,-11.1319853274222,-0.6011504319495051,1.2089212098039162
2024-07-12,0.6021499885709141,-0.6011504319495051,1.2089212098039162,5.914084809337,1717,1.2645030280323053,0.0,0.0,0.690116095065858,0.3118483365452507,0.9917383344902442,0.05859887127221963,-1.7898733263899569,-2.5054183198335855,-9.526123734331948,0.45153623828825307,-0.136403925690875
2024-07-16,0.3118483365452491,0.45153623828825307,-0.136403925690875,4.358299091108,1716,0.9312218548538335,0.0,0.0,0.6021499885709141,0.677776363629512,-0.2524621662073123,-0.7008771261283075,-1.466323670342018,-3.3351362874957546,-8.822006736540756,0.6062782309672562,0.06861875018889525
2024-07-17,0.6777763636295192,0.6062782309672562,0.06861875018889525,4.957717606664,1714,1.0576384679637887,0.0,0.0,0.3118483365452491,-0.9239760386413165,-1.36937220859783,-2.7542962491321377,-3.553255980527248,-2.743069741522053,-8.901800870563136,-0.8233100573751417,-0.10102933357135066
2024-07-18,-0.923976038641319,-0.8233100573751417,-0.10102933357135066,5.258048944222,1715,1.1087062090124684,-0.9239760386413165,0.0,0.6777763636295192,-0.4495499033451589,-1.8473896481803531,-1.2169338015714626,-4.396217373080081,-4.856086747178534,-5.851037498108891,-0.08140934077160347,-0.36843695306600255
2024-07-19,-0.4495499033451667,-0.08140934077160347,-0.36843695306600255,4.294739466612,1711,0.8915700453667834,-1.36937220859783,-0.9239760386413165,-0.923976038641319,-1.4041521092852949,-0.7708492502858988,-2.214204472618986,-4.031470826201755,-9.766753149091889,-6.440401198221646,-0.05849280332576078,-1.341936533720898
2024-07-22,-1.4041521092852935,-0.05849280332576078,-1.341936533720898,3.794465318575,1708,0.7823753865204415,-2.7542962491321377,-1.36937220859783,-0.4495499033451667,0.6423220374364602,-0.821588718656352,-2.5968007531981807,-0.728585755541955,-19.247445283925625,-3.335923536023966,0.5228220466377214,0.12154685320265042
2024-07-23,0.6423220374364542,0.5228220466377214,0.12154685320265042,3.917068884628,1688,0.824462375528846,-2.129665663480129,-2.7542962491321377,-1.4041521092852935,-1.4545677469050111,-3.218449977167437,-3.2859513069300905,-1.8966232528474514,-12.786915242104369,-4.456626503390537,-0.25516608228045273,-1.2012250195933136
2024-07-24,-1.4545677469050111,-0.25516608228045273,-1.2012250195933136,4.364392468471,1678,0.9192803172703999,-3.553255980527248,-2.129665663480129,0.6423220374364542,-1.7899177972371505,-1.8584154720855284,0.0937733947467434,0.8400348267242785,-10.034657951577897,-2.561810586006652,-1.2170266933419496,-0.579185852408389
2024-07-25,-1.7899177972371503,-1.2170266933419496,-0.579185852408389,6.013330590004,1675,1.2679807915586472,-5.279573416587546,-3.553255980527248,-1.4545677469050111,-0.06974607220769924,1.91802221292805,1.3657837924771155,-0.48101587768030196,-8.628231732755221,-0.5905308373676865,0.2009417175621299,-0.2668434068377914
2024-07-26,-0.06974607220768733,0.2009417175621299,-0.2668434068377914,4.942125565686,1667,1.0300314021771566,-5.345637193707853,-5.279573416587546,-1.7899177972371503,1.9891556430668977,1.4365317891837925,2.7495483303943358,-5.976211547958165,-7.591540159301202,-0.0772849315162305,1.0812050752959237,0.8991377746550777
2024-07-29,1.9891556430668986,1.0812050752959237,0.8991377746550777,4.516569045571,1656,0.9374601615492499,-3.4628145945374778,-5.345637193707853,-0.06974607220768733,-0.541845699573329,0.7455622929055217,-2.353889958339528,-18.65477556588503,-7.201123686575706,-1.0002077080708216,-0.27233420983952467,-0.268371408012679
2024-07-30,-0.5418456995733167,-0.27233420983952467,-0.268371408012679,4.627000668222,1657,0.9641088525546875,-3.985897182146103,-3.4628145945374778,1.9891556430668986,1.2944217611258635,-1.8219162335273986,-7.3077649702652625,-11.100832968599128,-5.676178746151006,-0.876220330107369,-0.5942433365311345,1.9036655107227096
2024-07-31,1.2944217611258657,-0.5942433365311345,1.9036655107227096,6.252567039901,1655,1.2996438817174223,-2.743069741522053,-3.985897182146103,-0.5418456995733167,-3.076514916095041,-8.49226105626718,-19.25676666768351,-10.784102561039788,-6.332434215919768,-2.394809708824719,-0.8740155533098869,-2.226180547726244
2024-08-01,-3.076514916095036,-0.8740155533098869,-2.226180547726244,6.741175506653,1656,1.3853568525174478,-5.735193707860276,-2.743069741522053,1.2944217611258657,-5.5876510584445205,-16.69384023653453,-9.451108006082764,-8.186594675304459,-1.045732424612933,1.4618357344235555,-3.2321125853448036,-2.440055290817502
2024-08-02,-5.587651058444518,-3.2321125853448036,-2.440055290817502,7.489716035934,1673,1.5116994768453014,-11.002382154383705,-5.735193707860276,-3.076514916095036,-11.763492067086611,-4.092109762071328,-2.5045329840155284,-1.717999921016744,3.6863928396219103,7.2546005676165315,-5.707403994746871,-6.449589119053773
2024-08-05,-11.76349206708661,-5.707403994746871,-6.449589119053773,9.088658880861,1709,1.7839844574922488,-21.471609869548836,-11.002382154383705,-5.587651058444518,8.69411367780768,10.493342608380086,10.212024639456473,14.080300299111158,19.704047511371627,22.5988526584602,6.655421568619068,1.925345814517352
2024-08-06,8.69411367780768,6.655421568619068,1.925345814517352,8.655776421687,1778,1.6264914365070822,-14.6442623622551,-21.471609869548836,-11.76349206708661,1.6553140457133741,1.39649785097673,2.475406178954498,6.102030427947702,9.551650147267242,9.415088155013374,-1.6866762431900781,3.4228561289440353
2024-08-07,1.6553140457133788,-1.6866762431900781,3.4228561289440353,8.411166333397,1798,1.518941850310754,-13.231356848315246,-14.6442623622551,8.69411367780768,-0.2546017364328357,0.8067380844176242,3.2463111406125567,4.989770290845041,8.306362422930746,7.596013332096829,-1.0120787629523444,0.7753030300937027
2024-08-08,-0.25460173643283585,-1.0120787629523444,0.7753030300937027,5.974896892177,1804,1.047299539887274,-13.452271320458653,-13.231356848315246,1.6553140457133788,1.0640489078463489,3.5098490135801574,4.640724952736264,7.777581307912573,8.79670060874691,6.989788125225771,2.0506052858672823,-0.9582548807354235
2024-08-09,1.0640489078463495,2.0506052858672823,-0.9582548807354235,6.964478416874,1797,1.2134421368753907,-12.531361158678179,-13.452271320458653,-0.25460173643283585,2.4200495944546763,3.5390191502729706,4.149556156577994,5.4988632265272175,8.13156635305754,5.284910475955051,0.8505324628710839,1.5669877499312173
2024-08-13,2.4200495944546865,0.8505324628710839,1.5669877499312173,5.530236960173,1806,0.9491013537963959,-10.414576719123747,-12.531361158678179,1.0640489078463495,1.0925297929936573,1.688640621608295,4.123020499984031,4.9296392080975915,6.68210244007863,3.280051266085926,0.4523875089222766,0.6396157598139254
2024-08-14,1.0925297929936573,0.4523875089222766,0.6396157598139254,5.334979359389,1803,0.9186169162499973,-9.435829279600705,-10.414576719123747,2.4200495944546865,0.5896685243066857,2.997739509730235,1.892855555652706,3.251228751613877,5.088808269467537,-0.0032055704506928073,0.08665658158062274,0.5107765685847807
2024-08-15,0.5896685243066837,0.08665658158062274,0.5107765685847807,4.951217448777,1804,0.8454290195882869,-8.05222546580322,-9.435829279600705,1.0925297929936573,2.3939545887276203,1.2955475949611106,3.1871785940666975,3.1589669383007557,4.203829227474487,1.6313431538167,1.6956292841785774,0.6869715472554041
2024-08-16,2.393954588727631,1.6956292841785774,0.6869715472554041,5.663249717489,1808,0.9670634398441782,-5.425879631402319,-8.05222546580322,0.5896685243066837,-1.072726410634628,0.7746785525816646,0.24611146136823692,0.9455763327280264,2.534067726918532,-1.5374012501065626,-0.1903244463185881,-0.8861955724449754
2024-08-19,-1.0727264106346246,-0.1903244463185881,-0.8861955724449754,4.736713032515,1809,0.8060582412558291,-5.713595153339634,-5.425879631402319,2.393954588727631,1.867437458030663,1.3331388040442649,1.8395866230870084,2.495480089560198,3.4413461885146157,-0.48466534456687027,1.0390660306557629,0.8205045910343195
2024-08-20,1.867437458030674,1.0390660306557629,0.8205045910343195,4.506778403634,1814,0.7640563928148848,-3.9528555114026642,-5.713595153339634,-1.0727264106346246,-0.5245038722079598,-0.027340272454701164,0.16958404889102496,1.6701317618233125,2.418301809563772,-1.8374491894683098,-0.8728253923836089,0.35284562167972583
2024-08-21,-0.5245038722079592,-0.8728253923836089,0.35284562167972583,3.911275838726,1805,0.6591180835940598,-3.8540299092255315,-3.9528555114026642,1.867437458030674,0.4997849913857877,0.6977476344599554,1.1470495232202893,1.779716851868396,-0.1246553493902458,0.18313276895487451,0.28459856377678017,0.2127867057514922
2024-08-22,0.49978499138577803,0.28459856377678017,0.2127867057514922,4.144599847737,1805,0.6984713352498614,-3.373506780889568,-3.8540299092255315,-0.5245038722079592,0.19697817571564524,0.6440456881474654,1.6979362546761356,1.0128661813748607,-0.6558701399831168,0.3478139803444025,0.03695853103114706,0.16045191779163295
2024-08-23,0.1969781757156397,0.03695853103114706,0.16045191779163295,3.848704770455,1798,0.6498088970033701,-3.1831736772885644,-3.373506780889568,0.49978499138577803,0.4461886182313801,1.4980073314469378,1.0744721136524804,1.5736116944388368,-1.6608155150027226,0.12872669479147003,0.03697601935950421,0.40164077312036023
2024-08-26,0.4461886182313905,0.03697601935950421,0.40164077312036023,3.783672196775,1776,0.6507198947186952,-2.7511880177037873,-3.1831736772885644,0.1969781757156397,1.0471464648730722,0.6254926185492726,0.36646032132912065,0.9228368881514681,-2.6325854448533303,-0.4532501155557256,0.1487818005988411,0.8970248271467485
2024-08-27,1.0471464648730642,0.1487818005988411,0.8970248271467485,3.685925086978,1778,0.6402875336546818,-1.7328505209000977,-2.7511880177037873,0.4461886182313905,-0.4172842688540346,-0.673632227487575,0.07448851950857538,0.7358798840678027,-3.1889614998013127,0.45261518945771684,-0.24575565631307053,-0.1704436280951542
2024-08-28,-0.4172842688540418,-0.24575565631307053,-0.1704436280951542,3.695481167002,1770,0.6466125986797232,-2.1429038771276665,-1.7328505209000977,1.0471464648730642,-0.25742214073135594,0.4938334777797371,0.2954959641582766,-1.871072410262531,-4.845438752013765,1.2689044483587875,-0.48799191135209596,0.23726722147034396
2024-08-29,-0.25742214073136865,-0.48799191135209596,0.23726722147034396,4.306865355833,1765,0.7597807416737696,-0.673632227487575,-2.1429038771276665,-0.4172842688540418,0.7531945079372937,0.5543451119438547,1.4190714340663213,-1.652003734219032,-2.468705893755696,-0.9199463394901741,0.1795344166786232,0.5731135987393872
2024-08-30,0.7531945079372889,0.1795344166786232,0.5731135987393872,5.788164699631,1749,1.0389293625344709,0.0,-0.673632227487575,-0.25742214073136865,-0.19736286969815886,0.6608990706260531,-2.3532845809540848,-3.1843184026689952,-3.9708450735308043,-0.5200736980112142,0.6614016863063044,-0.8500802463989956
2024-09-02,-0.1973628696981595,0.6614016863063044,-0.8500802463989956,3.796061448542,1731,0.687240624500979,-0.19736286969815886,0.0,0.7531945079372889,0.8599591804409723,-2.160185114588864,-2.1941854861733057,-3.522911605175272,-3.7953987237623554,-1.7525261904675626,0.18500279416421883,0.6777827058560957
2024-09-03,0.8599591804409721,0.18500279416421883,0.6777827058560957,3.754447209819,1693,0.7032189186626645,0.0,-0.19736286969815886,-0.1973628696981595,-2.9943937312394864,-3.028104206497184,-3.8199713183538653,-3.896170250744846,-4.15526417040698,-1.6386408220061877,-2.4615470431464415,-0.5504024747570887
2024-09-04,-2.994393731239481,-2.4615470431464415,-0.5504024747570887,5.821141968695,1635,1.1476484247384198,-2.9943937312394864,0.0,0.8599591804409721,-0.03475105878344431,-0.8510617260893749,-1.392813848004948,-3.031080044191059,0.30817227156696436,1.779343053516036,-0.7217739830030165,0.697583472004862
2024-09-05,-0.034751058783445136,-0.7217739830030165,0.697583472004862,4.78136978882,1625,0.9697529796196317,-3.028104206497184,-2.9943937312394864,-2.994393731239481,-0.8165944425206684,-1.358534894481267,-0.8951728097552736,-0.8304207411908626,1.010310444856466,2.764169274213235,0.36603398720250413,-1.1755491376898974
2024-09-06,-0.8165944425206709,0.36603398720250413,-1.1755491376898974,4.300994841947,1606,0.9056607888008581,-3.8199713183538653,-3.028104206497184,-0.034751058783445136,-0.5464023431283827,-0.07922531676840538,-2.198730875038857,-0.8123959444225948,1.8197651517714242,2.2145197912168957,-2.5142029958598995,2.040520715020948
2024-09-09,-0.5464023431283795,-2.5142029958598995,2.040520715020948,4.590337775505,1609,0.9839281900083845,-4.34550124869194,-3.8199713183538653,-0.8165944425206709,0.4697437170365637,-1.6614064959331265,0.5353875803907338,-0.28243712898128326,2.2382594210337947,3.0945234017488277,0.46877725103538426,0.002898708663261153
2024-09-10,0.46974371703656487,0.46877725103538426,0.002898708663261153,4.238117052244,1596,0.9321486258374649,-3.896170250744846,-4.34550124869194,-0.5464023431283795,-2.121186074657344,0.0653369471500298,-0.7337519449568841,-0.26959791335906536,3.761530447017747,2.160056176549041,-0.28061265083508014,-1.843166216895282
2024-09-11,-2.1211860746573437,-0.28061265083508014,-1.843166216895282,4.714251930222,1584,1.051817677008786,-5.93471130459845,-3.896170250744846,0.46974371703656487,2.2339083751823363,1.4175019844015813,1.402266717283096,3.443631544292547,6.425696383001256,3.8871545864844093,1.9137924131559703,0.31782032534366006
2024-09-12,2.233908375182328,1.9137924131559703,0.31782032534366006,4.693650507851,1586,1.0545234211217227,-3.8333789422924203,-5.93471130459845,-2.1211860746573437,-0.7985671327214505,-0.8134694947269927,-0.334716167183835,1.8561449991064904,1.587961657289605,2.32561197716048,-0.19821342006659332,-0.5992760016950609
2024-09-13,-0.7985671327214505,-0.19821342006659332,-0.5992760016950609,4.653016087033,1586,1.0484275777684866,-4.601333970708055,-3.8333789422924203,2.233908375182328,-0.015022325358426958,0.4675849452277614,1.9978105556204717,2.6537198082929425,3.5934621919373244,2.1636535991435446,0.5175127376182164,-0.5298196208473468
2024-09-17,-0.01502232535843217,0.5175127376182164,-0.5298196208473468,4.629719319893,1577,1.055187815357992,-4.615665068706576,-4.601333970708055,-0.7985671327214505,0.4826797803132221,2.0131353007136754,2.6915090993041124,2.5278360977148306,2.123466555855247,1.880395205016172,0.7261039179684078,-0.23508175823251604
2024-09-18,0.4826797803132311,0.7261039179684078,-0.23508175823251604,3.847606899048,1578,0.878002291869098,-4.15526417040698,-4.615665068706576,-0.01502232535843217,1.5231038062943014,2.198218960541354,2.1759603998215082,4.042025576989805,2.6257293388290304,1.3403896396302795,1.1557080197161251,0.3650936434149371
2024-09-19,1.5231038062942956,1.1557080197161251,0.3650936434149371,4.594795840045,1573,1.0564521493725931,-2.6954493508537403,-4.15526417040698,0.4826797803132311,0.6649867162603407,0.6430620903522088,0.5045436506621481,2.8827921005768475,1.4666509703378017,-0.12861522997972274,1.1030143882801542,-0.42785076049666965
2024-09-20,0.6649867162603403,1.1030143882801542,-0.42785076049666965,6.450476562869,1576,1.4715537236479566,-2.048387014720099,-2.6954493508537403,1.5231038062942956,-0.02177979317666834,-0.15938318856626443,1.8041475039407118,-0.26329618288540857,1.736316640977198,-2.224796779878646,0.8331464336158887,-0.8481731188428547
2024-09-24,-0.021779793176663426,0.8331464336158887,-0.8481731188428547,4.744526528888,1608,1.0546345203405032,-2.069720673441511,-2.048387014720099,0.6649867162603403,-0.1376333716532896,1.8263250669396935,2.2254191831066583,0.9154489339493699,0.3876994204976336,-2.966533088003065,-0.03319199769819321,-0.10267455580246193
2024-09-25,-0.13763337165328712,-0.03319199769819321,-0.10267455580246193,4.196578176589,1620,0.9236380409564876,-2.204505418748137,-2.069720673441511,-0.021779793176663426,1.966665226252995,2.3663093861518547,-0.10407887855440334,-0.3943997622988804,0.8375181517799479,-3.0818725190810414,0.7095919273985429,1.2464540594897164
2024-09-26,1.9666652262529867,0.7095919273985429,1.2464540594897164,5.743807762123,1627,1.2584543723052688,-0.28119543397651103,-2.204505418748137,-0.13763337165328712,0.3919360891248891,-2.0308049696561525,-0.8945389440221052,-1.3612732261856442,-1.5434181276715475,-5.815469139935347,-0.1380835501729941,0.5345838044422309
2024-09-27,0.3919360891248905,-0.1380835501729941,0.5345838044422309,6.360856871859,1640,1.3629228032847243,0.0,-0.28119543397651103,1.9666652262529867,-2.4132825335993258,-1.281452558106766,-2.696892332062717,-1.3764606318757755,-2.3852714924985863,-4.633655062373265,-2.6477494563039854,0.24156259366066818
2024-09-30,-2.413282533599324,-2.6477494563039854,0.24156259366066818,6.808162981283,1657,1.4182670247471867,-2.4132825335993258,0.0,0.3919360891248905,1.1598197017767875,-0.2906233612797182,0.6834104774088745,2.0048916269874484,0.7261198156129689,-1.3495241315487294,0.5019070422806016,0.6566196197330085
2024-10-01,1.159819701776794,0.5019070422806016,0.6566196197330085,4.694371851713,1667,0.9530937257211994,-1.281452558106766,-2.4132825335993258,-2.413282533599324,-1.4338134126103297,-0.47094708726487244,-0.0962413611534707,-0.5229620628226739,-1.3802112242803921,-2.0432919981142494,-0.8086697101602874,-0.6301329529072306
2024-10-02,-1.4338134126103392,-0.8086697101602874,-0.6301329529072306,4.907266381605,1664,1.0075044042980594,-2.696892332062717,-1.281452558106766,1.159819701776794,0.9768728594280907,1.3570293198580385,2.302205735960605,1.2367958339078777,-0.23801713654728607,-0.29021903000848726,1.8070846811787478,-0.8100934285831995
2024-10-03,0.97687285942809,1.8070846811787478,-0.8100934285831995,4.809782853192,1675,0.9763529303499564,-1.746364681874546,-2.696892332062717,-1.4338134126103392,0.3764787417799731,1.3125113097704366,-0.05226109767507703,-0.18465860969958392,-1.2524536560954092,-2.812985016521019,0.1250500679682064,0.2527679674628383
2024-10-04,0.37647874177998136,0.1250500679682064,0.2527679674628383,4.2762845732,1666,0.8588569683767466,-1.3764606318757755,-1.746364681874546,0.97687285942809,0.9325218215697761,-0.427131779107337,-0.11862372719184666,-1.022890546299804,-1.5722074051541246,-2.7235084360442308,1.30093429847582,-0.3618525642395973
2024-10-07,0.932521821569775,1.30093429847582,-0.3618525642395973,4.987650759265,1650,1.0175143931258213,-0.456774606063548,-1.3764606318757755,0.37647874177998136,-1.347091676834089,-1.0414339499213776,-1.4777739689941227,-1.2536377334243176,-3.893509762924119,-2.6393931280161875,-0.7913313528810556,-0.560828776147262
2024-10-08,-1.3470916768340881,-0.7913313528810556,-0.560828776147262,4.381850347628,1649,0.8920500293508791,-1.797713110197463,-0.456774606063548,0.932521821569775,0.3098314404593516,-0.13246674059719243,-0.5983143579542549,-0.8617558174571882,-3.3412783915394817,-0.290154878441351,0.4992177793371939,-0.18414907569235484
2024-10-09,0.3098314404593407,0.4992177793371939,-0.18414907569235484,4.049810388071,1648,0.8237758842913401,-1.493451550162761,-1.797713110197463,-1.3470916768340881,-0.4409320349811119,-0.9053407680708281,-0.21443700325604054,-1.4567953858148575,-3.886837699596646,-0.942060617378937,0.30681671352520423,-0.7422365701178065
2024-10-10,-0.44093203498110856,0.30681671352520423,-0.7422365701178065,3.904331599074,1648,0.7985740307427263,-1.9277984788322877,-1.493451550162761,0.3098314404593407,-0.46646552903939487,0.22749814392062362,-0.7302564237425258,-1.0697704696721044,-4.33902023716759,-0.5246182401955957,-0.015688806782769366,-0.4618352255903402
2024-10-11,-0.46646552903940003,-0.015688806782769366,-0.4618352255903402,4.161990864172,1643,0.8541902907235317,-2.3852714924985863,-1.9277984788322877,-0.44093203498110856,0.6972159450064241,-0.2650271550239114,-0.5564927736956604,-0.554993838359441,-2.3033241030854246,0.007976156635702836,0.7626402480226316,-0.06244970626652405
2024-10-15,0.6972159450064238,0.7626402480226316,-0.06244970626652405,4.945627331112,1635,1.020805794778876,-1.7046860406695563,-2.3852714924985863,-0.46646552903940003,-0.9555806394447419,-1.2450281836856147,-1.2943240504017295,-2.6733866128386685,-2.0606809345593002,-1.2877552642068135,-0.9684548029016541,0.01057133172606558
2024-10-16,-0.9555806394447279,-0.9684548029016541,0.01057133172606558,4.337061908432,1634,0.8928725166881307,-2.643977030346334,-1.7046860406695563,0.6972159450064238,-0.29224013438574614,-0.3420116076644941,-0.29073721590744395,-2.5010757397687544,-0.6723607726861314,-0.9632732010454226,0.24064079799220342,-0.5302519301846927
2024-10-17,-0.2922401343857526,0.24064079799220342,-0.5302519301846927,4.143549264769,1639,0.855817355923372,-2.928490402705475,-2.643977030346334,-0.9555806394447279,-0.04991735181476553,0.0015073234824747317,-1.446366094670981,-2.4659663984907487,-0.052326439353800325,-0.6211206753884424,0.26216899370875585,-0.310363743093234
2024-10-18,-0.04991735181476781,0.26216899370875585,-0.310363743093234,3.935304513024,1630,0.8169075195120739,-2.976945929663055,-2.928490402705475,-0.2922401343857526,0.051450357953441994,-1.3971461612208858,-2.166473723716378,-3.3046014176013494,-1.5803241885026686,-0.7448155293812486,0.11709539503898643,-0.06615051312559932
2024-10-21,0.05145035795343136,0.11709539503898643,-0.06615051312559932,3.732441883793,1624,0.774091814630115,-2.9270272210465076,-2.976945929663055,-0.04991735181476781,-1.4478515943463943,-2.21678353860415,-2.4674365297229994,-1.7580875422584907,-1.169690999400097,-0.04959442979338702,-0.18453381601019386,-1.2647242449762632
2024-10-22,-1.447851594346394,-0.18453381601019386,-1.2647242449762632,4.255920614819,1609,0.8906232969298644,-4.332499805106038,-2.9270272210465076,0.05145035795343136,-0.780228494961599,-1.0345638850812855,-1.934482808681437,0.6295355986980278,1.304923977365391,1.3283094745203172,-0.15571489616623335,-0.626403475260738
2024-10-23,-0.7802284949616145,-0.15571489616623335,-0.626403475260738,3.624504896313,1601,0.7763149401415154,-5.078924902044046,-4.332499805106038,-1.447851594346394,-0.25633539188988363,-1.1633309533082614,0.4690948129393524,1.875625788651436,3.156594110004307,2.1326052874332424,-0.6663875276168268,0.4164281172566791
2024-10-24,-0.256335391889876,-0.6663875276168268,0.4164281172566791,4.13395465471,1598,0.8961808150002795,-5.3222412118824725,-5.078924902044046,-0.7802284949616145,-0.9093264870324691,0.7272945180823553,1.681495630299601,2.4746643504955923,3.0638645235849804,2.9917336259795535,-0.050216504299025105,-0.8562438220786627
2024-10-25,-0.9093264870324728,-0.050216504299025105,-0.8562438220786627,3.454883079442,1589,0.7494767841966952,-6.183171149871535,-5.3222412118824725,-0.256335391889876,1.6516398033167512,2.61459734350582,3.0747259810263827,1.7832050484070772,3.987416819719858,4.211457780844485,-0.11551211625338219,1.7773368445351727
2024-10-28,1.6516398033167616,-0.11551211625338219,1.7773368445351727,4.368141296876,1560,0.9717172071093181,-4.196046933158892,-6.183171149871535,-0.9093264870324728,0.9473113685645185,1.3999638180585583,1.7347530684441725,0.5989261895847919,2.3657921198464438,2.0936685720932546,0.19115470733743709,0.7574191102948393
2024-10-29,0.9473113685645229,0.19115470733743709,0.7574191102948393,3.977924135913,1536,0.9049694631795886,-3.28848519422249,-4.196046933158892,1.6516398033167616,0.4484046611616721,0.7800521769269153,-0.8102086025008948,0.6711631676019625,0.7891883236762487,0.14753042733388622,0.3732797498443755,0.07841741296630038
2024-10-30,0.4484046611616657,0.3732797498443755,0.07841741296630038,8.356063889385,1526,1.964222688266509,-2.8548262539533242,-3.28848519422249,0.9473113685645229,0.3301670314067806,-1.2529947766798277,-0.7899782192339333,1.257384493529723,-0.2928816496821529,0.24243164129587047,-0.0387123125606171,0.37084524619310644
2024-10-31,0.33016703140678805,-0.0387123125606171,0.37084524619310644,5.437330788791,1553,1.2253920572415524,-2.534084917641044,-2.8548262539533242,0.4484046611616657,-1.5779519310388679,-1.1164590708695465,-0.10804619264710436,0.5749715569441927,-0.5690920216262052,-0.009437421975300175,-1.2419320590594247,-0.34045083784880076
2024-11-01,-1.5779519310388688,-1.2419320590594247,-0.34045083784880076,4.964801961749,1546,1.1122564644581683,-4.072050206787825,-2.534084917641044,0.33016703140678805,0.46889174653830246,1.4934720087940612,2.5422333209318415,2.1655947759401606,0.8489244170257981,2.031159959971407,0.4188971888100598,0.052485374232741244
2024-11-05,0.46889174653830873,0.4188971888100598,0.052485374232741244,4.387745391298,1548,0.9812755046300359,-3.6222519675840448,-4.072050206787825,-1.5779519310388688,1.0197985112053942,2.063665218507782,1.7105279725227351,1.7563467098365315,1.133353301161799,2.455504451954371,0.41296702700216054,0.6020320644493269
2024-11-06,1.0197985112053949,0.41296702700216054,0.6020320644493269,6.297503553762,1552,1.406620725815943,-1.6147760036116066,-3.6222519675840448,0.46889174653830873,1.0333288352249115,0.6837565224808273,0.6622325099764792,0.117238295814448,0.023084265045358876,0.6890045160660163,0.9206368732317516,0.1235299856938342
2024-11-07,1.033328835224902,0.9206368732317516,0.1235299856938342,6.617718226701,1555,1.4568330548692254,-0.5981331144563118,-1.6147760036116066,1.0197985112053949,-0.34599702570842217,-0.36730089914550623,-0.3011047153884894,-1.5310153930659154,-0.9926547414691678,-0.16016131655556265,0.40688789002153614,-0.7451503495979712
2024-11-08,-0.34599702570842267,0.40688789002153614,-0.7451503495979712,5.69699878782,1562,1.224021107438919,-0.7291872614344386,-0.5981331144563118,1.033328835224902,-0.021377840128100623,0.04504817566788333,-0.5626709274994868,-1.1375231440385214,-0.069986602907679,-0.05257594063747817,-0.22239875232019146,0.20108008643378134
2024-11-11,-0.021377840128099873,-0.22239875232019146,0.20108008643378134,4.594119484728,1564,0.969900827494822,-0.7504092170755539,-0.7291872614344386,-0.34599702570842267,0.06644021927983967,-0.5414088288852703,-1.1680045852641374,-1.2887610176419706,0.2154500688415606,0.5638233046177721,0.341605555477668,-0.2687804601233245
2024-11-12,0.06644021927984323,0.341605555477668,-0.2687804601233245,5.491405604516,1571,1.150953512510697,-0.6844675713250425,-0.7504092170755539,-0.021377840128099873,-0.6074454600694335,-1.2336251812684496,-1.1820388327765552,-0.6122403455100622,-0.2658344571149329,0.4416069874389583,-0.06871806862148684,-0.5297011951221736
2024-11-13,-0.6074454600694177,-0.06871806862148684,-0.5297011951221736,5.424294447679,1596,1.1212663951698334,-0.906721128534238,-0.6844675713250425,0.06644021927984323,-0.6300066681025451,-0.5781050455608172,-0.7514204453900941,-0.0940437754494372,-0.6366336578500054,1.1764043233904564,0.023912278931576585,-0.6543778527417541
2024-11-14,-0.6300066681025416,0.023912278931576585,-0.6543778527417541,5.05633841689,1599,1.0400599929837278,-1.5310153930659154,-0.906721128534238,-0.6074454600694177,0.05223067930413272,-0.12218354174788892,0.6291461409805077,0.5467311902786154,0.5368857307632036,2.29391596113655,0.24659102828728782,-0.19076539789400843
2024-11-15,0.05223067930412736,0.24659102828728782,-0.19076539789400843,5.038123262161,1605,1.0287033509815948,-1.4795843735018188,-1.5310153930659154,-0.6300066681025416,-0.17432317087570093,0.5766142921146189,0.4868759243959353,1.0798197405939902,0.5628577783606481,1.9357084764319632,-0.5038219802127938,0.3311028662210198
2024-11-18,-0.17432317087570035,-0.5038219802127938,0.3311028662210198,4.196007277804,1625,0.8490030352226305,-1.6513282859818568,-1.4795843735018188,0.05223067930412736,0.7522488069634958,0.6623537312984373,0.6697330355696085,1.5238498695699265,1.1722837400395925,1.8636474641753775,0.2887043696071143,0.46397670622776016
2024-11-19,0.752248806963493,0.2887043696071143,0.46397670622776016,4.181261234513,1627,0.8437938940023596,-0.9115015763487055,-1.6513282859818568,-0.17432317087570035,-0.08922389001687625,-0.08189968201303133,0.5003205288039103,0.3485397896072717,1.3073344328407455,0.8184243455014117,0.05148295516250655,-0.13888504349818345
2024-11-20,-0.08922389001687525,0.05148295516250655,-0.13888504349818345,4.132220881494,1629,0.8301379497699878,-0.9999121892016016,-0.9115015763487055,0.752248806963493,0.00733074878307427,0.5900709030343343,0.8558275326753462,-0.5431006347419665,0.6657665637024968,0.797922022598363,0.13235105125016916,-0.12388743134895934
2024-11-21,0.007330748783081088,0.13235105125016916,-0.12388743134895934,4.139777243614,1629,0.8326906165867193,-0.9926547414691678,-0.9999121892016016,-0.08922389001687525,0.5826974381659022,0.8484345872840748,0.43079228913522893,-0.009791924012703124,0.84084006367382,0.5911409257750577,0.28765274520970885,0.29706379936896277
2024-11-22,0.5826974381659097,0.28765274520970885,0.29706379936896277,4.199227963657,1631,0.8402941953849601,-0.41574147705164544,-0.9926547414691678,0.007330748783081088,0.26419767602827715,-0.15102512947025026,-1.1265242459851166,-0.5114393392865679,0.017422855935200765,-0.3263582720767766,0.7365272409657659,-0.46705909560883896
2024-11-25,0.2641976760282741,0.7365272409657659,-0.46705909560883896,7.057347448736,1642,1.411301729315582,-0.15264218034402033,-0.41574147705164544,0.5826974381659097,-0.4141286871313654,-1.3870573487328564,-0.8510062796800222,-0.34628920197766755,0.3476242790277473,0.09625045486709727,-0.05068401669126554,-0.36119259639278345
2024-11-26,-0.4141286871313707,-0.05068401669126554,-0.36119259639278345,4.828806962484,1645,0.932072999924896,-0.5661387324179201,-0.15264218034402033,0.2641976760282741,-0.9769745936598295,-0.4386943517079134,-0.36095934914068817,0.9554644693821279,0.7093270803470997,0.38965383396831754,-0.18036520951393661,-0.7991312738269845
2024-11-27,-0.976974593659835,-0.18036520951393661,-0.7991312738269845,4.587041720746,1652,0.8814875758984733,-1.537582294497153,-0.5661387324179201,-0.4141286871313707,0.5435909877961054,0.622092934437557,1.0554072505834844,1.2154684151221007,1.824654344939769,1.417513093965539,-0.2764908892080762,0.8270438724013666
2024-11-28,0.5435909877960995,-0.2764908892080762,0.8270438724013666,4.653138373863,1658,0.8889863576616691,-1.002349465483876,-1.537582294497153,-0.976974593659835,0.07807752425608161,0.5090491176602985,1.4003018662842814,0.8507152890812053,1.7476473610677168,1.5622800921696767,-0.05587716398781081,0.13307673898937278
2024-11-29,0.07807752425608862,-0.05587716398781081,0.13307673898937278,4.030618495651,1622,0.7982907977133806,-0.9250545508748376,-1.002349465483876,0.5435909877960995,0.4306353639734528,1.3211927874091423,0.5897069553812306,0.5315809091110957,1.3651667508266963,2.5449205563280897,0.17544102942456946,0.2573116372682421
2024-12-02,0.4306353639734593,0.17544102942456946,0.2573116372682421,4.474971116442,1621,0.8988187262713796,-0.49840279893349493,-0.9250545508748376,0.07807752425608862,0.8867388125228803,0.1583895101641808,0.33993573157868884,0.6963247785241267,0.6833528893271268,2.0935061139947253,0.32821510715539387,0.5598374676910731
2024-12-03,0.886738812522883,0.32821510715539387,0.5598374676910731,5.654346596297,1625,1.14131617546434,0.0,-0.49840279893349493,0.4306353639734593,-0.7219475135500031,-0.5419969833302951,-0.7793156165806225,-0.24380789126048352,-0.4826008798636816,0.3516422843979017,-0.027658683059344734,-0.6956357644856439
2024-12-04,-0.7219475135500111,-0.027658683059344734,-0.6956357644856439,4.687386788444,1638,0.9341958350747412,-0.7219475135500031,0.0,0.886738812522883,0.18125912597275473,-0.05778528244039238,0.5370845827202153,0.601870385383374,0.13128143102374423,1.4731915356054115,0.4620370616449623,-0.27561231855153645
2024-12-05,0.18125912597274818,0.4620370616449623,-0.27561231855153645,4.634167535439,1630,0.9386496956440726,-0.5419969833302951,-0.7219475135500031,-0.7219475135500111,-0.23861190256408982,0.35518165757930653,0.29981407531360915,0.8893660986097229,-0.24761707433327285,0.7302441076890709,0.04582764108171357,-0.2827570841244844
2024-12-06,-0.2386119025640881,0.04582764108171357,-0.2827570841244844,3.933089087197,1608,0.812977812948967,-0.7793156165806225,-0.5419969833302951,0.18125912597274818,0.595213811142492,0.5397137992424694,0.660037072110109,0.8291780892903944,-0.34372124195517495,0.07469000976358942,0.4202357470541659,0.17619316862385423
2024-12-09,0.5952138111424833,0.4202357470541659,0.17619316862385423,4.227368805954,1603,0.8900314975698477,-0.1887403996204129,-0.7793156165806225,-0.2386119025640881,-0.05517162278139143,0.06443970693208456,0.5322938309783476,-0.012882187334584128,-0.2505030148612919,-0.930345463094362,0.4446222056412676,-0.49581711145341517
2024-12-10,-0.05517162278139051,0.4446222056412676,-0.49581711145341517,4.279950890282,1607,0.9045945950677539,-0.24380789126048352,-0.1887403996204129,0.5952138111424833,0.11967735765379128,0.5877897469016569,0.28791039790099227,-0.23937660766251145,-0.3174216883841674,-2.1098610159522524,0.14746415957914916,-0.0212109554359005
2024-12-11,0.1196773576537812,0.14746415957914916,-0.0212109554359005,4.189903883855,1610,0.8970469733294957,-0.12442231644870239,-0.24380789126048352,-0.05517162278139051,0.46755283437005524,0.16803194405652366,-0.07727210035165522,-0.4677735638084157,-0.3998454535332874,-2.2084526387457615,0.7270009069630775,-0.2560767567249082
2024-12-12,0.46755283437006234,0.7270009069630775,-0.2560767567249082,4.96379234111,1601,1.0769653790156928,0.0,-0.12442231644870239,0.1196773576537812,-0.29812698912583535,-0.5422894450508919,-0.8223327668750668,-1.126960369472152,-0.18218334645146994,-2.7185622071501547,-0.5535313091960349,0.25838853957149704
2024-12-13,-0.2981269891258363,-0.5535313091960349,0.25838853957149704,4.89204555411,1600,1.0624655649700867,-0.29812698912583535,0.0,0.46755283437006234,-0.24489254670112537,-0.5257732497082057,-0.6347389436782036,-1.1632538849090879,1.1638651060491556,-2.461512882540562,0.1373651498139653,-0.38368640067540916
2024-12-16,-0.2448925467011112,0.1373651498139653,-0.38368640067540916,3.779701292985,1602,0.8221883281346608,-0.5422894450508919,-0.29812698912583535,-0.2981269891258363,-0.2815702475570836,-0.39080344548733104,-0.587858820758036,-0.2376514422306908,1.4005823050188715,-1.3338460825168763,0.11380177184674863,-0.39510684153324693
2024-12-17,-0.28157024755707954,0.11380177184674863,-0.39510684153324693,4.768734777311,1612,1.0420484280344997,-0.8223327668750668,-0.5422894450508919,-0.2448925467011112,-0.10954163458192223,-0.3071534258625386,-0.6408500533521377,-0.0782323506687832,0.8382887531601435,-0.8922226204398087,0.04220569097307712,-0.149377062472207
2024-12-18,-0.1095416345819178,0.04220569097307712,-0.149377062472207,4.441763057582,1609,0.964409432872639,-0.9309736047024453,-0.8223327668750668,-0.28157024755707954,-0.19782849584863982,-0.5318910609325656,0.15375287478884836,0.0682473533521133,1.3401507355182085,-0.13036619146091777,-1.3254818042172913,1.1463649738700046
2024-12-19,-0.19782849584864098,-1.3254818042172913,1.1463649738700046,4.730400911455,1619,1.023639505748013,-1.126960369472152,-0.9309736047024453,-0.1095416345819178,-0.3347247460142033,0.35227827745496487,0.22962638048811268,0.9555456437378318,0.9802885438346065,-0.08348174481048742,0.31930943956586333,-0.6502947257646161
2024-12-20,-0.33472474601418856,0.31930943956586333,-0.6502947257646161,6.188957140883,1629,1.3307610055941124,-1.4579129002519564,-1.126960369472152,-0.19782849584864098,0.6893103156725644,0.5662464936399658,0.6033475660548682,2.3545078955234056,0.4198543804095012,1.0238252700990103,0.4211144705873212,0.26531215257810636
2024-12-23,0.6893103156725625,0.4211144705873212,0.26531215257810636,3.923699761952,1641,0.8260113381265537,-0.7786521285943482,-1.4579129002519564,-0.33472474601418856,-0.12222133774357768,-0.0853742560637083,0.6011496466626687,1.6421363078686024,-0.6815497509068735,0.8506794633699855,0.15778359083038498,-0.27808034401489196
2024-12-24,-0.12222133774358603,0.15778359083038498,-0.27808034401489196,3.436017270448,1634,0.7480181926712424,-0.8999217872900034,-0.7786521285943482,0.6893103156725625,0.03689217178575177,0.7242561799981395,1.7781924494880474,0.9172386812104749,-1.798147036250175,1.3875475889165712,0.32954699024845874,-0.28297840362405907
2024-12-25,0.03689217178574639,0.32954699024845874,-0.28297840362405907,3.53704909137,1634,0.7818661895929031,-0.8633616161959567,-0.8999217872900034,-0.12222133774358603,0.6871105182196358,1.74065811112174,1.7289866734422121,1.2710359337811283,-1.8158678502538828,1.8800949862787464,0.037964354642907636,0.6477465172703241
2024-12-26,0.6871105182196462,0.037964354642907636,0.6477465172703241,4.38944940387,1633,0.9816821227073078,-0.18218334645146994,-0.8633616161959567,0.03689217178574639,1.0463579573191328,1.0347661680429665,0.1915948635723641,0.02450870820320805,-2.541008154387947,1.4042911209051434,0.2735128956877063,0.7612577981441139
2024-12-27,1.0463579573191297,0.2735128956877063,0.7612577981441139,4.976982738539,1653,1.1163733029683094,0.0,-0.18218334645146994,0.6871105182196462,-0.011471753668801377,-0.8459118280223499,-0.46158751678967436,-1.8901497890924879,-3.583668916553606,0.15220930757495754,0.19170462631539678,-0.20196893813126557
2024-12-30,-0.011471753668814645,0.19170462631539678,-0.20196893813126557,4.089412572146,1668,0.9076512362687119,-0.011471753668801377,0.0,1.0463579573191297,-0.8345358102459732,-0.45016740521669485,-0.9999107219780812,-2.2861444507002004,-2.6966594524185483,-1.6964744799897846,0.5069225892447943,-1.336532536526673
2025-01-06,-0.834535810245978,0.5069225892447943,-1.336532536526673,5.055598160952,1669,1.126919395689533,-0.8459118280223499,-0.011471753668801377,-0.011471753668814645,0.3876030916305506,-0.1667666390545719,-1.0531466531757738,-2.6907055255825485,-1.716125288317849,-0.5902920617853913,0.5996003206088195,-0.21128913420607126
2025-01-07,0.38760309163054174,0.5996003206088195,-0.21128913420607126,5.542081985297,1679,1.2436583883411152,-0.46158751678967436,-0.8459118280223499,-0.834535810245978,-0.5522292729502776,-1.4351869159494268,-1.8442793901591426,-3.048160567897684,-1.4510703963890315,-0.6053738389505181,-0.3146500357286919,-0.2360852847404489
2025-01-08,-0.5522292729502793,-0.3146500357286919,-0.2360852847404489,4.891784666909,1682,1.087302873529988,-1.0112677683519533,-0.46158751678967436,0.38760309163054174,-0.887860669519247,-1.299224816969602,-2.5281550056610036,-2.564888241616292,-1.0534435026726352,0.7044304835346793,-0.3052547692373582,-0.5861796252890873
2025-01-09,-0.8878606695192481,-0.3052547692373582,-0.5861796252890873,4.799133163863,1683,1.0636637965491271,-1.8901497890924879,-1.0112677683519533,-0.5522292729502793,-0.4150492061105626,-1.654988326578588,-1.6364599104680577,-1.726145869982021,0.6014456935991452,1.5379572368610983,-0.31156844661831734,-0.10063927482436417
2025-01-10,-0.4150492061105475,-0.31156844661831734,-0.10063927482436417,4.731177095989,1692,1.0386341007465607,-2.2973539435091173,-1.8901497890924879,-0.8878606695192481,-1.245106926883277,-1.2265012882171744,-1.28232369229081,-0.4201195412980363,1.542743780671163,2.4042230381018603,-0.3158901931464439,-0.9344763151003818
2025-01-14,-1.2451069268832884,-0.3158901931464439,-0.9344763151003818,5.163069313143,1685,1.1272137459410891,-3.5138563573067327,-2.2973539435091173,-0.4150492061105475,0.018840219544702386,-0.037685996358660656,-0.07235501037889946,1.0015284177411488,3.2440270005319904,4.168476852198344,0.33356533498354834,-0.3088883356888684
2025-01-15,0.018840219544695058,0.33356533498354834,-0.3088883356888684,4.305396756301,1690,0.9309896528136525,-3.495678156014237,-3.5138563573067327,-1.2451069268832884,-0.05651556824621817,-0.09117805177847327,0.816394840150525,1.647302599789402,3.7643178745988326,4.9684631204183205,0.5199565656984702,-0.5700835639310539
2025-01-16,-0.056515568246222045,0.5199565656984702,-0.5700835639310539,4.593704154177,1686,0.9920937950089852,-3.550218121886528,-3.495678156014237,0.018840219544695058,-0.03468208430927877,0.8734040176404001,1.0396062000544992,1.5512321089051317,4.0481634383648935,4.458188941550523,-0.343165773752462,0.31287202909051287
2025-01-17,-0.03468208430928398,-0.343165773752462,0.31287202909051287,4.409771089098,1684,0.9561913989387982,-3.583668916553606,-3.550218121886528,-0.056515568246222045,0.908401154403915,1.074660999197552,1.7400672109504356,2.3684748951656287,3.874735931296991,4.222600215905947,0.44399527307612874,0.45915618054582336
2025-01-20,0.9084011544039052,0.44399527307612874,0.45915618054582336,3.816337709679,1669,0.8318640097816712,-2.7078218519576924,-3.583668916553606,-0.03468208430928398,0.16476313457711722,0.8241792031507433,0.6719591728521435,1.9711444851384874,1.0279040439928888,3.741445885175576,0.45483621240383854,-0.2840354067054341
2025-01-21,0.16476313457712494,0.45483621240383854,-0.2840354067054341,3.995644683698,1663,0.8706007217218963,-2.547520209542631,-2.7078218519576924,0.9084011544039052,0.6583313811541425,0.5063617407985888,1.2800576160016508,2.2202620276357443,1.1454912922746585,3.3659401638925113,0.4743453295373548,0.18098775308352633
2025-01-22,0.6583313811541345,0.4743453295373548,0.18098775308352633,5.25334083168,1657,1.1543592891380872,-1.9059599533691407,-2.547520209542631,0.16476313457712494,-0.15097571981409486,0.617659985335206,1.137589505863179,2.0827067916840525,0.8581489021140198,1.7375274589549905,0.08366804981203294,-0.23280024066077112
2025-01-23,-0.15097571981407967,0.08366804981203294,-0.23280024066077112,5.104735079092,1649,1.1117913962909554,-2.054058136424264,-1.9059599533691407,0.6583313811541345,0.769797913089687,1.290513587855835,1.7052654748932472,2.4587897927048408,1.7765893512977415,1.555803421271218,0.3519200582526872,0.416697433872555
2025-01-24,0.7697979130896797,0.3519200582526872,0.416697433872555,5.08253236746,1643,1.1024616289023272,-1.3000723200024211,-2.054058136424264,-0.15097571981407967,0.5167378376755849,0.9283213633219489,1.4560533474564652,1.4714110351589316,0.9309126094611875,0.3845534960925656,0.7404749153778623,-0.22496101874715926
2025-01-27,0.5167378376755938,0.7404749153778623,-0.22496101874715926,5.00572769455,1630,1.0989894741078425,-0.790052447921441,-1.3000723200024211,0.7697979130896797,0.4094676513587414,0.9344866636020299,1.1533915304276388,-0.9250072124894704,0.8483907617184983,-0.4933021035147589,-0.4149019382554364,0.829347082500413
2025-01-28,0.40946765135873064,-0.4149019382554364,0.829347082500413,5.639713335372,1627,1.2236445719132816,-0.38381980576569497,-0.790052447921441,0.5167378376755938,0.5228779959936203,0.7408901734764051,0.5380944263225995,-1.0514263161158,0.8954027448596191,-0.4419620895220966,0.3699656272711904,0.15169379866325844
2025-01-29,0.5228779959936158,0.3699656272711904,0.15169379866325844,5.04695645116,1631,1.0694670863042288,0.0,-0.38381980576569497,0.40946765135873064,0.21687816925763936,0.015137280818389165,-1.8422780335614064,-1.1995742746799598,1.1604617757664082,-2.3219184780814417,-0.17945356212058686,0.40378223039997824
2025-01-30,0.21687816925764045,-0.17945356212058686,0.40378223039997824,4.9548449075,1623,1.0334160361987206,0.0,0.0,0.5228779959936158,-0.20130430335149052,-2.0547000070599952,-1.7791350528130523,-0.6658291033764141,0.3940727924799159,-1.2676616007429642,0.017355795385754703,-0.2208728117277166
2025-01-31,-0.20130430335149965,0.017355795385754703,-0.2208728117277166,5.070780228845,1622,1.0513971123146444,-0.20130430335149052,0.0,0.21687816925764045,-1.8571341947615672,-1.5810133974672236,-1.2145277090284234,-0.5326607959659446,0.33488824928424865,-1.7763481784921709,-1.0483312314482836,-0.8146509070750344
2025-02-03,-1.8571341947615667,-1.0483312314482836,-0.8146509070750344,6.271489423314,1624,1.299093994031919,-2.0547000070599952,-0.20130430335149052,-0.20130430335149965,0.2813457657149465,0.6547663759975952,1.4180066871852803,1.7899551888047371,2.6859330269794146,0.4265571181880201,1.071892898320728,-0.7734992513108602
2025-02-04,0.2813457657149355,1.071892898320728,-0.7734992513108602,5.455111388725,1633,1.1050137508215028,-1.7791350528130523,-2.0547000070599952,-1.8571341947615667,0.37237295474181753,1.1334719461442821,1.0651934526973772,1.967516042419204,2.1953018797462143,0.9953624914662562,0.4165786240953702,-0.041306648913322246
2025-02-05,0.37237295474182697,0.4165786240953702,-0.041306648913322246,5.275128253187,1630,1.064249154027752,-1.413387115836251,-1.7791350528130523,0.2813457657149355,0.7582753789687313,0.6902501929170857,1.1278043292720197,2.3886901631452684,0.8718963875635088,-0.24729154267789655,0.2338990310773046,0.5227318138354732
2025-02-06,0.7582753789687291,0.2338990310773046,0.5227318138354732,5.022235458452,1634,1.0159642802512634,-0.6658291033764141,-1.413387115836251,0.37237295474182697,-0.06751324970162287,0.3667479905878013,0.8246963940079732,1.0670063345667558,-0.2169319402760106,-1.0441946321096296,-0.020479726429115958,-0.04239008590043747
2025-02-07,-0.06751324970162118,-0.020479726429115958,-0.04239008590043747,5.018637173263,1620,1.0138985671411769,-0.7328928302128945,-0.6658291033764141,0.7582753789687291,0.434554622236627,0.8928124103815938,1.6867968517051857,0.8721948854695016,-0.5413198981789602,-1.6037451253159807,-0.03848029143398823,0.47192664912755566
2025-02-10,0.4345546222366266,-0.03848029143398823,0.47192664912755566,4.688233835649,1619,0.945052830565526,-0.30152302764600014,-0.7328928302128945,-0.06751324970162118,0.456275023938324,1.2468240977207445,0.6976995449176293,0.8802222542615201,-1.3304058251195627,-1.222728465205103,0.5760294034899028,-0.1180573908258954
2025-02-12,0.4562750239383332,0.5760294034899028,-0.1180573908258954,5.889953496556,1628,1.1878092477381659,0.0,-0.30152302764600014,0.4345546222366266,0.7869583792491142,0.24032796450172977,-0.02043507799963651,0.2233905916000145,-1.3254963040918666,-1.5671386774076312,0.5014542933229825,0.28902641622337005
2025-02-13,0.7869583792491158,0.5014542933229825,0.28902641622337005,5.525735565736,1636,1.1062503288349352,0.0,0.0,0.4562750239383332,-0.5423622495784319,-0.8010892185183582,-0.362087252342258,-1.4814075394117499,-3.442432144652474,-1.6482692672289079,0.048328326731555744,-0.5847580421804094
2025-02-14,-0.5423622495784418,0.048328326731555744,-0.5847580421804094,5.507041468329,1650,1.0892025469430358,-0.5423622495784319,0.0,0.7869583792491158,-0.26013785848117976,0.1812580725962576,-0.016896765249729828,-1.2703832055661057,-1.6552116544347961,-0.20463281043521242,0.007991064383329001,-0.2642439648294136
2025-02-17,-0.2601378584811924,0.007991064383329001,-0.2642439648294136,4.872381144251,1661,0.9550509655218978,-0.8010892185183582,-0.5423622495784319,-0.5423622495784418,0.44254716379210635,0.24387550574946903,-0.6858122892014595,-1.4012927796935304,-2.1041897435825185,0.9457188781015757,0.11069156017723605,0.33375103733621014
2025-02-18,0.4425471637921055,0.11069156017723605,0.33375103733621014,4.835831250846,1679,0.9436084932842651,-0.362087252342258,-0.8010892185183582,-0.2601378584811924,-0.1977963160558427,-1.123387931564046,-1.44901482182469,-2.1913394221211635,-2.200277917519411,0.7934175605926574,0.023659219098743186,-0.21985308356290056
2025-02-19,-0.19779631605584044,0.023659219098743186,-0.21985308356290056,5.055435163719,1685,0.9767441795800189,-0.5591673731520586,-0.362087252342258,0.4425471637921055,-0.9274260300297432,-1.253698274770798,-1.641165883843576,-1.545434540329449,-1.174162966602832,1.0437386225174983,-0.26755454919360167,-0.6620490690339356
2025-02-20,-0.9274260300297396,-0.26755454919360167,-0.6620490690339356,5.028904947962,1704,0.9617718070852405,-1.4814075394117499,-0.5591673731520586,-0.19779631605584044,-0.3293265044672755,-0.7204212278063782,-1.0800850354965252,-1.9905122030902112,-1.109514116738064,1.632408234560545,-0.2988834277031379,-0.028657224864733426
2025-02-21,-0.329326504467273,-0.2988834277031379,-0.028657224864733426,4.768684850771,1717,0.9139665507531479,-1.8058553762125618,-1.4814075394117499,-0.9274260300297396,-0.3923869575905181,-0.7532391471829492,-0.295440194176011,-0.3897801504385012,-0.8290611903599365,2.278799542355814,-0.8509569249404789,0.4660169825535624
2025-02-25,-0.3923869575905201,-0.8509569249404789,0.4660169825535624,5.400689634039,1725,1.0384408065926147,-2.1911563928338817,-1.8058553762125618,-0.329326504467273,-0.3622737043591062,0.09732866841536403,-1.2793073771980579,-0.7128865922333638,-1.0682076476878244,3.155239726339909,-0.1297306283774576,-0.23275856187379593
2025-02-26,-0.36227370435910367,-0.1297306283774576,-0.23275856187379593,5.096555444782,1731,0.9769737772075716,-2.5454921137603725,-2.1911563928338817,-0.3923869575905201,0.46127344517152835,-0.9203679238102724,0.3662174902447912,-0.009138756573734419,0.10912922143331283,3.581459932669828,0.07867040518566103,0.38669682447346687
2025-02-27,0.4612734451715222,0.07867040518566103,0.38669682447346687,4.750514241699,1737,0.9098480461553626,-2.095960347758552,-2.5454921137603725,-0.36227370435910367,-1.3752974868826984,-0.0946195002978989,-0.8094274556843306,0.3770993980758419,-0.244888359469686,1.5942495444308147,-0.6523026741044358,-0.7293266418276031
2025-02-28,-1.3752974868827024,-0.6523026741044358,-0.7293266418276031,7.080719821867,1736,1.367790592802295,-3.442432144652474,-2.095960347758552,0.4612734451715222,1.2985367295931471,0.5737609511401232,0.919693733355631,0.8988906137104902,1.8581276613257147,0.24131185503026842,1.142678413268153,0.1593649845945635
2025-03-03,1.2985367295931376,1.142678413268153,0.1593649845945635,4.709931470836,1746,0.8922951981738964,-2.1885966608489626,-3.442432144652474,-1.3752974868827024,-0.7154849436648347,-0.37398664232316525,0.4721656591610168,-0.44099997026898485,1.474993101721389,-1.541874562864809,-0.42109542707021347,-0.2956578050439495
2025-03-04,-0.7154849436648316,-0.42109542707021347,-0.2956578050439495,5.506563553668,1738,1.0456427506778352,-2.8884225249278694,-2.1885966608489626,1.2985367295931376,0.34395927818944294,1.1962093002639618,0.3232748377862915,-0.35787227894840123,3.1154638933939216,-1.5321699222668017,0.13571891810512357,0.21079640680088915
2025-03-05,0.34395927818944394,0.13571891810512357,0.21079640680088915,5.42118341554,1738,1.0251881271302905,-2.5543982440062285,-2.8884225249278694,-0.7154849436648316,0.8493286772866648,-0.020613538225855432,-0.06726488964807764,0.11827878721748508,3.0610470197321327,-4.106507860070085,0.5902513178645961,0.25662092829187605
2025-03-06,0.849328677286668,0.5902513178645961,0.25662092829187605,5.403722653981,1731,1.0301686916546253,-1.7267648035380168,-2.5543982440062285,0.34395927818944394,-0.8626157723828798,-0.9088742373960623,-1.5357112583151977,-0.6196510571388925,2.24425277407041,-8.353562193775655,-0.9599457293335513,0.10041169750451381
2025-03-07,-0.8626157723828746,-0.9599457293335513,0.10041169750451381,5.49279574005,1729,1.0476628202639218,-2.574485230373613,-1.7267648035380168,0.849328677286668,-0.04666096989908164,-0.6789522349983645,0.13892096196894688,0.9506913721060162,2.7726856904468855,-14.694369336838731,0.28880782108854264,-0.3328728911567208
2025-03-10,-0.04666096989908307,0.28880782108854264,-0.3328728911567208,4.685273466375,1724,0.8917896758427077,-2.6199449204942993,-2.574485230373613,-0.8626157723828746,-0.6325864360657962,0.18566856662201037,0.2918759657146941,1.9244800283432006,3.1338422021811585,-8.828215458110499,-1.2220099162686064,0.6073760827460275
2025-03-11,-0.6325864360658006,-1.2220099162686064,0.6073760827460275,6.1646878646,1725,1.1771547031063865,-3.2359579403606564,-2.6199449204942993,-0.04666096989908307,0.8234641250487451,0.9303476548533585,1.6407837450126417,3.4858109233334877,4.269049689292359,-10.774733969887595,-0.10725603881459839,0.9351195094141382
2025-03-12,0.8234641250487533,-0.10725603881459839,0.9351195094141382,4.981141323738,1739,0.9408601588878317,-2.43914076805245,-3.2359579403606564,-0.6325864360658006,0.10601057078543086,0.8106442553393878,1.7355890184681533,2.9392916739698904,3.4685455145214483,-5.879407821369553,0.4168300316290804,-0.3051942063414671
2025-03-13,0.106010570785438,0.4168300316290804,-0.3051942063414671,4.947997318157,1728,0.932021535653048,-2.3357159443174846,-2.43914076805245,0.8234641250487533,0.7038874894087499,1.627852751689085,2.5319077243436405,2.8817606918002614,1.8436527949844628,-6.359800789954484,-0.16031897415467208,0.8665441630637413
2025-03-14,0.7038874894087428,-0.16031897415467208,0.8665441630637413,5.36667186293,1712,1.0199328280887896,-1.2908560400537783,-2.3357159443174846,0.106010570785438,0.9175070449763068,1.8152429667892767,2.111530418592422,1.8048358991668234,-1.5873213492312632,-6.0501268717077945,0.5934005742061707,0.32281043323323977
2025-03-17,0.9175070449762971,0.5934005742061707,0.32281043323323977,4.867574516961,1706,0.9264800441916701,-0.3851926901854652,-1.2908560400537783,0.7038874894087428,0.8895740175318467,1.183167726372747,1.2338231165573088,1.1865276854997386,-2.9730158853639943,-6.595176730000285,0.6791903145693033,0.2121951119959186
2025-03-18,0.8895740175318422,0.6791903145693033,0.2121951119959186,5.085528104468,1706,0.973891524867754,0.0,-0.3851926901854652,0.9175070449762971,0.29100500393617335,0.3412137501598078,-0.01022152216034744,0.7568561902067117,-4.507213215338557,-7.973558194736108,-0.016287309347045267,0.3083102546862015
2025-03-19,0.2910050039361718,-0.016287309347045267,0.3083102546862015,4.701922126206,1703,0.8985960545890117,0.0,0.0,0.8895740175318422,0.0500630602132901,-0.3003524853347539,0.003320670030881878,0.5141417159036044,-6.954669185953355,-7.3721748785085195,-0.07185542123868659,0.12363105521691437
2025-03-21,0.05006306021329109,-0.07185542123868659,0.12363105521691437,6.481823932597,1698,1.2403446510845768,0.0,0.0,0.2910050039361718,-0.35024020458351846,-0.046719001220685286,0.4142290336270227,-1.009030065033223,-10.36519381804678,-5.720025505984627,0.27121011419830876,-0.6206310243947255
2025-03-24,-0.35024020458352795,0.27121011419830876,-0.6206310243947255,4.181997056954,1698,0.7894814278436939,-0.35024020458351846,0.0,0.05006306021329109,0.30458799297257144,0.7671561274006367,0.8169479246338929,-3.332019759609317,-16.99581451038138,-5.723360868642679,0.4791228850817981,-0.17011002351373752
2025-03-25,0.30458799297258055,0.4791228850817981,-0.17011002351373752,4.387775159346,1695,0.8350034370747828,-0.046719001220685286,-0.35024020458351846,-0.35024020458352795,0.4611634858222802,0.5108040837545902,-0.9627608560686451,-4.110768168458279,-11.598576572800923,-5.883651895077724,0.38330480426776564,0.08068940304837406
2025-03-26,0.461163485822277,0.38330480426776564,0.08068940304837406,4.757031163909,1692,0.9085666891243712,0.0,-0.046719001220685286,0.30458799297258055,0.04941272448961698,-1.4173878665976969,-4.067968219552942,-5.224527247662303,-14.427851509156719,-5.326318384436146,-0.4974291171789485,0.553304586000412
2025-03-27,0.04941272448961973,-0.4974291171789485,0.553304586000412,5.313426766973,1702,1.021111706815132,0.0,0.0,0.461163485822277,-1.4660761629121333,-4.11534743875086,-4.59808504602327,-7.430607051261562,-9.034584655081524,-5.696173410312822,-1.1341639351696158,-0.3294869486043075
2025-03-28,-1.4660761629121353,-1.1341639351696158,-0.3294869486043075,4.965986413541,1713,0.9523575111635556,-1.4660761629121333,0.0,0.04941272448961973,-2.6886895118669263,-3.178609722565684,-3.8618771593440626,-9.451532558131504,-8.0549483053724,-3.591376691342618,-1.7788986051991802,-0.9228684487284956
2025-03-31,-2.688689511866929,-1.7788986051991802,-0.9228684487284956,6.059935412052,1730,1.1597545916967333,-4.11534743875086,-1.4660761629121333,-1.4660761629121353,-0.5034565953754178,-1.2056025569814888,-3.4575497996334414,-14.134768013972565,-4.534787167325705,-0.2885050116593679,0.8172171904135139,-1.3080936176546616
2025-04-01,-0.5034565953754035,0.8172171904135139,-1.3080936176546616,4.592730134868,1733,0.8876301414463689,-4.59808504602327,-4.11534743875086,-2.688689511866929,-0.7056988490048877,-2.96904103717911,-6.478860526161878,-7.808810500742391,-3.733147925485103,0.710957395734968,0.31544075462025706,-1.013966523852019
2025-04-02,-0.7056988490048882,0.31544075462025706,-1.013966523852019,4.499852856514,1732,0.8706659746549121,-5.271335261782106,-4.59808504602327,-0.5034565953754035,-2.2794280859406046,-5.8141923657610945,-13.086941963939003,-9.710660357816481,-3.6299547809974797,1.2227278268100106,-3.5614823430287275,1.3405795998599852
2025-04-03,-2.279428085940608,-3.5614823430287275,1.3405795998599852,6.672590337805,1723,1.303761584852448,-7.430607051261562,-5.271335261782106,-0.7056988490048882,-3.6172161199886865,-11.059609728341634,-4.987861106698666,-1.7327299582791889,-0.4487121373017211,3.625810547893482,-2.0795351089580114,-1.5815950756939996
2025-04-04,-3.6172161199886923,-2.0795351089580114,-1.5815950756939996,7.696581775359,1741,1.4856765354528232,-10.779042055178989,-7.430607051261562,-2.279428085940608,-7.721704342570268,-1.422084869862561,-4.137001199997059,1.5423610053430403,5.182326497848111,8.033074113540351,-8.053962996943671,0.40685419743003015
2025-04-07,-7.721704342570278,-8.053962996943671,0.40685419743003015,7.914326087583,1784,1.4946322435354096,-17.66842063928703,-10.779042055178989,-3.6172161199886923,6.826761838010276,3.884665529455522,10.486663867309943,11.180288720595355,13.580584611782687,17.214831546169364,4.620413098562249,2.109331617925828
2025-04-08,6.826761838010285,4.620413098562249,2.109331617925828,6.094590591248,1824,1.1252432630463975,-12.047839798858739,-17.66842063928703,-7.721704342570278,-2.7540817094279135,3.4260160715621657,3.007210967377527,4.420880777647529,6.464742824451908,10.871437612300205,-1.9025704176352993,-0.8718556710534483
2025-04-09,-2.754081709427914,-1.9025704176352993,-0.8718556710534483,6.336053507787,1836,1.1548004529964677,-14.47011415600511,-12.047839798858739,6.826761838010285,6.3551230628764,5.924457065221622,7.022810492729792,6.734688282046175,10.636092800328,14.95980833645174,7.290990675871263,-0.8165748010657294
2025-04-10,6.355123062876405,7.290990675871263,-0.8165748010657294,6.304743904502,1843,1.1473023303840293,-9.034584655081524,-14.47011415600511,-2.754081709427914,-0.40493206650720204,0.6277905667587458,0.9619095309607584,1.3066586875083885,3.669978565051646,8.409066686371403,-2.880524584547066,2.5702360378113545
2025-04-11,-0.4049320665072017,-2.880524584547066,2.5702360378113545,6.107660226601,1857,1.0982122634190057,-9.402932791244567,-9.034584655081524,6.355123062876405,1.0369214607650834,1.372398880615977,0.7649142032662759,3.584676834836986,4.854607759484875,8.899088407293076,0.9959848901389776,0.04321404911940865
2025-04-14,1.0369214607650812,0.9959848901389776,0.04321404911940865,4.385464598834,1856,0.7804095289218066,-8.46351235853322,-9.402932791244567,-0.4049320665072017,0.332034483039112,-0.2692157021079056,0.6746328394234835,2.158922160401522,4.447988989569396,7.272302763396654,0.7056098119134958,-0.37040420485445663
2025-04-15,0.3320344830391021,0.7056098119134958,-0.37040420485445663,3.951557060036,1866,0.7093873755366829,-8.159579655000716,-8.46351235853322,1.0369214607650812,-0.59926043386338,0.34146457624386617,2.182327713114862,1.957330786317102,4.6164440048170885,7.4623750693509905,0.21498391560291233,-0.8112879284799178
2025-04-16,-0.5992604338633802,0.21498391560291233,-0.8112879284799178,4.300724615234,1870,0.7784710334581371,-8.709942956422111,-8.159579655000716,0.3320344830391021,0.9463963892153426,2.7983575968542063,2.434692436847463,3.6552357823656845,5.035467812409644,8.252287763832022,0.0876024686758768,0.8593597677280524
2025-04-17,0.9463963892153525,0.0876024686758768,0.8593597677280524,4.211855575809,1859,0.7678387455370012,-7.845977152849071,-8.709942956422111,-0.5992604338633802,1.8345986324249886,1.4743429194775226,1.6103673759370274,2.3328376517018246,4.092887970284043,6.825004167937032,0.5021914059919059,1.3264388054967642
2025-04-18,1.8345986324249801,0.5021914059919059,1.3264388054967642,3.751724953056,1849,0.6870240002670792,-6.155320709970624,-7.845977152849071,0.9463963892153525,-0.35376553527530774,-0.2201916239659818,0.8335524083681545,1.2259833823421218,2.7102914630344976,4.755392641802048,-0.2021809836395953,-0.15350008420361483
2025-04-21,-0.35376553527530635,-0.2021809836395953,-0.15350008420361483,3.535137558551,1836,0.6639590871328045,-6.487310841988392,-6.155320709970624,1.8345986324249801,0.1340481273846894,1.1915331773663551,0.8460214745174888,2.240692032335434,3.1997078962117342,5.04556060031176,-0.18467832751646301,0.3237929390898439
2025-04-22,0.13404812738468636,-0.18467832751646301,0.3237929390898439,3.70360509907,1824,0.6998514536502706,-6.361958833305003,-6.487310841988392,-0.35376553527530635,1.0560694087154099,0.7110202378186603,1.449366389698814,2.608064763948126,4.139111851436517,4.874329620914897,1.42101766610861,-0.35331883629555155
2025-04-23,1.056069408715416,1.42101766610861,-0.35331883629555155,4.832344569544,1821,0.9190847755435256,-5.3730761256232,-6.361958833305003,0.13404812738468636,-0.34144329273405605,0.38918689721914035,1.0368049796519285,1.3315603593260672,3.908051546909763,4.585438599828917,0.5027357714790178,-0.8400110137984377
2025-04-24,-0.34144329273405094,0.5027357714790178,-0.8400110137984377,4.578786348068,1817,0.8702361557690502,-4.293036431183406,-5.3730761256232,1.056069408715416,0.733133424859167,1.3829703318244846,1.883651383582241,1.719927209067218,4.571321598514677,5.628811758375796,0.5374162419229511,0.19533775445088486
2025-04-25,0.7331334248591588,0.5374162419229511,0.19533775445088486,4.940038591926,1800,0.9454958460335672,-0.927628222194965,-4.293036431183406,-0.34144329273405094,0.6451074089242503,1.1421445155195942,0.9387200865285772,1.4663311050147732,3.8572273877419017,5.085766346562459,0.533921016386288,0.11298116240789638
2025-04-28,0.6451074089242393,0.533921016386288,0.11298116240789638,5.171821449409,1782,0.9901036488014598,0.0,-0.927628222194965,0.7331334248591588,0.4938512356848834,0.29173070123655886,0.33236043108608726,0.9379982126617392,2.704038441668133,5.045156256607886,0.3065674924006269,0.18715083679456773
2025-04-30,0.4938512356848799,0.3065674924006269,0.18715083679456773,5.915442816359,1778,1.1421737318728953,0.0,0.0,0.6451074089242393,-0.20112726496499533,-0.160697199493387,0.320525722534426,1.4921313358853272,2.720347734628459,4.8632528788561835,-0.12015533330952198,-0.07905033349357894
2025-05-01,-0.20112726496499977,-0.12015533330952198,-0.07905033349357894,5.165850863702,1774,0.984863574427302,-0.20112726496499533,0.0,0.4938512356848799,0.04051154523454503,0.5227042883384048,0.6443876348593447,2.542634474834249,3.0626035361384085,4.862349858602499,0.05375675079130632,-0.014265057951190544
2025-05-02,0.040511545234546836,0.05375675079130632,-0.014265057951190544,5.330229918834,1766,1.0097915035393539,-0.160697199493387,-0.20112726496499533,-0.20112726496499977,0.4819974784773473,0.6036315491567246,1.6554888596140405,2.803181704590618,2.6246905537225196,4.898893695723472,0.22995142614905797,0.25368281321068403
2025-05-07,0.4819974784773445,0.22995142614905797,0.25368281321068403,5.395008399041,1740,1.0352267034094482,0.0,-0.160697199493387,0.040511545234546836,0.1210506097924835,1.167862314230006,2.0094268263037174,2.356344470810323,1.991135600567917,4.842631251635265,0.09909669779760738,0.024030718453816297
2025-05-08,0.12105060979248264,0.09909669779760738,0.024030718453816297,4.953259196949,1725,0.9719232025843672,0.0,0.0,0.4819974784773445,1.0455460645507175,1.886093089325347,2.186352641116307,1.7496287426719048,1.7886220239658135,4.2825703115369596,0.5798103057152357,0.465504914257527
2025-05-09,1.045546064550717,0.5798103057152357,0.465504914257527,6.286023679089,1688,1.2703413375641697,0.0,0.0,0.12105060979248264,0.831849653459904,1.1290023370617464,1.1747625475063028,1.2101592336044131,0.7059958131073962,3.2303203210994003,0.39600373074884604,0.4303494952371566
2025-05-12,0.8318496534599036,0.39600373074884604,0.4303494952371566,5.303560423056,1680,1.0697263159894834,0.0,0.0,1.045546064550717,0.2947012125861903,0.3400839072425388,-0.13393814849078645,0.5070759728059926,0.6519100712935044,2.8572024424959652,0.9694496517471284,-0.6649088672863838
2025-05-13,0.29470121258618726,0.9694496517471284,-0.6649088672863838,6.622549138962,1670,1.3498211358597705,0.0,0.0,0.8318496534599036,0.045249344290021476,-0.42737986742533707,0.08025086243033108,-0.17362415044799295,1.0112621163201663,2.9529279830652344,0.014966194999250036,0.028878451459562176
2025-05-14,0.045249344290031454,0.014966194999250036,0.028878451459562176,5.932012293539,1674,1.2051712524770062,0.0,0.0,0.29470121258618726,-0.4724154468233488,0.034985687346189565,0.16642607725725345,-0.35680140017756434,1.1829113772062305,3.545956880859169,-0.5518352742689184,0.08606062871253264
2025-05-15,-0.4724154468233541,-0.5518352742689184,0.08606062871253264,5.262191369808,1686,1.0709987121770737,-0.4724154468233488,0.0,0.045249344290031454,0.5098095532484637,0.6418738352273357,0.2548448726562347,0.038322775007371135,2.2794798047492515,4.2398054785402595,0.1798238696060116,0.334940127497893
2025-05-16,0.5098095532484691,0.1798238696060116,0.334940127497893,4.962487590109,1702,1.0010694361472998,0.0,-0.4724154468233488,-0.4724154468233541,0.1313944206698725,-0.2536714393605033,-0.3916500660561484,-0.49813519148147467,2.086154487875924,2.658338610708011,-0.1606709679994158,0.2942390792922277
2025-05-19,0.13139442066988294,-0.1606709679994158,0.2942390792922277,4.344744033394,1719,0.8676070138224138,0.0,0.0,0.5098095532484691,-0.3845605688987397,-0.522358137277712,-0.5997017317146858,0.14410338484693863,1.7462651444012822,3.397092373245836,0.38588242596594485,-0.7657746505772935
2025-05-20,-0.38456056889873913,0.38588242596594485,-0.7657746505772935,4.956064304136,1725,0.9892474845827665,-0.3845605688987397,0.0,0.13139442066988294,-0.13832952920344033,-0.215971704832707,-0.24508546394502728,1.186947093575652,2.2160389763226096,4.56085442155405,0.4433124437582183,-0.5748502415031407
2025-05-21,-0.13832952920343292,0.4433124437582183,-0.5748502415031407,4.639737289616,1739,0.9192797293411523,-0.522358137277712,-0.3845605688987397,-0.38456056889873913,-0.07774972645984146,-0.10690381428459794,0.6699611185439602,1.5452261659799182,2.795826945426705,5.019089726590531,-0.6343390063490361,0.5590852338661324
2025-05-22,-0.07774972645983708,-0.6343390063490361,0.5590852338661324,4.531771239136,1754,0.8900582170294165,-0.5997017317146858,-0.522358137277712,-0.13832952920343292,-0.029176772685701735,0.7482926404849044,1.4059552639611228,2.2402984851939145,2.4501248155063715,4.991793755828811,0.15962147293895915,-0.19475412091662597
2025-05-23,-0.029176772685697128,0.15962147293895915,-0.19475412091662597,4.464019125267,1756,0.8682537031567257,-0.6287035307893318,-0.5997017317146858,-0.07774972645983708,0.7776963198580455,1.4355508840650621,1.653898060375436,2.597227382954692,2.506627820528884,4.404688426118053,0.36220325180601703,0.4132835608535531
2025-05-26,0.7776963198580553,0.36220325180601703,0.4132835608535531,3.914661349217,1760,0.7558140936969411,0.0,-0.6287035307893318,-0.029176772685697128,0.6527779342356155,0.8694401365719084,1.48092419792476,1.5998563124554055,2.19100896310902,3.4720517806821505,0.17876965131559464,0.4736625329069055
2025-05-27,0.6527779342356207,0.17876965131559464,0.4736625329069055,3.824553145536,1759,0.7450167491843797,0.0,0.0,0.7776963198580553,0.215257051800255,0.82277536764086,1.1452360526117422,1.0170203888010265,1.9222271121700496,3.4012834576137685,0.6900883223479631,-0.46826770653078204
2025-05-28,0.21525705180026067,0.6900883223479631,-0.46826770653078204,4.941085414002,1765,0.9696385538967738,0.0,0.0,0.6527779342356207,0.6062133987508433,0.9279814552895838,0.7241203826397369,1.2315702339395163,2.335419559972518,3.160444427422293,0.42940173513975927,0.17983172368034303
2025-05-29,0.6062133987508375,0.42940173513975927,0.17983172368034303,5.46896420724,1759,1.0732184597056833,0.0,0.0,0.21525705180026067,0.319829209020539,0.11719652286441562,0.19265986326191253,0.2052285971591239,1.9166363355907379,2.858936149597402,-0.5799475059238159,0.9075179131170407
2025-05-30,0.31982920902054235,-0.5799475059238159,0.9075179131170407,7.191172375105,1754,1.4070787158192188,0.0,0.0,0.6062133987508375,-0.2019866737750564,-0.12676391772323825,0.30079743424218375,-0.0883060534254465,0.5604914062073307,2.9197768367090093,-0.25008115908750705,0.05052198628093271
2025-06-02,-0.2019866737750584,-0.25008115908750705,0.05052198628093271,4.389710999531,1754,0.8483357459397117,-0.2019866737750564,0.0,0.31982920902054235,0.0753750035142664,0.5038017203546019,0.08792902453536033,0.5818439829635036,1.6224941785348612,3.641850399995983,0.13673852727571492,-0.052190128472004826
2025-06-03,0.07537500351427406,0.13673852727571492,-0.052190128472004826,4.72743277154,1755,0.9205058168988066,-0.12676391772323825,-0.2019866737750564,-0.2019866737750584,0.42810403341011494,0.012544565554351017,0.038506676869976,0.8960932720891934,2.293979955312686,2.7288159659964117,0.29517882423343417,0.13475278710420432
2025-06-04,0.42810403341010744,0.29517882423343417,0.13475278710420432,4.695050069545,1751,0.9195972394504959,0.0,-0.12676391772323825,0.07537500351427406,-0.41378802463253317,-0.38793658437534795,0.07765105525665561,1.09042003742712,2.1627947818778193,1.6586890378196717,-0.28067602347384357,-0.13185108917364624
2025-06-05,-0.41378802463253184,-0.28067602347384357,-0.13185108917364624,4.812878922345,1747,0.9491823468238808,-0.41378802463253317,0.0,0.42810403341010744,0.02595885489005134,0.4934810453587124,0.8834378830904654,1.7079026338153946,2.480884181351195,2.0916491963897776,0.09718199340456972,-0.06897200385553728
2025-06-06,0.02595885489004687,0.09718199340456972,-0.06897200385553728,4.13495392154,1743,0.8166143133345366,-0.38793658437534795,-0.41378802463253317,-0.41378802463253184,0.4674008585580314,0.857256494231029,1.4841140431296251,0.6493708934408815,1.851646713920152,2.173996522854038,0.5440104029673031,-0.07604177732445089
2025-06-09,0.46740085855803454,0.5440104029673031,-0.07604177732445089,4.093109293627,1729,0.8258930210260202,0.0,-0.38793658437534795,0.02595885489004687,0.3880419243868616,1.0119831665626133,1.2084580769060382,1.0346302616480285,1.2535768367211153,1.8177298789730623,0.33982255386278887,0.04945026338075487
2025-06-10,0.3880419243868563,0.33982255386278887,0.04945026338075487,4.835725424455,1709,0.9877984807539667,0.0,0.0,0.46740085855803454,0.6215294473476352,0.8172448996834891,-0.20611863540235253,1.3854715657362071,1.4511617213936567,2.3530636742793876,0.42615915714722424,0.19538917226426963
2025-06-11,0.6215294473476345,0.42615915714722424,0.19538917226426963,4.648557439474,1704,0.9672170190987224,0.0,0.0,0.3880419243868563,0.19450653693180442,-0.8225357806582401,0.022420206371021045,1.060807487053328,0.8061967899259725,2.8123695333567733,0.013190843375422265,0.180150974521278
2025-06-12,0.19450653693179817,0.013190843375422265,0.180150974521278,4.453475467148,1690,0.939166705335603,0.0,0.0,0.6215294473476345,-1.0150679440845023,-0.17175226118546494,0.5636205062121258,0.7600014625400497,0.9245789969989593,2.513558441314534,0.07435863806369386,-1.0899858450280573
2025-06-13,-1.0150679440845065,0.07435863806369386,-1.0899858450280573,6.054427447063,1682,1.2877629494192067,-1.0150679440845023,0.0,0.19450653693179817,0.8519636932444064,1.594877540962325,1.898962917166691,1.1945189620232721,2.3461355424085006,3.9336649223699505,0.5232491103403808,0.32381092068250467
2025-06-16,0.8519636932443962,0.5232491103403808,0.32381092068250467,4.83545849582,1668,1.0166846166516978,-0.17175226118546494,-1.0150679440845023,-1.0150679440845065,0.7366379597502082,1.0381545242955204,0.9333567851088631,0.21670448489403693,1.9871153899386096,3.2886752654220697,0.26318973150927977,0.4693409000647597
2025-06-17,0.7366379597502188,0.26318973150927977,0.4693409000647597,4.745262521006,1659,0.9925997542501536,0.0,-0.17175226118546494,0.8519636932443962,0.29931172079198376,0.19528031641997678,-0.39407358779249835,0.06479247434860724,0.42508465392949724,1.943473547676522,-0.11062607269578105,0.4116830166212025
2025-06-18,0.299311720791984,-0.11062607269578105,0.4116830166212025,4.787575148263,1658,1.0036634035104377,0.0,0.0,0.7366379597502188,-0.1037209553955698,-0.6913161184143313,-0.8130097419821181,-0.25193811870142246,-0.49343378392733284,1.5260342172204622,0.06767473571774577,-0.17032346404305196
2025-06-19,-0.10372095539557956,0.06767473571774577,-0.17032346404305196,4.255442446469,1661,0.8907272338132717,-0.1037209553955698,0.0,0.299311720791984,-0.5882052551290706,-0.7100252315402455,-0.13023352163823443,0.16333617712391835,-0.37981228213510576,2.412959703549533,-0.017569891504531927,-0.568383046856566
2025-06-20,-0.588205255129073,-0.017569891504531927,-0.568383046856566,7.373175733681,1661,1.5477912529027054,-0.6913161184143313,-0.1037209553955698,-0.10372095539557956,-0.12254076764615096,0.4606814862020858,0.44243663548781953,1.1380226836370522,0.31648954075262914,2.4838533499508264,-0.37904368918845094,0.2577015669213182
2025-06-23,-0.12254076764614749,-0.37904368918845094,0.2577015669213182,4.395331415175,1693,0.8953374967521431,-0.8130097419821181,-0.6913161184143313,-0.588205255129073,0.5839378157302066,0.5656705802052908,0.8796068391605516,1.766582641231662,0.5571685069078347,2.6173971268554252,0.8829660050886848,-0.2953985874749847
2025-06-24,0.583937815730212,0.8829660050886848,-0.2953985874749847,4.861528356458,1706,0.9854781371601885,-0.2338193975809144,-0.8130097419821181,-0.12254076764614749,-0.018161185495024768,0.2939525234854301,0.6742351210587749,0.36005888851788903,0.8890011090878724,3.54433214351193,0.22860005113092832,-0.24387551376399785
2025-06-25,-0.018161185495021204,0.22860005113092832,-0.24387551376399785,4.819554320534,1712,0.9668082155651806,-0.25193811870142246,-0.2338193975809144,0.583937815730212,0.31217040282636166,0.6925220767727724,1.1941570658235534,-0.24210562157417348,1.9901283922173274,4.425089297416274,0.10921665228508257,0.19707143340513333
2025-06-26,0.31217040282635933,0.10921665228508257,0.19707143340513333,5.62899249212,1725,1.1305605690459362,0.0,-0.25193811870142246,-0.018161185495021204,0.3791680235997408,0.8792419299227472,0.06591261324255804,-0.5422627480164421,1.5744226630490354,4.147771578269777,0.34017883871871496,0.047505591913475205
2025-06-27,0.3791680235997427,0.34017883871871496,0.047505591913475205,6.674716495191,1731,1.3384391003874512,0.0,0.0,0.31217040282635933,0.49818494830065063,-0.312072132619734,-0.9281997104356288,-0.8122891085721617,1.551137589658813,3.7236132525695798,0.7199254955613593,-0.21312894454703302
2025-06-30,0.49818494830065535,0.7199254955613593,-0.21312894454703302,6.3488089982,1736,1.2797133731963686,0.0,0.0,0.3791680235997427,-0.8062405120422889,-1.419313850762638,-1.409115146728246,-1.1884197178827383,1.2762003028589097,2.794237451558934,-0.0858358880348327,-0.719779592647922
2025-07-01,-0.8062405120422936,-0.0858358880348327,-0.719779592647922,5.207183822561,1736,1.0292763057000296,-0.8062405120422889,0.0,0.49818494830065535,-0.6180563594777144,-0.6077747610313655,-0.5017829005512953,0.5270445498218868,1.511961776262849,4.129008587185634,-0.5761075713524626,-0.04284240852465557
2025-07-02,-0.6180563594777033,-0.5761075713524626,-0.04284240852465557,5.446222189013,1747,1.0714454970189249,-1.419313850762638,-0.8062405120422889,-0.8062405120422936,0.010345539712464102,0.11699656362829103,0.23421842746189636,2.2376514938493353,2.029482151723183,5.617311214523224,0.09017868175937162,-0.0796231427238982
2025-07-03,0.010345539712462198,0.09017868175937162,-0.0796231427238982,5.50602988836,1742,1.0752664608585698,-1.409115146728246,-1.419313850762638,-0.6180563594777033,0.10663999143316616,0.2238497292867958,1.1417586316483153,2.128225987790855,2.803419718093747,6.320305158975703,0.37151188572997,-0.26386480276904445
2025-07-04,0.1066399914331559,0.37151188572997,-0.26386480276904445,4.36846700079,1740,0.84737781669438,-1.3039778355668386,-1.409115146728246,0.010345539712462198,0.11708487854917848,1.0340159656779369,2.1181767362280945,2.382781775070919,2.1605259704764013,5.750592511061825,0.06598444914805378,0.054762820810112564
2025-07-07,0.11708487854916941,0.06598444914805378,0.054762820810112564,3.913588997786,1737,0.7574269765474829,-1.1884197178827383,-1.3039778355668386,0.1066399914331559,0.9158587550177621,1.9987516217700563,1.9001228386735791,2.49426232604002,2.0488132775994705,6.366589890040619,-0.0047068570975068984,0.9219799349246275
2025-07-08,0.915858755017756,-0.0047068570975068984,0.9219799349246275,5.082746945596,1736,0.9854149657941926,-0.2834452088975703,-1.1884197178827383,0.11708487854916941,1.0730651060316676,0.975331425405801,1.3349620882645574,0.9797534890751081,2.6319331197985907,6.24595840016493,0.4875884421885188,0.5814803581577009
2025-07-09,1.073065106031657,0.4875884421885188,0.5814803581577009,4.83692458559,1732,0.9355161332497635,0.0,-0.2834452088975703,0.915858755017756,-0.09669606885212012,0.25911649355656596,0.485800753824317,-0.20361318857043953,2.3874476320246973,5.642032482302839,0.20537741961748907,-0.30147510728268506
2025-07-10,-0.09669606885211522,0.20537741961748907,-0.30147510728268506,5.338028864607,1728,1.0305581079298884,-0.09669606885212012,0.0,1.073065106031657,0.35615695218038645,0.5830606193744092,0.004379350487759837,0.6611235275775895,2.533461522845437,6.030256374504872,0.41945551629282135,-0.06068103634725953
2025-07-11,0.3561569521803893,0.41945551629282135,-0.06068103634725953,5.181902191163,1736,0.9919465290940523,0.0,-0.09669606885212012,-0.09669606885211522,0.22609840201646136,-0.35052916769245934,-0.461533772000422,-0.21708318600172083,2.1392922959555305,6.044289581748674,-0.0631022009656266,0.2890244821346724
2025-07-14,0.22609840201645529,-0.0631022009656266,0.2890244821346724,4.235528882114,1732,0.8176148904655667,0.0,0.0,0.3561569521803893,-0.5753267650866922,-0.6860809559389724,0.07761039256757307,-0.4346087657312592,1.4989080792530363,6.11691392832745,0.21163651951163906,-0.7788282069845603
2025-07-15,-0.5753267650866931,0.21163651951163906,-0.7788282069845603,4.707943685615,1737,0.9141015988021949,-0.5753267650866922,0.0,0.22609840201645529,-0.11139507654261971,0.6567154172199885,0.13391539420746223,1.6361493998915622,2.578067417011276,6.509225645940564,-0.06049531460938975,-0.04882043222431474
2025-07-16,-0.11139507654262018,-0.06049531460938975,-0.04882043222431474,4.965811498591,1739,0.9645190502155712,-0.6860809559389724,-0.5753267650866922,-0.5753267650866931,0.7689670852357944,0.2455840392786124,0.25320941176045775,2.5963473261723324,3.5164630723742762,7.119507828576266,-0.04260346352631703,0.8137580943402399
2025-07-17,0.7689670852357918,-0.04260346352631703,0.8137580943402399,4.663141537576,1738,0.9041658114498887,0.0,-0.6860809559389724,-0.11139507654262018,-0.519389114621438,-0.511821931288714,0.9730438536682318,1.860040827733167,3.4209809853854134,7.409464241788499,0.3302595041513825,-0.8437290501571855
2025-07-18,-0.5193891146214419,0.3302595041513825,-0.8437290501571855,4.498176228399,1747,0.8687458749632442,-0.519389114621438,0.0,0.7689670852357918,0.007606691661199427,1.5002249734968442,2.3450043305375257,2.3615019055312603,3.514142577557733,8.475541670125185,0.1740826615486727,-0.1662418529630127
2025-07-22,0.007606691661206679,0.1740826615486727,-0.1662418529630127,4.79628604859,1735,0.9527723704210173,-0.511821931288714,-0.519389114621438,-0.5193891146214419,1.4925047516011647,2.3372198537686018,2.384064926170182,1.941956759286878,4.2310894891993245,8.052631566288436,0.8574040510917043,0.6259646843920269
2025-07-23,1.4925047516011754,0.8574040510917043,0.6259646843920269,8.010638745542,1731,1.5849848222609142,0.0,-0.511821931288714,0.007606691661206679,0.8322930882776358,0.8784492773639352,0.848546820718199,0.9267549220245197,3.5213458136346576,6.6481071200440445,0.5170822860834335,0.31482060045050037
2025-07-24,0.8322930882776326,0.5170822860834335,0.31482060045050037,6.443142043081,1740,1.2363233576976551,0.0,0.0,1.4925047516011754,0.04577520521713563,0.016119570370509706,-0.38623591206262686,0.8968309010814357,3.1786951677660324,6.284894570998589,0.036930253544731194,0.009165540058499929
2025-07-25,0.04577520521714067,0.036930253544731194,0.009165540058499929,5.095930566593,1745,0.9628199278647808,0.0,0.0,0.8322930882776326,-0.029642066130031175,-0.4318134537851348,0.04788499923087386,1.5324362183323004,3.410393836045733,6.780453762302385,0.2734328373560197,-0.3030578315879774
2025-07-28,-0.02964206613003438,0.2734328373560197,-0.3030578315879774,4.617008424445,1743,0.8767480017529611,-0.029642066130031175,0.0,0.04577520521714067,-0.4022906349111288,0.07755005279883598,0.8805693867089737,1.126049003355023,3.8232076980503793,6.133734651321543,-0.3785132173112238,-0.02040890402697469
2025-07-29,-0.40229063491113287,-0.3785132173112238,-0.02040890402697469,4.566622367758,1739,0.8844600221622356,-0.4318134537851348,-0.029642066130031175,-0.02964206613003438,0.4817788388596922,1.288041692723696,1.9727683512702265,2.245525593860953,4.5498084033264385,6.349421883265638,0.008400552587251411,0.4747449887453944
2025-07-30,0.48177883885970324,0.008400552587251411,0.4747449887453944,5.425720908388,1736,1.0693043147366064,0.0,-0.4318134537851348,-0.40229063491113287,0.8023970745551612,1.4838406820022687,1.0476864691461918,2.570766189415963,3.8323574696995877,5.975863497423117,0.21337848664465775,0.5851811704100175
2025-07-31,0.8023970745551613,0.21337848664465775,0.5851811704100175,5.884903243756,1745,1.1573080142282748,0.0,0.0,0.48177883885970324,0.67601924877152,0.24333686669137933,0.945307940735951,2.261581703117832,3.480649018777715,5.18842800047894,-0.02000667367537754,0.6982239189618271
2025-08-01,0.6760192487715199,-0.02000667367537754,0.6982239189618271,6.104595582284,1741,1.1953559202314716,0.0,0.0,0.8023970745551613,-0.42977700678746844,0.26748047248372764,1.071033082813222,1.84961347098489,3.8565513674316376,4.454903301068236,-1.6670204819084995,1.2676969753538276
2025-08-04,-0.42977700678747033,-1.6670204819084995,1.2676969753538276,5.359059477945,1746,1.0432568259130988,-0.42977700678746844,0.0,0.6760192487715199,0.7002670661074406,1.5072880671393118,2.013345624268692,2.6671255539765903,4.7929673849639975,5.12063112251353,0.48784937132863665,0.2138168396503308
2025-08-05,0.7002670661074439,0.48784937132863665,0.2138168396503308,5.35621126147,1759,1.0327446224774384,0.0,-0.42977700678746844,-0.42977700678747033,0.8014089977557592,1.3039474436539855,1.5779123909823944,2.253675939442612,3.6664128676167307,3.7072341016912036,0.17330956544251042,0.6277344150860211
2025-08-06,0.8014089977557677,0.17330956544251042,0.6277344150860211,5.883326567501,1768,1.118818768392771,0.0,0.0,0.7002670661074439,0.49854307682288823,0.7703299000948682,1.1426149874776748,1.2299715865959904,3.0204024897805937,3.3559680740395503,0.034612920947657555,0.4685883802556993
2025-08-07,0.4985430768228841,0.034612920947657555,0.4685883802556993,6.221361145051,1785,1.1741640367105677,0.0,0.0,0.8014089977557677,0.2704385705016854,0.640876863421247,0.9375039371657845,1.1921068453635275,3.0105046377858935,3.5966855953983634,0.1430607753373947,0.13068505270819605
2025-08-08,0.2704385705016815,0.1430607753373947,0.13068505270819605,7.499193754467,1787,1.397078860805176,0.0,0.0,0.4985430768228841,0.36943918686374033,0.6652662301811718,0.4561279961639686,1.9704914216669644,3.2589179880697428,4.150750022812044,0.4447304954338647,-0.07226170821726798
2025-08-12,0.36943918686373645,0.4447304954338647,-0.07226170821726798,7.657145768603,1808,1.3983546730807181,0.0,0.0,0.2704385705016815,0.2947381650371339,0.08636972568796253,0.5477197726430294,2.0706159050588813,2.225443621421208,3.3932418100206085,0.3122155565070831,-0.018258581221426807
2025-08-13,0.29473816503714256,0.3122155565070831,-0.018258581221426807,7.038509068626,1837,1.2569692340379963,0.0,0.0,0.36943918686373645,-0.20775610282397494,0.2522381654654904,1.2965993538439413,1.3816001382784382,1.721297731122351,3.289831592418868,-0.1608039285531257,-0.0480748696823729
2025-08-14,-0.2077561028239768,-0.1608039285531257,-0.0480748696823729,6.113766755801,1850,1.065165076192987,-0.20775610282397494,0.0,0.29473816503714256,0.46095192404274066,1.50748735364441,1.9825338703054696,1.7686766825307343,2.0643911782018964,3.28724070966957,0.2390290123683359,0.2212435731024391
2025-08-15,0.46095192404274715,0.2390290123683359,0.2212435731024391,6.379093112467,1867,1.097945415555,0.0,-0.20775610282397494,-0.2077561028239768,1.0417335388111182,1.514600366730745,1.1265204582754151,1.7969759194767398,1.6503365584722207,2.8145908444910717,0.40618212362915884,0.6328339848709386
2025-08-18,1.0417335388111115,0.40618212362915884,0.6328339848709386,5.657091785171,1885,0.9619772878262128,0.0,0.0,0.46095192404274715,0.46799160243820026,0.0839127719752808,0.2573104070405785,1.2635288390195898,0.5761330660015052,2.4137845096474875,0.2654332306520377,0.2039320040479338
2025-08-19,0.46799160243819116,0.2654332306520377,0.2039320040479338,5.707055103665,1901,0.9623407446367725,0.0,0.0,1.0417335388111115,-0.38228974655206693,-0.20969981785970981,0.27816250246357477,0.151686864029843,0.3126772203575934,1.120406037513133,-0.045273438898838676,-0.3359107295635735
2025-08-20,-0.3822897465520692,-0.045273438898838676,-0.3359107295635735,5.595921337797,1911,0.9340806623958289,-0.38228974655206693,0.0,0.46799160243819116,0.17325225429620783,0.6629867794946565,1.178627048416736,0.33506828890110807,0.03937749261817558,1.715176570506416,0.05988100994229629,0.11036214161621695
2025-08-21,0.17325225429621813,0.05988100994229629,0.11036214161621695,4.550130785736,1925,0.7544802647963924,-0.20969981785970981,-0.38228974655206693,-0.3822897465520692,0.4888875165550477,1.0036359721738108,0.3621461016050098,0.2905751605611018,0.3257273085224499,1.5549085617360126,0.39135017937344013,0.08764308449740246
2025-08-22,0.488887516555043,0.39135017937344013,0.08764308449740246,4.52779681825,1913,0.7729531514499481,0.0,-0.20969981785970981,0.17325225429621813,0.512244157876629,-0.1261248065157039,-0.32575875312725877,-0.1440508027669929,0.5690496902948317,1.328951657770716,0.8787289899212355,-0.3522912802955651
2025-08-25,0.512244157876634,0.8787289899212355,-0.3522912802955651,4.734602265837,1912,0.8216910848736667,0.0,0.0,0.488887516555043,-0.6351156217242915,-0.833732166687684,-0.7059753886574538,-0.6788187029417747,0.8636852410610629,0.6124082431747668,-0.11408229343472898,-0.5215183133420283
2025-08-26,-0.6351156217242822,-0.11408229343472898,-0.5215183133420283,6.243579206568,1924,1.0869824645655115,-0.6351156217242915,0.0,0.512244157876634,-0.19988605250853553,-0.07131268493546505,-0.01794863393109747,0.1607465249649831,1.1423752709982748,1.3674607944057504,0.08639703151830488,-0.28343141167566355
2025-08-27,-0.19988605250853414,0.08639703151830488,-0.28343141167566355,4.701449449662,1930,0.8070763922825449,-0.833732166687684,-0.6351156217242915,-0.6351156217242822,0.12883088253858865,0.1823018144780475,0.15621588583560886,-0.2947033388481235,1.541991594958425,1.9002193284591407,-0.13058470462839783,0.2637064783065817
2025-08-28,0.1288308825385842,-0.13058470462839783,0.2637064783065817,5.237748110028,1933,0.8981010040840379,-0.7059753886574538,-0.833732166687684,-0.19988605250853414,0.05340213349958045,0.027349768349083092,0.2322248156515716,0.03505030049442137,1.1981157359108652,0.3127500731428867,-0.04977623698055567,0.10157862942351756
2025-08-29,0.053402133499576274,-0.04977623698055567,0.10157862942351756,4.977798227226,1930,0.8549059044224441,-0.6529502610774007,-0.7059753886574538,0.1288308825385842,-0.026038460057298263,0.17872723799376988,-0.47613714666838725,0.7141292019099632,1.1453521212388074,-0.055987726390294146,-0.24630525279609383,0.22430446160927386
2025-09-01,-0.026038460057286005,-0.24630525279609383,0.22430446160927386,4.624243895074,1925,0.8004200030395892,-0.6788187029417747,-0.6529502610774007,0.053402133499576274,0.20481902977231847,-0.45021591590252985,0.00769842664347653,1.5530463128397454,1.8271247736677765,-2.281224927305936,0.3731897996382304,-0.16203107108347575
2025-09-02,0.20481902977232316,0.3731897996382304,-0.16203107108347575,4.534093705617,1921,0.7950011608659214,-0.47539002305072575,-0.6788187029417747,-0.026038460057286005,-0.6536960517639745,-0.19671768786915234,0.5344467619799564,0.9800533443394377,0.8052111054530187,-2.8278434576948674,-0.06565567528776005,-0.5861422784444602
2025-09-03,-0.6536960517639776,-0.06565567528776005,-0.5861422784444602,5.637765532216,1916,0.9957187656784013,-1.1259784690035302,-0.47539002305072575,0.20481902977232316,0.4599852694398443,1.1959607620259272,2.0123220227679983,1.8421237339562246,1.6751394499749717,-1.3193061139348372,0.22542436457423976,0.23367346288192486
2025-09-04,0.45998526943984547,0.22542436457423976,0.23367346288192486,4.90345107976,1922,0.8638792886494315,-0.671172534658171,-1.1259784690035302,-0.6536960517639776,0.7326056146754967,1.5452289278807818,1.179090511801295,1.1626579203216636,1.2251904732607288,0.13685778279970418,0.3615361804455566,0.3763120647982301
2025-09-05,0.7326056146755011,0.3615361804455566,0.3763120647982301,5.095667991357,1928,0.9055600908060303,0.0,-0.671172534658171,0.45998526943984547,0.8067132863749604,0.44323771275580626,0.6385264461788331,0.4281652661309643,0.7556022154092457,-0.5126688444388017,0.6545268959802715,0.15430196682172695
2025-09-08,0.8067132863749662,0.6545268959802715,0.15430196682172695,5.145911850032,1923,0.9237285592749118,0.0,0.0,0.7326056146755011,-0.3605668330705192,-0.16684091238877707,-0.37674936734922726,0.26988699086754053,-0.24912533910074197,-1.3923987724100861,0.418617691091961,-0.7736165898703813
2025-09-09,-0.36056683307052306,0.418617691091961,-0.7736165898703813,5.443706308589,1913,0.998269844164005,-0.3605668330705192,0.0,0.8067132863749662,0.19442695981337632,-0.016241094278002244,-0.015005934663248066,-0.17314532236404334,0.22254324441599582,-0.7281076721570523,0.06780408813262735,0.1282312084581181
2025-09-10,0.19442695981338223,0.06780408813262735,0.1282312084581181,5.100760871324,1905,0.9547572025697082,-0.16684091238877707,-0.3605668330705192,-0.36056683307052306,-0.21025925341723317,-0.20902649062569667,0.43745776177737117,-0.16396386667805185,0.35278777565213026,-2.5942097329348934,0.11574886417819868,-0.32211831149739995
2025-09-11,-0.210259253417231,0.11574886417819868,-0.32211831149739995,5.690959276231,1888,1.0849052767219904,-0.37674936734922726,-0.16684091238877707,0.19442695981338223,0.0012353602507841899,0.6490817696775952,-0.15692971518903587,0.06181386909420716,-0.8748835453403547,-4.121298133957286,0.5080617519040194,-0.5004741764825935
2025-09-12,0.0012353602507844774,0.5080617519040194,-0.5004741764825935,6.249910078905,1869,1.1962829472849124,-0.37551866131038114,-0.37674936734922726,-0.210259253417231,0.6478384062886589,-0.15816312155548795,0.04515701406941908,0.32604095515493814,-1.1877360871600962,-2.553505987613436,0.197524249475188,0.45063969570093754
2025-09-16,0.6478384062886677,0.197524249475188,0.45063969570093754,5.789207229944,1865,1.1094724025215217,0.0,-0.37551866131038114,0.0012353602507844774,-0.8008135501038072,-0.5988021220946438,-0.583480634157485,-0.5176153534665384,-4.034631941248845,-2.9560136769516965,-0.24755015778538492,-0.5548951882355713
2025-09-17,-0.8008135501038125,-0.24755015778538492,-0.5548951882355713,5.203236281607,1862,0.9959132328208583,-0.8008135501038072,0.0,0.6478384062886677,0.20364222252085007,0.21908739751217432,0.48497112217589233,0.39637487132877514,-3.6040344772923727,-3.1584870941966825,0.29932820719267766,-0.09605463634523737
2025-09-18,0.20364222252085293,0.29932820719267766,-0.09605463634523737,5.569649990512,1857,1.0712107527756722,-0.5988021220946438,-0.8008135501038072,-0.8008135501038125,0.015413786014906172,0.28075715953548297,0.08167584532314809,0.5176003198285262,-2.945110850212418,-1.5469010806879568,0.4583273145636463,-0.4352808369744486
2025-09-19,0.015413786014914893,0.4583273145636463,-0.4352808369744486,9.719502812694,1854,1.869824313218786,-0.583480634157485,-0.5988021220946438,0.20364222252085293,0.2653024803639603,0.06625184739024181,0.17689990841107672,-0.936118763207705,-1.0751599333848838,-1.5164612235203712,0.30930969185072954,-0.04107973011689016
2025-09-22,0.2653024803639514,0.30930969185072954,-0.04107973011689016,5.948872793827,1869,1.0902256113985225,-0.3197261423883879,-0.583480634157485,0.015413786014914893,-0.19852394402609663,-0.08816865831547949,0.23618006784318357,-1.5088575487511635,-1.258759842590751,-0.7662104966798089,0.07161836046806318,-0.2682524545446278
2025-09-24,-0.1985239440260972,0.07161836046806318,-0.2682524545446278,6.563643829516,1865,1.1874297860923604,-0.5176153534665384,-0.3197261423883879,0.2653024803639514,0.1105748031709819,0.435568720071311,-1.0017069612306972,-3.535315925807836,-1.1461287303954792,-0.6302083518570978,0.21690672608130113,-0.11000917631870415
2025-09-25,0.11057480317097719,0.21690672608130113,-0.11000917631870415,6.246319213295,1856,1.1116310412737156,-0.4076129024538355,-0.5176153534665384,-0.1985239440260972,0.3246349524406389,-1.1110532194910983,-1.4219425981464862,-3.9846153347152247,-0.948540004871623,-0.6780090506006808,0.005306852864895063,0.31880557126664744
2025-09-26,0.32463495244062945,0.005306852864895063,0.31880557126664744,6.782483682849,1848,1.2070205379455519,-0.08430120396522023,-0.4076129024538355,0.11057480317097719,-1.431042507767244,-1.740925896630574,-3.953663723403189,-3.4448804577737913,-2.9366374107865467,0.21360372433971708,-0.49203223003833474,-0.9457563847462926
2025-09-29,-1.4310425077672393,-0.49203223003833474,-0.9457563847462926,5.665397037586,1860,0.9898921706327057,-1.5141373256691626,-0.08430120396522023,0.32463495244062945,-0.3143823336954288,-2.559245100907892,-2.9058476288580604,-0.1403550602311232,-3.275067616290628,-0.314698724482565,0.0586427867429967,-0.3689653101754485
2025-09-30,-0.3143823336954281,0.0586427867429967,-0.3689653101754485,5.657661987283,1870,0.9848611466733171,-1.8237594791047917,-1.5141373256691626,-1.4310425077672393,-2.2519424765236495,-2.5996380980830236,-1.734144735936194,0.25392913508359705,-1.382186629847948,-1.4266687076002982,-0.5441154615113004,-1.7130707823362479
2025-10-01,-2.2519424765236513,-0.5441154615113004,-1.7130707823362479,5.881486363274,1874,1.0178007985318935,-4.034631941248845,-1.8237594791047917,-0.3143823336954281,-0.3557059141312102,0.5297268853277082,2.4824212858179706,2.4767480641670003,1.1239661620813024,1.643978146379954,0.14819925329592987,-0.5096078143032918
2025-10-02,-0.3557059141312047,0.14819925329592987,-0.5096078143032918,6.074859371656,1883,1.0399513137451948,-4.375986430951606,-4.034631941248845,-2.2519424765236513,0.8885935793733424,2.8482586243256502,2.929729600019537,3.1620717246798824,0.4622054260048136,2.4534958063248347,0.01872856851437377,0.8756571767201725
2025-10-03,0.8885935793733315,0.01872856851437377,0.8756571767201725,5.859254421959,1887,0.9899859710983429,-3.5262775860379514,-4.375986430951606,-0.3557059141312047,1.9424049591994397,2.0231583653114837,1.9367616317710779,0.526376073476853,1.4406381602956264,1.5260189215466013,2.2504086028226893,-0.29594039255883353
2025-10-06,1.9424049591994286,2.2504086028226893,-0.29594039255883353,8.879955757145,1877,1.4975647707645257,-1.6523672175448478,-3.5262775860379514,0.8885935793733315,0.07921473516774302,-0.005535799778921824,0.30512242458133887,-3.139118467675539,-0.44609755228143255,-1.142194469346014,0.23325022962842787,-0.15090026518658053
2025-10-07,0.07921473516774895,0.23325022962842787,-0.15090026518658053,7.364486824041,1889,1.2016937466872257,-1.574461400692484,-1.6523672175448478,1.9424049591994286,-0.08468345317349524,0.22572887887999382,-1.467100524838838,-1.6319717132752154,0.4988283974616259,-0.8782215377100444,0.03586124771748127,-0.11781189784812905
2025-10-08,-0.08468345317349063,0.03586124771748127,-0.11781189784812905,6.538997026553,1885,1.0476033698914478,-1.657811545582999,-1.574461400692484,0.07921473516774895,0.3106754227296227,-1.3835887423901183,-3.133756146362443,-1.3200866807742906,0.5219020478533398,-0.9991505341815143,0.16358998603009411,0.14596841063776525
2025-10-09,0.3106754227296222,0.16358998603009411,0.14596841063776525,6.984714744036,1879,1.1066616990155813,-1.3522865358806757,-1.657811545582999,-0.08468345317349063,-1.689016805020771,-3.4337637091730544,-1.8535166697567163,-2.6171113603461693,0.2731216221186994,-0.23166760348435345,-0.6687696779239669,-1.025714353001266
2025-10-10,-1.689016805020771,-0.6687696779239669,-1.025714353001266,7.00523299047,1876,1.09652632839104,-3.0184629940583796,-1.3522865358806757,0.3106754227296222,-1.7747222613896052,-0.16732602949326436,0.06439299585740965,0.9094748289250276,3.2455512060287406,1.369914371920844,-1.3915734050526354,-0.39231272192169775
2025-10-14,-1.7747222613896037,-1.3915734050526354,-0.39231272192169775,8.076686950217,1876,1.2456734371395526,-4.739615920740626,-3.0184629940583796,-1.689016805020771,1.6364384697122647,1.8723441659703077,0.8456913929703047,2.7802977556996344,3.0606058012676796,4.438245887296799,0.6185317729948756,1.0132205733171666
2025-10-15,1.6364384697122556,0.6185317729948756,1.0132205733171666,5.843442182616,1896,0.8849573198625876,-3.180738349271961,-4.739615920740626,-1.7747222613896037,0.23210740144967712,-0.77801533450782,1.0786056464203275,2.1661510836894493,-0.04510552022218839,2.9756591847989178,0.4271999607371488,-0.19402991103795342
2025-10-16,0.23210740144968295,0.4271999607371488,-0.19402991103795342,6.008402392503,1885,0.9127489600977697,-2.8741354037354228,-3.180738349271961,1.6364384697122556,-1.0077835956414205,0.8445380097420019,0.8912660223564739,1.8666298607993959,0.5142321885053258,2.0771925227120125,-0.4722122618338332,-0.5360266872679582
2025-10-17,-1.0077835956414214,-0.4722122618338332,-0.5360266872679582,5.893154836857,1888,0.893753435396404,-3.8529539342614716,-2.8741354037354228,0.23210740144968295,1.871179040801696,1.9183827648031837,2.9672520945060343,2.967906397970599,1.9821288731180609,2.6576717355555335,1.2776153680942595,0.5804931124557544
2025-10-20,1.8711790408016948,1.2776153680942595,0.5804931124557544,6.180618819028,1887,0.9324717497138606,-2.053870559929427,-3.8529539342614716,-1.0077835956414214,0.04633668172484562,1.0759402846072463,1.0135321865014424,2.3150218362191666,0.08416820201393449,-1.1814723110747716,0.42317086343116234,-0.36500959074757816
2025-10-21,0.04633668172485649,0.42317086343116234,-0.36500959074757816,7.121415816236,1879,1.06948098513253,-2.008485573668961,-2.053870559929427,1.8711790408016948,1.0291267397004589,0.9667475460430897,1.0297687273839617,0.272725465569601,-0.6992161029851562,-1.4768158247907226,0.08593815065742648,0.943287593233657
2025-10-22,1.0291267397004527,0.08593815065742648,0.943287593233657,6.852793541696,1860,1.0496165440644374,-1.0000286960701543,-2.008485573668961,0.04633668172485649,-0.06174377198973069,0.0006354481170145476,1.225891689083447,-2.16437301440503,-1.3702149140740083,-1.3738938286118052,-0.384182995712846,0.3255584339025611
2025-10-23,-0.061743771989732084,-0.384182995712846,0.3255584339025611,5.74556123726,1855,0.8739758439467523,-1.0611550126219504,-1.0000286960701543,1.0291267397004527,0.06241775918565118,1.2884309869640065,-0.6873768813410619,-1.32761599568193,-1.5131553930513242,-0.590591639870075,0.33641302769949566,-0.2746547895764811
2025-10-24,0.06241775918565421,0.33641302769949566,-0.2746547895764811,6.007394155363,1844,0.9195254348279598,-0.9993996026166685,-1.0611550126219504,-0.061743771989732084,1.225248455148198,-0.7493269274496228,-2.1649947051039398,-0.9573638615536395,-0.5034142923218909,-0.7976737861303818,0.8732244220008423,0.34649252050461943
2025-10-27,1.2252484551481955,0.8732244220008423,0.34649252050461943,6.860792075278,1845,1.0520750886317927,0.0,-0.9993996026166685,0.06241775918565421,-1.9506747701120597,-3.3492070525806827,-2.582769776523264,-2.1803774208016824,-1.8166756942049944,-0.5117160037559132,-0.23970640441343669,-1.71440569642692
2025-10-28,-1.9506747701120613,-0.23970640441343669,-1.71440569642692,6.563864121994,1827,1.005938392336091,-1.9506747701120597,0.0,1.2252484551481955,-1.4263558460903325,-0.6446704298364025,-0.20960758014401115,-0.9692980459461875,1.336728108008245,2.281868120197772,0.22598578573620873,-1.6509547182142714
2025-10-29,-1.42635584609033,0.22598578573620873,-1.6509547182142714,7.904370393535,1814,1.2030934150140142,-3.3492070525806827,-1.9506747701120597,-1.9506747701120613,0.7929963662836936,1.234354554292949,1.209332687435749,0.8117268982677839,3.0221278515103034,4.609449603301896,-0.06598897689259242,0.86795087673276
2025-10-30,0.7929963662837044,-0.06598897689259242,0.86795087673276,10.837890992832,1824,1.6218623301686548,-2.582769776523264,-3.3492070525806827,-1.42635584609033,0.4378857697665328,0.4130607643006101,-0.32673397342065646,-0.1880357906030472,1.5549642077308024,2.601345598901794,0.30181032319863865,0.13578766963360828
2025-10-31,0.4378857697665376,0.30181032319863865,0.13578766963360828,9.342814224736,1826,1.3481316167459572,-2.1561935880739513,-2.582769776523264,0.7929963662837044,-0.024716774228827898,-0.7612861793406589,-0.4174745400273294,0.458337527079955,0.6624129834335468,1.2700030291574516,-0.0446922050250954,0.025111309192129328
2025-11-04,-0.024716774228823554,-0.0446922050250954,0.025111309192129328,9.386810371835,1832,1.323280242220417,-2.1803774208016824,-2.1561935880739513,0.4378857697665376,-0.7367515063182783,-0.3928548668489795,-0.59862387455214,0.3718085564092366,-1.2645761420868151,0.9473310844375193,-0.6050073858150639,-0.12574345364462425
2025-11-05,-0.7367515063182735,-0.6050073858150639,-0.12574345364462425,10.134076401526,1846,1.3939639970405815,-2.9010649636287855,-2.1803774208016824,-0.024716774228823554,0.34644910849475075,0.13915284242880244,1.2289797594764007,2.3285972011228617,-0.7830751090666332,2.610638395722642,0.4734374621016895,-0.12503773822795988
2025-11-06,0.3464491084947545,0.4734374621016895,-0.12503773822795988,7.453484598143,1853,1.016475375856122,-2.5646665688373704,-2.9010649636287855,-0.7367515063182735,-0.20658056952450599,0.8794836875866574,0.7676792887056916,2.1926030048796896,-0.0037300238813098296,1.5583773767371856,-0.5788773779040988,0.37461549942891287
2025-11-07,-0.20658056952448942,-0.5788773779040988,0.37461549942891287,7.629266221007,1855,1.0398167254598567,-2.765949035557569,-2.5646665688373704,0.3464491084947545,1.0883124992703497,0.9762766561065117,2.1864019182778582,1.7462836365760515,0.9367380555881377,2.835419630966163,0.7116237971017495,0.3743635397825488
2025-11-10,1.0883124992703446,0.7116237971017495,0.3743635397825488,6.616723114157,1853,0.8951631428217184,-1.7077387053646365,-2.765949035557569,-0.20658056952448942,-0.11082967001218025,1.0862674347397405,1.3016713302772542,0.20314436947415082,-0.2957483331870625,1.3579374164434999,0.26776780957262936,-0.36894024107188916
2025-11-11,-0.11082967001218418,0.26776780957262936,-0.36894024107188916,7.29445032544,1854,0.9893141347816868,-1.8166756942049944,-1.7077387053646365,1.0883124992703446,1.1984253155745028,1.4140682074174737,0.7625622631065365,-1.630323018017965,1.3291052219669641,1.7995537526936944,0.19849035103008705,0.996451176249766
2025-11-12,1.1984253155744993,0.19849035103008705,0.996451176249766,7.519340091708,1854,1.0178187313664304,-0.6400218800517332,-1.8166756942049944,-0.11082967001218418,0.2130891771986665,-0.43070141764438574,-0.8736330736869968,-3.040862862679161,0.9326727138675439,-0.7002817292207753,0.2929422578909876,-0.08026859382644015
2025-11-13,0.213089177198668,0.2929422578909876,-0.08026859382644015,6.753673409091,1854,0.9176394542860531,-0.4282965202111577,-0.6400218800517332,1.1984253155744993,-0.6424216638054925,-1.084411487369774,-3.001941721940271,-2.1492093988995764,1.5407580729447368,0.32623757435379375,-0.767619783043862,0.12473386070464965
2025-11-14,-0.642421663805487,-0.767619783043862,0.12473386070464965,7.315175354581,1866,0.9878237267579943,-1.0679667143854932,-0.4282965202111577,0.213089177198668,-0.44484762105284625,-2.37477613448962,-2.6214520762902316,-0.7956512533464966,1.0303596671361381,1.7505800926298276,-0.2535667545880301,-0.19099756722727046
2025-11-17,-0.4448476210528471,-0.2535667545880301,-0.19099756722727046,6.74532144848,1879,0.9029055298436218,-1.5080635109157692,-1.0679667143854932,-0.642421663805487,-1.9385521164094865,-2.1863302935365425,-1.0764712898552187,-0.49788128486434324,0.6035917754364517,0.6236511161648695,-0.47570886409153745,-1.4752115585487755
2025-11-18,-1.9385521164094957,-0.47570886409153745,-1.4752115585487755,7.225186074119,1890,0.9616538572069722,-3.4173810302176033,-1.5080635109157692,-0.4448476210528471,-0.25267644163401437,0.8791230857386978,1.617537782365086,3.008476118638681,2.2402367256836087,2.4604165307517745,0.14386534663027667,-0.3957501619772046
2025-11-19,-0.2526764416340172,0.14386534663027667,-0.3957501619772046,7.183100195464,1892,0.9494522527261038,-3.661422555067384,-3.4173810302176033,-1.9385521164094957,1.1346665624671681,1.8749517854529385,1.7261892062113482,4.098154845292279,3.42049857775768,2.8877435172086408,1.3520735327455171,-0.20802633648036245
2025-11-20,1.1346665624671612,1.3520735327455171,-0.20802633648036245,7.439732158457,1890,0.9829727844331818,-2.568300930043199,-3.661422555067384,-0.2526764416340172,0.7319796941521739,0.5848861363267677,2.1107965332828993,3.7710144692513214,1.5621656697710318,2.705653338805547,-0.9226537711368662,1.667066966088943
2025-11-21,0.7319796941521685,-0.9226537711368662,1.667066966088943,9.581428157336,1889,1.2610541602826222,-1.8551206771836637,-2.568300930043199,1.1346665624671612,-0.14602468676979674,1.3687975192358648,2.1822862449264013,1.8406561240030594,1.8810609615028007,2.2330785100871386,0.753936545854076,-0.889296147500946
2025-11-25,-0.14602468676979283,0.753936545854076,-0.889296147500946,6.71376203502,1891,0.8618718967737454,-1.9984364297953916,-1.8551206771836637,0.7319796941521685,1.5170374551978005,2.331715812407631,3.167601471066206,1.106984529097521,1.658591004881882,3.194053510539452,0.5716604252007454,0.9384578007607286
2025-11-26,1.517037455197793,0.5716604252007454,0.9384578007607286,6.649764174253,1898,0.8498032666662174,-0.0837783031016226,-1.9984364297953916,-0.14602468676979283,0.8025040698901087,1.625898526241798,0.46548702985023116,-0.7458021144495564,0.464277790370482,1.6026852623723054,0.31355008311347476,0.48420461647129304
2025-11-27,0.8025040698900976,0.31355008311347476,0.48420461647129304,5.454914126733,1890,0.6980492628208256,0.0,-0.0837783031016226,1.517037455197793,0.8168392878224573,-0.33433399611403347,-1.196824731792101,-0.6509781739567955,-1.617865057153045,1.5080252703892905,0.16412305826190443,0.6473915350218523
2025-11-28,0.8168392878224655,0.16412305826190443,0.6473915350218523,5.150480004594,1883,0.6638017003339212,0.0,0.0,0.8025040698900976,-1.1418462352801972,-1.9973488891729008,-2.3337561341009394,-2.1285797491502723,-1.196091620389983,0.762034601933137,0.260554106905553,-1.3999862391566882
2025-12-01,-1.1418462352801981,0.260554106905553,-1.3999862391566882,5.96839042523,1870,0.783112574319815,-1.1418462352801972,0.0,0.8168392878224655,-0.8653840086158104,-1.2056768748255786,-0.3177063782731526,0.03967456518596535,0.712875246476985,2.4537092418013717,0.07816701379833166,-0.9365234890329007
2025-12-02,-0.8653840086158083,0.07816701379833166,-0.9365234890329007,5.692965873745,1861,0.7716247177836324,-1.9973488891729008,-1.1418462352801972,-1.1418462352801981,-0.3432634128923806,0.5524585180117558,-0.13390541836358905,0.5455671320368838,0.019938990620915753,2.5607555387757053,0.03235333696713601,-0.37977682914951255
2025-12-03,-0.3432634128923739,0.03235333696713601,-0.37977682914951255,5.922682837348,1849,0.8231204663253991,-2.3337561341009394,-1.9973488891729008,-0.8653840086158083,0.8988072071988817,0.21007911928341283,1.2605495949738588,1.219172519247369,0.21535533574608134,3.657138565925866,0.04297992806939311,0.8557913510804958
2025-12-04,0.8988072071988836,0.04297992806939311,0.8557913510804958,6.358592511553,1825,0.9054991695163689,-1.4559248952337955,-2.3337561341009394,-0.3432634128923739,-0.6825928937902681,0.3585199843166853,-0.006853523102723358,-0.973222348267544,-0.515134879328083,4.009369205681335,-0.32873284261740415,-0.35368086883270233
2025-12-05,-0.6825928937902711,-0.32873284261740415,-0.35368086883270233,5.912524089555,1814,0.8652362442249611,-2.1285797491502723,-1.4559248952337955,0.8988072071988836,1.0482682829139778,0.680383620934566,1.0069779495561537,0.9527685675453368,1.1258992573598192,5.202181431125008,0.4645922801157233,0.5848717418027252
2025-12-08,1.0482682829139784,0.4645922801157233,0.5848717418027252,5.473684888914,1809,0.8101513012069781,-1.1026246926231553,-2.1285797491502723,-0.6825928937902711,-0.3640682499866599,-0.040861990076090926,-1.3269848267913331,0.6729336977724376,0.34551814170578066,4.077229827613005,0.004119676638195909,-0.36809473561075456
2025-12-09,-0.36406824998666326,0.004119676638195909,-0.36809473561075456,5.363361695249,1816,0.8066910446989022,-1.4626786361874644,-1.1026246926231553,1.0482682829139784,0.32438725089809495,-0.9664350600149363,0.27054420813126256,-0.5227760471286591,1.5104109652511744,5.062155662328949,0.40205162931235455,-0.07925247192024132
2025-12-10,0.32438725089809406,0.40205162931235455,-0.07925247192024132,6.204945259483,1811,0.9421522188690323,-1.1430361283067736,-1.4626786361874644,-0.36406824998666326,-1.286648586933159,-0.05366894754330609,0.7140874782030071,-0.991726328636422,1.1331465243568761,5.780886444869959,0.3442017508958564,-1.6224836177174367
2025-12-11,-1.2866485869331636,0.3442017508958564,-1.6224836177174367,5.889038308046,1812,0.9016431557336434,-2.4149778570469294,-1.1430361283067736,0.32438725089809406,1.249050530389173,2.0268140393330025,0.44798853111582826,0.4625894932686725,3.1772946677344205,7.948019406458018,0.822755050064449,0.42421562703152077
2025-12-12,1.249050530389169,0.822755050064449,0.42421562703152077,7.070325478169,1812,1.0961853438929612,-1.196091620389983,-2.4149778570469294,-1.2866485869331636,0.7681686937996313,-0.7911797642318863,-0.9385610969558922,0.17149672294389795,1.9818307336587182,8.022323512562913,-0.1843997702964057,0.9575937281243191
2025-12-15,0.7681686937996288,-0.1843997702964057,0.9575937281243191,5.645115387668,1814,0.8730772166051974,-0.4371109279673435,-1.196091620389983,1.249050530389169,-1.5474613444349195,-1.6937191703281895,-1.5331504377479432,-0.32522699402957045,1.728511862126858,7.440256075852125,-0.18621332690130896,-1.3751805845526404
2025-12-16,-1.5474613444349181,-0.18621332690130896,-1.3751805845526404,5.868608433369,1797,0.9195180296932923,-1.9778081497596633,-0.4371109279673435,0.7681686937996288,-0.1485566831394225,0.0145358432422249,0.9703537295252529,2.0438718850287474,2.5403100359749686,9.230318573365604,0.11101067395085375,-0.2576374138269528
2025-12-17,-0.14855668313942566,0.11101067395085375,-0.2576374138269528,5.545505452365,1793,0.8749020435461955,-2.1234266667129464,-1.9778081497596633,-1.5474613444349181,0.16333517169513367,1.1205751018681154,1.3920699315943974,2.146156855583947,3.434387094322,8.693956489397902,-0.21039540991084948,0.3739355301807602
2025-12-18,0.16333517169514322,-0.21039540991084948,0.3739355301807602,5.567731494509,1788,0.8902037731359858,-1.9635597976097152,-2.1234266667129464,-0.14855668313942566,0.9556789702860113,1.2267310765890826,2.029041103552376,2.702205057781848,4.547932069386973,7.46342082857443,0.2728676951892778,0.6826083174372116
2025-12-19,0.9556789702860101,0.2728676951892778,0.6826083174372116,7.138862056374,1781,1.1563386482323514,-1.0266461553784523,-1.9635597976097152,0.16333517169514322,0.26848623977147046,1.0632013416326025,1.0142166939642872,1.8072346624927293,4.03089831952077,7.249571042143876,0.8342165114780945,-0.5611391222287747
2025-12-22,0.2684862397714632,0.8342165114780945,-0.5611391222287747,5.586267487298,1783,0.907062729384495,-0.7609163192653146,-1.0266461553784523,0.9556789702860101,0.7925871145204377,0.7437336317310805,1.457593232045018,2.0604399631122483,3.718862341851059,7.650375847395052,0.09841146346073291,0.6931925032582604
2025-12-23,0.7925871145204422,0.09841146346073291,0.6931925032582604,4.765841136574,1780,0.7997885936569827,0.0,-0.7609163192653146,0.2684862397714632,-0.048469321195077075,0.6597768115317759,0.7362059691192746,0.4864948200961505,3.4988969735268105,5.155934131468554,0.17323306838034414,-0.22045439898555225
2025-12-24,-0.04846932119507466,0.17323306838034414,-0.22045439898555225,4.45212952869,1780,0.759557225498631,-0.048469321195077075,0.0,0.7925871145204422,0.7085895812869669,0.7850558015323639,1.3069858381409727,1.2611636877923438,4.595664310111935,5.364374321689147,0.390804931220126,0.31789069264199765
2025-12-25,0.708589581286972,0.390804931220126,0.31789069264199765,3.412247581058,1787,0.5932694511982918,0.0,-0.048469321195077075,-0.04846932119507466,0.07592820092439112,0.5941859173501873,-0.17214621065578806,1.7971639562818442,4.6238125879215275,3.434003556367915,0.27770763609052995,-0.20012697846380564
2025-12-26,0.07592820092439563,0.27770763609052995,-0.20012697846380564,4.375932763895,1792,0.7745747193077762,0.0,0.0,0.708589581286972,0.5178645112192015,-0.24788619605118356,0.4723992882412542,2.1841902143790115,5.923106827411129,3.3056405208611084,0.16576060617923022,0.3544266822483728
2025-12-29,0.5178645112192002,0.16576060617923022,0.3544266822483728,4.958244962084,1800,0.8837064366788866,0.0,0.0,0.07592820092439563,-0.7618055864934359,-0.04523098774434908,1.195872333933945,1.6249414360140157,5.614693569356866,3.0438083135859717,-0.1249372205923363,-0.6346722158672973
2025-12-30,-0.7618055864934374,-0.1249372205923363,-0.6346722158672973,4.333433618268,1798,0.7793622452104545,-0.7618055864934359,0.0,0.5178645112192002,0.7220754095577986,1.972706105746047,2.4381201737841307,2.997817924511992,6.524271805930315,3.0853088308417043,0.7255718673962158,-0.006100979668490553
2026-01-05,0.7220754095578085,0.7255718673962158,-0.006100979668490553,6.589481419087,1794,1.1997773083333105,-0.04523098774434908,-0.7618055864934359,-0.7618055864934374,1.2416649389946688,1.703742458888513,1.6709282010882065,3.292970869464318,5.084933108637957,4.435672990584449,0.58317906690909,0.6542667009628635
2026-01-06,1.2416649389946761,0.58317906690909,0.6542667009628635,6.915520576154,1807,1.2515434502858138,0.0,-0.04523098774434908,0.7220754095578085,0.45641043158690664,0.4239986198885548,1.0052805872415416,2.776745954193416,2.7886622924808036,3.6078592949374544,-0.20644710523395446,0.6650808351826356
2026-01-07,0.45641043158691524,-0.20644710523395446,0.6650808351826356,7.044378226061,1827,1.2684710960264676,0.0,0.0,1.2416649389946761,-0.032264552913152666,0.5463764366022472,1.5626056349088868,3.658997155223309,3.0939584052588565,3.7260827127713725,0.08570849501665229,-0.11220633443474559
2026-01-08,-0.032264552913150724,0.08570849501665229,-0.11220633443474559,6.59674822982,1849,1.1758840775982002,-0.032264552913152666,0.0,0.45641043158691524,0.5788277456996838,1.5953849316374669,2.342813835973767,3.925957621195697,3.7905482346942465,3.9854908107234577,0.39293966441829015,0.18806849526432884
2026-01-09,0.5788277456996812,0.39293966441829015,0.18806849526432884,6.865439023701,1845,1.2116508491912188,0.0,-0.032264552913152666,-0.032264552913150724,1.0107069337773833,1.7538344100948233,3.0957065077165558,3.4238141666291355,1.60101914744617,4.885267373700275,1.6771951428697391,-0.6565033355606874
2026-01-13,1.010706933777376,1.6771951428697391,-0.6565033355606874,8.507126806733,1840,1.481744881684656,0.0,0.0,0.5788277456996812,0.7356917884008496,2.0641371961747534,2.293974958731071,1.7348346398499803,0.7349348719638105,5.655677922307656,0.2944290715635679,0.43449910127808333
2026-01-14,0.7356917884008497,0.2944290715635679,0.43449910127808333,8.013817406981,1854,1.36838653682536,0.0,0.0,1.010706933777376,1.3187435199872866,1.5469027339420682,1.6411958981357389,0.011594391490765688,-1.1372258400101365,5.8348078632919576,-0.03053653517202542,1.354704825014831
2026-01-15,1.3187435199872821,-0.03053653517202542,1.354704825014831,7.789223166441,1856,1.3063384625889038,0.0,0.0,0.7356917884008497,0.22518954146897308,0.31825540560996846,-0.32264276696115646,-0.5450937839176162,-2.4711003906020768,2.327402522583788,0.12862053299792855,0.11447244565365218
2026-01-16,0.22518954146896514,0.12862053299792855,0.11447244565365218,7.728728673099,1869,1.2884257850314724,0.0,0.0,1.3187435199872821,0.09285676042796176,-0.5466014192005653,-1.5119204043809176,-0.130294095528094,-2.4342117264986363,2.81542378263977,0.009836384513291108,0.08529723784792444
2026-01-19,0.09285676042795958,0.009836384513291108,0.08529723784792444,6.586058963087,1871,1.07919290477334,0.0,0.0,0.22518954146896514,-0.6388649503321409,-1.603288403137404,-0.8606102508829094,-1.7624519399818461,-3.228337464116937,2.6920414346628174,0.07230030772696644,-0.7116024291856069
2026-01-20,-0.6388649503321404,0.07230030772696644,-0.7116024291856069,6.611298666597,1877,1.0769980079417698,-0.6388649503321409,0.0,0.09285676042795958,-0.9706244321013191,-0.22317106224675198,0.418595371916064,-0.9828489636080961,-0.6178432043938087,4.360363045297855,-1.38149666969546,0.42577448404486445
2026-01-21,-0.9706244321013243,-1.38149666969546,0.42577448404486445,7.470105797366,1885,1.2064269328823887,-1.603288403137404,-0.6388649503321409,-0.6388649503321404,0.7547794435420752,1.4028360736909606,-0.16175696754637814,-1.1486870482275147,0.7969721408822794,6.091282353411853,0.6975348563313882,0.060852817137785856
2026-01-22,0.7547794435420739,0.6975348563313882,0.060852817137785856,7.914179891785,1901,1.2588077176679262,-0.8606102508829094,-1.603288403137404,-0.9706244321013243,0.6432018746187929,-0.9096704058610183,-0.7613770746665915,-1.936562689526744,0.6131535904632335,4.206955850957139,0.3527631327474357,0.28965496376925226
2026-01-23,0.643201874618799,0.3527631327474357,0.28965496376925226,7.000066567145,1899,1.1065881444414714,-0.22294383753095337,-0.8606102508829094,0.7547794435420739,-1.5429480099553916,-1.3956024084321172,-2.5162246153196843,-2.306923415969897,0.18782305262363685,3.7768840788785507,-0.9348309467211294,-0.6134029586618922
2026-01-26,-1.5429480099553945,-0.9348309467211294,-0.6134029586618922,7.209739781828,1896,1.1271382181656469,-1.7624519399818461,-0.22294383753095337,0.643201874618799,0.14965469567194134,-0.9885290953691284,-1.0363193743241572,-1.4921845598584338,3.232495356653775,6.0546317652423465,-0.1753173209571995,0.3284875979858903
2026-01-27,0.14965469567193163,-0.1753173209571995,0.3284875979858903,6.498552091364,1915,0.9969099657408284,-1.615434836397045,-1.7624519399818461,-1.5429480099553945,-1.1364829908797058,-1.184201856311895,-0.9242194362492739,0.36862882378845274,4.8848426383540255,6.600633774303555,-0.48368908385828935,-0.6581948424509482
2026-01-28,-1.1364829908797078,-0.48368908385828935,-0.6581948424509482,7.833306196525,1918,1.1830972689587134,-2.7335586851323423,-1.615434836397045,0.14965469567193163,-0.04826741640983068,0.21470362480717764,-0.5086839533718579,1.9682684336818523,7.052233525249085,9.984200119969033,-0.122979702904373,0.07969447538276896
2026-01-29,-0.04826741640982849,-0.122979702904373,0.07969447538276896,8.462830469047,1928,1.2368817523106859,-2.780506683388817,-2.7335586851323423,-1.1364829908797078,0.26309803183959257,-0.4606388754461954,1.5714396981769907,2.6000682312587786,4.9200831060370875,8.921187651876794,0.1142660356270515,0.14651634803294927
2026-01-30,0.26309803183960184,0.1142660356270515,0.14651634803294927,8.751573344575,1935,1.2419896576422038,-2.524724109908394,-2.780506683388817,-0.04826741640982849,-0.7218377663294917,1.3049084778149478,1.7498079078693163,2.5536573888608194,5.380610972385491,5.392302688139594,0.5405713447024136,-1.2556668043811297
2026-02-02,-0.7218377663294891,0.5405713447024136,-1.2556668043811297,9.055834211539,1935,1.2514833519873672,-3.228337464116937,-2.524724109908394,0.26309803183960184,2.0414824353558236,2.4896166675419718,3.074871158631498,4.79624880056666,6.1178848679844355,2.207054306281342,1.0428027571274072,0.9853986958725681
2026-02-03,2.041482435355834,1.0428027571274072,0.9853986958725681,8.49445589402,1949,1.1368078147705387,-1.2527609710450638,-3.228337464116937,-0.7218377663294891,0.43916868070790205,1.0127143379461856,1.2326637769179083,4.499626892875486,5.009154973291707,3.2730074610448634,-0.07499453651227331,0.5067663286321674
2026-02-04,0.4391686807079075,-0.07499453651227331,0.5067663286321674,9.353208490628,1949,1.2359790260138042,-0.8190940241661226,-1.2527609710450638,2.041482435355834,0.5710378378992242,0.7900255514185828,2.2506008003786215,4.985830562449678,5.252449652088553,3.2767939918977085,0.6281699003345078,-0.052907538944658376
2026-02-05,0.5710378378992335,0.6281699003345078,-0.052907538944658376,9.53791449258,1948,1.2404084664612385,-0.2527335230728567,-0.8190940241661226,0.4391686807079075,0.21774431111303283,1.6700264793792163,3.4519541206105675,2.2612215710705375,3.5719010211350266,-0.5480649643822888,-0.5256512484117435,0.7604581701593423
2026-02-06,0.21774431111303783,-0.5256512484117435,0.7604581701593423,9.082812861592,1959,1.1623753216415584,-0.035539524828598346,-0.2527335230728567,0.5710378378992335,1.4491267771481242,3.2271828025357996,4.1629169038067015,2.756560473319336,3.582332579848302,1.6541164439979772,2.10708594227894,-0.6396462159446227
2026-02-09,1.4491267771481187,2.10708594227894,-0.6396462159446227,11.60369196254,1964,1.4617326158942345,0.0,-0.035539524828598346,0.21774431111303783,1.752657792011858,2.675025614187798,0.5814841523733127,1.2611482591642353,2.733767501055251,0.9931440571431027,0.5148909418929731,1.2276464571512653
2026-02-10,1.7526577920118689,0.5148909418929731,1.2276464571512653,10.589505013891,1974,1.2953164404786413,0.0,0.0,1.4491267771481187,0.9064803241418229,-1.1510005390055644,-0.4559093026075489,0.487588420711349,1.635880926918687,-2.6874677492922494,0.35165302915428603,0.5478049924579601
2026-02-12,0.9064803241418216,0.35165302915428603,0.5478049924579601,10.745544569937,1979,1.2978737223880878,0.0,0.0,1.7526577920118689,-2.0389977497363376,-1.3501507756221054,-1.3770411515029557,0.2539572132834511,2.738818703888546,-3.931952435397834,-0.44046942953756196,-1.6038501130971985
2026-02-13,-2.0389977497363385,-0.44046942953756196,-1.6038501130971985,11.691974575761,1999,1.3892668326688857,-2.0389977497363376,0.0,0.9064803241418216,0.7031848983684474,0.6757348159242671,1.6576687358009101,1.281697431272688,3.8134782468633555,-2.066119063641436,0.6700178172064976,0.03778387231448403
2026-02-16,0.7031848983684548,0.6700178172064976,0.03778387231448403,7.960645856467,2012,0.9244666069009168,-1.3501507756221054,-2.0389977497363376,-2.0389977497363385,-0.027258405453489676,0.9478189179376484,1.6260622814101122,0.8036198396727867,0.011094750396889452,-2.8091395787141926,0.25361252592317435,-0.2847627710562958
2026-02-17,-0.027258405453490786,0.25361252592317435,-0.2847627710562958,7.111446702223,2038,0.8247388382437746,-1.3770411515029557,-1.3501507756221054,0.7031848983684548,0.975343186391453,1.6537714785985091,0.6018953985847286,1.4542786322371493,-3.685364221656273,-0.63176160565942,0.59682758093777,0.38295087255339466
2026-02-18,0.9753431863914622,0.59682758093777,0.38295087255339466,7.260789594965,2049,0.839501062533177,-0.41512884215648693,-1.3770411515029557,-0.027258405453490786,0.6718752031916742,-0.3698405729776755,-0.14284516476981146,1.1427207322358912,-1.653329667007053,-4.6528440631147365,0.33020659713779876,0.3368219570478663
2026-02-19,0.6718752031916642,0.33020659713779876,0.3368219570478663,7.844864616722,2047,0.9036395694016242,0.0,-0.41512884215648693,0.9753431863914622,-1.0347634570894826,-0.8092829961864556,-0.19624736343732962,2.47856699094553,-1.8770638277031737,-8.574183961235338,-0.44594170763825497,-0.5830679543147061
2026-02-20,-1.0347634570894841,-0.44594170763825497,-0.5830679543147061,7.951150045704,2047,0.913909865469019,-1.0347634570894826,0.0,0.6718752031916642,0.22783804574169064,0.8472834734129853,1.5181761365357538,2.4997416905544023,-3.9778800474817855,-5.643233339601972,0.1242744274360219,0.0958119037682911
2026-02-24,0.22783804574168773,0.1242744274360219,0.0958119037682911,9.378682346768,2052,1.0777622776478586,-0.8092829961864556,-1.0347634570894826,-1.0347634570894841,0.6180373035568953,1.2874048926458714,3.314675089006136,-0.7862069740515398,-1.8615299422456322,-3.7242502049604997,0.47611108873002933,0.14111979355841198
2026-02-25,0.6180373035569032,0.47611108873002933,0.14111979355841198,9.888128101781,2067,1.1209852488255212,-0.19624736343732962,-0.8092829961864556,0.22783804574168773,0.6652560584833545,2.6800739288063147,1.6385748432946823,-5.0659695413381005,-1.6943050822060823,-5.110569843320145,0.5313162677378055,0.13124646609520318
2026-02-26,0.6652560584833626,0.5313162677378055,0.13124646609520318,9.69006298421,2066,1.0821027460912396,0.0,-0.19624736343732962,0.6180373035569032,2.0015027520045248,0.9668865137002713,-2.0472554005063204,-2.7644603378281563,-4.2537621918381845,-5.27260757268182,0.28340449286961905,1.719982291137702
2026-02-27,2.001502752004516,0.28340449286961905,1.719982291137702,10.678060536331,2079,1.1715566353318823,0.0,0.0,0.6652560584833626,-1.014314701637009,-3.9693122584228746,-7.543862381239785,-4.250284665898518,-6.492941249901573,-9.729223675063814,-1.6928159457450076,0.7007419576181797
2026-03-02,-1.0143147016370135,-1.6928159457450076,0.7007419576181797,9.661835967083,2090,1.0437714234481457,-1.014314701637009,0.0,2.001502752004516,-2.9852776670474035,-6.59645650774795,-3.695614453776508,-6.319646890030272,-5.663616526289006,-9.544610102132811,-0.38234232855131167,-2.6105833902157904
2026-03-03,-2.9852776670474,-0.38234232855131167,-2.6105833902157904,10.98488243179,2091,1.1790644325528499,-3.9693122584228746,-1.014314701637009,-1.0143147016370135,-3.7222998261099427,-0.7321948356366348,-0.29258606189696,-1.0838442270953763,-2.819921465863051,-3.3251117163812127,-2.1525411860732495,-1.6126503779278962
2026-03-04,-3.722299826109938,-2.1525411860732495,-1.6126503779278962,12.01512323431,2116,1.2743713766761433,-7.543862381239785,-3.9693122584228746,-2.9852776670474,3.1057087831063646,3.562313763227065,0.29635879685940836,3.5515867627680553,3.1704450640547943,-0.783132016565935,3.1073349928877345,-0.0013995154552917716
2026-03-05,3.1057087831063632,3.1073349928877345,-0.0013995154552917716,10.123927332329,2145,1.0571924236190375,-4.672443994693043,-7.543862381239785,-3.722299826109938,0.44285130814747387,-2.724727873368027,-0.354243141446009,-1.5316435319681965,-3.049939958263548,-3.0172009247732667,-0.8227479418602517,1.2820276198679577
2026-03-06,0.44285130814748147,-0.8227479418602517,1.2820276198679577,8.22676113205,2152,0.8518332947780383,-4.250284665898518,-4.672443994693043,3.1057087831063632,-3.153613363481411,-0.7935800698728457,-0.010358015449085656,-2.3422070511412985,-6.825234134629343,-3.0532618864348993,-4.244422952479043,1.1448553199136575
2026-03-09,-3.153613363481411,-4.244422952479043,1.1448553199136575,10.944255864534,2146,1.139861584218455,-7.269860484170154,-4.250284665898518,0.44285130814748147,2.4368831668095003,3.245609317185494,1.2265032164049838,0.700285963878855,-1.734343391859794,0.4335364476047987,1.7789832690342997,0.6447473913744257
2026-03-10,2.4368831668095017,1.7789832690342997,0.6447473913744257,8.617343009363,2168,0.8909846787182318,-5.010135323749942,-7.269860484170154,-3.153613363481411,0.7894872680370923,-1.181586078164365,-1.5610148842778337,-1.7550997864832385,-1.8980530892917513,0.8016392446267284,0.9407167202901693,-0.14881991038901513
2026-03-11,0.7894872680370838,0.9407167202901693,-0.14881991038901513,8.159395111359,2165,0.8456704254410178,-4.260202436205285,-5.010135323749942,2.4368831668095017,-1.9556338658213712,-2.3320905939962278,-2.4653090529855204,-0.3680693948094005,-3.4751443077339905,-1.0726556273219168,-0.774634372234099,-1.1897684224893716
2026-03-12,-1.9556338658213706,-0.774634372234099,-1.1897684224893716,8.230097939903,2161,0.8685001879051587,-6.132522340431679,-4.260202436205285,0.7894872680370838,-0.3839656912663969,-0.5198413812647185,-0.5803712947391682,-1.5419130376043921,-1.0641100936884862,0.4906866172085911,-1.275091164814859,0.91018887560573
2026-03-13,-0.38396569126640107,-1.275091164814859,0.91018887560573,8.503756844321,2158,0.9086910606787703,-6.492941249901573,-6.132522340431679,-1.9556338658213706,-0.13639941696254043,-0.1971626403677873,2.010917619852415,-4.59054720378097,-3.461003338594304,0.7222472892954634,-0.1448148161638338,0.009995090889508779
2026-03-16,-0.13639941696254154,-0.1448148161638338,0.009995090889508779,7.276023028849,2142,0.7869238310193805,-6.620484332855526,-6.492941249901573,-0.38396569126640107,-0.06084621729087747,2.1502499652307883,-1.027412572045494,-2.417698552129177,-4.113994445128732,1.4923167210066257,0.8976575012891332,-0.9386948104046823
2026-03-17,-0.06084621729087925,0.8976575012891332,-0.9386948104046823,6.841986687664,2117,0.7580844918001814,-6.677302235863525,-6.620484332855526,-0.13639941696254154,2.2124423700135454,-0.9671548318851642,-4.402063788609478,-0.14550709756723235,-0.5198496010071718,1.8824590486413273,0.7907574184569559,1.405739409475084
2026-03-18,2.212442370013536,0.7907574184569559,1.405739409475084,7.42944242593,2099,0.8283072082539626,-4.612591329690085,-6.677302235863525,-0.06084621729087925,-3.11077313893785,-6.471331674746816,-4.471793773304289,-3.118553353379183,-3.832082994472008,0.48648090859622073,-1.6425079496097126,-1.4930416607308306
2026-03-19,-3.110773138937851,-1.6425079496097126,-1.4930416607308306,9.460709065348,2089,1.0529063133941972,-7.579877216534959,-4.612591329690085,2.212442370013536,-3.468454279883937,-1.404718231799007,0.8296719466386548,0.48528562625678173,0.03376896669913254,3.247548321509308,-2.318151228481812,-1.1785227506605394
2026-03-23,-3.468454279883941,-2.318151228481812,-1.1785227506605394,8.832254519852,2089,0.9710763571617149,-10.785426920692043,-7.579877216534959,-3.110773138937851,2.1378877057128376,4.452561278760192,3.5847600328362317,1.1838909375145645,4.048276604896017,7.112942412601653,2.444671046766146,-0.2878526534164203
2026-03-24,2.137887705712844,2.444671046766146,-0.2878526534164203,7.508206426928,2104,0.8210451310904472,-8.878119531125328,-10.785426920692043,-3.468454279883941,2.2662242435603996,1.4165872817853975,1.9169313421094625,-1.738323310509049,2.206141915999793,4.662020480572937,1.6563996005103443,0.6031659669493638
2026-03-25,2.2662242435604094,1.6563996005103443,0.6031659669493638,7.7812848511,2095,0.8529728665404213,-6.813093384751556,-8.878119531125328,2.137887705712844,-0.830808967535035,-0.3415525546528797,-3.1293347920136605,-0.3748879920763337,2.751925337807748,1.3983686701312337,0.2150432686506084,-1.040217330454017
2026-03-26,-0.8308089675350383,0.2150432686506084,-1.040217330454017,7.346518061771,2098,0.8124273556963392,-7.58729856147955,-6.813093384751556,2.2662242435604094,0.4933552525622442,-2.3177821665663845,-3.1108427889892876,-0.7364977152905738,2.488984482993195,1.3409595557804632,-0.3320113018235494,0.8326844917665082
2026-03-27,0.49335525256224294,-0.3320113018235494,0.8326844917665082,8.688471569092,2093,0.9745250015631696,-7.1313756448979415,-7.58729856147955,-0.8308089675350383,-2.797336612021384,-3.586503836490862,-0.03344968567940976,-0.44933609606984115,1.5715194075369698,0.5153576233877244,-4.006163976259328,1.2871243017475325
2026-03-30,-2.797336612021385,-4.006163976259328,1.2871243017475325,8.742849793153,2087,0.9861635805805768,-8.804211383856453,-7.1313756448979415,0.49335525256224294,-0.8118781903326711,2.843427155190259,1.6188048207220307,2.8308712393263713,4.333223642837125,3.328950664600727,-0.5975583434375148,-0.20913213730878755
2026-03-31,-0.811878190332679,-0.5975583434375148,-0.20913213730878755,9.247433605269,2090,1.0545889663226347,-6.761172198765786,-8.804211383856453,-2.797336612021385,3.6852248826095613,2.4505787252620426,3.253867835163504,4.014245796938143,5.846850261091663,5.407931122474086,2.533109882882178,1.12164349930656
2026-04-01,3.6852248826095613,2.533109882882178,1.12164349930656,8.096521242933,2071,0.9255244385272557,-3.0414244384743605,-6.761172198765786,-0.811878190332679,-1.190763832306263,-0.41602556963581394,-0.01220876842711327,3.1385794875045114,2.4148623016886805,0.7092034388169521,0.4877905402316919,-1.6643568159068831
2026-04-02,-1.1907638323062606,0.4877905402316919,-1.6643568159068831,8.803682862707,2051,1.0232535630212773,-4.195972088580335,-3.0414244384743605,3.6852248826095613,0.784074741105778,1.1927579946868105,1.5262647523635042,3.249414058585587,4.490649311682593,1.8518799071023606,0.7132982374392898,0.07692125241926255
2026-04-03,0.7840747411057845,0.7132982374392898,0.07692125241926255,5.65498860314,2023,0.6697806167478934,-3.4447969047649685,-4.195972088580335,-1.1907638323062606,0.40550380070547565,0.7364159597280429,3.569454902230218,2.029976922662202,3.212694461087451,2.9801433109205355,0.27793323752348476,0.12824593763961198
2026-04-06,0.4055038007054729,0.27793323752348476,0.12824593763961198,5.872582878079,2007,0.7144609832647593,-3.0432190880890997,-3.4447969047649685,0.7840747411057845,0.32957571696405896,3.1511729753429307,2.0324142800878686,1.4609935570945476,2.945426784283156,3.003899128048637,0.4132152604799409,-0.08168155037964409
2026-04-07,0.32957571696406524,0.4132152604799409,-0.08168155037964409,6.309820949563,2001,0.778808497593044,-2.723673082253397,-3.0432190880890997,0.4055038007054729,2.8123285065400516,1.6972448562202702,1.2841046116344845,1.7618783370608737,2.402867888890259,3.107217179282906,2.382898567434871,0.41632424130553985
2026-04-08,2.8123285065400547,2.382898567434871,0.41632424130553985,10.644274234242,1967,1.3524836564369824,0.0,-2.723673082253397,0.32957571696406524,-1.0845816513618156,-1.4864208574055793,-1.6385459995228557,-0.7016939630271946,-1.31730540642091,-0.2702180941720034,0.06840019634737743,-1.1520796321652977
2026-04-09,-1.0845816513618187,0.06840019634737743,-1.1520796321652977,8.923478663871,1961,1.1194206652843208,-1.0845816513618156,0.0,2.8123285065400547,-0.40624526767650826,-0.5600384221280175,0.06355480026227767,1.2021717163379853,-1.1201446994561937,1.3958405959113351,0.39587979866265555,-0.8028007192832267
2026-04-10,-0.4062452676765103,0.39587979866265555,-0.8028007192832267,9.558498073153,1959,1.1933624412219475,-1.4864208574055793,-1.0845816513618156,-1.0845816513618187,-0.15442048034522982,0.47171639346408334,0.7965672359163012,1.159186323566197,-1.0398207984972374,1.2509289198131768,-0.3996005078319597,0.24886676231275318
2026-04-13,-0.15442048034522793,-0.3996005078319597,0.24886676231275318,7.945121223941,1938,0.9837771499662407,-1.6385459995228557,-1.4864208574055793,-0.4062452676765103,0.6271052527528909,0.9524585072635539,1.772134774092815,1.4630580434374485,-0.9625629719582918,1.206150205951495,0.9587467289745253,-0.32957549645617806
2026-04-14,0.6271052527528813,0.9587467289745253,-0.32957549645617806,9.265478618784,1931,1.1512474907962171,-1.021716154801755,-1.6385459995228557,-0.15442048034522793,0.32332566229889004,1.1378937299884262,0.6842422472508325,0.629891627694068,-0.4146737834284986,-0.32944841786313184,0.8903839733905865,-0.5553657902141467
2026-04-15,0.323325662298888,0.8903839733905865,-0.5553657902141467,10.141538051572,1934,1.2447147875764337,-0.7016939630271946,-1.021716154801755,0.6271052527528813,0.8119428480984459,0.35975340985687776,0.5057821708593258,-0.6199616770546923,-1.6654407617590627,0.11552838388098063,0.6438808768241149,0.16572548251193694
2026-04-16,0.8119428480984558,0.6438808768241149,0.16572548251193694,9.650164701467,1936,1.160900033403848,0.0,-0.7016939630271946,0.323325662298888,-0.44854748898441876,-0.3036948486355828,-0.5022866144025029,-2.294729822896946,-2.5253641564702334,-2.4842865399946734,-0.010689169438810597,-0.4408134800156699
2026-04-17,-0.4485474889844216,-0.010689169438810597,-0.4408134800156699,8.268855851298,1936,0.9816187470316367,-0.44854748898441876,0.0,0.8119428480984558,0.1455053007215712,-0.05398125699084266,-0.9762031627464696,-2.1738086297271364,-0.2253125464664496,-0.989113149865084,0.5349836670924007,-0.3884278924552827
2026-04-20,0.1455053007215619,0.5349836670924007,-0.3884278924552827,7.291735772322,1914,0.871789516157305,-0.3036948486355828,-0.44854748898441876,-0.4485474889844216,-0.19919671593185972,-1.1200786896024106,-1.9971000642786785,-2.3906444987665254,0.05679936019693521,-0.15237472071554237,0.5103745535820078,-0.7039754579301553
2026-04-21,-0.1991967159318554,0.5103745535820078,-0.7039754579301553,7.584203394479,1885,0.9151845637152068,-0.5022866144025029,-0.3036948486355828,0.1455053007215619,-0.9227200016109993,-1.801491860971649,-2.1209723002443948,-1.0380269661694586,0.6878218402602609,0.673346609300074,-0.13243010635862848,-0.7888462629208146
2026-04-22,-0.9227200016110028,-0.13243010635862848,-0.7888462629208146,8.703557263077,1874,1.0497754586227708,-1.4203719169569973,-0.5022866144025029,-0.1991967159318554,-0.8869559795898097,-1.2094117830575124,-1.284958353855925,-1.0520010882939967,1.061064775907572,1.6093028421129585,-0.1387947391069027,-0.7442188862330724
2026-04-23,-0.8869559795898043,-0.1387947391069027,-0.7442188862330724,10.055904835446,1876,1.206179486626191,-2.294729822896946,-1.4203719169569973,-0.9227200016110028,-0.32534143881333133,-0.4015640708039947,0.7774709710673955,-0.23605106782390584,2.5444872342503144,1.9437443943231658,0.1350806397016914,-0.4601641795486785
2026-04-24,-0.3253414388133302,0.1350806397016914,-0.4601641795486785,8.262773361049,1875,0.9752510138588624,-2.612605554687597,-2.294729822896946,-0.8869559795898043,-0.07647142522576589,1.1064120266875532,0.15933774421692526,1.9917938702996407,2.3148196949461797,2.1880735402288964,-0.009569013145646578,-0.06565852064168307
2026-04-27,-0.07647142522576732,-0.009569013145646578,-0.06565852064168307,9.286846467977,1847,1.0988825159920852,-2.6870790832101643,-2.612605554687597,-0.3253414388133302,1.1837887120130564,0.23598963407926998,0.16618032345181444,2.5073865577696086,2.1897912981085454,2.897434354962547,0.25171127467297366,0.928646129374051
2026-04-28,1.1837887120130508,0.25171127467297366,0.928646129374051,10.206675351645,1830,1.2038483459334648,-1.5350997100670116,-2.6870790832101643,-0.07647142522576732,-0.9367104058846776,-1.0057029900882086,0.875693070166883,1.7439514932061195,0.0855802444027054,0.6486620226788142,-0.7808724554221572,-0.15426792643164533
2026-04-30,-0.9367104058846749,-0.7808724554221572,-0.15426792643164533,10.752583518214,1835,1.2611026152308944,-2.4574306772267795,-1.5350997100670116,1.1837887120130508,-0.06964495575122465,1.8295409767608017,2.266049282281024,2.1355316807236235,1.8111324842827514,0.7564745094236436,-0.130714668227497,0.06354633643040583
2026-05-01,-0.0696449557512278,-0.130714668227497,0.06354633643040583,8.305907217766,1837,0.9592071397293963,-2.5253641564702334,-2.4574306772267795,-0.9367104058846749,1.9005095415412843,2.3373220649501425,2.7775887766736895,2.787117322274968,0.04214185169308937,1.4652210068601734,1.4521472332459602,0.4354222554553881
2026-05-07,1.900509541541279,1.4521472332459602,0.4354222554553881,11.941124327627,1841,1.382995058763038,-0.6728494016813302,-2.5253641564702334,-0.0696449557512278,0.4286656910491571,0.8607211475962773,0.3004930602924505,0.31671746558092906,-0.7655254282348367,-1.3505796083348343,-0.16240221319246906,0.5958353514730945
2026-05-08,0.42866569104916674,-0.16240221319246906,0.5958353514730945,11.837523060574,1857,1.3228416680893051,-0.24706798516961337,-0.6728494016813302,1.900509541541279,0.4302112883549203,-0.127625543837262,0.4395222077819838,-0.3098267064706395,-0.20905533881757643,-0.6711843724360289,0.4902501423536183,-0.05550991026318037
2026-05-11,0.43021128835491573,0.4902501423536183,-0.05550991026318037,11.287408610566,1867,1.2206822519280947,0.0,-0.24706798516961337,0.42866569104916674,-0.5554472354842743,0.009271034390567756,-0.5393612853702212,-1.6299457849483723,-0.014376347303601822,-2.9261009171341668,0.4890897909971936,-1.028447082884097
2026-05-12,-0.5554472354842711,0.4890897909971936,-1.028447082884097,11.29885253215,1883,1.1898936571983274,-0.5554472354842743,0.0,0.43021128835491573,0.567872501988198,0.016175798137618713,-0.18243399501165491,-0.31761639764599225,0.5424819809894732,-1.9912872952837057,-0.18220411387294877,0.7658484385192614
2026-05-13,0.5678725019881891,-0.18220411387294877,0.7658484385192614,11.29050366304,1880,1.1849303118255525,0.0,-0.5554472354842743,-0.5554472354842711,-0.5485814605849071,-0.7460697719194886,-1.6390648610719816,-2.670544268670727,-0.5858363098104391,-3.258381743165284,0.24830096459329795,-0.7951604545945833
2026-05-14,-0.5485814605849021,0.24830096459329795,-0.7951604545945833,12.897019349204,1892,1.336927176870794,-0.5485814605849071,0.0,0.5678725019881891,-0.19857767162597684,-1.0964985884589273,-0.3337382109642961,-1.0788260632502156,-0.12387858874713942,-3.2634682818426297,0.3479521558979265,-0.5394650325328383
2026-05-15,-0.198577671625978,0.3479521558979265,-0.5394650325328383,12.433174625106,1901,1.2669216238904835,-0.7460697719194886,-0.5485814605849071,-0.5485814605849021,-0.8997075351076189,-0.1354294720305793,-1.9389403445575382,0.10108455459931776,0.6924792074285202,-2.3316134312659664,0.23607033287240575,-1.1374344133618888
2026-05-18,-0.8997075351076144,0.23607033287240575,-1.1374344133618888,9.075451350392,1909,0.9041012750753554,-1.6390648610719816,-0.7460697719194886,-0.198577671625978,0.7712167583640461,-1.048667752235033,0.017868452538571944,1.6423386675307627,0.5626003035613225,0.20535340298961646,0.876586912773135,-0.10871331146462351
2026-05-19,0.7712167583640456,0.876586912773135,-0.10871331146462351,11.282409308398,1921,1.1250244672969318,-0.8804888455969717,-1.6390648610719816,-0.8997075351076144,-1.805956670110398,-0.7475828218209357,0.2368347707094598,0.8628388964558642,-1.03589651654441,-0.9594611367831352,-0.2127544770413447,-1.594298183090081
2026-05-20,-1.8059566701103962,-0.2127544770413447,-1.594298183090081,10.505385662428,1923,1.0416187961663812,-2.670544268670727,-0.8804888455969717,0.7712167583640456,1.0778391564280287,2.0803618748613584,2.7195252035897344,2.141908575565221,1.4224796958832941,1.6838102761552287,1.1662803912712683,-0.08925824768968807
2026-05-21,1.0778391564280325,1.1662803912712683,-0.08925824768968807,11.463223975356,1928,1.1317907949602148,-1.6214892840601736,-2.670544268670727,-1.8059566701103962,0.991832360881606,1.6241799991598915,1.6225516355795833,0.9653620519239681,-0.5895674689917252,1.1482690356253045,0.4800343966466182,0.5032271147399553
2026-05-22,0.9918323608816092,0.4800343966466182,0.5032271147399553,9.981336907374,1938,0.9701814832778697,-0.645739378626109,-1.6214892840601736,1.0778391564280325,0.6261374048731616,0.624525033315737,0.06029240058857965,0.5907974478604361,-0.46309716296153436,-0.260674009615558,0.9009028133334189,-0.2822666394807042
2026-05-25,0.6261374048731593,0.9009028133334189,-0.2822666394807042,11.110678669247,1936,1.0660186399266458,-0.02364518954051098,-0.645739378626109,0.9918323608816092,-0.0016023387153785151,-0.562324082865151,-0.6482885738820943,-1.0622919327950897,-2.9121432296552396,0.032242131699877774,0.10680673132198554,-0.10921907907559777
2026-05-26,-0.0016023387153753712,0.10680673132198554,-0.10921907907559777,10.662560255289,1949,1.0060046939173308,-0.02524714937987005,-0.02364518954051098,0.6261374048731593,-0.5607307289553276,-0.646696597436669,-0.033518255558595555,-1.882492535183844,-2.520098197647702,-1.7165457876358037,0.33094474906892357,-0.8752860630902438
2026-05-27,-0.5607307289553304,0.33094474906892357,-0.8752860630902438,12.034396385853,1948,1.1250393422998812,-0.5858363098104391,-0.02524714937987005,-0.0016023387153753712,-0.08645062369376788,0.5301853857752059,-0.5027951883615822,-0.70434250712057,-2.688294438288963,-1.4477051526093576,-0.2715992471399902,0.19257759865077076
2026-05-28,-0.08645062369377154,-0.2715992471399902,0.19257759865077076,11.875794975598,1952,1.1000392812912274,-0.6717804743605504,-0.5858363098104391,-0.5607307289553304,0.6171695563997215,-0.4167048085737868,-1.243839807459568,-1.540062343475801,-3.143483796460045,-0.36137710897786723,0.6127573464848928,0.005451414345710962
2026-05-29,0.6171695563997202,0.6127573464848928,0.005451414345710962,17.320307719078,1950,1.5779527136249796,-0.05875694253441033,-0.6717804743605504,-0.08645062369377154,-1.0275327456851113,-1.8495942313464964,-1.2280171255612204,-1.0477047976165443,-3.003295442219467,-1.5400624099921156,-0.03492413512209504,-0.9956055147171177
2026-06-01,-1.0275327456851115,-0.03492413512209504,-0.9956055147171177,12.848197232552,1942,1.1292025301626196,-1.0856859413946207,-0.05875694253441033,0.6171695563997202,-0.8305961329114542,-0.2025658099044536,-1.1280582076969914,-1.869713108376847,-0.35524827271103954,-0.27684416707668413,-0.620541345772002,-0.20642773914323437
2026-06-02,-0.8305961329114561,-0.620541345772002,-0.20642773914323437,13.492338848129,1944,1.1722079776315826,-1.9072644088612867,-1.0856859413946207,-1.0275327456851115,0.6332904086513658,-0.299953476764081,0.8170006302572697,-0.6498388299279845,0.07723545919258168,0.5297078380482656,0.31925906585949804,0.31386177961372214
2026-06-03,0.6332904086513749,0.31925906585949804,0.31386177961372214,13.377727159195,1940,1.1485808122621004,-1.2860525227788577,-1.9072644088612867,-0.8305961329114561,-0.9273709342363046,0.18255412384897696,-1.6705312235751446,-1.9980248696280234,0.2576653430832687,-0.16055216589841992,-0.745925383080956,-0.1764404487072127
2026-06-04,-0.9273709342363091,-0.745925383080956,-0.1764404487072127,11.068204292378,1937,0.9300409647989423,-2.201496979719897,-1.2860525227788577,0.6332904086513749,1.120314529402977,-0.7501166531530545,-0.35093800390790797,-1.6285013896492062,1.7481429869797172,1.5179829791585275,0.2988523603238331,0.8344188461255995
2026-06-05,1.1203145294029742,0.2988523603238331,0.8344188461255995,10.711529179673,1933,0.903383360165618,-1.1058461408450904,-2.201496979719897,-0.9273709342363091,-1.849708628044422,-1.454952489178707,-2.1766055103579096,-1.9762963967669744,0.2033649305698937,1.8407291697266182,-2.1241204821614965,0.29664662906488243
2026-06-08,-1.8497086280444215,-2.1241204821614965,0.29664662906488243,12.205906979095,1921,1.0343265782554645,-2.935099837409405,-1.1058461408450904,1.1203145294029742,0.4021955853087844,-0.3330574751680082,-0.8850234447394523,1.5433205013844598,3.03270198694352,4.545188820271906,0.9340638981169395,-0.5261280737013794
2026-06-09,0.4021955853087827,0.9340638981169395,-0.5261280737013794,11.86761973738,1929,1.0017616463574575,-2.544709094071085,-2.935099837409405,-1.8497086280444215,-0.7323077510312803,-1.2820626307464833,-0.529041205780556,0.7318300046599058,0.8243262407477081,3.1886087750988334,-0.18429318096663222,-0.5581952909299773
2026-06-10,-0.7323077510312778,-0.18429318096663222,-0.5581952909299773,12.189952793538,1923,1.0265060621763447,-3.2355015941092913,-2.544709094071085,0.4021955853087827,-0.5538104767625618,0.2047660630015713,1.8826482773713904,2.3016783179222067,1.274861311410147,2.899305679033004,-1.0581445487919876,0.5338000088063344
2026-06-11,-0.5538104767625613,-1.0581445487919876,0.5338000088063344,12.147295887824,1921,1.0190547025277947,-3.7713935240678564,-3.2355015941092913,-0.7323077510312778,0.7628010116836892,2.450027261793286,2.0400473197423663,3.43254339349226,2.8724001198181526,3.3837229086166376,1.2520216170978657,-0.4782881670094502
2026-06-12,0.7628010116836913,1.2520216170978657,-0.4782881670094502,13.780302601665,1908,1.1596970437041956,-3.0373607403403224,-3.7713935240678564,-0.5538104767625613,1.6744535018572648,1.2675772162294097,2.0926272644579136,2.2236063801051698,1.508538912634605,3.1791911236394244,1.6185718546522125,0.046857951779195
2026-06-15,1.6744535018572737,1.6185718546522125,0.046857951779195,12.494645534762,1900,1.045574320177177,-1.41376643176373,-3.0373607403403224,0.7628010116836913,-0.40017553241181725,0.41128695380006075,0.9590198831165964,1.4667449106499753,0.07868362786325189,0.7554367008320684,0.02139312004041498,-0.4191588732648675
2026-06-16,-0.40017553241181375,0.02139312004041498,-0.4191588732648675,12.774661593185,1881,1.0539288333635781,-1.8082844168301748,-1.41376643176373,1.6744535018572737,0.8147228075446433,1.3646564366895264,0.9440624434357892,0.09182423875702117,0.45212317944189895,1.9390399149611826,0.26109830762458874,0.5702636373539698
2026-06-17,0.8147228075446391,0.26109830762458874,0.5702636373539698,11.24234853436,1875,0.9218361929173834,-1.008294114854713,-1.8082844168301748,-0.40017553241181375,0.545489402569399,0.12829439221695438,1.0511347766467116,-1.0037147223734055,-0.4171426768721731,2.3777709337934994,0.2754838242749808,0.2709443008353249
2026-06-18,0.5454894025693983,0.2754838242749808,0.2709443008353249,12.873624843719,1867,1.0524157714892899,-0.46830484982858245,-1.008294114854713,0.8147228075446391,-0.414931602433255,0.5029020964359532,-1.2556962581207753,-0.5415541910664734,-0.22620561030843866,0.6505966952386144,0.3647483545767541,-0.7695746808484396
2026-06-19,-0.41493160243325733,0.3647483545767541,-0.7695746808484396,15.055395385257,1859,1.2237202514294456,-0.8812933074441753,-0.46830484982858245,0.5454894025693983,0.921657948965815,-0.8442677895555417,-1.1305586712144655,-0.6995130506467162,1.634041172460865,-1.172241605783908,0.15242242659412555,0.7648314847631179
2026-06-22,0.9216579489658192,0.15242242659412555,0.7648314847631179,10.821734353023,1859,0.861831244651286,0.0,-0.8812933074441753,-0.41493160243325733,-1.7497985808104355,-2.0334749367851845,-1.0392299781554981,-1.3679962671602763,1.4679677463180996,-0.4331479210253786,0.21092549315705164,-1.9468158677579381
2026-06-23,-1.749798580810436,0.21092549315705164,-1.9468158677579381,14.89225763152,1854,1.1873694661033523,-1.7497985808104355,0.0,0.9216579489658192,-0.288728523582793,0.7232235582126156,0.14598726234162918,0.35996840243956996,2.3449524757603646,1.4622509014892593,0.04131098243895638,-0.3270025171479264
2026-06-24,-0.28872852358279105,0.04131098243895638,-0.3270025171479264,13.589881343375,1860,1.065562814537334,-2.0334749367851845,-1.7497985808104355,-1.749798580810436,1.0148823365819348,0.43597456886030894,0.6792919001623154,0.592519248430623,1.6039956476739503,1.881464838123481,1.386656596609819,-0.3635241128001002
2026-06-25,1.0148823365819315,1.386656596609819,-0.3635241128001002,11.967775801315,1849,0.9326881931171312,-1.0392299781554981,-2.0334749367851845,-0.28872852358279105,-0.5730915626795619,-0.33221880643431456,-0.36064687262824524,0.317065663145244,0.49704564898158665,0.2559192759439499,-0.184165704052471,-0.4017080093509163
2026-06-26,-0.5730915626795586,-0.184165704052471,-0.4017080093509163,13.302073843593,1836,1.036303004967412,-1.6063658015134097,-1.0392299781554981,1.0148823365819315,0.24226113436593977,0.2136692102673976,0.15586514716696698,2.3499927289357236,1.6458243108421478,2.5248544278999363,0.027679807993020573,0.22328701788734956
2026-06-29,0.2422611343659498,0.027679807993020573,0.22328701788734956,12.637575257695,1828,1.0001900709067524,-1.3679962671602763,-1.6063658015134097,-0.5730915626795586,-0.028522824380650125,-0.08618718913689927,0.6514487046908046,2.8752979825493963,0.6762209977554168,0.26892710832560063,0.5328653578385392,-0.5545828173223862
2026-06-30,-0.02852282438064836,0.5328653578385392,-0.5545828173223862,11.568517777075,1816,0.9163441819232714,-1.3961289003681099,-1.3679962671602763,0.2422611343659498,-0.057680816954375214,0.6801655314915056,2.131768585566829,1.9778643864863277,1.4802242983586567,0.2231901778165568,0.3936492837207932,-0.4421493762467459
2026-07-01,-0.05768081695437447,0.3936492837207932,-0.4421493762467459,11.242566049345,1803,0.8973627766832655,-1.4530044187670121,-1.3961289003681099,-0.02852282438064836,0.7382721898763434,2.1907130236903827,2.9640397942698904,1.0055185085337426,2.8066212255756895,-0.10407980816916629,0.2986476183603259,0.431748649619268
2026-07-02,0.7382721898763461,0.2986476183603259,0.431748649619268,12.052786229049,1793,0.9703013729326486,-0.7254593564321121,-1.4530044187670121,-0.05768081695437447,1.4417964515774262,2.2094558066256154,1.2889319839158642,0.17941113473225467,0.8787901782330465,,0.26536802422423617,1.2039384636915949
2026-07-03,1.4417964515774369,0.26536802422423617,1.2039384636915949,12.841246556998,1785,1.0296949954713945,0.0,-0.7254593564321121,0.7382721898763461,0.7567485808619656,-0.15069179865571103,-1.159786912223515,-0.6880004573703302,-2.7611642180820573,,0.4827415636895622,0.27398965360628075
2026-07-06,0.7567485808619706,0.4827415636895622,0.27398965360628075,10.612284571967,1785,0.8437576489136406,0.0,0.0,1.4417964515774369,-0.9006249132676336,-1.9021410675507888,-1.986161315381707,-2.137614206635896,-1.8736116525921775,,0.11838201119976205,-1.0216133084044858
2026-07-07,-0.9006249132676366,0.11838201119976205,-1.0216133084044858,12.302187173795,1778,0.9843539439141294,-0.9006249132676336,0.0,0.7567485808619706,-1.0106180320578417,-1.0954018642034824,-0.5381195607596423,-0.4879883405301211,-0.8624769008321764,,-0.4865460266568486,-0.5236844326656751
2026-07-08,-1.0106180320578384,-0.4865460266568486,-0.5236844326656751,12.050174519754,1779,0.9625158489244007,-1.9021410675507888,-0.9006249132676336,-0.9006249132676366,-0.08564942063492564,0.4773223773143931,-0.24003901986001663,1.783172586644155,0.27308885706787134,,0.07350868582976615,-0.15597894448490723
2026-07-09,-0.08564942063492013,0.07350868582976615,-0.15597894448490723,10.315006527882,1779,0.8243783351284089,-1.986161315381707,-1.9021410675507888,-1.0106180320578384,0.5634543933727754,-0.15452194637691763,0.6141408338158127,0.6981265267772319,-0.23993379256127545,,0.7284632707735622,-0.16056511554239075
2026-07-10,0.5634543933727686,0.7284632707735622,-0.16056511554239075,11.10608330787,1774,0.8941482463395697,-1.4338980351999098,-1.986161315381707,-0.08564942063492013,-0.713953537177825,0.050402445648645156,1.2996467047818205,-2.0875259487871056,0.8647970765327528,,0.46119837685907916,-1.167537615814706
2026-07-13,-0.7139535371778235,0.46119837685907916,-1.167537615814706,10.763305677056,1768,0.8759812699850839,-2.137614206635896,-1.4338980351999098,0.5634543933727686,0.7698523710607086,2.0280797893525104,0.8539680411928208,0.26976917832473024,-0.40455818205461513,,0.17212423245798855,0.6040240080782773
2026-07-14,0.7698523710607081,0.17212423245798855,0.6040240080782773,11.462577968083,1768,0.9395113410479982,-1.3842183092291127,-2.137614206635896,-0.7139535371778235,1.248614926673386,0.08347305087079704,-2.136851369085857,-0.37632498233836076,-1.2386986028394387,,0.5266390844079869,0.7182763558398406
2026-07-15,1.24861492667338,0.5266390844079869,0.7182763558398406,10.235288712882,1758,0.8434539658102399,-0.1528869389824994,-1.3842183092291127,0.7698523710607081,-1.1507731504736274,-3.343716156720833,-1.7233595052048467,-1.4836280803595558,-2.8312388823267254,,-0.45796413255335977,-0.6976786747584732
2026-07-16,-1.1507731504736256,-0.45796413255335977,-0.6976786747584732,10.356083789281,1759,0.8569641584812442,-1.3019007076117473,-0.1528869389824994,1.24861492667338,-2.2184725932003713,-0.5792522339125972,-0.4594145458715615,-0.9315568736912416,,,-0.7535001881463055,-1.4869565792471433
2026-07-17,-2.2184725932003744,-0.7535001881463055,-1.4869565792471433,12.054543089366,1766,1.008011125296908,-3.491490990423063,-1.3019007076117473,-1.1507731504736256,1.6764110796389398,1.7989676516410036,1.9244357453026772,3.0152675171660537,,,0.7583291860579706,0.9117428586316875
2026-07-21,1.676411079638933,0.7583291860579706,0.9117428586316875,10.677178614379,1762,0.9041791955632374,-1.8736116525921775,-3.491490990423063,-2.2184725932003744,0.12053589490492733,0.24393530714756917,-0.35435726213560725,-0.6725131272418472,,,0.4801660671893919,-0.34269417297242677
2026-07-22,0.12053589490492422,0.4801660671893919,-0.34269417297242677,11.148488093693,1764,0.9446694654312912,-1.7553341322597338,-1.8736116525921775,1.676411079638933,0.12325085072673048,-0.47432142946081113,1.1948056975265908,-0.8656312069878935,,,0.07428535378206715,0.05455605153689133
2026-07-23,0.12325085072672451,0.07428535378206715,0.05455605153689133,9.166191873285,1762,0.7892173161430345,-1.634246745784118,-1.7553341322597338,0.12053589490492422,-0.5968366739094955,1.070235772105943,-0.9142183330905884,-1.367905431055061,,,-0.7642430400233778,0.16715639303279065
2026-07-24,-0.5968366739094906,-0.7642430400233778,0.16715639303279065,9.142492331018,1752,0.8024589375658622,-2.2213296357725953,-1.634246745784118,0.12325085072672451,1.677081885761167,-0.3192872827798454,-0.3931746893338084,,,,0.7189118918127113,0.9486176374676771
2026-07-27,1.6770818857611562,0.7189118918127113,0.9486176374676771,9.947409127187,1755,0.8840701317201795,-0.5815012669560304,-2.2213296357725953,-0.5968366739094906,-1.9634406608797228,-2.0361093539456587,-2.4123236524930647,,,,-0.5534639834990976,-1.4362447243786547
2026-07-28,-1.9634406608797275,-0.5534639834990976,-1.4362447243786547,9.939854744846,1760,0.896767019121074,-2.5335244955168035,-0.5815012669560304,1.6770818857611562,-0.07412407529987508,-0.4578730573974843,,,,,0.512753566776207,-0.5845675551402477
2026-07-29,-0.07412407529987712,0.512753566776207,-0.5845675551402477,14.02176854054,1757,1.2806188087950903,-2.605770619211878,-2.5335244955168035,-1.9634406608797275,-0.3840336434846936,,,,,,-0.5484523202146425,0.16681193435813976
2026-07-30,-0.3840336434846922,-0.5484523202146425,0.16681193435813976,13.421784899943,1769,1.2122412725339098,-2.9797972268467587,-2.605770619211878,-0.07412407529987712,,,,,,,,
