date,ret,gap,o2c,trade_date,sox
2016-05-11,1.503996228067324,2.1964164943379645,-0.6534294546700176,2016-05-10,1.21909070914632
2016-05-12,0.3632550399938901,-1.725744857146957,2.1198901278275937,2016-05-11,-0.31196647524445176
2016-05-13,-1.5515524922148136,1.512231592125229,-2.9746938336019535,2016-05-12,-1.7935823381961424
2016-05-16,0.3792088002921531,-0.3415829148195449,0.7135663127161007,2016-05-13,0.3947556161516985
2016-05-17,1.360352975182413,0.7441720280371277,0.6080448858370091,2016-05-16,1.590184126583094
2016-05-18,1.3538324904131913,0.34138909057877803,1.0165241184204838,2016-05-17,-0.6901590163679638
2016-05-19,1.4017148941057054,0.8657578317603414,0.5403211031597284,2016-05-18,1.6372145439747188
2016-05-20,1.6206198134386036,-0.2947943833588015,1.923630002512154,2016-05-19,-0.7099407099407151
2016-05-23,1.328904596533015,0.06806017896270097,1.2569062327537193,2016-05-20,3.1547600583180957
2016-05-24,-1.3141029993086106,-0.4003421432442435,-0.9250533042628878,2016-05-23,0.6585673903891198
2016-05-25,2.3272936154743493,2.5263162769630907,-0.1976424656525329,2016-05-24,2.416873300869349
2016-05-26,-1.1683907641560476,0.33790152631413245,-1.495402628005279,2016-05-25,0.5586021819030451
2016-05-27,0.7302357897209608,0.8247086072575825,-0.08815608671986888,2016-05-26,0.3060321696375601
2016-05-30,2.4020066816369217,0.8631611941792946,1.5244857298196839,2016-05-27,0.597183261517098
2016-05-31,0.838513616373128,0.05188372085770735,0.7872038767876154,2016-05-27,0.597183261517098
2016-06-01,-1.379139731629947,-1.064289476178048,-0.31523851929078267,2016-05-31,0.524643888976728
2016-06-02,-3.1222968841015493,-0.9232888723551634,-2.2211203887723387,2016-06-01,0.5619423472889462
2016-06-03,-0.20216192613760114,-0.169709241420407,-0.034478601522565856,2016-06-02,0.019906439733241577
2016-06-06,-1.1059069200813023,-2.508868079716528,1.4394247619305711,2016-06-03,0.3084884068066618
2016-06-07,2.0336332069224285,0.4443477586918847,1.5764519649599178,2016-06-06,-0.26927437641722785
2016-06-08,2.4365042863557145,0.24241316699360377,2.198512829838561,2016-06-07,0.9734261759272389
2016-06-09,-1.4647328314119508,-0.526267783999105,-0.9454431345891964,2016-06-08,-0.05066497783405843
2016-06-10,-0.43609301792931204,-0.18781221032590828,-0.25254137493915524,2016-06-09,0.10278939438741475
2016-06-13,-4.341197968226571,-2.0531408854793245,-2.3349681232567896,2016-06-10,-1.6710741011646824
2016-06-14,-1.4581898907465727,-0.7896052741712609,-0.6739510176209148,2016-06-13,-0.517853055619133
2016-06-15,1.4417043812375332,-0.5757625731671296,2.0359841691965754,2016-06-14,0.007189899629000962
2016-06-16,-3.969198064766739,-0.06739942736012036,-3.8987606540400965,2016-06-15,-0.08771046917911418
2016-06-17,1.5047378009145052,1.4243505346891872,0.07955149083476701,2016-06-16,-0.011513110554650652
2016-06-20,3.4120952206483017,2.19130828717713,1.1890052229786483,2016-06-17,-0.818964276461609
2016-06-21,0.6744966535963437,-1.2104061298428397,1.9122567088751432,2016-06-20,1.1595002104224372
2016-06-22,-0.6914544865930496,-0.6365012779157139,-0.05469734210143169,2016-06-21,0.3328168933264486
2016-06-23,1.3414894316467865,-0.2789845732056715,1.6195882853800143,2016-06-22,0.0
2016-06-24,-8.632227360446555,0.6726722088091154,-9.228268313585605,2016-06-23,2.469259365170151
2016-06-27,0.12934502434103848,0.8196369171896344,-0.711540131279235,2016-06-24,-5.758577867079683
2016-06-28,0.7269496258331963,-1.5373198456976438,2.2945634707110774,2016-06-27,-4.0094758661533785
2016-06-29,2.9243016126600074,1.0924386222286797,1.814522034185844,2016-06-28,2.6884871668311883
2016-06-30,0.534363738206093,1.5583481970738018,-1.0108673290422423,2016-06-29,2.0458129928651925
2016-07-01,0.8731458704549893,1.2642766400374874,-0.3827300779443974,2016-06-30,1.8105009052504561
2016-07-04,-0.4967923139121582,-0.7628621926536167,0.28057540853189883,2016-07-01,-0.9628869258461403
2016-07-05,-0.25890924323843545,-0.2320625487658405,-0.04009528474634776,2016-07-01,-0.9628869258461403
2016-07-06,-2.770497024460316,-2.3526386341420036,-0.44078902930008157,2016-07-05,-1.8247908789652656
2016-07-07,-0.9260974886363523,0.3368713508909957,-1.253097585423082,2016-07-06,0.1546445406016117
2016-07-08,-0.268138120261214,0.21324474713126768,-0.48152494653355216,2016-07-07,1.227822730309569
2016-07-11,4.3445632523521,2.796258165751881,1.5059357523488508,2016-07-08,2.823325804464516
2016-07-12,5.234338434037342,4.317021085641914,0.8881635345293099,2016-07-11,1.1168642218323255
2016-07-13,2.758650170772147,4.162039900504226,-1.335827712919828,2016-07-12,1.3344618422908683
2016-07-14,1.1840827851969764,-0.6600514585233931,1.8982979678482121,2016-07-13,0.07517122334204096
2016-07-15,-0.7486259501029792,-0.013491806286015822,-0.7303811516547604,2016-07-14,0.7414104882459416
2016-07-19,2.467748943801126,0.5442186449133706,1.905607016366481,2016-07-18,1.5062738378199159
2016-07-20,0.5061662303277414,-0.6296801928331671,1.144067835101722,2016-07-19,-0.37574536444577866
2016-07-21,1.7687370987056008,1.289275839018022,0.47180414506057344,2016-07-20,1.6343709858154032
2016-07-22,-1.3376666507452695,-1.560488459614133,0.2266144597015872,2016-07-21,-0.7314384058945356
2016-07-25,0.18482741635535718,0.3671161805946462,-0.1782033793256895,2016-07-22,0.551266422863339
2016-07-26,-2.2942933227183713,-0.911584072751695,-1.3965118065073108,2016-07-25,0.548244137020637
2016-07-27,3.0985301753477863,0.9568315832791885,2.1229564438549526,2016-07-26,3.815443974063548
2016-07-28,0.3778911700727435,0.6305133328429408,-0.23922928341180524,2016-07-27,0.0012904557889825696
2016-07-29,0.7224866421773959,-0.3253845330296105,1.0588582468216716,2016-07-28,-0.5690836591692117
2016-08-01,-2.024199723538869,-1.7409657479199003,-0.2692197888935675,2016-07-29,-0.4853864922390039
2016-08-02,-0.46148600881329765,-1.2083437882031618,0.7571814475537159,2016-08-01,0.16171522470591615
2016-08-03,-2.628895940384831,-2.2588059923784005,-0.38217852723864104,2016-08-02,-1.6002187443035276
2016-08-04,3.058393918767498,1.4023418821183744,1.7148688478896266,2016-08-03,0.10585791221731089
2016-08-05,-0.09185041752679632,0.7962795281908646,-0.8838858311683776,2016-08-04,0.930564551306623
2016-08-08,3.952630534085243,2.20822466203619,1.6914363231318752,2016-08-05,1.3371400133582956
2016-08-09,-0.19825926077741365,-0.6674311319512313,0.4567674075992035,2016-08-08,-0.1731758380935089
2016-08-10,-0.39277209840248606,0.04349473956692889,-0.4339457986856715,2016-08-09,0.8207757236808
2016-08-12,1.0591128698163685,0.5937266758288307,0.47032090825420925,2016-08-11,0.4451230558215391
2016-08-15,0.01832691708475854,-0.30244324404831113,0.32016502061217306,2016-08-12,0.46118568520856495
2016-08-16,-1.559487874812816,-0.2185051017311404,-1.3449010962574022,2016-08-15,1.3592531801395191
2016-08-17,-0.5008816870795328,-0.7688751416903657,0.2750453728112392,2016-08-16,-0.7375638884671853
2016-08-18,-0.25159922744769003,-0.9251892390632799,0.6823675120205673,2016-08-17,0.0
2016-08-19,2.341348287774262,0.8585300479750672,1.4757799716881184,2016-08-18,0.7073577955927002
2016-08-22,1.17073922609135,0.7320638539735979,0.4507487989603312,2016-08-19,0.8732408626100918
2016-08-23,-1.91497281364649,-0.5986676150358817,-1.3286499767657947,2016-08-22,0.028856045968939092
2016-08-24,2.1873470414737928,0.46452082861412364,1.7165770152013833,2016-08-23,0.5042080046156361
2016-08-25,0.7080510606903878,0.08125130762384253,0.6245928691560796,2016-08-24,-0.8698256604809496
2016-08-26,-1.0845931515124372,0.09313489690245752,-1.1675033653167775,2016-08-25,0.39403781755922296
2016-08-29,4.216508899172551,2.4824717686538955,1.6932130774336294,2016-08-26,0.4928085069030752
2016-08-30,0.44871116635204267,-0.21878446630338094,0.6688458430473587,2016-08-29,0.27701522335912276
2016-08-31,2.352951803968406,1.6558511496601445,0.6876961604394856,2016-08-30,-0.19287723053184047
2016-09-01,-1.228681110038577,-0.2958619963093016,-0.9443445819992726,2016-08-31,-0.07355966436844996
2016-09-02,-0.34800038206610256,0.12819254495443608,-0.4754727998077319,2016-09-01,0.8584119379148492
2016-09-05,-0.44386564793338573,1.4972044614068911,-1.910036776376343,2016-09-02,-0.17442723539017324
2016-09-06,0.31854658719128853,-0.30825403126515766,0.6249960722062887,2016-09-02,-0.17442723539017324
2016-09-07,-0.6774941052325103,-1.2605073133855407,0.5919098920386915,2016-09-06,-0.22925831835926003
2016-09-08,-0.0005640365274063138,0.036001325064041224,-0.043470484688824154,2016-09-07,-0.7328282200968816
2016-09-09,-0.2037107520294219,-0.4112228408870944,0.2111758044149054,2016-09-08,-0.20395395395395033
2016-09-12,-2.4448705859623905,-1.8866672736163879,-0.572003229521903,2016-09-09,-3.661120653986494
2016-09-13,0.35663750875476335,0.9102536270299786,-0.5539406713046126,2016-09-12,2.0276689615680077
2016-09-14,0.029324693963806187,-0.5849895070331431,0.62267993828468,2016-09-13,-0.9209771031315817
2016-09-15,-0.5593651192377146,-0.746417110786741,0.1877509236915849,2016-09-14,0.8999266154262164
2016-09-16,0.5949628861600964,0.6146825183648347,-0.0214936207701383,2016-09-15,2.3031184606747246
2016-09-20,0.5692924647306514,-0.5530621557576083,1.1326395363175763,2016-09-19,0.18838500405464753
2016-09-21,1.0130704466247158,-0.4577630397489275,1.4779171427917541,2016-09-20,-0.49186860259506915
2016-09-23,0.24620472518201703,0.09286664032810364,0.14986077803727868,2016-09-22,0.35280330598901344
2016-09-26,-0.7759584527760467,-0.13644555647333123,-0.641251350745883,2016-09-23,-1.096483140957083
2016-09-27,0.8922999423590959,-1.427905056019635,2.3500963030406883,2016-09-26,-0.9880808859170531
2016-09-28,-0.15097434686107894,-0.8188730682174241,0.6618644695693106,2016-09-27,1.7824864430608711
2016-09-29,2.4085175526508196,1.064409498446651,1.3323153516535433,2016-09-28,0.2010260963938526
2016-09-30,-1.6588719648484453,-1.4631129864372039,-0.2071465559307676,2016-09-29,1.2517385257301727
2016-10-03,0.40529838752529757,0.9820472555641767,-0.5657959856953592,2016-09-30,1.5754157347077635
2016-10-04,2.2907269345726964,0.580859256397768,1.700525971657488,2016-10-03,-0.731211105792251
2016-10-05,0.2524966988447226,0.5902535957239701,-0.33260117478497053,2016-10-04,-0.25919540922735296
2016-10-06,0.5131303682417909,1.1066030961190718,-0.5878463943225106,2016-10-05,0.7699373897067652
2016-10-07,0.7079782427510691,-0.12316525632597619,0.8348609035829556,2016-10-06,0.5865348862314157
2016-10-11,1.212198212419333,0.44137405651860484,0.7666652832333947,2016-10-10,-0.4910276934840252
2016-10-12,-3.560715161890838,-1.9831773900711416,-1.6728234654212484,2016-10-11,-2.1130734413081886
2016-10-13,-0.45320063490503526,0.6203365314718665,-1.0685976023716355,2016-10-12,-0.32993585262046654
2016-10-14,-0.47173224178651313,-0.5216556762202136,0.056767956991864606,2016-10-13,-1.1776722207181733
2016-10-17,0.42886984709733955,-0.04610561392957969,0.4777686897576511,2016-10-14,0.7894900691115092
2016-10-18,0.4851023214995068,0.14890259178290635,0.3390393144936585,2016-10-17,-0.5423837704938261
2016-10-19,0.020379707387116357,-0.000715648498547985,0.02470601681728158,2016-10-18,1.2099378881987644
2016-10-20,0.08380360202447393,-0.07208135468128188,0.15502277320747165,2016-10-19,-0.46763384638044414
2016-10-21,-0.17615760072432712,0.15721529848631582,-0.331818870339047,2016-10-20,0.7139950427287323
2016-10-24,-0.7001937535925025,0.358234360082006,-1.0519854224260137,2016-10-21,-0.2681457537466958
2016-10-25,1.304430947439808,0.36045834417159883,0.9368770588677803,2016-10-24,1.8734730458055626
2016-10-26,0.6048081041298251,0.07128558312846835,0.5358213605110388,2016-10-25,-0.1349739090613311
2016-10-27,-0.18460917223175205,0.1554728533972137,-0.33401875101421524,2016-10-26,-0.1749791835109149
2016-10-28,2.2222490822214276,0.9130652624270832,1.2954919901138755,2016-10-27,-0.42068615362298445
2016-10-31,1.5036498541338432,-0.09257577268452023,1.5881930416996688,2016-10-28,-0.5899919877631277
2016-11-01,-0.38805934466885683,-0.5041929437910835,0.11548787696454901,2016-10-31,0.5666275889019134
2016-11-02,-3.547548969991371,-1.953860076970761,-1.655594693475022,2016-11-01,-0.9034388964445195
2016-11-04,0.43036096258290296,-0.9524131004922398,1.343978195556821,2016-11-03,-0.31706083373429506
2016-11-07,1.1283841172600977,1.5434722565586159,-0.4083407917508014,2016-11-04,-0.6336633663366342
2016-11-08,0.29811294266740884,0.2986313517146946,0.007738145642747221,2016-11-07,2.8634416102032656
2016-11-09,-6.053803067399215,0.8150970603563371,-6.806922504057575,2016-11-08,0.21916282223592987
2016-11-10,7.246202582820831,6.775606368982341,0.4555268228075932,2016-11-09,-0.49415232940265286
2016-11-11,-0.9082708643151668,1.2098583100692843,-2.096208059209195,2016-11-10,-2.1248436722155484
2016-11-14,2.652834283333682,0.8353686831235682,1.7967037106124315,2016-11-11,3.8643327668126393
2016-11-15,-0.4990428698457606,0.0021649485494360595,-0.5040574852353676,2016-11-14,-0.6163107352730401
2016-11-16,0.8610873155154699,1.4662532617544517,-0.5928220526004773,2016-11-15,1.9012594942793948
2016-11-17,0.27358018971445663,-0.3364636611528283,0.6105783701028797,2016-11-16,1.1381059087156586
2016-11-18,2.372808705060266,1.5453130054922848,0.8120485349860584,2016-11-17,1.0833187569238012
2016-11-21,0.21032266279014233,0.6883274152295163,-0.47364131232386175,2016-11-18,0.6679433344100261
2016-11-22,-0.45401294650307833,-0.08114828913893705,-0.3765278250823486,2016-11-21,0.7311231564351539
2016-11-24,0.8054677052630762,1.4776848275659726,-0.661450167078369,2016-11-23,0.1170815180069118
2016-11-25,0.7081661127987383,0.17828303253956523,0.526867831922679,2016-11-23,0.1170815180069118
2016-11-28,-0.6100663312710103,-0.8274790862306597,0.22022574311559404,2016-11-25,0.18666156908164755
2016-11-29,0.4607799003236369,-0.5652222662212022,1.0381343907857012,2016-11-28,-0.4175224755042284
2016-11-30,0.06766239846199527,0.1744055463781792,-0.10371839809993602,2016-11-29,-0.22541561003099897
2016-12-01,0.877669577046245,1.63739121514724,-0.7515703657688951,2016-11-30,-0.6529229031347006
2016-12-02,-2.2598615508734645,-1.4759983502917504,-0.7990684188134629,2016-12-01,-4.8529227830397925
2016-12-05,0.47445238394413775,-0.29130499496800105,0.7600447665455093,2016-12-02,1.3037918713177943
2016-12-06,0.397555402384971,1.1557663491790808,-0.7502878297385526,2016-12-05,1.230388109000824
2016-12-07,0.8886915056221996,0.7638425454399251,0.1258314840653047,2016-12-06,1.3832403015860084
2016-12-08,0.8096065217424162,1.3425002146876372,-0.5213346196389707,2016-12-07,2.1206896551724252
2016-12-09,0.9499279553931209,0.42206655599044535,0.5378009091021309,2016-12-08,0.8160279137824356
2016-12-12,0.19183878542575275,1.2430687804849627,-1.0412438772119617,2016-12-09,-0.35614603103718556
2016-12-13,0.7630912324569042,-0.24710309333590777,1.0139788011579276,2016-12-12,-0.7899071158866566
2016-12-14,0.6879808685031895,0.06338415509879385,0.6250144084236793,2016-12-13,1.1395207011045017
2016-12-15,1.3287783790487662,0.7216134728378519,0.5982605342881451,2016-12-14,-0.14181229412092433
2016-12-16,1.581576594965693,1.2780566591485154,0.2951335299325195,2016-12-15,1.754484054211214
2016-12-19,-0.4222303613965366,-0.022108457371571664,-0.38676780291426577,2016-12-16,-1.0022308427750315
2016-12-20,0.4949029542888315,-0.36543688013427844,0.8593390222495468,2016-12-19,0.9801853804739968
2016-12-21,0.09166705674820054,0.8179310854241297,-0.7342526664245147,2016-12-20,0.9135080467856938
2016-12-22,0.535261294908883,-0.0901823250228107,0.6308496813777166,2016-12-21,0.03703744049499136
2016-12-26,-0.037306590506184074,0.053129526043796796,-0.09126790252672506,2016-12-23,0.5265096526769764
2016-12-27,0.2776392438587477,-0.32243494411094176,0.6052724431459301,2016-12-23,0.5265096526769764
2016-12-28,1.6140901723784074,0.3020590549500936,1.3059043817605798,2016-12-27,1.2166997154927195
2016-12-29,-1.820184069859672,-0.40543199131873564,-1.430795611567315,2016-12-28,-1.9292809914715603
2016-12-30,0.5746567933273041,-0.23234419225356578,0.8111281978702656,2016-12-29,0.011942372623741093
2017-01-04,3.060248599035316,1.517205162122867,1.5008690102938396,2017-01-03,0.09597670082848175
2017-01-05,-0.7693545220244611,0.22345498157086302,-0.9969729699549459,2017-01-04,0.2678158132563224
2017-01-06,-1.0655503807543014,-1.3817765068209953,0.31915527215772405,2017-01-05,-0.8881365619881842
2017-01-10,0.8724791078162221,0.7634904743324916,0.11052837624257386,2017-01-09,1.0928300225609533
2017-01-11,0.883179187721725,0.9892900200110955,-0.10130149571280683,2017-01-10,0.487709290426519
2017-01-12,-0.43563355880995086,-0.37476927717137626,-0.06714495107994285,2017-01-11,0.3770069117933872
2017-01-13,0.33487357989569255,-0.6416988668130995,0.9704800414730965,2017-01-12,-0.9044401752757558
2017-01-16,-0.5796380914656083,0.18811051501238488,-0.760238781784524,2017-01-13,0.7090267491504765
2017-01-17,-1.0671559879992318,0.1487634684369394,-1.2087445716902916,2017-01-13,0.7090267491504765
2017-01-18,1.068762423736542,-0.8574426000030745,1.94313131031466,2017-01-17,-1.6427482236906044
2017-01-19,1.2041265709386664,1.7030205857845455,-0.4829400703999588,2017-01-18,1.4161938690240516
2017-01-20,0.3422449051310646,-0.12499977757159701,0.46954061654825857,2017-01-19,-0.4694479378984373
2017-01-23,-0.4756893464293686,-0.9217694041676817,0.44694455574243686,2017-01-20,1.3049682472250357
2017-01-24,0.07882507450090237,-0.042816562926238956,0.12260024371844845,2017-01-23,-0.6709605273061636
2017-01-25,1.9665769603464673,1.8099917698186254,0.15553628129360755,2017-01-24,2.0178182881020135
2017-01-26,2.904363357291518,1.6541594273060636,1.2312386263542188,2017-01-25,1.4484141721755828
2017-01-27,-0.4388247974165211,0.4831684165098604,-0.9162279741490197,2017-01-26,-0.600380729242922
2017-01-30,0.11363892076919652,-0.5812903760076248,0.7049732261562236,2017-01-27,1.256418890478983
2017-01-31,-1.4277778099972926,-1.7448479752004011,0.3251448904750673,2017-01-30,-0.5632573316982858
2017-02-01,0.3229240376478153,-1.180423359515021,1.510489111083805,2017-01-31,-1.3126541532544667
2017-02-02,-1.3218695294688658,0.5358830229320164,-1.8435623021069663,2017-02-01,1.6764095395433554
2017-02-03,0.12317588211795556,1.5157698477863928,-1.3808404451717966,2017-02-02,-0.10727937423836709
2017-02-06,1.832820449493149,1.8861127163843554,-0.0835301875371351,2017-02-03,0.5150769487425322
2017-02-07,0.8866524778275778,-0.06999888205200724,0.9769275623084043,2017-02-06,0.34957780958901896
2017-02-08,1.8183747861569772,0.2578678276595006,1.552807316204086,2017-02-07,0.33078696285882003
2017-02-09,-0.011880963958547656,0.016354906620741346,-0.014904735444549486,2017-02-08,0.1596966793393717
2017-02-10,1.947167114408087,1.5622877419185683,0.3758445406448601,2017-02-09,-0.8568724669286376
2017-02-13,1.4373044492138984,1.1125118835770191,0.3229159622556268,2017-02-10,-0.07885371598136404
2017-02-14,-0.6745714231089556,0.5310726845596714,-1.1959304394280974,2017-02-13,0.2751674367893697
2017-02-15,-0.4676834828712705,0.5674912564664812,-1.0320991089293265,2017-02-14,-0.3179041110075609
2017-02-16,1.2360587409556518,-0.017049202653492232,1.2384779043851868,2017-02-15,0.8217071979888413
2017-02-17,-0.20940541624385942,-0.7396125301606936,0.5314930986032284,2017-02-16,0.07212479650504644
2017-02-20,-0.23669969900363785,-0.16566933039559076,-0.06947907396400438,2017-02-17,0.5724640665540903
2017-02-21,0.5493008458935124,-0.19439938060339707,0.7408220635996032,2017-02-17,0.5724640665540903
2017-02-22,-0.14853237761010687,0.46129196083279,-0.6052570848448289,2017-02-21,1.3963963963964154
2017-02-23,-0.5197576173239358,-0.24951627830082002,-0.27113039632786645,2017-02-22,-0.037357134202975484
2017-02-24,-0.7980027121600637,-0.7455897352449461,-0.052659672275788175,2017-02-23,-1.6362479420647058
2017-02-27,-1.920794926920147,-1.0944910410503643,-0.8387897273289838,2017-02-24,-0.044153737151775285
2017-02-28,0.5655806335375935,1.1869837710966344,-0.6061159975343094,2017-02-27,0.920447074293218
2017-03-01,1.9138284061733217,0.2602467785299091,1.6498572886025331,2017-02-28,-1.3253257328990187
2017-03-02,2.2065449240644495,2.1161006819896837,0.0810377227206683,2017-03-01,1.6381604737048416
2017-03-03,-0.833311453747602,-0.05912406607976066,-0.7790374769895259,2017-03-02,-1.1093518462131802
2017-03-06,-0.8535984371746443,0.045997126484070394,-0.8895802080524433,2017-03-03,-0.036948467151787234
2017-03-07,-0.21067362818986685,0.13535848057108862,-0.3461465814331975,2017-03-06,0.021561239052525494
2017-03-08,-0.5200854702575071,-0.13023709436500494,-0.3908098466399582,2017-03-07,0.27407665934426895
2017-03-09,2.1415672868656164,0.9249146840990827,1.204264624742956,2017-03-08,0.22009520397194837
2017-03-10,1.69838628552728,0.9920656660002591,0.7001648573292907,2017-03-09,0.15117466802860857
2017-03-13,-0.8504049617603171,0.06987583969892182,-0.9162480800338899,2017-03-10,1.1677953655352402
2017-03-14,0.8985982694795236,0.16635289947566292,0.7294021081184909,2017-03-13,0.7520691984313377
2017-03-15,-1.2827195770089497,-0.6520838068139295,-0.6336435906100216,2017-03-14,-0.30618677393209337
2017-03-16,1.1642689493852894,-0.465826749816395,1.632871405355246,2017-03-15,0.8350646874027534
2017-03-17,-0.4583012742056622,-0.3231391831325468,-0.1344652306448851,2017-03-16,-0.18314836012541802
2017-03-21,0.2761214120086308,-0.19179589960976418,0.46946098143454495,2017-03-20,0.7654787975313493
2017-03-22,-3.2763289444250416,-2.5464919562979715,-0.7469368547432116,2017-03-21,-2.3580199349988673
2017-03-23,0.24119669083626347,0.2605018864294261,-0.01815066709822012,2017-03-22,1.1047935088322802
2017-03-24,2.4141461043516226,0.6589212466747759,1.745642641829452,2017-03-23,-0.24916444853603226
2017-03-27,0.21478185603545816,-0.9591699727174763,1.1760427789972248,2017-03-24,0.7523699653909866
2017-03-28,2.164505451737242,0.8841136637868813,1.270395430685984,2017-03-27,0.1593070144869868
2017-03-29,0.7709512668577932,0.7974353384269064,-0.025314686500367976,2017-03-28,0.30021372831652293
2017-03-30,0.6712613440391975,0.10973151260332711,0.562119633416888,2017-03-29,-0.24579521690436534
2017-03-31,-1.1626020120039477,0.7455944208657554,-1.891004710919895,2017-03-30,0.5285695834037041
2017-04-03,-0.323006861748491,-0.051765663353353066,-0.25595865524309386,2017-03-31,-0.040521441772656264
2017-04-04,-1.3065592664991057,-0.09544266857622728,-1.2138655226027253,2017-04-03,-0.5536879572869302
2017-04-05,-0.9683677075347082,0.19895436570437555,-1.1648230581699706,2017-04-04,-0.5289321932789748
2017-04-06,-1.9180549969537948,-1.1698186408199136,-0.7607129358750899,2017-04-05,-0.6946665600511825
2017-04-07,-0.1353414244475784,1.0224349503307821,-1.1428034622713432,2017-04-06,0.1167554074864352
2017-04-10,1.7443305219578236,0.9118723776632327,0.8249829685471131,2017-04-07,0.46848766952518606
2017-04-11,-2.8345247223867984,-2.8254157066747565,-0.007632134280521318,2017-04-10,-0.7735027768049241
2017-04-12,-4.002858113231358,-2.283107223394304,-1.76715652980102,2017-04-11,-0.8349972771827918
2017-04-13,-1.2052022679023318,-1.9397757670439675,0.7535657915455908,2017-04-12,-1.707446051213224
2017-04-14,-1.2186219423906237,0.20625361820193688,-1.417826869070782,2017-04-13,-0.6766333867880614
2017-04-17,2.0951204088158337,0.7479142075361547,1.2468030706735507,2017-04-13,-0.6766333867880614
2017-04-18,0.1497348432476795,1.9593276138372417,-1.7753991319169389,2017-04-17,1.3072780491869773
2017-04-19,0.047300461681421845,-0.854719132426172,0.9129073003118071,2017-04-18,0.4225960352060465
2017-04-20,0.8030869803775973,0.6382760072914164,0.1623474186890677,2017-04-19,0.5508513622820344
2017-04-21,2.97340877027185,2.1000668709610326,0.8864823313009731,2017-04-20,1.5783310422076369
2017-04-24,0.21244168581211928,1.8864505999373922,-1.6437583771239512,2017-04-21,-0.4621322239486636
2017-04-25,2.033272070857417,0.2879334769964819,1.7392996576111346,2017-04-24,1.49656575422481
2017-04-26,2.000659975379652,1.1728342112704335,0.8188350752519954,2017-04-25,0.9932526294899713
2017-04-27,-0.3325007799137186,-1.172703363547697,0.8479845980603402,2017-04-26,-0.8498639235220651
2017-04-28,0.3875646489261808,0.7375721834145027,-0.355289772547831,2017-04-27,1.4001744024733531
2017-05-01,3.1818189668224135,1.4106438076201886,1.7308531813732106,2017-04-28,-1.7355783795405033
2017-05-02,0.5345416035084066,-0.15314067160922176,0.6988461206967295,2017-05-01,0.9845554085904817
2017-05-08,1.9508484077793986,1.884183141386829,0.0651284861002925,2017-05-05,0.4171508596287232
2017-05-09,-0.3092826273820992,0.27015012692891355,-0.5758997637431086,2017-05-08,-0.38277795911100254
2017-05-10,-0.01006329950421454,-0.7814622681701926,0.7832210784919281,2017-05-09,1.0266491917868104
2017-05-11,1.2771165213970288,1.1176028750234726,0.16129710318003368,2017-05-10,2.1051597051597204
2017-05-12,-1.6542989143294227,-0.2064909077562988,-1.4535445316602653,2017-05-11,0.3378508451083784
2017-05-15,-1.104616900178902,-0.3266735754559902,-0.7395955960139504,2017-05-12,0.2695624646259276
2017-05-16,0.9857322658156136,1.1079460782227342,-0.12194824952521448,2017-05-15,1.5125712754965326
2017-05-17,-0.22654735023508032,0.12934576619028867,-0.36051857196511866,2017-05-16,1.4890909947693265
2017-05-18,-2.5829606278493777,-2.8619113930219333,0.2891240015375606,2017-05-17,-4.366439151228119
2017-05-19,1.5101875352414373,0.9312966656745706,0.5736403753805938,2017-05-18,1.889632269403685
2017-05-22,0.04324777532796808,0.6808462950629741,-0.63135334379761,2017-05-19,1.0940731351675836
2017-05-23,-0.9307377480308838,-0.12276858679744872,-0.8082316062269248,2017-05-22,1.0869462748757996
2017-05-24,1.9458570945285836,1.2317918734941244,0.704245762387465,2017-05-23,-0.40660262986104145
2017-05-25,0.3399988306814446,0.24410320294601257,0.09979619467345617,2017-05-24,0.6470400958855205
2017-05-26,-0.38648599832986363,-0.024247667187016236,-0.36200760601611665,2017-05-25,0.5489138019258544
2017-05-29,0.17717990198216713,0.15925889422609582,0.017637099306748255,2017-05-26,0.37936618089289276
2017-05-30,0.24035168801590978,0.009700799556145478,0.2322152034205903,2017-05-26,0.37936618089289276
2017-05-31,0.3981401474786839,0.09876753638107445,0.30181068622154883,2017-05-30,0.6083790385767784
2017-06-01,1.7148884546936563,0.611648108534154,1.0934222569018592,2017-05-31,-0.0027486371340867954
2017-06-02,1.2695729161164049,0.7823125130270354,0.4811579010571477,2017-06-01,0.10353484451448569
2017-06-05,0.8960026801869352,-0.13474643917292956,1.027591958298347,2017-06-02,0.9930895611184987
2017-06-06,-0.06441997010665451,0.5059335895709305,-0.5669855027262848,2017-06-05,0.2555736813485643
2017-06-07,2.1590896757761406,0.12365711860282524,2.031721325667195,2017-06-06,0.348936016343937
2017-06-08,-0.022519404121818187,0.7132214726237446,-0.731639607182403,2017-06-07,0.7404871720957162
2017-06-09,0.44584925486838006,0.7519574440059823,-0.30125733243594643,2017-06-08,1.783957793078783
2017-06-12,-1.9592730349861334,-2.401157151900675,0.45699150824108875,2017-06-09,-4.234570612782784
2017-06-13,0.7267998552314444,-1.1513703805493969,2.048608073918257,2017-06-12,-0.514655291041688
2017-06-14,-1.4791779082727305,0.611028945864099,-2.0870107539670535,2017-06-13,0.6371952344066845
2017-06-15,-1.6362464696594683,-1.4285456009271262,-0.1934434456399673,2017-06-14,-1.0564896687588754
2017-06-16,0.6002483382434125,0.18282046035497207,0.41423233271088217,2017-06-15,-0.8390287270100494
2017-06-19,1.4460750280758299,-0.0051399146899154145,1.451960788504788,2017-06-16,-0.3296723822331815
2017-06-20,1.5416573343224909,0.9689856960405,0.5906741707953486,2017-06-19,1.9386636432634052
2017-06-21,-0.9721409843865207,-0.6050494348623247,-0.37106400613090346,2017-06-20,-1.198617545407743
2017-06-22,-0.1665409634584666,0.4320539165822061,-0.5959076157999809,2017-06-21,1.1666418576957494
2017-06-23,-0.5813916256246578,0.08704905515618629,-0.6701836709717559,2017-06-22,-0.22622353828327668
2017-06-26,0.4624431748086368,-0.361656273865934,0.8303160469622043,2017-06-23,0.32443592390503095
2017-06-27,0.18890939874287796,0.34181791381251647,-0.15365070162040312,2017-06-26,-0.9701602234308382
2017-06-28,-2.5135156187881824,-0.9329559906891013,-1.6038186253868485,2017-06-27,-2.7144871604571796
2017-06-29,0.8144292066704525,1.2670763308897464,-0.4503731808916973,2017-06-28,1.7660633570461437
2017-06-30,-1.2871575424965647,-2.008664903349367,0.7367047872929378,2017-06-29,-2.507543244813437
2017-07-03,-0.7632334144199139,-0.4306476757517515,-0.33321479486884026,2017-06-30,-0.5295938178812354
2017-07-04,-1.6961244466401801,0.4041058942129344,-2.0942603147498917,2017-07-03,-1.3914253413340405
2017-07-05,2.1501236383068956,-0.2104795868208922,2.3655222494018866,2017-07-03,-1.3914253413340405
2017-07-06,0.045918450115684725,0.8328710190670559,-0.777721806767316,2017-07-05,2.0842519916512314
2017-07-07,0.31675887245288087,-1.0182778042254734,1.3507707286725352,2017-07-06,-0.4540306014705564
2017-07-10,2.4440426284719265,1.4940640719630927,0.9358187247481079,2017-07-07,1.7212284846439552
2017-07-11,0.056203871047165364,-0.20961169218882536,0.25783783151027295,2017-07-10,1.156507725850764
2017-07-12,-0.8576255117479257,0.0008827273342257448,-0.8580814633283729,2017-07-11,0.7796832536782095
2017-07-13,1.2540677227866808,1.0542565372182682,0.19828786624912323,2017-07-12,1.6216919901061777
2017-07-14,-0.12306134307163318,0.06110880725678816,-0.1851506875081318,2017-07-13,-0.24980326848816903
2017-07-18,0.9232999813997733,-0.04123508098304069,0.9682944239861567,2017-07-17,-0.4319400173862675
2017-07-19,0.2277486117418073,0.0058981066642553835,0.22142092649359318,2017-07-18,0.3455959256059238
2017-07-20,1.1791617307786793,0.31740098256453075,0.8559787782699596,2017-07-19,0.8909230978384253
2017-07-21,0.8620138674463028,-0.056493702891610154,0.9193262876889449,2017-07-20,0.30902459620185674
2017-07-24,-0.9355877258828211,-0.7305975330237716,-0.20453516274552266,2017-07-21,-0.813168311511514
2017-07-25,0.2867840661856115,0.1619383589084499,0.12476776144978642,2017-07-24,-0.4090145728370964
2017-07-26,0.035205751412334105,1.0588803145326044,-1.0103621052625806,2017-07-25,-0.03807762395626746
2017-07-27,1.014219148316598,-0.3634141995071381,1.397192727698578,2017-07-26,1.1572751430722228
2017-07-28,-3.6123957487345857,-1.2030396433316113,-2.4445193025027394,2017-07-27,-1.6210158246290352
2017-07-31,-0.7682947422352825,-1.0035159007461067,0.2511447644642972,2017-07-28,-0.39005896452103395
2017-08-01,-1.7781339158396245,-1.0277993801448138,-0.7624150947411489,2017-07-31,-0.7172984199306454
2017-08-02,2.2845776514419547,0.7151711917013479,1.5540669221815269,2017-08-01,0.5510758881260625
2017-08-03,-1.542639780426663,-0.6574632003058996,-0.8929533674903415,2017-08-02,-0.6571169338209115
2017-08-04,-0.7910620008017764,-0.5995128510900327,-0.19253219094382742,2017-08-03,-0.4760323259160981
2017-08-07,0.996484843090982,1.0387453110942435,-0.03823538303987927,2017-08-04,0.0602521319985172
2017-08-08,0.6060352359035863,0.39117985285095747,0.2117258280146674,2017-08-07,1.741627680763358
2017-08-09,-1.2741545254945652,-0.39615217203091807,-0.8790526709185603,2017-08-08,-0.40792169360346353
2017-08-10,-0.05741825298228238,0.5538145341180433,-0.6064408165398568,2017-08-09,-0.2998802307614956
2017-08-14,-1.1952063503429116,-1.5259733043037995,0.3414148080705031,2017-08-11,0.5848946246297393
2017-08-15,0.611675436403197,1.3461839541827318,-0.7249082431034194,2017-08-14,2.58108082759656
2017-08-16,0.3789000864298036,0.2195951175420461,0.1586247493548456,2017-08-15,0.2459451057838402
2017-08-17,1.365191151277903,0.6219791803164879,0.7082336731447586,2017-08-16,0.14957635234349453
2017-08-18,-1.049283236599961,-1.4561874957340606,0.41016725723997605,2017-08-17,-2.5836239948272777
2017-08-21,-0.726060446156956,0.2847416596438012,-1.0086283551053539,2017-08-18,0.20473029821446165
2017-08-22,0.4989437704058764,-0.1998361717057821,0.7019905845263879,2017-08-21,-0.6875705529485465
2017-08-23,-0.006437458458466651,1.1274665528667556,-1.1182353899945516,2017-08-22,1.608236576109423
2017-08-24,-0.2993481705171657,-0.26584300916688275,-0.03545506936340084,2017-08-23,0.4409970045486489
2017-08-25,1.043573999006641,0.15486255510084673,0.8887342438601247,2017-08-24,-0.044182214817611865
2017-08-28,-0.3191831916432258,0.20337565878348907,-0.5150769286892716,2017-08-25,-0.5000322304384297
2017-08-29,-0.1548268584142158,-0.5548810483849467,0.40389306022436816,2017-08-28,0.19620546043497278
2017-08-30,0.14089651118036214,0.6549850044277519,-0.5124217023365769,2017-08-29,0.20690547006336768
2017-08-31,1.0342500518330018,0.7548792531030726,0.28001295638176354,2017-08-30,1.735707833268818
2017-09-01,0.2674583949698589,0.376604683606125,-0.11151180976008615,2017-08-31,0.9622267122108452
2017-09-04,-1.1956681746455866,-0.49613260405188164,-0.7040364820377636,2017-09-01,0.45140041819600185
2017-09-05,-1.4718084475277997,0.16503790540327345,-1.643273761290983,2017-09-01,0.45140041819600185
2017-09-06,-0.05283935703608714,-1.5292784931447763,1.503311871866541,2017-09-05,-1.4035056372505017
2017-09-07,0.9287834511017293,0.5444765615826532,0.38512141585039955,2017-09-06,0.19299946540052293
2017-09-08,0.240367344137723,-0.22126348359383946,0.46461023745292584,2017-09-07,0.14288814932714722
2017-09-11,3.70856658992501,1.1966921533572108,2.478399388119589,2017-09-08,-1.2507450286271538
2017-09-12,0.7311639695214656,1.0805857213326429,-0.34789430866652665,2017-09-11,2.009163321109475
2017-09-13,0.6699524189248266,0.592253976127465,0.08081507086327155,2017-09-12,0.42493679737507506
2017-09-14,0.14779908337777456,0.24307076794784893,-0.09613194678407977,2017-09-13,0.16425638278878552
2017-09-15,1.3564327787266166,-0.1538510611972854,1.5092516615176246,2017-09-14,0.47948379736908464
2017-09-19,1.921943141551235,1.7839261324439972,0.13040538733116833,2017-09-18,1.2401018592807178
2017-09-20,-0.17645341974265996,-0.0997001994817456,-0.07360692835913325,2017-09-19,0.35145146007407035
2017-09-21,-0.685163060525186,0.38267279416844935,-1.06504733687801,2017-09-20,-1.406032721591799
2017-09-22,-0.6534446599527007,0.5903763424631108,-1.2274810115621217,2017-09-21,-0.4118056764757072
2017-09-25,0.5453569198914584,0.9142320066001209,-0.3662929815156463,2017-09-22,0.5000568246391612
2017-09-26,-1.9793043773278263,-1.1333503601392179,-0.8514453969088869,2017-09-25,-1.9702676606442204
2017-09-27,0.7542365111838302,0.4352976447800054,0.31901326179142303,2017-09-26,-0.04791736915895628
2017-09-28,1.3332253288289706,1.466693627817249,-0.12742277522329878,2017-09-27,2.3615056818181657
2017-09-29,0.2437984343682245,-0.11863790646543643,0.36214612582851397,2017-09-28,0.7536860364267151
2017-10-02,0.08709810683658506,0.60790659228319,-0.5158584955586563,2017-09-29,0.8651189215711508
2017-10-03,1.3675643914290518,0.8005923776657381,0.5543866245867288,2017-10-02,0.598255585710139
2017-10-04,-0.08447249874324174,0.5688013283504498,-0.6474406732111946,2017-10-03,0.3121951219512198
2017-10-05,-0.6184240810010653,0.17301776484944437,-0.7867751855301273,2017-10-04,0.23764620315789298
2017-10-06,-0.008851123915766517,0.06222893426134808,-0.07065070857743574,2017-10-05,0.07002801120448154
2017-10-10,1.304609603750679,0.33985713151722124,0.9607502895059322,2017-10-09,0.7058626043896066
2017-10-11,1.4988299426171774,1.5276254737568813,-0.06516106021894179,2017-10-10,0.6117380361042146
2017-10-12,0.5396414269328952,0.309596151537324,0.2359948802763304,2017-10-11,0.6618621603711183
2017-10-13,0.9681703864559551,0.23959784432727774,0.7274059826676242,2017-10-12,-0.33657288160700016
2017-10-16,0.625247696454019,0.4061188274259686,0.21603859094094494,2017-10-13,0.6696391710015792
2017-10-17,0.0019935244227402677,0.18059536744095103,-0.17743689672148658,2017-10-16,0.47407747639864883
2017-10-18,-0.7120824172892863,-0.08517073793397847,-0.6304007746473846,2017-10-17,-0.07102098792644007
2017-10-19,0.6258383978145304,0.28576697834116777,0.3417134542133454,2017-10-18,0.33003300330034513
2017-10-20,0.6365676114110136,-0.3659022002788773,1.0068639544757074,2017-10-19,-0.25322433559146207
2017-10-23,1.6384073728899797,1.157988643347265,0.47306881863936345,2017-10-20,0.5134484306762888
2017-10-24,1.2858099025972174,-0.10556262957296464,1.3930271503123512,2017-10-23,0.4710315591144765
2017-10-25,0.32808075548160914,1.142903650099832,-0.7926018018996143,2017-10-24,0.6660523465412238
2017-10-26,-0.040951403225538294,-0.5363766245068552,0.49985130527965127,2017-10-25,-1.2935810756556365
2017-10-27,2.0726687309138145,0.9951477993117963,1.0637706290530637,2017-10-26,0.631268964507381
2017-10-30,1.0146727932622976,0.5821765524145546,0.431874079612279,2017-10-27,2.1438445308521237
2017-10-31,0.6637942809605275,-1.1352263218057463,1.8230097792044644,2017-10-30,0.18677535515019272
2017-11-01,4.4850865021198745,2.3095924583100778,2.0996266862351165,2017-10-31,0.7662472055675273
2017-11-02,1.4278373713978858,0.2793098911414069,1.148787618917664,2017-11-01,-0.32141485250193336
2017-11-06,-0.4022216157785142,0.6244556715675078,-1.011831369381645,2017-11-03,1.7716504611145156
2017-11-07,1.5297620934883556,-0.24526218105434483,1.7734095572064,2017-11-06,1.3361846811849487
2017-11-08,0.9697690028315605,-0.006807236803871425,0.9742433273271868,2017-11-07,-0.059969332139009346
2017-11-09,-0.40906088735157187,0.9896275222552844,-1.3787544222096422,2017-11-08,0.3478789259808046
2017-11-10,-1.0617222375157676,-2.129119749686118,1.0905364419119048,2017-11-09,-2.0035878376844063
2017-11-13,-1.1692201061513416,0.291761702159246,-1.4559303597201874,2017-11-10,0.6488189949484635
2017-11-14,0.7208285205376451,-0.05512703408619501,0.7776749038842152,2017-11-13,0.2701333783555526
2017-11-15,-2.2046042206610674,-0.5914580997813427,-1.620269681232954,2017-11-14,-0.1209263879747069
2017-11-16,1.5032201351146512,-0.8553495149195772,2.380862805235041,2017-11-15,-0.9042145593869733
2017-11-17,0.9213266471699777,1.7507084974602982,-0.811345027137679,2017-11-16,1.5395917104856105
2017-11-20,-0.6229788978806846,-0.6225466650383382,-0.0015676796230590765,2017-11-17,-0.47063840805414703
2017-11-21,0.5667932362461376,1.2789043802234155,-0.7015808494532636,2017-11-20,1.2150612504112646
2017-11-22,0.5700695956869555,1.1612704625835304,-0.5836989962790836,2017-11-21,1.1422653291100149
2017-11-24,0.623119729010628,-0.5661680398283765,1.199974373430468,2017-11-22,-0.659232241090657
2017-11-27,-0.7353059973992039,0.5490859463908098,-1.2774500638530002,2017-11-24,0.9472575426980878
2017-11-28,-1.72402402789088,-0.5087902523894997,-1.2179307544104727,2017-11-27,-1.3073064567821202
2017-11-29,-1.701878286673894,-0.03194343128404059,-1.67511098314495,2017-11-28,-0.0808065551485937
2017-11-30,-1.5125838394676332,-2.1179306357786447,0.6393194021248783,2017-11-29,-4.389001420926919
2017-12-01,-0.12676575995403472,1.302051218611399,-1.4059022919274695,2017-11-30,0.5960427190298878
2017-12-04,-0.7326487213089652,-0.10686757782485563,-0.6255309780186644,2017-12-01,-1.0922949982318908
2017-12-05,-1.9399994453545617,-1.6371308545325776,-0.30266960435033735,2017-12-04,-2.447066301195744
2017-12-06,-1.6045064725267635,-0.3708614610453612,-1.2388219701994452,2017-12-05,0.05375249419719008
2017-12-07,2.266078739326989,1.3316517715300284,0.9179713510189174,2017-12-06,0.3052478205305631
2017-12-08,1.6442168400429078,0.5011465687295725,1.1381314474152675,2017-12-07,0.9949199032671663
2017-12-11,0.15371918183829117,0.33919205691251136,-0.18395800049108071,2017-12-08,-0.5046122199723557
2017-12-12,-1.1248000788735666,0.16427959469588577,-1.2839661857863236,2017-12-11,0.5927768445535442
2017-12-13,-1.8221577303027976,-0.5689840829422579,-1.2567401435121848,2017-12-12,-0.9955201592832141
2017-12-14,0.05392672454557983,-0.30879265726509003,0.3643034070283765,2017-12-13,-0.011352762775918013
2017-12-15,0.20065322698731747,-0.17931416343877163,0.3808948798426207,2017-12-14,-0.04947122558878192
2017-12-18,2.1230667300413266,1.4348011978265935,0.6791625673062701,2017-12-15,1.4978538334834424
2017-12-19,-0.6387189618027691,0.9596245425326225,-1.5782060689693247,2017-12-18,2.160062035830479
2017-12-20,0.1944867316066953,0.0839744821293103,0.11049946551099663,2017-12-19,-0.10877135322520104
2017-12-21,0.4905238002571663,-0.08987626348288055,0.580490418652645,2017-12-20,0.6987747939711131
2017-12-22,-0.20735507883091223,-0.3117663969058073,0.10291160709524057,2017-12-21,-1.060337316405291
2017-12-25,0.14582009988818118,0.08024780097852822,0.06682954366313514,2017-12-22,-0.050321982057055514
2017-12-26,-0.8066626080853494,-0.18795804767698088,-0.6194162326613647,2017-12-22,-0.050321982057055514
2017-12-27,0.5477153411304312,-0.5273191770811015,1.0843361814438406,2017-12-26,-0.9668258376141603
2017-12-28,-0.10691590246624319,0.07726183063909386,-0.1842908894903948,2017-12-27,0.3558718861209842
2017-12-29,-0.07169275938093193,0.47918630145316976,-0.544511311999216,2017-12-28,0.2327127659574435
2018-01-04,5.1655861715219675,3.3222437937160163,1.78468199328887,2018-01-03,1.7208977246252921
2018-01-05,1.8948845956900782,1.0842304732661696,0.8042218976669158,2018-01-04,0.5634189913426013
2018-01-09,1.9649975868348515,1.3339679046196564,0.6280302491205266,2018-01-08,0.7414894660219717
2018-01-10,-0.7133902194021993,-0.20255905273248087,-0.5121165838611086,2018-01-09,-0.9711427587343002
2018-01-11,-2.0275137887668713,-2.249037323215474,0.24165839141183962,2018-01-10,-1.2362294623346926
2018-01-12,-0.45570525505219495,0.10678953850935598,-0.5637611209226268,2018-01-11,0.6216410711824771
2018-01-15,-0.22843140725379332,0.9324168499027528,-1.1487503787719193,2018-01-12,0.5904103960923335
2018-01-16,0.2872787312607606,-0.24140857483225633,0.5304457143032872,2018-01-12,0.5904103960923335
2018-01-17,1.3437543545301736,-0.5767483322981508,1.9309388188916865,2018-01-16,0.29271613342409797
2018-01-18,1.1429260376723729,2.9708780341505774,-1.7662611492708868,2018-01-17,2.889959803012121
2018-01-19,0.8023216767867987,1.0558489135954587,-0.24854730724110327,2018-01-18,0.45957970812657845
2018-01-22,-0.2667162188388339,-0.030222097621675017,-0.23798037174006778,2018-01-19,0.10725542843801339
2018-01-23,1.3309525512348408,0.8049342242323264,0.5212578957931183,2018-01-22,0.7565432242735204
2018-01-24,-2.366062620614244,-0.6002099607944579,-1.7800847857218416,2018-01-23,0.7559262447464743
2018-01-25,-1.2450398676695051,-1.8387060593097295,0.6077756913962314,2018-01-24,-2.310354235170786
2018-01-26,-1.2485358355544085,-0.29653650034710655,-0.9584391294948651,2018-01-25,-1.694740864861699
2018-01-29,1.263309120356046,1.0521507547099962,0.21190802753779767,2018-01-26,3.263258623525367
2018-01-30,-2.0973953895177835,-0.46709297932433247,-1.6308467817722418,2018-01-29,-0.20633185401839338
2018-01-31,-0.03417641556457679,-0.29493099729734557,0.256818948040857,2018-01-30,-2.0298602748073935
2018-02-01,1.0776606105385977,1.2918979145264464,-0.2082808610454109,2018-01-31,0.8189923284262823
2018-02-02,-0.56233548960028,-0.5321434044171848,-0.029172398799204576,2018-02-01,-0.4722732280572961
2018-02-05,-2.7696627808464007,-2.732352718217418,-0.02686995379214873,2018-02-02,-2.7371279712487095
2018-02-06,-4.643023899196035,-6.441335695828507,2.050573795229726,2018-02-05,-4.717067026813771
2018-02-07,0.05306378304936688,5.19742272565343,-4.876471991998458,2018-02-06,3.65103001250191
2018-02-08,1.5203286582568825,1.0761815472771148,0.4459445607460284,2018-02-07,-2.2402163391361807
2018-02-09,-2.0107563487421047,-4.013500139840422,2.0846864822304565,2018-02-08,-4.2310412573673855
2018-02-13,-0.8344881677040761,1.9016038005374154,-2.679892940144032,2018-02-12,1.8577651077790636
2018-02-14,-0.46106625105368726,0.5067280153380194,-0.9707439033876677,2018-02-13,-0.049251841080732994
2018-02-15,2.631449958273723,1.2643588127632284,1.3477037807404066,2018-02-14,2.232286020445673
2018-02-16,1.4235153174659427,0.885469311109792,0.5389970071991037,2018-02-15,1.2164798592249726
2018-02-19,1.632807554102481,0.6768758940080415,0.9491512915960182,2018-02-16,-0.34997543368986417
2018-02-20,-0.7674911937343515,-0.41125406327941694,-0.35931609555438365,2018-02-16,-0.34997543368986417
2018-02-21,1.4857167245707827,0.40521463913118894,1.0793603432582353,2018-02-20,1.7605740639601963
2018-02-22,-0.5665710071632943,-0.5254370964296176,-0.04374898239059882,2018-02-21,-1.206085588842598
2018-02-23,0.20271137070992196,0.05966296571537183,0.14384187976968232,2018-02-22,-0.24597276191195006
2018-02-26,0.9639423385005625,1.3896480843258046,-0.4237256954228621,2018-02-23,2.1934966605904327
2018-02-27,2.112990271786741,1.2723515324711727,0.8274460453976688,2018-02-26,2.159737693269892
2018-02-28,-0.5261382235325139,-0.4102613514832381,-0.11245134517965194,2018-02-27,-0.402095242235212
2018-03-01,-1.0719833341981675,-0.7070252007912547,-0.37234054775187764,2018-02-28,-0.9238244878957191
2018-03-02,-2.4147008240319683,-2.9620690874068,0.5657790913477247,2018-03-01,-1.6064374972467266
2018-03-05,-2.478406106017223,-0.3721076856352626,-2.1009821966876663,2018-03-02,1.7639948065127475
2018-03-06,2.9204893529640534,2.3748797888893636,0.5318556737054565,2018-03-05,0.8857733652055222
2018-03-07,-0.5249831128958835,-0.7546139692529114,0.23063998522059737,2018-03-06,1.497972177401774
2018-03-08,2.2716867339705793,1.3627067381753508,0.8912615802616759,2018-03-07,0.28643651492692435
2018-03-09,0.9952980499520823,1.1293101948827018,-0.13499984830490136,2018-03-08,0.1128192678172324
2018-03-12,1.0849333895151592,2.2341896197805737,-1.1256502824377754,2018-03-09,2.076245497664142
2018-03-13,1.4088597562567755,-0.5643153259389234,1.9851811830496335,2018-03-12,1.0299337600268244
2018-03-14,-1.6457354309089647,-1.7789822547989589,0.13236307227023686,2018-03-13,-1.5519745487239778
2018-03-15,-0.18366510720457427,-0.22071143676007923,0.03634021894657444,2018-03-14,0.0028100543745468443
2018-03-16,-1.3672672000221833,0.17953320773095413,-1.5450578300545623,2018-03-15,-0.10045662100457431
2018-03-19,-1.9711362682182179,-0.9395554049883613,-1.0470307266128722,2018-03-16,0.033050412426960385
2018-03-20,-0.6237381357004048,-1.1031362588350302,0.4889833076927323,2018-03-19,-1.9486271036315395
2018-03-22,0.24082543357974112,0.182046046759313,0.05580619453417586,2018-03-21,0.17644966204197754
2018-03-23,-4.814339682664497,-3.847918870600968,-1.0002956877271818,2018-03-22,-2.7699257091720053
2018-03-26,-0.6622616310568714,-1.8827024271105246,1.2442245353724346,2018-03-23,-3.2915017019971016
2018-03-27,3.2217626386223808,2.5558365862881116,0.6579697804323552,2018-03-26,4.243458819264001
2018-03-28,-2.839187161833163,-3.0083335692154454,0.17338920354258772,2018-03-27,-3.7794362727338493
2018-03-29,-0.452138271637546,0.8006469107995646,-1.243448380691347,2018-03-28,-2.1175655526605164
2018-03-30,2.212080015893613,1.5065964171571127,0.6935979429810314,2018-03-29,2.2372328476250702
2018-04-02,1.4730086303323682,0.3631496220260081,1.105159240933029,2018-03-29,2.2372328476250702
2018-04-03,-2.31182286160432,-2.191290688882102,-0.12820323005280737,2018-04-02,-3.9047332380164113
2018-04-04,-1.8303243894489358,0.9427161834794973,-2.751851920015727,2018-04-03,1.9639626941057475
2018-04-05,1.0606726743985595,1.2701788476971245,-0.2055716889111159,2018-04-04,1.299449346819359
2018-04-06,-0.5122557568571358,-0.38028327846848475,-0.13160263286512183,2018-04-05,-1.0439647917756534
2018-04-09,0.15481152642995868,-0.8593626678034281,1.0246829249244809,2018-04-06,-3.0638043578192553
2018-04-10,1.1571300896270433,-0.19220134080361415,1.3499653796688906,2018-04-09,0.6757557794902169
2018-04-11,-0.29428256843509376,0.46643723217626215,-0.7578079975450198,2018-04-10,3.198304286387188
2018-04-12,-1.4542228356545135,-0.29854698731307827,-1.16192724375442,2018-04-11,0.03955756386264664
2018-04-13,2.759648542109978,0.9283978580924437,1.8167149350255836,2018-04-12,1.8706370811978346
2018-04-16,0.5262346956199548,0.39594388819690873,0.1286523363778948,2018-04-13,-0.7658659659913747
2018-04-17,0.2059656186942713,0.022441273404022046,0.18255098802183709,2018-04-16,0.23469234241009218
2018-04-18,1.2378216274817586,0.44728421827515247,0.7861740298407821,2018-04-17,1.8911536036982701
2018-04-19,-0.34319143193048657,0.09095186786524787,-0.4383127454335302,2018-04-18,-1.026721268008135
2018-04-20,-0.25889812813798296,-1.4073440518257057,1.1630756871629928,2018-04-19,-4.308741014154094
2018-04-23,-1.04202186854524,-0.24390167917510538,-0.8047101180214946,2018-04-20,-1.1704047033938014
2018-04-24,0.9760042987568043,0.3545361396057885,0.6210673044447667,2018-04-23,-1.3259051171281677
2018-04-25,-0.6624510604570413,-1.0569069178495432,0.390903356386526,2018-04-24,-0.8221821719644584
2018-04-26,1.5567670667349183,1.7784914010536628,-0.22773323067031573,2018-04-25,-0.11900262931485717
2018-04-27,2.420412168560417,2.633578799538588,-0.23443023808971397,2018-04-26,2.0946876081758825
2018-05-01,-0.9311536415806411,-0.3534429718852412,-0.5575804427250578,2018-04-30,-1.0897298328444882
2018-05-02,0.7141175453278062,1.4622474830989016,-0.7338051903462911,2018-05-01,1.730954676952745
2018-05-07,0.3433010567537081,0.7502749847101599,-0.4125445260876684,2018-05-04,2.310957520671586
2018-05-08,0.4421919784320555,-0.311564443482638,0.7548020489880314,2018-05-07,0.9061254077564307
2018-05-09,-0.14384671190333184,0.15168884086596987,-0.27759122462285685,2018-05-08,0.7290902421129841
2018-05-10,1.15464255516427,0.6871148720197509,0.46542064084823015,2018-05-09,1.4157600036418305
2018-05-11,1.912730408616026,1.224307126328883,0.6767928820700683,2018-05-10,1.7984858006403925
2018-05-14,-0.027014163805914492,-0.6388774944188519,0.6118001404203547,2018-05-11,-0.7540125815744592
2018-05-15,0.5218197160033857,0.4093799293292725,0.1158788615833316,2018-05-14,1.2617922781866797
2018-05-16,-0.9232103253093267,-0.7196212929410295,-0.20515984107548393,2018-05-15,-1.1992687385740441
2018-05-17,1.3131259899659664,0.7196422001601434,0.5912018842240048,2018-05-16,1.4062615646510235
2018-05-18,-0.026002259699191167,-0.07733464589274322,0.04481567012236359,2018-05-17,-0.38172396175462087
2018-05-21,-0.6740891315257752,-0.3655755416561643,-0.31343780932652393,2018-05-18,-1.44116289463464
2018-05-22,-0.6379349897928592,0.08358896717730772,-0.7092750044915651,2018-05-21,1.0511448111804933
2018-05-23,-0.13597641781728198,0.15615690369152635,-0.2805001947800555,2018-05-22,0.5613018082304633
2018-05-24,-1.2254664959023112,-0.5435772238110448,-0.6872947043580425,2018-05-23,0.5106183749460591
2018-05-25,0.1626451691944264,-0.26821426685173155,0.43105472691723173,2018-05-24,0.347174205757117
2018-05-28,0.49117280448645445,0.5711028174018152,-0.07873954259995183,2018-05-25,0.8790762446327038
2018-05-29,-0.968133532070421,-0.1554082337020223,-0.8121832130178925,2018-05-25,0.8790762446327038
2018-05-30,-1.4690672867810897,-1.7513260712546321,0.2878964349447688,2018-05-29,-0.7132380431969065
2018-05-31,1.1551694021938526,0.9295759280911773,0.22377357729106653,2018-05-30,0.6510152651855394
2018-06-01,0.30535334519453566,-0.08120190556770815,0.38409076183085705,2018-05-31,-0.7849429099725969
2018-06-04,2.1936765403453244,1.5829987171933517,0.6031979528326966,2018-06-01,2.3430021754894836
2018-06-05,0.8554566019352108,0.4273420595865337,0.4246338305054131,2018-06-04,0.8049259198900316
2018-06-06,0.19788389040107485,0.2722334816817709,-0.0740173291125016,2018-06-05,0.41049575797620363
2018-06-07,0.5456924828952984,0.4894607532552154,0.05678390780475655,2018-06-06,0.6601283855205864
2018-06-08,-1.4814643537458434,-0.37917522057287945,-1.1053038142338096,2018-06-07,-0.9457974602556485
2018-06-11,-0.26276717955211204,-0.2119432354665865,-0.05032560672378907,2018-06-08,-0.8460058693851136
2018-06-12,-1.0288718464726307,0.4816190474172451,-1.5073295356926881,2018-06-11,-0.23366305787054786
2018-06-13,-0.8122250274937114,0.14074844277181564,-0.9535880548685498,2018-06-12,0.5237794448505584
2018-06-14,-0.5378971164329551,-0.33920024030115625,-0.20198228411959132,2018-06-13,-0.13343970855071996
2018-06-15,-0.7606257023945927,0.47726596105452124,-1.2924568853680949,2018-06-14,0.6108251795712727
2018-06-18,-1.5036906013029252,-0.4031595949600357,-1.1075546115927974,2018-06-15,-0.07588959469334577
2018-06-19,-2.2942867844755392,-0.4975455641569213,-1.8071157073579387,2018-06-18,-0.9936429355011045
2018-06-20,1.2166125498878833,0.22247846375077873,0.991269494166817,2018-06-19,-1.159875276118516
2018-06-21,0.9663889234742995,0.9560433418996194,0.02182605118169059,2018-06-20,0.5044625533566105
2018-06-22,-0.5353740502474156,-1.5832741769577419,1.0660482141133936,2018-06-21,-1.2576862576862524
2018-06-25,-1.4509124995600524,0.27096870466125283,-1.717307443772082,2018-06-22,-0.7248318259824305
2018-06-26,1.1536455689631475,-1.4084868795699006,2.5993836265238084,2018-06-25,-3.1334792122538313
2018-06-27,0.0697081744696428,0.4205441920610303,-0.3460657163917802,2018-06-26,0.4036023011355194
2018-06-28,0.49045293563583436,-0.4125493559717058,0.9011191698032799,2018-06-27,-2.4666266686665717
2018-06-29,-0.4838275393522238,0.08517815496264146,-0.5764033357913703,2018-06-28,0.85581810212918
2018-07-02,-0.5797606884619045,-0.042288831196847794,-0.5387592395654678,2018-06-29,0.15705528956115877
2018-07-03,0.2655213318895913,0.07459790366566883,0.19518711771055808,2018-07-02,0.6173403364542862
2018-07-04,-4.090368421985086,-1.2939083587295814,-2.823808153037715,2018-07-03,-1.823257502969411
2018-07-05,-1.8015307871494508,-1.2395723298236607,-0.5695812735195351,2018-07-03,-1.823257502969411
2018-07-06,2.6467154650965954,0.5246439447143563,2.11667427728431,2018-07-05,2.7163233696280376
2018-07-09,2.436338661314724,1.0787789027571804,1.336542557481061,2018-07-06,1.2175909254591222
2018-07-10,1.89151637705634,1.41779109685356,0.463431165198679,2018-07-09,0.6552079395785615
2018-07-11,-0.5411728217412131,-0.7288461374710332,0.18562686296633207,2018-07-10,1.0471049976804592
2018-07-12,-0.11347028772543781,-0.36569690494605106,0.25544694153011893,2018-07-11,-2.5899070869010776
2018-07-13,1.883457349706001,1.1223474996465068,0.7550947198514716,2018-07-12,0.7099520464423748
2018-07-17,0.3270424689818823,0.25392041577650254,0.0765094681609521,2018-07-16,-0.11858326558922272
2018-07-18,1.0027439176364166,1.7765712554629554,-0.7654664699104589,2018-07-17,1.47471700367372
2018-07-19,2.0498825497814344,1.0533643136445447,0.9783060715135653,2018-07-18,0.7704250951074076
2018-07-20,-1.7356057804833873,-0.41862509158712885,-1.3134610837343728,2018-07-19,-0.26579819782981406
2018-07-23,-1.2581451681089422,-1.1989770954402166,-0.059764023335511084,2018-07-20,-0.48542267648737925
2018-07-24,0.7695541496905068,0.5422957232682326,0.2191448046254032,2018-07-23,0.16112537614314526
2018-07-25,0.6680796538084353,-0.016462424382737442,0.687908259398723,2018-07-24,-1.0871321747050966
2018-07-26,1.3283446607620055,1.5058853620094481,-0.1642053843859863,2018-07-25,0.487902686806585
2018-07-27,0.43037074843308365,0.7462172927294597,-0.31208353821842666,2018-07-26,1.8674943650001774
2018-07-30,-1.5157857123564287,-0.722854229562865,-0.798530298530652,2018-07-27,-0.44833940308469655
2018-07-31,0.07909336303523908,-0.2795947538398659,0.362472959442669,2018-07-30,-0.9969101614877962
2018-08-01,0.9740813901332425,0.09537299029530703,0.8762667900815635,2018-07-31,0.6558414792132927
2018-08-02,-0.46785849577078353,0.33787343873373,-0.8078123999585218,2018-08-01,-0.17258148259194916
2018-08-03,-0.8463992688324989,0.16076162754992449,-1.0183020554758209,2018-08-02,1.0050472123125598
2018-08-06,-2.00536446550379,-0.5183528854502092,-1.4950240243408934,2018-08-03,0.20379597194724042
2018-08-07,-0.14054198869981446,-0.9797265091349119,0.868788996811973,2018-08-06,0.548623375119428
2018-08-08,1.1714731255453243,0.07795262667914907,1.0892392363283123,2018-08-07,0.7759750075581939
2018-08-09,1.6053593430233184,1.2750345604265605,0.2873036789240298,2018-08-08,0.26928571428570525
2018-08-10,-3.5303896193537856,-0.8527473400972173,-2.696070074598896,2018-08-09,-1.047892461015698
2018-08-13,-3.8345677686532547,-2.05632072742835,-1.801769102352116,2018-08-10,-2.466416137531857
2018-08-14,2.171571671470998,1.2714514444029272,0.8898549117683342,2018-08-13,0.14393268379095936
2018-08-15,-0.8650621281706142,-0.29323247102402683,-0.5715357286341669,2018-08-14,-0.1886861986364452
2018-08-16,-0.8399591302988939,-2.4015861474143705,1.6086378198177345,2018-08-15,-1.4274215582746996
2018-08-17,-0.019762628017184227,0.5600241130488112,-0.5758879173520456,2018-08-16,-0.13259817508952665
2018-08-20,-0.7384405878531257,-0.2628447900938266,-0.4743609601221923,2018-08-17,-0.7261325191847412
2018-08-21,0.9007191719268184,-0.11178509925526366,1.0016637197388987,2018-08-20,-0.09898670857860781
2018-08-22,2.213678744322829,0.4010082158211291,1.8069954654629565,2018-08-21,1.980183042129946
2018-08-23,0.2170375284517524,0.6048575419798927,-0.38503974123496987,2018-08-22,0.46355356454148566
2018-08-24,0.9194726701801518,0.4641429624043997,0.4543871321594588,2018-08-23,0.11812215307156482
2018-08-27,2.981430461119553,0.8490070521011791,2.1142913074623837,2018-08-24,1.45635005493574
2018-08-28,-0.7633720240488088,1.2727287184559473,-2.0101038781863325,2018-08-27,1.5684507369828626
2018-08-29,1.3850817228038035,0.3607557365263863,1.0217261814785212,2018-08-28,0.39285560946289433
2018-08-30,1.0812658588085293,1.0750388943615845,0.00593557122477244,2018-08-29,0.24448483552514944
2018-08-31,-0.1953552157613003,-1.2361512082739627,1.0551242084947137,2018-08-30,-0.9392909455481435
2018-09-03,-2.0225928644548956,-0.12648540214941892,-1.9035059065437578,2018-08-31,0.5763833559436327
2018-09-04,0.6284783026151834,0.21113634681467097,0.41790965383829226,2018-08-31,0.5763833559436327
2018-09-05,-0.6925814713695697,0.12438268805130441,-0.8095432478195235,2018-09-04,0.6944047958892474
2018-09-06,-1.9197165514079235,-1.0375231964273959,-0.8915724268505679,2018-09-05,-0.5039229444409044
2018-09-07,-3.6125877063675715,-2.78322658851014,-0.8646908715800423,2018-09-06,-2.669145616959445
2018-09-10,-1.4395275785801658,-0.24799139962704064,-1.1948774898170775,2018-09-07,-0.40838730925457645
2018-09-11,1.3002967691160519,0.5763399499686265,0.7219372332959757,2018-09-10,1.100112436341183
2018-09-12,-3.6676450515022325,-0.6642257948008179,-3.0420173598394493,2018-09-11,-1.006730922994159
2018-09-13,-1.8444115191348454,-1.6792661072070747,-0.16419838050763286,2018-09-12,-1.1652923510709456
2018-09-14,2.8099200161897717,1.3612880780829408,1.4246646280415056,2018-09-13,1.2020623764877225
2018-09-18,0.8359678127090774,-0.6654976980861597,1.508524075015289,2018-09-17,-1.4397630163143993
2018-09-19,2.2318824689412566,2.1997574636725856,0.033293963353977975,2018-09-18,0.8390547190382014
2018-09-20,-1.9533050120106608,-0.017573905415555296,-1.933195939358629,2018-09-19,0.20527880660692333
2018-09-21,0.5667321047352266,0.764451047941001,-0.19667566448563498,2018-09-20,1.1657237839729495
2018-09-25,1.5106719505312616,0.18648686206828524,1.3275570108012265,2018-09-24,0.38826106760949664
2018-09-26,0.5906745209531451,-0.4947160596954451,1.0874979025180276,2018-09-25,-1.7026057646601367
2018-09-27,-2.8571705494081514,-0.5302259984174527,-2.342329547493411,2018-09-26,-0.9503084655852034
2018-09-28,0.39345397549427724,1.1136210243689382,-0.7186341344740627,2018-09-27,0.44531567851462395
2018-10-01,1.5399422561856237,0.28953774114749625,1.2468922487931233,2018-09-28,0.6532289541708813
2018-10-02,-0.8703385387849621,0.2930592894821297,-1.1567036643042419,2018-10-01,0.27071718102931186
2018-10-03,-0.7647616447801172,0.30762527299520454,-1.0717933536223727,2018-10-02,0.031376784098524624
2018-10-04,-0.8258902776158336,1.1812802910077573,-1.9832950663206579,2018-10-03,0.11160795699083348
2018-10-05,-2.8097072119645445,-1.370691818844733,-1.4643291165172632,2018-10-04,-1.8391139609443274
2018-10-09,-4.196582123795875,-2.4326268345790467,-1.7940111594962915,2018-10-08,-1.127796692606997
2018-10-10,0.9944155307213913,1.4649852170143882,-0.4573422544913841,2018-10-09,-0.06533435818600886
2018-10-11,-4.313854202602316,-6.028702059636911,1.8453022997132098,2018-10-10,-4.464869438141772
2018-10-12,2.339425259114158,-1.0407925712142359,3.4196763850350993,2018-10-11,-1.025682312213183
2018-10-15,-1.2551373846950353,-0.6310093220085207,-0.6271545571237043,2018-10-12,1.9701307997657347
2018-10-16,-0.06574852829259024,-0.11440527633138828,0.04777684117924261,2018-10-15,-0.9381132436701245
2018-10-17,3.7347816878971325,3.0416113212665565,0.6671105535711944,2018-10-16,3.312074213654159
2018-10-18,-2.07241757926027,-0.302456352382324,-1.7783080035109113,2018-10-17,-0.43961183210570187
2018-10-19,-1.2187996539405814,-2.470259044991759,1.2872166092214865,2018-10-18,-2.5060478662188523
2018-10-22,0.8550166893047223,-1.721964579480711,2.6248431817055855,2018-10-19,-1.5546454669557508
2018-10-23,-3.3140212002614873,-1.1172982850142779,-2.2196407472095014,2018-10-22,0.6737686999363834
2018-10-24,-1.2599022673086249,1.0005761016893449,-2.23875090575068,2018-10-23,-0.5339491168368293
2018-10-25,-6.387289930314656,-5.009333512567264,-1.4624196812367594,2018-10-24,-6.61447853960132
2018-10-26,-1.6890455170536423,1.8210757165835618,-3.447735994747498,2018-10-25,2.3377325738610066
2018-10-29,-0.6867739803576188,0.6254590260656722,-1.3033574647372372,2018-10-26,-1.7226242531175218
2018-10-30,6.1765313874109555,0.5634956778162845,5.581820422422095,2018-10-29,-1.1144839549002472
2018-10-31,5.672705870650892,4.518366300493918,1.229236413109416,2018-10-30,4.159101872560611
2018-11-01,1.5804238211750314,1.8981126402305226,-0.30119217963910605,2018-10-31,1.2403479373847448
2018-11-02,5.43941975434229,0.6418684733423803,4.785602678187986,2018-11-01,4.639441071280048
2018-11-05,-1.0431909167417395,-1.4522433347233932,0.40241010225391727,2018-11-02,-1.5038789266183294
2018-11-06,-0.12680126079791953,-0.4194984155057641,0.292760480608281,2018-11-05,-0.8521901933568055
2018-11-07,1.007395240135036,0.11377919330116011,0.895317635317621,2018-11-06,1.1419501872049542
2018-11-08,1.30533816913695,2.224542495230729,-0.902053589432599,2018-11-07,1.1942412463886942
2018-11-09,-2.250599125319303,-0.4213204793467834,-1.8411800710527395,2018-11-08,-0.41670974257834725
2018-11-12,-2.15056538133635,-2.0175818018989435,-0.16014432676762871,2018-11-09,-1.8510976418070202
2018-11-13,-3.641904758936371,-4.253793416506063,0.6458291342473373,2018-11-12,-4.439201008909322
2018-11-14,0.7322799188076069,0.9907415558042827,-0.2565659545036621,2018-11-13,1.3520762203169001
2018-11-15,-0.05062509786523661,-0.9563772697451787,0.9099207312611103,2018-11-14,0.3645925216529511
2018-11-16,-4.412845024299215,-0.5575196311608865,-3.873792979745391,2018-11-15,3.3405596337186205
2018-11-19,3.221554886798938,0.44490879710652714,2.765170572590768,2018-11-16,-1.1728305065526023
2018-11-20,-2.4121386415726334,-2.6274284083612365,0.21775555820137593,2018-11-19,-3.862671496713499
2018-11-21,2.1747292742743918,-1.6233120865075505,3.8536455830310263,2018-11-20,0.15430388487736035
2018-11-22,0.01025155337504371,0.2647006948631129,-0.2469169187488659,2018-11-21,0.4179363647197176
2018-11-26,-0.19953928557169975,-0.06481154919170212,-0.12592003886935355,2018-11-23,-0.04153492748341092
2018-11-27,1.2860911881141937,1.2796582682088136,0.006541786906897447,2018-11-26,1.906312540280175
2018-11-28,1.8372108679342956,0.4887284901068693,1.341855086476844,2018-11-27,0.19638518124021065
2018-11-29,0.37635827976529657,1.7902690648561554,-1.3902011739877325,2018-11-28,2.2731047770912394
2018-11-30,-0.03760775133653294,-0.11289515840484918,0.08061416223988406,2018-11-29,-0.8136749360509898
2018-12-03,3.712200441572948,2.402810197523938,1.271188233198302,2018-11-30,1.4876005992975339
2018-12-04,-1.9068138399121444,0.3187321074646777,-2.2179636451934654,2018-12-03,2.6734430461439196
2018-12-05,-1.9886029536133356,-2.6546914645536095,0.6828111532040864,2018-12-04,-4.980593051212356
2018-12-06,-4.162636076610092,-1.1069170371426953,-3.0895885069383775,2018-12-04,-4.980593051212356
2018-12-07,-0.7066467788987941,1.4510814612358833,-2.1254316903992962,2018-12-06,-0.5391325918882028
2018-12-10,-3.6549264842887537,-2.7600811967250323,-0.9143340002582905,2018-12-07,-3.73868293940125
2018-12-11,-1.733097285762693,0.2109295140826187,-1.9400731353303484,2018-12-10,1.4103604926329671
2018-12-12,2.692054303405211,1.2539824129890564,1.4240533232046035,2018-12-11,0.620853524557341
2018-12-13,1.7552603174770545,1.4960187040100983,0.24914710390905537,2018-12-12,1.474421911500845
2018-12-14,-2.828273710224072,-1.0047795879755677,-1.8464732156206853,2018-12-13,-0.3594962048544592
2018-12-17,-0.36666762434242717,-1.095527916563549,0.7314409630611806,2018-12-14,-1.4247566110548338
2018-12-18,-2.0813746905832686,-2.3087323496961543,0.23380423129511765,2018-12-17,-1.283150895488161
2018-12-19,-0.5122966143023775,-0.5603351604387689,0.05011612753314225,2018-12-18,1.2817645338334183
2018-12-20,-4.89204456027315,-2.0641742425297323,-2.8879210480480024,2018-12-19,-4.239994564109518
2018-12-21,-1.0571012399423403,-1.237533670210917,0.18660485674662042,2018-12-20,-0.860356205208268
2018-12-25,-6.015355061454067,-5.4140282623911675,-0.611710321870487,2018-12-24,-2.896603074576165
2018-12-26,2.1546574367832045,2.13510131539846,0.018081792054277842,2018-12-24,-2.896603074576165
2018-12-27,5.403281685348684,6.28066388504428,-0.8113121874828145,2018-12-26,5.770579489241512
2018-12-28,0.6919755203279154,-0.9929780066805404,1.702057237479798,2018-12-27,0.741755812925482
2019-01-04,-5.320729493818061,-4.25093403408654,-1.126728758969593,2019-01-03,-5.944392002059551
2019-01-07,5.104882921253741,4.460276092577913,0.6172755610370511,2019-01-04,4.373055482057975
2019-01-08,2.023842750909243,0.7447571987479008,1.2660420591733932,2019-01-07,1.9476205461729457
2019-01-09,-0.08693645592401802,-0.19925211810470095,0.11069237216821698,2019-01-08,-0.4878927150500756
2019-01-10,0.5447712396122851,-0.33228814504258525,0.873251268848931,2019-01-09,2.523803369092237
2019-01-11,2.03720102959443,1.5985732544441473,0.465023464025323,2019-01-10,0.9715592012371488
2019-01-15,2.2129330377236656,-1.202850720765163,3.467536172088597,2019-01-14,-1.5465277319791637
2019-01-16,-1.7436162052704067,0.06530199842872898,-1.8027056187678385,2019-01-15,0.23026425963761366
2019-01-17,-1.303188061501731,0.4249459967048399,-1.7210081327251088,2019-01-16,-0.8220345354752912
2019-01-18,2.6122943211336116,0.1620931277027056,2.4526185845345285,2019-01-17,1.1430352344611983
2019-01-21,1.7894815444670173,2.073426373469266,-0.2834246783887717,2019-01-18,2.2960458376361625
2019-01-22,-1.4882984123920702,0.01490158229501808,-1.5019145546979318,2019-01-18,2.2960458376361625
2019-01-23,-0.7688494000685648,-1.3936735221792915,0.6332094587692475,2019-01-22,-2.8469548085612195
2019-01-24,4.037540639029343,0.0742051996920443,3.9667756701829875,2019-01-23,-0.6209358450090408
2019-01-25,4.355337967563502,1.6682932685515728,2.63244612089842,2019-01-24,5.730427083772516
2019-01-28,-0.4282675467264314,0.2251082493801573,-0.6458618077128437,2019-01-25,2.1732022234450588
2019-01-29,-2.316328903240529,-2.1225992942131247,-0.20307191641032335,2019-01-28,-2.088732086546563
2019-01-30,-0.10832372255901802,0.6811345188861678,-0.7765923485689108,2019-01-29,-1.4469068877551061
2019-01-31,1.7731840188772143,1.4736706317739232,0.2922462869776591,2019-01-30,2.8723963599595503
2019-02-01,-0.021053758738532005,0.34164206685202625,-0.37182109856361883,2019-01-31,0.02594829213058425
2019-02-04,0.1759392943084254,-0.8047618512063702,0.9719664789825146,2019-02-01,1.2035311966920759
2019-02-05,0.5630030818646149,-0.31370792377522083,0.8344578524621472,2019-02-04,0.5033400652477926
2019-02-06,0.9029918598810432,0.5889740067137728,0.313316990156841,2019-02-05,0.48304324976040647
2019-02-07,0.7308143050124545,0.9656536245635086,-0.228518299709321,2019-02-06,2.586664410482009
2019-02-08,-3.023612506295867,-1.9035688154118906,-1.1481541805285436,2019-02-07,-2.237284069097878
2019-02-12,5.635141389944865,2.522206519829852,2.97427777479021,2019-02-11,0.49599975430352217
2019-02-13,3.10177891282508,1.0340083717612518,2.049573778936471,2019-02-12,2.1270093515066257
2019-02-14,-0.3519314566755913,-0.29887611443303475,-0.05797909457928011,2019-02-13,0.29849183074990293
2019-02-15,-1.7580769118867483,-0.7306435428241596,-1.0262474804680966,2019-02-14,0.25359697473725795
2019-02-18,1.4012751040990337,2.244373528872263,-0.8220668971347541,2019-02-15,0.5259986161846975
2019-02-19,-0.26967828696098145,-0.38508786778096205,0.1154848557038078,2019-02-15,0.5259986161846975
2019-02-20,-1.0734848344801664,-0.18459074618992502,-0.8897073254863237,2019-02-19,-0.19908524400894523
2019-02-21,-0.6750698658471551,-0.24956175722151183,-0.4222514363561066,2019-02-20,0.8743112666760533
2019-02-22,-0.7175499070979097,-1.0352275502042338,0.325358786158862,2019-02-21,-0.7373481930190828
2019-02-25,0.9133951475188684,1.1311774898346845,-0.21173571609015576,2019-02-22,1.0760970190705432
2019-02-26,-0.9976619463456704,0.5085082116640223,-1.49797999576574,2019-02-25,0.8184469291754093
2019-02-27,-0.3680982010048088,0.11205492648198456,-0.48062881188595247,2019-02-26,-0.6809840473854467
2019-02-28,-2.053975831985724,-0.18107670117861407,-1.8707962990384688,2019-02-27,-1.222760467736983
2019-03-01,1.9808279113186429,0.8064676522956458,1.1595813832941668,2019-02-28,0.02444679858062404
2019-03-04,3.54571675562321,1.8270778689348408,1.681724255814017,2019-03-01,0.9576359057917427
2019-03-05,-2.2445879803631037,-1.3488937743003337,-0.9110325820454868,2019-03-04,0.008803268947188414
2019-03-06,0.1817054656994211,-0.15202129076698337,0.3426881187475566,2019-03-05,-0.46579864294883366
2019-03-07,-3.440347823999975,-3.1072550682902813,-0.32298674866717203,2019-03-06,-1.7009359569607252
2019-03-08,-2.8721868742793903,-1.4033195921975308,-1.485845047951841,2019-03-07,-1.1043469133766193
2019-03-11,0.08520736813047565,0.1139953042198913,-0.032961229601903556,2019-03-08,-0.06671265796873715
2019-03-12,2.3385657846385746,2.754474051003739,-0.3985961457331706,2019-03-11,2.402500360337134
2019-03-13,-1.9340123560966958,-0.46991833771128855,-1.4713680970302223,2019-03-12,0.3881826532728727
2019-03-14,-1.2840498969347487,0.9429281674966122,-2.2011432425696977,2019-03-13,0.41693724541000954
2019-03-15,0.6164149990911392,0.807297305538679,-0.18918558596518853,2019-03-14,-0.5665909742278319
2019-03-18,1.4975830235350365,1.6834070231599558,-0.1819897049495165,2019-03-15,2.904527515409505
2019-03-19,0.1557111171134653,-0.26372507405232354,0.4242652211316515,2019-03-18,-0.2578356172254215
2019-03-20,1.2499057340053636,-0.1659138575366742,1.4170268393071315,2019-03-19,1.3378745220590904
2019-03-22,1.8803609111635937,1.100798774593243,0.7571230194800959,2019-03-21,3.5046410291383445
2019-03-25,-3.3690317133494734,-3.3708669162141134,0.0019481427326564376,2019-03-22,-2.875512369696842
2019-03-26,1.8504273813835066,0.9079243306926762,0.9310983577877604,2019-03-25,-1.2582388940065803
2019-03-27,0.11768082166948522,0.03945737506579432,0.07520949169847095,2019-03-26,1.0124751401193288
2019-03-28,-1.6740264773482598,-1.8511381612539541,0.17909125320036112,2019-03-27,-1.451226060497579
2019-03-29,0.407884763873611,0.6770963316508276,-0.261679787825397,2019-03-28,-0.19469952342207053
2019-04-01,3.5466770394199325,2.3095694093062353,1.2065466715931543,2019-03-29,1.5802882515649985
2019-04-02,1.37217380543715,1.7607608015568428,-0.3851803711896104,2019-04-01,2.48869588895817
2019-04-03,3.0696011262219547,0.5098303413486219,2.5480501941830673,2019-04-02,0.09718648618415315
2019-04-04,0.8132098382997152,1.0979229482608133,-0.2705491994306304,2019-04-03,2.2743306580610856
2019-04-05,1.791475314034251,-0.4057353460082367,2.20469398072865,2019-04-04,0.11610515028788182
2019-04-08,-0.3820866631258287,1.6902996630913127,-2.0178868402452936,2019-04-05,0.8022430059554164
2019-04-09,1.5209991165446488,0.6361404032972193,0.8695720217031779,2019-04-08,0.25242784150509845
2019-04-10,-1.0991854488347106,-2.2211665211367904,1.151046940335958,2019-04-09,-1.1381279617653894
2019-04-11,1.14610847925308,1.5010380538448498,-0.35786725403146996,2019-04-10,0.8630814191680658
2019-04-12,1.3927174905394781,0.49263620504323963,0.9395445853238688,2019-04-11,-0.07379024614801999
2019-04-15,3.110277867268001,1.9600760233282837,1.1409864257840594,2019-04-12,1.4260841288014747
2019-04-16,-0.14870471164299323,-0.4457783802157314,0.2977335262543792,2019-04-15,-0.7547825157635968
2019-04-17,2.5953289459563007,1.3071149037452015,1.2588158172096167,2019-04-16,3.1901576233998696
2019-04-18,-0.9639349735456558,0.04117952449574668,-1.0034685158266416,2019-04-17,1.5562019801463434
2019-04-19,2.8862955452055656,1.5184120314516836,1.3499082422001212,2019-04-18,0.06743391476353722
2019-04-22,-1.3853835123916638,-0.015626609512449936,-1.3668660654136897,2019-04-18,0.06743391476353722
2019-04-23,-0.6833370871660582,-0.14794839060910106,-0.5330339312713156,2019-04-22,0.010268719554851202
2019-04-24,-0.8435821089512229,0.7158257418375618,-1.5520800311561025,2019-04-23,1.011365021915056
2019-04-25,2.3124669936370386,1.4168838121564955,0.8809709103973198,2019-04-24,0.9510498395857825
2019-04-26,-1.9522809830538856,-2.491984817048731,0.5430755424242022,2019-04-25,-1.806144667782661
2019-05-07,-4.194593148162167,-2.3434739807546716,-1.9119538320849816,2019-05-06,-1.7170688228178577
2019-05-08,-2.4122942132215925,-1.7292228673154988,-0.6978495551226598,2019-05-07,-2.4233512337001994
2019-05-09,-0.9544130369223227,-0.029557074429393662,-0.9052319011812601,2019-05-08,-0.7860215624833966
2019-05-10,0.08933617609701101,0.01909835260620496,0.07105158206721182,2019-05-09,-1.1830201809325036
2019-05-13,-3.3531055296275687,-1.5282536507900517,-1.853573268492326,2019-05-10,0.14016793066089495
2019-05-14,1.2092111516783701,-2.0920423114900997,3.4771002890575096,2019-05-13,-4.7279341659510195
2019-05-15,4.064928223425257,1.6243901619024976,2.441218527568389,2019-05-14,2.404627559530148
2019-05-16,-3.995656497218906,-0.5792463928282202,-3.4239534327377945,2019-05-15,0.8088270967473665
2019-05-17,-0.956903383571978,1.7310278666929326,-2.6683474736423007,2019-05-16,-1.6768649020281967
2019-05-20,-2.8925666437880495,-0.7344152547446098,-2.166455860213039,2019-05-17,-1.964883820125718
2019-05-21,-1.9793930865447011,-1.9608162984206388,-0.015049286995337152,2019-05-20,-4.024935628133896
2019-05-22,-0.34115478208847166,2.2747922802019946,-2.5555852660090017,2019-05-21,2.1277070111030305
2019-05-23,-3.281727481948998,-1.7780702825759718,-1.5225497153503353,2019-05-22,-2.1226741182206577
2019-05-24,-0.1685663140025944,-1.3520408371929566,1.1984020218757963,2019-05-23,-1.6505085350621562
2019-05-27,-0.3874016261448199,-0.43898369598695847,0.05056559360644819,2019-05-24,-0.8217169120982026
2019-05-28,1.736592792748624,0.4462824505314707,1.3143906986799374,2019-05-24,-0.8217169120982026
2019-05-29,-1.1458021218724215,-1.615599948698723,0.47199797969263907,2019-05-28,-0.8895020465407022
2019-05-30,1.302526947682325,-0.07929138690305854,1.3774648288128273,2019-05-29,0.4052910866723103
2019-05-31,-1.3963382101639454,-0.9091620382782752,-0.4960729426034144,2019-05-30,0.7445024012500356
2019-06-03,-1.6621016180065966,-1.949998460427384,0.2957573878180349,2019-05-31,-1.4529115252149616
2019-06-04,1.3663120892415823,0.3208760659041319,1.0398569867367202,2019-06-03,0.3348300390377812
2019-06-05,3.367842136107387,3.63955973056342,-0.25823303350359295,2019-06-04,4.209085596530615
2019-06-06,-3.086225822853033,-0.9080323987573168,-2.1985844330987554,2019-06-05,-0.7496716497203515
2019-06-07,2.168160327837255,1.2058320573465091,0.9484021093758486,2019-06-06,1.340420786558627
2019-06-10,2.2860928315574456,2.0834176903133184,0.2003980030531391,2019-06-07,1.1502938091010995
2019-06-11,2.05510319669488,0.6417147040100212,1.4051625796446519,2019-06-10,2.5442229168630925
2019-06-12,-1.8984063241685656,-0.3900574244772464,-1.5128254210856162,2019-06-11,0.2921019315505369
2019-06-13,-2.1465063283701453,-1.3481323562801182,-0.8077404466432805,2019-06-12,-2.332125075809932
2019-06-14,-0.42848910637516047,-0.3675965480822207,-0.06506675400306175,2019-06-13,0.5769161341564688
2019-06-17,-1.4429362610535985,-1.5716973596297856,0.14767092632218168,2019-06-14,-2.612459976739856
2019-06-18,-1.4136126759842562,-0.4241352829961971,-0.9900104115863434,2019-06-17,-0.6405956286167136
2019-06-19,4.6093386257870685,3.7245923469803754,0.8502564162504368,2019-06-18,4.325375038950652
2019-06-20,0.9760640594419852,-0.028447473257971933,1.0082247121022256,2019-06-19,0.08107185526540217
2019-06-21,0.21540149712157297,0.716866720946328,-0.49027634877258003,2019-06-20,0.9756270873303441
2019-06-24,-0.12791396110185702,-0.6437861837633522,0.5199643679511724,2019-06-21,-0.7410118012990519
2019-06-25,-1.4583240859071087,0.015964065884851174,-1.4736999980870902,2019-06-24,0.11201701524281571
2019-06-26,1.3360134186011194,-0.19912208485240918,1.5389786129807665,2019-06-25,-1.4843351651464554
2019-06-27,3.53904210927713,1.6038005328047165,1.9044561576021073,2019-06-26,3.2139570993156674
2019-06-28,0.9475862660077667,0.2697015089886697,0.6761202124810431,2019-06-27,1.4674439174554132
2019-07-01,6.255133142281634,5.385347379807464,0.8223784186437446,2019-06-28,0.14139611503878324
2019-07-02,0.694501169036873,-0.378616771412243,1.0742057488676047,2019-07-01,2.645034819323344
2019-07-03,-2.8760739954991656,-1.4135119355797732,-1.4879856837473462,2019-07-02,-1.3835932022303155
2019-07-04,0.6666161995669945,0.28386659985517987,0.3809889586572863,2019-07-03,-0.42929788804397795
2019-07-05,1.2794263554410261,-0.008600665211432018,1.2876635569730241,2019-07-03,-0.42929788804397795
2019-07-08,-0.2857714222097773,0.08056910193309147,-0.3710819482579149,2019-07-05,-0.5977599303633507
2019-07-09,-1.6999598794871917,-0.7819141219732182,-0.9237785198728405,2019-07-08,-0.7723883149757138
2019-07-10,-0.1621272313536469,-0.009033259585443244,-0.1510259161180449,2019-07-09,0.744617039319917
2019-07-11,2.039497159068151,1.3723356840819163,0.7225788019536943,2019-07-10,0.7048952580395618
2019-07-12,0.09267048912723669,0.36864073115371987,-0.2752408789327265,2019-07-11,0.3241568185061494
2019-07-16,-0.9413945470235114,0.1692891420915442,-1.1101495479609784,2019-07-15,0.7737921131704351
2019-07-17,-0.8168040535890404,-1.1548734425783396,0.34795971262840714,2019-07-16,-1.073935300015827
2019-07-18,-1.6097182989972205,-1.0287124665565723,-0.5873864416906687,2019-07-17,0.28206769624707917
2019-07-19,4.601682812437417,2.194839451348031,2.361887032409947,2019-07-18,1.5360370244768662
2019-07-22,1.4109199641711576,0.06496538023283384,1.3433899275843564,2019-07-19,-0.20039686437847148
2019-07-23,2.0312711837661555,1.352837151085787,0.6667970552900073,2019-07-22,1.9804319152705752
2019-07-24,3.1489953975972473,2.266836737511039,0.8626006816276981,2019-07-23,1.2341627576266445
2019-07-25,2.597937448103226,1.9788375530699764,0.5371207547232454,2019-07-24,3.098641682610115
2019-07-26,-1.4335605075702837,-1.2859199924095432,-0.1488670581418971,2019-07-25,-1.7200774343103076
2019-07-29,-0.7598718177788515,-0.7266172555676561,-0.027757926067201243,2019-07-26,-0.01630993902591582
2019-07-30,1.9246869652986347,-0.03746934246594406,1.9841018016785583,2019-07-29,0.26100159361550634
2019-07-31,0.3930600949241821,-0.4253014249191702,0.8205161485492639,2019-07-30,-0.2628252462422265
2019-08-01,0.542479385176083,-1.4121633492884382,1.98115624867299,2019-07-31,-3.2237015472261543
2019-08-02,-1.9136845751977056,-2.353977698708074,0.4280395800447232,2019-08-01,-1.9747931848240419
2019-08-05,-1.8298330648008168,-1.5758577229097537,-0.25542042409411364,2019-08-02,-1.5575602851889525
2019-08-06,-0.478540021913456,-4.035673359168692,3.7108245902612618,2019-08-05,-4.3609709559737535
2019-08-07,0.2325042207708082,0.6851422154840239,-0.4568930622618574,2019-08-06,1.2820332696414471
2019-08-08,1.836651633900664,1.4963209939140618,0.33192131942522224,2019-08-07,0.7178676210491286
2019-08-09,-0.6587232122803358,1.178744475971211,-1.8134794964750227,2019-08-08,2.6953695286890955
2019-08-13,-1.2300867763739842,-1.8896885032706034,0.6634715793886058,2019-08-12,-1.1855170247346836
2019-08-14,2.5511224647075537,2.9830319493417163,-0.4253798241467691,2019-08-13,2.9495915631176706
2019-08-15,-0.7566138676600752,-2.530003870459455,1.8218618557834223,2019-08-14,-3.1631378972382995
2019-08-16,0.36199528901035066,0.03618534937646603,0.32113002166997745,2019-08-15,-0.22529704548920337
2019-08-19,-0.7145475116354751,1.0236109324878289,-1.7206607875561426,2019-08-16,2.776368904112436
2019-08-20,2.249608216203882,0.3909264316148776,1.8404306778249329,2019-08-19,1.8752746324150804
2019-08-21,-0.30844384321127777,-0.7906104800791224,0.48796525754398234,2019-08-20,-0.5368316976224086
2019-08-22,-0.44624486456711215,0.5433422455233988,-0.9851473695583433,2019-08-21,0.9220094736139828
2019-08-23,0.12336758280191094,-0.6499248203007828,0.7812768199518869,2019-08-22,-0.03106986091279129
2019-08-26,-2.780561894215399,-3.039430212410441,0.2620957512361502,2019-08-23,-4.355761282856663
2019-08-27,1.0292830978677106,1.4289520658378163,-0.3926946074695893,2019-08-26,0.8642265518052028
2019-08-28,-0.7743421253193689,-0.07555899371708967,-0.69475246818589,2019-08-27,-0.3262776924764399
2019-08-29,-0.22935893618630726,0.2121226125164102,-0.4396411712197252,2019-08-28,0.6003631062085679
2019-08-30,3.073984063456715,1.9282315294946628,1.1264083515333587,2019-08-29,2.2538195987285015
2019-09-02,0.942612337764202,-0.6068129379232072,1.5569872952785964,2019-08-30,0.6083619686860775
2019-09-03,-0.40766792504646454,0.18400214087181896,-0.585817528884671,2019-08-30,0.6083619686860775
2019-09-04,0.4697644956521505,-0.47435703068936647,0.9522438210729716,2019-09-03,-1.767535815857335
2019-09-05,4.6442902282778435,1.4052858131009835,3.1930026399756355,2019-09-04,2.788976676227062
2019-09-06,-0.09061067695497374,0.6246228309629359,-0.7097672510560772,2019-09-05,3.0706459149090204
2019-09-09,0.5578965339193993,-0.008156970273537414,0.5663621967589823,2019-09-06,0.13599708851301795
2019-09-10,-0.947989501133897,0.09306042334791277,-1.0417893577918436,2019-09-09,0.5132815588456685
2019-09-11,1.6507857348116026,-0.03444306465476586,1.6864587850379809,2019-09-10,0.4288278915750565
2019-09-12,1.8984742046579164,1.841106859877931,0.0522294514237635,2019-09-11,1.4553264062154625
2019-09-13,0.6594593542016028,0.6014082051584088,0.05497995035802235,2019-09-12,0.28639202086926385
2019-09-17,-0.270749359353557,-0.5796881060674121,0.30602854844113453,2019-09-16,-0.6950456201538335
2019-09-18,-0.7858381532503869,-0.008437863643127647,-0.7764861075781656,2019-09-17,0.32925888528620995
2019-09-19,0.13308285455149632,0.7507895859898074,-0.6115169286453068,2019-09-18,0.07563729105979355
2019-09-20,0.29371151250103167,0.38162101473346993,-0.08563715959676256,2019-09-19,-0.5546706642930777
2019-09-24,1.037183245677168,0.11252297319438247,0.9284733216216238,2019-09-23,0.965451055662192
2019-09-25,0.6486733678389728,-0.4772419584122487,1.1238337659827295,2019-09-24,-1.6538980666501835
2019-09-26,0.6240343690279718,1.2845743557682165,-0.6525968589689298,2019-09-25,1.7764289718361637
2019-09-27,-0.46255111826982537,-1.1348670757043495,0.6872194637218036,2019-09-26,0.03418673554660412
2019-09-30,-1.1133673846636822,-1.2348506941458373,0.1233877484647092,2019-09-27,-2.35617998860832
2019-10-01,2.778517564222773,0.806386458585472,1.9555076821089494,2019-09-30,1.0292506821702574
2019-10-02,-0.751070860694807,-1.3495266079510613,0.6067938005842236,2019-10-01,-0.9334402566158806
2019-10-03,-0.6957315547701647,-1.7386501773539949,1.0602268855877544,2019-10-02,-1.5820489573889485
2019-10-04,0.06807334272994191,0.8596649624236694,-0.778881115874005,2019-10-03,1.7101271902985271
2019-10-07,0.5674554362807754,0.9278468280050155,-0.3638999719881074,2019-10-04,1.852163337128676
2019-10-08,2.9719022040791763,1.1900052393302103,1.7551355725088715,2019-10-07,-0.7126569655549142
2019-10-09,-1.2970635592329298,-1.609724954804813,0.3145104083713555,2019-10-08,-3.116743540369893
2019-10-10,0.22639634892150065,0.3798985932203469,-0.15261601036593123,2019-10-09,1.7432071048895548
2019-10-11,2.651745993562044,1.5334785860978,1.1005313343513925,2019-10-10,0.9695947042217101
2019-10-15,1.7719528370803725,1.6880009803438236,0.079815716668409,2019-10-14,-0.045879343611143764
2019-10-16,1.5496823665685482,1.447673056330869,0.10212830449863546,2019-10-15,2.2189386317907456
2019-10-17,0.019218532555594085,-0.9008387778190823,0.9214206222252018,2019-10-16,-1.4701449845911596
2019-10-18,1.8331646137263706,0.6891384181525869,1.1336558571469233,2019-10-17,0.33524993913061074
2019-10-21,-0.6730747142945379,-0.21724449454923436,-0.4528404691993623,2019-10-18,-1.0621220040319623
2019-10-23,-1.6957113499619214,-1.9710542235281392,0.27635336110362463,2019-10-22,-0.7678822745117442
2019-10-24,0.7051027820147748,0.07471053777055853,0.639248833781249,2019-10-23,-1.9295844737496903
2019-10-25,1.9438174540469515,1.0531167998980508,0.8803348130738194,2019-10-24,2.4692689238732024
2019-10-28,2.006990682451642,1.4427409336231283,0.5635406540244959,2019-10-25,2.0526025837042328
2019-10-29,1.1929572925201188,0.8928695313074355,0.29763621447948446,2019-10-28,1.752928117816177
2019-10-30,-1.602544809983238,-0.6017150694833329,-1.0091648462457397,2019-10-29,-0.9007075710700585
2019-10-31,-1.9396961286575636,0.6693725037186217,-2.5956216347939542,2019-10-30,-0.06015182320175949
2019-11-01,0.03653517088737002,-1.4439362556028228,1.5098944930130496,2019-10-31,-0.6163254005513208
2019-11-05,0.9534831384547526,2.9436542638854175,-1.9423655386225593,2019-11-04,2.188848058795334
2019-11-06,0.5139695645335267,0.5815501954838573,-0.062369347894661455,2019-11-05,0.18703819516827647
2019-11-07,0.4229156335729843,-0.3693465018322104,0.7967566792111926,2019-11-06,-0.8369216541918356
2019-11-08,-1.3665399949635817,0.9111111179377446,-2.2609218594823437,2019-11-07,0.7000180687428248
2019-11-11,-0.15617297966241367,0.0901798827218749,-0.24794065750263677,2019-11-08,0.5267179107242059
2019-11-12,1.6143382162704356,0.3879441600904144,1.2221462024244099,2019-11-11,-0.529140132889605
2019-11-13,0.6611222860725123,0.16967981919131284,0.490430569003944,2019-11-12,0.27958022447456266
2019-11-14,-1.6151078505335745,-0.24377209388710291,-1.3749841999549073,2019-11-13,0.02539799817595778
2019-11-15,2.1999849677913956,0.0263238137722439,2.17577749938336,2019-11-14,-0.30412151010468236
2019-11-18,1.6277144722920642,0.3516914536449706,1.270143209019181,2019-11-15,0.8879421622028483
2019-11-19,-1.6794874201662233,-0.20744520900786526,-1.4759041621367441,2019-11-18,-0.2381048005370312
2019-11-20,-0.9988749969288966,-0.49464775079119366,-0.499209938188399,2019-11-19,-0.47619595348462607
2019-11-21,-2.1086616475169007,-0.8966306625788968,-1.222632493835975,2019-11-20,-1.176538572666852
2019-11-22,0.1608356995547919,-0.8539325388690202,1.0320769100054865,2019-11-21,-1.1291473212719505
2019-11-25,1.0272955742784309,1.3418751640729756,-0.31042953626313086,2019-11-22,-0.002365702051654317
2019-11-26,2.286188667474183,1.9304209188853665,0.3558526512631058,2019-11-25,2.434365000975891
2019-11-27,0.8395214325776392,0.03700868812282352,0.8020630651752639,2019-11-26,-0.501746586217855
2019-11-28,-0.28364290042935747,0.1837273594045289,-0.4664793155989521,2019-11-27,0.734073790374068
2019-11-29,0.5051560267754236,0.5862877004929328,-0.08180101710207958,2019-11-27,0.734073790374068
2019-12-02,0.37407926569114763,0.06703362962949164,0.30518796618507943,2019-11-29,-1.0985592571043479
2019-12-03,-0.310339149018206,-1.6093674609981778,1.3205260956239082,2019-12-02,-1.461405838633767
2019-12-04,-1.339426414031212,-1.1723466918577787,-0.16981669081677608,2019-12-03,-1.53923452046697
2019-12-05,1.388739666300104,1.4673993830868546,-0.07954359211560721,2019-12-04,1.5452869947349734
2019-12-06,0.6354518466428368,0.09988672140830543,0.5334586298789552,2019-12-05,0.36714061899554284
2019-12-09,-0.6317725494276114,1.2400325345596737,-1.848563260794296,2019-12-06,1.5639173921751182
2019-12-10,0.16012984196750485,-0.28960738318294615,0.45024959185308855,2019-12-09,-0.5353176237233304
2019-12-11,-0.10844241215737466,-0.04288600592501325,-0.06398873600670033,2019-12-10,0.34519352995370234
2019-12-12,2.4423852173714766,1.1287801889392963,1.2956121383837607,2019-12-11,2.225579638561226
2019-12-13,3.008406175717409,2.4929002047067343,0.5013554492651743,2019-12-12,2.7097544338335444
2019-12-16,-0.3355489423779789,0.025822252106520085,-0.36045549198784865,2019-12-13,-0.5993790366766838
2019-12-17,0.019938358821981476,0.8498880726297154,-0.823909384494827,2019-12-16,0.9615598761720134
2019-12-18,-0.4379595873330562,0.2899999577834391,-0.7083993752939269,2019-12-17,0.47482228631618995
2019-12-19,-0.07327438594956785,0.10932988327462777,-0.18345412312710918,2019-12-18,-0.08946605778520356
2019-12-20,0.9439703339152856,-0.005647664670349555,0.9466063023573613,2019-12-19,0.8064649039438709
2019-12-23,-0.4648226493821546,0.9671503974892973,-1.4159954332857998,2019-12-20,1.0299895911104695
2019-12-24,0.5040456985011841,0.07060276803763989,0.43842130716421557,2019-12-23,0.17530894830812827
2019-12-25,0.013464268939084636,0.08044146258074265,-0.06695014326989882,2019-12-24,0.2735418282071356
2019-12-26,0.760327508568955,-0.06080223444886724,0.8218509788898178,2019-12-24,0.2735418282071356
2019-12-27,0.3042335625162533,0.3926736661188572,-0.08901936233150536,2019-12-26,0.12297282783804153
2019-12-30,-0.5491581220604177,-0.2594822032979386,-0.29029210188148663,2019-12-27,-0.31644042070486655
2020-01-06,-1.5919713452891844,-2.139309995031358,0.5606884279403213,2020-01-03,-1.7972255033343765
2020-01-07,1.3671923286501197,0.6740679823416137,0.688988586121539,2020-01-06,-1.041003678572583
2020-01-08,-0.614998098645874,-1.1092370544775747,0.5010214617059268,2020-01-07,1.776876621536183
2020-01-09,2.827728694564779,2.2736872487380784,0.5406221164426083,2020-01-08,0.016601688016781857
2020-01-10,2.160011448049502,0.633499593998237,1.5175627172446644,2020-01-09,0.5964906644392087
2020-01-14,1.339318538912707,1.5194331296410384,-0.1624227327726907,2020-01-13,1.3095078629410395
2020-01-15,-1.5413316791584073,-0.35872009214227135,-1.1864892973042025,2020-01-14,0.2036185932864143
2020-01-16,-0.3486401726123601,-0.09770580133127135,-0.2476915723965538,2020-01-15,-1.186505088037837
2020-01-17,0.10204829577840029,1.6771802924676344,-1.5365574523472367,2020-01-16,1.6969703444150053
2020-01-20,0.6781515297749972,-0.047026565557687805,0.7244283058030903,2020-01-17,0.6665161009070664
2020-01-21,-1.3459271911302546,-0.011333866924023368,-1.3364097176125314,2020-01-17,0.6665161009070664
2020-01-22,1.882413502724502,0.08691949438115834,1.7954639491778654,2020-01-21,-0.08452379710114366
2020-01-23,-0.2433454962699879,-0.24158407499316845,-0.005522635178954861,2020-01-22,0.7953002610965987
2020-01-24,0.30796531697836466,0.6962726724683251,-0.3845220426946191,2020-01-23,0.7843624852996722
2020-01-27,-2.9189331728852435,-2.636034354965782,-0.29452613776450903,2020-01-24,-1.0969635596313254
2020-01-28,-0.626227602549372,-1.8112114768091774,1.2103340618268688,2020-01-27,-3.9069037385071947
2020-01-29,-0.18388385920797,0.7932795026258311,-0.96965883319701,2020-01-28,2.4020207046504316
2020-01-30,-5.569880288847998,-2.1916250032334705,-3.394289971745629,2020-01-29,-1.8259413607145225
2020-01-31,0.17593758767670142,0.472619188627501,-0.30264604578313725,2020-01-30,-0.15602302684672997
2020-02-03,-1.514101975601243,-4.018389922580238,2.656820936983297,2020-01-31,-3.5494126522254477
2020-02-04,1.0684938537679034,0.6138541333467851,0.45767027703327995,2020-02-03,1.2430653712715012
2020-02-05,1.137646887199234,2.6579895027718146,-1.4865315606396456,2020-02-04,3.1161363661446506
2020-02-06,2.7603535907627523,2.057588271064738,0.6901096949687104,2020-02-05,2.1871404489872237
2020-02-07,-0.5279641983047225,0.4118711764635129,-0.9350668715811589,2020-02-06,0.00628430181408568
2020-02-10,-1.3552815544620542,-1.8276641542155658,0.4800920250403511,2020-02-07,-2.3711275423640155
2020-02-12,2.8379637190512446,1.522188462478478,1.2908646868922444,2020-02-11,2.0224006762468383
2020-02-13,1.518448829024174,1.068775740938838,0.43770904209990735,2020-02-12,1.436501853884864
2020-02-14,-0.17036175836599823,-0.6265870284657918,0.4577502646196294,2020-02-13,0.07759773741333742
2020-02-17,-1.9100303589776466,-1.3317435132942734,-0.5841566324659577,2020-02-14,-0.1928236938490202
2020-02-18,-4.244379365474499,-1.6412710083703623,-2.6507594990470844,2020-02-14,-0.1928236938490202
2020-02-19,2.113395310588565,1.6352861185621126,0.4721132016311796,2020-02-18,-1.4024614629758347
2020-02-20,0.31433045561246326,1.9799932767042436,-1.6292867779853335,2020-02-19,2.611553454424831
2020-02-21,-0.48894061681231593,-0.5276098314626918,0.03878610242791376,2020-02-20,-1.5281636776963925
2020-02-25,-3.7826100300412593,-5.962508647651563,2.3272717436391184,2020-02-24,-4.74974220671055
2020-02-26,-0.44109067906690064,-0.6273580159908094,0.19481394574335797,2020-02-25,-3.0601311326149405
2020-02-27,-3.72475715400866,-0.5695346337026879,-3.1719511592452694,2020-02-26,0.2199174164285278
2020-02-28,-5.289037789260834,-4.127535482180405,-1.2051513055282677,2020-02-27,-4.645847024200689
2020-03-02,3.8228166950310407,-0.5820418259987625,4.4231287921939515,2020-02-28,2.210769184670225
2020-03-03,-1.9264926543260554,2.989039219492522,-4.768887947471239,2020-03-02,3.5085662019067376
2020-03-04,0.5261607665363196,-1.553577082220549,2.1128807213924037,2020-03-03,-3.405499099344056
2020-03-05,-0.1354631302012815,1.8692001510028355,-1.9648408884014483,2020-03-04,4.944114094038432
2020-03-06,-3.3976324177888526,-1.5543730914290863,-1.8733112172155197,2020-03-05,-3.1035388389389573
2020-03-09,-7.934920788908868,-5.138887896928369,-2.9519825523093206,2020-03-06,-1.9688240687877334
2020-03-10,3.8674884906903437,-2.2788332785616756,6.306977881432024,2020-03-09,-8.337598315185101
2020-03-11,-5.0086948011121155,-0.6110200322693153,-4.426031678365535,2020-03-10,6.311290239769973
2020-03-12,-5.5751533200768275,-3.0417990321843584,-2.6108269136599094,2020-03-11,-5.672200422577722
2020-03-13,-5.97528492007307,-9.12227641005581,3.4532514812126407,2020-03-12,-10.907240774636174
2020-03-16,-3.232551116778808,1.4727479950437032,-4.641071116441329,2020-03-13,10.929452413961549
2020-03-17,1.855911357775103,-3.3008814063200242,5.327625721076764,2020-03-16,-15.896286894693901
2020-03-18,-1.061983554735802,1.7748370119537145,-2.773127100950776,2020-03-17,9.835383975731071
2020-03-19,-5.215498172839972,2.3013922482207407,-7.325028787449577,2020-03-18,-9.791660824944625
2020-03-23,3.1421054768068117,0.0356088725644957,3.1088177193766753,2020-03-20,-3.1821774205574083
2020-03-24,11.173755860994083,5.016350515195588,5.849376666057958,2020-03-23,3.3560768247416384
2020-03-25,7.6258312066832,7.435321182263211,0.19414694998547996,2020-03-24,11.154740261675556
2020-03-26,-4.522308069544218,-2.7930505503593244,-1.775220800219873,2020-03-25,-1.2910318199794824
2020-03-27,3.1852079436878538,3.9116376062854172,-0.699829108848988,2020-03-26,6.793564991817025
2020-03-30,-2.4470502366882863,-4.189431068827346,1.8206618823156284,2020-03-27,-5.332536356757234
2020-03-31,0.06634233359060632,1.2793177136195237,-1.1943946166641481,2020-03-30,3.7991603694374376
2020-04-01,-5.138961143723484,-1.4290129369703142,-3.7620070517275814,2020-03-31,-2.2467983770246724
2020-04-02,-1.173054729124352,-1.4379047619648087,0.2749106081092341,2020-04-01,-5.48527396580144
2020-04-03,-2.019645262770633,0.7833169488262287,-2.7749166445499944,2020-04-02,3.2835340015269
2020-04-06,5.299386661183709,-0.6359085200728791,5.9804391105918535,2020-04-03,-2.1409050528614304
2020-04-07,6.074881271485271,5.203924175231608,0.8180169785677388,2020-04-06,10.38363454928486
2020-04-08,1.0836956462304876,-0.6011057187099642,1.6886458732423912,2020-04-07,-0.47084526141328853
2020-04-09,1.3439806547338158,1.251168683306778,0.08298118164098135,2020-04-08,3.438292396775533
2020-04-10,-0.6386627676697576,0.32519448453435995,-0.94395631948282,2020-04-09,-2.3269853465781254
2020-04-13,-0.08530543475232287,1.1276590802191506,-1.2076152770434765,2020-04-09,-2.3269853465781254
2020-04-14,4.331512949613715,0.6482283894924435,3.6544616565770056,2020-04-13,1.3703932622851633
2020-04-15,0.155985600519266,0.13177930212197475,0.02962683695973709,2020-04-14,4.439298383918011
2020-04-16,-0.18718828000780513,-1.9038576655200032,1.7549736038451718,2020-04-15,-2.821743642968344
2020-04-17,3.278987158102121,3.3019038033149672,-0.014652458688102514,2020-04-16,2.6069384857182687
2020-04-20,1.3814794379590412,-0.7711491259568195,2.170242224431636,2020-04-17,0.8735148178157015
2020-04-21,-3.3664407801174407,-1.341537788949808,-2.0511339640863007,2020-04-20,-2.2320067540629984
2020-04-22,0.6490600692138176,-0.37370979014661376,1.0363627258509809,2020-04-21,-4.7296365369969395
2020-04-23,1.0436429498891557,1.8310970125976074,-0.7682615273743872,2020-04-22,5.880279473783578
2020-04-24,-2.5811442866314005,-1.5605461608751618,-1.0385803547824515,2020-04-23,-1.0373813996623182
2020-04-27,4.153892608544732,1.3240457316142444,2.795029098381138,2020-04-24,2.276126799906275
2020-04-28,3.728463089115787,2.230120799274218,1.4390533947557052,2020-04-27,1.3203646273846514
2020-04-30,4.324314530156865,3.788457476142068,0.4817051691331152,2020-04-29,4.935180158883035
2020-05-01,-3.256280631321882,-2.2190110923605992,-1.0651208141406334,2020-04-30,-3.7001601993592037
2020-05-07,2.5425495052516145,0.4326254082602993,2.091685117386388,2020-05-06,1.0802012429713015
2020-05-08,2.4509272038452097,1.55369193453072,0.8807952624402303,2020-05-07,1.0060020494803146
2020-05-11,1.047041598455029,1.4212550639898593,-0.36854098059011087,2020-05-08,2.9380902413431276
2020-05-12,1.8376037259870264,0.5581189430678938,1.2666088304602428,2020-05-11,-0.07321427565737393
2020-05-13,-0.6914838237830657,-2.6894837726342944,2.06486835216534,2020-05-12,-2.765582113610354
2020-05-14,-3.1078665692760623,-1.2821784189723073,-1.8414996588065942,2020-05-13,-1.951612529271296
2020-05-15,1.8986001031314563,2.4700302068423245,-0.554255364230974,2020-05-14,2.806859899383407
2020-05-18,-4.439209793169687,-1.8673325335354936,-2.62755981824506,2020-05-15,-2.1943014864437393
2020-05-19,1.9501829307818481,3.2974682633575125,-1.298943420938616,2020-05-18,4.80042801121765
2020-05-20,2.0712323517212194,-0.024257228803449507,2.0886639625249157,2020-05-19,-0.3887710794708732
2020-05-21,0.3181209843074069,1.2932463170446113,-0.9550384950446477,2020-05-20,3.6708511441138514
2020-05-22,-1.3178516401172384,-0.3237645137090217,-0.9986318551376205,2020-05-21,-2.706989933669779
2020-05-25,1.0194878128718083,1.5288987646961318,-0.507227109168391,2020-05-22,0.6337383302809529
2020-05-26,2.552177012887404,1.130432014253579,1.4052810639195266,2020-05-22,0.6337383302809529
2020-05-27,-1.1963000905352914,-0.6670075100988843,-0.53947900984257,2020-05-26,1.0098151816280154
2020-05-28,-0.21031554964892643,0.8727056243368961,-1.0767373323572482,2020-05-27,1.472114956797821
2020-05-29,-1.1824225264305435,-1.0668635858367126,-0.10226001572568272,2020-05-28,-2.3087624708359678
2020-06-01,3.6580793695228064,0.8989057110260211,2.7304365297384154,2020-05-29,2.6503607327696077
2020-06-02,1.0371327036906361,-0.14339486797168946,1.1871016434369026,2020-06-01,-0.49932793159477296
2020-06-03,0.6936200942055344,2.189917270035758,-1.4649295107193234,2020-06-02,2.17931468501118
2020-06-04,0.6796342809444137,1.5658137785845931,-0.8638034641321948,2020-06-03,2.8703256327618387
2020-06-05,2.200628310221371,0.008218761571966205,2.1813259991260514,2020-06-04,0.825819238491432
2020-06-08,2.1034610844649144,1.7196705191166273,0.3805168871996299,2020-06-05,2.574393259174701
2020-06-09,-1.7314116869041194,-0.5397671075889698,-1.2038693560977183,2020-06-08,-0.2565177466363311
2020-06-10,1.4527617313467638,-0.5755966935178417,2.033405719988876,2020-06-09,-0.02651829762535529
2020-06-11,-2.201521616861017,-0.7597122132825035,-1.4537538520554614,2020-06-10,0.32881401738660276
2020-06-12,-1.4622342062109512,-4.122222684118924,2.7830847578414466,2020-06-11,-6.3851226641924335
2020-06-15,-4.141644147465336,-0.7998979023042412,-3.3644521010303152,2020-06-12,1.44885061758655
2020-06-16,6.647128176429904,3.650254624457891,2.885790187950713,2020-06-15,1.4265829766000548
2020-06-17,0.4011903397708967,-0.409415319978248,0.8134880276704849,2020-06-16,1.7959513415259476
2020-06-18,-0.4887388449816918,-0.1595484767668359,-0.3269273808958486,2020-06-17,0.9355493490835309
2020-06-19,1.2559525191692078,1.4051989630953603,-0.15162741203040517,2020-06-18,-0.19858070239102688
2020-06-22,-0.31183098089232436,-0.4183113654653523,0.10895759913265088,2020-06-19,-0.6741947539062987
2020-06-23,0.7295550570133336,1.1262358662021514,-0.3877579850118041,2020-06-22,0.8424895387916242
2020-06-24,-0.28287856171559284,-0.00824067520453591,-0.2731905153077009,2020-06-23,0.2203331719909718
2020-06-25,-1.0614396075816366,-0.842233118892146,-0.22083809222670162,2020-06-24,-2.1849043884229813
2020-06-26,0.45425058408070634,0.7200421824571543,-0.2615883341625461,2020-06-25,0.8614925680193286
2020-06-29,-1.883322851268621,-1.0893102817812081,-0.8089911176683687,2020-06-26,-1.995359628770299
2020-06-30,0.6381290630221638,2.1605390894061998,-1.496079432915543,2020-06-29,1.1436480186480136
2020-07-01,0.9980838041615305,0.5577445038689433,0.43771795333786967,2020-06-30,2.7028139307577526
2020-07-02,-0.7331633539162151,0.7487027092454319,-1.4661383578612037,2020-07-01,-1.4756266153753694
2020-07-03,1.5465916723304725,0.10067084064850967,1.454034992075752,2020-07-02,1.3538520981402957
2020-07-06,2.3626139738566367,-0.030463988503597557,2.3983623485566845,2020-07-02,1.3538520981402957
2020-07-07,1.4601110028870319,0.1917741384986025,1.255164840981425,2020-07-06,2.668525940379518
2020-07-08,-0.3048643449476247,-0.427626372367146,0.12612602803338935,2020-07-07,-1.3210801197961697
2020-07-09,0.7440479434864095,0.2636958272928649,0.47888036851998184,2020-07-08,1.4848225292978912
2020-07-10,-0.4852110514889309,0.3862965873814545,-0.868237079749166,2020-07-09,1.315275934743565
2020-07-13,1.8115921826193775,1.2271025959189692,0.5656061661098579,2020-07-10,-0.333699295042178
2020-07-14,-1.1328294334889641,-1.596558981487272,0.4712458836762027,2020-07-13,-1.7223969581455112
2020-07-15,0.7042693504957726,0.7388929558366184,-0.03852661076448869,2020-07-14,1.752583401339125
2020-07-16,-2.4134836513423323,-0.7944906104945351,-1.6373206000867386,2020-07-15,-0.2715251305687949
2020-07-17,0.18707273262002772,0.49343900728108697,-0.2991531527216483,2020-07-16,-0.3996763832436301
2020-07-20,0.3146939621338556,0.4644783910458241,-0.15016787616495034,2020-07-17,0.6357251254912599
2020-07-21,2.240525779625835,1.3703508487916929,0.8525243170789705,2020-07-20,2.0048429426918535
2020-07-22,-0.766113909594111,-0.9727681693956829,0.21332494603713892,2020-07-21,-0.6576734092405778
2020-07-27,-2.5865465766415956,-2.849805877638349,0.2737876531709823,2020-07-24,-1.5577241582446777
2020-07-28,0.11259203633477032,0.95564215795226,-0.8355661076235741,2020-07-27,3.232926703650829
2020-07-29,-1.7050624901806823,-0.3006587239881902,-1.4015537983577677,2020-07-28,-2.101091883570416
2020-07-30,-0.7496283538789701,0.27590548265193415,-1.0259094737655952,2020-07-29,2.2277227722772297
2020-07-31,-2.2908507597113137,-0.48240060033998367,-1.7785333349498018,2020-07-30,1.9584104828372029
2020-08-03,2.282342788794434,1.0440431335323248,1.235604655674948,2020-07-31,-0.5187306465507358
2020-08-04,2.072820460145184,2.40013247979587,-0.32711612456211325,2020-08-03,1.9125542381846161
2020-08-05,0.8321427397931357,-0.11292336216190987,0.944983219074142,2020-08-04,1.4945321434640668
2020-08-06,-1.0463118175133745,-0.6848617123800426,-0.35120587255475516,2020-08-05,-0.10181870839574003
2020-08-07,-2.0755403431870603,-0.5069304552479722,-1.6037280561284197,2020-08-06,-0.11868307090180386
2020-08-11,2.1282426965622814,-0.2584128319654126,2.387706606911227,2020-08-10,0.03396271444700005
2020-08-12,0.20992819316555497,-0.29551377097994147,0.5116911852236974,2020-08-11,-1.1382822536245119
2020-08-13,3.0800860526613136,2.5144563716524555,0.5460067832320196,2020-08-12,3.361348437666778
2020-08-14,0.3753322497683488,-0.07073996961020743,0.4471666063793239,2020-08-13,-1.113944738283601
2020-08-17,-1.2294075675900944,-0.8074315774503263,-0.4237139963373218,2020-08-14,-0.07264769048450637
2020-08-18,-0.05321706603458689,0.396974486583554,-0.45186091423404384,2020-08-17,1.217733470858473
2020-08-19,-1.6328607211628514,-0.9000170336531809,-0.7363258925894066,2020-08-18,-0.5813405398611193
2020-08-20,-3.4457628322090503,-1.032455496275527,-2.4382433474204444,2020-08-19,-0.6271843082008011
2020-08-21,0.8089536680458099,0.7454882274723597,0.06844134369405834,2020-08-20,-0.8965044052763327
2020-08-24,0.8134804847351924,-0.6151655996930131,1.4421210267210076,2020-08-21,0.792741077651038
2020-08-25,-0.19564012922629218,1.1284608593337941,-1.309323432642212,2020-08-24,0.9570901547993227
2020-08-26,0.5376201213766365,0.26271476455124604,0.2732040460712431,2020-08-25,1.0674200336131534
2020-08-27,-1.4044207041123178,-0.6476577990527085,-0.7639242543309734,2020-08-26,0.319652617406585
2020-08-28,-3.07534161073396,-1.0485260195418165,-2.048904900146367,2020-08-27,-1.3367522431040335
2020-08-31,1.059344240492105,1.9490341167701235,-0.873755451438537,2020-08-28,1.9813976533117117
2020-09-01,0.725958655503084,0.12251859026099376,0.6007052098701646,2020-08-31,-0.16385912531911018
2020-09-02,1.6315109453237484,1.1800961345880328,0.4447216966796947,2020-09-01,1.9575921395486695
2020-09-03,1.4527089177179286,1.9080417253588327,-0.44749813582604714,2020-09-02,2.8420431469878604
2020-09-04,-2.307728738874263,-2.905573782569465,0.6156257250358212,2020-09-03,-5.735851285556359
2020-09-07,-0.9427384631723413,-1.0162392832742115,0.06628754840418279,2020-09-04,-0.9623002108108847
2020-09-08,2.8979445837407374,1.1199804873042527,1.7555925510048147,2020-09-04,-0.9623002108108847
2020-09-09,-1.5211201183546044,-2.1383745374891028,0.6336207155381447,2020-09-08,-4.705499541290614
2020-09-10,1.3984164702446755,1.7585513899946037,-0.3552058271138395,2020-09-09,2.892901010618365
2020-09-11,0.44333413845916514,0.3668774338625468,0.08056662705978192,2020-09-10,-1.4670839459626328
2020-09-14,0.9885799273479439,0.3999681554858941,0.5877092555008965,2020-09-11,-0.06595627239474045
2020-09-15,0.4485695078326872,-0.11415926389192058,0.5711999717912799,2020-09-14,2.124163885469277
2020-09-16,1.7720643193259578,0.43595879557092393,1.3147788268199254,2020-09-15,1.7160536266758397
2020-09-17,-0.6794563026335654,-0.4453476428472792,-0.22965011932177265,2020-09-16,-1.065704153317204
2020-09-18,0.461977643739478,0.2111014270957984,0.24949169043456879,2020-09-17,-0.06331016515298549
2020-09-23,0.08748686874767404,0.14007726734975076,-0.0517516134050576,2020-09-22,1.2059713686243256
2020-09-24,-1.3266506143527457,-0.9724870613042985,-0.3562378389374212,2020-09-23,-2.457046407309227
2020-09-25,0.7071068224003739,1.0660618796292292,-0.3558523822198969,2020-09-24,0.9747541954868932
2020-09-28,0.36291593670037675,0.6330224890613846,-0.2661228930997606,2020-09-25,1.4165836212757688
2020-09-29,1.2318313454181757,0.41579412314049624,0.819103776466733,2020-09-28,2.7458399147779256
2020-09-30,-1.5292930131001823,0.05376808334539386,-1.5835541331687717,2020-09-29,0.21808691299762817
2020-10-05,0.763456830243336,0.883855849295989,-0.12435254088971506,2020-10-02,-3.0827700860033946
2020-10-06,0.9522465438773436,0.8030069872621718,0.14873618709992786,2020-10-05,3.351462325313359
2020-10-07,1.0437522059183748,-0.6390687076816779,1.6946414414816586,2020-10-06,-0.6303472790952891
2020-10-08,3.1200508614782234,0.3013965986014152,2.8055220283326547,2020-10-07,2.093297502509772
2020-10-09,0.26570263143462464,0.6064184562552118,-0.3359900616567926,2020-10-08,1.1731162295391506
2020-10-12,-0.14796401165233503,0.3558758298051828,-0.5091734243025657,2020-10-09,1.7774684231970816
2020-10-13,1.768014833755523,0.70560126545123,1.0554753471795104,2020-10-12,1.4778735967706957
2020-10-14,-0.2366531226818211,-0.1734895914337889,-0.06291172635022332,2020-10-13,-0.13766293538470808
2020-10-15,-0.7211564593477751,-0.48586369068441426,-0.23138121095967223,2020-10-14,-0.532070300765819
2020-10-16,-1.0379875939678975,-0.16647761718507537,-0.8764114606985285,2020-10-15,-0.251116994870082
2020-10-19,1.8544993022830545,0.5205620245049832,1.3279149509995432,2020-10-16,-0.4715631260031605
2020-10-20,0.43291242890191955,-0.1256925152128049,0.5578184082272813,2020-10-19,-0.579641297463096
2020-10-21,0.5217143694369283,0.12094098391508812,0.3970946031943976,2020-10-20,-0.0012574135004217446
2020-10-22,-0.975464404633717,-0.8749526760523226,-0.10092151205813897,2020-10-21,-0.7779296007242809
2020-10-23,-1.1248968144880684,-0.5352735358558492,-0.5899644766701571,2020-10-22,0.13475494875931915
2020-10-26,-0.15261353102547073,0.653636356798664,-0.8039027790544101,2020-10-23,-0.43114176633127776
2020-10-27,0.05853432798579374,-1.7220337507805854,1.8179832181778446,2020-10-26,-2.1938539888061825
2020-10-28,0.35011645553586207,-0.10726000126047136,0.4442772533264826,2020-10-27,-0.32662609110009067
2020-10-29,1.1319635993920245,-1.0509804961708085,2.208715241798468,2020-10-28,-3.3869208269771467
2020-10-30,-1.6366551502461886,0.8741776169518009,-2.500246916230319,2020-10-29,2.7292193362063566
2020-11-02,-0.6417857576606809,0.5727256673333465,-1.2082675306518884,2020-10-30,-1.642108028813527
2020-11-04,1.7392851337256514,1.4955391535554008,0.24186301344564337,2020-11-03,1.8875521554642116
2020-11-05,3.7727082729382957,1.5461689464616628,2.192767676694748,2020-11-04,3.5388430254523984
2020-11-06,-0.4386550618106167,0.02866870421042279,-0.4635072858370094,2020-11-05,4.401439464478951
2020-11-09,2.9240410947831164,1.5310168748448665,1.3726888497804706,2020-11-06,1.6113869739189157
2020-11-10,-2.0294865059197,-0.7692444856108146,-1.2740834819159548,2020-11-09,-1.2525353165142472
2020-11-11,1.3807293894315253,-0.2752064164502497,1.6758265225087254,2020-11-10,-3.0133048258521256
2020-11-12,1.2307281637073635,1.1839916249967557,0.042856624723639596,2020-11-11,3.6704330128429996
2020-11-13,-0.1532656315141289,-0.2847315107451369,0.12763070449080857,2020-11-12,-1.3065258597346308
2020-11-16,3.405749400434391,1.3881823862359288,1.9930032847141863,2020-11-13,1.226179476523459
2020-11-17,0.29165271260280123,0.8794774898016566,-0.5812618286880791,2020-11-16,2.4776588196841587
2020-11-18,-0.5877561749412895,-0.7937720972999048,0.21051103231307605,2020-11-17,-0.8564827419894394
2020-11-19,-1.6808176941995392,-1.4582884138232783,-0.23111902533880355,2020-11-18,-0.7206860837361106
2020-11-20,1.7511061258037834,-0.20414709916022888,1.9590047518658351,2020-11-19,1.5660379595272111
2020-11-24,2.894708169598719,2.0451634579561153,0.8340151327539236,2020-11-23,1.5554685971434168
2020-11-25,0.31634452879806596,1.1632670322527743,-0.8360324521281165,2020-11-24,0.5301994027550494
2020-11-26,1.6476377201156387,-0.2709368711991351,1.9179228082778432,2020-11-25,-0.33614282812256535
2020-11-27,0.9950282382730807,0.24336040419419955,0.7558198433692666,2020-11-25,-0.33614282812256535
2020-11-30,-0.8289958676777812,1.1372394333294966,-1.9472005613138268,2020-11-27,1.204504199612355
2020-12-01,2.3683155688923283,1.3465094039343721,1.0053191846623317,2020-11-30,1.2133487361108974
2020-12-02,0.9628931849448618,0.31120603041551254,0.6529171384633461,2020-12-01,1.7360680911135518
2020-12-03,0.6392596964231133,-0.05731403326295948,0.6968883948360054,2020-12-02,0.24430478313337556
2020-12-04,0.3593998906064193,-0.21059866288448048,0.5680235931114346,2020-12-03,-0.007362821433165578
2020-12-07,-0.47640183592308516,1.2740107614981357,-1.7262107694338023,2020-12-04,2.830476961876194
2020-12-08,1.9648496787439758,-0.2010302699667672,2.1769157593095674,2020-12-07,0.48621031639473067
2020-12-09,1.5745995471672933,0.3997996819473652,1.169531427256973,2020-12-08,0.3441874717185378
2020-12-10,-2.5355288315245006,-1.4112083205219497,-1.140016337903411,2020-12-09,-2.8938986673862965
2020-12-11,-0.29938553434506676,0.1515472237879956,-0.4490259734738157,2020-12-10,-0.040222760963437576
2020-12-14,0.13966873413610306,0.04199034428890556,0.09920455739273427,2020-12-11,-1.0824276522038212
2020-12-15,-0.1859970429301625,0.23561057263742166,-0.4149913581127879,2020-12-14,1.1896837371675462
2020-12-16,-0.1479197582285447,0.651503933536652,-0.7930097100210595,2020-12-15,1.4084970306075917
2020-12-17,2.2841641821999956,0.8414191150999665,1.4345673236786016,2020-12-16,-0.04937310571250242
2020-12-18,-1.004365161645752,-0.5477374396797082,-0.46151572560614457,2020-12-17,0.170186989348875
2020-12-21,0.2992254881406355,0.5250444107691963,-0.21974945504570662,2020-12-18,-0.48233710324173673
2020-12-22,-2.4592536730043566,-1.2778302550925937,-1.2009872424146681,2020-12-21,-0.6311624239530578
2020-12-23,1.6573794529362937,0.7299384454684839,0.9179918483293605,2020-12-22,-0.1208463613233457
2020-12-24,0.05213876743610228,0.09747032242325504,-0.03999580369477703,2020-12-23,-0.7449061032008264
2020-12-25,0.11432418209589862,0.20493405912161797,-0.08891419337730434,2020-12-24,0.9807125311635856
2020-12-28,1.7445816795980371,0.22741800232770942,1.5150847461240535,2020-12-24,0.9807125311635856
2020-12-29,2.420880981568183,0.3430124069798303,2.0764745679303367,2020-12-28,-0.21598115073592217
2020-12-30,0.05905491798356003,-0.2950184181947295,0.3552446898647092,2020-12-29,-0.22774478008964483
2021-01-04,0.3061516305729776,0.8650876786268724,-0.5560620280291283,2020-12-31,0.4213710184390207
2021-01-05,2.6012101275009085,-0.3565541482513518,2.968470638506794,2021-01-04,-0.4396351278840971
2021-01-06,-1.387507369482096,-0.14717551477078614,-1.2448538288791497,2021-01-05,1.9387685442348923
2021-01-07,1.3945299755169203,0.9138141084647385,0.4753883716594897,2021-01-06,-0.32461925087322596
2021-01-08,3.8748790672385525,1.8580996580930784,1.9824960552167061,2021-01-07,3.8557829672272614
2021-01-12,1.1266428017419063,0.009662605908823346,1.121187001952869,2021-01-11,1.1391228243435192
2021-01-13,3.573670841933069,0.7620769883200182,2.786598842402534,2021-01-12,0.6094440254282851
2021-01-14,-0.2331026698352968,1.2156629722046814,-1.4193845126887372,2021-01-13,0.13152522406141287
2021-01-15,0.7756922650971069,3.4988454529893334,-2.6174064324049517,2021-01-14,2.128712043984704
2021-01-18,0.2729561276465173,-1.5725383036151181,1.87638044964386,2021-01-15,-2.057506774358231
2021-01-19,2.6547962630337776,1.5177461767311293,1.115303883422063,2021-01-15,-2.057506774358231
2021-01-20,1.7858526149211205,1.6348232823965774,0.13569742231211251,2021-01-19,3.3597636971768763
2021-01-21,-0.7014556018342704,0.76209384403249,-1.4491389013688871,2021-01-20,-0.2676735675584907
2021-01-22,-0.2807129734352419,-0.4669063508483761,0.18636881352022883,2021-01-21,1.5276949407463158
2021-01-25,0.35022225016682434,0.8224885075343442,-0.4678274972433895,2021-01-22,-1.8444081898492115
2021-01-26,-0.14774003825828227,0.2333307382942053,-0.37766661063313894,2021-01-25,0.15645329169919897
2021-01-27,-1.6294293192634828,-0.4353885533906363,-1.1968785029304234,2021-01-26,-1.5406549082394583
2021-01-28,-2.7343975506558906,-3.8325118277001824,1.135671029585282,2021-01-27,-5.166618839819637
2021-01-29,-1.5881454039751293,2.341213331603685,-3.822447027473193,2021-01-28,2.0865143489163795
2021-02-01,1.9399895942181844,-0.9451323264727459,2.9166411228517912,2021-01-29,-1.63673035514732
2021-02-02,3.0132504118260295,1.897052741000986,1.0956024530069497,2021-02-01,3.910871884395295
2021-02-03,-1.5386859465775085,0.6896760367256282,-2.213805710430008,2021-02-02,1.5780052600175454
2021-02-04,-0.6250151619965709,-0.4260619884864707,-0.220137351889895,2021-02-03,-2.115294372450638
2021-02-05,-0.06618303232383642,0.6457643723852664,-0.6978193322052889,2021-02-04,0.8565576106233319
2021-02-08,0.6617300453569042,-0.8364468838543927,1.522799928973497,2021-02-05,-0.7781493275539897
2021-02-09,1.7072443559741153,0.6278605570995306,1.0779365850712612,2021-02-08,3.1313127929219586
2021-02-10,-1.2998332260892038,-0.6575018963543366,-0.64963390090576,2021-02-09,-0.43950261167849947
2021-02-12,1.8594060763364757,1.7582661467342164,0.09628738896191073,2021-02-11,3.446660986191241
2021-02-15,1.3553731758390177,1.1487778646377869,0.20496920140426045,2021-02-12,1.2270343682800666
2021-02-16,0.4507237267503111,0.5455367308630472,-0.10602594424917111,2021-02-12,1.2270343682800666
2021-02-17,-0.6990013037004512,-0.4423051770895631,-0.25975532847209915,2021-02-16,0.5916387928705191
2021-02-18,-2.658324092643441,-1.117268610349675,-1.5616085569481577,2021-02-17,-1.8734639941709097
2021-02-19,1.8926538982214118,-1.5632048294694545,3.5165526296926553,2021-02-18,-0.9895413813934661
2021-02-22,2.1455825694986284,1.3607337566243463,0.7753806675140292,2021-02-19,2.436451113674565
2021-02-24,-5.449510950746115,-2.475875261428047,-3.0537256320671577,2021-02-23,-0.5844597535146656
2021-02-25,2.01724819508799,2.9392065543528196,-0.8929241026416866,2021-02-24,3.2381285912551627
2021-02-26,-4.953560325483718,-4.0882506816345225,-0.895938867073535,2021-02-25,-5.797583973565679
2021-03-01,3.044121688755141,2.673548301900717,0.36288763566382726,2021-02-26,2.2826391389589196
2021-03-02,0.039311700997929286,2.053198171064096,-1.9729610019945436,2021-03-01,3.3084280321552306
2021-03-03,-0.4674663520968369,-0.618046891816619,0.1458578627704167,2021-03-02,-3.0977151313775764
2021-03-04,-2.4258861181706894,-2.5793105140525867,0.16095228534413855,2021-03-03,-3.105238135554589
2021-03-05,0.31796134952551713,-1.7614242573077574,2.1140542263160924,2021-03-04,-4.8377123115493355
2021-03-08,-2.2310252592131623,1.9543500870714672,-4.1033824586205805,2021-03-05,3.147303849726124
2021-03-09,-1.1578782278942112,-2.1399590430561806,1.0139174391213392,2021-03-08,-5.409569459899
2021-03-10,1.2166211918767822,3.1293378474189484,-1.8499366661574546,2021-03-09,6.133743552619664
2021-03-11,0.8802606384157958,-0.7855355331182196,1.676034600908579,2021-03-10,-1.803758939502964
2021-03-12,3.7069130789414415,1.807036555769197,1.8671720439414081,2021-03-11,4.091591070113765
2021-03-15,-0.8895850613362813,-0.3227422849616428,-0.5671335917401071,2021-03-12,-1.06902269838145
2021-03-16,1.8241586634588234,0.9523069376412513,0.8646247921024375,2021-03-15,2.2582788380791197
2021-03-17,-0.31444364332382607,0.14816442442827304,-0.4598212610687884,2021-03-16,1.2621823518741415
2021-03-18,3.7955618575584245,2.5918981338276077,1.1705543825522042,2021-03-17,1.2246280517991481
2021-03-19,-1.592428516607509,-2.75961737182546,1.1968281099084952,2021-03-18,-4.237560812376129
2021-03-22,-1.3563706953043986,-0.9644835187066321,-0.39332427829685207,2021-03-19,1.1810282841994146
2021-03-23,0.31833760757287227,1.5816939222306248,-1.2438476133965106,2021-03-22,2.197670827563547
2021-03-24,0.663433454741988,0.25263981055583884,0.3901872203847349,2021-03-23,-2.7079982453575124
2021-03-25,0.1611144917401415,-0.46748508918257015,0.6310405948549148,2021-03-24,-1.343927112660781
2021-03-26,1.5217803281167084,0.96169844503177,0.5544313159630894,2021-03-25,0.20006973665949168
2021-03-29,1.1392673939886984,2.1592671589804944,-1.0021963091479387,2021-03-26,4.946146465397239
2021-03-30,0.43923116563740483,0.07213494751025093,0.36597376968556516,2021-03-29,-1.6627606011048623
2021-03-31,-0.18052379990395373,0.11181596127401296,-0.29033015777611626,2021-03-30,-0.3299908663242368
2021-04-01,3.4500732388881334,1.963236703979759,1.4507268525367703,2021-03-31,2.640455896602112
2021-04-02,3.4815165765439073,2.1228237569228114,1.3307999112545452,2021-04-01,3.6874307986713317
2021-04-05,0.918872802130401,1.4882532764267768,-0.5591350731451463,2021-04-01,3.6874307986713317
2021-04-06,-1.7619521830193494,0.5776489724355685,-2.3187883865877486,2021-04-05,2.0140918532052243
2021-04-07,2.970803375432535,0.023500806743161098,2.9506990131972493,2021-04-06,-1.189860320744951
2021-04-08,-0.42719652803615343,-0.994820452507827,0.57791411563098,2021-04-07,0.0110223201984061
2021-04-09,0.2959466798214514,0.8443531766805508,-0.5479746287916483,2021-04-08,1.0653735236310968
2021-04-12,-1.0628395612467352,0.2508865363550535,-1.3086038549260537,2021-04-09,-0.20386155589078303
2021-04-13,0.6169877048780549,-0.18472929516542516,0.7903464076151184,2021-04-12,-1.0987910263376088
2021-04-14,0.3137934152872679,-0.00879027361853886,0.32100437512024504,2021-04-13,-0.17278790055028637
2021-04-15,-1.0181455153906969,-1.037762660092949,0.019146923644485232,2021-04-14,-1.1934700402742249
2021-04-16,0.049275148402434694,1.2481042750689761,-1.1789695358689916,2021-04-15,1.7875589629979816
2021-04-19,1.5059180540058104,0.19167861599012567,1.3077185687815949,2021-04-16,-0.5578770714052106
2021-04-20,-1.9765672658713833,-1.3099571447558827,-0.6757647498729545,2021-04-19,-2.5231472942565225
2021-04-21,-3.0714879670784554,-2.0252879073489134,-1.0676849258110905,2021-04-20,-1.5632292652160262
2021-04-22,3.6649748610759567,2.6776987026552663,0.955306667823704,2021-04-21,2.7493808927318675
2021-04-23,-0.8895142720756324,-1.5520503231703868,0.6736072932345407,2021-04-22,-2.3097669342895033
2021-04-26,0.9192316592875143,0.6396896669030199,0.2731052947508995,2021-04-23,2.036595524660334
2021-04-27,-1.026348691847219,0.41568942718614765,-1.4373021169798283,2021-04-26,1.6665728281065384
2021-04-28,1.7756072027536267,-0.04379153671888328,1.8149722757956348,2021-04-27,-0.7584008663922281
2021-04-30,-2.1122841731012554,0.13011416717925314,-2.245659262415251,2021-04-29,0.755390138084433
2021-05-06,-1.0186237150825643,-0.3775586517467574,-0.6218168758472787,2021-05-05,0.6140243559688008
2021-05-07,0.606659812718651,0.1836761708994572,0.42228647932685104,2021-05-06,0.7670364917446548
2021-05-10,-0.2261668936591733,0.531658595830193,-0.754738230212155,2021-05-07,1.4940219553717826
2021-05-11,-4.495493574503094,-1.9067169429498836,-2.6320020843540703,2021-05-10,-4.656767447614585
2021-05-12,-2.116557128029729,1.5037476754723562,-3.557407773782737,2021-05-11,0.29995517523786486
2021-05-13,-3.4574124319045954,-2.9716314724490047,-0.49107079388897945,2021-05-12,-4.195550418177363
2021-05-14,3.6690537737207283,2.668898963366598,0.9677880296086189,2021-05-13,1.5007979236448366
2021-05-17,-1.4316829979067383,2.034178180362085,-3.3937611461200015,2021-05-14,3.0228684768861758
2021-05-18,1.0702488637282224,0.0032801625878209825,1.0673044802085407,2021-05-17,-0.8985651132681682
2021-05-19,-1.1105293910662661,-1.5465253726974202,0.44277391445751096,2021-05-18,-0.8623753227984587
2021-05-20,2.135785061700588,0.5574808469991096,1.5697436810240835,2021-05-19,1.9845347626444632
2021-05-21,0.9378589673114621,1.565667335129992,-0.6123237127785078,2021-05-20,2.638855413620411
2021-05-24,0.14931215770720946,-0.9471649622542986,1.1081395131523963,2021-05-21,-0.4569307689548108
2021-05-25,2.197538339793627,1.3489888057049,0.8383927445293987,2021-05-24,2.3223354411716635
2021-05-26,0.6930326588103238,0.06534563347962126,0.6325175483531222,2021-05-25,0.3743219617160509
2021-05-27,0.04812511057613904,-0.23837164517864226,0.2861834227796472,2021-05-26,0.20129710623446595
2021-05-28,2.069662107149302,1.306342038127526,0.7526334801189613,2021-05-27,0.5823023387605097
2021-05-31,0.22314159287311883,-0.16364437974709622,0.3859590397771903,2021-05-28,0.863807145321549
2021-06-01,1.107745421284838,0.9808694957820597,0.12779380009032895,2021-05-28,0.863807145321549
2021-06-02,0.36539943780300554,-0.31437159739188897,0.6833832840975645,2021-06-01,-0.38411327575818
2021-06-03,3.018947256512186,0.3910712574842432,2.6120223595503185,2021-06-02,0.7138536757478775
2021-06-04,0.13368442310281956,-0.5575306485811566,0.6952003144843049,2021-06-03,-1.8076434635186933
2021-06-07,-0.30790853491601033,2.1301610724596554,-2.37559762820624,2021-06-04,2.38755857402706
2021-06-08,-2.207677246804019,-0.04671684624859688,-2.169141157402053,2021-06-07,-0.6994094843410736
2021-06-09,-1.8765788291905434,-1.1103130768003924,-0.776098983872276,2021-06-08,-0.6404190922592035
2021-06-10,0.6786171332509836,-0.411312501909848,1.0922409270417748,2021-06-09,-0.40173813232761146
2021-06-11,0.2705445079342852,0.7193918502714762,-0.44033189878582996,2021-06-10,1.1945619411869002
2021-06-14,1.380215670136971,0.810349608574081,0.563819703761397,2021-06-11,0.433325720149802
2021-06-15,1.6594024283769617,0.5964329722119011,1.057003428531935,2021-06-14,1.4105655346006163
2021-06-16,0.07031583734926392,-0.4490309512033766,0.5236380611955178,2021-06-15,-0.9019027198387874
2021-06-17,-0.6797747512103636,-1.0902373938554422,0.41611330279526587,2021-06-16,-0.77402835727437
2021-06-18,0.33141193472362446,1.5060602407199524,-1.1557659757179242,2021-06-17,0.9590722928075834
2021-06-21,-2.937896731870686,-2.319667533092389,-0.636857259508443,2021-06-18,-2.441431935414995
2021-06-22,2.25762357963351,2.0038566044509554,0.2501714929742347,2021-06-21,0.6081876167609357
2021-06-23,0.5125593927261382,0.2933156410701007,0.21523013256513335,2021-06-22,0.4237724957715683
2021-06-24,-0.4650305266419209,0.24028562495665556,-0.7040338677779444,2021-06-23,0.37028002839178953
2021-06-25,1.1809513980584518,1.1705065050608894,0.011045522909219474,2021-06-24,1.7695361785950325
2021-06-28,-0.6013591375197311,-0.20013582612633526,-0.3998764739226487,2021-06-25,-0.37845004514723835
2021-06-29,0.08537577074380366,0.8455109352457136,-0.7536720256563332,2021-06-28,2.5190931067375244
2021-06-30,-0.42733913607250157,0.14845513425545145,-0.575844371861145,2021-06-29,0.7741172505521865
2021-07-01,-1.0593009421237494,-0.05326477198643631,-1.0072520841955146,2021-06-30,-0.10606578646794595
2021-07-02,-0.5682980644263628,-0.951194593354365,0.3786242643072195,2021-07-01,-1.5022211673466734
2021-07-05,0.688771145974682,-0.035821116319744814,0.7251579906844646,2021-07-02,0.6304591207623167
2021-07-06,0.382376146954246,0.23578062791020113,0.14776441387876132,2021-07-02,0.6304591207623167
2021-07-07,-0.29650763085271825,-1.4194093699925028,1.1386886564403595,2021-07-06,-0.23852226574739843
2021-07-08,-1.7451412052752295,-0.5357721793041021,-1.214905785582283,2021-07-07,-1.3964649731976864
2021-07-09,-0.045650885854121324,-1.4694986453047847,1.449860676890932,2021-07-08,-1.1933237882963965
2021-07-12,2.1640249618809797,1.6894342827147275,0.4683926042599769,2021-07-09,1.7246766560951476
2021-07-13,-1.4401818801762087,0.16324229322794337,-1.5967129242284614,2021-07-12,1.2387177852543507
2021-07-14,0.8109902558751908,-0.5258261779017704,1.3481325856451067,2021-07-13,-0.5481470322386328
2021-07-15,-0.6246421820214607,-0.4402399505851336,-0.1805196227333902,2021-07-14,-0.352126010396836
2021-07-16,-0.8331564047012473,-1.431741149732631,0.6066195100288788,2021-07-15,-2.1722104935449127
2021-07-19,-2.8544511916848068,-1.550868364911711,-1.3245135583196732,2021-07-16,-2.2465485049115275
2021-07-20,-1.0725229690301947,-0.8716958375889667,-0.2063423050413374,2021-07-19,0.06568221760461235
2021-07-21,0.4822026271699847,2.1168734040976775,-1.5965711507680163,2021-07-20,1.3801050606923493
2021-07-26,1.4094658996333307,2.624824084393835,-1.1835920988379627,2021-07-23,0.6332719829687639
2021-07-27,1.170079443377912,0.1818776766926473,0.986904959989532,2021-07-26,-0.09588233393149626
2021-07-28,-2.30011936377707,-1.2371932265386427,-1.08162858109861,2021-07-27,-1.8600104915687532
2021-07-29,3.7464022282504525,2.034643202592573,1.670536036540149,2021-07-28,1.7562063778037595
2021-07-30,-1.3137763993059521,0.06418658507386843,-1.3752054736654242,2021-07-29,1.8579074667412376
2021-08-02,1.8720409909372455,0.7462717984123496,1.1212136393576342,2021-07-30,0.698478719229656
2021-08-03,0.22346845519363837,-0.24600881918916767,0.46978587837617347,2021-08-02,0.6246637148051404
2021-08-04,-0.7533320149929039,-0.34340041358563383,-0.4046402985362499,2021-08-03,0.5674623159840797
2021-08-05,1.6956999807572954,0.5454781726264317,1.1439234170673158,2021-08-04,1.1845757846165927
2021-08-06,0.06177558968827878,-0.07256514713351232,0.12994241828850703,2021-08-05,-0.3617218448628723
2021-08-10,0.07523793892524122,-0.625754602329499,0.7102389518117299,2021-08-09,-0.3601941238241313
2021-08-11,-1.8748531040975034,-0.4756421616633606,-1.4112933786121638,2021-08-10,-1.2026734836204533
2021-08-12,-1.0036986383146274,-0.4459968367051714,-0.5567832131676946,2021-08-11,-0.2362996375865567
2021-08-13,-1.447145182772254,-0.5843687121369485,-0.865226775882566,2021-08-12,-1.1332362857639167
2021-08-16,-0.9757993033358406,-0.02179885803014832,-0.9530416721383838,2021-08-13,0.6664734859461063
2021-08-17,-1.350048692830805,0.7554789271544086,-2.0808468921284216,2021-08-16,-0.37174966417194977
2021-08-18,0.8658780824442825,-1.1120063825029032,2.003400297496927,2021-08-17,-1.9809236144008313
2021-08-19,-3.4998576851793035,-1.6412311248928988,-1.8912803036407668,2021-08-18,-1.4735833049570046
2021-08-20,-1.4069083611998856,0.28068418626944547,-1.681380189386976,2021-08-19,0.842549825777672
2021-08-23,1.95840494277938,0.32440391412017044,1.630097455481039,2021-08-20,0.6375725578338098
2021-08-24,3.493625676838212,2.289456655679043,1.178640211063118,2021-08-23,2.625765469531993
2021-08-25,-0.02893550078677024,0.08352486066319682,-0.11072938978385014,2021-08-24,0.10134631715204012
2021-08-26,1.0979934008474699,0.992804244095183,0.10034596752444551,2021-08-25,0.8117730861516126
2021-08-27,0.6472575069929853,-0.37152504482523124,1.0232022176876954,2021-08-26,-0.06419474878059939
2021-08-30,2.184999331914531,1.586438897021778,0.590262335194144,2021-08-27,1.9601618212756078
2021-08-31,1.5978661280215674,0.03205976973860008,1.5689384710792538,2021-08-30,0.2907360793842573
2021-09-01,1.232997511289351,0.4322401850805366,0.7986918215414062,2021-08-31,-0.8333234197248629
2021-09-02,1.5754610165904028,0.6459738378185454,0.9204883795320462,2021-09-01,-0.5198493381993408
2021-09-03,2.7168812222489085,0.6083137205980855,2.0948156567894705,2021-09-02,0.3344162891615543
2021-09-06,2.184678784787967,1.7596175606091478,0.41861384856050565,2021-09-03,0.5735016668015014
2021-09-07,-0.22449250011794594,0.8687694887998741,-1.0821864083532775,2021-09-03,0.5735016668015014
2021-09-08,2.0555892216862506,-0.3363243013754523,2.4042733456359238,2021-09-07,-0.32513448413354906
2021-09-09,-0.7466199493466624,-1.2997716647451922,0.5582930313192662,2021-09-08,-1.2296281610289506
2021-09-10,3.258893259928343,1.2993540177483003,1.9348311666069988,2021-09-09,0.38946816501135295
2021-09-13,1.1933411876275875,0.5994253092799658,0.6007437405370949,2021-09-10,0.7614047029082416
2021-09-14,0.7285889213345101,0.5833498799590545,0.14543375423685712,2021-09-13,0.9665591151113873
2021-09-15,-0.36587361857671213,-0.6252585903080239,0.264417749912062,2021-09-14,-0.008522529625931696
2021-09-16,-2.070623190233199,0.2198958883850052,-2.2849556367318655,2021-09-15,0.4746641866117729
2021-09-17,1.7500292772288448,0.3187246053831748,1.4273535297649154,2021-09-16,0.2261553674101524
2021-09-21,-2.037411392854665,-3.663236097624121,1.691933850127724,2021-09-20,-2.4238006100861798
2021-09-22,-1.3213318648767343,-0.033496836647118174,-1.2859956445894518,2021-09-21,0.20352078374372695
2021-09-24,2.42919113665972,3.0370294580450063,-0.5936056354961929,2021-09-23,1.3313821908325307
2021-09-27,-0.5087881269252051,0.1610994746593353,-0.6662261318985792,2021-09-24,-0.10183820711537894
2021-09-28,-1.7477155657153969,-0.5189653540964791,-1.237511794914228,2021-09-27,-0.24557575673349596
2021-09-29,-3.453395670977916,-3.7112186938974374,0.27115172592921183,2021-09-28,-3.8037790216755907
2021-09-30,-1.4882924302535854,-0.25700375928490343,-1.220133563926016,2021-09-29,-1.525139656376684
2021-10-01,-2.475329201652583,-1.0526077574634616,-1.4378323481547481,2021-09-30,-0.17595859595885832
2021-10-04,-3.67284510680942,1.204388347600009,-4.815938732385858,2021-10-01,0.09481006220510846
2021-10-05,-1.5252218836549571,-2.747072598013501,1.2544726195031455,2021-10-04,-2.4876256522941564
2021-10-06,-1.270179088978438,1.8927262221956853,-3.096318399434777,2021-10-05,1.4841876998392456
2021-10-07,1.1160191780033795,1.2216811420954032,-0.10300717035007723,2021-10-06,0.35754855366203486
2021-10-08,1.1334552347532687,1.8699789877929442,-0.72208806998251,2021-10-07,1.1018302188500417
2021-10-11,0.6520563579580878,-0.17781757917713073,0.8277791795844309,2021-10-08,-0.8613584023595799
2021-10-12,0.8945806974484191,1.7782235884150688,-0.9001088332216952,2021-10-11,-0.7714690750072251
2021-10-13,-2.3845576128758683,-1.5175129205076803,-0.8930611060323284,2021-10-12,-1.3374704693548733
2021-10-14,3.3131367045151694,1.48235125054577,1.7928951541400537,2021-10-13,0.45954450816780845
2021-10-15,3.6825915350382976,2.3488049789273653,1.3041531192599642,2021-10-14,3.084642966318718
2021-10-18,0.09053283473169144,0.09902451887620635,-0.006597437221536688,2021-10-15,0.7039906272322538
2021-10-19,1.4430138356097277,0.47820090780550634,0.9581303667170217,2021-10-18,0.7352446455730854
2021-10-20,-0.16451560765322618,1.15267286925186,-1.304370653873607,2021-10-19,1.2782229176201199
2021-10-21,-2.7278136040890835,-1.9190195387027178,-0.8333862431581535,2021-10-20,-0.21384298406631475
2021-10-22,2.517076699590315,0.4989542548696747,2.0203313033223593,2021-10-21,1.121206607034142
2021-10-25,-0.2216671812632199,-1.4547016806785986,1.2551792213825932,2021-10-22,-1.2243065320771573
2021-10-26,1.3491023993529592,1.536135561235588,-0.18095984685223715,2021-10-25,0.6559692369773273
2021-10-27,-0.002656352983786782,0.3895009133898313,-0.38979696281821885,2021-10-26,0.016772845558943317
2021-10-28,1.9497547696316382,0.8949752776650329,1.0551565332280406,2021-10-27,-0.9628474513528995
2021-10-29,-0.005929457872452177,1.2163058942448037,-1.198384929821254,2021-10-28,2.3372103819672585
2021-11-01,3.5369609166656812,1.5166795104190454,2.0106244252586722,2021-10-29,0.36180962974272646
2021-11-02,-0.10988213925868447,-0.34711074035952033,0.2337224804282777,2021-11-01,1.5939943215057095
2021-11-04,2.9906247593166637,1.7729802508930848,1.1990535319711149,2021-11-03,1.1642628397046328
2021-11-05,-0.04573872138723576,1.5585186483965032,-1.5725416272546633,2021-11-04,3.498187970329014
2021-11-08,-0.12874095033962077,0.9639354845977202,-1.0821688045029738,2021-11-05,1.097647751579478
2021-11-09,0.027948507624984683,0.6753138401779462,-0.6407887195936794,2021-11-08,1.2452915574130419
2021-11-10,-1.1079515863797618,-0.48182207786076425,-0.6302788172047185,2021-11-09,-0.0726205719724482
2021-11-11,1.0854204670922452,-1.20725701367992,2.3320304291085496,2021-11-10,-2.829787547545526
2021-11-12,1.8260265233045647,0.7769968123301652,1.0408455368330192,2021-11-11,1.9351641745779746
2021-11-15,0.9085667994847955,0.9319395795474801,-0.02294630716959636,2021-11-12,0.7973731340746193
2021-11-16,0.5832151268621053,0.0807676349032005,0.5041529619260166,2021-11-15,-0.019765434366503243
2021-11-17,1.8619556732145772,1.3430064809685183,0.5124060738860582,2021-11-16,1.7302918771991749
2021-11-18,-0.9505129001450702,-0.2529452820001453,-0.6979894362501929,2021-11-17,-0.7243102288544634
2021-11-19,1.7026854908963138,0.6028556104965774,1.0981739295571196,2021-11-18,1.7882301232799547
2021-11-22,0.16056497547369358,-0.3725742055170827,0.532798662716894,2021-11-19,0.3093623852775895
2021-11-24,-2.6645186208521445,-1.988649561755156,-0.6899670380324358,2021-11-23,-0.3300127575820211
2021-11-25,0.15101089631744588,1.121316414552564,-0.9537486123517172,2021-11-24,0.9278567755086176
2021-11-26,-2.490254998218263,-0.4105464405999841,-2.089216390824704,2021-11-24,0.9278567755086176
2021-11-29,-0.46312887328156577,-1.5807107584408393,1.1301428636471047,2021-11-26,-2.916687984463062
2021-11-30,-0.015598088198887448,2.600868688450758,-2.5455153331235896,2021-11-29,4.0831166342394365
2021-12-01,0.2957156055570218,0.60613356681832,-0.30116988194332217,2021-11-30,-1.9772215485439615
2021-12-02,-1.9085366899924097,-0.8124218574726402,-1.102612870869577,2021-12-01,-0.5862176375045713
2021-12-03,0.9560648976268125,0.01951290942146359,0.9336484828441208,2021-12-02,0.0017844270427946896
2021-12-06,-0.8127818922879867,-0.07849161403821636,-0.7350392017017813,2021-12-03,-0.16476790397854657
2021-12-07,2.0738158256568937,0.816656453125204,1.2461876405332954,2021-12-06,-0.11733362491509469
2021-12-08,2.7751463205328593,2.755772772449028,0.017938346052927236,2021-12-07,4.9650375045525275
2021-12-09,-0.5026421240684404,-0.6628548318826468,0.164547903636518,2021-12-08,-0.6092890825113773
2021-12-10,-1.5336597823651308,-0.9736715548771722,-0.5617992068017914,2021-12-09,-2.142191944191918
2021-12-13,1.0334028042018233,1.109179057730585,-0.07257713364561097,2021-12-10,0.9060919423495406
2021-12-14,-1.7861153513113848,-1.032820446693808,-0.7628643641106149,2021-12-13,-2.5606756125037378
2021-12-15,0.20882815274390948,-0.5353948499446826,0.749225811541425,2021-12-14,-0.5248231189578068
2021-12-16,2.5506684595738642,2.7899575577330853,-0.23269150433316765,2021-12-15,3.690930524358338
2021-12-17,-2.1898928889927487,-2.0609678656230415,-0.12893582947160426,2021-12-16,-4.273523824628445
2021-12-20,-2.965458993514514,-0.7860401227058448,-2.194042609295047,2021-12-17,-0.14011031463621038
2021-12-21,3.3617945110658938,2.119561407309736,1.2165548988752661,2021-12-20,-0.7618635372493965
2021-12-22,1.1372617161985965,0.7771054724192393,0.35886547987873946,2021-12-21,3.3466250954148125
2021-12-23,1.402940744651133,0.5478366360329333,0.8499326981117858,2021-12-22,0.8976236202770105
2021-12-24,0.8500356180630356,0.593326719477042,0.25504864173527664,2021-12-23,1.0397952681452827
2021-12-27,-0.08457543519480801,0.5376700039984669,-0.6159645572686646,2021-12-23,1.0397952681452827
2021-12-28,1.3851725194109354,1.4399967702425092,-0.051119119840656445,2021-12-27,2.7241462439616893
2021-12-29,-0.9627629052935636,-0.6468222125450064,-0.31805685936900224,2021-12-28,-1.1714781389435158
2021-12-30,0.11552040578757396,-0.5338199508610623,0.6534097377247058,2021-12-29,0.17937523013684675
2022-01-04,2.8883598086662294,1.3666177483834636,1.5025976520124185,2022-01-03,2.0539435122454375
2022-01-05,-0.18148182910794686,-0.7939416760920381,0.6131836154389616,2022-01-04,-0.4524216102584022
2022-01-06,-4.180328395840991,-2.4231647837711914,-1.7967969193966828,2022-01-05,-3.2209552663671204
2022-01-07,-0.4617908535237542,1.6264432456154732,-2.0490708130361384,2022-01-06,0.7517264113814148
2022-01-11,-1.8801357036695134,-0.7341414281892046,-1.1438796901107853,2022-01-10,0.2387309407732241
2022-01-12,3.689592463997063,2.4197826059432117,1.2344293803255595,2022-01-11,1.8409691313918897
2022-01-13,1.2949713633570312,0.2491479907764298,1.0457307822973059,2022-01-12,0.6647756140394812
2022-01-14,-1.7073720132341654,-1.492332983992293,-0.221095346298973,2022-01-13,-2.290753167097559
2022-01-17,0.2526730025582247,1.1827810446594718,-0.91695043953532,2022-01-14,2.3288234366666716
2022-01-18,-0.4079681145217354,0.2822000325405624,-0.6913969160113708,2022-01-14,2.3288234366666716
2022-01-19,-5.77011836507353,-3.4484166743019715,-2.4223307300843286,2022-01-18,-4.4446894203727165
2022-01-20,0.11787444737051787,-0.8615004165952377,0.9899275677523128,2022-01-19,-3.08684173812257
2022-01-21,-3.8999306356911823,-3.3994485078922474,-0.524636219099002,2022-01-20,-3.2510784328381725
2022-01-24,0.8109660256852408,-2.246554482946691,3.1361140185663214,2022-01-21,-1.715887626901036
2022-01-25,-3.7766608945388542,-0.04048493399206197,-3.7332679938095263,2022-01-24,1.3149294642896159
2022-01-26,0.7746188386933598,-0.09699696474597422,0.8739522046630956,2022-01-25,-3.709737208867936
2022-01-27,-5.363881366544923,0.5726794125486365,-5.897663245958953,2022-01-26,1.675662883450868
2022-01-28,1.8322758565198882,1.3563880765701375,0.46301617711909443,2022-01-27,-4.784470334916158
2022-01-31,4.0088657237748695,-0.03972587448984641,4.062392892987325,2022-01-28,1.8310755719413985
2022-02-01,0.23467949417971762,3.8729619874355343,-3.4788743613912465,2022-01-31,5.443218264845706
2022-02-02,2.8602024474998076,0.9170649872129575,1.9304845481089428,2022-02-01,0.7940385954778417
2022-02-03,-3.477351726139962,-2.2357200426336523,-1.268122840852436,2022-02-02,2.4582837728832407
2022-02-04,0.5699224503807004,-1.5585994102928473,2.1652944319017937,2022-02-03,-4.576457443919124
2022-02-07,-2.7593355084380384,-1.6541459584747116,-1.1151961730308162,2022-02-04,0.5979814411918083
2022-02-08,-0.6714744412201706,-0.14641223424597516,-0.5302868138208843,2022-02-07,-0.021488100168143287
2022-02-09,2.211098503615891,1.641625654017974,0.5548629484139235,2022-02-08,2.398205039376289
2022-02-10,1.786630617700925,2.6331120332283033,-0.8150874996403148,2022-02-09,3.3547319105457607
2022-02-14,-2.9710216931795665,-3.530459940176897,0.5842417409449006,2022-02-11,-4.831787988076142
2022-02-15,-0.9786107750851598,0.6498768585893333,-1.6183046424877705,2022-02-14,0.14718091931467114
2022-02-16,3.214669070605469,3.4361363506149813,-0.21060929787258148,2022-02-15,5.467154906876415
2022-02-17,-0.31041951573175225,-0.07397149319413256,-0.23249430382187625,2022-02-16,0.034745149253634366
2022-02-18,-0.9432382306484937,-1.9104170052428504,0.9870576580116,2022-02-17,-3.742988698670968
2022-02-21,-2.3837507054604488,-3.139713292449451,0.7840998437442457,2022-02-18,-1.1190910766934792
2022-02-22,-3.4545243521283346,-2.8716191170962424,-0.6021830702112968,2022-02-18,-1.1190910766934792
2022-02-24,-2.447537629016885,-1.0980174891686285,-1.3686112384645164,2022-02-23,-2.331957217753533
2022-02-25,5.382231824437867,3.116412038659435,2.187192343320849,2022-02-24,3.7023579513473015
2022-02-28,-0.15311844586690146,-0.7464175031851987,0.6002518371078307,2022-02-25,1.574360010814435
2022-03-01,1.0249628158181703,1.2106816969264356,-0.18123076451116704,2022-02-28,-0.67034999539487
2022-03-02,-1.5021851058361548,-1.8643188526808965,0.3708502622560728,2022-03-01,-3.635484639435904
2022-03-03,0.6368530129928746,1.7741353276078695,-1.115761467940288,2022-03-02,3.3680207476952884
2022-03-04,-4.100876969061873,-1.5109368752793364,-2.628779953591953,2022-03-03,-2.236284807753275
2022-03-07,-5.000851372717147,-3.7787496677210037,-1.2738265840126812,2022-03-04,-2.4205317624429568
2022-03-08,-1.5760965078980962,-3.113004601822263,1.5981345642764262,2022-03-07,-4.909261406072318
2022-03-09,1.0206976638410419,1.5173143922062284,-0.49517761292551915,2022-03-08,1.8696757884084647
2022-03-10,4.761771852034414,4.9325517229086016,-0.15457097783514243,2022-03-09,3.969402633555408
2022-03-11,-3.733836336838448,-1.3875954970611444,-2.381132289876329,2022-03-10,-2.166607458087322
2022-03-14,0.7889587309494236,0.418219688792278,0.3699619260763517,2022-03-11,-2.0841650913869803
2022-03-15,0.8293431254678153,-1.0416922120947538,1.8970003250109106,2022-03-14,-3.0739348618035067
2022-03-16,2.315329512606186,2.310510780301653,0.016136694686005825,2022-03-15,4.355738496215089
2022-03-17,5.365180387642305,4.63124374364161,0.705960542047986,2022-03-16,5.025630157239802
2022-03-18,0.8018519329772584,-0.3518285847025465,1.16055580362968,2022-03-17,0.7330096869372138
2022-03-22,0.7762752407214818,0.6415451944957542,0.13742529357569316,2022-03-21,-0.26402136411232124
2022-03-23,3.944400529511081,1.8655453996650304,2.0377908867347663,2022-03-22,0.6606614326327476
2022-03-24,1.3326461187093805,-1.7917700917445305,3.184207997051401,2022-03-23,-2.482085707685644
2022-03-25,0.8573265549357912,2.2182025455871344,-1.3198155713255768,2022-03-24,5.1302508717167905
2022-03-28,-1.3007576174083417,-0.721191476403209,-0.585588304989981,2022-03-25,-0.20887611684606844
2022-03-29,1.436934106289931,1.4234771248291933,0.013831339752766483,2022-03-28,0.6193450441759119
2022-03-30,0.49690533119284525,0.827827798410908,-0.3392018385251541,2022-03-29,2.210493940100444
2022-03-31,-0.6362551240579527,-1.5195437766323452,0.9022762095757912,2022-03-30,-3.2260760413296508
2022-04-01,-1.2854900929629733,-1.521121947494813,0.2434127715598001,2022-03-31,-2.2692701996256726
2022-04-04,-0.5959243256417548,-0.903788255139946,0.3114350764558486,2022-04-01,-1.818607598665145
2022-04-05,0.20233365612001034,1.5442438152741909,-1.3197934383730394,2022-04-04,1.7320845698541198
2022-04-06,-3.5750272522816635,-2.4637219334642158,-1.1361865444705708,2022-04-05,-4.52946758346836
2022-04-07,-4.165331264824459,-3.163983749919374,-1.0393249735113088,2022-04-06,-2.3200373843437205
2022-04-08,-0.30819059415262745,1.0787884116321715,-1.372719668565489,2022-04-07,0.10901837438637152
2022-04-11,-1.1883973200396227,-0.8410513521693206,-0.3537346963292308,2022-04-08,-2.4168717526745542
2022-04-12,-0.9700364950382225,-0.20051839909393096,-0.786692206451902,2022-04-11,-2.0856616052825516
2022-04-13,3.57969009090036,0.7120097701212013,2.8478008437798694,2022-04-12,-0.2492892996430518
2022-04-14,1.7310112301431255,0.9801429573424097,0.7436963126043429,2022-04-13,2.357661390485033
2022-04-15,-3.496537861094106,-3.1638176098579947,-0.3442063577819307,2022-04-14,-2.920349896996721
2022-04-18,-0.4392142799552979,-1.1588367310565104,0.7311605410911679,2022-04-14,-2.920349896996721
2022-04-19,2.9761507783535976,2.0380709145235216,0.9178930990289471,2022-04-18,1.8811032080530365
2022-04-20,-1.2709847827289216,1.4807064505873277,-2.711214018111414,2022-04-19,2.2056037446028354
2022-04-21,2.769087013363859,0.5101201082193119,2.2493433097889737,2022-04-20,-0.34992645645708365
2022-04-22,-1.7750750844904162,-2.1642987824065374,0.39464444166878065,2022-04-21,-2.6562281204251748
2022-04-25,-2.180659507717433,-2.262304911594182,0.08150497677937289,2022-04-22,-2.252760617457672
2022-04-26,0.6336312156902402,1.3838167040164215,-0.7377212342236126,2022-04-25,1.7580263760815784
2022-04-27,-1.2867661571813769,-2.5510360459809296,1.3018974362407016,2022-04-26,-4.380632081598945
2022-04-28,1.9160695730312245,-0.3864908862692585,2.32268154913886,2022-04-27,-0.48822391406874166
2022-05-02,-0.5741298598310361,-0.04388887264866789,-0.4996225604941771,2022-04-29,-4.470118395661249
2022-05-06,-0.23427812305954715,-0.5593469108450055,0.34082490979109453,2022-05-05,-5.002109814668188
2022-05-09,-1.561071479287601,-1.3294394845177167,-0.23550200210155292,2022-05-06,-0.7807277853582595
2022-05-10,-1.2592950828554323,-1.7222073276794412,0.4818624919784909,2022-05-09,-5.129366774153732
2022-05-11,0.9810196939772575,-0.3035349350838072,1.2899065068891755,2022-05-10,2.5104070088646457
2022-05-12,-2.1060100423286667,-1.6428190334947474,-0.4703624330056206,2022-05-11,-3.040765484246377
2022-05-13,3.652166072824239,1.481771719468812,2.141373505861442,2022-05-12,0.543077214690646
2022-05-16,-0.21755250511621704,1.5963239875099773,-1.7842098122454053,2022-05-13,5.063543210444221
2022-05-17,1.0317969330506067,0.08682445010341609,0.9439526888856268,2022-05-16,-1.6936964354909767
2022-05-18,1.996922804642942,1.7379709139103388,0.2525135839721598,2022-05-17,5.015003126650219
2022-05-19,-1.2564280102503431,-3.6438024126926436,2.4782270642402753,2022-05-18,-5.170032665916402
2022-05-20,1.3064373548823425,0.4232060468094251,0.8805523199316656,2022-05-19,-0.6062669362714823
2022-05-23,-0.13112583391437307,1.05592727062828,-1.1731555786811243,2022-05-20,-0.2656444073860009
2022-05-24,-2.141435993955599,0.14152500450710354,-2.283856232348494,2022-05-23,0.547273829792827
2022-05-25,0.1534392528382478,0.27976934902173944,-0.1254979482931165,2022-05-24,-2.4627832742438294
2022-05-26,-1.280476126480967,-0.45875275241217534,-0.828105984860345,2022-05-25,1.976656906184071
2022-05-27,2.5543763081637265,2.6458798296909136,-0.08746065994487785,2022-05-26,3.8740141529771677
2022-05-30,3.2863198584597795,1.962382987721451,1.2964723692971867,2022-05-27,4.031907973386861
2022-05-31,-0.014556121257571842,-0.04396936103090035,0.028968398261585076,2022-05-27,4.031907973386861
2022-06-01,0.06347645875280607,-0.977346632606031,1.0656257334431987,2022-05-31,-0.5349315261967136
2022-06-02,-0.3432307272128104,-0.5724642884959588,0.2208434198439716,2022-06-01,-1.6025497250932386
2022-06-03,1.2113983374479562,1.5478940287505951,-0.32512347179185663,2022-06-02,3.5734327223519324
2022-06-06,0.0729742643657704,-1.4812886851097384,1.5774702406406163,2022-06-03,-3.0208196114989816
2022-06-07,-0.9552214765282087,-0.14784615226828432,-0.8114615451699185,2022-06-06,0.0048325157783413175
2022-06-08,0.7957238665848756,0.8969688123345329,-0.10005576535492916,2022-06-07,0.9870589522110063
2022-06-09,-1.4299963267523126,-0.7451711627967856,-0.6827580300234843,2022-06-08,-2.388128417835822
2022-06-10,-2.680389788699054,-1.1649420044306034,-1.530889654382598,2022-06-09,-2.6932511720372476
2022-06-13,-4.446313506433865,-3.4861701553492996,-0.9931047141431432,2022-06-10,-3.60182313916243
2022-06-14,-0.24954240255578594,-2.491034876311729,2.2977236854309138,2022-06-13,-5.613465650838856
2022-06-15,-1.3107757023575097,-0.06270905872464223,-1.2437488890571025,2022-06-14,0.6317237086064909
2022-06-16,-0.45903258057803265,2.3974765836816334,-2.7805674441745327,2022-06-15,1.771633784281157
2022-06-17,-4.498847156936586,-3.990997360489173,-0.5307997154936549,2022-06-16,-6.235002529638789
2022-06-20,-2.8787061876994557,0.8921278073891351,-3.737942731535572,2022-06-17,0.45522562789774845
2022-06-21,3.2086077062465472,1.8175585015896472,1.3667492935058636,2022-06-17,0.45522562789774845
2022-06-22,-2.448919747472983,1.2303549422771887,-3.630620926190686,2022-06-21,2.7468214620343767
2022-06-23,-0.3766704945079052,-0.47796242926282345,0.10280347435709537,2022-06-22,-1.1197370546680352
2022-06-24,2.936076247024977,-0.37572611174158527,3.3298325704338514,2022-06-23,-0.6475917526623243
2022-06-27,2.9233289421278545,1.8510781800397516,1.053540681845938,2022-06-24,4.446427823590593
2022-06-28,0.03413203530437706,-0.8959228799502258,0.9404307298855366,2022-06-27,-0.1837430613543578
2022-06-29,-1.7611677427646124,-2.0494705872937944,0.2980179530564361,2022-06-28,-2.631385953436094
2022-06-30,-3.9911701463127525,-1.2379051099701919,-2.785332201010201,2022-06-29,-2.1988794404999457
2022-07-01,-3.3816342688226775,0.40601117078760124,-3.7655538714436863,2022-06-30,-1.0729971667704286
2022-07-04,0.37269155503769286,-0.16645975151576367,0.5537960037855427,2022-07-01,-3.825719774779557
2022-07-05,0.7216660794690813,0.7921216955593628,-0.0699697604131432,2022-07-01,-3.825719774779557
2022-07-06,-0.706525104854774,-0.9468306724563911,0.2426485816722884,2022-07-05,0.7804085165648456
2022-07-07,2.0955488139939495,0.8265215612367791,1.2594141196489712,2022-07-06,0.6647853079662092
2022-07-08,1.5264360008593967,1.859896546607535,-0.3230044465902363,2022-07-07,4.481432878141467
2022-07-11,-0.22085283543626916,1.5979886436641686,-1.78641253238702,2022-07-08,0.4655999785101672
2022-07-12,-3.103451299163695,-1.1994609435979904,-1.9307530572687768,2022-07-11,-2.4573169474006673
2022-07-13,0.04237471651846629,0.2470057300808061,-0.2033679771138796,2022-07-12,0.1757460297569846
2022-07-14,2.0487106149295244,-0.4161673431531308,2.478824815453975,2022-07-13,0.7500665514021287
2022-07-15,-0.8123941494411074,0.8793376224458341,-1.6708205926137831,2022-07-14,1.922703106006507
2022-07-19,1.639054624195293,0.6063271953461973,1.0311238905539604,2022-07-18,-0.5269943540031408
2022-07-20,3.991181324389702,3.1966363336391947,0.7732647625661895,2022-07-19,4.611447130902668
2022-07-21,0.03682359417672972,0.08665209176784512,-0.04815970959517693,2022-07-20,2.4907443015648845
2022-07-22,1.020751126567465,0.26853368430064095,0.7520861374506268,2022-07-21,1.5264760314894987
2022-07-25,-1.3486663310005966,-1.2884265401704236,-0.05723571229743479,2022-07-22,-2.5507643276289294
2022-07-26,-0.5740672660211943,-0.693708323852096,0.12366674141213724,2022-07-25,-0.6113471978542173
2022-07-27,2.6328378511427326,-0.24172323288389885,2.8781389399890682,2022-07-26,-1.6309538221486952
2022-07-28,-0.42490006021517335,2.1242852085563375,-2.4927230249927765,2022-07-27,4.751491475764857
2022-07-29,-0.7936136417781536,-0.2499000670746968,-0.5438992668269907,2022-07-28,1.1508412398346657
2022-08-01,0.8729642826213941,0.14708761343641363,0.7489499480375506,2022-07-29,0.7686868611398445
2022-08-02,-0.9318035502323917,-0.35243539607616853,-0.5844573153884381,2022-08-01,0.37682802540901505
2022-08-03,1.608744698452039,0.8642302391376931,0.742818533026611,2022-08-02,-0.11989993006117361
2022-08-04,1.277070884532247,0.6312049141458052,0.6406933883622713,2022-08-03,2.646175505404491
2022-08-05,1.7763612387736676,-0.0852454417046082,1.8635178065334763,2022-08-04,0.9151576423228391
2022-08-08,1.3168633889489711,-0.04083154376731191,1.3451228619673734,2022-08-05,-0.909097694657035
2022-08-09,-2.1495290258033743,-1.6066201074647206,-0.5572511781894068,2022-08-08,-1.6065401320628614
2022-08-10,-2.483671925428719,-2.210003957781771,-0.27726192806980965,2022-08-09,-4.5746486749169595
2022-08-12,3.395371088309043,2.544256464522803,0.8298850797265557,2022-08-11,-0.3350277109707589
2022-08-15,1.1706718487389638,1.0656666717459458,0.10586787041455259,2022-08-12,2.992820681540076
2022-08-16,-0.5579780316720526,-0.29458068479743155,-0.2641583681348034,2022-08-15,0.30917498358782325
2022-08-17,0.762287459951647,0.2549841102483067,0.5055011869486746,2022-08-16,-1.029562344203283
2022-08-18,-0.49553706876086495,-1.718386096873972,1.246183411321111,2022-08-17,-2.479803942942771
2022-08-19,0.8467300602131155,1.5806734500907555,-0.7233935199024323,2022-08-18,2.2801787673082385
2022-08-22,-1.2506051523471344,-1.8412525466735599,0.6020582219104802,2022-08-19,-2.781678573145019
2022-08-23,-1.141884288261838,-1.3277781105562854,0.18801828249375893,2022-08-22,-3.7236497401754387
2022-08-24,-0.9220556750620346,0.4068493685239839,-1.3243701840258684,2022-08-23,0.7366618519522694
2022-08-25,0.468799644941959,0.2549235213485909,0.2139106891154116,2022-08-24,0.06532107349999094
2022-08-26,0.7024872794036852,1.1763169089973435,-0.4679589893820067,2022-08-25,3.6592556514166485
2022-08-29,-3.534899731417277,-4.156187045833746,0.6461553450625664,2022-08-26,-5.810138788616204
2022-08-30,1.5577297501499185,0.45719283748414186,1.095835497394998,2022-08-29,-1.92764402478236
2022-08-31,-0.36346280245829155,-1.3203947851034485,0.9706184747917825,2022-08-30,-1.3068692343736532
2022-09-01,-2.8125781731658694,-1.2700186054402003,-1.5654534805712603,2022-08-31,-1.1534239990607653
2022-09-02,-0.5339261230248331,-0.12475054418240936,-0.4084129831872345,2022-09-01,-1.9213494938538966
2022-09-05,0.3289745970331528,-0.471859774096097,0.8074013434168171,2022-09-02,-1.0161286575852468
2022-09-06,0.5212308064804925,0.1947117998982225,0.3292222033296449,2022-09-02,-1.0161286575852468
2022-09-07,-1.331416424486122,-0.7943730377907516,-0.5418219815710221,2022-09-06,-1.0693411673458386
2022-09-08,2.3951261885635575,1.5371547080530656,0.8442360071774124,2022-09-07,1.5565810826418724
2022-09-09,0.6168997218685133,0.548770890126035,0.07051633478251487,2022-09-08,1.7874429062882058
2022-09-12,1.1360499978500194,1.7467536227762264,-0.5990277662445128,2022-09-09,2.392581376320213
2022-09-13,0.7449141367228926,0.009418117614113385,0.7365807061850782,2022-09-12,0.34224002433707046
2022-09-14,-2.8813851618964326,-4.09014097718266,1.2674100220603661,2022-09-13,-6.181380394414093
2022-09-15,-0.38664107754826377,0.2831362233969793,-0.6687471967724483,2022-09-14,1.1411755982000393
2022-09-16,-2.6169325901171634,-1.3157280787066135,-1.3197677857946115,2022-09-15,-1.619596297139514
2022-09-20,0.9429224795805733,1.3519566049217993,-0.4045059113997173,2022-09-19,0.577494340929996
2022-09-21,-1.3853670637286484,-0.8359372515416484,-0.5525459295520015,2022-09-20,-1.4914210704344177
2022-09-22,-0.592717844998095,-1.2277174451845696,0.6447664717219367,2022-09-21,-0.9661759656246827
2022-09-26,-4.329945301350953,-2.5613179856726527,-1.813332536811579,2022-09-23,-1.446335006241184
2022-09-27,-0.3371726766020641,0.5272618641062282,-0.857553867565703,2022-09-26,-1.4707573389458717
2022-09-28,-1.5965126817966115,-0.4912812804268542,-1.1048737751118414,2022-09-27,1.0355320025650316
2022-09-29,-0.6616994013670199,1.1931439585208716,-1.8315560003383935,2022-09-28,1.2182845685900778
2022-09-30,-3.2555554723292115,-1.4036211579395037,-1.8782385794592562,2022-09-29,-3.291572922378694
2022-10-03,3.974473617324845,-0.6079728530916811,4.614934462205357,2022-09-30,-1.7324539355634605
2022-10-04,2.4074041452465433,2.962426595350092,-0.5380907182203815,2022-10-03,3.7551529307923825
2022-10-05,0.35539769385249836,1.0806493019226464,-0.7176264947630924,2022-10-04,4.462217081982867
2022-10-06,2.600000501280056,0.6794343248269041,1.904476054698391,2022-10-05,0.9399178916784434
2022-10-07,-0.5705753799943105,-1.5533143525978335,1.004010121649944,2022-10-06,-0.5853517043633127
2022-10-11,-4.37844764001603,-3.9172379759958473,-0.48314213129208633,2022-10-10,-3.454122607031962
2022-10-12,-2.748078625636046,-1.2563482544084532,-1.5116742064079038,2022-10-11,-2.4986551484083352
2022-10-13,0.5759923691356952,0.1371282145497835,0.4375074837902975,2022-10-12,-0.8965102855950313
2022-10-14,2.4177375864527257,2.764293620239929,-0.33397883947036644,2022-10-13,2.9399136360287237
2022-10-17,-0.4035481096739637,-1.922926519174046,1.5532248338479981,2022-10-14,-4.458919274544149
2022-10-18,1.547665778885817,1.553232945300765,-0.004048201555956816,2022-10-17,2.2816202759717408
2022-10-19,0.11567542501277674,-0.4735980771054094,0.5907475327665522,2022-10-18,0.4204083902626943
2022-10-20,-1.4133566256679595,-0.8432735524244688,-0.5785875832949673,2022-10-19,0.7557552892739627
2022-10-21,1.7958416173946312,0.49054929517621354,1.2915823986652293,2022-10-20,0.6914559408546683
2022-10-24,2.479020791327172,1.8116908894524841,0.6542602378493372,2022-10-21,3.704484481063708
2022-10-25,1.258454430771975,0.5465469107983238,0.7145918449342609,2022-10-24,0.6360292465608319
2022-10-26,-0.8212712959999141,0.234768302960397,-1.0510768823238892,2022-10-25,2.2599165570579727
2022-10-27,0.9550126711778045,-0.11999757449580199,1.0799519993854712,2022-10-26,-1.1792372405590723
2022-10-28,0.43872489467317444,-0.5638930286216345,0.9743820545985177,2022-10-27,-1.5037875583935434
2022-10-31,1.7449172125713834,2.128709026885306,-0.3734322785737763,2022-10-28,3.9758642876734918
2022-11-01,0.028160632833376917,-0.6221739232816069,0.6722481055256432,2022-10-31,-2.0217721724959614
2022-11-02,-1.0206363932156644,0.6885440934334186,-1.66298994582447,2022-11-01,0.767387418671106
2022-11-04,-1.7220618986587803,-1.9744525272772324,0.2613348210545819,2022-11-03,-1.5296303883535645
2022-11-07,2.3889181576366876,1.416585110117972,0.9593914777174913,2022-11-04,4.596062374664944
2022-11-08,3.396708704570883,0.6344016493697365,2.7671867369709777,2022-11-07,2.18435641211141
2022-11-09,2.122010865617123,0.951095155875422,1.167731008246134,2022-11-08,2.1530869114400053
2022-11-10,-1.1111299865761683,-1.6314416525811022,0.5316176536265554,2022-11-09,-3.138510456841448
2022-11-11,7.432228825475539,6.167984986883353,1.186933347574759,2022-11-10,10.214671958614607
2022-11-14,-0.23279777622977083,1.6491293469488175,-1.8462696286802012,2022-11-11,3.0829525729250795
2022-11-15,2.0206412887136382,0.12242145545526525,1.8963393095980496,2022-11-14,-0.9743021058878809
2022-11-16,0.47477169752185844,0.9018130757477193,-0.42065413193734114,2022-11-15,3.0262597441252925
2022-11-17,-2.7807660788864546,-2.424868797208712,-0.35793538546241943,2022-11-16,-4.262310130320368
2022-11-18,-1.0653383413610005,0.5802284160911977,-1.6343224678425134,2022-11-17,1.0512428390654804
2022-11-21,0.5562516070884964,0.847946403562888,-0.2856179231107033,2022-11-18,0.1811995283737211
2022-11-22,-0.3135752391534739,-0.345090465168611,0.031633388017495365,2022-11-21,-1.769401133394688
2022-11-24,3.414719060909053,2.5942892451668267,0.8002660770242681,2022-11-23,1.073699300354325
2022-11-25,-0.4266043421903702,-0.19697776680348084,-0.22908084700558007,2022-11-23,1.073699300354325
2022-11-28,-1.3244253893167044,-0.7185225164491964,-0.6095173081363455,2022-11-25,-1.261581152042901
2022-11-29,-1.5534115912033368,-1.3709594511450702,-0.18496783760747004,2022-11-28,-2.634927638898532
2022-11-30,-0.16413672640911933,-0.8450085902070111,0.6863774713802636,2022-11-29,-0.3033100552976231
2022-12-01,2.8080684774222036,3.5344919599200852,-0.6953779160684259,2022-11-30,5.848646697510573
2022-12-02,-0.9765689097832183,-0.9097064116361645,-0.06786632174182959,2022-12-01,-0.7836994476889236
2022-12-05,-0.6774476760380062,-0.36484131045159107,-0.3132347516046518,2022-12-02,-1.19299959532142
2022-12-06,0.5044697829539808,-0.530189933509395,1.0411041638806497,2022-12-05,-1.1975888006610758
2022-12-07,-2.379783268665476,-0.9603774469925985,-1.4342353625597843,2022-12-06,-2.3563876003589557
2022-12-08,-0.8314620076211402,-0.19797138707715695,-0.6318078073350544,2022-12-07,-0.010435649074924669
2022-12-09,3.0912747425022578,1.2608004242107722,1.8075487482566188,2022-12-08,2.674012035541784
2022-12-12,-1.1911380537864122,-1.3813712311898263,0.19454321189289495,2022-12-09,-0.8640552155911752
2022-12-13,0.2764782635364479,0.8023375468447831,-0.5212334395656494,2022-12-12,2.1385394279195724
2022-12-14,1.2786675465020803,0.9573392803973576,0.31860862396133766,2022-12-13,1.5227730510080972
2022-12-15,-0.9310695276722003,-0.9057993695820984,-0.024500296898858454,2022-12-14,-1.5686541365721562
2022-12-16,-3.059482806093093,-2.3379895139757774,-0.7411704347582203,2022-12-15,-4.171799110420416
2022-12-19,-1.2391168075286054,-1.1180942496750172,-0.1241180882959971,2022-12-16,-0.9509262964486842
2022-12-20,-3.4934618838754172,-0.671765392314535,-2.8422438541988986,2022-12-19,-1.374683860267667
2022-12-21,-1.5563792064611022,-0.42844314142985457,-1.1344107908073213,2022-12-20,-0.6237261328402743
2022-12-22,-0.09659709029749303,1.1227698591881676,-1.2049985997364028,2022-12-21,2.355511190981119
2022-12-23,-2.280867299082608,-2.1776926915187453,-0.10918144230765456,2022-12-22,-4.2037420292145855
2022-12-26,1.128334434108437,-0.36701159678338013,1.5069266857572274,2022-12-23,0.0851052743559455
2022-12-27,-0.6077545715978147,0.831566228438504,-1.4268548222524438,2022-12-23,0.0851052743559455
2022-12-28,-0.5581148943465681,-1.1875335228410493,0.635848673194057,2022-12-27,-1.787465849782821
2022-12-29,0.02905342837115648,-1.2045794311120814,1.2523105456880945,2022-12-28,-1.4727921971529723
2022-12-30,-0.32651365522093145,1.2261946521296878,-1.5305699865850602,2022-12-29,3.3199198041323097
2023-01-04,-1.4133371883976322,-1.3154152311179126,-0.09600791168199141,2023-01-03,-1.2290920665862792
2023-01-05,2.1930651118112494,1.0616367847613324,1.1198085341081636,2023-01-04,2.7375948174143794
2023-01-06,2.036910807475847,-0.9401510030083908,3.0098229170977304,2023-01-05,-1.9824414331738538
2023-01-10,2.3096004938104047,2.7551020169469034,-0.4321974240938511,2023-01-09,1.9214362423898068
2023-01-11,1.861984321690869,0.9871138259125574,0.865579508407151,2023-01-10,1.2854554495539627
2023-01-12,1.008040045850389,1.2491838758634384,-0.23809279739613995,2023-01-11,1.2521639561251963
2023-01-13,1.678782481606727,-0.48065085817236614,2.175843999248318,2023-01-12,1.2444816728388597
2023-01-16,-1.1663363628843038,-1.0295684792545166,-0.13590416012644607,2023-01-13,0.39463675423547784
2023-01-17,1.9636409076129493,0.6308600524379354,1.326515234348111,2023-01-13,0.39463675423547784
2023-01-18,1.9538346383784517,0.5250899804554335,1.419465303835834,2023-01-17,0.24333523883453
2023-01-19,-1.1355501578710174,-0.5324269779491387,-0.6067487164047256,2023-01-18,-0.6415722580907168
2023-01-20,0.22336739734804612,-0.913282641197684,1.1492059436431563,2023-01-19,-2.833122898791385
2023-01-23,2.0400724027558166,1.6207026619541496,0.4124272356350812,2023-01-20,3.1085762185212307
2023-01-24,1.6527776205734335,2.402925276244616,-0.7270168330522832,2023-01-23,5.014396930181597
2023-01-25,0.3245415054209144,-0.583041324322275,0.9143000606985009,2023-01-24,-0.7185765444676528
2023-01-26,-1.3065622609239622,-0.149675922288932,-1.1587676145126673,2023-01-25,0.18011209644233084
2023-01-27,0.052335352814873635,0.1419634314656963,-0.08252203084796587,2023-01-26,1.6309413978606857
2023-01-30,0.35114234742078454,-0.17158863446114553,0.5248066628535689,2023-01-27,-0.7189384735906024
2023-01-31,-1.430555282030923,-0.2652734792382485,-1.1641422119787384,2023-01-30,-2.6680424328108687
2023-02-01,0.3752285110066781,1.0140233508752003,-0.6834766383461267,2023-01-31,1.9267188918776323
2023-02-02,1.5812489907876226,1.341961237907838,0.25184112897333344,2023-02-01,5.186692311904495
2023-02-03,0.47835081079509373,0.25315389199676264,0.22910262933343664,2023-02-02,2.224390599423254
2023-02-06,-1.237518662755175,0.17684107087862452,-1.4126695602157724,2023-02-03,-1.9011489138360704
2023-02-07,0.7845007609452371,-0.04964018240198725,0.8388751855051649,2023-02-06,-1.6989357277134576
2023-02-08,0.5016829484513127,0.5545741598857669,-0.05804378721483355,2023-02-07,3.1158418387302156
2023-02-09,-0.9595426944838966,-0.9056490353565745,-0.05257774994774679,2023-02-08,-2.1931120354529043
2023-02-10,2.2810669441963904,1.3590682552035582,0.8722717790633733,2023-02-09,0.13074231197569564
2023-02-13,-2.0139546787192653,-1.139353572119789,-0.8820501184736219,2023-02-10,-1.5842796369749945
2023-02-14,1.1087726800135396,1.2950959685648944,-0.18386126060497063,2023-02-13,1.5332343014349048
2023-02-15,-0.307905696079379,1.2110951187757824,-1.4985568656743753,2023-02-14,2.10364047716316
2023-02-16,1.2454663351626913,0.7705353930844108,0.4729873965472709,2023-02-15,0.3664747372690069
2023-02-17,-1.9001957009054862,-1.440744240293116,-0.4688043649364015,2023-02-16,-2.4843651953321277
2023-02-20,-0.10186709185687538,-0.5032855414802214,0.4029607207676502,2023-02-17,-1.6158811902317272
2023-02-21,-0.28634415493130266,0.23164267563649032,-0.5152149877032642,2023-02-17,-1.6158811902317272
2023-02-22,-1.51841190008122,-1.7992058190281948,0.2897987105283057,2023-02-21,-3.3136518303531592
2023-02-24,3.7450598211167825,1.653373761444772,2.0543056331956757,2023-02-23,3.333471627270179
2023-02-27,-0.29418908665578236,-1.1972071288329902,0.9133329136163513,2023-02-24,-1.7965027517668375
2023-02-28,0.43529088040372255,0.7533198078355517,-0.31670750610210857,2023-02-27,0.548326418778422
2023-03-01,1.8119475026821081,-0.0014801255059749142,1.8112489150587914,2023-02-28,0.24332417210992663
2023-03-02,-1.2460106938171909,0.01147627162057641,-1.257215664940284,2023-03-01,-0.0864322056471245
2023-03-03,0.9998485135110863,1.072800290155576,-0.0730594881315056,2023-03-02,0.9568544345058827
2023-03-06,2.040939748723677,1.322849720964539,0.7053222797882479,2023-03-03,1.4819474054945658
2023-03-07,-0.9594166759776731,-0.6662744794769143,-0.2977019686424463,2023-03-06,-1.114307951856086
2023-03-08,0.8740129467652402,-0.49901379833767046,1.3833150576754627,2023-03-07,-1.0744034579668993
2023-03-09,1.2338710170333056,1.1542231132032146,0.08096989632367411,2023-03-08,2.6656602815672725
2023-03-10,-1.736731959924942,-1.4317805243404125,-0.30742873656009023,2023-03-09,-2.011418478285898
2023-03-13,-0.4266688617869414,-1.170805905690297,0.7540766998254208,2023-03-10,-1.8885240004818393
2023-03-14,-2.1059805314737954,-1.521037581608166,-0.5947800091419182,2023-03-13,-0.07606203844211512
2023-03-15,0.8250902201338685,1.8934233750264404,-1.0471290856965554,2023-03-14,3.027136552115972
2023-03-16,-0.1415446936334707,-2.022977576555186,1.9178831105906504,2023-03-15,-1.0884511032510202
2023-03-17,2.256724517687029,1.497472167751628,0.7484418308887693,2023-03-16,4.053321958698652
2023-03-20,-1.950259366910528,0.24086807414607722,-2.1756519077996703,2023-03-17,-0.46961525699243944
2023-03-22,1.6001794496517991,1.1806007271126804,0.4127873655101556,2023-03-21,0.06976565738159302
2023-03-23,0.31462492253066116,-0.8507111315340186,1.174230063679391,2023-03-22,-0.8077934194577474
2023-03-24,0.435636214537831,0.7142549697632802,-0.27434090186422205,2023-03-23,2.6733766578215024
2023-03-27,-0.9924957701422197,-0.5871730961155307,-0.40636416486444055,2023-03-24,-1.6727146030334872
2023-03-28,-0.38031785971631327,-0.46464679689191263,0.08626671179692569,2023-03-27,-1.2074599288813603
2023-03-29,1.1127763621486102,-0.5613578559067707,1.685423180681249,2023-03-28,-0.853165562699143
2023-03-30,0.8591596359391119,1.1048740874437726,-0.24409391517204834,2023-03-29,3.265825326999572
2023-03-31,1.949561015546337,1.2607120973132204,0.6802663270736136,2023-03-30,1.6200565580188453
2023-04-03,-1.2969380131052757,0.5965416650125925,-1.885668726148093,2023-03-31,0.7045877530461153
2023-04-04,-0.7677181345757267,-0.1532405229159138,-0.6157863238184695,2023-04-03,-0.94206998499472
2023-04-05,-1.0959312392161589,-1.1791989533819598,0.0857900694669388,2023-04-04,-1.809852247840682
2023-04-06,-2.924937020037809,-1.6165333991030824,-1.331941402387285,2023-04-05,-1.7988521255661083
2023-04-07,0.872902225946649,0.4964376132772553,0.3745766090745258,2023-04-06,-0.4604703537779753
2023-04-10,0.06957485368570579,0.6113296532332999,-0.5379730608125147,2023-04-06,-0.4604703537779753
2023-04-11,2.4250705958375813,1.830110204430754,0.5860421623251816,2023-04-10,1.797207794216038
2023-04-12,-0.915059642144045,-1.4920457453877805,0.5644942802986864,2023-04-11,-0.5613419504050365
2023-04-13,-0.9954148194521492,-1.1277392186084005,0.13587696192509285,2023-04-12,-1.8299887631704759
2023-04-14,0.5434963745925853,0.9422896330548177,-0.39352922692875436,2023-04-13,0.7347054036735745
2023-04-17,0.29207075824352846,0.23834005303420566,0.05303324511589966,2023-04-14,-0.1460189668556544
2023-04-18,-1.3388359796109424,-0.46625633143868106,-0.8786921953802247,2023-04-17,-0.12291345934948295
2023-04-19,0.10118385227815643,0.6010654630232174,-0.4961896322215232,2023-04-18,0.3600637693087494
2023-04-20,0.5822486376047076,-0.8752583391809027,1.4691425757838743,2023-04-19,-1.0181884582780576
2023-04-21,0.7908343172818559,0.20880582216724955,0.5743921350563813,2023-04-20,-0.0034138834762775794
2023-04-24,-1.0969217580035682,-0.5790174414648839,-0.5225599924565802,2023-04-21,-0.8155192562732339
2023-04-25,0.018090164253457424,0.3846582527977125,-0.36543274559266514,2023-04-24,-0.460873418840102
2023-04-26,-1.4480120265028895,-0.7454052180201921,-0.7120765935243284,2023-04-25,-3.3658053567201196
2023-04-27,-1.2098201144712202,-0.7235229542202466,-0.49643742351864784,2023-04-26,0.5748920013006309
2023-04-28,1.2149826780456647,2.1465276826492157,-0.9134081349062909,2023-04-27,0.6361630014167119
2023-05-01,0.2469902341196682,0.460030626027076,-0.17931250751525715,2023-04-28,1.8147340824071767
2023-05-02,2.133596074361131,0.7924419368238582,1.3242677946113048,2023-05-01,0.8053503040097443
2023-05-08,-0.7578864141578974,-0.3256466413196407,-0.43032370570880785,2023-05-05,2.2457972252099667
2023-05-09,2.0662983449619645,0.711875025072469,1.3476482428113004,2023-05-08,0.5558416738953742
2023-05-10,-0.8458562833931851,-0.8932128525476212,0.055530711625106324,2023-05-09,-1.8704811419354983
2023-05-11,0.7242684352501111,1.105763321893141,-0.3574804150187477,2023-05-10,0.9996502504516558
2023-05-12,1.4271952206658245,0.18514275236939592,1.244068612779912,2023-05-11,-0.6267877362047036
2023-05-15,-0.5137632027152602,0.3188939534845176,-0.829720038871509,2023-05-12,-0.19706464324584783
2023-05-16,2.5407257485479278,0.9288513657731597,1.5892564902099375,2023-05-15,2.684160105057498
2023-05-17,1.1277252354115452,0.6680198439376731,0.4511065919651935,2023-05-16,-0.12900292336740504
2023-05-18,4.956766110072624,3.257232851231035,1.6500674813526914,2023-05-17,2.4921392879470927
2023-05-19,-0.08777660224039135,1.848302043957275,-1.8968125678929704,2023-05-18,3.162047746268093
2023-05-22,0.7293467614328074,-0.7841149892938989,1.53180397646842,2023-05-19,-0.6205079714892703
2023-05-23,-0.638592054775462,0.5180574868928062,-1.1511734998213354,2023-05-22,0.3605447315830457
2023-05-24,0.3618444557371722,-1.130255209351628,1.5194083365426598,2023-05-23,-1.1692559585646967
2023-05-25,3.8027942881836485,2.770635308089028,0.9799089633949347,2023-05-24,-1.6791483972652177
2023-05-26,2.485043447045583,1.5707186849628352,0.8934424455926553,2023-05-25,6.806109939214289
2023-05-29,0.5117944521098816,3.7130660516951144,-3.075484068433916,2023-05-26,6.262139544864276
2023-05-30,0.3676748745417668,-0.35002132075519526,0.7293291944346595,2023-05-26,6.262139544864276
2023-05-31,-1.4167367616852375,-0.6721024782459328,-0.7496939284982655,2023-05-30,0.10494493422821272
2023-06-01,1.3333563474516301,-0.8100031178509604,2.1678979525314594,2023-05-31,-2.7106066112768668
2023-06-02,-0.5468785241750996,0.1638177834760949,-0.711066939660774,2023-06-01,1.5509472428312465
2023-06-05,2.090545614585312,0.5641823489425414,1.5234017992028073,2023-06-02,-0.15207869880176084
2023-06-06,0.589489888873315,-0.8360764042412707,1.4345166887265337,2023-06-05,-1.636143672652457
2023-06-07,-2.591503273461222,0.5449893300348607,-3.1230336706207997,2023-06-06,1.2841030906043827
2023-06-08,-0.49095497860479975,-0.6221365274515872,0.13415492151652714,2023-06-07,-0.3201234282647736
2023-06-09,1.6870249867047942,0.7954848937863108,0.8868586183527014,2023-06-08,1.0681659680631395
2023-06-12,0.9428825373261642,0.2388898794867474,0.706769225168147,2023-06-09,0.3031599027634613
2023-06-13,3.1123716165178545,1.3848505581746346,1.703522391516609,2023-06-12,3.3104669513593254
2023-06-14,0.06189707121885788,1.2158025489649953,-1.1377121155095467,2023-06-13,1.1533189223388085
2023-06-15,0.9875849122426865,0.617529466423589,0.3661616880168251,2023-06-14,1.5225329997524018
2023-06-16,0.4782607752689909,-0.7104062708218463,1.202104983230164,2023-06-15,-0.8474098127975949
2023-06-19,-1.9005667916908964,-0.6517846835018352,-1.2559650567164604,2023-06-16,-0.9415710325998194
2023-06-20,1.1032048504095364,-0.49990401671747153,1.613633529659918,2023-06-16,-0.9415710325998194
2023-06-21,0.35565185771095004,-1.2290062369262937,1.6033032901575992,2023-06-20,-0.6964605798193579
2023-06-22,-3.4139667336404003,-1.7773842552077095,-1.6709803062598234,2023-06-21,-2.68225735436437
2023-06-23,-0.2886456421546058,0.9366230801504734,-1.2103442810420222,2023-06-22,0.5675087506778587
2023-06-26,-0.5765486115512556,-0.6289896853738635,0.05314598608771381,2023-06-23,-1.7693641505152735
2023-06-27,-0.7839038036077592,-0.3331513235061127,-0.45133005329596726,2023-06-26,0.2585332217756475
2023-06-28,2.6449520386356977,1.3745766101718635,1.2554285913129783,2023-06-27,3.6020538305669314
2023-06-29,1.3360694044827488,0.647452700643024,0.6835055627413343,2023-06-28,-0.9040712582761068
2023-06-30,-0.04570064329003537,-0.4257628678414927,0.3848276402623675,2023-06-29,0.13004636122302404
2023-07-03,4.030288323864969,1.7761809029186322,2.2179795753872473,2023-06-30,1.6292233693101954
2023-07-04,-0.20186766707721351,-0.33083921504941666,0.132708744180392,2023-07-03,0.8319768345675937
2023-07-05,0.27867033616536646,0.08639312839003412,0.19238412282863782,2023-07-03,0.8319768345675937
2023-07-06,-2.5322524003062012,-2.0718058733677513,-0.4666451374900879,2023-07-05,-2.195231797663799
2023-07-07,-1.1594808441911235,-0.738015648287247,-0.4226761731813009,2023-07-06,-1.2375235174191146
2023-07-10,-1.6598804099673936,0.1288524165428313,-1.7858754330829558,2023-07-07,0.006680665315994538
2023-07-11,1.3088385563221514,1.6657421244934645,-0.3526161650413857,2023-07-10,2.064802596732518
2023-07-12,-3.5314885643603597,-0.4180883033570959,-3.1260993056179025,2023-07-11,0.05271661737320521
2023-07-13,2.727559058369466,1.517311836920866,1.1927632256000271,2023-07-12,1.859710827214811
2023-07-14,1.5188554954939655,0.7095833219237364,0.7949177723231224,2023-07-13,2.0331750625425027
2023-07-18,0.8301998342468567,0.7404112713337793,0.0960140906040025,2023-07-17,2.3170508642512466
2023-07-19,0.9518158196334372,0.9649429032054007,-0.011402748905896012,2023-07-18,0.13139402493358432
2023-07-20,-2.429617835808005,-1.0627606626798365,-1.3823753374164631,2023-07-19,-1.059194166077837
2023-07-21,-2.585154837741345,-2.666399037120258,0.07615912178979396,2023-07-20,-3.6249456487000287
2023-07-24,1.5630816906057756,1.1556976404554649,0.40104061910569816,2023-07-21,0.9552795434528027
2023-07-25,0.49416490768234944,0.8836462370088571,-0.37928015301117685,2023-07-24,-0.17648733430318808
2023-07-26,0.008477800553288088,0.581814175536015,-0.571051551441011,2023-07-25,1.7047271892124183
2023-07-27,0.4231745557205315,-1.4835219019980503,1.9430322380747524,2023-07-26,-1.488363670739612
2023-07-28,0.37991150669731366,-1.057895337544831,1.4454943001058307,2023-07-27,1.8623155869927022
2023-07-31,0.8979320636448003,0.9297225596747086,-0.02975488576716511,2023-07-28,2.2157400205452538
2023-08-01,2.772699267976544,0.39583109090434965,2.3727202054875267,2023-07-31,0.2562203999104673
2023-08-02,-2.4429341880168955,-0.9837875147444072,-1.4701839121401443,2023-08-01,-0.0885636147006319
2023-08-03,-2.2593774880522286,-1.9932970978744395,-0.27580715413924295,2023-08-02,-3.7999736147141694
2023-08-04,-1.4866028051803812,-0.33003213090236305,-1.1579478675219563,2023-08-03,-0.09491863347342866
2023-08-07,-0.377011996407612,-1.1293226380797436,0.7643073946830431,2023-08-04,-0.23931541874669948
2023-08-08,-0.5595911097614205,0.3052447730927014,-0.870535181180959,2023-08-07,1.086855736222092
2023-08-09,0.8523620411231607,-0.3575937581673181,1.2161560874764865,2023-08-08,-1.604157663459027
2023-08-10,-0.6706623709112784,-1.7060918653367039,1.05769405138349,2023-08-09,-1.873854099910266
2023-08-14,-1.7995943209294398,-0.8610098863692853,-0.9444546301538636,2023-08-11,-2.292788081683217
2023-08-15,1.0114307707503443,2.389918450365197,-1.3430318741615073,2023-08-14,2.871039388871277
2023-08-16,-1.739262042970275,-0.8737053596147172,-0.8742924325575324,2023-08-15,-1.7007564756807536
2023-08-17,-0.2790868736937964,-0.8065003756160068,0.5347170553236927,2023-08-16,-2.0788078650294306
2023-08-18,0.1210506085627212,-0.9119221978774338,1.044016033062347,2023-08-17,-0.9691443874853434
2023-08-21,0.10197928752843678,0.03095626460874788,0.07143046742418835,2023-08-18,0.47537208173393797
2023-08-22,1.7431780843923634,2.0598336646136297,-0.3055472725263138,2023-08-21,2.830334163505399
2023-08-23,0.047346643388285224,-0.478836147981611,0.5294399065969131,2023-08-22,-0.9281770686623503
2023-08-24,1.678375522239623,2.090074486565905,-0.39773192005075053,2023-08-23,2.106645901443227
2023-08-25,-4.229768351074404,-2.5190057955596,-1.7695354170556945,2023-08-24,-3.3511021210663183
2023-08-28,3.5411300272180113,0.6481370352897752,2.871432783526653,2023-08-25,0.4121159267423513
2023-08-29,-0.542419658070463,0.05871231144958203,-0.6001714795128014,2023-08-28,1.2077871662744322
2023-08-30,0.9341729839542969,1.7034826579348672,-0.7524652597522353,2023-08-29,2.5919840446325226
2023-08-31,0.7142160067374628,0.2572591579461422,0.4562785371266705,2023-08-30,0.3952534322247514
2023-09-01,0.1837330372677202,0.0033650187986732395,0.1785089854383762,2023-08-31,0.7412904139392884
2023-09-04,0.3772904715992919,0.34785654583066933,0.02925664373237637,2023-09-01,0.32438664010843166
2023-09-05,0.2713705805796044,0.18555452903006786,0.08283086117936227,2023-09-01,0.32438664010843166
2023-09-06,1.592136321256752,0.40149477873749045,1.1885492890728953,2023-09-05,0.026012562058164157
2023-09-07,-2.3113853850242956,-0.7240392744812723,-1.6069390379144552,2023-09-06,-0.7963528905253647
2023-09-08,-1.2226316268189048,-0.8130042813251324,-0.41279186675045754,2023-09-07,-1.9796916533176834
2023-09-11,-1.7574745313407554,-0.29489689764669835,-1.472412862629737,2023-09-08,-0.44995813920897243
2023-09-12,-0.030460958876899587,0.2777605453285178,-0.3097357045710723,2023-09-11,0.09077415463238925
2023-09-13,-0.9173543149397353,-0.879231284694865,-0.035557255357389364,2023-09-12,-0.7884893940709903
2023-09-14,2.6045483943147105,0.7898277595968403,1.801207676763306,2023-09-13,0.546978936128939
2023-09-15,0.8961560016178296,0.8926816030967033,0.005230949905667873,2023-09-14,0.6677796327211993
2023-09-19,-3.3847653191369824,-1.9286636701651743,-1.4939756723411035,2023-09-18,0.46237566858071677
2023-09-20,0.6259160243774159,-0.23415675577508602,0.8617569049436238,2023-09-19,-0.9576608862271629
2023-09-21,-2.0496938202878505,-1.5062352191174857,-0.5462447765127569,2023-09-20,-1.740867794422818
2023-09-22,0.08743757546324059,-1.320981350049541,1.4276285444152654,2023-09-21,-1.7639435036726159
2023-09-25,2.524366937520887,0.7691142360413167,1.7426702335843525,2023-09-22,0.7917990974143363
2023-09-26,-2.452526429014705,-0.030780075526259127,-2.417344569012781,2023-09-25,0.7183335517395362
2023-09-27,0.7860056287946808,-1.2843876470397102,2.104685220713329,2023-09-26,-1.7655894163765784
2023-09-28,-0.8806271908780171,-0.18233765724167733,-0.6953016983662158,2023-09-27,0.9548539938052825
2023-09-29,1.1031329380532588,1.4119333578631839,-0.30421510623851955,2023-09-28,1.7724396771356954
2023-10-02,0.31881041719326275,0.7360214117733843,-0.41833270269454553,2023-09-29,0.3888639286101503
2023-10-03,-1.5316687426820492,-0.4868790888338775,-1.0504886329311776,2023-10-02,0.42392992562663157
2023-10-04,-2.971250538905736,-1.9228684586930183,-1.0720723289755723,2023-10-03,-2.0955662650742224
2023-10-05,1.9461221421979236,0.7789824781232393,1.150326636887025,2023-10-04,1.4316260831966021
2023-10-06,-1.1558631719208738,-0.4218404672852945,-0.7384854942634193,2023-10-05,-0.5238662508905367
2023-10-10,2.434925264286239,0.9914386534518028,1.4313159905165664,2023-10-09,-0.2262019622970013
2023-10-11,1.503792416954185,0.9815823518507995,0.5119173087763524,2023-10-10,1.2897161868768992
2023-10-12,4.869179861048221,2.9420392253531866,1.898943318216933,2023-10-11,0.7332995261200459
2023-10-13,-0.7317114957032513,-0.580607192448037,-0.15682657940740205,2023-10-12,0.30524404118350557
2023-10-16,-1.995051891549958,-2.069388130233672,0.0771073161654536,2023-10-13,-2.695523673401301
2023-10-17,1.764458118492659,2.2326775129819376,-0.45949308845363507,2023-10-16,1.434764854603432
2023-10-18,0.2885288826363487,-1.0680240710723055,1.3744804487412143,2023-10-17,-0.7951150488563652
2023-10-19,-2.8521282842031903,-2.2197864055517864,-0.6520754619732296,2023-10-18,-1.7618111454261953
2023-10-20,-1.1315060180277552,-1.3375123935415718,0.21294447671709085,2023-10-19,-1.3381491899974396
2023-10-23,-1.6446578684551696,-0.5325256132951006,-1.117746265143999,2023-10-20,-1.5330030058474775
2023-10-24,0.2701575246245801,1.2808973361687614,-0.9902055110105994,2023-10-23,-0.5307072286733328
2023-10-25,0.8941366778417233,1.1865599823569832,-0.2904430408443903,2023-10-24,1.376274729865501
2023-10-26,-3.99382818111628,-3.246625093031559,-0.771676069350855,2023-10-25,-4.129770309805281
2023-10-27,-0.17824366998282032,0.6420684600793392,-0.8207495958949543,2023-10-26,-0.5433829864353923
2023-10-30,-0.5060664184830028,-0.932618984203483,0.430776501417662,2023-10-27,1.2128570182993181
2023-10-31,-2.1354318862517405,-1.1692144491389012,-0.9814600310205234,2023-10-30,-1.298754017935022
2023-11-01,2.817933234119292,1.750636406857852,1.0577430126179357,2023-10-31,0.9641210342520523
2023-11-02,3.860685733298522,2.8097936280514655,1.0064097583145433,2023-11-01,2.334035057169248
2023-11-06,3.826359133405886,3.0885882311670474,0.7111132148034146,2023-11-03,2.5537762491238736
2023-11-07,-1.0653080877145191,-0.6762811583082952,-0.4009849794302749,2023-11-06,-0.28000622943662457
2023-11-08,1.4764522445183894,1.452321440310289,0.02565285270455085,2023-11-07,0.7712576268696925
2023-11-09,0.9270096168843417,0.24813498740014564,0.6777902622247933,2023-11-08,0.034913244045298164
2023-11-10,-0.05423069440358302,-0.779315813523476,0.7153811598635764,2023-11-09,-0.5856006063339025
2023-11-13,0.3335552783168796,2.5201259162230394,-2.1210361204497516,2023-11-10,4.0378143739112415
2023-11-14,0.9949718097142236,0.6160984538375655,0.3742381997792397,2023-11-13,-0.9742361425683521
2023-11-15,4.878407751614128,2.685965739801381,2.1293321056751218,2023-11-14,3.6220195712653114
2023-11-16,0.3669746337484054,-0.4323983899059639,0.7979301126879838,2023-11-15,0.7195085917487409
2023-11-17,0.2373575593135917,-0.5809848690169374,0.8231790132935296,2023-11-16,0.3234836233721783
2023-11-20,-1.8155896453798355,-0.3258815451083459,-1.4917732412438123,2023-11-17,0.6593007647222926
2023-11-21,1.6476838048781604,0.7929233477741614,0.8483765241238284,2023-11-20,1.5246822189321385
2023-11-22,-0.496350306942731,-1.281595497222514,0.7943848442754983,2023-11-21,-1.9184114793059592
2023-11-24,0.5525385928675826,1.0108356606481808,-0.4554017126790072,2023-11-22,0.3258149257633791
2023-11-27,-0.7441091817391162,-0.2733523306879925,-0.46986649533671276,2023-11-24,0.07927997017855848
2023-11-28,0.4059299613618611,0.8877938836594907,-0.47633560532048713,2023-11-27,-0.22983384139223517
2023-11-29,0.6127351541749942,-0.64259721789072,1.2659114345877192,2023-11-28,-0.5605845568876222
2023-11-30,1.1745736371945912,0.4534034846689136,0.7155311600681299,2023-11-29,0.9415200133177315
2023-12-01,-0.9105166157875316,-0.7455760953098587,-0.1677336568718798,2023-11-30,-0.7666468266549598
2023-12-04,-0.586517772290234,-0.05756654495195268,-0.5317890662234385,2023-12-01,0.3673431361309376
2023-12-05,-3.0978563835115813,-0.8137275760263064,-2.309176262422497,2023-12-04,-1.1989786705864813
2023-12-06,2.7402482776345933,0.5876017833485065,2.1373480027210854,2023-12-05,-0.5699016960863612
2023-12-07,-2.324314664133061,-1.662554988028378,-0.6739638838385631,2023-12-06,-0.7236694309844083
2023-12-08,-0.10415988043121761,0.22291038669102176,-0.3191246650528893,2023-12-07,2.790154969294978
2023-12-11,0.671229032794499,1.771923444784829,-1.0833190762505585,2023-12-08,0.7105989177442318
2023-12-12,0.8310069403971617,2.5224301471432082,-1.6573389162947982,2023-12-11,3.3970885807301565
2023-12-13,2.338425339588343,0.7653830108643652,1.554440271871734,2023-12-12,0.7123592367231923
2023-12-14,-1.1919279805067124,1.1047177632158698,-2.263732798946686,2023-12-13,1.546212594626617
2023-12-15,1.723039476581988,1.3783073843301175,0.33643975512091034,2023-12-14,2.6689865803982027
2023-12-18,-0.594422239776971,-0.3285756757701873,-0.2638614236201636,2023-12-15,0.47668427671605507
2023-12-19,2.6856251000161624,0.15191092588198407,2.5302125272500917,2023-12-18,-0.32098592106928336
2023-12-20,0.31705884990910715,0.5720205385105974,-0.25494883673716623,2023-12-19,0.5304367574543223
2023-12-21,-1.3614524434921687,-1.686677227028796,0.3324692348978101,2023-12-20,-2.857772382680046
2023-12-22,0.15354214305431765,0.799262497576911,-0.6360837944321638,2023-12-21,2.768026305644411
2023-12-25,-0.21106129006652913,0.7050660710873177,-0.9126688698175465,2023-12-22,0.3463563986703999
2023-12-26,0.8101684461927691,-0.20016003237214242,1.0135296027237777,2023-12-22,0.3463563986703999
2023-12-27,1.7780427941086399,1.2016414880158366,0.5696721276711065,2023-12-26,1.804999207569602
2023-12-28,-0.37761471613312253,-0.16577282223807815,-0.20911972404543122,2023-12-27,0.16967509797494174
2023-12-29,-0.1599861054298339,-0.39058140419370413,0.23272298649770004,2023-12-28,-0.1402745508936376
2024-01-04,-2.3854538932341915,-3.774079276194916,1.4569879997898614,2024-01-03,-2.0338619888064624
2024-01-05,-0.721801758916725,-0.42163788925307744,-0.30310496573563933,2024-01-04,-0.8210416437782087
2024-01-09,1.4057378715473374,2.4015923096430454,-0.9786403787971363,2024-01-08,3.279330344635789
2024-01-10,1.3592971167947772,0.45240452791734176,0.9058430874918337,2024-01-09,0.05356336698931763
2024-01-11,1.3207700991085742,1.0595206857047585,0.2643357253251324,2024-01-10,-0.388987598944468
2024-01-12,0.17050346999733937,1.3200961665940276,-1.0991237241422425,2024-01-11,0.47055418053998377
2024-01-15,1.3049787578980685,0.07944968140832369,1.2256168099155667,2024-01-12,-0.3802949682821133
2024-01-16,-1.690879643601448,-0.02410672774921964,-1.6664627832594123,2024-01-12,-0.3802949682821133
2024-01-17,-0.23349970823616978,1.2321614097720057,-1.4526560121050722,2024-01-16,1.3206413443802134
2024-01-18,1.050621215838438,-0.2357690202514703,1.2874949294554494,2024-01-17,-0.876729170375723
2024-01-19,4.278860223876459,3.511686204330552,0.7379437146448489,2024-01-18,3.355622741830655
2024-01-22,2.3003826702787156,2.133961630191316,0.16729069091351395,2024-01-19,4.0208324369068515
2024-01-23,-0.4502557949713489,0.7502950433710511,-1.1905930881320994,2024-01-22,0.25020259828587577
2024-01-24,-0.22097381515762066,0.6461968286823108,-0.8589123170584819,2024-01-23,0.6532847064766756
2024-01-25,1.1124922994442328,0.7636948491220265,0.3478346980079837,2024-01-24,1.541721561521081
2024-01-26,-3.364676110066007,-2.3857788419273813,-1.0076344265745856,2024-01-25,-0.24702620596743774
2024-01-29,0.21863332080208722,-0.5572611173223805,0.7867057131764258,2024-01-26,-2.910232086497755
2024-01-30,1.2179084592865725,1.0060428341216743,0.20942030834251602,2024-01-29,1.063378980963603
2024-01-31,-0.38159969105888264,-1.9583998840175902,1.6205986577636495,2024-01-30,-1.5560556255020397
2024-02-01,-0.9510309624119235,-1.0261208696805517,0.0641011920131192,2024-01-31,-1.3673639597860165
2024-02-02,1.78506375148583,0.5658194932460873,1.2091584865941758,2024-02-01,0.4591495594497008
2024-02-05,-0.9801949813101175,0.28366490895540897,-1.2239374084327574,2024-02-02,1.3138931686479394
2024-02-06,0.5921268010436445,0.7233257156965891,-0.12861149062285063,2024-02-05,1.1845341393484476
2024-02-07,-0.13422213768095898,-0.6882207475627979,0.5627108219040485,2024-02-06,-1.1355038722944855
2024-02-08,2.8763245189927584,0.87688653162194,1.985329231769734,2024-02-07,1.624080941038919
2024-02-09,-0.05494988588988269,0.4824143132935273,-0.5426437393847098,2024-02-08,1.571587801101737
2024-02-13,2.92212036472794,2.7594691469119423,0.14248775609394895,2024-02-12,-0.15902170669287452
2024-02-14,-0.29641429742588976,-1.397627899761303,1.1174365998423983,2024-02-13,-2.01447882671153
2024-02-15,0.7579541726742981,0.20433815781267745,0.5425811831022017,2024-02-14,2.1761000067812786
2024-02-16,-0.7983257315199818,0.9487783700516861,-1.7161029090106532,2024-02-15,-0.16016089686597956
2024-02-19,-0.9719078509370918,-0.32204868776148815,-0.6519091524642842,2024-02-16,-0.6673399008401915
2024-02-20,0.3753138792662279,0.12904222213985025,0.24468289997462028,2024-02-16,-0.6673399008401915
2024-02-21,-1.354617559746119,-1.765833939626267,0.4205033119925546,2024-02-20,-1.5639359592409363
2024-02-22,4.245701259890273,4.121005433797574,0.11772583562494812,2024-02-21,-0.23579333384041723
2024-02-26,-1.2096865218854407,0.6622840600404583,-1.853809415897909,2024-02-23,-1.1212743456269325
2024-02-27,-0.039452862259200756,0.32739038916311514,-0.3659867016483799,2024-02-26,1.049461390750328
2024-02-28,-0.9489760729130389,-0.6586877396216042,-0.2945262900325118,2024-02-27,-0.183833186768545
2024-02-29,-0.9016073899471544,-2.0698151453550584,1.202594831427226,2024-02-28,-1.1233982986508462
2024-03-01,2.875912426044111,1.1265043459401287,1.726060403504633,2024-02-29,2.7010162297361973
2024-03-04,1.4818591882444596,1.7489443414094823,-0.26165575139870456,2024-03-01,4.287465955618441
2024-03-05,-0.3529060254836701,-0.9465090646294072,0.6001540712213067,2024-03-04,1.06262537825208
2024-03-06,0.24931043930094504,-1.5402818801504385,1.817291925134127,2024-03-05,-2.050074207652164
2024-03-07,-2.5673406465554494,0.6168652057725876,-3.1563107454682173,2024-03-06,2.420083314343602
2024-03-08,-0.015977191264701127,0.3251845747816655,-0.32504215618300714,2024-03-07,3.359472165265287
2024-03-11,-3.1321038285773497,-3.7424580906954295,0.6833646593957238,2024-03-08,-4.027482891429679
2024-03-12,0.06024943115678006,-1.0694747674411724,1.1419672858932752,2024-03-11,-1.3630296953535015
2024-03-13,0.2484531830161158,1.6641224037000006,-1.3861891593792388,2024-03-12,2.092039941900148
2024-03-14,0.20291665446129237,-0.7240732144376717,0.9309488533789846,2024-03-13,-2.474868342724734
2024-03-15,-0.9025575812216791,-1.047670483848246,0.13600009002881136,2024-03-14,-1.7519999178467693
2024-03-18,3.132917247036541,0.15001133223120605,2.986864086494914,2024-03-15,-0.5422433014482975
2024-03-19,0.1703310227938478,-0.8745767585621534,1.0541809405834466,2024-03-18,-0.0021859269601964826
2024-03-21,2.559001068675103,2.026159147307614,0.5269063051306604,2024-03-20,1.5994080808758193
2024-03-22,-0.7413288066260828,0.43253335798523895,-1.1671100489149953,2024-03-21,2.290889884534497
2024-03-25,-0.6990424653571493,0.3796963933507309,-1.078650325973446,2024-03-22,0.21207156164662067
2024-03-26,0.8357150503863066,-0.146127023349778,0.9830822284247523,2024-03-25,-0.3416688025211223
2024-03-27,0.4995412411401881,0.06199668894957555,0.4382759781408851,2024-03-26,-0.8098960398994826
2024-03-28,-0.4036296858138137,-0.5878548239888655,0.18737685056581935,2024-03-27,0.9907507941258054
2024-03-29,0.7149549664566378,0.20296061055628578,0.5110434696302439,2024-03-28,0.10738893857196175
2024-04-01,-1.966018531615029,0.8345646612774561,-2.7814462503684583,2024-03-28,0.10738893857196175
2024-04-02,1.2058118008111425,0.705068619984359,0.49571806361639403,2024-04-01,1.159869265482727
2024-04-03,-1.044152280309146,-1.034670249971728,-0.0016943905625591564,2024-04-02,-1.5147209791334437
2024-04-04,0.7654592028947927,1.2577218121599132,-0.48767786506367483,2024-04-03,0.33878050477396116
2024-04-05,-2.4302578340055514,-1.7058589152952766,-0.743619842789707,2024-04-04,-3.006630371473751
2024-04-08,0.6105889779912183,1.1010124198773854,-0.48666740514277,2024-04-05,1.3259067472991548
2024-04-09,0.716490334408143,-0.39645091864127796,1.1086466389684932,2024-04-08,0.12991979667684728
2024-04-10,0.16073875111901803,0.05161680378060745,0.1095926652435698,2024-04-09,0.9412507346559407
2024-04-11,-0.6627108768288555,-1.3427902502292768,0.690491468424429,2024-04-10,-1.6518617962074877
2024-04-12,2.716918759956173,3.09049761290089,-0.39446043462669056,2024-04-11,2.4219117274987045
2024-04-15,0.05937769560688966,-0.679942496038426,0.7220652138620678,2024-04-12,-3.2879120717859256
2024-04-16,-2.373134216893482,-1.4849964405538005,-0.8988294702009973,2024-04-15,-1.3899118849984515
2024-04-17,-1.8641276939123006,1.0561123099645442,-2.8763233537347803,2024-04-16,0.8855127388895712
2024-04-18,0.9287073281395344,-1.0848027639861733,2.0483036102823378,2024-04-17,-3.2458212857833235
2024-04-19,-4.985697060112191,-2.4875160532515026,-2.5727265858843986,2024-04-18,-1.6551971170782998
2024-04-22,-1.0105480644584979,-0.8646287174936068,-0.1580764762620785,2024-04-19,-4.115200592736001
2024-04-23,-0.40296429113040133,2.0063073976297146,-2.351874305124614,2024-04-22,1.7424951298739
2024-04-24,4.394876770868265,2.769945928031495,1.5840963960134613,2024-04-23,2.210950138946033
2024-04-25,-1.7887945252718809,-1.1078614272910856,-0.68790113462024,2024-04-24,1.0582971015220988
2024-04-26,1.0864555413308061,1.5605877026213224,-0.45176658325606117,2024-04-25,1.9627731707715812
2024-04-30,0.7731680842975308,0.7605454837784704,0.0006667482842285966,2024-04-29,0.6442269192497019
2024-05-01,2.0005787446477923,-0.03614596628371937,2.005132639053602,2024-04-30,-1.940725931502707
2024-05-02,-1.568945838275446,-1.0749046567200937,-0.5247897025619265,2024-05-01,-3.544067226113945
2024-05-07,1.9430815143522107,1.9574609744922709,-0.020290806786783487,2024-05-06,2.2106408373370856
2024-05-08,-0.8428063007267667,-0.6961242121653822,-0.14735192042891385,2024-05-07,-0.737919118289232
2024-05-09,-2.7104226975307366,-1.1415263535059266,-1.5881745534645484,2024-05-08,0.1150291042024909
2024-05-10,-1.262812463038994,-0.6578867475453406,-0.6298410496303972,2024-05-09,-0.639009848905514
2024-05-13,0.1261103148589508,0.24980955057789,-0.12016068739151228,2024-05-10,1.013893741481997
2024-05-14,0.6640442941499564,0.1255584504320378,0.5360092748835322,2024-05-13,0.31322612929873817
2024-05-15,1.5289248352941724,1.7407826703202856,-0.20532853583512362,2024-05-14,1.676208271547197
2024-05-16,0.47739389544339106,1.8902789288321507,-1.400466967773123,2024-05-15,2.878322358808738
2024-05-17,0.4201748796292409,-0.4771423811768766,0.9084375775218485,2024-05-16,-0.5458977491752393
2024-05-20,1.0200337905158545,-0.07802727595465653,1.0963811158294092,2024-05-17,-0.6879462717110707
2024-05-21,-0.4466090413566635,0.11972135992615826,-0.5674578025977348,2024-05-20,2.153852328655792
2024-05-22,-1.012442309547126,-0.27826711430911233,-0.7340867404398724,2024-05-21,-0.31347537459097685
2024-05-23,2.5298281229665682,2.410498315330275,0.12250180607845339,2024-05-22,1.0329901397112318
2024-05-24,-1.8880486012553348,-1.465154078961907,-0.4308336887001302,2024-05-23,-0.01616988955905896
2024-05-27,1.3628441042483725,0.4117195675743493,0.9461693776353705,2024-05-24,1.8519566194510118
2024-05-28,0.10965752011535998,-0.17886703151328764,0.2879408109303593,2024-05-24,1.8519566194510118
2024-05-29,-1.0406079962557198,0.60372796598312,-1.6288641022500263,2024-05-28,1.8570308078181608
2024-05-30,-1.505642238569446,-1.9019190317319954,0.39651363631485603,2024-05-29,-1.8531295148488947
2024-05-31,0.946280845657493,-0.19783160011203438,1.1448090998073561,2024-05-30,-0.8826050586647094
2024-06-03,0.8154814242593922,0.18672871144912714,0.6253449971970126,2024-05-31,-0.9645569444079349
2024-06-04,-0.3866554164284041,-0.4877015549014886,0.0988216777006415,2024-06-03,0.5690799996955098
2024-06-05,-1.5422366887138805,-0.8532643332045579,-0.7029024592536386,2024-06-04,-0.703501378841731
2024-06-06,0.5839946252912604,2.1280414065089093,-1.508966462739785,2024-06-05,4.518491516760759
2024-06-07,0.19769685665522407,0.16669097174893135,0.026050381747596017,2024-06-06,-0.8557173961461606
2024-06-10,1.1017270781957182,0.10762886885660543,0.9927777394728092,2024-06-07,-0.272366289654391
2024-06-11,0.8821905761077892,0.676801303315899,0.20545576111709735,2024-06-10,1.4214588923832538
2024-06-12,0.528348057765701,-0.20068814086563172,0.7313879420272131,2024-06-11,0.0556280769804518
2024-06-13,0.12473154788169129,1.7325113276067343,-1.585225992053149,2024-06-12,2.8980037399007674
2024-06-14,0.6714227085259556,0.1096698326204533,0.5599115817854156,2024-06-13,1.4771217300455275
2024-06-17,-0.8646059452884739,-0.949183204634589,0.08181264730822244,2024-06-14,-0.07336112845479636
2024-06-18,1.1268541535042902,0.9318259598707871,0.1941804649654221,2024-06-17,1.6038048611795919
2024-06-19,0.1446001319612829,0.5367504025911919,-0.3907591215523968,2024-06-18,1.354160916355518
2024-06-20,1.3605372348339788,-0.09941655837418062,1.4620219129025032,2024-06-18,1.354160916355518
2024-06-21,-1.5391588987016764,-0.8960851912026709,-0.6400854781090376,2024-06-20,-2.690540567731059
2024-06-24,0.353889308546331,-0.8500657313256553,1.215272068386368,2024-06-21,-1.2740794982398551
2024-06-25,-0.21421291768839373,-0.881239341271845,0.6714536632927143,2024-06-24,-3.01556277968813
2024-06-26,2.4292346926358213,1.653409377226704,0.7579703459745243,2024-06-25,1.7898668104373572
2024-06-27,-1.1620828051088843,-0.8055595040753097,-0.368439794315441,2024-06-26,-0.28048561907654257
2024-06-28,1.0971303616141246,0.8711058738358852,0.22690635317385985,2024-06-27,-0.5728199571412129
2024-07-01,-0.7535636216069601,0.5908941950601084,-1.338683673137801,2024-06-28,0.9438504271833015
2024-07-02,0.4778138889942263,0.012722350886966346,0.46916121536085736,2024-07-01,0.08930498355432803
2024-07-03,2.8268565180672636,0.921256369862335,1.880290286139602,2024-07-02,1.2387473330088383
2024-07-04,1.854506074453657,0.9819680696174106,0.8616911547988588,2024-07-03,1.9247450944040567
2024-07-05,0.24557175768275896,0.24210155186488536,0.004324924252719197,2024-07-03,1.9247450944040567
2024-07-08,0.5829089167706242,-0.06582755799475906,0.6460202795203115,2024-07-05,0.08116111888751831
2024-07-09,2.2778272695973127,0.9588412295180956,1.306619992708184,2024-07-08,1.9252310871331613
2024-07-10,-0.2122397736949799,-0.7978357005243628,0.5919164222053119,2024-07-09,-8.672718490032594e-05
2024-07-11,1.179348696401555,1.4317155713378702,-0.2469849482590703,2024-07-10,2.4168285575522086
2024-07-12,-3.9273568832633274,-2.913056534593952,-1.06331831608866,2024-07-11,-3.4698075292973973
2024-07-16,1.4925221536651632,1.0763441453375475,0.4007232888278735,2024-07-15,0.043531012729802754
2024-07-17,-1.6445644290984252,-0.045571114789338715,-1.619090612873772,2024-07-16,0.4556132735702878
2024-07-18,-5.071981424581839,-5.400090277418842,0.36839283211457174,2024-07-17,-6.811076646558234
2024-07-19,0.4551385508573047,0.1265978452576239,0.3330874260036546,2024-07-18,0.5123214131862008
2024-07-22,-3.082967641627751,-0.7254987695579667,-2.3741136500672484,2024-07-19,-3.113498873524212
2024-07-23,-0.22866732580661395,1.5661812998158284,-1.7513046252058704,2024-07-22,3.999649906277769
2024-07-24,-0.897034245679075,-0.476048913811952,-0.42494696258170617,2024-07-23,-1.4592094787916898
2024-07-25,-5.844875610489847,-3.488223772964847,-2.4320665898404,2024-07-24,-5.414016868794791
2024-07-26,-2.302632426258698,-0.8732245266933597,-1.4457912129546857,2024-07-25,-1.9643912345786108
2024-07-29,1.690650204028219,2.520227524826779,-0.8160440270419799,2024-07-26,1.953326814985057
2024-07-30,0.2504130847222144,-0.604426628052885,0.8648445431681342,2024-07-29,-0.3038723888813988
2024-07-31,3.3345976193050895,-2.523200147008684,6.041369629389239,2024-07-30,-3.8814007801680317
2024-08-01,-2.4894210940277914,1.1401734962881183,-3.6498140299864703,2024-07-31,7.014773163446297
2024-08-02,-8.679851616370673,-5.876612608403723,-2.9780364388588074,2024-08-01,-7.139018998758695
2024-08-05,-13.96547122679975,-5.7417431945311215,-8.70769570217237,2024-08-02,-5.182087527620672
2024-08-06,11.560491587808944,11.028307796770058,0.5019674336055922,2024-08-05,-1.9165068998849288
2024-08-07,1.8513019995818831,-3.008158971446239,5.00198562263949,2024-08-06,1.0646649481684811
2024-08-08,-0.7247402621875912,-0.12491354563616001,-0.5895125665594604,2024-08-07,-3.0935725737575526
2024-08-09,-0.7259237221102368,4.145918599411152,-4.603036095904944,2024-08-08,6.862262683715814
2024-08-13,4.850567597428331,2.0071540960643492,2.785722509164687,2024-08-12,0.7298513712423293
2024-08-14,1.860371175323467,2.1040499235139967,-0.23712849106610925,2024-08-13,4.184050673043527
2024-08-15,1.366421854815609,-0.42826117363883087,1.7947543054585078,2024-08-14,-0.18135251789244133
2024-08-16,4.432010475693164,3.4939612464019354,0.8959544811196062,2024-08-15,4.865643898815097
2024-08-19,-2.1562930392241433,-0.7124910356719673,-1.456793989452538,2024-08-16,-0.06065662243514014
2024-08-20,1.7345719227580332,1.7718352537761992,-0.037075949649181233,2024-08-19,1.862986790183685
2024-08-21,-1.7916885412428376,-1.8414023445165733,0.05099178371043135,2024-08-20,-1.3342277806396519
2024-08-22,0.32315602304794194,0.2277546923400398,0.09915112530728228,2024-08-21,1.3784618629528511
2024-08-23,-0.2539689290303718,-0.3386858841190544,0.08423437353318952,2024-08-22,-3.436436488881389
2024-08-26,-1.834545802164204,-0.980257407048012,-0.8577124871221158,2024-08-23,2.786648604582087
2024-08-27,-0.17206918867322507,-0.9718035195972693,0.8054341828967936,2024-08-26,-2.511296886597769
2024-08-28,0.9710593931416704,-0.6353067126193526,1.6164117173602681,2024-08-27,1.104202069076754
2024-08-29,-0.19461463293402836,-2.4535881760125844,2.3291328180807036,2024-08-28,-1.82527619847056
2024-08-30,1.0334392879099048,0.8583986584834028,0.17623464844297493,2024-08-29,-0.5991228886763511
2024-09-02,-0.5449586022897003,1.8412173052131402,-2.340640972125013,2024-08-30,2.5763284784013463
2024-09-03,-1.08241896349275,0.312504801048949,-1.374549249956548,2024-08-30,2.5763284784013463
2024-09-04,-7.213562059847506,-5.7220582101813005,-1.5814455853356102,2024-09-03,-7.750202565703002
2024-09-05,-2.3613760046492844,-1.2857563556941232,-1.0867612153676844,2024-09-04,0.2488967747642734
2024-09-06,-1.5836831449591278,0.2876526921364793,-1.8642720182452466,2024-09-05,-0.5958901209554668
2024-09-09,-2.4407234138299487,-5.581178188457172,3.3496872206990305,2024-09-06,-4.516726386566184
2024-09-10,0.3757389909947622,0.9138671242822121,-0.5357366347304584,2024-09-09,2.154601758087882
2024-09-11,-2.0071766865810834,-0.07012702004003699,-1.9384220337222657,2024-09-10,1.186653926472947
2024-09-12,4.111969484379711,4.607499359361937,-0.47975868684973166,2024-09-11,4.90307801956642
2024-09-13,-0.6272936640606229,0.13890692971362806,-0.7649005051669203,2024-09-12,-0.23897344470219517
2024-09-17,-2.1974698795023637,-1.1546806192869472,-1.0413155961383653,2024-09-16,-1.4063486976973683
2024-09-18,0.7458322020440122,1.5302061971746572,-0.772143113889748,2024-09-17,0.033785139141206955
2024-09-19,2.003241756457215,2.004184446494998,-0.002098422051291578,2024-09-18,-1.0750998248814758
2024-09-20,2.8541139612410866,2.852620859624292,-0.0030082659943435354,2024-09-19,4.267226583625772
2024-09-24,-1.4606717141738377,1.1200830739623084,-2.5555853748513186,2024-09-23,0.5149133061270295
2024-09-25,1.3086141014990678,0.8747867443610402,0.42937186134384614,2024-09-24,1.3125841779565661
2024-09-26,3.6535223120204976,1.7056746199604842,1.9070649452644108,2024-09-25,0.800211478149393
2024-09-27,3.4062415322951103,1.7252866994178124,1.6504547970761891,2024-09-26,3.4676506140058905
2024-09-30,-5.72756407413843,-5.377619424752897,-0.37489479788497637,2024-09-27,-1.7564064564894344
2024-10-01,3.4948834234279613,1.6087666293526985,1.8717739405835567,2024-09-30,-0.846656500348475
2024-10-02,-3.150725768572743,-2.9451005305752966,-0.21392217917233944,2024-10-01,-2.863181840675988
2024-10-03,3.533383518112631,3.222469059039414,0.3027891771363106,2024-10-02,1.477828002790882
2024-10-04,-0.28624154296407917,-0.03122639650900192,-0.2567224302825548,2024-10-03,0.5100798124883177
2024-10-07,1.8207920015812356,2.2952464182992895,-0.46374768193653043,2024-10-04,1.592597535477558
2024-10-08,-1.6405124773938107,-1.0547234109149235,-0.5959091259082759,2024-10-07,-0.19270820129538846
2024-10-09,1.324718575502967,1.5275413845335954,-0.20587862967240153,2024-10-08,1.3334739326224199
2024-10-10,-0.9791042720208174,0.827266563337423,-1.7911793672049248,2024-10-09,1.0596076793072617
2024-10-11,-0.28023862414399114,0.5329790951512156,-0.811817629285649,2024-10-10,-0.5253762753903657
2024-10-15,2.8987586168721355,1.307100436372988,1.5541246263777744,2024-10-14,1.8041793542061146
2024-10-16,-4.086821250662823,-4.5741611870268395,0.47874178223230374,2024-10-15,-5.283370647769026
2024-10-17,-0.816709213300516,-0.24450854821673307,-0.5689276024037299,2024-10-16,0.20694976492698913
2024-10-18,-0.35476008218037397,0.4196142473219843,-0.7729360456557053,2024-10-17,0.9494636974098025
2024-10-21,1.070515143602181,0.3668454798914827,0.6990173430480068,2024-10-18,0.07314386631906977
2024-10-22,-1.7362827489827695,-0.6188497618384405,-1.1219220065629267,2024-10-21,0.126636278567549
2024-10-23,-0.7789557318755422,-0.18094564131503685,-0.5981850599173179,2024-10-22,-0.46995195211548824
2024-10-24,0.5051236200687521,-1.141303890048691,1.664504229062637,2024-10-23,-1.1431780461420904
2024-10-25,-1.0343620469773949,-0.5845569728204633,-0.4525908099667769,2024-10-24,0.5114622500129506
2024-10-28,3.5133942520404475,0.2617004211523515,3.2378422539565492,2024-10-25,1.0706895110934145
2024-10-29,1.09359612032724,-0.5793045535378694,1.6860107404288525,2024-10-28,-0.022387059013773136
2024-10-30,2.0497944224558444,0.9696570381359898,1.0628253654033963,2024-10-29,2.312274040585094
2024-10-31,-0.6776578173554383,-0.9667879937743036,0.2884754654109168,2024-10-30,-3.3509784189338254
2024-11-01,-4.847710555323284,-3.5154311949166863,-1.3988502507925757,2024-10-31,-4.011802478085736
2024-11-05,2.5739035282170617,0.7342272002011745,1.8190292981440193,2024-11-04,-0.5484436935473402
2024-11-06,2.1908609158588166,0.5932455154189736,1.5874401603209205,2024-11-05,1.685506318361818
2024-11-07,-0.12747664662811403,0.7754566859554379,-0.8848321489930572,2024-11-06,3.1186682357183804
2024-11-08,-2.699016364035654,-1.1696935956928485,-1.4427140295724468,2024-11-07,2.2704713522148756
2024-11-11,0.4178515621750438,0.2158624356657821,0.21245552734680467,2024-11-08,-0.8149626161443657
2024-11-12,-1.819333835246165,-0.3531692107994941,-1.489817721933747,2024-11-11,-2.535196465676226
2024-11-13,-1.6673875858321967,0.4120935728468045,-2.0418982579144758,2024-11-12,-0.9261126772363348
2024-11-14,-2.9867642293992653,0.0768991513407326,-3.055892170143342,2024-11-13,-2.0033519697422286
2024-11-15,0.4598492041863037,0.4341754222131746,0.024828905585661733,2024-11-14,-0.033977229463555414
2024-11-18,-1.474620374200483,-2.411625595354303,0.9661639003126109,2024-11-15,-3.41688125288111
2024-11-19,0.3522997046802935,-0.10540223332860707,0.4577997363256313,2024-11-18,1.141573388900019
2024-11-20,0.05811695738178569,0.2293871826134918,-0.17204071488425185,2024-11-19,0.6215058958580766
2024-11-21,-0.5231379245086677,-0.016633471118706705,-0.5060064062774043,2024-11-20,-0.7096544020263607
2024-11-22,-0.02795164931932979,0.5122734357262138,-0.540803724696609,2024-11-21,1.6134731952485604
2024-11-25,1.014634233458133,0.962725956363326,0.0467188835664222,2024-11-22,-0.1461802133042367
2024-11-26,-2.7516356582681287,-0.19047070591826976,-2.566873653295102,2024-11-25,0.6482307487574612
2024-11-27,-0.8139204721023178,-0.4614740014050388,-0.3539964533522102,2024-11-26,-1.210083076680013
2024-11-28,1.3534338511494823,-1.145862889794646,2.5363410893108616,2024-11-27,-1.5129788268604893
2024-11-29,-1.5641935843067332,-0.6971292196021682,-0.8724044773430389,2024-11-27,-1.5129788268604893
2024-12-02,1.1799450630837505,0.9627967180331636,0.214999909853309,2024-11-29,1.5155333462050669
2024-12-03,2.1027264551466534,1.8835236001256386,0.2241723524905534,2024-12-02,2.6135477899386084
2024-12-04,-1.0459353405554153,0.23581892541576818,-1.2797122960885903,2024-12-03,-0.3848818214798766
2024-12-05,-0.18505458267869357,1.181325617819139,-1.3441118209463383,2024-12-04,1.7062027724752626
2024-12-06,-1.9982432338906633,-0.7689558464866507,-1.2398592417707774,2024-12-05,-1.8629645184108812
2024-12-09,-0.5098708990525396,0.6750256837664617,-1.177041452548531,2024-12-06,0.6949155712099087
2024-12-10,2.284904089286175,1.1376754440203578,1.1429527945879059,2024-12-09,-0.8388169430946002
2024-12-11,-0.5002364729361635,-0.9074505118226617,0.4123841900974514,2024-12-10,-2.4734799276326824
2024-12-12,0.5815596053220785,1.7713537847832013,-1.1725143016880248,2024-12-11,2.7191860583897
2024-12-13,-1.3291608485578954,-0.9449434666088595,-0.39234003026972464,2024-12-12,-0.90703759659303
2024-12-16,-0.6127323774964171,0.03664776606178124,-0.6500140940680096,2024-12-13,3.363740297443374
2024-12-17,-0.5696092784020106,0.5242159213978841,-1.0766173311745255,2024-12-16,2.063796900061754
2024-12-18,1.2655483721441896,-0.08777072437169729,1.3468252734879755,2024-12-17,-1.6413432035891407
2024-12-19,-0.9765411875448267,-2.5176750494270483,1.5891274187609543,2024-12-18,-3.845551976859407
2024-12-20,-0.08551308805265144,0.1976561008282297,-0.28157803725619834,2024-12-19,-1.5592687484007328
2024-12-23,1.3327041956921328,0.587239618673256,0.7430949954074412,2024-12-20,1.4598833997857996
2024-12-24,-0.14411365052320999,0.5398770508015046,-0.6753468133593252,2024-12-23,3.098443638074544
2024-12-25,0.17460483575245483,0.3992239782472831,-0.22133282843411145,2024-12-24,1.0707307862646953
2024-12-26,0.5275748620393526,-0.28543835568008624,0.8155391496544028,2024-12-24,1.0707307862646953
2024-12-27,2.1577865443202455,0.6480817144789276,1.5020783596045346,2024-12-26,0.03384519928750773
2024-12-30,-0.42047317400771783,-0.16297987807520514,-0.26001104860561236,2024-12-27,-1.0113025200828685
2025-01-06,0.007290379589144408,0.44936185907609194,-0.44144573286378636,2025-01-03,2.830788176996557
2025-01-07,4.875800631287981,2.4578228356242136,2.35775925122139,2025-01-06,2.8370645785817716
2025-01-08,0.5080706950087357,-1.254635605618221,1.7818579168864295,2025-01-07,-1.8436038351509532
2025-01-09,-2.4380231952865414,-0.6968000205762278,-1.7501707375317854,2025-01-08,-0.957322612425171
2025-01-10,-0.05357744070743924,-0.4472381165393136,0.3942432998230792,2025-01-08,-0.957322612425171
2025-01-14,-3.2292818460534103,-1.0858755106248004,-2.1789493935268034,2025-01-13,-0.3459673208971892
2025-01-15,-0.9923414677745842,0.6099724400358084,-1.589770844000264,2025-01-14,0.5161510600907304
2025-01-16,1.604352704886938,1.3341362019525995,0.26429093923458497,2025-01-15,2.134641365070178
2025-01-17,0.20660894339733976,-0.5136908937580222,0.729089377960702,2025-01-16,0.18035705068975005
2025-01-20,3.0782218046217604,1.374720401934137,1.6784646731200878,2025-01-17,2.842864782437826
2025-01-21,0.7763127272906953,1.2845669206835015,-0.49746061880641196,2025-01-17,2.842864782437826
2025-01-22,2.2209513950102973,1.688674348560099,0.5208161488483126,2025-01-21,1.2949417268689478
2025-01-23,-0.32135322376156544,1.0539927343610884,-1.3597731334511711,2025-01-22,1.6881860074240196
2025-01-24,-0.11982529075269537,-0.30583946088526476,0.1842247551287923,2025-01-23,-0.44982039729442036
2025-01-27,-2.629046571348623,-0.6729820326552852,-1.9833913531240042,2025-01-24,-1.8871958230144203
2025-01-28,-2.570081273721294,-3.612449757715567,1.062303644108498,2025-01-27,-9.148286951931317
2025-01-29,1.9313722931193604,1.5680746622351864,0.355054046819792,2025-01-28,1.1082690258309658
2025-01-30,-0.13900505624891268,-0.6807082538800389,0.5467151696939387,2025-01-29,0.22553352526202275
2025-01-31,0.19256630723003634,0.4054480678067517,-0.21055766028443218,2025-01-30,2.286107352883171
2025-02-03,-2.9740930734312525,-1.5955905569698847,-1.3577310305437138,2025-01-31,-0.29183797893302943
2025-02-04,2.199637041111236,2.0168680910894214,0.18907316675765823,2025-02-03,-1.8150861768194915
2025-02-05,-1.8769692878711002,-0.60869079827954,-1.2573908646388139,2025-02-04,1.0513709366943846
2025-02-06,2.0741198558584575,0.2079101165238776,1.8581180666534647,2025-02-05,2.309093020797781
2025-02-07,-0.07741650950877868,-0.19204666201482432,0.11716988970329438,2025-02-06,0.021408229401953527
2025-02-10,1.676492007193479,1.1555058918763994,0.44337914703573594,2025-02-07,-1.6346888322052333
2025-02-12,-0.46419397743916846,-0.07325988339598836,-0.3768396361713858,2025-02-11,-0.05308235753347379
2025-02-13,1.7063960874480393,0.6154773607238849,1.083518335452881,2025-02-12,0.2129933838191933
2025-02-14,-0.15786277893923295,1.0204731679875263,-1.159702224324075,2025-02-13,1.2885033560606551
2025-02-17,0.555950435562691,0.381361297268418,0.1721665091576458,2025-02-14,0.0883952614089134
2025-02-18,0.5703148839988478,0.30085187857215023,0.26682331874609316,2025-02-14,0.0883952614089134
2025-02-19,2.326809998540641,0.4999253603468975,1.8194182212597196,2025-02-18,1.6840333249175554
2025-02-20,-0.5372730243409269,-0.11669781423738253,-0.4253432452740519,2025-02-19,1.1782337736084614
2025-02-21,2.6934701793376683,-0.7937917825446905,3.519945523637099,2025-02-20,0.01768465824822929
2025-02-25,-4.0027930832477425,-2.883985383790239,-1.165117340677784,2025-02-24,-2.590296720024343
2025-02-26,-1.2421660988050094,-1.2218334572961964,-0.02525488496495282,2025-02-25,-2.2915575772353147
2025-02-27,1.5063174900262326,0.9492808856025217,0.5512279907742065,2025-02-26,2.0851601828721034
2025-02-28,-4.305087755909148,-3.033789175942356,-1.320618288569853,2025-02-27,-6.092563509578186
2025-03-03,0.6804456956860968,1.16005581707332,-0.47205297604144214,2025-02-28,1.7067893272805446
2025-03-04,-1.760538730243993,-2.713814573748012,1.007602158264587,2025-03-03,-4.0147723415512315
2025-03-05,0.7922719349302456,0.22023218830799604,0.571215636616649,2025-03-04,0.6367351113745423
2025-03-06,0.9898122037144179,1.3555682854445328,-0.35589996628092624,2025-03-05,2.0911911269506644
2025-03-07,-1.3942321810437683,-2.2420102050422077,0.8642389158662711,2025-03-06,-4.530043222485403
2025-03-10,1.6616230455614944,0.002789818247203018,1.6470503706524076,2025-03-07,3.1583971464261618
2025-03-11,-0.7504352370005194,-2.5253453518801567,1.8320292233911994,2025-03-10,-4.849241509507318
2025-03-12,-0.2859358582593562,-0.6065498879321366,0.30833621235898323,2025-03-11,-0.7041853855426439
2025-03-13,-0.3191156418600852,2.096252903098177,-2.3548521208507323,2025-03-12,2.445136909102974
2025-03-14,1.5786952205002924,-0.16767678729414653,1.7516154457019448,2025-03-13,-0.6199701764463494
2025-03-17,1.312333853986666,1.2412822982293064,0.07044017564787562,2025-03-14,3.2684510000693834
2025-03-18,1.9462906276933956,1.8550622753891053,0.09207460313269364,2025-03-17,1.4172849267188203
2025-03-19,-0.7497359743871246,-0.39287639399967783,-0.36669506620672815,2025-03-18,-1.606892495686607
2025-03-21,-1.3167375256726528,-0.7305968055366068,-0.5931914890613458,2025-03-20,-0.7154767730592981
2025-03-24,-0.5758196411696307,-0.031281785234518696,-0.5469951286794594,2025-03-21,-0.9437183205969202
2025-03-25,0.0778130012142937,1.6718074069500253,-1.5648857141510792,2025-03-24,2.9897877312800247
2025-03-26,0.8962890698262854,0.9903657558858392,-0.09132458260183399,2025-03-25,-0.7005633734407879
2025-03-27,-2.1199942200526243,-1.9757928757973175,-0.14665715715867814,2025-03-26,-3.2736108274537656
2025-03-28,-2.626604981827212,-1.3952303754475213,-1.2429189446949422,2025-03-27,-2.0734830247550295
2025-03-31,-5.269054995333453,-3.8315911060563974,-1.509473949092358,2025-03-28,-2.952151790134838
2025-04-01,0.17924925033766428,0.6335666033152362,-0.45180614552335663,2025-03-31,-0.33802351461837965
2025-04-02,0.4982809995006652,0.29226025233254255,0.20449737074977242,2025-04-01,0.2817283993981956
2025-04-03,-4.708266613478127,-6.286294944786611,1.693230775031524,2025-04-02,0.8942765553224596
2025-04-04,-7.458823219855396,-3.576135819974092,-4.034065879550666,2025-04-03,-9.88411047796529
2025-04-07,-12.39977912462617,-13.688834322620753,1.5571861279417298,2025-04-04,-7.602823546332072
2025-04-08,9.528132132050954,6.98572821940287,2.4349654731138375,2025-04-07,2.7042893217943176
2025-04-09,-6.116211039662546,-4.647605366129361,-1.5382720296817582,2025-04-08,-3.572555593505289
2025-04-10,12.666776293615566,14.91668013730765,-1.9386867720285532,2025-04-09,18.734770310602865
2025-04-11,-0.9256037091015529,-6.102834033848332,5.525071472970241,2025-04-10,-7.969670373206073
2025-04-14,3.2739042949109614,3.109481531908057,0.09669024318814402,2025-04-11,2.5070261767786706
2025-04-15,0.5070677775193717,0.5361991441435696,-0.023322865978977803,2025-04-14,0.3086769313418669
2025-04-16,-3.50180643297628,-1.2606925556099584,-2.2756520871706103,2025-04-15,0.46639919884552405
2025-04-17,2.946987519627694,0.4144716043853194,2.5178691466627314,2025-04-16,-4.095806602560881
2025-04-18,-0.9820125809133898,-0.5073232605195213,-0.4768741869753369,2025-04-17,-0.6403407684141049
2025-04-21,-1.724479829218131,-0.8768419397388272,-0.8541871477548417,2025-04-17,-0.6403407684141049
2025-04-22,-1.196025714055304,-0.4629063714794225,-0.7331843206042281,2025-04-21,-2.1018320840941462
2025-04-23,3.2947251330100404,3.94463991673971,-0.627349100998329,2025-04-22,2.135843198964582
2025-04-24,1.8535094347454335,2.1609699335300894,-0.3058694945622154,2025-04-23,3.9631017244299294
2025-04-25,4.029857009759993,2.9772024852372683,1.0224355740124438,2025-04-24,5.6294847508118195
2025-04-28,-1.8176693605835565,0.7159107472465629,-2.5095840708734785,2025-04-25,1.0318447998201696
2025-04-30,1.5053012239934513,-0.21168546258064053,1.7386566757335138,2025-04-29,-0.9176705348171277
2025-05-01,1.7595979457371758,0.5418147684837931,1.2066664876241977,2025-04-30,0.7943771687928702
2025-05-02,0.5525527199445928,0.33850704369734386,0.223586772352549,2025-05-01,0.41545264456859243
2025-05-07,-0.5333461712511253,-0.581398315132748,0.0456029030766923,2025-05-06,-1.032579950855994
2025-05-08,1.6568334420662174,1.1099402821604545,0.5445501997944782,2025-05-07,1.7435073106180532
2025-05-09,3.3151057117063205,2.8190861811711865,0.44468218586427416,2025-05-08,1.004933246488382
2025-05-12,3.41538964700723,1.803691274110033,1.6243651589775316,2025-05-09,0.8138918902204084
2025-05-13,1.8602583943000528,3.7406708901287518,-1.803720813710777,2025-05-12,7.039762677711847
2025-05-14,2.172459297400446,1.2993990840889142,0.886438405383337,2025-05-13,3.146332795850859
2025-05-15,-0.7880978330846474,-1.14387681254836,0.3518332475944541,2025-05-14,0.5957794561535446
2025-05-16,-1.9532552933533904,-0.7328294313242618,-1.2265442393394594,2025-05-15,-0.5701574464267778
2025-05-19,-1.704367781145119,-1.011089664284169,-0.700971195739289,2025-05-16,-0.20796962808145025
2025-05-20,1.295465036342634,0.9101820380695248,0.3807988399814764,2025-05-19,-0.4973799280117652
2025-05-21,-1.3303334313849577,-0.7343755833735417,-0.5958807100050855,2025-05-20,-0.14145383425032687
2025-05-22,-0.39480411091272366,-1.7323460932697354,1.363190702705399,2025-05-21,-1.8007137098497439
2025-05-23,-0.18636577018953185,0.5111498090650396,-0.691614303896188,2025-05-22,-0.5672001289271034
2025-05-26,1.7179306792135176,0.049866117291431505,1.6596272992726242,2025-05-23,-1.5306337194242348
2025-05-27,0.646370160409099,0.19519314707564492,0.4537276088412322,2025-05-23,-1.5306337194242348
2025-05-28,2.283313580985015,1.9742775126392347,0.30680236760776647,2025-05-27,3.3751221190640113
2025-05-29,2.5417476900187346,2.160405866138221,0.3774774068588171,2025-05-28,-0.54856020945101
2025-05-30,-2.417175698159539,-2.0792891760289227,-0.34983293917663855,2025-05-29,0.5390302007085568
2025-06-02,-2.228006739632043,-1.3275943682511588,-0.9090961912519235,2025-05-30,-2.1071572737024757
2025-06-03,0.838103322016963,0.7762998255346751,0.06071024509977308,2025-06-02,1.5704076279764
2025-06-04,1.1874753978130044,1.6192344096699836,-0.4219926438611815,2025-06-03,2.723481388060911
2025-06-05,1.395660187864015,0.4149902775442194,0.972585391543186,2025-06-04,1.388786773037265
2025-06-06,0.8795458680707963,0.4253704376984926,0.46597439392688,2025-06-05,-0.4455879285168107
2025-06-09,0.36622734815049246,1.2217328134235153,-0.8505107683653447,2025-06-06,0.5414771972104271
2025-06-10,0.910638931525865,1.1830224677537684,-0.2688419226033574,2025-06-09,1.9572235713980923
2025-06-11,2.4096318588349743,1.8594652651135952,0.5491338533536577,2025-06-10,2.0605408844383444
2025-06-12,-0.6994808547520128,-0.71165378446905,0.012687313569010285,2025-06-11,-0.19019537228773808
2025-06-13,-2.550040218300285,-0.5737002403501456,-1.991156954977799,2025-06-12,0.31757085908485916
2025-06-16,1.4029574046903388,0.376648613037299,1.017898121274523,2025-06-13,-2.6081746568491937
2025-06-17,2.5201971780574675,1.8470933462133707,0.6737866080446985,2025-06-16,3.032993541191198
2025-06-18,0.7663844357442424,-1.016045125851036,1.803858492631396,2025-06-17,-0.8286982868062953
2025-06-19,-1.7130986002988875,0.22549147486659496,-1.9424852854495545,2025-06-18,0.5240782924267329
2025-06-20,0.9634076447252242,0.05358992361224848,0.9060046077786645,2025-06-18,0.5240782924267329
2025-06-23,-0.8335280672480083,-1.1442165069878487,0.3289582162979188,2025-06-20,-0.7531103939175332
2025-06-24,2.8012670881076875,2.7752750424732864,0.0023361307919541638,2025-06-23,0.6298598266863742
2025-06-25,2.674939166784196,2.1632618071876553,0.5093076982721028,2025-06-24,3.7671934224993153
2025-06-26,0.9018583658412348,0.804273297385086,0.07952544525413177,2025-06-25,0.9451355371733694
2025-06-27,1.9998399231786446,1.2874181371645002,0.702160890815118,2025-06-26,0.8767228721252796
2025-06-30,-0.11077141655086202,1.3698358295530764,-1.4589977491860102,2025-06-27,0.0636655436772271
2025-07-01,-1.3241044378029196,-1.0988426047933357,-0.22068267690061927,2025-06-30,0.028079416597370788
2025-07-02,-0.7157616159614717,-2.5478658781706356,1.8833090066534026,2025-07-01,-0.7039698954880769
2025-07-03,2.0156138125253076,1.1595638445101273,0.8452986031086407,2025-07-02,1.8801822533571544
2025-07-04,0.30035843363899417,0.926083756774012,-0.6204535063017285,2025-07-03,0.6428031549893909
2025-07-07,-1.0843525022123897,-0.36593669470104595,-0.721061647639196,2025-07-03,0.6428031549893909
2025-07-08,2.0406774176839533,-0.18837231093047632,2.2310888163994065,2025-07-07,-1.8755765109878197
2025-07-09,0.12400656102445796,1.2191494555979199,-1.081265309499152,2025-07-08,1.8049155769660707
2025-07-10,-0.8152459412655271,-0.09737789504248953,-0.7208383037322699,2025-07-09,0.4391961660741517
2025-07-11,0.9849902077193755,1.028742311450152,-0.04207358037357192,2025-07-10,0.7462948670409197
2025-07-14,-0.8705969583243249,-1.2181065119292351,0.3646247779514279,2025-07-11,-0.2099232763096981
2025-07-15,0.9256255724758288,-0.118311076908119,1.0510915886864394,2025-07-14,-0.8703028443234895
2025-07-16,-1.1535970764206225,0.3665986748602668,-1.5105554178730645,2025-07-15,1.2731112125663024
2025-07-17,0.5706735918005559,-0.31159361905270866,0.8878787387014622,2025-07-16,-0.3916688102539645
2025-07-18,-0.38118366048514046,0.23205410529041806,-0.6143532597454978,2025-07-17,0.7273960628902509
2025-07-22,-0.7117207190601741,-0.25577628278868986,-0.45046043284936993,2025-07-21,0.11863679156993712
2025-07-23,1.9605800256406585,0.7743486148800925,1.1854395633530614,2025-07-22,-1.7547056986903176
2025-07-24,0.6044362903414008,1.45276896359843,-0.8318125531670859,2025-07-23,-0.016386715126892604
2025-07-25,-1.1111082084541306,-0.5778228425871071,-0.5345490134733714,2025-07-24,0.11665918737662206
2025-07-28,-1.5038613144108262,-2.0294688668059777,0.5216655116444397,2025-07-25,0.026415716766825525
2025-07-29,-1.6769468187688443,-0.9403520613103998,-0.7559682977373057,2025-07-28,1.6161405405520357
2025-07-30,0.7815309496490604,0.6945931666657715,0.09003783611996177,2025-07-29,0.046870345538518876
2025-07-31,2.0200168508837475,0.29805857332260177,1.717215142326294,2025-07-30,0.8279916763534123
2025-08-01,-3.80469743778714,-3.9300452653561995,0.15236014730611516,2025-07-31,-3.099795639326486
2025-08-04,0.08050591147333733,-2.798422726183582,2.955956122659148,2025-08-01,-1.4321525870010232
2025-08-05,1.9707612556054601,1.2094122096822595,0.7531206474998633,2025-08-04,1.751245746804031
2025-08-06,-1.3130472088844527,-1.1767791012949258,-0.14183455762362596,2025-08-05,-1.1151391879326011
2025-08-07,-0.5346351318158442,-1.7921665226688448,1.2913941787342342,2025-08-06,-0.20486578719776105
2025-08-08,1.5722504813096145,0.2983895222741692,1.271925888309536,2025-08-07,1.5027126481182318
2025-08-12,2.13302405065417,1.1069143328891602,1.0098075282556545,2025-08-11,-0.134624512263537
2025-08-13,1.6264911956729533,2.083175895472696,-0.4545232968674354,2025-08-12,2.992996401822734
2025-08-14,-1.5924083707802896,-0.5438079739546657,-1.0520637095261474,2025-08-13,0.8993362254145154
2025-08-15,1.840029456450824,0.44943300868931013,1.373472535368215,2025-08-14,-0.12077846019596938
2025-08-18,-0.41179285453979686,0.31172675299942415,-0.7243499099232873,2025-08-15,-2.25561508047758
2025-08-19,0.8003653151051646,0.6341582684065742,0.1657066297072546,2025-08-18,0.40982238712152785
2025-08-20,-2.631155382289934,-1.186274180886363,-1.4641641319284946,2025-08-19,-1.8143583656838436
2025-08-21,0.07649875939762038,-0.36877388548782875,0.4454343033978051,2025-08-20,-0.7174457450389249
2025-08-22,0.6116386150748649,0.2175069042561268,0.391893606383703,2025-08-21,-0.4893781881463499
2025-08-25,0.9989464385633605,2.02757229894311,-0.9948184188263821,2025-08-22,2.698374143780158
2025-08-26,-0.2403963236676857,-0.5774499678900739,0.33917204343744795,2025-08-25,0.03199257619308504
2025-08-27,0.6443662409319303,0.39812757321892434,0.2426818254235287,2025-08-26,0.8967738136000714
2025-08-28,1.7168809753003935,-0.8018739569231744,2.5461297673180763,2025-08-27,0.28728002889846227
2025-08-29,-0.9519692368456228,-0.0825392474679135,-0.8692877418557192,2025-08-28,0.48835912877898124
2025-09-01,-2.540372077402836,-1.758793487366569,-0.8046070517808299,2025-08-29,-3.145589685517902
2025-09-02,-0.2584694627217859,-0.0029014833856529964,-0.2563850930803572,2025-08-29,-3.145589685517902
2025-09-03,-1.2895652495259435,-0.9582680507067886,-0.33329285758097044,2025-09-02,-1.11978625982746
2025-09-04,0.6375150663041899,0.06480708245116665,0.5689051085290232,2025-09-03,-0.22547662912172362
2025-09-05,1.4044123561499833,1.7685551555128505,-0.36283505231206997,2025-09-04,1.3416666368665675
2025-09-08,2.118516021095107,1.5308083456680084,0.5788731638454787,2025-09-05,1.6504121398969618
2025-09-09,0.9118513845024095,0.9764688027998207,-0.07207277643215322,2025-09-08,0.8367931405561135
2025-09-10,2.049878319906123,0.9103120640494979,1.135145429300944,2025-09-09,0.17581211547554876
2025-09-11,2.1367751323177973,0.7625167458329144,1.3593603373825525,2025-09-10,2.3757930865618837
2025-09-12,0.6205557704676948,1.112307661968335,-0.48417090554775927,2025-09-11,0.6260057750031578
2025-09-16,1.7175394004363636,1.2357203710889,0.4695312588974489,2025-09-15,0.9679359652367436
2025-09-17,-0.7138966048732726,-0.3581883819570542,-0.36532646750227743,2025-09-16,0.31999231661996586
2025-09-18,3.1491743631278553,0.7988089896717382,2.3267491972826764,2025-09-17,-0.31263858676700007
2025-09-19,2.3155715934831864,3.9378117963857138,-1.579069012987028,2025-09-18,3.5963227725471114
2025-09-22,4.141600799861685,0.8696666278489046,3.2385483760215825,2025-09-19,-0.7313922878396051
2025-09-24,-0.14449135424495377,-0.28055932384087906,0.1634584799010353,2025-09-23,-0.3461704821300371
2025-09-25,1.650078331315716,-0.24796469915479308,1.903967124845832,2025-09-24,-0.17768921587043573
2025-09-26,-3.3227059419051654,-0.8832718967895732,-2.4657675857622903,2025-09-25,-0.19569648765856984
2025-09-29,0.2019867959124473,-0.7584050693371663,0.9669589813974816,2025-09-26,0.32428099282173495
2025-09-30,-0.6583709745485555,0.8233950636677915,-1.4611049412244574,2025-09-29,0.1595069859047893
2025-10-01,-0.9469127641366697,0.3126164769614851,-1.246453175212284,2025-09-30,0.866366539933594
2025-10-02,3.0492772102679506,2.60894885205592,0.41496182395478565,2025-10-01,2.0480792084927923
2025-10-03,1.812538511832853,0.9142236876057594,0.8862999984537608,2025-10-02,1.9399315198835199
2025-10-06,5.279307124605358,3.1936643101029225,2.021501104907128,2025-10-03,-0.6434582250163023
2025-10-07,-0.830854203454503,1.7405064283614673,-2.5168529007194675,2025-10-06,2.89071081743153
2025-10-08,-0.4239979943146962,-1.147719639638272,0.7310981435693743,2025-10-07,-2.056358807515901
2025-10-09,1.023244908767505,1.0901863883224092,-0.0649578685042907,2025-10-08,3.3977556391623365
2025-10-10,-2.5246602830924036,-0.6513756383246768,-1.8803365373412304,2025-10-09,-0.29140571077060917
2025-10-14,-2.6383222978358467,-1.142113764332025,-1.5112031613572374,2025-10-13,4.929504048472433
2025-10-15,2.6019308959631506,0.31745442965542664,2.279317441162044,2025-10-14,-2.2776648647683917
2025-10-16,1.5968705502081164,1.67171398596535,-0.07276205759183127,2025-10-15,2.994234533532336
2025-10-17,-1.9156460193045055,-1.02451134712099,-0.8926119891502103,2025-10-16,0.48706542784175966
2025-10-20,2.651576491597398,1.278857666229497,1.3496616466085678,2025-10-17,-0.32407267157233965
2025-10-21,-0.3410165292716901,0.9285740307369292,-1.2590589498097575,2025-10-20,1.579319859409467
2025-10-22,-0.5961422064634938,-0.9088777024390928,0.3149794598455319,2025-10-21,-0.664616130045681
2025-10-23,-2.9366818739260903,-2.4198981016559484,-0.5290786980930537,2025-10-22,-2.364229622234426
2025-10-24,3.5835598013764476,2.2920247333787693,1.2636385416854108,2025-10-23,2.543095005190499
2025-10-27,2.4984413465348343,2.011765748663527,0.4783700536723916,2025-10-24,1.8919474269681436
2025-10-28,0.8985589056615894,1.8491624115655108,-0.9082060277517983,2025-10-27,2.738178266741076
2025-10-29,3.5498726498463293,1.1561554646974979,2.2798619345386086,2025-10-28,0.37295031137787316
2025-10-30,2.4565211471839747,1.6109764051564883,0.8254948311399336,2025-10-29,1.8516099046077095
2025-10-31,2.865105447928989,2.3092785381846683,0.6077722965877089,2025-10-30,-1.5274709228936478
2025-11-04,-0.9118123331030601,0.4578948792196309,-1.263674903959852,2025-11-03,0.5852951999402389
2025-11-05,-4.490806453198129,-3.6175090047148566,-0.8729160970526927,2025-11-04,-4.007663902844305
2025-11-06,2.280072453774967,2.5798705355801133,-0.29536966705681467,2025-11-05,3.018709024176691
2025-11-07,-4.972615495723938,-4.481328453475483,-0.568578371066827,2025-11-06,-2.390342721673988
2025-11-10,0.6962600881688062,1.0107406768141713,-0.3124693074724367,2025-11-07,-1.012054894609804
2025-11-11,-0.4182931772813882,1.3409410693152177,-1.740013916688875,2025-11-10,3.016827677375189
2025-11-12,1.4115519384306865,-0.8046548917575758,2.235572081347261,2025-11-11,-2.4766541743875936
2025-11-13,1.3932903604612539,-0.23095254137339188,1.6247756889764342,2025-11-12,1.4674697383168622
2025-11-14,-2.4930213838971174,-2.4040825801756127,-0.10942737755517232,2025-11-13,-3.7190809652355883
2025-11-17,0.5845131363007915,-0.062173540687811106,0.6355672425052759,2025-11-14,-0.11053368248895579
2025-11-18,-3.968124599539615,-1.2041963678480017,-2.7998939998066303,2025-11-17,-1.5483617495245627
2025-11-19,-1.6411505101545427,-0.46248138063047856,-1.1802398205764595,2025-11-18,-2.307024567172866
2025-11-20,5.210288916056144,6.697652599600195,-1.3714217598969884,2025-11-19,1.8164460755355494
2025-11-21,-4.5587982581902695,-4.943005077926448,0.37258080455291326,2025-11-20,-4.767040028305713
2025-11-25,0.4744596174473282,1.808777915257229,-1.3033436446146223,2025-11-24,4.632328884471093
2025-11-26,1.338957880665371,0.46257832165837276,0.8689635642888138,2025-11-25,0.1638023874869443
2025-11-27,2.4116983663743055,1.4560330479687829,0.9376031897630986,2025-11-26,2.7595630083737666
2025-11-28,0.35106717808033394,0.1245960724024935,0.22988362186254663,2025-11-26,2.7595630083737666
2025-12-01,-0.9565209208527423,0.8557797970199734,-1.795878744997113,2025-11-28,1.821722015676297
2025-12-02,0.024463777564406416,0.7072506027233064,-0.6794234466612259,2025-12-01,-0.06582065863361963
2025-12-03,3.976570907967871,2.2082229389613235,1.7232210445267175,2025-12-02,1.8366857412108306
2025-12-04,3.208242220856062,0.07541235939239564,3.1207895510357346,2025-12-03,1.8328628789458845
2025-12-05,-0.646567453002784,-2.4104288710456716,1.8054811064464011,2025-12-04,-0.8865037083248706
2025-12-08,-0.008249571351269377,0.1812020706861189,-0.18464934075568362,2025-12-05,1.0929647840782097
2025-12-09,0.9538833519191294,0.3633042306978784,0.590110072578271,2025-12-08,1.1018477863179
2025-12-10,-0.9291160298043057,0.45708663431831137,-1.3824411922146822,2025-12-09,-0.03664977902340105
2025-12-11,-1.7128473357718557,0.44745590393973866,-2.1485623812489028,2025-12-10,1.2882447665056418
2025-12-12,0.042376465769970104,0.4539893649141692,-0.40154946559732685,2025-12-11,-0.7499710746103672
2025-12-15,-2.710957543564478,-2.5188224712018985,-0.20481910817931323,2025-12-12,-5.099100261162281
2025-12-16,-2.309031870700062,-0.31348352909659577,-2.0019210973700656,2025-12-15,-0.6136290771465047
2025-12-17,0.9071341713065383,-0.1295050825588416,1.0381312710906718,2025-12-16,-0.4572982538207704
2025-12-18,-2.433947312188462,-2.647320374735291,0.22897386790287705,2025-12-17,-3.781437730709103
2025-12-19,1.260498525739318,1.2084638659438116,0.05020078187590876,2025-12-18,2.5139989804802143
2025-12-22,3.851473416829545,3.0379623678164442,0.7863277055144277,2025-12-19,2.9756270334541757
2025-12-23,0.5330420709954822,-0.10814043525128128,0.6464546351687548,2025-12-22,1.0994126231895995
2025-12-24,1.9549961897496293,0.6321779943448647,1.2933924552174232,2025-12-23,0.5454148514394186
2025-12-25,0.5583548334178329,0.2783612778463413,0.2795826184582542,2025-12-24,0.2759396109119461
2025-12-26,0.8077346518292825,0.27648422539529904,0.5291855261321525,2025-12-24,0.2759396109119461
2025-12-29,-0.83787877995269,0.221462059303491,-1.0560229723093026,2025-12-26,0.045403011062172816
2025-12-30,0.14676775789663046,-0.6042845992211787,0.7599098025054254,2025-12-29,-0.40744271459767223
2026-01-05,4.952090456931078,3.4959951874696227,1.4056559382254925,2026-01-02,4.014340550810069
2026-01-06,1.1049519006607054,0.9622336356504204,0.14212004634144182,2026-01-05,1.072036649749064
2026-01-07,0.15104779363557896,0.3734839943603565,-0.21881323439266948,2026-01-06,2.7459378651905952
2026-01-08,-2.9421777510261866,-0.62074937154615,-2.335794015078612,2026-01-07,-0.9940884303069608
2026-01-09,1.0230003074977085,0.13570826620243637,0.8819366512524738,2026-01-08,-1.832030957090769
2026-01-13,4.997941378326354,4.943044294307278,0.0248864178267139,2026-01-12,0.47202569939515104
2026-01-14,2.4452752882987934,0.7313838009887541,1.6978012791304287,2026-01-13,0.9532060359335404
2026-01-15,0.3970249423720897,-1.274410233598225,1.7022165568290106,2026-01-14,-0.6004006456897915
2026-01-16,2.4144094410679386,1.45047275276722,0.918377828284388,2026-01-15,1.7636104465197144
2026-01-19,-0.47767260059948724,-1.547152839009525,1.0870530185680531,2026-01-16,1.1497585009527578
2026-01-20,-1.2046249856603326,-0.5865363458423617,-0.6225486001077593,2026-01-16,1.1497585009527578
2026-01-21,1.9478092101489428,-2.139487321022078,4.194487003185813,2026-01-20,-1.6804736176061708
2026-01-22,3.358685263837644,1.992200636294601,1.3267558450090333,2026-01-21,3.180317646862596
2026-01-23,-0.4697205111872135,-0.9519037986443413,0.48259320885172935,2026-01-22,0.16293068824320134
2026-01-26,-2.497848074804444,-2.755906511910819,0.261555117824256,2026-01-23,-1.2072614703619533
2026-01-27,1.5084593885333946,0.056738465342649744,1.4461429854767909,2026-01-26,-0.38810363403731785
2026-01-28,2.379517714301501,0.7283959170255814,1.6130133294982156,2026-01-27,2.398612546598411
2026-01-29,-1.2556363392132799,1.85092365652242,-2.9768716806020197,2026-01-28,2.33531842339334
2026-01-30,-1.3779906334422807,-0.8306973236272918,-0.5552849172647478,2026-01-29,0.16430027560745408
2026-02-02,-3.7650258636899148,-1.845608592461058,-1.970493601271452,2026-01-30,-3.869013351537598
2026-02-03,5.513314697798412,3.8501613329836206,1.6181910064084375,2026-02-02,1.7005120852442657
2026-02-04,-2.2560378295188293,-2.4563649068108093,0.14029729907901117,2026-02-03,-2.0671737422195524
2026-02-05,-1.5679136428257137,-1.5690130580010277,0.01618994117796595,2026-02-04,-4.358064826305297
2026-02-06,2.1617178051218153,-0.3523832132786346,2.5432297117384177,2026-02-05,-0.05929790648727673
2026-02-09,5.237488681930929,5.6016031350829625,-0.3325027872706469,2026-02-06,5.699364828636622
2026-02-10,0.6619920827915179,-0.03055257809110801,0.6986883267719036,2026-02-09,1.4158444971463569
2026-02-12,1.0147764254808436,1.3007096910194476,-0.2862416959829492,2026-02-11,2.2785983651680386
2026-02-13,-1.1276675922567818,-1.1928454589736526,0.06663750369514616,2026-02-12,-2.498377324658796
2026-02-16,0.09932399899652104,1.2081442662787878,-1.083267686191132,2026-02-13,0.6575259440672054
2026-02-17,1.831110406957781,0.45435304003371335,1.3800207814645518,2026-02-13,0.6575259440672054
2026-02-18,1.4151542502453833,0.11130906163526565,1.3099899415796539,2026-02-17,-0.02229087527813034
2026-02-19,1.028354914707573,1.736520163950097,-0.6916687098686399,2026-02-18,0.9624946764674958
2026-02-20,-2.103756132178012,-1.2665504718690763,-0.8310264887190438,2026-02-19,-0.4997349761161951
2026-02-24,2.102197483549545,0.049930106464804155,2.0445311371822363,2026-02-23,-0.5684702281907206
2026-02-25,2.2473361554575297,0.9203942926522496,1.3046012818032204,2026-02-24,1.4474538553011396
2026-02-26,-0.4033379410335029,0.9796102360834726,-1.3619354896829503,2026-02-25,1.621236667765591
2026-02-27,0.11181607361888428,-1.9392438759740191,2.0932801210724077,2026-02-26,-3.1906965868037873
2026-03-02,-1.5013888112383822,-2.7881196898465648,1.3321882137183414,2026-02-27,-1.206366517592461
2026-03-03,-4.371705086211563,-0.8008653469788641,-3.601337733460183,2026-03-02,0.48140545796184764
2026-03-04,-4.939136974865991,-3.298987872186846,-1.6992973830211662,2026-03-03,-4.577346182550435
2026-03-05,2.348563396359503,3.4811628838330644,-1.0904921182381873,2026-03-04,1.9265714533717393
2026-03-06,2.195542342282801,-1.7065965602192334,3.9598536017574553,2026-03-05,-1.17148597797605
2026-03-09,-6.461899870866587,-7.015903430548104,0.6291937514933993,2026-03-06,-3.925266957146867
2026-03-10,4.182393643055483,3.7953196800389093,0.3283991982498058,2026-03-09,3.934456247032503
2026-03-11,1.6452287616107923,1.8013468573542915,-0.14988577243323067,2026-03-10,0.7005915190003043
2026-03-12,-1.5285559640333812,-1.169159660620188,-0.36342539965845344,2026-03-11,0.6286745311800068
2026-03-13,-0.8267492623234028,-2.730482330740251,1.9573276970778497,2026-03-12,-3.4290197882006157
2026-03-16,0.8626756392483705,-0.28119007804831975,1.152244304323864,2026-03-13,0.045308407908617454
2026-03-17,-0.12410912239843004,1.5300229646388859,-1.6330349605723171,2026-03-16,1.9565204882251441
2026-03-18,2.4492287246969973,0.8450054389776598,1.5868508073474057,2026-03-17,0.5205455344907239
2026-03-19,-2.8430599562282968,-3.1444997548483675,0.3088634854636019,2026-03-18,-0.5320903472795901
2026-03-23,-5.402246566663407,-5.083900673768151,-0.3417238954981466,2026-03-20,-2.4505729398227483
2026-03-24,1.9217311031485076,3.6601429117270965,-1.6684664063458017,2026-03-23,1.336582445615786
2026-03-25,3.856980281629543,3.1744106274670494,0.6617652062344174,2026-03-24,1.2810537631420704
2026-03-26,0.13346013440075533,0.3172439051162066,-0.1839663216245877,2026-03-25,1.2071446808024078
2026-03-27,-1.6446105143061682,-2.2493696178066127,0.6104192792165114,2026-03-26,-4.792748763922539
2026-03-30,-3.476097600678604,-5.61710166448261,2.271676325042447,2026-03-27,-1.690023465993562
2026-03-31,-2.842598960500164,-3.5616194202177915,0.7508496837579569,2026-03-30,-4.228319093850786
2026-04-01,7.5135221342182215,5.126607860632529,2.271982864112577,2026-03-31,6.2425252025458455
2026-04-02,-2.7786096078877818,0.9658480119050267,-3.704075725241975,2026-04-01,2.8216851541525756
2026-04-03,3.235916325022634,2.8216573663992888,0.3799166345500627,2026-04-02,0.398292249565535
2026-04-06,1.601098775242571,0.3546649469721759,1.2452039757713838,2026-04-02,0.398292249565535
2026-04-07,0.6113836389775029,0.45954797408220227,0.1480445671009462,2026-04-06,1.0559672335861858
2026-04-08,8.735544897215329,6.253970062940455,2.3137610025321345,2026-04-07,1.108651287470308
2026-04-09,-0.8523129376962124,-0.4361678615582717,-0.4119502316256834,2026-04-08,6.335062789024337
2026-04-10,3.9092028528842384,2.143821568497565,1.6702449910103259,2026-04-09,2.0986692738279578
2026-04-13,-1.3899940334094254,-1.0608310253035549,-0.3377851991678832,2026-04-10,2.305014550264084
2026-04-14,3.750675009698451,2.2739018284040564,1.4275770275984816,2026-04-13,1.6839020957435835
2026-04-15,-0.16155082266020343,1.595154517886155,-1.74579490730362,2026-04-14,2.042109739406639
2026-04-16,2.5087111506539674,0.6674561895787493,1.8325284898027163,2026-04-15,0.1644059092460015
2026-04-17,-2.5618808865648646,-0.6413984962106127,-1.9398402894182263,2026-04-16,0.9747398229690063
2026-04-20,1.3614761452402964,0.662985653050053,0.6979026320152141,2026-04-17,2.4282304920656417
2026-04-21,1.837465558388531,0.5400382120856299,1.2756268197328064,2026-04-20,0.45343795021348665
2026-04-22,0.31644570465315347,-0.28225804528655335,0.6053583332634838,2026-04-21,0.5000093334474487
2026-04-23,-0.4600881700306306,1.3633197122112453,-1.792085926464188,2026-04-22,2.716391994406564
2026-04-24,2.826843262936131,2.26148864146367,0.5400732652191067,2026-04-23,1.708545441206244
2026-04-27,1.2529847652213262,0.4999934945107257,0.8623524712390724,2026-04-24,4.317017930215483
2026-04-28,-2.181888239290289,-1.61477784413496,-0.5792551813777516,2026-04-27,-1.0046545143538976
2026-04-30,-0.6465215896184504,0.26587030479944496,-0.9505751345033339,2026-04-29,2.348822091398639
2026-05-01,0.6541412390832683,1.4489357247192038,-0.7744889076264757,2026-04-30,2.262637062156103
2026-05-07,7.852625151835431,6.135266741670398,1.574223315195012,2026-05-06,4.48225038791219
2026-05-08,-0.4974114844642916,-1.6534269366573735,1.1691116095932883,2026-05-07,-2.717435922104139
2026-05-11,1.2110066153681136,1.277388618091658,-0.015413345106008882,2026-05-08,5.5058713673304505
2026-05-12,1.0379801674040983,1.2710070836475662,-0.22003427253038452,2026-05-11,2.594726338584352
2026-05-13,0.05529853756830547,-1.8674770444632132,1.998835931349873,2026-05-12,-3.0111825981152918
2026-05-14,3.005698701578613,3.0565872303539536,0.027604501617914567,2026-05-13,2.5664979729922432
2026-05-15,-3.6926133718826177,1.454574527222891,-5.050366357355142,2026-05-14,0.4642815141068235
2026-05-18,-0.4500342592521053,0.29974998465555325,-0.7399854504864174,2026-05-15,-4.019596700009576
2026-05-19,-1.2417612449538,-0.39323024843825843,-0.8383781783916392,2026-05-18,-2.467514458129605
2026-05-20,-0.7895132693567898,-0.5241637089078584,-0.22849995709201515,2026-05-19,0.026401201290049414
2026-05-21,5.289911387666247,3.659792684683137,1.549210581606695,2026-05-20,4.491495289903136
2026-05-22,3.2410078568406937,1.2839401595097222,1.9135502759498528,2026-05-21,1.2764786878519674
2026-05-25,6.574169600285936,3.8090325128757954,2.654387182793714,2026-05-22,1.993132437933931
2026-05-26,-0.19909496124635478,0.5329289675855096,-0.7342932968020879,2026-05-22,1.993132437933931
2026-05-27,0.045043087850433816,1.8648038563374276,-1.7725905831019046,2026-05-26,5.526473300056556
2026-05-28,-0.1191432563659254,-1.6096856478166375,1.5330175667502348,2026-05-27,-1.3568451161220296
2026-05-29,4.320188735184439,2.1123608084557985,2.1567760188957545,2026-05-28,0.9994277715542177
2026-06-01,-1.2733751063205905,-1.2783053574308652,0.016677299007751646,2026-05-29,0.0018725680878350914
2026-06-02,0.9856170009196368,-0.03826546741987634,1.0273473476073547,2026-06-01,1.062167715779938
2026-06-03,6.942714548183762,4.325581594623691,2.487230341481717,2026-06-02,5.866425143059439
2026-06-04,-0.032836428842264676,-1.2023394680379829,1.1745278433571509,2026-06-03,1.3892157630000623
2026-06-05,-3.8880573757278394,-3.077574380429962,-0.7877451574461477,2026-06-04,-2.1517772411747016
2026-06-08,-6.418167130318269,-8.042853318226268,1.847952702286494,2026-06-05,-10.256918321193975
2026-06-09,5.640817995978869,2.972267012777745,2.55344513047225,2026-06-08,5.612847567112134
2026-06-10,-2.8795052713759994,-1.4299884198298776,-1.4934639725147785,2026-06-09,-1.928323734060866
2026-06-11,0.7482165421967293,-4.101999839549661,5.111714014617878,2026-06-10,-3.565779741493269
2026-06-12,4.291730599699847,5.4695603791361345,-1.0818125729871768,2026-06-11,7.905473976182087
2026-06-15,8.670797588536695,5.2228615311440985,3.2456013548633385,2026-06-12,1.5186742917710827
2026-06-16,-0.5548301941041415,-0.4203407989634954,-0.14053745543470098,2026-06-15,5.44557431010011
2026-06-17,2.9563294383825895,-1.8219818847768856,4.8908597967809335,2026-06-16,-5.712198367448595
2026-06-18,2.5623554655900973,0.3479979997199742,2.184340787332247,2026-06-17,1.3753916578260306
2026-06-19,-0.09279589427415506,2.5658413275291783,-2.588844820930207,2026-06-18,6.416163098758143
2026-06-22,2.149939203348913,-0.4598989383856462,2.628504368809208,2026-06-18,6.416163098758143
2026-06-23,-5.33250023363886,-0.27808179858190624,-5.060502489391257,2026-06-22,2.042559484940276
2026-06-24,-0.9188147179537122,-0.185778822443417,-0.7208751182339674,2026-06-23,-7.87315804210289
2026-06-25,6.574369007278889,3.830482375407234,2.607905152451803,2026-06-24,-0.18029002857290477
2026-06-26,-5.43666973317795,-2.200230305877774,-3.324252398843303,2026-06-25,3.5864373755051915
2026-06-29,1.3204430098913853,0.8791591033355507,0.4411656444783284,2026-06-26,-5.288764607156715
2026-06-30,2.5012116123055907,1.8549496489432604,0.6292811514231071,2026-06-29,3.832977230945467
2026-07-01,4.360937370839919,3.9537676274086486,0.402533326047394,2026-06-30,3.9191400452406766
2026-07-02,-5.977286248776635,-4.520444053443261,-1.5283080138023288,2026-07-01,-6.272787891715936
2026-07-03,3.0778794681452126,-2.628534622575528,5.925620784954517,2026-07-02,-5.444787014659758
2026-07-06,-3.135209820274857,0.6017241769711836,-3.7215929085106363,2026-07-02,-5.444787014659758
2026-07-07,-4.470475175831412,-1.3359570089118187,-3.192880930350457,2026-07-06,2.1694528167176985
2026-07-08,-2.706332518155452,-2.953853448016338,0.259749847383582,2026-07-07,-4.648212361404402
2026-07-09,2.7331532216088865,2.824416790121774,-0.07603315611558308,2026-07-08,2.231216806206038
2026-07-10,1.2855701213311095,2.740048615571876,-1.3985963980118934,2026-07-09,3.061925641888652
2026-07-13,-4.536730815906942,-0.7306646205186331,-3.843741072942937,2026-07-10,0.05522550111547453
2026-07-14,-0.033068609134843927,-0.9579084027605629,0.9321407272536364,2026-07-13,-4.77650422807856
2026-07-15,4.913416397719158,1.373157902859058,3.49209935066402,2026-07-14,2.544160808216933
2026-07-16,-4.199141355332936,-3.026573172936165,-1.2181555584798538,2026-07-15,-2.0774163324995265
2026-07-17,-7.6342800636642645,-5.171760348021481,-2.6084513896025974,2026-07-16,-4.28576053031462
2026-07-21,3.9023818884453383,1.316114583375055,2.5352710462611485,2026-07-20,0.5992857825828812
2026-07-22,1.6548581166220069,6.621081188987187,-4.489743195213587,2026-07-21,5.213915994259621
2026-07-23,1.094005715246814,2.5089839271526055,-1.3756011486537711,2026-07-22,0.44108330293142206
2026-07-24,-4.4407671471973025,-1.146916127024758,-3.3309305427306426,2026-07-23,-0.538473359724545
2026-07-27,0.23387548500301952,0.9655025217909156,-0.7265186926129906,2026-07-24,-4.252786511234219
2026-07-28,-9.5422735207352,-6.484561005188618,-3.293444630116021,2026-07-27,-2.2337142150325007
2026-07-29,-7.214368470195914,-0.7597388206113304,-6.518746977804653,2026-07-28,-4.493315991949764
2026-07-30,1.017172168398087,0.6322249002358723,0.42394912995668455,2026-07-29,-5.329922758551609
