N,WR,PF,Sharpe,mean_bps,sum_bps,戦略
17,5.88235294117647,0.634993889455955,-2.9302533818397944,,,lme_on_copper
84,15.476190476190476,1.729789220709959,2.9819170286267958,,,topix_overnight
80,55.00000000000001,1.8217022384610735,3.8085942400580715,26.35067783736485,2108.054226989188,eneos_vwap_trend
52,69.23076923076923,2.8936373926851666,6.758740366260862,81.12535137630661,4218.518271567944,vwap_morning_meanrevert
344,56.395348837209305,1.5125692618026676,2.3091494342413816,22.533712439257204,7751.597079104478,orb_breakout_long
33,87.87878787878788,15.361914269219351,21.47287567165221,1249.258020200253,41225.514666608346,lasertec_ma25_support (daily)
