code,date,date_ts,am_ret,pm_ret,pm1_ret,pm2_ret,lme_ret,sector,dow,am_q5
285A0,2024-12-18,2024-12-18,472.22222222222274,565.7894736842106,467.1052631578942,94.28032683846732,-1.3528748590755368,半導体,2,4
285A0,2024-12-19,2024-12-19,544.3940375891132,611.2469437652801,305.6234718826412,302.67062314540016,0.6857142857142895,半導体,3,4
285A0,2024-12-20,2024-12-20,22.222222222221255,-617.4200661521501,-110.25358324145529,-507.5292805354159,1.2485811577752637,半導体,4,2
285A0,2024-12-23,2024-12-23,-929.9719887955182,-172.83950617283938,-123.45679012345734,-43.77736085053208,0.39237668161435924,半導体,0,0
285A0,2024-12-24,2024-12-24,-218.3406113537123,-95.60229445506718,-25.49394518801762,-76.628352490421,0.16750418760469454,半導体,1,1
285A0,2024-12-25,2024-12-25,560.5095541401273,-12.062726176115257,-193.003618817853,190.76923076922992,,半導体,2,4
285A0,2024-12-26,2024-12-26,-517.2413793103448,-56.249999999999915,-43.75000000000018,-12.554927809165228,1.17056856187292,半導体,3,0
285A0,2024-12-27,2024-12-27,43.80475594493171,192.90603609209757,6.22277535780924,186.56716417910556,0.0,半導体,4,2
285A0,2024-12-30,2024-12-30,182.3708206686936,-173.75674056321122,-197.72318753744744,18.326206475258733,-0.22038567493113392,半導体,0,3
285A0,2025-01-06,2025-01-06,47.33727810650956,88.23529411764675,223.52941176470688,-132.33601841196818,1.2749445676274895,半導体,0,2
285A0,2025-01-07,2025-01-07,276.83615819209086,16.51982378854555,-38.546255506607395,49.723756906077114,0.21893814997262506,半導体,1,3
285A0,2025-01-08,2025-01-08,1168.0440771349865,134.32835820895494,-59.70149253731294,195.19519519519469,-0.8192244675040983,半導体,2,4
285A0,2025-01-09,2025-01-09,-620.3007518796989,-14.955134596211783,-29.910269192422454,15.000000000000568,0.6057268722466924,半導体,3,0
285A0,2025-01-10,2025-01-10,194.8051948051943,-146.98677119059255,-142.08721215090648,-4.970178926441138,3.1198686371100237,半導体,4,3
285A0,2025-01-14,2025-01-14,110.83123425692732,-204.8975512243878,-109.94502748625679,-96.00808489135915,-0.26274303730950965,半導体,1,3
285A0,2025-01-15,2025-01-15,-487.06240487062405,-117.647058823529,-80.21390374331583,-43.10344827586188,0.8956796628029506,半導体,2,0
285A0,2025-01-16,2025-01-16,-553.4658785599145,216.27774615822437,-68.29823562891302,280.64146620847555,-0.8877284595300239,半導体,3,0
285A0,2025-01-17,2025-01-17,22.753128555177415,147.55959137343842,215.6640181611813,-61.1450806003333,2.16016859852477,半導体,4,2
285A0,2025-01-20,2025-01-20,-330.39647577092546,-239.5892755276674,-159.7261836851116,-86.90614136732333,,半導体,0,0
285A0,2025-01-21,2025-01-21,-74.54128440366969,131.88073394495348,-11.467889908256534,149.3394600804132,0.979886539453334,半導体,1,2
285A0,2025-01-22,2025-01-22,487.8048780487809,32.573289902280145,54.28881650380024,-21.59827213822907,-1.0725229826353377,半導体,2,4
285A0,2025-01-23,2025-01-23,-133.3333333333331,-263.7244348762113,-139.93541442411163,-125.54585152838472,1.032524522457412,半導体,3,1
285A0,2025-01-24,2025-01-24,93.50935093509261,-136.23978201634856,-261.5803814713902,123.0425055928408,-0.7153806847215116,半導体,4,3
285A0,2025-01-27,2025-01-27,-424.71042471042495,-154.3739279588341,-62.89308176100627,-92.05983889528201,-0.7205352547606791,半導体,0,0
285A0,2025-01-28,2025-01-28,263.4730538922159,-52.35602094240788,-46.538685282140335,-5.844535359439407,0.6220839813374734,半導体,1,3
285A0,2025-01-29,2025-01-29,-63.58381502890143,0.0,29.13752913752843,-29.052876234747504,2.266872746007209,半導体,2,2
285A0,2025-01-30,2025-01-30,305.7025279247494,154.10958904109594,34.24657534246478,113.70096645821448,-1.2594458438287104,半導体,3,4
285A0,2025-01-31,2025-01-31,112.93054771315703,72.62569832402255,55.86592178770999,22.234574763757564,-1.479591836734695,半導体,4,3
285A0,2025-02-03,2025-02-03,69.04487917146041,62.6780626780632,22.79202279202197,34.09090909090917,1.0875194199896354,半導体,0,2
285A0,2025-02-04,2025-02-04,-72.22222222222241,-207.86516853932625,-89.88764044943865,-124.645892351275,1.2295081967213184,半導体,1,2
285A0,2025-02-05,2025-02-05,-79.50028392958552,-45.845272206304074,0.0,-57.24098454493398,-0.15182186234817818,半導体,2,1
285A0,2025-02-06,2025-02-06,-144.0092165898621,58.44535359438963,40.911747516072516,17.4621653084972,0.4561581348200727,半導体,3,1
285A0,2025-02-07,2025-02-07,11.75088131609936,-41.03165298944944,-29.308323563892458,-11.757789535566943,-1.6145307769929396,半導体,4,2
285A0,2025-02-10,2025-02-10,206.12485276796156,264.67203682393637,120.82853855005737,136.3636363636367,0.8717948717948731,半導体,0,3
285A0,2025-02-12,2025-02-12,138.8888888888884,214.63951568519545,55.035773252614106,153.17286652078766,1.499482936918306,半導体,2,3
285A0,2025-02-13,2025-02-13,252.14592274678037,83.8135149292829,-15.715034049240684,94.38909281594077,0.5094243504839557,半導体,3,3
285A0,2025-02-14,2025-02-14,-56.41025641025643,-176.34854771784282,25.933609958506132,-201.75892395240535,0.6588950836289964,半導体,4,2
285A0,2025-02-17,2025-02-17,1128.2051282051286,-569.4444444444447,120.37037037037068,-681.6102470265329,,半導体,0,4
285A0,2025-02-18,2025-02-18,761.9047619047615,438.0530973451324,668.1415929203549,-219.73466003316733,1.1077542799597273,半導体,1,4
285A0,2025-02-19,2025-02-19,-223.99999999999974,127.15340442986056,159.9671862182106,-32.297133629390906,-0.8466135458167323,半導体,2,1
285A0,2025-02-20,2025-02-20,-279.3522267206483,-99.91673605328933,0.0,-99.91673605328933,-0.050226017076848706,半導体,3,0
285A0,2025-02-21,2025-02-21,226.98072805139137,-274.9999999999997,-120.83333333333334,-156.05229860818247,-1.4070351758794009,半導体,4,3
285A0,2025-02-25,2025-02-25,661.8962432915931,823.5294117647052,432.7731092436982,378.72683319903234,-0.46607975142413105,半導体,1,4
285A0,2025-02-26,2025-02-26,-134.51191391237515,-155.09887553315284,-120.20162853819349,-35.32182103610726,-0.3121748178980255,半導体,2,1
285A0,2025-02-27,2025-02-27,763.3587786259533,-109.65688008489516,-254.6869472939517,141.45810663764857,-3.131524008350728,半導体,3,4
285A0,2025-02-28,2025-02-28,-650.6469500924217,476.9412692156094,173.43318880567614,298.33397907787605,-2.370689655172409,半導体,4,0
285A0,2025-03-03,2025-03-03,-424.99999999999983,-718.8081936685287,-472.9981378026071,-258.0140734949177,-2.759381898454749,半導体,0,0
285A0,2025-03-04,2025-03-04,29.166666666666785,173.91304347825985,198.75776397515477,-20.30869212022779,-0.7945516458569779,半導体,1,2
285A0,2025-03-05,2025-03-05,-97.3236009732359,-81.49959250203787,-40.74979625101838,-36.839950880065416,0.97254004576659,半導体,2,1
285A0,2025-03-06,2025-03-06,-298.26682789197866,-95.71369121930906,37.45318352059934,-132.6699834162526,1.8130311614730887,半導体,3,0
285A0,2025-03-07,2025-03-07,8.554319931566301,1812.3667377398722,989.3390191897655,757.2815533980593,1.3912075681691727,半導体,4,2
285A0,2025-03-10,2025-03-10,69.52067325283639,32.834731849689106,-62.02116016052584,95.44787077826689,0.5488474204171201,半導体,0,2
285A0,2025-03-11,2025-03-11,-362.4260355029585,133.74092472296485,179.5949560565524,-45.04504504504459,0.4366812227074135,半導体,1,0
285A0,2025-03-12,2025-03-12,202.20588235294156,-254.7542160028704,-175.81628991747422,-80.35062089116197,-2.336956521739131,半導体,2,3
285A0,2025-03-13,2025-03-13,-216.31205673758868,-108.69565217391353,231.88405797101464,-336.2831858407078,1.2799109627156469,半導体,3,1
285A0,2025-03-14,2025-03-14,589.5117540687168,71.50153217568844,-30.64351378958108,102.45901639344356,-2.5824175824175843,半導体,4,4
285A0,2025-03-17,2025-03-17,176.28205128205065,-172.9559748427678,-78.6163522012584,-95.08716323296306,3.891708967851093,半導体,0,3
285A0,2025-03-18,2025-03-18,-219.435736677116,128.20512820512775,128.20512820512775,0.0,-0.5971769815418027,半導体,1,1
285A0,2025-03-19,2025-03-19,-238.09523809523836,-162.60162601625993,-178.8617886178867,16.556291390728006,0.928454396504641,半導体,2,1
285A0,2025-03-21,2025-03-21,63.41789052069391,-129.5681063122922,-109.63455149501699,-23.50570852921452,-1.0154997327632254,半導体,4,2
285A0,2025-03-24,2025-03-24,-253.42465753424693,-164.79663394109446,-126.22720897615736,-39.0625,0.3239740820734305,半導体,0,1
285A0,2025-03-25,2025-03-25,-403.618649965205,-214.38953488372104,-265.2616279069764,56.01194921583286,-1.2917115177610294,半導体,1,0
285A0,2025-03-26,2025-03-26,-321.0332103321034,106.50437428680215,26.626093571699982,75.84376185058694,-1.526717557251911,半導体,2,0
285A0,2025-03-27,2025-03-27,-307.63387770603833,-58.8235294117645,-62.74509803921524,0.0,-0.33222591362126463,半導体,3,0
285A0,2025-03-28,2025-03-28,251.96850393700788,-210.00381825124092,-232.91332569683075,23.455824863174435,0.6666666666666599,半導体,4,3
285A0,2025-03-31,2025-03-31,-96.00000000000053,-287.56581611988685,-182.26002430133613,-107.26072607260772,1.0485651214128033,半導体,0,1
285A0,2025-04-01,2025-04-01,-455.29122231337203,-335.3396388650043,-335.3396388650043,-8.88888888888939,0.5461496450027248,半導体,1,0
285A0,2025-04-02,2025-04-02,90.1287553648067,-182.59023354564752,-186.8365180467091,0.0,-0.5975013579576305,半導体,2,3
285A0,2025-04-03,2025-04-03,-226.84310018903585,-129.99518536350507,-173.32691381800714,49.01960784313708,0.21857923497268228,半導体,3,1
285A0,2025-04-04,2025-04-04,-711.4228456913829,178.37837837837878,-216.21621621621622,403.3149171270711,0.4362050163576825,半導体,4,0
285A0,2025-04-07,2025-04-07,-18.987341772152,-324.0152477763658,-235.06988564167776,-97.5292587776333,0.8686210640608039,半導体,0,2
285A0,2025-04-08,2025-04-08,-189.09899888765347,22.358859698154987,-329.7931805477916,364.1618497109822,0.9687836383207804,半導体,1,1
285A0,2025-04-09,2025-04-09,94.28403064231094,-35.39823008849585,-342.18289085545695,317.65424557116614,0.9594882729211163,半導体,2,3
285A0,2025-04-10,2025-04-10,-427.88461538461496,297.6791120080735,247.2250252270425,44.29133858267819,1.9007391763463666,半導体,3,0
285A0,2025-04-11,2025-04-11,-10.621348911311612,527.4261603375519,105.48523206751037,417.5365344467652,1.4507772020725396,半導体,4,2
285A0,2025-04-14,2025-04-14,-317.1552138395006,-273.088381330685,-79.4438927507446,-204.99999999999963,-1.0725229826353377,半導体,0,0
285A0,2025-04-15,2025-04-15,-156.565656565657,-5.128205128205332,174.35897435897462,-171.45738779626774,-0.722767165720184,半導体,1,1
285A0,2025-04-16,2025-04-16,-334.72803347280313,-238.2241472658364,-64.97022198159175,-179.73856209150375,0.6240249609984483,半導体,2,0
285A0,2025-04-17,2025-04-17,161.11111111111188,49.315068493149816,-126.02739726027434,177.58046614872347,-0.2583979328165342,半導体,3,3
285A0,2025-04-18,2025-04-18,-66.48199445983383,-22.346368715083777,-33.519553072626216,11.210762331839152,,半導体,4,2
285A0,2025-04-21,2025-04-21,210.10789324247492,0.0,44.543429844097204,-55.37098560354337,-0.10362694300518616,半導体,0,3
285A0,2025-04-22,2025-04-22,-27.839643652560753,-140.0560224089631,-112.04481792717047,-22.67573696145164,-1.4522821576763434,半導体,1,2
285A0,2025-04-23,2025-04-23,-5.467468562055933,32.80481137233559,103.8819026790594,-70.3463203463206,-0.6315789473684164,半導体,2,2
285A0,2025-04-24,2025-04-24,-42.171850289931534,-335.82089552238847,-255.8635394456288,-82.0568927789933,1.0063559322033955,半導体,3,2
285A0,2025-04-25,2025-04-25,-69.59314775160652,53.763440860215006,118.27956989247213,-63.76195536663132,0.10487676979549221,半導体,4,2
285A0,2025-04-28,2025-04-28,-153.19598520866396,21.493820526599094,32.24073078989864,-10.712372790573355,-0.41906757464641453,半導体,0,1
285A0,2025-04-30,2025-04-30,-138.07753584705208,-5.3879310344828735,-48.491379310344755,43.31348132106116,1.2466124661246525,半導体,2,1
285A0,2025-05-01,2025-05-01,-255.72722429408668,5.452562704471031,27.262813522355156,-27.173913043477825,-0.6959314775160652,半導体,3,0
285A0,2025-05-02,2025-05-02,-119.82570806100212,49.641478212907316,82.73579702151146,-38.27227993439042,-0.6469002695417836,半導体,4,1
285A0,2025-05-07,2025-05-07,525.1641137855589,-51.81347150259086,82.90155440414449,-138.67488443759623,-1.3392857142857095,半導体,2,4
285A0,2025-05-08,2025-05-08,-334.85540334855403,62.59780907668322,161.7110067814287,-97.53593429158158,-0.39592760180995334,半導体,3,0
285A0,2025-05-09,2025-05-09,71.39214686384454,328.7809812847753,40.465351542742226,287.1536523929463,0.5110732538330387,半導体,4,3
285A0,2025-05-12,2025-05-12,519.6078431372553,311.91806331471116,214.15270018621868,95.71558796718227,-0.5649717514124242,半導体,0,4
285A0,2025-05-13,2025-05-13,-186.95652173913,-190.6873614190685,-115.29933481152943,-80.71748878923812,-1.2499999999999956,半導体,1,1
285A0,2025-05-14,2025-05-14,53.59535506922697,165.1785714285725,49.10714285714324,120.00000000000011,0.9205983889528202,半導体,2,2
285A0,2025-05-15,2025-05-15,40.08908685968926,-132.7433628318586,110.6194690265494,-240.70021881838045,2.2234891676168766,半導体,3,2
285A0,2025-05-16,2025-05-16,-512.9329241560721,230.5209774089434,119.87090825265057,104.7358834244072,-1.171221416620194,半導体,4,0
285A0,2025-05-19,2025-05-19,-78.30492860433024,166.82113067655325,120.48192771084265,45.787545787545625,0.9029345372460584,半導体,0,1
285A0,2025-05-20,2025-05-20,-192.825112107623,13.761467889907841,68.80733944954143,-59.19854280510006,1.6778523489932917,半導体,1,1
285A0,2025-05-21,2025-05-21,-86.83729433272447,13.831258644536604,101.4292300599351,-86.7183934276583,1.2101210121012063,半導体,2,1
285A0,2025-05-22,2025-05-22,-28.261893546868144,-141.84397163120587,4.728132387705752,-146.5028355387521,0.5978260869565322,半導体,3,2
285A0,2025-05-23,2025-05-23,57.971014492752545,-163.06954436450803,-28.776978417266452,-134.68013468013518,-0.8103727714748765,半導体,4,2
285A0,2025-05-26,2025-05-26,73.71007371007377,136.58536585365866,239.02439024390264,-100.04764173415892,,半導体,0,3
285A0,2025-05-27,2025-05-27,-77.03418391911465,48.49660523763344,-48.49660523763344,97.4658869395717,-0.16339869281045694,半導体,1,1
285A0,2025-05-28,2025-05-28,-103.77358490566091,-42.85714285714337,-104.76190476190527,62.560153994224436,-1.6366612111292977,半導体,2,1
285A0,2025-05-29,2025-05-29,46.55493482309092,78.70370370370416,124.99999999999956,-45.72473708276181,-0.8319467554076532,半導体,3,2
285A0,2025-05-30,2025-05-30,-269.1415313225054,57.27923627685038,57.27923627685038,4.748338081670411,-0.7829977628635354,半導体,4,0
285A0,2025-06-02,2025-06-02,-379.6251802018258,9.999999999998899,15.000000000000568,-9.980039920159944,-1.183765501691092,半導体,0,0
285A0,2025-06-03,2025-06-03,-64.9350649350644,-15.082956259426794,-10.055304172951196,-5.032712632109249,0.0,半導体,1,2
285A0,2025-06-04,2025-06-04,252.4752475247527,-86.8306801736618,28.943560057888007,-110.6833493743986,-0.057045065601823985,半導体,2,3
285A0,2025-06-05,2025-06-05,473.1707317073175,-186.04651162790753,-153.48837209302357,-33.06565895134672,0.05707762557076723,半導体,3,4
285A0,2025-06-06,2025-06-06,576.8321513002372,-340.8071748878927,-170.40358744394578,-177.83857729138154,0.855675984027382,半導体,4,4
285A0,2025-06-09,2025-06-09,-185.688405797102,-253.80710659898443,-212.27503461005992,-42.43281471004279,-2.0361990950226283,半導体,0,1
285A0,2025-06-10,2025-06-10,93.8967136150226,-138.8888888888884,64.81481481481532,-197.88311090658038,1.385681293302543,半導体,1,3
285A0,2025-06-11,2025-06-11,-59.360730593607244,68.80733944954143,-110.09174311926606,176.17060732498803,-0.5694760820045608,半導体,2,2
285A0,2025-06-12,2025-06-12,-287.7030162412997,-23.877745940783512,-14.326647564469885,-14.34034416825991,0.45819014891179677,半導体,3,0
285A0,2025-06-13,2025-06-13,-235.46371936568943,-59.11330049261032,-64.03940886699489,9.920634920634885,1.425313568985187,半導体,4,1
285A0,2025-06-16,2025-06-16,39.96003996004083,-9.925558312655625,148.88337468982547,-151.66340508806275,-2.360876897133224,半導体,0,2
285A0,2025-06-17,2025-06-17,394.28289797930114,-175.35545023696696,-37.914691943128354,-133.26987148976733,-0.8059873344847479,半導体,1,4
285A0,2025-06-18,2025-06-18,127.45098039215641,-96.75858732462461,4.837929366230398,-101.5473887814311,0.4643064422518828,半導体,2,3
285A0,2025-06-19,2025-06-19,185.72825024437913,19.1387559808609,-28.70813397129135,47.98464491362786,,半導体,3,3
285A0,2025-06-20,2025-06-20,565.8582976699944,67.41573033707925,98.87640449438129,-31.152647975077883,-0.8665511265164683,半導体,4,4
285A0,2025-06-23,2025-06-23,640.1074306177268,454.3542280185098,307.1098022717722,146.99877501020754,-2.447552447552448,半導体,0,4
285A0,2025-06-24,2025-06-24,-43.06969459671129,19.677292404565172,11.806375442739991,11.797090051119952,-0.8363201911589013,半導体,1,2
285A0,2025-06-25,2025-06-25,-157.75298191612163,-178.57142857142904,-112.57763975155322,-66.74519042010219,-1.0843373493975905,半導体,2,1
285A0,2025-06-26,2025-06-26,-130.76923076923097,-101.52284263959422,109.33229207340966,-208.57473928157623,-0.3654080389768555,半導体,3,1
285A0,2025-06-27,2025-06-27,70.42253521126752,-209.70873786407716,-135.92233009708687,-78.70916961826069,2.0782396088019572,半導体,4,3
285A0,2025-06-30,2025-06-30,-74.07407407407418,-156.92428403295432,141.23185562965767,-294.0038684719537,0.8383233532934131,半導体,0,2
285A0,2025-07-01,2025-07-01,-260.4166666666663,-218.28665568369044,-148.27018121911007,-71.0702341137126,-0.23752969121140222,半導体,1,0
285A0,2025-07-02,2025-07-02,379.5233892321281,288.87000849617596,246.3891248937977,45.62422231439322,2.440476190476182,半導体,2,4
285A0,2025-07-03,2025-07-03,396.3666391412057,87.37092930897639,79.4281175536149,7.880220646176994,0.6391632771644451,半導体,3,4
285A0,2025-07-04,2025-07-04,-465.4771140418934,-313.26281529698963,-93.57200976403578,-221.76591375769993,,半導体,4,0
285A0,2025-07-07,2025-07-07,81.63265306122547,-28.47843775427128,-85.43531326281494,53.3223954060702,-2.944572748267893,半導体,0,3
285A0,2025-07-08,2025-07-08,489.79591836734613,-38.91050583657574,-97.27626459143934,58.93909626718985,-1.903628792385481,半導体,1,4
285A0,2025-07-09,2025-07-09,524.2718446601936,18.51166234727808,-37.02332469455727,59.479553903345476,0.363856882959368,半導体,2,4
285A0,2025-07-10,2025-07-10,-424.107142857143,-112.14230471771059,-96.67440061871591,-15.618898867629794,-1.3293051359516639,半導体,3,0
285A0,2025-07-11,2025-07-11,-102.76679841897285,-91.88973232121423,-43.947263284058735,-48.15409309791296,0.3674219228414044,半導体,4,1
285A0,2025-07-14,2025-07-14,-208.0000000000004,-4.076640847940904,24.459845087647647,-32.52032520325243,0.7321537522879895,半導体,0,1
285A0,2025-07-15,2025-07-15,12.391573729864103,57.494866529774754,-45.17453798768001,103.13531353135286,-2.9073288915808626,半導体,1,2
285A0,2025-07-16,2025-07-16,16.090104585679832,-160.57808109193107,-40.144520272982206,-120.9189842805325,1.3724266999376233,半導体,2,2
285A0,2025-07-17,2025-07-17,-262.28143213988363,255.3191489361706,161.70212765957535,92.12730318257867,-1.1076923076923095,半導体,3,0
285A0,2025-07-18,2025-07-18,-349.7942386831277,12.76595744680753,-38.29787234042592,51.26014523707756,1.8046048537647685,半導体,4,0
285A0,2025-07-22,2025-07-22,241.0675850193722,46.296296296295395,-63.13131313131271,110.12282930961348,-1.2376237623762387,半導体,1,3
285A0,2025-07-23,2025-07-23,262.83367556468204,147.88169464428512,91.92645883293382,55.445544554455495,0.0,半導体,2,3
285A0,2025-07-24,2025-07-24,237.62376237623783,-112.18568665377182,-88.97485493230218,-23.419203747072626,0.6892230576441172,半導体,3,3
285A0,2025-07-25,2025-07-25,-232.74161735700181,-129.03225806451647,-141.12903225806494,16.366612111293755,-0.5600497822028649,半導体,4,1
285A0,2025-07-28,2025-07-28,-52.52525252525287,28.455284552846294,-16.26016260162566,44.788273615634644,-1.689612015018771,半導体,0,2
285A0,2025-07-29,2025-07-29,-53.5199670646358,53.80794701986824,111.75496688741626,-57.30659025787954,-0.8911521323997418,半導体,1,2
285A0,2025-07-30,2025-07-30,-138.6057888300041,115.99005799502793,0.0,115.99005799502793,0.6422607578676853,半導体,2,1
285A0,2025-07-31,2025-07-31,-16.386726751331793,176.59137577002105,28.74743326488627,147.42014742014754,0.574345883854499,半導体,3,2
285A0,2025-08-01,2025-08-01,-37.00657894736836,45.417010734929434,107.3492981007429,-61.27450980392135,-1.07868020304569,半導体,4,2
285A0,2025-08-04,2025-08-04,361.44578313253015,-87.1369294605806,-45.64315352697079,-41.684035014589725,-0.7055805003207238,半導体,0,4
285A0,2025-08-05,2025-08-05,-70.48092868988442,-108.33333333333361,-87.50000000000036,-21.017234131988083,-1.6149870801033583,半導体,1,2
285A0,2025-08-06,2025-08-06,-174.4680851063829,90.98786828422911,4.332755632583396,86.61758336942383,-0.13131976362442677,半導体,2,1
285A0,2025-08-07,2025-08-07,-30.43478260869592,17.436791630340842,30.514385353095363,-8.695652173913437,1.183431952662728,半導体,3,2
285A0,2025-08-08,2025-08-08,186.95652173913,68.31767719897464,29.888983774550848,38.31417624521105,-0.3898635477582846,半導体,4,3
285A0,2025-08-12,2025-08-12,97.5039001560063,81.30081300812941,147.11575687185396,-64.86074017550524,-3.57142857142857,半導体,1,3
285A0,2025-08-13,2025-08-13,-218.86792452830207,-111.88271604938294,-61.72839506172867,-46.60194174757271,0.40404040404040664,半導体,2,1
285A0,2025-08-14,2025-08-14,226.19047619047538,-104.81366459627384,-81.52173913043458,-23.483365949119595,1.0731052984574108,半導体,3,3
285A0,2025-08-15,2025-08-15,-138.99613899613917,66.40624999999956,-70.31250000000044,137.68686073957426,1.9907100199070937,半導体,4,1
285A0,2025-08-18,2025-08-18,-291.82879377431914,-175.9999999999995,-20.000000000000018,-160.2564102564108,-0.3253090435914152,半導体,0,0
285A0,2025-08-19,2025-08-19,-137.70757391656562,85.92471358428888,106.38297872340496,-20.24291497975672,-0.9791122715404721,半導体,1,1
285A0,2025-08-20,2025-08-20,-230.92783505154645,4.2176296921137,21.08814846056406,-12.63157894736855,0.19775873434411118,半導体,2,1
285A0,2025-08-21,2025-08-21,-139.94910941475868,-72.99270072992692,-4.293688278230734,-68.72852233676952,2.1710526315789513,半導体,3,1
285A0,2025-08-22,2025-08-22,497.62007788836104,-70.13201320132056,-41.25412541254092,-28.99751449875754,0.0,半導体,4,4
285A0,2025-08-25,2025-08-25,-282.3719241629685,-91.05960264900625,-124.17218543046337,33.52891869237151,0.3219575016097931,半導体,0,0
285A0,2025-08-26,2025-08-26,-91.55222638368654,205.7958840823182,155.39689206215846,49.627791563275906,-0.6418485237484006,半導体,1,1
285A0,2025-08-27,2025-08-27,66.06110652353392,-65.6275635767023,-36.91550451189518,-28.818443804035088,-1.0981912144702788,半導体,2,2
285A0,2025-08-28,2025-08-28,-16.673614005835447,275.1146310962893,58.35764902042628,215.4993783671788,1.1757021554539504,半導体,3,2
285A0,2025-08-29,2025-08-29,404.9719326383316,-23.121387283236984,123.31406551059798,-148.40182648401813,2.840542285345382,半導体,4,4
285A0,2025-09-01,2025-09-01,227.54021184778316,211.29466000768372,15.366884364194089,195.62715765247373,,半導体,0,3
285A0,2025-09-02,2025-09-02,-3.7105751391464104,-312.035661218425,-100.29717682020767,-210.2102102102099,1.381042059008153,半導体,1,2
285A0,2025-09-03,2025-09-03,154.38054805094527,-30.49942813572293,-49.56157072054879,15.319800842588105,-1.3622291021671784,半導体,2,3
285A0,2025-09-04,2025-09-04,-56.39097744360888,-56.753688989784614,15.13431706394286,-75.52870090634434,0.5021971123666091,半導体,3,2
285A0,2025-09-05,2025-09-05,598.5915492957749,149.50166112956742,33.22259136212536,115.89403973509826,-0.7495315427857641,半導体,4,4
285A0,2025-09-08,2025-09-08,826.5802269043764,-611.0283159463493,-238.45007451564814,-381.67938931297664,1.636249213341734,半導体,0,4
285A0,2025-09-09,2025-09-09,46.72897196261738,-170.27863777089757,-61.919504643962455,-109.03426791277204,-0.6811145510835948,半導体,1,2
285A0,2025-09-10,2025-09-10,235.10971786833812,594.5121951219523,320.1219512195119,250.73746312684443,-0.5610972568578565,半導体,2,3
285A0,2025-09-11,2025-09-11,655.7377049180335,88.38383838383868,-277.7777777777779,363.16472114137576,-0.4388714733542298,半導体,3,4
285A0,2025-09-12,2025-09-12,510.0830367734277,79.36507936507908,-260.7709750566889,349.243306169964,0.37783375314861534,半導体,4,4
285A0,2025-09-16,2025-09-16,-505.2631578947364,472.5274725274731,76.92307692307665,403.9301310043664,1.2389380530973382,半導体,1,0
285A0,2025-09-17,2025-09-17,-43.81161007667056,-241.758241758242,-131.8681318681314,-100.33444816053505,-0.4662004662004615,半導体,2,2
285A0,2025-09-18,2025-09-18,-86.58008658008698,-120.08733624454094,-240.17467248908298,123.0425055928408,-0.5854800936768156,半導体,3,1
285A0,2025-09-19,2025-09-19,-314.1928494041168,134.8314606741563,-56.179775280899015,203.61990950226172,-0.05889281507656108,半導体,4,0
285A0,2025-09-22,2025-09-22,516.4835164835168,135.5578727841511,72.99270072992803,51.70630816959676,-0.5892751915144379,半導体,0,4
285A0,2025-09-24,2025-09-24,-90.00000000000009,-60.42296072507503,50.35246727089549,-110.22044088176308,-0.41103934233704953,半導体,2,1
285A0,2025-09-25,2025-09-25,239.08523908523938,-50.709939148072536,-152.12981744421873,102.9866117404743,0.1768867924528239,半導体,3,3
285A0,2025-09-26,2025-09-26,-385.0156087408951,-500.00000000000045,-228.26086956521775,-278.08676307007784,-0.7651559741024161,半導体,4,0
285A0,2025-09-29,2025-09-29,257.55879059350394,185.38713195201728,54.52562704471031,130.15184381778732,0.0,半導体,0,3
285A0,2025-09-30,2025-09-30,-58.70841487279898,-450.98039215686225,-411.7647058823526,-40.89979550102263,-1.3048635824436494,半導体,1,2
285A0,2025-10-01,2025-10-01,-385.0156087408951,162.33766233766156,-43.29004329004293,206.52173913043416,0.5408653846153744,半導体,2,0
285A0,2025-10-03,2025-10-03,-206.34920634920672,48.543689320388324,145.63106796116497,-95.69377990430672,-0.4154302670623111,半導体,4,1
285A0,2025-10-06,2025-10-06,-47.0219435736674,-125.19561815336422,-266.04068857590033,161.03059581320522,0.5363528009535212,半導体,0,2
285A0,2025-10-07,2025-10-07,-144.69453376205755,-407.8303425774876,-48.939641109299046,-360.655737704918,-0.5927682276229973,半導体,1,1
285A0,2025-10-08,2025-10-08,586.2068965517242,-437.60129659643485,-356.5640194489461,-67.34006734006704,0.655933214072757,半導体,2,4
285A0,2025-10-09,2025-10-09,-31.645569620253333,-174.05063291139223,-126.58227848101222,-48.07692307692291,-0.8293838862559189,半導体,3,2
285A0,2025-10-10,2025-10-10,194.8051948051943,-207.0063694267521,-159.23566878980887,-48.543689320388324,-1.194743130227005,半導体,4,3
285A0,2025-10-14,2025-10-14,48.15409309791407,-367.41214057507966,-287.5399361022368,-82.23684210526328,0.6699147381242332,半導体,1,2
285A0,2025-10-15,2025-10-15,336.1344537815136,243.11183144246405,81.03727714748877,144.46227929374,0.9679370840895318,半導体,2,4
285A0,2025-10-16,2025-10-16,271.4932126696823,29.325513196480912,161.290322580645,-144.09221902017322,1.1384062312762122,半導体,3,3
285A0,2025-10-17,2025-10-17,0.0,-323.52941176470586,-147.05882352941126,-164.4245142002987,0.23696682464455776,半導体,4,2
285A0,2025-10-20,2025-10-20,835.8208955223878,-259.91792065663486,-341.9972640218882,70.72135785006984,0.23640661938533203,半導体,0,4
285A0,2025-10-21,2025-10-21,-204.9180327868849,-222.8412256267409,-250.69637883008312,28.571428571428914,-1.0023584905660354,半導体,1,1
285A0,2025-10-22,2025-10-22,99.71509971509862,239.0998593530247,112.51758087201137,125.17385257301727,0.9529481834425146,半導体,2,3
285A0,2025-10-23,2025-10-23,342.368045649073,110.19283746556363,41.322314049587746,68.58710562414272,0.943952802359882,半導体,3,4
285A0,2025-10-24,2025-10-24,640.3940886699511,45.9770114942537,11.494252873562871,34.443168771527425,-0.8766803039158333,半導体,4,4
285A0,2025-10-27,2025-10-27,-430.8617234468937,305.26315789473733,157.89473684210574,145.07772020725395,0.9433962264151052,半導体,0,0
285A0,2025-10-28,2025-10-28,84.3881856540074,-135.84117032392928,-135.84117032392928,0.0,0.8761682242990565,半導体,1,3
285A0,2025-10-29,2025-10-29,430.22035676810066,120.12012012011964,0.0,120.12012012011964,0.6369426751592355,半導体,2,4
285A0,2025-10-30,2025-10-30,86.70520231213841,265.4028436018963,104.26540284360186,169.014084507042,-1.1507479861910253,半導体,3,3
285A0,2025-10-31,2025-10-31,-114.05109489051046,55.58128763316405,50.9495136637339,9.220839096357736,0.34924330616996624,半導体,4,1
285A0,2025-11-04,2025-11-04,-114.43661971830998,-286.60994178235535,-44.78280340349361,-234.12877082395366,-0.9200690051753835,半導体,1,1
285A0,2025-11-05,2025-11-05,112.64612114771478,781.6021307109189,505.01946322474953,263.28620185275486,0.9866511897852481,半導体,2,3
285A0,2025-11-06,2025-11-06,-75.08833922261537,110.47282368537248,57.44586831639475,57.14285714285783,-1.4367816091954033,半導体,3,1
285A0,2025-11-07,2025-11-07,192.30769230769164,261.80257510729723,-107.29613733905575,373.10195227765684,-0.4664723032069995,半導体,4,3
285A0,2025-11-10,2025-11-10,-34.37738731856377,75.93014426727329,11.38952164009055,60.652009097801326,0.5858230814294041,半導体,0,2
285A0,2025-11-11,2025-11-11,427.5362318840581,-815.9722222222221,-187.50000000000045,-640.4812455767872,0.6406523005241693,半導体,1,4
285A0,2025-11-12,2025-11-12,329.58511050794834,11.346444780635512,3.7821482602118373,7.561436672967048,0.810185185185186,半導体,2,4
285A0,2025-11-13,2025-11-13,465.3846153846164,-284.1328413284128,-166.05166051660512,-116.36636636636611,1.5499425947187229,半導体,3,4
285A0,2025-11-17,2025-11-17,1405.0000000000007,-286.9565217391301,-265.21739130434764,-26.785714285714192,1.0459035444509102,半導体,0,4
285A0,2025-11-18,2025-11-18,-301.3698630136985,-205.84011488750554,-119.67448539971227,-87.20930232558155,0.17251293847038163,半導体,1,0
285A0,2025-11-19,2025-11-19,797.2097658196309,-111.11111111111072,-212.96296296296256,108.84997633696214,-1.320321469575203,半導体,2,4
285A0,2025-11-20,2025-11-20,-520.0000000000005,-427.8523489932884,-843.1208053691274,453.50435180943725,-0.7562536358347915,半導体,3,0
285A0,2025-11-21,2025-11-21,30.430220356767457,363.4453781512614,213.2352941176463,149.16160888797546,-0.17584994138335475,半導体,4,2
285A0,2025-11-25,2025-11-25,-305.5555555555556,-580.3059273422562,-76.48183556405397,-503.1325301204814,-0.11785503830288313,半導体,1,0
285A0,2025-11-26,2025-11-26,154.8022598870058,-692.9922135706346,-344.8275862068961,-360.59907834101404,2.2418879056047114,半導体,2,3
285A0,2025-11-27,2025-11-27,444.4444444444451,148.03184927666192,-26.914881686666003,174.27479199460416,,半導体,3,4
285A0,2025-11-28,2025-11-28,-212.55722694571654,534.6997883480009,37.87456834131619,493.78606302707516,0.461627236006934,半導体,4,1
285A0,2025-12-01,2025-12-01,-751.0818050690293,-122.71307452030311,87.01472556894352,-207.91860207918566,-0.5743825387708235,半導体,0,0
285A0,2025-12-02,2025-12-02,395.7636566332212,-75.3498385360607,-129.17115177610293,54.52562704471031,1.1554015020219577,半導体,1,4
285A0,2025-12-03,2025-12-03,-198.93617021276566,-269.1264243081937,-29.30005425936022,-241.59320927195526,-1.3135351227869796,半導体,2,1
285A0,2025-12-04,2025-12-04,-8.91166313913283,80.03557136505135,-27.790128946197925,108.12618437186394,1.215277777777768,半導体,3,2
285A0,2025-12-05,2025-12-05,484.2830167721868,-5.307292219509652,-104.02292750238851,100.83673031538342,-0.05717552887364308,半導体,4,4
285A0,2025-12-08,2025-12-08,305.8455114822545,257.5757575757587,308.0808080808084,-53.86875612144904,-0.5148741418764313,半導体,0,4
285A0,2025-12-09,2025-12-09,-89.10891089108918,-158.76185721417912,-49.92511233150254,-110.3752759381893,1.5526164462334568,半導体,1,1
285A0,2025-12-10,2025-12-10,-390.47522954293254,-108.7866108786606,-20.920502092049986,-89.08919400482107,-1.5855039637599044,半導体,2,0
285A0,2025-12-11,2025-12-11,111.65098728419309,-7.246376811593791,136.64596273291974,-141.95261437908502,0.690448791714604,半導体,3,3
285A0,2025-12-12,2025-12-12,-1.0214504596528506,119.63190184049122,2.044989775051853,118.5972804416724,-1.1428571428571455,半導体,4,2
285A0,2025-12-15,2025-12-15,-279.66101694915204,40.287456445993186,101.2630662020908,-61.435654235826306,1.6184971098266,半導体,0,0
285A0,2025-12-16,2025-12-16,-98.32081307998286,-251.40291806958425,-185.1851851851849,-66.33119853613923,-0.7963594994311762,半導体,1,1
285A0,2025-12-17,2025-12-17,505.14285714285734,156.8798344046196,-9.80498965028831,166.84841875681533,1.089449541284404,半導体,2,4
285A0,2025-12-18,2025-12-18,347.207009857613,24.30775734516999,-127.87994081589483,155.2462526766596,0.7373794668179334,半導体,3,4
285A0,2025-12-19,2025-12-19,-99.98936283374115,-53.47593582887722,84.49197860962654,-135.76580398812044,-0.16891891891891442,半導体,4,1
285A0,2025-12-22,2025-12-22,723.9583333333344,-126.76743052169704,-48.756704046806206,-78.39294463498292,0.7896221094190636,半導体,0,4
285A0,2025-12-23,2025-12-23,-210.50521251002374,178.1691583043221,180.21707966414002,-4.022526146419958,0.11191941801902416,半導体,1,1
285A0,2025-12-24,2025-12-24,236.22047244094446,197.21019721019806,168.3501683501687,23.640661938533203,0.7266629401900593,半導体,2,3
285A0,2025-12-25,2025-12-25,-78.30492860433024,55.76208178438735,-102.23048327137496,154.85687470671027,,半導体,3,1
285A0,2025-12-26,2025-12-26,466.9440591770679,61.83745583038913,61.83745583038913,0.0,-0.2219755826859071,半導体,4,4
285A0,2025-12-29,2025-12-29,-530.4347826086953,-169.88062442607864,-169.88062442607864,0.0,-1.5572858731924377,半導体,0,0
285A0,2025-12-30,2025-12-30,134.61538461538413,-104.26540284360186,-52.13270142180093,-52.405907575036046,-0.4519774011299438,半導体,1,3
285A0,2026-01-05,2026-01-05,312.77533039647534,-265.1839178785287,-68.43455945252374,-198.10508182601217,1.7162471395880896,半導体,0,4
285A0,2026-01-06,2026-01-06,-378.2608695652179,414.2278253039167,144.0792435839722,270.87033747779765,-0.16872890888638414,半導体,1,0
285A0,2026-01-07,2026-01-07,-198.52941176470628,-410.54613935969877,-124.29378531073398,-289.8550724637683,0.5633802816901401,半導体,2,1
285A0,2026-01-08,2026-01-08,-227.61194029850773,-42.0972062763103,68.88633754305485,-106.46387832699666,-0.11204481792717047,半導体,3,1
285A0,2026-01-09,2026-01-09,-239.59151610369213,152.3656776263027,8.01924619085792,144.23076923076871,-0.11217049915872579,半導体,4,1
285A0,2026-01-13,2026-01-13,-51.132213294375894,47.688921496698015,29.347028613353476,18.28822238478356,-0.3556609365737984,半導体,1,2
285A0,2026-01-14,2026-01-14,-479.27927927927885,45.454545454546306,-34.09090909090917,79.81755986316897,0.4759071980963814,半導体,2,0
285A0,2026-01-15,2026-01-15,258.55513307984745,88.95478131949686,11.119347664936274,74.01924500370028,-0.4736530491415092,半導体,3,3
285A0,2026-01-16,2026-01-16,435.56515478761605,162.01309893140393,34.47087211306376,130.58419243986208,1.1302795954788891,半導体,4,4
285A0,2026-01-19,2026-01-19,346.15384615384716,273.6486486486478,239.8648648648649,36.30363036303707,,半導体,0,4
285A0,2026-01-20,2026-01-20,-299.1452991452992,367.72216547497516,177.0514130064682,187.353629976581,-0.23529411764705577,半導体,1,0
285A0,2026-01-21,2026-01-21,677.5850995504173,-89.82035928143728,-143.71257485029986,54.67800729040073,-0.5306603773584939,半導体,2,4
285A0,2026-01-22,2026-01-22,-211.5965924704588,19.58041958042056,95.10489510489606,-72.06208425720617,0.5334914048606976,半導体,3,1
285A0,2026-01-23,2026-01-23,122.85714285714234,-197.7401129943501,-192.09039548022554,-5.760368663594306,1.5919811320754818,半導体,4,3
285A0,2026-01-26,2026-01-26,-23.255813953488857,222.22222222222143,73.09941520467822,145.0957632037153,-0.5223447475333765,半導体,0,2
285A0,2026-01-27,2026-01-27,145.7559302657896,392.65536723163797,79.09604519773961,313.98934679002014,-0.4667444574095736,半導体,1,3
285A0,2026-01-28,2026-01-28,119.36339522546469,-81.10936682365289,-190.9994767137624,112.02987463323488,0.9964830011723436,半導体,2,3
285A0,2026-01-29,2026-01-29,-467.17171717171715,195.7671957671958,243.38624338624325,-49.05757810482858,0.05803830528148257,半導体,3,0
285A0,2026-01-30,2026-01-30,285.7142857142847,-4.694835680750797,-18.779342723004298,16.466713714420322,-0.6380510440835319,半導体,4,4
285A0,2026-02-02,2026-02-02,113.29305135951762,-774.2584213172444,-218.70286576168962,-567.9773837059887,-0.6421482778750764,半導体,0,3
285A0,2026-02-03,2026-02-03,112.72545090180274,282.45787908820705,151.13974231912852,131.8359375,0.763807285546414,半導体,1,3
285A0,2026-02-04,2026-02-04,-33.70245546461259,75.06053268765189,26.634382566586012,45.871559633028355,0.05830903790087216,半導体,2,2
285A0,2026-02-05,2026-02-05,191.0994764397911,129.66804979253067,-150.41493775933557,284.36018957346045,1.4568764568764658,半導体,3,3
285A0,2026-02-06,2026-02-06,481.28342245989273,-304.5685279187815,-177.66497461928932,-131.74890209248224,-1.0338885697874778,半導体,4,4
285A0,2026-02-09,2026-02-09,-294.7571877265043,-575.9162303664922,-27.424582398404283,-547.636909227307,-0.5223447475333765,半導体,0,0
285A0,2026-02-10,2026-02-10,-63.59300476947549,58.933833377980974,48.2185909456212,10.663822980538917,0.05834305717620225,半導体,1,2
285A0,2026-02-12,2026-02-12,495.32474096537715,113.22572874006286,9.636232233196651,103.48977135980819,0.8182349503214503,半導体,3,4
285A0,2026-02-13,2026-02-13,-596.3114754098365,-15.317286652078987,107.22100656455069,-116.95906432748538,0.1159420289855051,半導体,4,0
285A0,2026-02-16,2026-02-16,-251.8454190186714,-62.11180124223614,33.27417923691289,-97.2590627763037,,半導体,0,1
285A0,2026-02-17,2026-02-17,-125.5605381165914,170.68730086481577,81.92990441511228,88.03611738148919,-1.2159814707585426,半導体,1,1
285A0,2026-02-18,2026-02-18,-71.10091743119273,-141.13836186950502,34.70615455807513,-177.50115260488752,0.0,半導体,2,2
285A0,2026-02-19,2026-02-19,-224.0143369175629,-194.68621163536426,-164.9106733852501,-30.274802049371495,-0.058616647127784915,半導体,3,1
285A0,2026-02-20,2026-02-20,-441.9370004701462,90.79754601226897,49.07975460122671,43.96678065461623,0.4105571847507372,半導体,4,0
285A0,2026-02-24,2026-02-24,387.24911452184153,93.18181818181782,293.181818181818,-192.1378091872794,0.23378141437755406,半導体,1,4
285A0,2026-02-25,2026-02-25,-293.30254041570413,144.5497630331749,87.67772511848237,54.015969938938646,0.5830903790087438,半導体,2,0
285A0,2026-02-26,2026-02-26,-314.0877598152425,71.3097218920855,-16.638935108153063,85.69388240895037,0.5797101449275255,半導体,3,0
285A0,2026-02-27,2026-02-27,52.88461538461631,54.90570541895501,0.0,52.505966587113036,1.037463976945241,半導体,4,2
285A0,2026-03-02,2026-03-02,299.5169082125604,81.92883895131064,154.494382022472,-73.74971191518753,-1.197946377638337,半導体,0,4
285A0,2026-03-03,2026-03-03,-343.951985226223,-393.7007874015752,-26.24671916010457,-368.42105263157896,0.34642032332563577,半導体,1,0
285A0,2026-03-04,2026-03-04,-257.6530612244898,100.00000000000009,78.94736842105176,26.123301985370162,-0.6329113924050667,半導体,2,0
285A0,2026-03-05,2026-03-05,34.1796875,-2.450980392156854,105.39215686274473,-109.11736178467524,2.316155182397228,半導体,3,2
285A0,2026-03-06,2026-03-06,-177.50000000000043,106.46387832699666,-17.743979721166482,127.00025400050885,1.2450481041312855,半導体,4,1
285A0,2026-03-09,2026-03-09,-411.682892906815,446.50623369092426,-26.094520150767853,476.88281477173524,-1.8446059250978197,半導体,0,0
285A0,2026-03-10,2026-03-10,-57.50000000000033,-116.16161616161635,-214.6464646464652,100.64516129032253,-0.5694760820045608,半導体,1,2
285A0,2026-03-11,2026-03-11,283.91167192429066,49.365303244006675,148.09590973201782,-94.99536607970316,1.9473081328751363,半導体,2,4
285A0,2026-03-12,2026-03-12,171.42857142857127,44.81132075471628,61.32075471698029,-16.40881387716786,1.1235955056179803,半導体,3,3
285A0,2026-03-13,2026-03-13,160.53346505309872,266.9255035185625,104.34360592089354,158.46338535414174,0.7777777777777883,半導体,4,3
285A0,2026-03-16,2026-03-16,-115.7407407407407,515.1515151515151,272.7272727272734,235.9882005899716,0.2756339581036382,半導体,0,1
285A0,2026-03-17,2026-03-17,-350.0859106529208,-395.6434763280725,-84.46321404756651,-313.8309796009864,-0.05497526113249496,半導体,1,0
285A0,2026-03-18,2026-03-18,0.0,189.87341772152,-15.277171540811763,205.4644808743178,1.980198019801982,半導体,2,2
285A0,2026-03-19,2026-03-19,-242.35807860262025,-46.88546550569272,-62.51395400759141,13.477088948787852,1.4023732470334505,半導体,3,1
285A0,2026-03-23,2026-03-23,117.04119850187267,-18.552875695733164,25.510204081633514,-41.64738546968971,-1.2332439678284235,半導体,0,3
285A0,2026-03-24,2026-03-24,-630.7339449541282,342.2982885085579,180.92909535452284,158.50144092218966,0.3800217155266017,半導体,1,0
285A0,2026-03-25,2026-03-25,199.3971713424525,254.00457665903932,77.80320366132631,174.84105358764657,1.1357490535424564,半導体,2,3
285A0,2026-03-26,2026-03-26,-279.05904059040586,4.761904761905189,192.85714285714351,-182.24299065420558,-0.2673796791443861,半導体,3,0
285A0,2026-03-27,2026-03-27,388.6010362694292,92.03980099502517,32.33830845771113,59.50905033473841,-0.965147453083115,半導体,4,4
285A0,2026-03-30,2026-03-30,56.788848735156435,157.72068176036714,124.65021622996674,37.707390648566985,-1.4076881429344934,半導体,0,2
285A0,2026-03-31,2026-03-31,321.72294602499375,-180.87855297157617,-310.0775193798455,133.3333333333342,0.7138934651290452,半導体,1,4
285A0,2026-04-01,2026-04-01,86.62175168431263,373.80952380952294,214.28571428571354,156.1771561771552,-1.199563794983638,半導体,2,3
285A0,2026-04-02,2026-04-02,-632.170978627672,152.06372194062288,176.20082066135635,-21.35231316725994,-0.22075055187638082,半導体,3,0
285A0,2026-04-03,2026-04-03,-109.94044892350007,136.07011070110752,73.80073800737907,61.81318681318659,0.0,半導体,4,1
285A0,2026-04-06,2026-04-06,137.88426763110317,244.77880080844284,119.02088479676553,124.27873945849876,0.38716814159291957,半導体,0,3
285A0,2026-04-07,2026-04-07,-216.73819742489275,221.6370419135405,52.66622778143493,168.0855708360629,-1.1019283746556474,半導体,1,1
285A0,2026-04-08,2026-04-08,251.23715264560252,264.8148148148155,201.85185185185082,61.71719005264143,-0.3342618384401086,半導体,2,3
285A0,2026-04-09,2026-04-09,308.3782277540403,-12.63537906137202,-39.71119133573953,29.001268805510794,-0.6148686416992732,半導体,3,4
285A0,2026-04-10,2026-04-10,74.13793103448363,219.81738248224582,148.7994589110575,66.62225183211135,-0.8436445444319429,半導体,4,3
285A0,2026-04-13,2026-04-13,142.13197969543234,432.75632490013203,23.302263648468102,408.50215875124496,0.05672149744753163,半導体,0,3
285A0,2026-04-14,2026-04-14,-66.35333149018541,-284.1225626740951,-206.12813370473492,-79.63594994311762,0.45351473922903285,半導体,1,2
285A0,2026-04-15,2026-04-15,-557.1428571428571,-196.61222020568636,39.322444041136606,-237.95180722891553,1.975169300225743,半導体,2,0
285A0,2026-04-16,2026-04-16,-118.18181818181839,294.9224688355123,-148.98145332927993,450.6172839506162,-0.6640841173215284,半導体,3,1
285A0,2026-04-17,2026-04-17,-460.5263157894735,-389.08064010040766,-244.74427361154682,-147.9575426182056,-0.16713091922005985,半導体,4,0
285A0,2026-04-20,2026-04-20,41.693393200770146,-274.23469387755085,-226.4030612244894,-55.42875774372402,0.8928571428571397,半導体,0,2
285A0,2026-04-21,2026-04-21,604.2884990253406,58.246474555487815,36.78724708767733,21.38057422113704,0.38716814159291957,半導体,1,4
285A0,2026-04-22,2026-04-22,427.27272727272725,110.20881670533723,34.8027842227383,78.05724197744945,0.11019283746556141,半導体,2,4
285A0,2026-04-23,2026-04-23,-476.7123287671238,321.3555360794618,157.75635407537348,161.05838366407886,0.27517886626307053,半導体,3,0
285A0,2026-04-24,2026-04-24,-178.72340425531874,40.65040650406581,14.518002322880807,29.002320185613772,-0.1097694840834218,半導体,4,1
285A0,2026-04-27,2026-04-27,158.14741598418448,-138.8888888888884,86.11111111111126,-225.77092511013254,1.318681318681314,半導体,0,3
285A0,2026-04-28,2026-04-28,145.60439560439508,-143.63143631436316,-59.620596205962606,-87.21722540201648,0.9219088937093334,半導体,1,3
285A0,2026-04-30,2026-04-30,122.79765082754857,-60.97560975609761,-90.13785790031758,29.427501337613293,-0.32171581769436797,半導体,3,3
285A0,2026-05-01,2026-05-01,-54.794520547944984,-2.756339581035938,49.61411245865577,-54.839594187002795,0.6455083378160253,半導体,4,2
285A0,2026-05-08,2026-05-08,122.26066897347066,33.928975344945655,-40.71477041393323,74.94889847831088,0.993926007730539,半導体,4,3
285A0,2026-05-11,2026-05-11,-276.4227642276418,-470.83333333333366,-133.3333333333331,-342.0608108108103,0.8201202843083566,半導体,0,0
285A0,2026-05-12,2026-05-12,-61.83368869935979,-87.90737564322471,-154.3739279588341,67.50871080139387,1.3557483731019504,半導体,1,2
285A0,2026-05-13,2026-05-13,850.4464285714275,381.69505438128357,36.938231069156835,345.60327198364104,0.48154093097914075,半導体,2,4
285A0,2026-05-14,2026-05-14,499.3009786299174,-747.4670235136682,-198.8147581724331,-561.6224648985957,-3.833865814696491,半導体,3,4
285A0,2026-05-15,2026-05-15,-571.605447791993,-314.0676117775354,-316.2486368593243,2.2522522522527844,0.8305647840531671,半導体,4,0
285A0,2026-05-19,2026-05-19,-530.6671793885787,32.32323232323253,-26.262626262626434,58.740125582337214,-0.41906757464641453,半導体,1,0
285A0,2026-05-20,2026-05-20,-82.35294117647007,174.08506429277938,79.12957467853587,96.1915979583816,-1.9989479221462436,半導体,2,1
285A0,2026-05-21,2026-05-21,840.683054982172,-385.1468048359241,-122.62521588946473,-264.07834907310246,-0.7514761137949577,半導体,3,4
285A0,2026-05-22,2026-05-22,-52.17391304347841,24.45842068483639,-47.16981132075526,71.96770229945582,0.21633315305571443,半導体,4,2
285A0,2026-05-25,2026-05-25,875.2997601918455,278.740157480315,222.0472440944876,53.91250770178768,,半導体,0,4
285A0,2026-05-26,2026-05-26,-584.8484848484848,-17.599999999999838,-75.1999999999997,59.65817478232882,-0.2698327037236936,半導体,1,0
285A0,2026-05-27,2026-05-27,-427.986037334952,-340.6210392902409,-11.089987325728634,-328.3629441624369,-1.406926406926412,半導体,2,0
285A0,2026-05-28,2026-05-28,301.6949152542381,178.2145236508992,-449.700199866756,657.4816881757939,0.2195389681668436,半導体,3,4
285A0,2026-05-29,2026-05-29,120.00000000000011,63.041765169424835,83.5303388494868,-21.878418502890852,-0.383351588170866,半導体,4,3
30350,2024-05-10,2024-05-10,-79.36507936507908,-47.61904761904745,,-15.923566878981443,2.8232636928289034,半導体,4,0
30350,2024-05-13,2024-05-13,653.59477124183,-108.1916537867078,-185.47140649149975,62.89308176100627,1.3728720483251022,半導体,0,4
30350,2024-05-15,2024-05-15,-92.16589861751112,185.75851393188847,,123.07692307692352,1.5907844212835975,半導体,2,0
30350,2024-05-16,2024-05-16,0.0,61.91950464396356,,,-1.2419006479481687,半導体,3,2
30350,2024-05-20,2024-05-20,-15.77287066246047,0.0,,0.0,1.656543346217565,半導体,0,2
30350,2024-05-21,2024-05-21,-15.748031496063408,0.0,,0.0,-0.4888647474198815,半導体,1,2
30350,2024-05-22,2024-05-22,-78.24726134585292,15.77287066246047,-15.77287066246047,,0.6550218340611424,半導体,2,0
30350,2024-05-23,2024-05-23,15.748031496063408,-62.89308176100627,,-47.24409448818911,0.759219088937102,半導体,3,3
30350,2024-05-24,2024-05-24,-78.86435331230234,31.897926634769647,,,0.10764262648008671,半導体,4,0
30350,2024-05-27,2024-05-27,-31.645569620253333,-15.822784810126667,,15.873015873015817,,半導体,0,1
30350,2024-05-28,2024-05-28,0.0,-15.748031496063408,,-15.748031496063408,-0.37634408602150726,半導体,1,2
30350,2024-05-29,2024-05-29,0.0,-15.847860538826808,-15.847860538826808,,-1.6729627630868826,半導体,2,2
30350,2024-06-04,2024-06-04,-76.92307692307665,92.73570324574987,77.27975270479081,15.337423312884457,-0.22573363431150906,半導体,1,0
30350,2024-06-05,2024-06-05,92.73570324574987,60.79027355623046,30.39513677811634,30.303030303029388,-0.6221719457013553,半導体,2,4
30350,2024-06-06,2024-06-06,-90.09009009009029,60.698027314112224,30.349013657056112,45.454545454546306,3.1872509960159334,半導体,3,0
30350,2024-06-07,2024-06-07,0.0,60.698027314112224,,45.454545454546306,-0.9376723662437914,半導体,4,2
30350,2024-06-10,2024-06-10,-120.48192771084376,-15.267175572518665,-30.534351145038443,0.0,0.44543429844097204,半導体,0,0
30350,2024-06-12,2024-06-12,-76.33587786259555,76.92307692307665,0.0,61.443932411673345,0.8903728436282732,半導体,2,0
30350,2024-06-13,2024-06-13,30.62787136294043,0.0,,0.0,1.103143960286812,半導体,3,3
30350,2024-06-17,2024-06-17,45.94180704440953,15.313935681469104,,,-1.0590858416945403,半導体,0,3
30350,2024-06-18,2024-06-18,-15.19756838905817,-121.39605462822445,-15.174506828528056,-45.871559633027246,0.9577464788732337,半導体,1,2
30350,2024-06-19,2024-06-19,-91.32420091324201,-46.08294930875556,-46.08294930875556,,,半導体,2,0
30350,2024-06-25,2024-06-25,-45.80152671755711,-30.721966205836672,-30.721966205836672,,-2.1927293710328866,半導体,1,1
30350,2024-06-26,2024-06-26,0.0,0.0,-31.00775193798477,15.527950310558758,-1.1209439528023557,半導体,2,2
30350,2024-06-27,2024-06-27,387.59689922480686,-74.29420505200568,0.0,30.030030030030463,-0.9546539379474916,半導体,3,4
30350,2024-06-28,2024-06-28,-103.39734121122545,239.1629297458886,149.4768310911798,163.20474777448135,-4.0963855421686795,半導体,4,0
30350,2024-07-01,2024-07-01,-58.39416058394109,73.52941176470563,,73.52941176470563,0.18844221105527303,半導体,0,1
30350,2024-07-02,2024-07-02,-43.66812227074246,-29.197080291970543,-29.197080291970543,0.0,0.940438871473348,半導体,1,1
30350,2024-07-03,2024-07-03,-146.19883040935645,192.5925925925931,,162.4815361890697,0.31055900621117516,半導体,2,0
30350,2024-07-04,2024-07-04,-58.39416058394109,58.30903790087439,-14.57725947521915,58.30903790087439,,半導体,3,1
30350,2024-07-05,2024-07-05,88.23529411764675,29.239766081872176,-29.239766081871068,29.239766081872176,2.0433436532507843,半導体,4,4
30350,2024-07-08,2024-07-08,0.0,0.0,14.556040756914523,-14.534883720930258,-3.3373786407767003,半導体,0,2
30350,2024-07-09,2024-07-09,58.73715124816492,72.99270072992803,,72.99270072992803,0.37664783427495685,半導体,1,3
30350,2024-07-10,2024-07-10,-14.450867052022698,-28.985507246376272,-14.492753623188692,-14.513788098693414,1.5009380863039379,半導体,2,2
30350,2024-07-11,2024-07-11,0.0,-173.41040462427793,-173.41040462427793,,0.800985828712264,半導体,3,2
30350,2024-07-12,2024-07-12,-58.565153733528554,-14.641288433382416,-29.28257686676372,0.0,-2.200488997555017,半導体,4,1
30350,2024-07-16,2024-07-16,-115.60693641618491,0.0,,,1.6035920461834552,半導体,1,0
30350,2024-07-17,2024-07-17,-29.197080291970543,29.28257686676483,14.641288433381305,14.619883040936088,0.7575757575757569,半導体,2,1
30350,2024-07-18,2024-07-18,58.39416058394109,0.0,,43.98826979472137,-1.8796992481203034,半導体,3,3
30350,2024-07-22,2024-07-22,-29.154518950437193,58.73715124816492,,58.73715124816492,2.298850574712641,半導体,0,1
30350,2024-07-23,2024-07-23,0.0,-43.79562043795637,-72.99270072992692,0.0,0.3745318352059934,半導体,1,2
30350,2024-07-24,2024-07-24,0.0,-29.28257686676372,-43.92386530014613,0.0,0.43532338308458485,半導体,2,2
30350,2024-07-25,2024-07-25,0.0,-88.7573964497046,,-132.54786450662692,0.6811145510835948,半導体,3,2
30350,2024-07-26,2024-07-26,-14.880952380952328,14.903129657228842,44.709388971684305,-175.43859649122862,-2.890528905289058,半導体,4,2
30350,2024-07-29,2024-07-29,-72.99270072992692,29.41176470588225,29.41176470588225,0.0,0.5066497783407176,半導体,0,0
30350,2024-07-30,2024-07-30,29.197080291971655,0.0,,0.0,-2.2684310018903586,半導体,1,3
30350,2024-07-31,2024-07-31,14.409221902016434,0.0,0.0,0.0,-1.3539651837524147,半導体,2,3
30350,2024-08-01,2024-08-01,-43.79562043795637,29.1545189504383,-14.57725947521915,43.79562043795637,0.2614379084967311,半導体,3,1
30350,2024-08-02,2024-08-02,14.619883040936088,-131.7715959004395,-29.28257686676372,-117.30205278592365,0.9126466753585305,半導体,4,3
30350,2024-08-05,2024-08-05,-764.5259938837922,-16.129032258064278,-64.51612903225823,-64.20545746388396,1.0981912144702788,半導体,0,0
30350,2024-08-06,2024-08-06,-306.27871362940317,111.64274322169155,111.64274322169155,31.645569620253333,-0.8945686900958427,半導体,1,0
30350,2024-08-07,2024-08-07,244.2996742671011,143.08426073131875,95.38950715421323,31.446540880504248,-0.9671179883945835,半導体,2,4
30350,2024-08-08,2024-08-08,47.31861198738141,-47.24409448818911,-31.496062992125708,-15.797788309637184,-1.3671875,半導体,3,3
30350,2024-08-09,2024-08-09,127.79552715654896,-47.393364928910444,-78.9889415481837,-47.393364928910444,-0.46204620462045876,半導体,4,4
30350,2024-08-13,2024-08-13,-15.847860538826808,-126.38230647709304,-94.78672985781978,-31.897926634768538,-1.5645371577574951,半導体,1,1
30350,2024-08-14,2024-08-14,47.999999999999154,0.0,-15.923566878981443,15.948963317384823,0.9271523178807861,半導体,2,3
30350,2024-08-15,2024-08-15,47.923322683705024,15.948963317384823,31.897926634769647,-15.898251192368873,-1.5748031496062964,半導体,3,3
30350,2024-08-16,2024-08-16,-31.250000000000444,-219.7802197802201,-15.698587127158659,-157.9778830963663,-1.2666666666666715,半導体,4,1
30350,2024-08-19,2024-08-19,101.86757215619791,67.22689075630228,33.61344537815114,67.22689075630228,2.160702228224176,半導体,0,4
30350,2024-08-20,2024-08-20,252.95109612141653,-197.04433497536922,-114.94252873563204,-83.0564784053156,-0.7270323859881023,半導体,1,4
30350,2024-08-21,2024-08-21,-69.32409012131768,-34.90401396160525,17.452006980802626,-52.26480836236891,0.13315579227697327,半導体,2,0
30350,2024-08-22,2024-08-22,139.13043478260835,34.24657534246478,-51.36986301369828,86.05851979345935,-1.3962765957446832,半導体,3,4
30350,2024-08-23,2024-08-23,-84.45945945945942,-101.18043844856706,-101.18043844856706,0.0,-0.8091706001348564,半導体,4,0
30350,2024-08-26,2024-08-26,-153.32197614991495,242.63431542461024,103.98613518197486,137.22126929674116,-1.5635622025832796,半導体,0,0
30350,2024-08-27,2024-08-27,110.93502377178987,94.63722397476282,-78.86435331230234,174.8807631160565,1.4502762430939287,半導体,1,4
30350,2024-08-28,2024-08-28,-344.28794992175324,129.8701298701288,146.10389610389518,0.0,-0.5445881552076259,半導体,2,0
30350,2024-08-29,2024-08-29,-82.23684210526328,-149.25373134328402,-116.08623548922003,-33.55704697986628,1.4373716632443578,半導体,3,0
30350,2024-08-30,2024-08-30,-83.47245409014991,84.03361344537785,-16.80672268907557,84.03361344537785,2.1592442645074206,半導体,4,0
30350,2024-09-02,2024-09-02,-265.7807308970095,-34.07155025553665,-34.07155025553665,0.0,,半導体,0,0
30350,2024-09-03,2024-09-03,-101.52284263959422,34.18803418803407,,34.18803418803407,1.7833553500660404,半導体,1,0
30350,2024-09-04,2024-09-04,-172.41379310344863,-52.35602094240788,-17.452006980802626,-34.96503496503544,1.5574302401038187,半導体,2,0
30350,2024-09-05,2024-09-05,35.58718861210064,-35.14938488576425,-35.14938488576425,0.0,-0.31948881789137795,半導体,3,3
30350,2024-09-06,2024-09-06,-17.636684303351522,-35.39823008849585,-53.09734513274322,17.79359430605032,-1.7948717948717996,半導体,4,1
30350,2024-09-09,2024-09-09,-195.72953736654796,108.69565217391353,18.115942028984477,72.20216606498298,0.32637075718016106,半導体,0,0
30350,2024-09-10,2024-09-10,35.71428571428559,0.0,,0.0,-0.8458035133376729,半導体,1,3
30350,2024-09-11,2024-09-11,0.0,-89.28571428571396,-89.28571428571396,18.050541516245744,0.0,半導体,2,2
30350,2024-09-12,2024-09-12,0.0,71.68458781362075,0.0,35.71428571428559,1.7060367454068137,半導体,3,2
30350,2024-09-13,2024-09-13,0.0,0.0,,53.571428571428385,1.6774193548387162,半導体,4,2
30350,2024-09-18,2024-09-18,-17.857142857142794,195.38188277087087,106.57193605683845,87.87346221441172,0.0,半導体,2,1
30350,2024-09-19,2024-09-19,0.0,122.59194395796813,,122.59194395796813,-1.5767131594906059,半導体,3,2
30350,2024-09-24,2024-09-24,-67.91171477079749,103.2702237521521,0.0,,-0.3026634382566562,半導体,1,0
30350,2024-09-26,2024-09-26,0.0,51.2820512820511,51.2820512820511,34.129692832765016,-0.48192771084337727,半導体,3,2
30350,2024-09-30,2024-09-30,52.53940455341555,52.35602094240788,-209.42408376963374,105.26315789473716,1.556886227544907,半導体,0,3
30350,2024-10-01,2024-10-01,-51.72413793103403,51.19453924914641,0.0,51.19453924914641,1.0613207547169878,半導体,1,1
30350,2024-10-02,2024-10-02,102.21465076660996,-33.67003367003352,-33.67003367003352,16.920473773265332,0.7584597432905404,半導体,2,4
30350,2024-10-03,2024-10-03,33.67003367003463,-33.61344537815114,16.80672268907557,-33.61344537815114,-0.8685581933989606,半導体,3,3
30350,2024-10-04,2024-10-04,-50.59021922428353,185.8108108108114,84.45945945946053,83.61204013378031,-0.6425233644859807,半導体,4,1
30350,2024-10-07,2024-10-07,0.0,-129.6596434359809,-113.45218800648315,0.0,0.29394473838917357,半導体,0,2
30350,2024-10-08,2024-10-08,66.11570247933906,-16.4473684210531,-32.89473684210509,0.0,-1.348182883939042,半導体,1,4
30350,2024-10-09,2024-10-09,-98.84678747940745,0.0,,-16.501650165016144,0.11883541295305555,半導体,2,0
30350,2024-10-10,2024-10-10,32.8947368421062,-32.840722495894866,,-16.4473684210531,-0.7121661721068206,半導体,3,3
30350,2024-10-15,2024-10-15,-99.5024875621886,-50.25125628140725,-16.750418760469454,,-1.5328019619865074,半導体,1,0
30350,2024-10-16,2024-10-16,33.67003367003463,16.80672268907557,,,0.7471980074719831,半導体,2,3
30350,2024-10-18,2024-10-18,-101.69491525423679,34.18803418803407,,,-0.6760909649661917,半導体,4,0
30350,2024-10-21,2024-10-21,-170.94017094017144,-52.083333333333705,-17.361111111111605,,1.3613861386138515,半導体,0,0
30350,2024-10-22,2024-10-22,17.482517482516613,-17.452006980802626,34.90401396160525,-34.8432055749126,1.7094017094017033,半導体,1,3
30350,2024-10-23,2024-10-23,0.0,-35.14938488576425,-52.724077328646366,-17.605633802817433,0.6002400960384069,半導体,2,2
30350,2024-10-24,2024-10-24,88.49557522123908,-88.49557522123908,-35.39823008849585,-35.58718861209953,0.5966587112171906,半導体,3,4
30350,2024-10-25,2024-10-25,-35.71428571428559,17.889087656528524,17.889087656528524,-17.825311942959445,-1.3641755634638209,半導体,4,1
30350,2024-10-28,2024-10-28,17.921146953405742,17.985611510791255,-17.985611510791255,54.15162454873723,-1.3229104028863459,半導体,0,3
30350,2024-10-29,2024-10-29,143.88489208633004,17.667844522968323,0.0,53.19148936170137,0.8531383302864182,半導体,1,4
30350,2024-10-30,2024-10-30,35.52397868561208,88.02816901408494,,52.63157894736858,-0.5438066465256797,半導体,2,3
30350,2024-10-31,2024-10-31,-88.33922261484051,17.69911504424737,70.7964601769917,-35.21126760563376,-0.060753341433783525,半導体,3,0
30350,2024-11-01,2024-11-01,0.0,35.08771929824572,,17.513134851139256,0.8510638297872353,半導体,4,2
30350,2024-11-06,2024-11-06,0.0,-17.54385964912286,,-35.026269702276295,1.9115890083632125,半導体,2,2
30350,2024-11-12,2024-11-12,17.69911504424737,-88.33922261484051,,,-0.11641443538998875,半導体,1,3
30350,2024-11-15,2024-11-15,-123.02284710017597,-35.14938488576425,,-35.14938488576425,1.2537313432835928,半導体,4,0
30350,2024-11-18,2024-11-18,0.0,-35.460992907800915,-35.460992907800915,,1.2382075471698117,半導体,0,2
30350,2024-11-19,2024-11-19,89.76660682226134,35.778175313059265,-17.889087656529632,17.857142857142794,-0.4659289458357585,半導体,1,4
30350,2024-11-20,2024-11-20,-53.571428571428385,-35.650623885917774,,53.95683453237376,0.702165008777067,半導体,2,1
30350,2024-11-21,2024-11-21,-35.90664272890454,-36.03603603603567,-18.018018018017834,,-0.755374782103424,半導体,3,1
30350,2024-11-22,2024-11-22,36.16636528029016,-18.018018018017834,,,-0.23419203747072626,半導体,4,3
30350,2024-11-25,2024-11-25,0.0,0.0,,0.0,-0.17605633802817433,半導体,0,2
30350,2024-11-26,2024-11-26,72.3327305605781,-71.81328545781018,-71.81328545781018,0.0,-1.3521457965902428,半導体,1,4
30350,2024-11-28,2024-11-28,-17.857142857142794,-17.95332136445227,,-17.95332136445227,,半導体,3,1
30350,2024-11-29,2024-11-29,-269.784172661871,-55.045871559632474,-55.045871559632474,-55.045871559632474,1.9879518072289049,半導体,4,0
30350,2024-12-02,2024-12-02,-18.348623853210455,-109.09090909090868,,-72.99270072992692,0.4725339633786074,半導体,0,1
30350,2024-12-03,2024-12-03,0.0,-163.63636363636357,-90.90909090909038,-73.39449541284404,-0.4115226337448541,半導体,1,2
30350,2024-12-04,2024-12-04,-36.6300366300365,-36.83241252302017,-18.416206261510084,-18.450184501844767,-0.2951593860684776,半導体,2,1
30350,2024-12-06,2024-12-06,-91.91176470588202,0.0,0.0,-18.518518518518825,1.2918379330593144,半導体,4,0
30350,2024-12-09,2024-12-09,-55.248618784530244,0.0,-18.518518518518825,0.0,0.521739130434784,半導体,0,1
30350,2024-12-10,2024-12-10,0.0,-36.96857670979714,-36.96857670979714,-18.518518518518825,1.6147635524798254,半導体,1,2
30350,2024-12-11,2024-12-11,55.55555555555536,-18.450184501844767,-18.450184501844767,,-0.2270147559591429,半導体,2,3
30350,2024-12-12,2024-12-12,-36.90036900368953,-18.48428835489857,,-55.248618784530244,-1.5358361774744034,半導体,3,1
30350,2024-12-13,2024-12-13,-55.4528650646946,18.587360594795044,37.17472118959009,-18.518518518518825,-0.17331022530329143,半導体,4,1
30350,2024-12-16,2024-12-16,-110.09174311926606,0.0,,,3.009259259259256,半導体,0,0
30350,2024-12-18,2024-12-18,18.348623853210455,-18.31501831501825,,-36.56307129798919,-1.3528748590755368,半導体,2,3
30350,2024-12-19,2024-12-19,-18.14882032667886,90.7441016333932,18.14882032667775,90.7441016333932,0.6857142857142895,半導体,3,1
30350,2024-12-20,2024-12-20,53.571428571428385,17.76198934280604,,35.58718861210064,1.2485811577752637,半導体,4,3
30350,2024-12-23,2024-12-23,-52.724077328646366,35.39823008849474,53.09734513274434,-17.605633802817433,0.39237668161435924,半導体,0,1
30350,2024-12-24,2024-12-24,195.03546099290725,-104.52961672473893,-139.37282229965155,17.636684303350414,0.16750418760469454,半導体,1,4
30350,2024-12-25,2024-12-25,-209.79020979020936,-17.857142857142794,-71.42857142857117,-17.857142857142794,,半導体,2,0
30350,2024-12-26,2024-12-26,35.58718861210064,35.39823008849474,-106.19469026548644,124.99999999999956,1.17056856187292,半導体,3,3
30350,2024-12-27,2024-12-27,147.05882352941126,-35.90664272890454,-17.95332136445227,18.050541516245744,0.0,半導体,4,4
30350,2024-12-30,2024-12-30,108.108108108107,17.921146953405742,-53.763440860215006,53.95683453237376,-0.22038567493113392,半導体,0,4
30350,2025-01-06,2025-01-06,-124.99999999999956,17.985611510791255,-17.985611510791255,-17.92114695340463,1.2749445676274895,半導体,0,0
30350,2025-01-07,2025-01-07,53.763440860215006,-17.889087656529632,-35.778175313059265,-35.71428571428559,0.21893814997262506,半導体,1,3
30350,2025-01-10,2025-01-10,17.69911504424737,-88.33922261484051,-88.33922261484051,,3.1198686371100237,半導体,4,3
30350,2025-01-24,2025-01-24,-18.115942028985586,0.0,,,-0.7153806847215116,半導体,4,1
30350,2025-01-28,2025-01-28,-53.571428571428385,0.0,0.0,17.985611510791255,0.6220839813374734,半導体,1,1
30350,2025-01-30,2025-01-30,-71.04795737122527,71.55635062611853,,17.79359430605032,-1.2594458438287104,半導体,3,0
30350,2025-01-31,2025-01-31,0.0,-88.80994671403242,-53.28596802841923,-35.71428571428559,-1.479591836734695,半導体,4,2
30350,2025-02-04,2025-02-04,0.0,233.3931777378817,,233.3931777378817,1.2295081967213184,半導体,1,2
30350,2025-02-06,2025-02-06,35.08771929824572,0.0,0.0,-34.8432055749126,0.4561581348200727,半導体,3,3
30350,2025-02-07,2025-02-07,52.447552447552056,-17.391304347825766,,-34.7222222222221,-1.6145307769929396,半導体,4,3
30350,2025-02-10,2025-02-10,-34.48275862068972,-34.602076124568,-17.301038062284,0.0,0.8717948717948731,半導体,0,1
30350,2025-02-13,2025-02-13,-51.99306759098743,34.78260869565153,34.78260869565153,0.0,0.5094243504839557,半導体,3,1
30350,2025-02-14,2025-02-14,34.78260869565153,-17.301038062284,,,0.6588950836289964,半導体,4,3
30350,2025-02-17,2025-02-17,34.72222222222321,-138.8888888888884,-260.4166666666663,-17.574692442882125,,半導体,0,3
30350,2025-02-18,2025-02-18,-104.34782608695681,-138.64818024263425,-34.662045060658286,-17.54385964912286,1.1077542799597273,半導体,1,0
30350,2025-02-21,2025-02-21,-52.81690140845119,-17.730496453900457,0.0,0.0,-1.4070351758794009,半導体,4,1
30350,2025-02-25,2025-02-25,-178.25311942959,-72.20216606498187,-54.15162454873612,-18.14882032667886,-0.46607975142413105,半導体,1,0
30350,2025-02-27,2025-02-27,72.07207207207134,-143.11270125223595,-196.77996422182486,,-3.131524008350728,半導体,3,4
30350,2025-03-04,2025-03-04,89.1265597147961,-70.6713780918733,,-88.1834215167554,-0.7945516458569779,半導体,1,4
30350,2025-03-07,2025-03-07,0.0,-70.17543859649145,,,1.3912075681691727,半導体,4,2
30350,2025-03-10,2025-03-10,-121.73913043478257,-52.63157894736858,,-52.63157894736858,0.5488474204171201,半導体,0,0
30350,2025-03-11,2025-03-11,-70.54673721340387,35.52397868561208,53.28596802841812,-17.667844522968323,0.4366812227074135,半導体,1,0
30350,2025-03-13,2025-03-13,0.0,-69.32409012131768,,,1.2799109627156469,半導体,3,2
30350,2025-03-17,2025-03-17,-69.68641114982633,140.3508771929829,122.80701754386003,17.331022530329143,3.891708967851093,半導体,0,0
30350,2025-03-19,2025-03-19,103.8062283737018,-85.61643835616417,17.12328767123239,,0.928454396504641,半導体,2,4
30350,2025-03-21,2025-03-21,0.0,-119.45392491467533,,-119.45392491467533,-1.0154997327632254,半導体,4,2
30350,2025-03-24,2025-03-24,172.41379310344752,67.68189509306355,67.68189509306355,,0.3239740820734305,半導体,0,4
30350,2025-03-25,2025-03-25,83.33333333333303,-115.7024793388428,165.28925619834655,-148.27018121911007,-1.2917115177610294,半導体,1,4
30350,2025-03-26,2025-03-26,-261.0114192495927,83.61204013378031,33.44481605351169,-16.556291390728006,-1.526717557251911,半導体,2,0
30350,2025-03-27,2025-03-27,-195.75856443719397,-16.583747927031432,16.583747927032544,,-0.33222591362126463,半導体,3,0
30350,2025-03-28,2025-03-28,16.66666666666705,0.0,-16.583747927031432,,0.6666666666666599,半導体,4,3
30350,2025-03-31,2025-03-31,116.66666666666714,-99.1735537190086,-99.1735537190086,,1.0485651214128033,半導体,0,4
30350,2025-04-01,2025-04-01,-146.81892332789604,16.611295681063787,16.611295681063787,,0.5461496450027248,半導体,1,0
30350,2025-04-02,2025-04-02,16.47446457990087,82.78145695364225,,,-0.5975013579576305,半導体,2,3
30350,2025-04-03,2025-04-03,50.25125628140614,-116.66666666666714,-50.00000000000004,-16.835016835017313,0.21857923497268228,半導体,3,3
30350,2025-04-04,2025-04-04,-139.6160558464221,160.42780748663165,213.90374331550888,124.3339253996445,0.4362050163576825,半導体,4,0
30350,2025-04-07,2025-04-07,568.421052631578,-277.2277227722775,-198.0198019801982,20.408163265306367,0.8686210640608039,半導体,0,4
30350,2025-04-08,2025-04-08,-207.5471698113207,-252.42718446601975,-233.00970873786352,-39.68253968253954,0.9687836383207804,半導体,1,0
30350,2025-04-09,2025-04-09,302.41935483871,-215.26418786692813,-19.569471624266697,-19.96007984031989,0.9594882729211163,半導体,2,4
30350,2025-04-10,2025-04-10,36.23188405797117,74.07407407407307,-55.55555555555536,111.52416356877248,1.9007391763463666,半導体,3,3
30350,2025-04-11,2025-04-11,200.36429872495543,-17.54385964912286,-140.3508771929829,53.00353356890497,1.4507772020725396,半導体,4,4
30350,2025-04-14,2025-04-14,504.3478260869572,82.64462809917327,82.64462809917327,0.0,-1.0725229826353377,半導体,0,4
30350,2025-04-16,2025-04-16,-99.83361064891838,-252.52525252525305,,-85.61643835616417,0.6240249609984483,半導体,2,0
30350,2025-04-17,2025-04-17,-514.184397163121,375.9398496240607,281.95488721804554,36.3636363636366,-0.2583979328165342,半導体,3,0
30350,2025-04-18,2025-04-18,344.2028985507251,52.72407732864748,,,,半導体,4,4
30350,2025-04-22,2025-04-22,69.6864111498252,34.129692832765016,34.129692832765016,,-1.4522821576763434,半導体,1,4
30350,2025-04-24,2025-04-24,134.2281879194629,0.0,0.0,,1.0063559322033955,半導体,3,4
30350,2025-04-28,2025-04-28,32.8947368421062,116.08623548922114,99.5024875621886,16.420361247948545,-0.41906757464641453,半導体,0,3
30350,2025-04-30,2025-04-30,49.18032786885185,16.313213703098572,,,1.2466124661246525,半導体,2,3
30350,2025-05-02,2025-05-02,0.0,-180.92105263157853,-180.92105263157853,,-0.6469002695417836,半導体,4,2
30350,2025-05-07,2025-05-07,66.88963210702337,-115.51155115511524,,-49.83388704318914,-1.3392857142857095,半導体,2,4
30350,2025-05-12,2025-05-12,115.13157894736948,-130.29315960912058,,0.0,-0.5649717514124242,半導体,0,4
30350,2025-05-13,2025-05-13,65.8978583196057,0.0,,0.0,-1.2499999999999956,半導体,1,4
30350,2025-05-19,2025-05-19,0.0,82.50825082508184,82.50825082508184,0.0,0.9029345372460584,半導体,0,2
30350,2025-05-20,2025-05-20,49.01960784313708,-96.93053311793265,0.0,,1.6778523489932917,半導体,1,3
30350,2025-05-22,2025-05-22,0.0,16.181229773462036,0.0,16.181229773462036,0.5978260869565322,半導体,3,2
30350,2025-05-23,2025-05-23,-48.70129870129914,0.0,,0.0,-0.8103727714748765,半導体,4,1
30350,2025-05-27,2025-05-27,0.0,209.67741935483897,,209.67741935483897,-0.16339869281045694,半導体,1,2
30350,2025-05-28,2025-05-28,-63.291139240506666,-47.61904761904745,0.0,-31.796502384737746,-1.6366612111292977,半導体,2,0
30350,2025-05-29,2025-05-29,0.0,-125.58869701726816,-125.58869701726816,,-0.8319467554076532,半導体,3,2
30350,2025-06-02,2025-06-02,0.0,15.600624024960652,15.600624024960652,,-1.183765501691092,半導体,0,2
30350,2025-06-09,2025-06-09,220.8201892744488,-15.408320493066618,,77.76049766718529,-2.0361990950226283,半導体,0,4
30350,2025-06-10,2025-06-10,-77.27975270479081,-31.201248049922413,,,1.385681293302543,半導体,1,0
30350,2025-06-12,2025-06-12,280.8112324492984,45.52352048558417,60.698027314112224,,0.45819014891179677,半導体,3,4
30350,2025-06-13,2025-06-13,-196.96969696969657,-77.39938080495334,,-15.576323987538387,1.425313568985187,半導体,4,0
30350,2025-06-16,2025-06-16,0.0,78.00312012480548,,78.00312012480548,-2.360876897133224,半導体,0,2
30350,2025-06-18,2025-06-18,-15.649452269170805,-31.250000000000444,-31.250000000000444,,0.4643064422518828,半導体,2,2
30350,2025-06-19,2025-06-19,47.02194357366851,124.61059190031153,,61.91950464396356,,半導体,3,3
30350,2025-06-20,2025-06-20,-15.552099533436836,-15.600624024960652,,-31.152647975077883,-0.8665511265164683,半導体,4,2
30350,2025-06-23,2025-06-23,-139.96889580093264,31.152647975076775,31.152647975076775,-92.30769230769265,-2.447552447552448,半導体,0,0
30350,2025-06-25,2025-06-25,-183.20610687022955,108.86469673405897,,15.408320493066618,-1.0843373493975905,半導体,2,0
30350,2025-06-26,2025-06-26,0.0,93.16770186335476,170.80745341614855,-45.941807044410645,-0.3654080389768555,半導体,3,2
30350,2025-06-27,2025-06-27,91.74311926605449,-30.39513677811523,,,2.0782396088019572,半導体,4,4
30350,2025-06-30,2025-06-30,-45.731707317072654,168.71165644171793,245.39877300613577,60.698027314112224,0.8383233532934131,半導体,0,1
30350,2025-07-01,2025-07-01,-89.68609865470879,60.42296072507503,,60.42296072507503,-0.23752969121140222,半導体,1,0
30350,2025-07-02,2025-07-02,-44.84304932735439,-15.015015015015232,,-15.015015015015232,2.440476190476182,半導体,2,1
30350,2025-07-03,2025-07-03,75.7575757575757,-120.48192771084376,15.060240963855609,-105.58069381598756,0.6391632771644451,半導体,3,4
30350,2025-07-04,2025-07-04,-45.5927051671734,183.20610687022844,0.0,152.20700152207112,,半導体,4,1
30350,2025-07-07,2025-07-07,0.0,-60.15037593984918,,-60.15037593984918,-2.944572748267893,半導体,0,2
30350,2025-07-08,2025-07-08,30.257186081694698,165.41353383458636,75.18796992481258,74.51564828613976,-1.903628792385481,半導体,1,3
30350,2025-07-09,2025-07-09,29.62962962963056,0.0,-14.727540500736325,14.74926253687281,0.363856882959368,半導体,2,3
30350,2025-07-10,2025-07-10,73.63770250368162,-43.60465116279077,14.534883720929148,-58.055152394774765,-1.3293051359516639,半導体,3,4
30350,2025-07-11,2025-07-11,-72.46376811594234,58.39416058394109,14.598540145984717,,0.3674219228414044,半導体,4,0
30350,2025-07-14,2025-07-14,29.36857562408246,-73.20644216691096,-43.92386530014613,-29.41176470588225,0.7321537522879895,半導体,0,3
30350,2025-07-15,2025-07-15,163.4472511144125,-72.99270072992692,-43.79562043795637,,-2.9073288915808626,半導体,1,4
30350,2025-07-16,2025-07-16,14.880952380953438,29.717682020802272,29.717682020802272,0.0,1.3724266999376233,半導体,2,3
30350,2025-07-17,2025-07-17,29.54209748892156,74.07407407407307,,0.0,-1.1076923076923095,半導体,3,3
30350,2025-07-18,2025-07-18,14.619883040936088,-145.77259475218708,-174.92711370262427,-29.498525073746727,1.8046048537647685,半導体,4,3
30350,2025-07-22,2025-07-22,14.81481481481417,-73.52941176470563,,-14.792899408283544,-1.2376237623762387,半導体,1,3
30350,2025-07-23,2025-07-23,-14.727540500736325,-102.63929618768319,,-29.54209748892156,0.0,半導体,2,2
30350,2025-07-24,2025-07-24,0.0,-44.182621502208974,14.727540500736325,-44.182621502208974,0.6892230576441172,半導体,3,2
30350,2025-07-25,2025-07-25,0.0,0.0,-87.59124087591275,29.28257686676483,-0.5600497822028649,半導体,4,2
30350,2025-07-28,2025-07-28,59.08419497784312,-29.36857562408246,0.0,0.0,-1.689612015018771,半導体,0,3
30350,2025-07-29,2025-07-29,-29.41176470588225,-73.42143906020505,,-29.498525073746727,-0.8911521323997418,半導体,1,1
30350,2025-07-30,2025-07-30,29.49852507374562,14.727540500736325,88.36524300441795,-72.99270072992692,0.6422607578676853,半導体,2,3
30350,2025-07-31,2025-07-31,29.54209748892156,0.0,29.45508100147265,-29.36857562408246,0.574345883854499,半導体,3,3
30350,2025-08-01,2025-08-01,44.182621502208974,14.74926253687281,,-43.98826979472137,-1.07868020304569,半導体,4,3
30350,2025-08-04,2025-08-04,0.0,-14.662756598240456,0.0,0.0,-0.7055805003207238,半導体,0,2
30350,2025-08-05,2025-08-05,14.705882352941124,44.05286343612369,44.05286343612369,,-1.6149870801033583,半導体,1,3
30350,2025-08-06,2025-08-06,0.0,14.556040756914523,-29.11208151382794,43.79562043795637,-0.13131976362442677,半導体,2,2
30350,2025-08-07,2025-08-07,14.534883720929148,14.513788098693414,0.0,14.513788098693414,1.183431952662728,半導体,3,3
30350,2025-08-08,2025-08-08,-14.513788098693414,0.0,-14.534883720930258,14.556040756914523,-0.3898635477582846,半導体,4,2
30350,2025-08-12,2025-08-12,72.46376811594234,57.14285714285783,-14.285714285714457,42.79600570613384,-3.57142857142857,半導体,1,4
30350,2025-08-13,2025-08-13,14.285714285713347,28.612303290413976,14.306151645206988,14.285714285713347,0.40404040404040664,半導体,2,3
30350,2025-08-14,2025-08-14,86.8306801736618,-85.83690987124415,-42.91845493562207,-43.10344827586188,1.0731052984574108,半導体,3,4
30350,2025-08-15,2025-08-15,86.20689655172376,128.02275960170695,99.57325746799528,42.31311706629049,1.9907100199070937,半導体,4,4
30350,2025-08-18,2025-08-18,72.7802037845704,-260.4920405209843,-43.4153400868309,-203.78457059679778,-0.3253090435914152,半導体,0,4
30350,2025-08-19,2025-08-19,62.11180124223503,15.455950540959051,0.0,15.455950540959051,-0.9791122715404721,半導体,1,4
30350,2025-08-20,2025-08-20,31.397174254317317,-31.201248049922413,15.600624024960652,0.0,0.19775873434411118,半導体,2,3
30350,2025-08-21,2025-08-21,78.00312012480548,46.36785162287494,-15.455950540957941,46.36785162287494,2.1710526315789513,半導体,3,4
30350,2025-08-22,2025-08-22,-46.296296296296504,-61.919504643962455,15.47987616099089,-46.51162790697661,0.0,半導体,4,1
30350,2025-08-25,2025-08-25,-46.15384615384577,-30.864197530864335,0.0,-46.22496147919875,0.3219575016097931,半導体,0,1
30350,2025-08-26,2025-08-26,-92.30769230769265,-61.919504643962455,-30.95975232198178,0.0,-0.6418485237484006,半導体,1,0
30350,2025-08-27,2025-08-27,-77.27975270479081,-15.723270440252124,-15.723270440252124,0.0,-1.0981912144702788,半導体,2,0
30350,2025-08-28,2025-08-28,-63.09148264984188,0.0,,0.0,1.1757021554539504,半導体,3,1
30350,2025-08-29,2025-08-29,-31.496062992125708,0.0,,-15.77287066246047,2.840542285345382,半導体,4,1
30350,2025-09-01,2025-09-01,-47.31861198738141,31.746031746031633,,31.746031746031633,,半導体,0,1
30350,2025-09-02,2025-09-02,-15.847860538826808,15.873015873015817,0.0,15.873015873015817,1.381042059008153,半導体,1,1
30350,2025-09-03,2025-09-03,78.86435331230234,-46.9483568075113,-15.649452269170805,-31.347962382445303,-1.3622291021671784,半導体,2,4
30350,2025-09-04,2025-09-04,-15.822784810126667,-158.73015873015927,-47.61904761904745,-111.64274322169044,0.5021971123666091,半導体,3,1
30350,2025-09-05,2025-09-05,-16.129032258064278,64.6203554119551,-16.15508885298822,48.38709677419395,-0.7495315427857641,半導体,4,1
30350,2025-09-08,2025-09-08,63.999999999999616,0.0,-47.61904761904745,31.847133757962887,1.636249213341734,半導体,0,4
30350,2025-09-09,2025-09-09,-47.54358161648153,-15.923566878981443,,0.0,-0.6811145510835948,半導体,1,1
30350,2025-09-10,2025-09-10,-31.897926634768538,-64.51612903225823,0.0,-64.51612903225823,-0.5610972568578565,半導体,2,1
30350,2025-09-11,2025-09-11,32.31017770597644,0.0,0.0,-48.15409309791296,-0.4388714733542298,半導体,3,3
30350,2025-09-12,2025-09-12,32.258064516128556,-16.129032258064278,-16.129032258064278,,0.37783375314861534,半導体,4,3
30350,2025-09-16,2025-09-16,-16.181229773463144,-64.20545746388396,,-32.206119162641045,1.2389380530973382,半導体,1,1
30350,2025-09-17,2025-09-17,-32.31017770597755,0.0,,0.0,-0.4662004662004615,半導体,2,1
30350,2025-09-18,2025-09-18,32.414910858995505,-64.51612903225823,-64.51612903225823,,-0.5854800936768156,半導体,3,3
30350,2025-09-19,2025-09-19,-48.543689320388324,-16.233766233766378,0.0,-16.233766233766378,-0.05889281507656108,半導体,4,1
30350,2025-09-22,2025-09-22,130.08130081300752,0.0,-16.103059581320522,,-0.5892751915144379,半導体,0,4
30350,2025-09-24,2025-09-24,-16.129032258064278,0.0,,-32.15434083601254,-0.41103934233704953,半導体,2,1
30350,2025-09-25,2025-09-25,0.0,0.0,0.0,,0.1768867924528239,半導体,3,2
30350,2025-09-26,2025-09-26,80.90614886731461,96.30818619582593,32.10272873194198,47.923322683705024,-0.7651559741024161,半導体,4,4
30350,2025-09-29,2025-09-29,64.30868167202507,80.00000000000007,32.00000000000092,31.847133757962887,0.0,半導体,0,4
30350,2025-09-30,2025-09-30,-15.873015873015817,-31.746031746031633,0.0,-15.898251192368873,-1.3048635824436494,半導体,1,1
30350,2025-10-01,2025-10-01,-111.82108626198061,-97.08737864077665,-16.181229773463144,-81.03727714748766,0.5408653846153744,半導体,2,0
30350,2025-10-02,2025-10-02,80.6451612903225,48.07692307692291,-16.02564102564097,80.38585209003246,0.7172743574417106,半導体,3,4
30350,2025-10-03,2025-10-03,-78.74015748031482,-238.09523809523836,-95.2380952380949,-144.23076923076871,-0.4154302670623111,半導体,4,0
30350,2025-10-06,2025-10-06,113.82113821138296,32.467532467532756,-16.233766233766378,0.0,0.5363528009535212,半導体,0,4
30350,2025-10-07,2025-10-07,-48.543689320388324,-32.52032520325243,-32.52032520325243,0.0,-0.5927682276229973,半導体,1,1
30350,2025-10-08,2025-10-08,32.73322422258529,16.313213703098572,32.62642740619937,0.0,0.655933214072757,半導体,2,3
30350,2025-10-09,2025-10-09,16.286644951140072,16.26016260162677,,16.26016260162677,-0.8293838862559189,半導体,3,3
30350,2025-10-10,2025-10-10,0.0,0.0,0.0,,-1.194743130227005,半導体,4,2
30350,2025-10-14,2025-10-14,82.50825082508184,16.420361247948545,-65.68144499178973,49.42339373970262,0.6699147381242332,半導体,1,4
30350,2025-10-15,2025-10-15,0.0,82.10180623973828,180.62397372742288,-64.72491909385147,0.9679370840895318,半導体,2,2
30350,2025-10-16,2025-10-16,0.0,49.01960784313708,-32.67973856209139,32.62642740619937,1.1384062312762122,半導体,3,2
30350,2025-10-17,2025-10-17,-48.38709677419395,32.52032520325132,32.52032520325132,0.0,0.23696682464455776,半導体,4,1
30350,2025-10-20,2025-10-20,16.12903225806539,32.258064516128556,16.12903225806539,,0.23640661938533203,半導体,0,3
30350,2025-10-21,2025-10-21,16.07717041800738,32.206119162641045,32.206119162641045,,-1.0023584905660354,半導体,1,3
30350,2025-10-22,2025-10-22,112.35955056179803,-31.746031746031633,-15.873015873015817,-15.898251192368873,0.9529481834425146,半導体,2,4
30350,2025-10-23,2025-10-23,0.0,15.923566878981443,,0.0,0.943952802359882,半導体,3,2
30350,2025-10-24,2025-10-24,0.0,0.0,0.0,,-0.8766803039158333,半導体,4,2
30350,2025-10-27,2025-10-27,-15.923566878981443,-15.948963317384823,,-15.948963317384823,0.9433962264151052,半導体,0,1
30350,2025-10-28,2025-10-28,-95.38950715421323,0.0,,-16.05136436597099,0.8761682242990565,半導体,1,0
30350,2025-10-29,2025-10-29,-63.89776357827448,0.0,0.0,-16.181229773463144,0.6369426751592355,半導体,2,0
30350,2025-10-30,2025-10-30,259.3192868719618,-282.13166144200665,-156.7398119122254,-32.15434083601254,-1.1507479861910253,半導体,3,4
30350,2025-10-31,2025-10-31,-32.62642740619937,65.4664484451728,0.0,16.286644951140072,0.34924330616996624,半導体,4,1
30350,2025-11-04,2025-11-04,-32.573289902280145,49.01960784313708,,,-0.9200690051753835,半導体,1,1
30350,2025-11-06,2025-11-06,-16.313213703099684,32.62642740619937,,,-1.4367816091954033,半導体,3,1
30350,2025-11-07,2025-11-07,-96.77419354838679,0.0,0.0,,-0.4664723032069995,半導体,4,0
30350,2025-11-10,2025-11-10,48.622366288493254,32.467532467532756,,32.467532467532756,0.5858230814294041,半導体,0,3
30350,2025-11-11,2025-11-11,16.339869281045694,0.0,,-32.36245954692518,0.6406523005241693,半導体,1,3
30350,2025-11-13,2025-11-13,130.71895424836555,16.26016260162677,16.26016260162677,,1.5499425947187229,半導体,3,4
30350,2025-11-14,2025-11-14,32.467532467532756,16.207455429497752,,,-2.713397399660822,半導体,4,3
30350,2025-11-17,2025-11-17,-48.465266558965766,16.286644951140072,16.286644951140072,,1.0459035444509102,半導体,0,1
30350,2025-11-18,2025-11-18,65.04065040650487,-16.207455429497752,0.0,-16.207455429497752,0.17251293847038163,半導体,1,4
30350,2025-11-20,2025-11-20,0.0,81.43322475570037,16.286644951140072,32.414910858995505,-0.7562536358347915,半導体,3,2
30350,2025-11-21,2025-11-21,-16.15508885298822,0.0,16.207455429497752,-16.181229773463144,-0.17584994138335475,半導体,4,1
30350,2025-11-28,2025-11-28,-63.59300476947549,32.00000000000092,32.00000000000092,,0.461627236006934,半導体,4,0
30350,2025-12-01,2025-12-01,-127.38853503184711,32.258064516128556,,16.103059581320522,-0.5743825387708235,半導体,0,0
30350,2025-12-02,2025-12-02,-32.258064516128556,-16.181229773463144,,,1.1554015020219577,半導体,1,1
30350,2025-12-03,2025-12-03,0.0,16.207455429497752,16.207455429497752,,-1.3135351227869796,半導体,2,2
30350,2025-12-04,2025-12-04,0.0,-16.129032258064278,-64.51612903225823,32.414910858995505,1.215277777777768,半導体,3,2
30350,2025-12-09,2025-12-09,0.0,-48.30917874396157,,-32.258064516128556,1.5526164462334568,半導体,1,2
30350,2025-12-10,2025-12-10,0.0,0.0,,,-1.5855039637599044,半導体,2,2
30350,2025-12-15,2025-12-15,96.93053311793153,-32.05128205128194,,-32.05128205128194,1.6184971098266,半導体,0,4
30350,2025-12-16,2025-12-16,-63.89776357827448,0.0,16.0513643659721,,-0.7963594994311762,半導体,1,0
30350,2025-12-17,2025-12-17,-16.129032258064278,16.15508885298933,-16.15508885298822,0.0,1.089449541284404,半導体,2,1
30350,2025-12-18,2025-12-18,-32.258064516128556,48.15409309791407,,48.15409309791407,0.7373794668179334,半導体,3,1
30350,2025-12-19,2025-12-19,48.543689320388324,16.103059581320522,16.103059581320522,,-0.16891891891891442,半導体,4,3
30350,2025-12-22,2025-12-22,80.6451612903225,-48.00000000000026,-48.00000000000026,,0.7896221094190636,半導体,0,4
30350,2025-12-23,2025-12-23,-16.103059581320522,32.258064516128556,0.0,16.103059581320522,0.11191941801902416,半導体,1,1
30350,2025-12-24,2025-12-24,47.923322683705024,95.54140127388644,95.54140127388644,,0.7266629401900593,半導体,2,3
30350,2025-12-25,2025-12-25,-47.77070063694322,95.84664536741228,15.974440894568342,47.69475357710551,,半導体,3,1
30350,2025-12-26,2025-12-26,344.28794992175324,-91.1854103343468,-30.39513677811523,-60.97560975609761,-0.2219755826859071,半導体,4,4
30350,2025-12-29,2025-12-29,-242.42424242424286,108.69565217391353,-15.527950310558758,124.4167962674969,-1.5572858731924377,半導体,0,0
30350,2025-12-30,2025-12-30,-301.20481927710887,-31.055900621117516,46.583850931676274,-92.59259259259301,-0.4519774011299438,半導体,1,0
30350,2026-01-05,2026-01-05,-106.87022900763398,-46.296296296296504,,-46.296296296296504,1.7162471395880896,半導体,0,0
30350,2026-01-06,2026-01-06,0.0,0.0,0.0,0.0,-0.16872890888638414,半導体,1,2
30350,2026-01-08,2026-01-08,0.0,0.0,0.0,0.0,-0.11204481792717047,半導体,3,2
30350,2026-01-09,2026-01-09,15.36098310291889,-15.384615384614886,,-30.721966205836672,-0.11217049915872579,半導体,4,3
30350,2026-01-13,2026-01-13,-45.45454545454519,30.53435114503733,,30.53435114503733,-0.3556609365737984,半導体,1,1
30350,2026-01-14,2026-01-14,-76.33587786259555,76.80491551459224,15.36098310291889,15.267175572519776,0.4759071980963814,半導体,2,0
30350,2026-01-15,2026-01-15,-91.46341463414642,76.33587786259443,15.267175572519776,60.97560975609761,-0.4736530491415092,半導体,3,0
30350,2026-01-16,2026-01-16,0.0,60.15037593984918,-15.037593984962294,14.970059880239361,1.1302795954788891,半導体,4,2
30350,2026-01-19,2026-01-19,212.4430955993928,-29.940119760478723,-89.82035928143728,,,半導体,0,4
30350,2026-01-20,2026-01-20,-44.709388971684305,-178.57142857142904,-119.04761904761862,-149.25373134328402,-0.23529411764705577,半導体,1,1
30350,2026-01-21,2026-01-21,30.44140030441511,-45.45454545454519,-15.151515151514694,,-0.5306603773584939,半導体,2,3
30350,2026-01-22,2026-01-22,-30.030030030030463,-45.112781954886884,-60.15037593984918,15.128593040847349,0.5334914048606976,半導体,3,1
30350,2026-01-23,2026-01-23,-30.07518796992459,-15.082956259426794,45.24886877828038,-45.112781954886884,1.5919811320754818,半導体,4,1
30350,2026-01-26,2026-01-26,-15.151515151514694,-60.79027355623046,0.0,-60.79027355623046,-0.5223447475333765,半導体,0,2
30350,2026-01-27,2026-01-27,15.29051987767538,-76.33587786259555,0.0,-76.33587786259555,-0.4667444574095736,半導体,1,3
30350,2026-01-28,2026-01-28,-61.162079510703734,0.0,,0.0,0.9964830011723436,半導体,2,1
30350,2026-01-29,2026-01-29,92.02453987730009,30.487804878047697,-15.243902439023849,61.162079510703734,0.05803830528148257,半導体,3,4
30350,2026-01-30,2026-01-30,-60.882800608828006,0.0,15.267175572519776,0.0,-0.6380510440835319,半導体,4,1
30350,2026-02-03,2026-02-03,-45.5927051671734,15.220700152207556,,15.220700152207556,0.763807285546414,半導体,1,1
30350,2026-02-04,2026-02-04,15.174506828528056,30.39513677811634,0.0,30.39513677811634,0.05830903790087216,半導体,2,3
30350,2026-02-05,2026-02-05,-15.151515151514694,-15.174506828528056,0.0,-15.174506828528056,1.4568764568764658,半導体,3,2
30350,2026-02-06,2026-02-06,15.174506828528056,0.0,15.151515151514694,0.0,-1.0338885697874778,半導体,4,3
30350,2026-02-09,2026-02-09,15.105740181269312,-15.060240963855609,15.060240963855609,-15.060240963855609,-0.5223447475333765,半導体,0,3
30350,2026-02-10,2026-02-10,15.037593984963404,-44.977511244377325,,-30.030030030030463,0.05834305717620225,半導体,1,3
30350,2026-02-12,2026-02-12,0.0,45.24886877828038,-15.082956259426794,45.24886877828038,0.8182349503214503,半導体,3,2
30350,2026-02-13,2026-02-13,29.985007496251548,14.992503748125774,,14.992503748125774,0.1159420289855051,半導体,4,3
30350,2026-02-16,2026-02-16,-44.910179640718084,14.94768310911887,0.0,14.94768310911887,,半導体,0,1
30350,2026-02-17,2026-02-17,0.0,0.0,0.0,,-1.2159814707585426,半導体,1,2
30350,2026-02-18,2026-02-18,-14.880952380952328,29.850746268655914,14.925373134329067,0.0,0.0,半導体,2,2
30350,2026-02-19,2026-02-19,15.174506828528056,-15.128593040847349,-15.128593040847349,,-0.058616647127784915,半導体,3,3
30350,2026-02-20,2026-02-20,166.163141993958,-44.709388971684305,29.806259314455463,,0.4105571847507372,半導体,4,4
30350,2026-02-24,2026-02-24,-45.112781954886884,0.0,0.0,-15.082956259426794,0.23378141437755406,半導体,1,1
30350,2026-02-25,2026-02-25,-30.165912518853588,75.52870090634434,15.105740181269312,60.331825037707176,0.5830903790087438,半導体,2,1
30350,2026-02-26,2026-02-26,75.18796992481258,-104.47761194029903,,-104.47761194029903,0.5797101449275255,半導体,3,4
30350,2026-02-27,2026-02-27,0.0,-29.89536621823663,,-29.89536621823663,1.037463976945241,半導体,4,2
30350,2026-03-02,2026-03-02,-29.89536621823663,0.0,,0.0,-1.197946377638337,半導体,0,1
30350,2026-03-03,2026-03-03,-15.015015015015232,-15.037593984962294,,0.0,0.34642032332563577,半導体,1,2
30350,2026-03-04,2026-03-04,-272.72727272727224,-30.95975232198178,15.47987616099089,-61.72839506172867,-0.6329113924050667,半導体,2,0
30350,2026-03-05,2026-03-05,0.0,107.52688172043001,107.52688172043001,30.487804878047697,2.316155182397228,半導体,3,2
30350,2026-03-06,2026-03-06,0.0,75.52870090634434,,,1.2450481041312855,半導体,4,2
30350,2026-03-09,2026-03-09,0.0,-106.54490106544957,-136.98630136986355,46.36785162287494,-1.8446059250978197,半導体,0,2
30350,2026-03-11,2026-03-11,-60.331825037707176,-45.5927051671734,-60.79027355623046,-30.441400304414003,1.9473081328751363,半導体,2,1
30350,2026-03-12,2026-03-12,0.0,0.0,,,1.1235955056179803,半導体,3,2
30350,2026-03-13,2026-03-13,0.0,30.674846625766694,,30.674846625766694,0.7777777777777883,半導体,4,2
30350,2026-03-17,2026-03-17,30.58103975535076,0.0,,0.0,-0.05497526113249496,半導体,1,3
30350,2026-03-18,2026-03-18,61.53846153846176,-45.80152671755711,,0.0,1.980198019801982,半導体,2,4
30350,2026-03-23,2026-03-23,-15.576323987538387,-15.576323987538387,0.0,-138.46153846153842,-1.2332439678284235,半導体,0,2
30350,2026-03-24,2026-03-24,15.408320493066618,-15.503875968991832,,-15.503875968991832,0.3800217155266017,半導体,1,3
30350,2026-03-25,2026-03-25,122.69938650306678,257.5757575757587,-75.7575757575757,335.8778625954195,1.1357490535424564,半導体,2,4
30350,2026-03-26,2026-03-26,-130.434782608696,250.36818851251752,58.9101620029453,145.77259475218708,-0.2673796791443861,半導体,3,0
30350,2026-03-27,2026-03-27,-229.55523672883783,14.662756598240456,0.0,0.0,-0.965147453083115,半導体,4,0
30350,2026-03-30,2026-03-30,59.347181008901906,14.662756598240456,14.662756598240456,0.0,-1.4076881429344934,半導体,0,4
30350,2026-04-01,2026-04-01,-29.069767441860517,-14.556040756914523,-14.556040756914523,,-1.199563794983638,半導体,2,1
30350,2026-04-02,2026-04-02,-58.39416058394109,-291.545189504373,,-277.372262773723,-0.22075055187638082,半導体,3,1
30350,2026-04-03,2026-04-03,105.58069381598756,179.10447761193993,298.50746268656803,-101.59651669085612,0.0,半導体,4,4
30350,2026-04-06,2026-04-06,448.1792717086841,-27.137042062415073,94.97964721845386,-107.67160161507361,0.38716814159291957,半導体,0,4
30350,2026-04-07,2026-04-07,-344.8275862068961,397.8052126200282,13.7174211248281,426.4099037138935,-1.1019283746556474,半導体,1,0
30350,2026-04-08,2026-04-08,0.0,0.0,81.63265306122547,-80.971659919028,-0.3342618384401086,半導体,2,2
30350,2026-04-09,2026-04-09,-122.44897959183709,-55.020632737275974,13.755158184318717,-82.30452674897082,-0.6148686416992732,半導体,3,0
30350,2026-04-10,2026-04-10,68.02721088435382,202.97699594046037,135.31799729364025,120.80536912751683,-0.8436445444319429,半導体,4,4
30350,2026-04-13,2026-04-13,163.71077762619367,-26.881720430107503,-40.32258064516125,0.0,0.05672149744753163,半導体,0,4
30350,2026-04-14,2026-04-14,-120.48192771084376,-27.063599458727605,40.595399188092514,-67.38544474393481,0.45351473922903285,半導体,1,0
30350,2026-04-15,2026-04-15,-13.568521031207537,54.421768707482165,-13.605442176870541,54.421768707482165,1.975169300225743,半導体,2,2
30350,2026-04-16,2026-04-16,0.0,40.65040650406581,40.65040650406581,0.0,-0.6640841173215284,半導体,3,2
30350,2026-04-17,2026-04-17,-26.917900403768957,26.990553306343035,13.495276653170407,0.0,-0.16713091922005985,半導体,4,1
30350,2026-04-20,2026-04-20,133.3333333333342,-105.26315789473716,-78.94736842105287,26.66666666666595,0.8928571428571397,半導体,0,4
30350,2026-04-21,2026-04-21,-104.71204188481687,-26.420079260237593,-26.420079260237593,0.0,0.38716814159291957,半導体,1,0
30350,2026-04-22,2026-04-22,158.311345646438,337.66233766233665,116.88311688311748,218.22849807445533,0.11019283746556141,半導体,2,4
30350,2026-04-23,2026-04-23,-50.50505050505083,25.510204081633514,25.510204081633514,,0.27517886626307053,半導体,3,1
30350,2026-04-24,2026-04-24,63.291139240506666,-38.071065989847554,50.761421319796,-100.88272383354303,-0.1097694840834218,半導体,4,4
30350,2026-04-27,2026-04-27,-162.49999999999986,0.0,-38.167938931297215,25.510204081633514,1.318681318681314,半導体,0,0
30350,2026-04-28,2026-04-28,203.30368487928797,-286.42590286425906,-224.1594022415938,-88.94536213468918,0.9219088937093334,半導体,1,4
30350,2026-04-30,2026-04-30,38.5109114249027,-25.542784163473662,,-50.95541401273884,-0.32171581769436797,半導体,3,3
30350,2026-05-01,2026-05-01,-241.73027989821904,39.113428943937656,-13.037809647978849,52.21932114882533,0.6455083378160253,半導体,4,0
30350,2026-05-07,2026-05-07,-155.64202334630295,0.0,13.262599469496816,-26.455026455026733,0.0,半導体,3,0
30350,2026-05-08,2026-05-08,79.68127490039834,158.94039735099287,92.71523178807861,39.26701570680535,0.993926007730539,半導体,4,4
30350,2026-05-12,2026-05-12,79.05138339920903,0.0,0.0,,1.3557483731019504,半導体,1,4
30350,2026-05-13,2026-05-13,387.0967741935494,-211.44278606965216,-24.875621890547706,-223.60248447204967,0.48154093097914075,半導体,2,4
30350,2026-05-14,2026-05-14,-25.673940949936245,51.746442432083484,,38.75968992248069,-3.833865814696491,半導体,3,1
30350,2026-05-15,2026-05-15,-181.3471502590669,316.622691292876,118.7335092348274,195.56714471968607,0.8305647840531671,半導体,4,0
30350,2026-05-18,2026-05-18,0.0,-25.542784163473662,-25.542784163473662,,4.83250961010433,半導体,0,2
30350,2026-05-20,2026-05-20,-50.95541401273884,-153.6491677336749,,-141.02564102564054,-1.9989479221462436,半導体,2,1
30350,2026-05-21,2026-05-21,12.886597938144284,-25.740025740025317,,-12.886597938144284,-0.7514761137949577,半導体,3,3
30350,2026-05-22,2026-05-22,90.673575129534,-12.936610608020871,,-12.936610608020871,0.21633315305571443,半導体,4,4
30350,2026-05-25,2026-05-25,25.80645161290418,-154.6391752577314,25.77319587628857,-154.6391752577314,,半導体,0,3
30350,2026-05-26,2026-05-26,91.74311926605449,0.0,,,-0.2698327037236936,半導体,1,4
30350,2026-05-27,2026-05-27,0.0,12.953367875647714,,12.953367875647714,-1.406926406926412,半導体,2,3
30350,2026-05-28,2026-05-28,-12.836970474967568,0.0,-25.673940949936245,38.65979381443285,0.2195389681668436,半導体,3,2
30350,2026-05-29,2026-05-29,63.93861892583175,0.0,50.95541401273884,-12.722646310432406,-0.383351588170866,半導体,4,4
50160,2025-03-19,2025-03-19,225.38552787663147,138.8888888888884,57.8703703703698,92.16589861751112,0.928454396504641,非鉄,2,4
50160,2025-03-21,2025-03-21,242.2907488986792,278.3725910064239,321.199143468951,-41.49377593360981,-1.0154997327632254,非鉄,4,4
50160,2025-03-24,2025-03-24,30.272452068618172,-211.05527638190958,-241.2060301507535,41.23711340206171,0.3239740820734305,非鉄,0,2
50160,2025-03-25,2025-03-25,-544.904137235116,31.948881789136685,-85.19701810436598,107.29613733905686,-1.2917115177610294,非鉄,1,0
50160,2025-03-26,2025-03-26,183.18965517241327,21.141649048626032,-31.712473572939047,42.372881355932094,-1.526717557251911,非鉄,2,3
50160,2025-03-27,2025-03-27,-74.86631016042745,86.4864864864856,-32.4324324324321,119.3058568329719,-0.33222591362126463,非鉄,3,1
50160,2025-03-28,2025-03-28,43.47826086956496,-97.50812567713929,-151.67930660888396,66.07929515418442,0.6666666666666599,非鉄,4,2
50160,2025-03-31,2025-03-31,22.573363431150906,11.261261261261701,-33.783783783783996,33.86004514672747,1.0485651214128033,非鉄,0,2
50160,2025-04-01,2025-04-01,-89.08685968819552,-281.21484814398246,-56.242969628796935,-226.24434389140302,0.5461496450027248,非鉄,1,1
50160,2025-04-02,2025-04-02,-138.5681293302543,105.38641686182571,46.83840749414525,58.27505827505908,-0.5975013579576305,非鉄,2,1
50160,2025-04-03,2025-04-03,319.8031980319804,-11.904761904761862,47.61904761904745,-59.241706161137216,0.21857923497268228,非鉄,3,4
50160,2025-04-04,2025-04-04,-145.98540145985385,-86.95652173912993,-372.67080745341576,296.7741935483881,0.4362050163576825,非鉄,4,1
50160,2025-04-07,2025-04-07,-117.13030746705711,-355.0295857988162,-162.72189349112455,-180.72289156626508,0.8686210640608039,非鉄,0,1
50160,2025-04-09,2025-04-09,93.95973154362468,-66.9344042838016,-307.8982597054891,262.79391424619547,0.9594882729211163,非鉄,2,3
50160,2025-04-10,2025-04-10,-294.8113207547165,109.62241169305776,36.54080389768666,72.81553398058361,1.9007391763463666,非鉄,3,0
50160,2025-04-11,2025-04-11,24.420024420024333,254.54545454545396,72.7272727272732,180.50541516245522,1.4507772020725396,非鉄,4,2
50160,2025-04-14,2025-04-14,-151.16279069767424,-129.71698113207532,0.0,-129.71698113207532,-1.0725229826353377,非鉄,0,1
50160,2025-04-15,2025-04-15,-71.00591715976323,-107.39856801909254,23.866348448686736,-130.95238095238048,-0.722767165720184,非鉄,1,1
50160,2025-04-16,2025-04-16,-72.28915662650604,-144.92753623188358,24.154589371980784,-168.67469879518038,0.6240249609984483,非鉄,2,1
50160,2025-04-17,2025-04-17,48.72107186357999,-48.19277108433773,-60.24096385542133,24.271844660195274,-0.2583979328165342,非鉄,3,2
50160,2025-04-18,2025-04-18,-35.71428571428559,23.866348448686736,23.866348448686736,0.0,,非鉄,4,2
50160,2025-04-21,2025-04-21,-284.3601895734593,-24.390243902439046,24.390243902439046,-36.54080389768555,-0.10362694300518616,非鉄,0,0
50160,2025-04-22,2025-04-22,73.8916256157629,24.449877750611915,-12.224938875305957,36.71970624234966,-1.4522821576763434,非鉄,1,3
50160,2025-04-23,2025-04-23,-95.57945041816063,-48.19277108433773,-48.19277108433773,0.0,-0.6315789473684164,非鉄,2,1
50160,2025-04-24,2025-04-24,-48.367593712212994,-72.90400972053467,-48.60267314702349,-24.420024420024333,1.0063559322033955,非鉄,3,1
50160,2025-04-25,2025-04-25,-72.90400972053467,-24.47980416156681,0.0,-24.47980416156681,0.10487676979549221,非鉄,4,1
50160,2025-04-28,2025-04-28,-109.8901098901095,-12.330456226880004,49.32182490752224,-61.34969325153339,-0.41906757464641453,非鉄,0,1
50160,2025-04-30,2025-04-30,-301.62412993039345,29.055078322384187,27.79181404749753,1.2597631645250296,1.2466124661246525,非鉄,2,0
50160,2025-05-01,2025-05-01,8.883248730964244,25.396825396826195,57.14285714285783,-31.565656565656354,-0.6959314775160652,非鉄,3,2
50160,2025-05-02,2025-05-02,-139.24050632911354,203.92458637937594,80.80030781069559,123.4253721847578,-0.6469002695417836,非鉄,4,1
50160,2025-05-07,2025-05-07,79.49526813880058,23.75000000000016,-7.500000000000284,32.528462404604056,-1.3392857142857095,非鉄,2,3
50160,2025-05-08,2025-05-08,-16.23985009369111,18.76642061804157,-10.008757662954837,26.29272567922669,-0.39592760180995334,非鉄,3,2
50160,2025-05-09,2025-05-09,-127.08696735609371,148.80201765447686,189.15510718789497,-39.60396039603964,0.5110732538330387,非鉄,4,1
50160,2025-05-12,2025-05-12,277.74205992027623,364.00404448938326,108.6956521739113,255.12756378189172,-0.5649717514124242,非鉄,0,4
50160,2025-05-13,2025-05-13,-281.1780390255736,187.33608092918797,89.92131884600907,97.79648427828747,-1.2499999999999956,非鉄,1,0
50160,2025-05-14,2025-05-14,-266.5847665847676,90.95502779181253,74.53259221829268,16.300940438871425,0.9205983889528202,非鉄,2,0
50160,2025-05-15,2025-05-15,113.00853842290293,87.17310087173135,95.89041095890538,-11.098779134295356,2.2234891676168766,非鉄,3,3
50160,2025-05-16,2025-05-16,-26.054590570719903,12.42236024844745,69.56521739130528,-56.748087836171464,-1.171221416620194,非鉄,4,2
50160,2025-05-19,2025-05-19,77.8894472361813,12.499999999999734,21.250000000001545,-8.731445677935268,0.9029345372460584,非鉄,0,3
50160,2025-05-20,2025-05-20,-96.65427509293667,-16.30912056203804,-13.800025090955348,-2.5125628140709733,1.6778523489932917,非鉄,1,1
50160,2025-05-21,2025-05-21,-145.91194968553432,43.45047923322687,71.5654952076683,-26.649746192893843,1.2101210121012063,非鉄,2,1
50160,2025-05-22,2025-05-22,276.39791109412835,32.354405176704404,22.399203583871596,9.93295257015303,0.5978260869565322,非鉄,3,4
50160,2025-05-23,2025-05-23,-58.312655086849574,5.005631335250893,28.78238017769874,-24.95321272613871,-0.8103727714748765,非鉄,4,1
50160,2025-05-26,2025-05-26,24.847807181016535,-69.64307921900281,-7.461758487750103,-62.22775357809574,,非鉄,0,2
50160,2025-05-27,2025-05-27,-6.249999999999867,20.02002002001957,32.53253253253207,-9.980039920161055,-0.16339869281045694,非鉄,1,2
50160,2025-05-28,2025-05-28,33.66583541147161,-125.49701789264289,-18.638170974154544,-107.05838416531721,-1.6366612111292977,非鉄,2,2
50160,2025-05-29,2025-05-29,-6.278252134606088,-37.73584905660377,12.578616352201255,-50.25125628140725,-0.8319467554076532,非鉄,3,2
50160,2025-05-30,2025-05-30,-24.06281661600729,25.390377047098678,2.5390377047096457,22.845538773956786,-0.7829977628635354,非鉄,4,2
50160,2025-06-02,2025-06-02,-98.71794871794903,6.484243288809033,-2.593697315523835,11.677695601401972,-1.183765501691092,非鉄,0,1
50160,2025-06-03,2025-06-03,-71.0594315245483,-41.64497657469957,-15.61686621551206,-23.468057366361485,0.0,非鉄,1,1
50160,2025-06-04,2025-06-04,44.44444444444473,-55.98958333333237,-9.114583333333925,-45.620437956204185,-0.057045065601823985,非鉄,2,2
50160,2025-06-05,2025-06-05,107.86635096027285,-48.16454048424901,-41.655818797188275,-7.842112142203428,0.05707762557076723,非鉄,3,3
50160,2025-06-06,2025-06-06,-213.23914181056946,5.354752342703328,-21.419009370816646,28.176573192002508,0.855675984027382,非鉄,4,0
50160,2025-06-09,2025-06-09,-109.80182110337356,116.53116531165297,56.91056910569259,63.350855910500044,-2.0361990950226283,非鉄,0,1
50160,2025-06-10,2025-06-10,216.00000000000063,125.32637075717945,57.44125326370808,71.41929619529863,1.385681293302543,非鉄,1,4
50160,2025-06-11,2025-06-11,-87.20184662733944,104.81366459627273,59.52380952380931,46.31416441528424,-0.5694760820045608,非鉄,2,1
50160,2025-06-12,2025-06-12,-87.01215611004454,77.43933918430645,54.207537429014074,21.820048774225942,0.45819014891179677,非鉄,3,1
50160,2025-06-13,2025-06-13,-253.3095723014256,-19.61553550411943,-28.769452072708866,9.180327868854032,1.425313568985187,非鉄,4,0
50160,2025-06-16,2025-06-16,-193.2805811389282,124.40444679724605,121.75754367390157,2.6150627615062483,-2.360876897133224,非鉄,0,0
50160,2025-06-17,2025-06-17,75.79717720857192,223.37662337662323,150.64935064935003,72.93666026871426,-0.8059873344847479,非鉄,1,3
50160,2025-06-18,2025-06-18,213.93098179040004,-57.47844558290582,-69.97375984005849,12.583364791745044,0.4643064422518828,非鉄,2,4
50160,2025-06-19,2025-06-19,-62.001771479184285,13.987792472025529,-48.32146490335698,61.32617861249523,,非鉄,3,1
50160,2025-06-20,2025-06-20,50.82592121982144,-77.21518987341747,-46.83544303797471,-30.522701259061424,-0.8665511265164683,非鉄,4,2
50160,2025-06-23,2025-06-23,-149.2921492921495,3.916960438701267,47.00352526439522,-45.472261920228576,-2.447552447552448,非鉄,0,1
50160,2025-06-24,2025-06-24,91.96891191709966,217.44724652599024,79.77354606278908,139.17262512768147,-0.8363201911589013,非鉄,1,3
50160,2025-06-25,2025-06-25,-168.341708542713,60.21780909673424,38.436899423446306,20.418580908627693,-1.0843373493975905,非鉄,2,0
50160,2025-06-26,2025-06-26,114.07331453473502,-6.360513929525302,21.62574736038536,-27.92586951002707,-0.3654080389768555,非鉄,3,3
50160,2025-06-27,2025-06-27,95.75406324807689,100.00000000000009,104.99999999999955,0.0,2.0782396088019572,非鉄,4,3
50160,2025-06-30,2025-06-30,117.28395061728403,-175.60975609756113,-67.07317073170738,-106.84023087314199,0.8383233532934131,非鉄,0,3
50160,2025-07-01,2025-07-01,-82.71604938271615,254.3640897755606,47.381546134663836,206.00645321419807,-0.23752969121140222,非鉄,1,1
50160,2025-07-02,2025-07-02,-25.735294117646966,34.49550326475315,103.48650979425943,-76.75438596491225,2.440476190476182,非鉄,2,2
50160,2025-07-03,2025-07-03,88.48484848484884,115.34302535143537,104.52961672474004,7.131819802685957,0.6391632771644451,非鉄,3,3
50160,2025-07-04,2025-07-04,-150.35799522673088,-8.497208060207484,0.0,-10.922330097087318,,非鉄,4,1
50160,2025-07-07,2025-07-07,27.020388111027582,-77.45266781411297,15.982296533072482,-94.50171821305808,-2.944572748267893,非鉄,0,2
50160,2025-07-08,2025-07-08,234.91190803448748,43.90779363337094,-6.098304671301458,51.263273526180875,-1.903628792385481,非鉄,1,4
50160,2025-07-09,2025-07-09,-158.56111702757025,-8.43170320404818,10.840761262345122,-16.849199663016012,0.363856882959368,非鉄,2,0
50160,2025-07-10,2025-07-10,206.88815869538857,7.151370679381319,13.110846245529828,-4.761904761904079,-1.3293051359516639,非鉄,3,4
50160,2025-07-11,2025-07-11,100.00000000000009,8.264462809917106,-38.96103896103842,47.410216901742075,0.3674219228414044,非鉄,4,3
50160,2025-07-14,2025-07-14,22.485207100590987,-33.132173707254296,-26.032422198556393,-7.118282121247876,0.7321537522879895,非鉄,0,2
50160,2025-07-15,2025-07-15,-23.812358614120342,26.303204208513176,56.193208990913405,-29.722981809534588,-2.9073288915808626,非鉄,1,2
50160,2025-07-16,2025-07-16,87.0083432657931,3.5502958579880506,50.88757396449761,-45.92557701366129,1.3724266999376233,非鉄,2,3
50160,2025-07-17,2025-07-17,-38.31417624521105,-6.011060351045483,-54.099543159413784,47.1356055112393,-1.1076923076923095,非鉄,3,2
50160,2025-07-18,2025-07-18,155.4216867469882,-78.54337736522554,-27.371176960608867,-58.430717863104945,1.8046048537647685,非鉄,4,3
50160,2025-07-22,2025-07-22,45.07710557532629,7.092198581559739,2.3640661938539864,7.092198581559739,-1.2376237623762387,非鉄,1,2
50160,2025-07-23,2025-07-23,189.4786395198289,-55.49132947976876,-35.83815028901816,-19.72386587771102,0.0,非鉄,2,3
50160,2025-07-24,2025-07-24,176.53890824622653,9.142857142856453,12.571428571428456,-6.84618895481548,0.6892230576441172,非鉄,3,3
50160,2025-07-25,2025-07-25,122.72727272727212,-38.27535742429333,-9.005966452774183,-28.1721884155961,-0.5600497822028649,非鉄,4,3
50160,2025-07-28,2025-07-28,-28.409090909090608,-7.977207977208911,-26.210826210825154,14.848657909765084,-1.689612015018771,非鉄,0,2
50160,2025-07-29,2025-07-29,-74.62686567164201,-8.108421174561897,20.850225877446782,-28.898393249335854,-0.8911521323997418,非鉄,1,1
50160,2025-07-30,2025-07-30,164.25679583574438,92.16065536466145,68.26715212197021,25.99751328133726,0.6422607578676853,非鉄,2,3
50160,2025-07-31,2025-07-31,-51.98327494632227,115.88275391956282,79.52738014087801,36.068530207393756,0.574345883854499,非鉄,3,1
50160,2025-08-01,2025-08-01,58.6907449209928,-51.68539325842714,-19.10112359550631,-32.6466283913085,-1.07868020304569,非鉄,4,3
50160,2025-08-04,2025-08-04,83.04498269896321,-21.788990825687414,-45.871559633027246,24.193548387096975,-0.7055805003207238,非鉄,0,3
50160,2025-08-05,2025-08-05,89.00045641259791,7.943713118474527,78.3023150249651,-68.69369369369439,-1.6149870801033583,非鉄,1,3
50160,2025-08-06,2025-08-06,44.927384808275406,164.51849523210882,144.60861364350873,19.626071686809077,-0.13131976362442677,非鉄,2,2
50160,2025-08-07,2025-08-07,105.94100540091355,101.03092783505075,59.79381443298904,36.87768899815591,1.183431952662728,非鉄,3,3
50160,2025-08-08,2025-08-08,153.06122448979664,13.087687506292411,40.26980771166811,-28.072989773409994,-0.3898635477582846,非鉄,4,3
50160,2025-08-12,2025-08-12,-34.17085427135702,72.81553398058361,68.7702265372181,3.0129557095515125,-3.57142857142857,非鉄,1,2
50160,2025-08-13,2025-08-13,-17.000000000000348,55.16549648946878,-32.09628886659988,85.51307847082468,0.40404040404040664,非鉄,2,2
50160,2025-08-14,2025-08-14,44.77611940298498,34.808552958727205,-60.666335156638326,98.0784627702147,1.0731052984574108,非鉄,3,2
50160,2025-08-15,2025-08-15,104.16666666666741,613.6475208640157,937.6534118802172,-304.93273542600895,1.9907100199070937,非鉄,4,3
50160,2025-08-18,2025-08-18,31.54574132492094,40.52228725799134,-45.02476361999075,85.93396653098218,-0.3253090435914152,非鉄,0,2
50160,2025-08-19,2025-08-19,240.90909090909162,53.333333333334124,102.22222222222132,-52.7704485488123,-0.9791122715404721,非鉄,1,4
50160,2025-08-20,2025-08-20,-261.7568766637091,-13.686131386860811,-159.67153284671576,148.35419564209528,0.19775873434411118,非鉄,2,0
50160,2025-08-21,2025-08-21,447.4885844748866,13.157894736841591,-74.5614035087716,83.92226148409954,2.1710526315789513,非鉄,3,4
50160,2025-08-22,2025-08-22,123.40425531914833,130.2521008403357,63.02521008403339,62.60434056761355,0.0,非鉄,4,3
50160,2025-08-25,2025-08-25,152.6104417670693,91.34233518665712,19.857029388403724,71.34363852556503,0.3219575016097931,非鉄,0,3
50160,2025-08-26,2025-08-26,-142.91385470424746,16.15508885298933,52.504038772214216,-36.15910004017731,-0.6418485237484006,非鉄,1,1
50160,2025-08-27,2025-08-27,258.44930417495027,166.0231660231659,65.63706563706529,99.73149213655441,-1.0981912144702788,非鉄,2,4
50160,2025-08-28,2025-08-28,338.46153846153857,155.55555555555546,85.18518518518592,69.77598237238425,1.1757021554539504,非鉄,3,4
50160,2025-08-29,2025-08-29,25.77319587628857,25.716385011020915,11.021307861867058,14.678899082569696,2.840542285345382,非鉄,4,2
50160,2025-09-01,2025-09-01,14.63057790782818,124.26900584795231,87.71929824561431,36.23188405797117,,非鉄,0,2
50160,2025-09-02,2025-09-02,0.0,107.14285714285677,217.85714285714297,-108.35372247465891,1.381042059008153,非鉄,1,2
50160,2025-09-03,2025-09-03,391.18065433854986,-197.95221843003418,-143.3447098976104,-55.40166204986097,-1.3622291021671784,非鉄,2,4
50160,2025-09-04,2025-09-04,370.3703703703698,-183.7007348029396,-290.58116232464903,110.07911936704585,0.5021971123666091,非鉄,3,4
50160,2025-09-05,2025-09-05,-96.12197547232304,-100.40160642570295,-180.72289156626508,81.79959100204526,-0.7495315427857641,非鉄,4,1
50160,2025-09-08,2025-09-08,256.15763546797956,80.07687379884665,-32.03074951953822,109.21940250562257,1.636249213341734,非鉄,0,4
50160,2025-09-09,2025-09-09,-590.6250000000002,16.66666666666705,116.66666666666714,-98.84678747940745,-0.6811145510835948,非鉄,1,0
50160,2025-09-10,2025-09-10,107.38255033557076,-209.3718843469594,-235.95879029577938,27.22940776038074,-0.5610972568578565,非鉄,2,3
50160,2025-09-11,2025-09-11,473.7183646982479,-105.45905707196046,-235.73200992555775,133.41804320203377,-0.4388714733542298,非鉄,3,4
50160,2025-09-12,2025-09-12,469.14357682619647,-117.54068716094079,-93.42977697408105,-27.37226277372273,0.37783375314861534,非鉄,4,4
50160,2025-09-16,2025-09-16,-274.72527472527486,87.9120879120876,106.75039246467844,-15.537600994406375,1.2389380530973382,非鉄,1,0
50160,2025-09-17,2025-09-17,131.8681318681314,-195.53072625698275,-164.49410304158917,-31.555695803092696,-0.4662004662004615,非鉄,2,3
50160,2025-09-18,2025-09-18,437.539632213062,-12.195121951219523,-91.46341463414642,80.00000000000007,-0.5854800936768156,非鉄,3,4
50160,2025-09-19,2025-09-19,33.3333333333341,-145.45454545454527,-215.15151515151487,74.34944237918239,-0.05889281507656108,非鉄,4,2
50160,2025-09-22,2025-09-22,-171.68674698795127,33.77341111452159,67.5468222290454,-36.58536585365857,-0.5892751915144379,非鉄,0,0
50160,2025-09-24,2025-09-24,76.26601586333103,263.3171912832921,72.63922518159882,189.30288461538547,-0.41103934233704953,非鉄,2,3
50160,2025-09-25,2025-09-25,545.4017986655058,137.66519823788624,134.91189427312867,2.716653083401077,0.1768867924528239,非鉄,3,4
50160,2025-09-26,2025-09-26,-13.709898546750976,-159.60374243258136,-24.76609796367657,-137.89299503585207,-0.7651559741024161,非鉄,4,2
50160,2025-09-29,2025-09-29,463.6313159355909,-10.582010582010914,21.16402116402183,-29.046738843411248,0.0,非鉄,0,4
50160,2025-09-30,2025-09-30,142.85714285714235,-2.557544757033625,-48.59335038363221,48.84318766066764,-1.3048635824436494,非鉄,1,3
50160,2025-10-01,2025-10-01,-12.886597938144284,244.21593830334265,249.35732647815013,-5.016302984700571,0.5408653846153744,非鉄,2,2
50160,2025-10-02,2025-10-02,51.724137931035145,259.9950944321816,179.05322541084124,79.51807228915753,0.7172743574417106,非鉄,3,2
50160,2025-10-03,2025-10-03,-70.21791767554464,331.78824103439865,143.93754574286487,187.6353139283138,-0.4154302670623111,非鉄,4,1
50160,2025-10-06,2025-10-06,-59.023836549375595,102.52904989747068,129.8701298701288,-26.990553306343035,0.5363528009535212,非鉄,0,1
50160,2025-10-07,2025-10-07,243.47056219566232,-1014.648858250754,-10.771219302024848,-1004.9601035152034,-0.5927682276229973,非鉄,1,4
50160,2025-10-08,2025-10-08,532.5000000000002,282.0211515863691,-223.26674500587563,519.3556143303679,0.655933214072757,非鉄,2,4
50160,2025-10-09,2025-10-09,-447.19101123595453,63.67924528301927,-101.41509433962304,169.20877025738744,-0.8293838862559189,非鉄,3,0
50160,2025-10-10,2025-10-10,224.77283596365362,-72.78703921108188,-117.39845034045571,47.52851711026685,-1.194743130227005,非鉄,4,4
50160,2025-10-14,2025-10-14,-161.90476190476198,-172.66536964980594,-228.59922178988356,57.24240915878642,0.6699147381242332,非鉄,1,0
50160,2025-10-15,2025-10-15,347.567030784508,-227.817745803357,-9.592326139088447,-216.08643457383005,0.9679370840895318,非鉄,2,4
50160,2025-10-16,2025-10-16,-68.19288845591798,108.24108241082486,71.34071340713311,36.63898387884723,1.1384062312762122,非鉄,3,1
50160,2025-10-17,2025-10-17,-128.96825396825352,-125.6597134958537,-45.23749685850675,-80.78767987881874,0.23696682464455776,非鉄,4,1
50160,2025-10-20,2025-10-20,-380.5708562844268,2.610284521011863,39.15426781519127,-36.40145605824263,0.23640661938533203,非鉄,0,0
50160,2025-10-21,2025-10-21,280.49408131755047,-322.4193951512122,-199.95001249687562,-122.44897959183709,-1.0023584905660354,非鉄,1,4
50160,2025-10-22,2025-10-22,-59.1715976331364,24.38363587103698,40.6393931183957,-16.189962223421837,0.9529481834425146,非鉄,2,1
50160,2025-10-23,2025-10-23,-73.52941176470563,-161.5553121577218,-32.85870755750264,-129.12087912087867,0.943952802359882,非鉄,3,1
50160,2025-10-24,2025-10-24,408.9422028353318,259.36599423631134,104.79434110558073,152.96862846772007,-0.8766803039158333,非鉄,4,4
50160,2025-10-27,2025-10-27,278.8844621513942,50.65123010130179,-60.29908345393187,111.62339238049101,0.9433962264151052,非鉄,0,4
50160,2025-10-28,2025-10-28,2.4950099800391534,-74.64543418760906,-37.32271709380397,-39.95006242197285,0.8761682242990565,非鉄,1,2
50160,2025-10-29,2025-10-29,-91.78863805507365,55.11022044088154,5.010020040079333,50.07511266900355,0.6369426751592355,非鉄,2,1
50160,2025-10-30,2025-10-30,-47.14640198511199,224.55089820359265,69.86027944111851,153.61744301288337,-1.1507479861910253,非鉄,3,1
50160,2025-10-31,2025-10-31,-68.1431005110733,48.98359049718248,66.12784717119791,-17.031630170316614,0.34924330616996624,非鉄,4,1
50160,2025-11-04,2025-11-04,287.1621621621623,-42.402826855123536,4.71142520612533,-47.09206498704987,-0.9200690051753835,非鉄,1,4
50160,2025-11-05,2025-11-05,-636.0248447204964,418.94353369763104,231.58990372105225,180.5237732011178,0.9866511897852481,非鉄,2,0
50160,2025-11-06,2025-11-06,-274.4717026961374,49.86287708800718,24.931438544004703,24.869435463814593,-1.4367816091954033,非鉄,3,0
50160,2025-11-07,2025-11-07,-234.19793502896025,-20.671834625323182,-155.03875968992276,139.14413231819412,-0.4664723032069995,非鉄,4,0
50160,2025-11-10,2025-11-10,37.984299822739764,-100.88272383354303,73.13997477931933,-170.29802153769145,0.5858230814294041,非鉄,0,2
50160,2025-11-11,2025-11-11,14.985014985013922,-230.0000000000002,-12.499999999999734,-217.77221526908642,0.6406523005241693,非鉄,1,2
50160,2025-11-12,2025-11-12,-185.23217457498075,116.48977478643462,-69.89386487186167,190.35202086049586,0.810185185185186,非鉄,2,0
50160,2025-11-13,2025-11-13,-382.2314049586772,29.459025174076725,48.205677557580096,-15.995734470807266,1.5499425947187229,非鉄,3,0
50160,2025-11-14,2025-11-14,-8.568980291345785,-128.75536480686733,-165.9513590844064,37.8236834448642,-2.713397399660822,非鉄,4,2
50160,2025-11-17,2025-11-17,391.25431530494745,41.64353137146026,-41.64353137146026,80.82497212932083,1.0459035444509102,非鉄,0,4
50160,2025-11-18,2025-11-18,-431.5729699034643,-404.7619047619044,-267.857142857143,-143.68694588810737,0.17251293847038163,非鉄,1,0
50160,2025-11-19,2025-11-19,306.12244897959107,-236.66866387058172,-137.80707010185745,-97.23488301428107,-1.320321469575203,非鉄,2,4
50160,2025-11-20,2025-11-20,-291.9075144508676,185.07462686567112,-20.89552238806025,209.45541591861127,-0.7562536358347915,非鉄,3,0
50160,2025-11-21,2025-11-21,-40.536326785157726,-9.392611145898622,-31.308703819661332,25.13352183474815,-0.17584994138335475,非鉄,4,1
50160,2025-11-25,2025-11-25,45.399515738497875,-298.1927710843368,-108.43373493975905,-188.85166006701203,-0.11785503830288313,非鉄,1,2
50160,2025-11-26,2025-11-26,9.12964090079127,-48.57316332726125,63.752276867030666,-111.61387631975828,2.2418879056047114,非鉄,2,2
50160,2025-11-27,2025-11-27,57.77007510109789,83.33333333333303,-14.367816091953589,94.93670886076,,非鉄,3,3
50160,2025-11-28,2025-11-28,-218.9141856392296,-44.74940334128874,-44.74940334128874,-2.995805871779389,0.461627236006934,非鉄,4,0
50160,2025-12-01,2025-12-01,-182.62150220913153,-180.01800180017958,-105.01050105010457,-75.80351728320167,-0.5743825387708235,非鉄,0,0
50160,2025-12-02,2025-12-02,90.11715229798823,-41.81600955794451,26.881720430107503,-65.55423122765247,1.1554015020219577,非鉄,1,3
50160,2025-12-03,2025-12-03,-165.0943396226412,-38.99220155968774,23.995200959807672,-65.80915345498096,-1.3135351227869796,非鉄,2,0
50160,2025-12-04,2025-12-04,83.43265792610354,11.820330969267712,-32.50591016548454,44.470797509634785,1.215277777777768,非鉄,3,3
50160,2025-12-05,2025-12-05,232.3529411764702,163.6520241171402,57.421762848119954,105.62375107051159,-0.05717552887364308,非鉄,4,4
50160,2025-12-08,2025-12-08,-2.8176951253877647,174.79560191711263,124.04849168311304,47.32739420935328,-0.5148741418764313,非鉄,0,2
50160,2025-12-09,2025-12-09,-200.62164453235388,-51.94805194805197,-31.746031746031633,-23.154848046309517,1.5526164462334568,非鉄,1,0
50160,2025-12-10,2025-12-10,59.69300739056216,67.85411365564099,79.16313259824781,-11.220196353436407,-1.5855039637599044,非鉄,2,3
50160,2025-12-11,2025-12-11,-263.30532212885174,-185.02457357617797,-104.07632263660038,-81.79959100204526,0.690448791714604,非鉄,3,0
50160,2025-12-12,2025-12-12,-163.09012875536433,273.4147760325767,157.06806282722584,111.6518751789286,-1.1428571428571455,非鉄,4,0
50160,2025-12-15,2025-12-15,51.605504587155515,-28.49814762040492,96.89370190937518,-121.40033879164291,1.6184971098266,非鉄,0,2
50160,2025-12-16,2025-12-16,-210.61742642815906,85.57096488639671,47.211566833873505,35.23194362889059,-0.7963594994311762,非鉄,1,0
50160,2025-12-17,2025-12-17,276.8777614138429,-91.90120620333087,-37.3348650201033,-60.50129645635227,1.089449541284404,非鉄,2,4
50160,2025-12-18,2025-12-18,140.25663980901325,-79.88165680473335,-8.875739644970126,-71.06899615042961,0.7373794668179334,非鉄,3,3
50160,2025-12-19,2025-12-19,56.080283353010515,82.40141259564516,-29.42907592701549,109.17674830333456,-0.16891891891891442,非鉄,4,3
50160,2025-12-22,2025-12-22,198.86363636363535,-94.70752089136502,-38.99721448467952,-58.70841487279898,0.7896221094190636,非鉄,0,4
50160,2025-12-23,2025-12-23,172.51131221719396,49.999999999998934,75.00000000000063,-24.813895781637953,0.11191941801902416,非鉄,1,3
50160,2025-12-24,2025-12-24,386.11111111111154,118.1208053691285,75.16778523489975,42.63256061817211,0.7266629401900593,非鉄,2,4
50160,2025-12-25,2025-12-25,-134.9563376554641,69.93006993007089,32.27541689080127,40.225261464199576,,非鉄,3,1
50160,2025-12-26,2025-12-26,175.53191489361632,20.942408376962707,34.03141361256523,-13.04461257500611,-0.2219755826859071,非鉄,4,3
50160,2025-12-29,2025-12-29,7.664793050587981,58.88376856118871,194.57245263696964,-135.57619884509208,-1.5572858731924377,非鉄,0,2
50160,2025-12-30,2025-12-30,357.89473684210594,-25.38715410002501,-17.77100787001773,-7.629704984740693,-0.4519774011299438,非鉄,1,4
50160,2026-01-05,2026-01-05,-32.019704433498,14.873574615765772,34.70500743678828,-19.762845849802257,1.7162471395880896,非鉄,0,2
50160,2026-01-06,2026-01-06,289.85507246376716,100.84427767354632,42.21388367729784,56.03548914312473,-0.16872890888638414,非鉄,1,4
50160,2026-01-07,2026-01-07,0.0,-165.3651814423518,-20.670647680294252,-147.26184997699065,0.5633802816901401,非鉄,2,2
50160,2026-01-08,2026-01-08,32.588454376163426,-251.27966496044652,-62.819916240112185,-189.65113556544176,-0.11204481792717047,非鉄,3,2
50160,2026-01-09,2026-01-09,-71.0563713879675,448.79446168536674,50.131296252089456,396.67458432304016,-0.11217049915872579,非鉄,4,1
50160,2026-01-13,2026-01-13,-122.96881862099207,13.28315253486867,104.0513615231342,-89.8334794040312,-0.3556609365737984,非鉄,1,1
50160,2026-01-14,2026-01-14,704.1343669250643,-222.84681790805004,-66.25175667536621,-157.63945028294256,0.4759071980963814,非鉄,2,4
50160,2026-01-15,2026-01-15,654.0727198862472,-209.3642938713358,-215.074229158736,5.83544057576324,-0.4736530491415092,非鉄,3,4
50160,2026-01-16,2026-01-16,166.47309330236172,-36.24570774513502,57.23006486074045,-92.94385432473406,1.1302795954788891,非鉄,4,3
50160,2026-01-19,2026-01-19,197.92467332820917,199.886856496323,73.54327739015565,127.31698183860773,,非鉄,0,3
50160,2026-01-20,2026-01-20,-386.85070831819826,180.5740353544949,93.13818665652951,86.6290018832383,-0.23529411764705577,非鉄,1,0
50160,2026-01-21,2026-01-21,365.71428571428476,-241.84683034078392,-272.99377061194565,32.02109625164873,-0.5306603773584939,非鉄,2,4
50160,2026-01-22,2026-01-22,-310.0920879533919,7.766990291262488,44.66019417475708,-34.8027842227383,0.5334914048606976,非鉄,3,0
50160,2026-01-23,2026-01-23,115.97456041900544,-161.11111111111077,-166.6666666666672,5.649717514124575,1.5919811320754818,非鉄,4,3
50160,2026-01-26,2026-01-26,-112.76075925577888,-241.6745956232158,-123.69172216936231,-117.55636924262846,-0.5223447475333765,非鉄,0,1
50160,2026-01-27,2026-01-27,87.77062609713226,-106.09567901234573,-75.2314814814814,-29.160186625194484,-0.4667444574095736,非鉄,1,3
50160,2026-01-28,2026-01-28,273.33073018352303,-123.62114872575103,-163.5602890833021,40.603248259860614,0.9964830011723436,非鉄,2,4
50160,2026-01-29,2026-01-29,-307.6632691581727,206.02526724975644,233.23615160349755,-24.696048632218968,0.05803830528148257,非鉄,3,0
50160,2026-01-30,2026-01-30,-354.13476263399747,61.11987381703487,72.94952681387912,-11.743981209629828,-0.6380510440835319,非鉄,4,0
50160,2026-02-02,2026-02-02,104.65832136260956,-420.40816326530563,-359.1836734693876,-63.50550381033049,-0.6421482778750764,非鉄,0,3
50160,2026-02-03,2026-02-03,156.05493133582948,159.44399018806178,34.75061324611506,122.19959266802417,0.763807285546414,非鉄,1,3
50160,2026-02-04,2026-02-04,271.31782945736484,-48.964218455743726,-154.42561205273097,109.0491677826666,0.05830903790087216,非鉄,2,4
50160,2026-02-05,2026-02-05,-115.75802837938798,-297.7099236641223,-320.61068702290083,19.708316909736734,1.4568764568764658,非鉄,3,1
50160,2026-02-06,2026-02-06,250.5601955591774,-51.22143420015712,-96.5327029156815,43.75497215592716,-1.0338885697874778,非鉄,4,4
50160,2026-02-09,2026-02-09,-151.82755388940984,108.71638374976067,13.35113484646211,95.2380952380949,-0.5223447475333765,非鉄,0,0
50160,2026-02-10,2026-02-10,124.63343108504388,-104.41044104410491,-82.80828082808279,-21.782537665637758,0.05834305717620225,非鉄,1,3
50160,2026-02-13,2026-02-13,-124.58219386204838,315.95092024539804,223.92638036809797,93.03721488595373,0.1159420289855051,非鉄,4,1
50160,2026-02-16,2026-02-16,-465.3179190751444,-54.42999697611084,39.31055337163647,-93.37349397590344,,非鉄,0,0
50160,2026-02-17,2026-02-17,-231.57894736842155,18.518518518517713,-89.50617283950635,105.85305105853094,-1.2159814707585426,非鉄,1,0
50160,2026-02-18,2026-02-18,335.3180821059221,-133.49514563106845,-112.25728155339843,-21.47898128260217,0.0,非鉄,2,4
50160,2026-02-19,2026-02-19,166.4145234493186,35.71428571428559,23.809523809523725,11.876484560569,-0.058616647127784915,非鉄,3,3
50160,2026-02-20,2026-02-20,-85.57096488639671,113.16259678380014,2.9779630732584828,113.16259678380014,0.4105571847507372,非鉄,4,1
50160,2026-02-24,2026-02-24,445.7694491766051,5.431830526887449,8.147745790332284,-5.425935973955021,0.23378141437755406,非鉄,1,4
50160,2026-02-25,2026-02-25,802.6315789473681,29.12621359223211,84.95145631068013,-57.747834456207684,0.5830903790087438,非鉄,2,4
50160,2026-02-26,2026-02-26,-551.4124293785305,-169.77522716403627,-241.51123864179834,75.98039215686248,0.5797101449275255,非鉄,3,0
50160,2026-02-27,2026-02-27,184.8101265822777,202.97029702970315,47.02970297029596,157.71315919171914,1.037463976945241,非鉄,4,3
50160,2026-03-02,2026-03-02,581.8639798488667,334.9168646080769,161.52019002375394,173.01847089081113,-1.197946377638337,非鉄,0,4
50160,2026-03-03,2026-03-03,140.08133755083696,-299.5495495495493,-58.55855855855907,-242.4105120072495,0.34642032332563577,非鉄,1,3
50160,2026-03-04,2026-03-04,-454.32340009770365,56.70103092783485,-28.350515463917425,90.50943884147955,-0.6329113924050667,非鉄,2,0
50160,2026-03-05,2026-03-05,-494.11764705882376,74.6268656716409,97.0149253731334,-22.172949002217113,2.316155182397228,非鉄,3,0
50160,2026-03-06,2026-03-06,138.85382479172037,144.63840399002504,-19.95012468827939,164.91754122938573,1.2450481041312855,非鉄,4,3
50160,2026-03-09,2026-03-09,-489.18918918918973,401.0166619598987,-31.064670996893142,433.4277620396598,-1.8446059250978197,非鉄,0,0
50160,2026-03-10,2026-03-10,-144.99999999999957,-43.29004329004293,-48.38298955946008,2.5581990278844557,-0.5694760820045608,非鉄,1,1
50160,2026-03-11,2026-03-11,497.5369458128087,-193.7893999533036,86.38804576231563,-277.7777777777779,1.9473081328751363,非鉄,2,4
50160,2026-03-12,2026-03-12,-183.39768339768358,7.4441687344917185,44.665012406948094,-37.055335968378955,1.1235955056179803,非鉄,3,0
50160,2026-03-13,2026-03-13,364.10256410256414,37.03703703703765,-19.7530864197526,54.4150383378672,0.7777777777777883,非鉄,4,4
50160,2026-03-16,2026-03-16,-364.5833333333337,274.0778688524581,181.86475409835978,90.5660377358486,0.2756339581036382,非鉄,0,0
50160,2026-03-17,2026-03-17,-358.624054647475,-320.5451792024228,-113.57900050479542,-211.8427769270037,-0.05497526113249496,非鉄,1,0
50160,2026-03-18,2026-03-18,164.77857878475888,42.92929292929237,-27.77777777777768,70.90402633578074,1.980198019801982,非鉄,2,3
50160,2026-03-19,2026-03-19,-59.89583333333326,-101.90749934674726,-28.743140841389625,-75.97589730154564,1.4023732470334505,非鉄,3,1
50160,2026-03-23,2026-03-23,-243.90243902439045,-172.01166180758065,-125.3644314868807,-44.30005906674528,-1.2332439678284235,非鉄,0,0
50160,2026-03-24,2026-03-24,-19.948703334283778,168.66781017724318,91.48084619782671,79.34258996882937,0.3800217155266017,非鉄,1,2
50160,2026-03-25,2026-03-25,66.95232994108125,176.4705882352935,117.647058823529,58.13953488372103,1.1357490535424564,非鉄,2,3
50160,2026-03-26,2026-03-26,-240.2957486136781,147.62165117550464,95.68069983597604,48.72766648619464,-0.2673796791443861,非鉄,3,0
50160,2026-03-27,2026-03-27,-84.699453551913,195.0013732491085,129.08541609447877,65.07592190889477,-0.965147453083115,非鉄,4,1
50160,2026-03-30,2026-03-30,8.705745792223496,249.28366762177578,180.51575931232077,67.54855052068632,-1.4076881429344934,非鉄,0,2
50160,2026-03-31,2026-03-31,300.4807692307687,-230.92662964045553,-312.77404267757936,87.53395713854584,0.7138934651290452,非鉄,1,4
50160,2026-04-01,2026-04-01,-141.98218262806205,402.36353404614624,306.6966797974113,95.57618787547683,-1.199563794983638,非鉄,2,1
50160,2026-04-02,2026-04-02,-753.9155826917976,169.73532796317636,181.24280782508606,-14.124293785310327,-0.22075055187638082,非鉄,3,0
50160,2026-04-03,2026-04-03,54.91488193300364,-32.608695652174276,-40.76086956521729,8.185538881309018,0.0,非鉄,4,2
50160,2026-04-06,2026-04-06,212.70866989768544,-144.0384102427317,-16.00426780474784,-130.8760683760679,0.38716814159291957,非鉄,0,4
50160,2026-04-07,2026-04-07,-2.7041644131964304,83.85177170678881,-64.91750067622371,146.9787697332614,-1.1019283746556474,非鉄,1,2
50160,2026-04-08,2026-04-08,257.5423105224428,119.61722488038174,23.923444976077235,97.87538792074501,-0.3342618384401086,非鉄,2,4
50160,2026-04-09,2026-04-09,295.23809523809507,262.18097447795907,53.36426914153147,207.70828525271236,-0.6148686416992732,非鉄,3,4
50160,2026-04-10,2026-04-10,62.22222222222129,87.95074758135345,103.34212840809043,-17.406440382942144,-0.8436445444319429,非鉄,4,3
50160,2026-04-13,2026-04-13,-39.32707013327486,173.39771729587338,-21.949078138717717,193.5341983725536,0.05672149744753163,非鉄,0,2
50160,2026-04-14,2026-04-14,398.3402489626564,241.03585657370584,167.3306772908356,74.46600039192619,0.45351473922903285,非鉄,1,4
50160,2026-04-15,2026-04-15,-1019.0615835777128,-63.27822004490669,-34.7009593794656,-28.67677181482953,1.975169300225743,非鉄,2,0
50160,2026-04-16,2026-04-16,-22.164013701390097,18.08318264014508,-204.94273658830608,223.49805208119687,-0.6640841173215284,非鉄,3,2
50160,2026-04-17,2026-04-17,67.98516687268163,79.81989357347618,102.3331968890706,-20.263424518743854,-0.16713091922005985,非鉄,4,3
50160,2026-04-20,2026-04-20,91.87423438137942,-230.53589484327563,-121.33468149646109,-112.56651657797767,0.8928571428571397,非鉄,0,3
50160,2026-04-21,2026-04-21,-114.48792672772656,209.3908629441632,112.09813874788478,96.21418113365365,0.38716814159291957,非鉄,1,1
50160,2026-04-22,2026-04-22,-53.64142768722879,93.2642487046631,-64.24870466321231,158.53149770546526,0.11019283746556141,非鉄,2,1
50160,2026-04-23,2026-04-23,-618.6186186186183,36.50418724500781,83.744900150311,-46.84838160136317,0.27517886626307053,非鉄,3,0
50160,2026-04-24,2026-04-24,-57.791095890410425,-4.307559767391389,-23.69157872065486,19.43005181347157,-0.1097694840834218,非鉄,4,1
50160,2026-04-27,2026-04-27,578.2608695652169,6.160164271047375,4.10677618069899,2.0525451559927355,1.318681318681314,非鉄,0,4
50160,2026-04-28,2026-04-28,-326.33081786661245,75.7575757575757,52.60942760942689,23.027004396063422,0.9219088937093334,非鉄,1,0
50160,2026-04-30,2026-04-30,-74.84407484407485,29.41176470588225,-65.12605042016784,95.15753859166809,-0.32171581769436797,非鉄,3,1
50160,2026-05-01,2026-05-01,-90.72164948453643,-18.714909544603753,18.714909544603753,-37.35990037359915,0.6455083378160253,非鉄,4,1
50160,2026-05-07,2026-05-07,61.814556331007964,487.2251931075455,509.01168548227463,-20.731247644176776,0.0,非鉄,3,3
50160,2026-05-08,2026-05-08,218.67612293144268,392.7608779360803,173.2768579129762,217.67934885481787,0.993926007730539,非鉄,4,4
50160,2026-05-11,2026-05-11,230.79697078975948,24.561403508771562,217.54385964912305,-188.87362637362682,0.8201202843083566,非鉄,0,4
50160,2026-05-12,2026-05-12,-631.9845857418115,-247.7984845381942,-67.58140487405306,-181.44329896907175,1.3557483731019504,非鉄,1,0
50160,2026-05-13,2026-05-13,263.2753235162877,62.743401125053836,95.19688446560038,-32.147449635662184,0.48154093097914075,非鉄,2,4
50160,2026-05-14,2026-05-14,34.46047813913333,-441.0190537358172,-286.87647184757026,-158.69517302182112,-3.833865814696491,非鉄,3,2
50160,2026-05-15,2026-05-15,-456.05490369714397,-276.67984189723273,-99.97674959311809,-178.48755284170957,0.8305647840531671,非鉄,4,0
50160,2026-05-18,2026-05-18,52.80844935189543,-267.17557251908386,-33.39694656488534,-236.89877961234785,4.83250961010433,非鉄,0,2
50160,2026-05-19,2026-05-19,-512.2494432071268,73.45225603357707,44.59601259181545,26.109660574411553,-0.41906757464641453,非鉄,1,0
50160,2026-05-20,2026-05-20,13.157894736841591,-21.091484313208177,210.9148431320862,-227.21404595920424,-1.9989479221462436,非鉄,2,2
50160,2026-05-21,2026-05-21,55.000000000000604,-168.8182720953324,-79.4438927507446,-90.09009009009029,-0.7514761137949577,非鉄,3,2
50160,2026-05-22,2026-05-22,187.5937968984487,-142.57620452310715,-4.91642084562427,-135.30135301353053,0.21633315305571443,非鉄,4,3
50160,2026-05-25,2026-05-25,-75.56080283352972,102.08926875593605,80.72174738841476,23.55712603062443,,非鉄,0,1
50160,2026-05-26,2026-05-26,-451.1627906976745,155.2644347404164,162.54245511887478,-7.161613750298335,-0.2698327037236936,非鉄,1,0
50160,2026-05-27,2026-05-27,-562.1370499419276,-68.89763779527547,9.842519685039353,-76.22326038849269,-1.406926406926412,非鉄,2,0
50160,2026-05-28,2026-05-28,-53.13765182186181,0.0,-291.56010230179,300.3161222339301,0.2195389681668436,非鉄,3,1
50160,2026-05-29,2026-05-29,-182.98969072164994,211.6540371047826,151.55474261823844,59.20205920205923,-0.383351588170866,非鉄,4,0
57060,2024-05-10,2024-05-10,-25.76808721506452,99.54210631097027,-15.926737009754888,111.6204903328688,2.8232636928289034,非鉄,4,1
57060,2024-05-13,2024-05-13,-164.19386745796237,94.75806451612945,38.30645161290391,58.256327842507446,1.3728720483251022,非鉄,0,0
57060,2024-05-14,2024-05-14,-20.802995631370447,235.8096828046752,98.08013355592671,134.29752066115742,-1.2459371614301218,非鉄,1,2
57060,2024-05-15,2024-05-15,-181.99999999999994,-97.77958851089785,-50.926869016092446,-49.12998976458582,1.5907844212835975,非鉄,2,0
57060,2024-05-16,2024-05-16,-165.3917717593545,147.21345951629772,180.86225026288093,-33.05102251600856,-1.2419006479481687,非鉄,3,0
57060,2024-05-17,2024-05-17,75.70977917981114,116.91022964509301,98.12108559498878,16.535758577924664,-0.9841443411700346,非鉄,4,3
57060,2024-05-20,2024-05-20,467.0781893004117,31.47747393271727,-5.902026362384349,37.40157480314865,1.656543346217565,非鉄,0,4
57060,2024-05-21,2024-05-21,0.0,-133.17892298783994,-123.52827639451891,-9.771350400625822,-0.4888647474198815,非鉄,1,2
57060,2024-05-22,2024-05-22,5.877742946709397,-158.38873680093846,-62.57332811888894,-90.56900964756865,0.6550218340611424,非鉄,2,2
57060,2024-05-23,2024-05-23,96.11451942740379,161.16035455278066,58.42062852538188,98.09809809809833,0.759219088937102,非鉄,3,3
57060,2024-05-24,2024-05-24,240.50121261115498,-1.9778481012655558,55.37974683544222,-57.04169944925286,0.10764262648008671,非鉄,4,4
57060,2024-05-27,2024-05-27,33.932135728542704,89.21490880253735,51.54639175257714,41.43646408839796,,非鉄,0,2
57060,2024-05-28,2024-05-28,33.1384015594538,54.47470817120603,42.80155642023331,9.684292078249168,-0.37634408602150726,非鉄,1,2
57060,2024-05-29,2024-05-29,-74.8847926267282,-54.284606436603156,-15.509887553315505,-40.768782760628454,-1.6729627630868826,非鉄,2,1
57060,2024-05-30,2024-05-30,-27.66798418972316,-13.79854129706315,-27.5970825941263,11.857707509881354,-1.5367727771679496,非鉄,3,1
57060,2024-05-31,2024-05-31,37.549407114625396,-13.771394845563112,-149.51800118040538,139.8322013583697,-0.6131549609810438,非鉄,4,2
57060,2024-06-03,2024-06-03,27.467137531882457,-119.14062500000044,-107.421875,-13.817607579944546,-0.6169377453729696,非鉄,0,2
57060,2024-06-04,2024-06-04,-190.74110868269378,104.94450050454019,48.435923309788635,56.23619200642693,-0.22573363431150906,非鉄,1,0
57060,2024-06-05,2024-06-05,-193.50937311025996,-37.02941781526414,-59.658506480148034,20.691082143595718,-0.6221719457013553,非鉄,2,0
57060,2024-06-06,2024-06-06,26.315789473683182,79.01134521880016,46.59643435980465,32.264569469651065,3.1872509960159334,非鉄,3,2
57060,2024-06-07,2024-06-07,-23.856858846919017,-39.960039960039715,-17.982017982017815,-22.017614091273117,-0.9376723662437914,非鉄,4,2
57060,2024-06-10,2024-06-10,93.59104781281769,-34.10230692076244,-40.120361083250124,12.091898428052694,0.44543429844097204,非鉄,0,3
57060,2024-06-11,2024-06-11,-137.23511604439963,-69.4019187589301,-44.907123902837576,-24.60529013737944,-0.388026607538805,非鉄,1,0
57060,2024-06-12,2024-06-12,43.20987654321095,6.128702757917104,14.300306435137689,-8.1599347205219,0.8903728436282732,非鉄,2,2
57060,2024-06-13,2024-06-13,-173.3986128110976,-157.90567213796015,-83.10824849366294,-87.88449466415548,1.103143960286812,非鉄,3,0
57060,2024-06-14,2024-06-14,279.4833792081297,69.72928630024633,49.22067268252617,18.363599265456276,-2.127659574468088,非鉄,4,4
57060,2024-06-17,2024-06-17,-165.11867905056766,-18.781302170284285,-62.60434056761244,44.09911801763977,-1.0590858416945403,非鉄,0,0
57060,2024-06-18,2024-06-18,35.18211920529701,53.66357069143346,57.79153766769962,-6.155108740254489,0.9577464788732337,非鉄,1,2
57060,2024-06-19,2024-06-19,248.15422477440617,132.0528211284522,62.024809923970636,67.59443339960258,,非鉄,2,4
57060,2024-06-20,2024-06-20,-157.0888844700735,125.45528126264749,34.39902873330736,86.67607337230487,-1.8415178571428603,非鉄,3,0
57060,2024-06-21,2024-06-21,-157.9778830963663,-6.027727546714656,60.27727546714878,-69.87422639249341,-1.023308698123937,非鉄,4,0
57060,2024-06-24,2024-06-24,-102.14300020027989,-84.98583569405139,-89.03278025091055,6.1261997141115465,-0.4595060310166543,非鉄,0,1
57060,2024-06-25,2024-06-25,197.95918367346843,153.7847014180138,145.7958857599362,11.815675462780728,-2.1927293710328866,非鉄,1,4
57060,2024-06-26,2024-06-26,154.76190476190422,-101.70154508116536,-39.11597887737095,-58.92751915144379,-1.1209439528023557,非鉄,2,3
57060,2024-06-27,2024-06-27,98.79470460383288,76.48558540890305,103.94194940184454,-32.977691561590916,-0.9546539379474916,非鉄,3,3
57060,2024-06-28,2024-06-28,128.45465161541503,-115.40680900173128,-94.24889401808079,-19.42124684404689,-4.0963855421686795,非鉄,4,3
57060,2024-07-01,2024-07-01,-67.54148977228924,-11.677695601400861,17.516543402102958,-27.205596579867873,0.18844221105527303,非鉄,0,1
57060,2024-07-02,2024-07-02,68.359375,7.748934521503159,27.121270825261057,-25.10137092102682,0.940438871473348,非鉄,1,3
57060,2024-07-03,2024-07-03,-23.369036027264258,-68.33268254588076,-62.475595470519174,-5.893909626718541,0.31055900621117516,非鉄,2,2
57060,2024-07-04,2024-07-04,226.8321054672362,144.21252371916492,51.23339658444026,92.50519161789761,,非鉄,3,4
57060,2024-07-05,2024-07-05,-85.21674694331183,-33.802816901408185,0.0,-31.930879038316597,2.0433436532507843,非鉄,4,1
57060,2024-07-08,2024-07-08,-22.46349681767179,-108.94064613072851,3.7565740045075735,-99.64278999812004,-3.3373786407767003,非鉄,0,2
57060,2024-07-09,2024-07-09,-20.637898686679534,62.03007518797099,52.63157894736858,9.349289454001486,0.37664783427495685,非鉄,1,2
57060,2024-07-10,2024-07-10,-48.39910647803425,52.42463958060384,-3.74461711290075,52.42463958060384,1.5009380863039379,非鉄,2,1
57060,2024-07-11,2024-07-11,24.141132776229757,37.09886848451083,37.09886848451083,-3.6948087936450325,0.800985828712264,非鉄,3,2
57060,2024-07-12,2024-07-12,-31.41748290519275,-5.576208178438291,-22.304832713754273,14.900353883404716,-2.200488997555017,非鉄,4,1
57060,2024-07-16,2024-07-16,-11.133791055853992,-50.11135857461046,-48.25538233110605,-5.592841163311046,1.6035920461834552,非鉄,1,2
57060,2024-07-17,2024-07-17,245.26198439241975,56.20014503263215,19.94198694706295,36.18599601953987,0.7575757575757569,非鉄,2,4
57060,2024-07-18,2024-07-18,9.079353550027758,-121.28892107168721,-47.06734250543132,-70.9606986899558,-1.8796992481203034,非鉄,3,2
57060,2024-07-19,2024-07-19,-46.057479734709084,-18.501387604070718,3.700277520815032,-20.34776174620778,0.0,非鉄,4,1
57060,2024-07-22,2024-07-22,-64.9953574744666,-13.04509877003368,7.45434215430496,-20.484171322160407,2.298850574712641,非鉄,0,1
57060,2024-07-23,2024-07-23,-3.6496350364967345,-58.70482480278882,23.848835076132335,-82.35724743777428,0.3745318352059934,非鉄,1,2
57060,2024-07-24,2024-07-24,-5.597014925373678,-160.68759342301897,-50.44843049327397,-101.50375939849576,0.43532338308458485,非鉄,2,2
57060,2024-07-25,2024-07-25,-379.0824261275272,-127.34990903577881,-52.55710531635316,-83.24873096446694,0.6811145510835948,非鉄,3,0
57060,2024-07-26,2024-07-26,256.09506248719606,-231.39836425294268,-87.77179333732343,-146.88128772635812,-2.890528905289058,非鉄,4,4
57060,2024-07-29,2024-07-29,144.95671431447477,11.93554804058028,3.9785160135275,5.964214711728921,0.5066497783407176,非鉄,0,3
57060,2024-07-30,2024-07-30,-60.18054162487463,-8.06614236741332,8.06614236741332,-12.094335819391455,-2.2684310018903586,非鉄,1,1
57060,2024-07-31,2024-07-31,134.29752066115742,254.89396411092935,193.71941272430692,60.01200240048021,-1.3539651837524147,非鉄,2,3
57060,2024-08-01,2024-08-01,-233.02531137002757,-107.21649484536132,-111.34020618556728,2.0846362309767663,0.2614379084967311,非鉄,3,0
57060,2024-08-02,2024-08-02,-344.376634699215,-415.16245487364654,-205.324909747292,-220.99447513812208,0.9126466753585305,非鉄,4,0
57060,2024-08-05,2024-08-05,108.36693548387011,-1007.0493454179252,-450.65458207452116,-570.2217529039067,1.0981912144702788,非鉄,0,3
57060,2024-08-06,2024-08-06,629.2966684294021,-106.6203818497391,-39.67270022315894,-69.68641114982633,-0.8945686900958427,非鉄,1,4
57060,2024-08-07,2024-08-07,863.4803274359659,-235.2941176470591,44.11764705882337,-278.1844802342603,-0.9671179883945835,非鉄,2,4
57060,2024-08-08,2024-08-08,394.8717948717939,-307.27630285152463,-83.5791543756148,-230.4261645193262,-1.3671875,非鉄,3,4
57060,2024-08-09,2024-08-09,-207.31423247146498,9.521542489883128,-114.25850987860086,132.53012048192846,-0.46204620462045876,非鉄,4,0
57060,2024-08-13,2024-08-13,4.6522447080721285,153.48837209302246,23.255813953488857,118.1923522595607,-1.5645371577574951,非鉄,1,2
57060,2024-08-14,2024-08-14,47.79244424214735,22.70147559591429,22.70147559591429,-6.7904028972387565,0.9271523178807861,非鉄,2,3
57060,2024-08-15,2024-08-15,292.79279279279314,-13.103297663245028,-52.41319065298122,41.72156346069489,-1.5748031496062964,非鉄,3,4
57060,2024-08-16,2024-08-16,-82.38276299112779,40.45135192676241,4.258037044921892,31.908104658582293,-1.2666666666666715,非鉄,4,1
57060,2024-08-19,2024-08-19,136.08335105252056,-153.26474910770548,-44.08985933235354,-99.21891492505775,2.160702228224176,非鉄,0,3
57060,2024-08-20,2024-08-20,21.03934357247983,-58.76180482686233,-115.42497376705097,61.597281223448874,-0.7270323859881023,非鉄,1,2
57060,2024-08-21,2024-08-21,-45.336787564767,90.86975335352632,60.57983556901681,32.265003226499275,0.13315579227697327,非鉄,2,1
57060,2024-08-22,2024-08-22,-117.34585022402433,25.94594594594657,-17.29729729729734,38.9694739121027,-1.3962765957446832,非鉄,3,1
57060,2024-08-23,2024-08-23,-127.67799177667128,56.980056980056034,-21.91540653079138,76.85551163812087,-0.8091706001348564,非鉄,4,0
57060,2024-08-26,2024-08-26,-151.84381778741817,26.385224274405594,19.788918205805306,0.0,-1.5635622025832796,非鉄,0,0
57060,2024-08-27,2024-08-27,47.53673292999139,4.310344827587187,-30.172413793103647,38.92733564013761,1.4502762430939287,非鉄,1,3
57060,2024-08-28,2024-08-28,6.500541711809138,-23.75809935205142,-51.835853131749765,26.04731929672255,-0.5445881552076259,非鉄,2,2
57060,2024-08-29,2024-08-29,-15.287180607119755,6.551648831623069,6.551648831623069,-2.181976871045155,1.4373716632443578,非鉄,3,2
57060,2024-08-30,2024-08-30,25.917926565874883,68.78761822871837,-15.047291487532144,83.9612486544672,2.1592442645074206,非鉄,4,2
57060,2024-09-02,2024-09-02,-112.52653927813161,12.856224555388707,-68.56653096207421,81.98489751887861,,非鉄,0,1
57060,2024-09-03,2024-09-03,29.72399150743099,-29.679881280474383,-63.59974560101733,31.99658703071595,1.7833553500660404,非鉄,1,2
57060,2024-09-04,2024-09-04,51.270619705752196,-134.95575221238897,-99.55752212389424,-35.75418994413382,1.5574302401038187,非鉄,2,3
57060,2024-09-05,2024-09-05,169.72165648336812,-108.64745011086474,-146.3414634146343,33.738191632928235,-0.31948881789137795,非鉄,3,4
57060,2024-09-06,2024-09-06,-238.93805309734506,45.3720508166966,15.880217785844142,31.717263253285832,-1.7948717948717996,非鉄,4,0
57060,2024-09-09,2024-09-09,104.01891252955097,125.46468401487098,6.970260223049252,118.41188762479638,0.32637075718016106,非鉄,0,3
57060,2024-09-10,2024-09-10,60.71508882392607,-190.3695408734607,-96.30459126539704,-97.21908207099284,-0.8458035133376729,非鉄,1,3
57060,2024-09-11,2024-09-11,-71.62661737523112,-123.02692664809656,-167.1309192200554,40.11326097215662,0.0,非鉄,2,1
57060,2024-09-12,2024-09-12,-49.830124575311885,139.2694063926947,100.45662100456542,42.96698326549109,1.7060367454068137,非鉄,3,1
57060,2024-09-13,2024-09-13,58.598151904440954,-26.845637583892135,-15.659955257271152,-13.440860215053752,1.6774193548387162,非鉄,4,3
57060,2024-09-17,2024-09-17,-287.10247349823305,90.95043201455155,-68.21282401091366,160.25641025640968,0.48750761730651515,非鉄,1,0
57060,2024-09-18,2024-09-18,66.81514476614802,35.460992907800915,-84.21985815602828,122.95998211491188,0.0,非鉄,2,3
57060,2024-09-19,2024-09-19,154.41496302740276,-27.83725910064261,-2.1413276231263545,-23.564695801199242,-1.5767131594906059,非鉄,3,3
57060,2024-09-20,2024-09-20,16.813787305589578,-52.42189138184084,-14.678129586915833,-46.16030214015909,-1.0474430067775709,非鉄,4,2
57060,2024-09-24,2024-09-24,37.39094308267576,76.46207894193013,78.52862161603636,-2.050440844781898,-0.3026634382566562,非鉄,1,2
57060,2024-09-25,2024-09-25,109.3117408906874,-34.00680136027234,-34.00680136027234,-6.018054162487685,0.7893139040680008,非鉄,2,3
57060,2024-09-26,2024-09-26,-47.058823529412265,67.0611439842217,-25.64102564102555,86.95652173912993,-0.48192771084337727,非鉄,3,1
57060,2024-09-27,2024-09-27,-75.87548638132269,139.62635201573147,74.72959685349112,70.31250000000044,1.0895883777239712,非鉄,4,1
57060,2024-09-30,2024-09-30,18.457752255947035,4.100041000409949,-34.85034850348456,37.021801727683545,1.556886227544907,非鉄,0,2
57060,2024-10-01,2024-10-01,22.371364653244186,4.0567951318459805,32.454361054767844,-24.271844660194162,1.0613207547169878,非鉄,1,2
57060,2024-10-02,2024-10-02,116.56441717791344,-103.51126446113246,12.177795818957282,-119.55420466058797,0.7584597432905404,非鉄,2,3
57060,2024-10-03,2024-10-03,-277.39251040221905,-42.70028466856424,-69.13379422529454,24.564994882292357,-0.8685581933989606,非鉄,3,0
57060,2024-10-04,2024-10-04,56.93371289141824,103.40632603406341,16.220600162206722,89.08685968819663,-0.6425233644859807,非鉄,4,3
57060,2024-10-07,2024-10-07,-132.89036544850475,-19.688915140775308,90.56900964756753,-113.1265847474161,0.29394473838917357,非鉄,0,0
57060,2024-10-08,2024-10-08,-81.18811881188125,-7.9792539397571804,-15.95850787951325,7.9920079920081655,-1.348182883939042,非鉄,1,1
57060,2024-10-09,2024-10-09,-120.57718916781978,111.88811188811209,13.986013986013734,99.78048293753704,0.11883541295305555,非鉄,2,1
57060,2024-10-10,2024-10-10,-25.500196155354704,-39.25417075564263,-7.850834151128527,-31.42801021410291,-0.7121661721068206,非鉄,3,1
57060,2024-10-11,2024-10-11,-88.01095247408574,-78.92659826361448,-41.43646408839796,-29.74419988102328,-0.4184100418409997,非鉄,4,1
57060,2024-10-15,2024-10-15,-41.37115839243477,-45.40967423494524,-37.512339585390464,-5.946481665014547,-1.5328019619865074,非鉄,1,1
57060,2024-10-16,2024-10-16,56.45161290322554,-56.100981767180926,-38.06852334201527,-16.093341380003512,0.7471980074719831,非鉄,2,3
57060,2024-10-17,2024-10-17,-53.87071029529178,-52.229811169144384,-22.097227802330146,-30.199315482182243,0.5562422744128659,非鉄,3,1
57060,2024-10-18,2024-10-18,-110.3752759381893,20.259319286872746,-20.259319286871637,38.56302009336288,-0.6760909649661917,非鉄,4,1
57060,2024-10-21,2024-10-21,-26.220250100846833,-60.901339829476655,18.27040194884333,-77.01661937576043,1.3613861386138515,非鉄,0,1
57060,2024-10-22,2024-10-22,-108.4953940634592,61.945075366507396,57.815403675407495,10.2711585866877,1.7094017094017033,非鉄,1,1
57060,2024-10-23,2024-10-23,177.53922378199726,-103.59536867763586,-58.90717042453808,-40.883074407195295,0.6002400960384069,非鉄,2,4
57060,2024-10-24,2024-10-24,58.22416302765588,63.85169927909384,-12.358393408856694,76.3043926582796,0.5966587112171906,非鉄,3,3
57060,2024-10-25,2024-10-25,-148.14814814814835,25.031289111390187,-8.343763037129692,37.59398496240518,-1.3641755634638209,非鉄,4,0
57060,2024-10-28,2024-10-28,151.26050420168013,10.305028854080689,-26.793075020610235,37.19776813391196,-1.3229104028863459,非鉄,0,3
57060,2024-10-29,2024-10-29,68.25232678386861,-32.82724661469061,-47.189167008616636,14.430014430013571,0.8531383302864182,非鉄,1,3
57060,2024-10-30,2024-10-30,163.05469556243457,-99.21036647094539,-76.93865154889679,-24.47980416156681,-0.5438066465256797,非鉄,2,4
57060,2024-10-31,2024-10-31,-91.59373091797262,135.6628982528263,55.4984583761553,77.66196607398301,-0.060753341433783525,非鉄,3,1
57060,2024-11-01,2024-11-01,-202.856551438626,-48.5744456177406,42.238648363253084,-90.43112513144047,0.8510638297872353,非鉄,4,0
57060,2024-11-05,2024-11-05,143.1318094424272,-6.315789473684275,-23.157894736841598,18.995356690587606,0.540540540540535,非鉄,1,3
57060,2024-11-06,2024-11-06,90.14675052410936,-95.25781735348903,-107.68275005177075,10.464629552113802,1.9115890083632125,非鉄,2,3
57060,2024-11-07,2024-11-07,-22.75077559462213,-16.52892561983421,8.264462809917106,-24.772914946324942,0.4103165298944944,非鉄,3,2
57060,2024-11-08,2024-11-08,-319.3449334698051,174.92096944151658,14.752370916755186,162.07114291728163,0.7005253940455258,非鉄,4,0
57060,2024-11-11,2024-11-11,506.43964199956315,149.6881496881497,-33.264033264033266,183.56278681685546,-0.40579710144927894,非鉄,0,4
57060,2024-11-12,2024-11-12,320.23289665211064,-72.62457131329447,106.91950776679393,-175.6837692154123,-0.11641443538998875,非鉄,1,4
57060,2024-11-13,2024-11-13,-81.79959100204526,-105.35013426977935,14.459822350754159,-119.63696369637012,-0.6993006993006978,非鉄,2,1
57060,2024-11-14,2024-11-14,90.79391891891886,-286.4910079464655,-94.10288582183179,-194.21574836394396,-1.7018779342723,非鉄,3,3
57060,2024-11-15,2024-11-15,59.86743639084801,-136.05442176870764,-44.64285714285698,-93.93680614859123,1.2537313432835928,非鉄,4,3
57060,2024-11-18,2024-11-18,45.3563714902816,-49.55828485240232,-28.011204481792618,-23.76323179952511,1.2382075471698117,非鉄,0,3
57060,2024-11-19,2024-11-19,-25.917926565874883,105.71736785329078,69.03991370010854,36.425969573601336,-0.4659289458357585,非鉄,1,1
57060,2024-11-20,2024-11-20,-27.77777777777768,-23.5546038543899,2.1413276231263545,-23.5546038543899,0.702165008777067,非鉄,2,1
57060,2024-11-21,2024-11-21,-131.3320825515951,-48.523206751054374,-56.962025316456,8.487163165711298,-0.755374782103424,非鉄,3,0
57060,2024-11-22,2024-11-22,-6.317119393556281,82.1571518854003,21.06593638087295,56.73460811094877,-0.23419203747072626,非鉄,4,2
57060,2024-11-25,2024-11-25,-107.39363899215148,-100.31347962382475,-25.078369905956464,-71.26388597778255,-0.17605633802817433,非鉄,0,1
57060,2024-11-26,2024-11-26,-14.767932489451185,57.082452431289624,-19.027484143763207,76.2550307138321,-1.3521457965902428,非鉄,1,2
57060,2024-11-27,2024-11-27,-227.99914766673757,78.58546168958647,-4.365858982754434,85.19003931847902,-1.0727056019070313,非鉄,2,0
57060,2024-11-28,2024-11-28,117.39130434782696,38.62660944206064,17.16738197424794,19.276076247589646,,非鉄,3,3
57060,2024-11-29,2024-11-29,-143.82402707275753,49.18733960650235,-19.24721984602251,66.40959725792595,1.9879518072289049,非鉄,4,0
57060,2024-12-02,2024-12-02,198.04088586030667,77.26038839006134,48.026727918146776,31.178549158179525,0.4725339633786074,非鉄,0,4
57060,2024-12-03,2024-12-03,-14.462809917354935,-6.216328222130585,-31.081641110650704,24.94283932654273,-0.4115226337448541,非鉄,1,2
57060,2024-12-04,2024-12-04,-46.938775510203534,78.06080525883274,67.78964667214504,8.1599347205219,-0.2951593860684776,非鉄,2,1
57060,2024-12-05,2024-12-05,-195.32044760935952,-33.236393851266975,-20.772746157041723,-12.489592006661443,0.82889283599763,非鉄,3,0
57060,2024-12-06,2024-12-06,-85.98993288590594,6.345177664974777,-65.56683587140455,74.53151618398657,1.2918379330593144,非鉄,4,1
57060,2024-12-09,2024-12-09,-33.83379149926036,-12.76595744680864,-12.76595744680864,0.0,0.521739130434784,非鉄,0,1
57060,2024-12-10,2024-12-10,35.63194298889183,-25.08361204013432,-20.903010033445078,-4.189359028068385,1.6147635524798254,非鉄,1,2
57060,2024-12-11,2024-12-11,-69.13890634820841,105.17458981909922,-4.2069835927638355,111.55546200799726,-0.2270147559591429,非鉄,2,1
57060,2024-12-12,2024-12-12,-18.591200165255508,-39.41091059946111,-56.004978220286496,20.86811352253859,-1.5358361774744034,非鉄,3,2
57060,2024-12-13,2024-12-13,-112.07443434129827,89.82035928143617,62.01881950384846,25.499362515937207,-0.17331022530329143,非鉄,4,1
57060,2024-12-16,2024-12-16,-25.499362515937207,-12.795905310301059,-8.530603540199966,-4.268943436499528,3.009259259259256,非鉄,0,1
57060,2024-12-17,2024-12-17,-86.35578583765069,-15.230635335073961,2.1758050478681845,-15.230635335073961,-0.3370786516853963,非鉄,1,1
57060,2024-12-18,2024-12-18,-24.006983849846897,-72.1942682126453,-35.003281557646204,-39.50834064969322,-1.3528748590755368,非鉄,2,1
57060,2024-12-19,2024-12-19,173.93268579173338,37.63559884879308,19.924728802303004,22.10433244915988,0.6857142857142895,非鉄,3,4
57060,2024-12-20,2024-12-20,-76.85551163812087,-24.229074889867697,-70.48458149779724,51.04305370617013,1.2485811577752637,非鉄,4,1
57060,2024-12-23,2024-12-23,4.4150110375285045,46.21478873239493,4.401408450704913,35.17256539898872,0.39237668161435924,非鉄,0,2
57060,2024-12-24,2024-12-24,-83.07826847398391,-8.828073273008386,8.828073273008386,-13.23626737260053,0.16750418760469454,非鉄,1,1
57060,2024-12-25,2024-12-25,-140.6593406593404,75.89285714285631,29.017857142856762,46.739372357000875,,非鉄,2,0
57060,2024-12-26,2024-12-26,-4.416961130742081,136.41364136413702,44.00440044004306,94.21560035056898,1.17056856187292,非鉄,3,2
57060,2024-12-27,2024-12-27,19.451048195375797,75.39853511417505,34.467901766479514,38.63490019317517,0.0,非鉄,4,2
57060,2024-12-30,2024-12-30,4.284490145671782,-12.845215157354373,-21.408691928923584,6.435006435006052,-0.22038567493113392,非鉄,0,2
57060,2025-01-06,2025-01-06,-107.29613733905575,19.539730785931297,0.0,21.715526601520097,1.2749445676274895,非鉄,0,1
57060,2025-01-07,2025-01-07,2.148227712137629,2.1505376344088667,8.602150537635467,-4.298302170642199,0.21893814997262506,非鉄,1,2
57060,2025-01-08,2025-01-08,590.115040477206,-183.83838383838392,-92.92929292929242,-85.69679657212781,-0.8192244675040983,非鉄,2,4
57060,2025-01-09,2025-01-09,-39.394567696454665,179.39090529828894,-73.00792657488509,254.25509560832006,0.6057268722466924,非鉄,3,1
57060,2025-01-10,2025-01-10,-478.67892976588666,-35.07233669443277,-94.25690486628669,57.522123893805066,3.1198686371100237,非鉄,4,0
57060,2025-01-14,2025-01-14,-123.62030905077259,73.67716008037428,-24.55905336012476,93.95973154362468,-0.26274303730950965,非鉄,1,1
57060,2025-01-15,2025-01-15,-48.57584455729702,79.98222617196183,-2.2217285047765323,73.26820603907657,0.8956796628029506,非鉄,2,1
57060,2025-01-16,2025-01-16,-2.1992522542335635,120.66695919262793,52.65467310223704,65.45930613135465,-0.8877284595300239,非鉄,3,2
57060,2025-01-17,2025-01-17,35.16483516483593,175.2080595707395,142.3565484012257,32.390412437919295,2.16016859852477,非鉄,4,2
57060,2025-01-20,2025-01-20,126.90901269090116,-10.633772862611579,-34.02807316035705,19.19795221843046,,非鉄,0,3
57060,2025-01-21,2025-01-21,-88.88888888888835,-10.681478316598714,-23.49925229651828,6.4198587631070225,0.979886539453334,非鉄,1,1
57060,2025-01-22,2025-01-22,40.211640211640365,19.01140684410718,-23.236163920574704,40.220152413208424,-1.0725229826353377,非鉄,2,2
57060,2025-01-23,2025-01-23,23.384353741495723,80.54260279779513,55.10809665112415,23.182297154900056,1.032524522457412,非鉄,3,2
57060,2025-01-24,2025-01-24,8.37170364169193,-94.1619585687381,-79.51454279137904,-18.9753320683117,-0.7153806847215116,非鉄,4,2
57060,2025-01-27,2025-01-27,-123.17327766179554,-21.06149957876946,31.5922493681553,-48.30917874396157,-0.7205352547606791,非鉄,0,1
57060,2025-01-28,2025-01-28,-201.2847965738762,-83.09643560026281,-48.10846271594116,-35.157108327840135,0.6220839813374734,非鉄,1,0
57060,2025-01-29,2025-01-29,6.545930613135464,15.273838097316084,39.27558367881279,-26.07561929595881,2.266872746007209,非鉄,2,2
57060,2025-01-30,2025-01-30,-30.3885391795089,32.608695652174276,10.869565217390686,23.892267593397243,-1.2594458438287104,非鉄,3,1
57060,2025-01-31,2025-01-31,-49.72972972972944,34.828036569438666,43.53504571179778,-6.503360069368691,-1.479591836734695,非鉄,4,1
57060,2025-02-03,2025-02-03,-187.3071837814011,29.23319091522325,31.481897908702816,-2.241649854293204,1.0875194199896354,非鉄,0,0
57060,2025-02-04,2025-02-04,-2.219263204615851,-26.726057906458767,8.908685968820329,-42.25038914832058,1.2295081967213184,非鉄,1,2
57060,2025-02-05,2025-02-05,-53.40453938584733,11.185682326622093,11.185682326622093,-2.2341376228773857,-0.15182186234817818,非鉄,2,1
57060,2025-02-06,2025-02-06,15.50731058927779,53.10909493250637,53.10909493250637,0.0,0.4561581348200727,非鉄,3,2
57060,2025-02-07,2025-02-07,70.60900264783676,57.017543859649855,59.21052631578938,-4.3591979075852105,-1.6145307769929396,非鉄,4,3
57060,2025-02-10,2025-02-10,-37.01284563466189,43.57298474945593,28.32244008714513,13.032145960034658,0.8717948717948731,非鉄,0,1
57060,2025-02-12,2025-02-12,74.8023081855087,-109.82048574445625,-27.455121436114062,-82.59212198221122,1.499482936918306,非鉄,2,3
57060,2025-02-13,2025-02-13,93.5412026726068,101.32158590308471,138.76651982378752,-32.601608346011226,0.5094243504839557,非鉄,3,3
57060,2025-02-14,2025-02-14,-207.1973827699014,42.25038914832169,4.447409384034096,35.555555555555344,0.6588950836289964,非鉄,4,0
57060,2025-02-17,2025-02-17,55.87840858292337,-126.89225289403416,-46.74977738201247,-78.29977628635353,,非鉄,0,3
57060,2025-02-18,2025-02-18,81.28245653646448,-17.885088307623143,-4.471272076905786,-15.652951699463014,1.1077542799597273,非鉄,1,3
57060,2025-02-19,2025-02-19,-67.50675067506707,-61.28007262823476,-68.0889695869269,6.855575868371933,-0.8466135458167323,非鉄,2,1
57060,2025-02-20,2025-02-20,-25.252525252524862,-34.522439585730204,-16.11047180667402,-16.140189070785738,-0.050226017076848706,非鉄,3,1
57060,2025-02-21,2025-02-21,32.42992819087354,-76.3005780346826,-53.17919075144562,-20.925366193907948,-1.4070351758794009,非鉄,4,2
57060,2025-02-25,2025-02-25,165.95542911332473,39.64552238805874,51.30597014925353,-11.600928074245731,-0.46607975142413105,非鉄,1,4
57060,2025-02-26,2025-02-26,-73.13045529605988,42.59346900141958,-68.62281116895463,109.57598856598416,-0.3121748178980255,非鉄,2,1
57060,2025-02-27,2025-02-27,67.58331391284011,16.170016170016233,-23.10002310002335,37.03703703703765,-3.131524008350728,非鉄,3,3
57060,2025-02-28,2025-02-28,-81.5850815850816,4.705882352942226,-9.41176470588223,14.130946773434072,-2.370689655172409,非鉄,4,1
57060,2025-03-03,2025-03-03,-111.99999999999987,-36.9173973234882,2.3073373327187063,-36.9173973234882,-2.759381898454749,非鉄,0,1
57060,2025-03-04,2025-03-04,-123.62957779332828,14.164305949009304,4.721435316337175,14.164305949009304,-0.7945516458569779,非鉄,1,1
57060,2025-03-05,2025-03-05,44.70588235294226,30.338389731621174,25.670945157525438,4.655493482308426,0.97254004576659,非鉄,2,2
57060,2025-03-06,2025-03-06,-59.22551252847352,-25.183150183150094,0.0,-27.46623941405346,1.8130311614730887,非鉄,3,1
57060,2025-03-07,2025-03-07,43.92048081368394,71.59353348729746,18.475750577366945,53.01982480405698,1.3912075681691727,非鉄,4,2
57060,2025-03-10,2025-03-10,36.3636363636366,13.580805794477513,-15.844273426890432,31.746031746031633,0.5488474204171201,非鉄,0,2
57060,2025-03-11,2025-03-11,36.95150115473389,89.75834292290097,11.507479861909697,75.84463341760551,0.4366812227074135,非鉄,1,2
57060,2025-03-12,2025-03-12,-54.28636055191171,2.277904328018554,-2.277904328018554,4.556846662109315,-2.336956521739131,非鉄,2,1
57060,2025-03-13,2025-03-13,81.79959100204526,-83.52144469525923,-47.404063205417344,-34.029038112523004,1.2799109627156469,非鉄,3,3
57060,2025-03-14,2025-03-14,27.272727272726893,52.05975554549491,43.00588501584323,11.271415689810826,-2.5824175824175843,非鉄,4,2
57060,2025-03-17,2025-03-17,-11.20322652924055,47.05355142280876,26.887743670176434,22.35136343316846,3.891708967851093,非鉄,0,2
57060,2025-03-18,2025-03-18,66.43046944198483,10.969723562965772,15.357612988151637,-2.191060473268891,-0.5971769815418027,非鉄,1,3
57060,2025-03-19,2025-03-19,232.9124945581196,-161.9778346121059,-142.79624893435593,-19.45945945945993,0.928454396504641,非鉄,2,4
57060,2025-03-21,2025-03-21,177.9513888888884,-29.927319367251126,-21.376656690893505,-4.286326618088143,-1.0154997327632254,非鉄,4,4
57060,2025-03-24,2025-03-24,-96.77419354838679,-2.1687269572756573,-26.024723487313437,23.918243096325842,0.3239740820734305,非鉄,0,1
57060,2025-03-25,2025-03-25,-6.4543889845092295,-21.56566745740829,-17.252533965925743,-4.3205875999130505,-1.2917115177610294,非鉄,1,2
57060,2025-03-26,2025-03-26,136.66453128336587,206.75105485232103,135.02109704641273,72.87112221528113,-1.526717557251911,非鉄,2,3
57060,2025-03-27,2025-03-27,-225.18765638031678,19.18158567774997,12.787723785165905,8.516074089843784,-0.33222591362126463,非鉄,3,0
57060,2025-03-28,2025-03-28,-58.69565217391348,-52.35602094240788,-67.62652705061045,13.175230566535578,0.6666666666666599,非鉄,4,1
57060,2025-03-31,2025-03-31,-93.16064530788482,-48.06591897459356,-84.68757152666484,29.988465974624123,1.0485651214128033,非鉄,0,1
57060,2025-04-01,2025-04-01,-57.497700091996286,-46.296296296296504,-67.12962962962976,23.31002331002363,0.5461496450027248,非鉄,1,1
57060,2025-04-02,2025-04-02,-39.701074264362205,-14.054813773717312,0.0,-18.730976352142605,-0.5975013579576305,非鉄,2,1
57060,2025-04-03,2025-04-03,120.30075187969835,-74.14730598121588,-71.67572911517594,4.982561036372957,0.21857923497268228,非鉄,3,3
57060,2025-04-04,2025-04-04,-270.4094772083443,66.31299734747964,-140.5835543766576,201.61290322580737,0.4362050163576825,非鉄,4,0
57060,2025-04-07,2025-04-07,169.18429003021095,-207.34597156398138,-198.45971563981047,-3.02388872089554,0.8686210640608039,非鉄,0,4
57060,2025-04-08,2025-04-08,207.3274637886957,-106.0563773374268,-189.78509628802652,85.34850640113723,0.9687836383207804,非鉄,1,4
57060,2025-04-09,2025-04-09,-153.62318840579704,77.19714964370627,-157.36342042755314,225.97167821633013,0.9594882729211163,非鉄,2,0
57060,2025-04-10,2025-04-10,-34.95563323474005,86.36977058029683,48.58299595141613,32.214765100671,1.9007391763463666,非鉄,3,1
57060,2025-04-11,2025-04-11,56.545094713034146,193.06099608282113,19.58589815332923,167.45743790119948,1.4507772020725396,非鉄,4,3
57060,2025-04-14,2025-04-14,-98.95694035838454,-48.60923575479292,18.90359168241984,-64.70746832030194,-1.0725229826353377,非鉄,0,1
57060,2025-04-15,2025-04-15,-91.39784946236573,-8.149959250203231,2.716653083401077,-10.863661053774898,-0.722767165720184,非鉄,1,1
57060,2025-04-16,2025-04-16,-122.85012285012331,-135.80931263858065,-38.8026607538805,-102.8921023359286,0.6240249609984483,非鉄,2,1
57060,2025-04-17,2025-04-17,120.17887087758527,38.64200938448859,-13.800717637316717,46.961325966849984,-0.2583979328165342,非鉄,3,3
57060,2025-04-18,2025-04-18,76.71232876712341,73.4094616639469,43.50190320826508,29.77801840822858,,非鉄,4,3
57060,2025-04-21,2025-04-21,-51.96936542669617,98.90109890109855,30.219780219780112,73.99287476020922,-0.10362694300518616,非鉄,0,1
57060,2025-04-22,2025-04-22,183.5113667488364,72.97297297297334,24.324324324325186,51.24056094929941,-1.4522821576763434,非鉄,1,4
57060,2025-04-23,2025-04-23,-129.1853414184019,0.0,18.691588785046953,-21.316280309086054,-0.6315789473684164,非鉄,2,0
57060,2025-04-24,2025-04-24,140.24874305371694,-96.73202614379095,-81.04575163398687,-18.445322793149145,1.0063559322033955,非鉄,3,3
57060,2025-04-25,2025-04-25,93.57941252924329,-43.72427983539096,-64.30041152263422,20.70929329536675,0.10487676979549221,非鉄,4,3
57060,2025-04-28,2025-04-28,-10.256410256410664,-74.28278688524581,-30.737704918032406,-41.120534566949644,-0.41906757464641453,非鉄,0,2
57060,2025-04-30,2025-04-30,-84.94208494208455,41.55844155844246,-5.1948051948047524,46.777546777547755,1.2466124661246525,非鉄,2,1
57060,2025-05-01,2025-05-01,51.90760446405429,23.27385570209506,-25.859839668993523,46.656298600311615,-0.6959314775160652,非鉄,3,3
57060,2025-05-02,2025-05-02,-74.03625223385224,-17.999485728978915,61.71252249935755,-76.68711656441674,-0.6469002695417836,非鉄,4,1
57060,2025-05-07,2025-05-07,-25.57544757033292,30.76923076922977,-15.384615384614886,48.80554842024098,-1.3392857142857095,非鉄,2,1
57060,2025-05-08,2025-05-08,38.43197540353671,-63.678043810494465,-71.31940906775381,7.6962544894820795,-0.39592760180995334,非鉄,3,2
57060,2025-05-09,2025-05-09,-12.629451881788212,-30.318342597270842,-2.5265285497722,-27.798837503159035,0.5110732538330387,非鉄,4,2
57060,2025-05-12,2025-05-12,2.508151492350841,67.60140210315457,-10.015022533800266,80.22060666833752,-0.5649717514124242,非鉄,0,2
57060,2025-05-13,2025-05-13,-114.85826001955024,32.18618469918333,34.662045060658286,-7.398273736127781,-1.2499999999999956,非鉄,1,1
57060,2025-05-14,2025-05-14,-144.29683921209357,106.80287903413132,99.8374738797314,9.197516670498285,0.9205983889528202,非鉄,2,0
57060,2025-05-15,2025-05-15,367.4233559560025,-11.286681715575453,92.55079006772027,-100.67114093959772,2.2234891676168766,非鉄,3,4
57060,2025-05-16,2025-05-16,113.04544426859576,176.33928571428646,100.44642857142793,75.13812154696042,-1.171221416620194,非鉄,4,3
57060,2025-05-19,2025-05-19,-35.76218149307087,-42.64870931537601,-4.4893378226706915,-38.17651021783108,0.9029345372460584,非鉄,0,1
57060,2025-05-20,2025-05-20,-80.51889957503944,-36.060401171963406,-22.537750732476436,-13.553196295459369,1.6778523489932917,非鉄,1,1
57060,2025-05-21,2025-05-21,66.9792364367039,301.88679245283015,57.713651498334514,240.511915269197,1.2101210121012063,非鉄,2,3
57060,2025-05-22,2025-05-22,152.33949945593127,-10.727311735678757,-27.891010512764993,17.21170395869276,0.5978260869565322,非鉄,3,3
57060,2025-05-23,2025-05-23,76.75906183368886,76.28734901462097,4.238186056368942,72.01864011861846,-0.8103727714748765,非鉄,4,3
57060,2025-05-26,2025-05-26,-48.218029350104445,204.68453260181542,23.21164802701059,181.05263157894848,,非鉄,0,1
57060,2025-05-27,2025-05-27,30.972537683253698,82.23684210526328,24.67105263157965,57.42411812961423,-0.16339869281045694,非鉄,1,2
57060,2025-05-28,2025-05-28,-80.41817450743838,-2.0267531414674966,-8.107012565869987,8.11523635625866,-1.6366612111292977,非鉄,2,1
57060,2025-05-29,2025-05-29,-14.118596208148038,96.98929076581209,50.515255607193055,48.26060727930903,-0.8319467554076532,非鉄,3,2
57060,2025-05-30,2025-05-30,153.06122448979664,0.0,-16.090104585679832,16.116035455278066,-0.7829977628635354,非鉄,4,3
57060,2025-06-02,2025-06-02,16.34320735444339,63.3040637124771,63.3040637124771,4.060089321964444,-1.183765501691092,非鉄,0,2
57060,2025-06-03,2025-06-03,6.085192697768971,42.67425320056972,16.25685836212254,26.374518157841198,0.0,非鉄,1,2
57060,2025-06-04,2025-06-04,6.019261637240092,-78.15631262525046,-8.016032064128709,-68.20461384152487,-0.057045065601823985,非鉄,2,2
57060,2025-06-05,2025-06-05,85.75987235739824,33.750248163588736,-17.867778439547564,51.710421638822,0.05707762557076723,非鉄,3,3
57060,2025-06-06,2025-06-06,55.776892430279275,-39.60396039603964,-7.920792079207928,-31.708283789140257,0.855675984027382,非鉄,4,3
57060,2025-06-09,2025-06-09,37.88634097706911,131.05639396346237,99.2851469420164,29.486927462158974,-2.0361990950226283,非鉄,0,2
57060,2025-06-10,2025-06-10,-161.51270435296405,-102.14300020027989,0.0,-100.16025641025661,1.385681293302543,非鉄,1,0
57060,2025-06-11,2025-06-11,63.20081549439305,77.23577235772439,-12.195121951219523,89.54008954008997,-0.5694760820045608,非鉄,2,3
57060,2025-06-12,2025-06-12,-107.08401976935788,29.148448886113787,35.394545075995154,-2.0755500207558786,0.45819014891179677,非鉄,3,1
57060,2025-06-13,2025-06-13,-242.48704663212385,-42.39084357778755,-25.434506146672085,-19.120458891013214,1.425313568985187,非鉄,4,0
57060,2025-06-16,2025-06-16,126.63571127057737,-106.09527771999194,-85.29228208862038,-23.075309418921776,-2.360876897133224,非鉄,0,3
57060,2025-06-17,2025-06-17,52.62050094716919,22.988505747125743,50.15673981191293,-24.958402662229595,-0.8059873344847479,非鉄,1,3
57060,2025-06-18,2025-06-18,-6.317119393556281,52.69814502529613,14.75548060708265,40.000000000000036,0.4643064422518828,非鉄,2,2
57060,2025-06-19,2025-06-19,-67.22689075630228,6.32377740303447,-14.75548060708265,18.995356690587606,,非鉄,3,1
57060,2025-06-20,2025-06-20,-4.244482173174635,-44.6049277824978,29.736618521665203,-74.12113511224061,-0.8665511265164683,非鉄,4,2
57060,2025-06-23,2025-06-23,-30.14642549526325,47.46494066882434,58.25242718446644,-10.725010725011197,-2.447552447552448,非鉄,0,1
57060,2025-06-24,2025-06-24,8.550662676356513,6.417112299466066,-10.695187165775666,19.276076247589646,-0.8363201911589013,非鉄,1,2
57060,2025-06-25,2025-06-25,-51.118210862619584,117.72260273972712,4.2808219178080975,113.39323919554944,-1.0843373493975905,非鉄,2,1
57060,2025-06-26,2025-06-26,4.2283298097256505,69.54689146470017,16.85985247628974,54.71380471380405,-0.3654080389768555,非鉄,3,2
57060,2025-06-27,2025-06-27,116.58291457286474,-15.879317189361197,77.4116712981332,-92.57435493401633,2.0782396088019572,非鉄,4,3
57060,2025-06-30,2025-06-30,-25.671406003159312,-11.918951132300348,37.74334525228351,-49.47555907381718,0.8383233532934131,非鉄,0,1
57060,2025-07-01,2025-07-01,40.07212983370145,-13.96926761125572,5.986828976252134,-21.934197407776914,-0.23752969121140222,非鉄,1,2
57060,2025-07-02,2025-07-02,159.30631175640198,75.18796992481258,94.97427779976198,-15.686274509804088,2.440476190476182,非鉄,2,4
57060,2025-07-03,2025-07-03,-138.83532587736224,31.225604996096834,-11.709601873536313,44.94821184287679,0.6391632771644451,非鉄,3,0
57060,2025-07-04,2025-07-04,-164.5373596593114,-47.31861198738141,-23.659305993690705,-25.68662319699655,,非鉄,4,0
57060,2025-07-07,2025-07-07,7.968127490038945,-59.65400676078758,-25.850069596341505,-29.916234543279074,-2.944572748267893,非鉄,0,2
57060,2025-07-08,2025-07-08,213.57285429141726,9.729519361743044,-9.729519361743044,17.526777020446804,-1.903628792385481,非鉄,1,4
57060,2025-07-09,2025-07-09,-11.547344110854896,-25.052996723838874,-38.54307188282946,9.669309611293198,0.363856882959368,非鉄,2,2
57060,2025-07-10,2025-07-10,66.09642301710794,123.95893860158714,50.358318806895674,73.23183657737431,-1.3293051359516639,非鉄,3,3
57060,2025-07-11,2025-07-11,-7.643798968086646,42.14559386973127,32.567049808429616,13.371537726838412,0.3674219228414044,非鉄,4,2
57060,2025-07-14,2025-07-14,-38.09523809523818,-93.8697318007664,-45.977011494252594,-48.11393379522744,0.7321537522879895,非鉄,0,1
57060,2025-07-15,2025-07-15,46.296296296295395,21.121351766513197,-7.680491551459445,24.971187091817892,-2.9073288915808626,非鉄,1,3
57060,2025-07-16,2025-07-16,44.14587332053799,-32.535885167463974,24.880382775118726,-61.068702290076885,1.3724266999376233,非鉄,2,2
57060,2025-07-17,2025-07-17,50.38759689922401,57.836899942163015,19.27896664738693,38.48374061958815,-1.1076923076923095,非鉄,3,3
57060,2025-07-18,2025-07-18,13.358778625953693,7.619047619047414,1.9047619047629638,5.713197486192367,1.8046048537647685,非鉄,4,2
57060,2025-07-22,2025-07-22,75.47169811320754,116.2136832239935,11.246485473288548,104.84927916120546,-1.2376237623762387,非鉄,1,3
57060,2025-07-23,2025-07-23,5.4864667154341795,-40.14598540145964,-82.1167883211682,40.47093451067019,0.0,非鉄,2,2
57060,2025-07-24,2025-07-24,180.88799561483572,69.74248927038573,92.98998569384764,-23.033309709425964,0.6892230576441172,非鉄,3,4
57060,2025-07-25,2025-07-25,301.7857142857139,79.73652279424482,69.33610677760439,13.776476666091941,-0.5600497822028649,非鉄,4,4
57060,2025-07-28,2025-07-28,-110.73253833049357,122.1820684907926,13.766993632764457,108.26602509022231,-1.689612015018771,非鉄,0,1
57060,2025-07-29,2025-07-29,255.3191489361706,-66.44518272425293,-126.24584717607968,65.64551422319376,-0.8911521323997418,非鉄,1,4
57060,2025-07-30,2025-07-30,200.40417649040077,105.50609957138191,82.4266402901408,24.529844644316512,0.6422607578676853,非鉄,2,4
57060,2025-07-31,2025-07-31,373.0724589620293,321.1375619108492,156.57453267295062,166.82404784387873,0.574345883854499,非鉄,3,4
57060,2025-08-01,2025-08-01,156.58914728682083,62.50000000000089,-1.5243902439021628,67.10385847186195,-1.07868020304569,非鉄,4,3
57060,2025-08-04,2025-08-04,216.68472372697644,48.66920152091225,41.06463878327027,9.089531889108216,-0.7055805003207238,非鉄,0,4
57060,2025-08-05,2025-08-05,73.50735073507364,-53.53159851301137,-59.479553903345476,4.486987735565773,-1.6149870801033583,非鉄,1,3
57060,2025-08-06,2025-08-06,120.17804154302647,14.662756598240456,11.730205278592809,2.9291154071464653,-0.13131976362442677,非鉄,2,3
57060,2025-08-07,2025-08-07,-61.3138686131387,76.35829662261395,22.026431718060735,52.739525344271954,1.183431952662728,非鉄,3,1
57060,2025-08-08,2025-08-08,-145.43851917144136,-11.958146487294208,56.801195814648594,-68.37098692033305,-0.3898635477582846,非鉄,4,0
57060,2025-08-12,2025-08-12,972.5614135900007,-148.02200681163225,-107.41419963322008,-35.77106518283024,-3.57142857142857,非鉄,1,4
57060,2025-08-13,2025-08-13,208.3333333333326,89.69759097898545,-57.66273705791858,150.83150702591252,0.40404040404040664,非鉄,2,4
57060,2025-08-14,2025-08-14,97.12509712509699,-115.7854110382095,-6.43252283545559,-104.32766615146805,1.0731052984574108,非鉄,3,3
57060,2025-08-15,2025-08-15,824.5682378911833,156.4003849855622,8.421559191529315,150.29457737164796,1.9907100199070937,非鉄,4,4
57060,2025-08-18,2025-08-18,654.4378698224862,27.71311384547115,-107.52688172043001,137.84601591392942,-0.3253090435914152,非鉄,0,4
57060,2025-08-19,2025-08-19,265.16853932584183,-16.393442622950616,19.672131147541183,-32.7332242225864,-0.9791122715404721,非鉄,1,4
57060,2025-08-20,2025-08-20,116.47058823529343,-75.48484496574193,-184.64754383927584,111.21628017037422,0.19775873434411118,非鉄,2,3
57060,2025-08-21,2025-08-21,633.3370698352203,-232.3371000105612,-293.5896081951628,64.20021762785666,2.1710526315789513,非鉄,3,4
57060,2025-08-22,2025-08-22,213.04206769763078,-81.79307414489023,45.67665179519898,-125.84602368866382,0.0,非鉄,4,4
57060,2025-08-25,2025-08-25,-46.106557377049164,152.57731958762787,13.402061855669611,138.98898383609693,0.3219575016097931,非鉄,0,1
57060,2025-08-26,2025-08-26,-64.2463797674897,47.1118394100789,98.32036050798854,-45.66210045662156,-0.6418485237484006,非鉄,1,1
57060,2025-08-27,2025-08-27,249.1391533319831,133.26752221125338,98.71668311944637,34.21309872922773,-1.0981912144702788,非鉄,2,4
57060,2025-08-28,2025-08-28,248.88003982080687,77.29468599033895,38.647342995168366,38.498556304138454,1.1757021554539504,非鉄,3,4
57060,2025-08-29,2025-08-29,71.29277566539915,-66.03773584905714,14.150943396227245,-84.74576271186419,2.840542285345382,非鉄,4,3
57060,2025-09-01,2025-09-01,0.0,-207.5289575289574,-135.13513513513487,-68.52667645619204,,非鉄,0,2
57060,2025-09-02,2025-09-02,414.85769416304885,-41.782729805014405,-4.642525533889996,-37.157454714351616,1.381042059008153,非鉄,1,4
57060,2025-09-03,2025-09-03,219.934487599438,-228.51919561243105,-141.6819012797077,-92.67840593141786,-1.3622291021671784,非鉄,2,4
57060,2025-09-04,2025-09-04,134.25925925925952,-237.98627002288296,-164.75972540045737,-69.83240223463638,0.5021971123666091,非鉄,3,3
57060,2025-09-05,2025-09-05,-259.9814298978642,95.69377990430672,-23.923444976076127,119.90407673860837,-0.7495315427857641,非鉄,4,0
57060,2025-09-08,2025-09-08,-126.16822429906583,104.31484115694722,-4.741583688951945,109.10815939279006,1.636249213341734,非鉄,0,0
57060,2025-09-09,2025-09-09,-639.5891690009337,0.0,100.05002501250581,-99.0589400693409,-0.6811145510835948,非鉄,1,0
57060,2025-09-10,2025-09-10,351.75879396984965,19.436345966958868,-102.04081632653073,122.7295041728027,-0.5610972568578565,非鉄,2,4
57060,2025-09-11,2025-09-11,583.4136933461908,-168.79562043795593,-168.79562043795593,-4.638218923933568,-0.4388714733542298,非鉄,3,4
57060,2025-09-12,2025-09-12,-342.7787934186477,-142.18009478673022,-23.696682464454668,-118.76484560570111,0.37783375314861534,非鉄,4,0
57060,2025-09-16,2025-09-16,81.02955195424144,85.06616257088817,18.90359168241984,70.78810759792331,1.2389380530973382,非鉄,1,3
57060,2025-09-17,2025-09-17,-175.18939393939448,-120.77294685990393,-178.74396135265647,63.976377952756906,-0.4662004662004615,非鉄,2,0
57060,2025-09-18,2025-09-18,14.326647564470996,324.118207816968,233.55576739752192,83.79888268156499,-0.5854800936768156,非鉄,3,2
57060,2025-09-19,2025-09-19,-22.727272727273153,-181.81818181818187,-254.54545454545507,84.03361344537785,-0.05889281507656108,非鉄,4,2
57060,2025-09-22,2025-09-22,-288.9908256880735,33.05004721435356,-33.05004721435356,61.55303030302983,-0.5892751915144379,非鉄,0,0
57060,2025-09-24,2025-09-24,-23.084025854108738,171.45505097312386,83.41056533827552,87.31617647058876,-0.41103934233704953,非鉄,2,2
57060,2025-09-25,2025-09-25,194.69026548672554,155.30629853321764,194.13287316652372,-42.30118443316444,0.1768867924528239,非鉄,3,4
57060,2025-09-26,2025-09-26,-223.08022308022313,105.5408970976246,65.9630606860162,43.70629370629375,-0.7651559741024161,非鉄,4,0
57060,2025-09-29,2025-09-29,-149.70059880239472,51.94805194805197,34.63203463203391,17.256255392579245,0.0,非鉄,0,0
57060,2025-09-30,2025-09-30,-187.71331058020425,-8.680555555555802,-13.020833333333703,4.345936549325913,-1.3048635824436494,非鉄,1,0
57060,2025-10-01,2025-10-01,-22.036139268399868,291.64825452938635,216.52673442333236,73.52941176470563,0.5408653846153744,非鉄,2,2
57060,2025-10-02,2025-10-02,46.16030214015909,342.95273943956596,250.94102885821812,85.64437194127139,0.7172743574417106,非鉄,3,3
57060,2025-10-03,2025-10-03,273.31189710610994,178.2945736434116,244.18604651162747,-64.32084752175604,-0.4154302670623111,非鉄,4,4
57060,2025-10-06,2025-10-06,-335.17495395948396,19.025875190259445,-7.610350076103778,22.839741149600634,0.5363528009535212,非鉄,0,0
57060,2025-10-07,2025-10-07,-215.82733812949618,-378.9551140544523,110.37527593819041,-490.90909090909076,-0.5927682276229973,非鉄,1,0
57060,2025-10-08,2025-10-08,434.6123727486306,289.1475779196395,112.65490048817162,174.52655031563236,0.655933214072757,非鉄,2,4
57060,2025-10-09,2025-10-09,-123.76237623762387,-3.5511363636364646,-78.125,78.76834944504196,-0.8293838862559189,非鉄,3,0
57060,2025-10-10,2025-10-10,-256.2277580071171,10.91305929428854,-47.28992360858442,58.479532163742135,-1.194743130227005,非鉄,4,0
57060,2025-10-14,2025-10-14,98.79253567508295,-360.52439912600096,-309.5411507647483,-60.082613593691605,0.6699147381242332,非鉄,1,3
57060,2025-10-15,2025-10-15,236.84210526315752,7.344840249725593,-25.706940874036242,33.13696612665673,0.9679370840895318,非鉄,2,4
57060,2025-10-16,2025-10-16,-127.27272727272698,77.3765659543102,143.69933677229164,-65.38321830730109,1.1384062312762122,非鉄,3,0
57060,2025-10-17,2025-10-17,85.47008547008517,0.0,47.65395894428259,-54.684651841050425,0.23696682464455776,非鉄,4,3
57060,2025-10-20,2025-10-20,-7.165890361877647,96.60107334525935,-57.24508050089394,151.0791366906483,0.23640661938533203,非鉄,0,2
57060,2025-10-21,2025-10-21,-7.0796460176991705,-258.8652482269504,-127.6595744680853,-139.9856424982049,-1.0023584905660354,非鉄,1,2
57060,2025-10-22,2025-10-22,134.17815877748706,143.54066985645898,-33.124769966875746,177.25258493352936,0.9529481834425146,非鉄,2,3
57060,2025-10-23,2025-10-23,130.89005235602082,44.39511653718142,18.497965223824853,25.84933530280553,0.943952802359882,非鉄,3,3
57060,2025-10-24,2025-10-24,64.72491909385036,7.142857142856673,-74.99999999999952,79.13669064748107,-0.8766803039158333,非鉄,4,3
57060,2025-10-27,2025-10-27,-102.1798365122617,230.31969749054636,48.126503953247465,181.32056106739736,0.9433962264151052,非鉄,0,1
57060,2025-10-28,2025-10-28,-146.25850340136083,-31.088082901554735,24.179620034541216,-58.560110230795324,0.8761682242990565,非鉄,1,0
57060,2025-10-29,2025-10-29,53.333333333334124,331.3452617627566,135.85155732273034,192.87348806799497,0.6369426751592355,非鉄,2,3
57060,2025-10-30,2025-10-30,-183.04431599229233,166.66666666666606,52.28758169934622,110.49723756906049,-1.1507479861910253,非鉄,3,0
57060,2025-10-31,2025-10-31,-273.4988997170706,112.57639112254748,25.73174654229682,86.62175168431263,0.34924330616996624,非鉄,4,0
57060,2025-11-04,2025-11-04,112.0193763245525,-339.0339033903389,-189.01890189018889,-158.924205378973,-0.9200690051753835,非鉄,1,3
57060,2025-11-05,2025-11-05,-648.5424172944643,631.9060773480655,414.3646408839774,215.660252156602,0.9866511897852481,非鉄,2,0
57060,2025-11-06,2025-11-06,110.4100946372233,242.99065420560817,112.1495327102795,132.51155624036892,-1.4367816091954033,非鉄,3,3
57060,2025-11-07,2025-11-07,-114.6496815286624,99.80682549903364,-38.63490019317406,142.2567086970572,-0.4664723032069995,非鉄,4,1
57060,2025-11-10,2025-11-10,246.242404860888,-24.89110143123807,96.45301804604767,-117.13933415536393,0.5858230814294041,非鉄,0,4
57060,2025-11-11,2025-11-11,-168.91891891891885,-21.943573667712045,-21.943573667712045,-3.140703517587884,0.6406523005241693,非鉄,1,0
57060,2025-11-12,2025-11-12,808.5475021657529,324.23669278573317,10.807889759525402,313.0904183535765,0.810185185185186,非鉄,2,4
57060,2025-11-13,2025-11-13,145.00258933195286,-107.14285714285677,170.91836734693945,-270.9483191169093,1.5499425947187229,非鉄,3,3
57060,2025-11-14,2025-11-14,640.1098901098901,18.078512396693114,49.07024793388448,-30.840400925211675,-2.713397399660822,非鉄,4,4
57060,2025-11-17,2025-11-17,319.30693069306847,97.80534351145009,40.55343511450316,54.63182897862184,1.0459035444509102,非鉄,0,4
57060,2025-11-18,2025-11-18,-125.42209358417766,-427.9775006113962,-291.0247004157496,-141.05793450881586,0.17251293847038163,非鉄,1,0
57060,2025-11-19,2025-11-19,326.9683494637721,-94.07576913297744,-200.86448004068114,116.85276551544943,-1.320321469575203,非鉄,2,4
57060,2025-11-20,2025-11-20,-231.13207547169833,-4.796163069544779,-223.02158273381335,228.22085889570465,-0.7562536358347915,非鉄,3,0
57060,2025-11-21,2025-11-21,-393.7007874015752,-27.314941272876816,-13.657470636437852,-13.6761487964987,-0.17584994138335475,非鉄,4,0
57060,2025-11-25,2025-11-25,-645.0734893848664,136.78696158323734,122.23515715948707,14.376078205864395,-0.11785503830288313,非鉄,1,0
57060,2025-11-26,2025-11-26,5.592841163311046,-25.069637883008422,-5.571030640668662,-13.943112102621225,2.2418879056047114,非鉄,2,2
57060,2025-11-27,2025-11-27,57.11177590427052,-164.9094349824276,-113.5442011354415,-54.674685620558215,,非鉄,3,3
57060,2025-11-28,2025-11-28,-158.5999453103637,-66.62965019433642,69.40588561910045,-132.37727523441768,0.461627236006934,非鉄,4,0
57060,2025-12-01,2025-12-01,-751.3966480446932,84.6944948578332,353.90199637023613,-257.1595558153128,-0.5743825387708235,非鉄,0,0
57060,2025-12-02,2025-12-02,301.3126491646778,-122.0220801859384,-43.57931435212126,-78.78611030055494,1.1554015020219577,非鉄,1,4
57060,2025-12-03,2025-12-03,282.8571428571425,-83.17161075686141,-19.406709176601478,-61.12809113642648,-1.3135351227869796,非鉄,2,4
57060,2025-12-04,2025-12-04,36.827195467421525,-82.0135746606332,14.14027149321262,-98.8142292490124,1.215277777777768,非鉄,3,2
57060,2025-12-05,2025-12-05,-2.818489289740933,92.95774647887222,42.2535211267605,53.31088664422001,-0.05717552887364308,非鉄,4,2
57060,2025-12-08,2025-12-08,66.62965019433642,85.18823852706747,65.95218466611597,19.110019110020193,-0.5148741418764313,非鉄,0,3
57060,2025-12-09,2025-12-09,-71.7835450027604,-41.59733777038266,-33.27787021630613,-2.7839643652560753,1.5526164462334568,非鉄,1,1
57060,2025-12-10,2025-12-10,-81.57894736842141,-170.2580473530191,-85.1290236765101,-91.17725931885201,-1.5855039637599044,非鉄,2,1
57060,2025-12-11,2025-12-11,152.10176991150348,-295.647413085135,-303.85984122638934,5.644933672028785,0.690448791714604,非鉄,3,3
57060,2025-12-12,2025-12-12,-248.63387978142026,100.67114093959661,19.574944071587552,78.125,-1.1428571428571455,非鉄,4,0
57060,2025-12-15,2025-12-15,34.38395415472861,-102.73972602739767,-119.86301369863006,20.225368390638376,1.6184971098266,非鉄,0,2
57060,2025-12-16,2025-12-16,-349.75225881667126,181.70805572380377,-3.0284675953962115,181.70805572380377,-0.7963594994311762,非鉄,1,0
57060,2025-12-17,2025-12-17,342.9602888086647,-20.325203252032907,-31.939605110337112,8.736167734419986,1.089449541284404,非鉄,2,4
57060,2025-12-18,2025-12-18,310.65088757396444,-88.87614678899092,-17.2018348623848,-71.79781734635293,0.7373794668179334,非鉄,3,4
57060,2025-12-19,2025-12-19,-179.3981481481477,162.14622641509413,58.962264150943525,102.5791324736236,-0.16891891891891442,非鉄,4,0
57060,2025-12-22,2025-12-22,247.15356845320667,-51.35135135135083,72.97297297297334,-123.4236651462306,0.7896221094190636,非鉄,0,4
57060,2025-12-23,2025-12-23,-85.02468458584711,16.611295681063787,47.06533776301258,-33.05785123966953,0.11191941801902416,非鉄,1,1
57060,2025-12-24,2025-12-24,-89.5279435702656,-147.74281805745582,-82.07934336525335,-66.20689655172373,0.7266629401900593,非鉄,2,1
57060,2025-12-25,2025-12-25,-280.65395095367876,2.7995520716683764,53.19148936170137,-44.58066313736464,,非鉄,3,0
57060,2025-12-26,2025-12-26,-224.71910112359606,-14.384349827387677,17.261219792865656,-25.862068965517572,-0.2219755826859071,非鉄,4,0
57060,2025-12-29,2025-12-29,22.669311419665217,22.611644997172498,260.0339174674948,-234.09529055356649,-1.5572858731924377,非鉄,0,2
57060,2025-12-30,2025-12-30,244.2528735632177,-112.13905242500655,-39.24866834875252,-78.76230661040817,-0.4519774011299438,非鉄,1,4
57060,2026-01-05,2026-01-05,365.98789212988424,-140.73287307488025,-87.62612851832219,-53.57621216179997,1.7162471395880896,非鉄,0,4
57060,2026-01-06,2026-01-06,-7.944915254237683,111.02299762093537,44.93787998942622,63.14127861089203,-0.16872890888638414,非鉄,1,2
57060,2026-01-07,2026-01-07,187.95056642636476,-195.18377693282685,35.487959442332965,-232.3232323232327,0.5633802816901401,非鉄,2,4
57060,2026-01-08,2026-01-08,657.6903158984982,-279.1939791211462,-82.5443068706,-195.88638589618012,-0.11204481792717047,非鉄,3,4
57060,2026-01-09,2026-01-09,-95.74200050390557,122.16849071010394,-5.090353779587664,127.32365673542078,-0.11217049915872579,非鉄,4,1
57060,2026-01-13,2026-01-13,-318.39622641509413,-97.56097560975618,41.463414634146375,-140.84507042253503,-0.3556609365737984,非鉄,1,0
57060,2026-01-14,2026-01-14,237.0585389453317,151.47928994082793,156.21301775147867,-2.331002331001919,0.4759071980963814,非鉄,2,4
57060,2026-01-15,2026-01-15,244.69820554649192,-156.8181818181813,0.0,-156.8181818181813,-0.4736530491415092,非鉄,3,4
57060,2026-01-16,2026-01-16,258.36216839677076,-40.44035048303751,2.2466861379455416,-44.91354143274173,1.1302795954788891,非鉄,4,4
57060,2026-01-19,2026-01-19,181.94223334091487,231.93577163246994,107.0472792149868,125.80004414036728,,非鉄,0,4
57060,2026-01-20,2026-01-20,-490.4993371630584,335.28722157092574,211.01992966002348,119.37557392102782,-0.23529411764705577,非鉄,1,0
57060,2026-01-21,2026-01-21,345.6328818309196,-101.10087620759379,-92.11413165580717,-4.537205081669438,-0.5306603773584939,非鉄,2,4
57060,2026-01-22,2026-01-22,-137.60433115271863,13.761467889907841,-57.33944954128489,71.51095732410573,0.5334914048606976,非鉄,3,0
57060,2026-01-23,2026-01-23,50.458715596330975,-91.17848187827681,-102.575792113061,13.821700069107656,1.5919811320754818,非鉄,4,3
57060,2026-01-26,2026-01-26,99.07834101382518,-82.19178082191748,-141.55251141552472,55.55555555555536,-0.5223447475333765,非鉄,0,3
57060,2026-01-27,2026-01-27,199.95349918623617,-9.13659205116546,-84.51347647327579,73.69875633348677,-0.4667444574095736,非鉄,1,4
57060,2026-01-28,2026-01-28,-279.54545454545456,88.78504672897192,-14.018691588785215,110.04448606883655,0.9964830011723436,非鉄,2,0
57060,2026-01-29,2026-01-29,-301.3444598980064,326.19047619047547,292.8571428571436,32.384917881100876,0.05803830528148257,非鉄,3,0
57060,2026-01-30,2026-01-30,-429.0429042904287,17.106549364613866,43.98826979472137,-26.76399026763976,-0.6380510440835319,非鉄,4,0
57060,2026-02-02,2026-02-02,340.2551913935459,-431.7244724715008,-366.238176085375,-65.47469151347296,-0.6421482778750764,非鉄,0,4
57060,2026-02-03,2026-02-03,-7.343941248469932,227.55077073648212,68.50990946904778,155.4907677356665,0.763807285546414,非鉄,1,2
57060,2026-02-04,2026-02-04,438.2847666429757,-25.005683109797783,-47.738122300522434,20.55263758849124,0.05830903790087216,非鉄,2,4
57060,2026-02-05,2026-02-05,-463.9058610545377,114.83253588516762,-124.40191387559807,234.80997337206543,1.4568764568764658,非鉄,3,0
57060,2026-02-06,2026-02-06,303.619140150595,-208.9201877934277,-79.81220657277022,-134.8155156102171,-1.0338885697874778,非鉄,4,4
57060,2026-02-09,2026-02-09,348.6279802069281,-72.22586999343417,-8.754650908294748,-59.1715976331364,-0.5223447475333765,非鉄,0,4
57060,2026-02-10,2026-02-10,40.42553191489384,-55.143160127253395,-142.09968186638332,88.2099827882965,0.05834305717620225,非鉄,1,2
57060,2026-02-12,2026-02-12,492.7594529364443,-3.8595137012731318,32.805866460825506,-34.62870334744128,0.8182349503214503,非鉄,3,4
57060,2026-02-13,2026-02-13,224.8062015503871,-22.632968691059794,62.24066390041472,-84.34864104967188,0.1159420289855051,非鉄,4,4
57060,2026-02-16,2026-02-16,-446.66666666666634,-125.50113299633958,10.45842774969552,-134.09961685823757,,非鉄,0,0
57060,2026-02-17,2026-02-17,-423.49250609968635,72.95276308590282,133.13879263177063,-62.97229219143552,-1.2159814707585426,非鉄,1,0
57060,2026-02-18,2026-02-18,553.7159676232517,-17.513134851138147,-204.90367775831908,191.3105667799031,0.0,非鉄,2,4
57060,2026-02-19,2026-02-19,44.80441151128778,126.40929279125413,34.16467372736598,93.64890175378892,-0.058616647127784915,非鉄,3,3
57060,2026-02-20,2026-02-20,334.4481605351168,54.82102547565315,19.34859722670046,35.40392661731673,0.4105571847507372,非鉄,4,4
57060,2026-02-24,2026-02-24,40.360136603538876,212.70036991368758,83.23057953144364,125.30562347188301,0.23378141437755406,非鉄,1,2
57060,2026-02-25,2026-02-25,457.0217917675534,286.127167630057,161.84971098265999,125.1778093883349,0.5830903790087438,非鉄,2,4
57060,2026-02-26,2026-02-26,244.23710208562045,-228.7405812701826,-69.96770721205637,-159.89159891598882,0.5797101449275255,非鉄,3,4
57060,2026-02-27,2026-02-27,509.33786078098507,-56.58852061439013,-105.09296685529468,49.01960784313708,1.037463976945241,非鉄,4,4
57060,2026-03-02,2026-03-02,382.5136612021862,99.39837823698561,149.09756735548063,-48.96907216494828,-1.197946377638337,非鉄,0,4
57060,2026-03-03,2026-03-03,-426.1363636363635,-289.18918918918956,10.8108108108107,-297.05644072373747,0.34642032332563577,非鉄,1,0
57060,2026-03-04,2026-03-04,-510.88534107401995,104.6475838719596,46.168051708217476,61.29328838492265,-0.6329113924050667,非鉄,2,0
57060,2026-03-05,2026-03-05,-382.4200913242004,181.81818181818076,110.28315946348677,70.75471698113178,2.316155182397228,非鉄,3,0
57060,2026-03-06,2026-03-06,-96.32751354605618,45.717768972874936,-121.91405059433058,172.83950617283938,1.2450481041312855,非鉄,4,1
57060,2026-03-09,2026-03-09,-586.4711762745756,396.12676056338,-33.45070422535179,432.8621908127217,-1.8446059250978197,非鉄,0,0
57060,2026-03-10,2026-03-10,212.8345694937117,-215.18987341772154,-164.5569620253162,-51.48005148005175,-0.5694760820045608,非鉄,1,4
57060,2026-03-11,2026-03-11,246.87499999999974,-160.89860352155426,139.64784456587776,-293.5010482180289,1.9473081328751363,非鉄,2,4
57060,2026-03-12,2026-03-12,-6.313131313131493,19.1693290734829,15.974440894568342,3.1897926634760765,1.1235955056179803,非鉄,3,2
57060,2026-03-13,2026-03-13,477.9289744440751,34.81012658227867,6.329113924050667,25.292443882389826,0.7777777777777883,非鉄,4,4
57060,2026-03-16,2026-03-16,-582.403965303594,309.7489403325726,159.76524290837847,147.62516046213037,0.2756339581036382,非鉄,0,0
57060,2026-03-17,2026-03-17,-352.7607361963192,-398.08917197452274,-187.89808917197504,-211.03896103896068,-0.05497526113249496,非鉄,1,0
57060,2026-03-18,2026-03-18,54.3999999999989,307.9365079365082,228.5714285714291,77.5915580384856,1.980198019801982,非鉄,2,3
57060,2026-03-19,2026-03-19,25.461489497136114,-72.7157761618713,94.84666455896296,-169.0670006261741,1.4023732470334505,非鉄,3,2
57060,2026-03-23,2026-03-23,60.72172102706386,179.50505402579253,85.39560822586223,93.31259720062101,-1.2332439678284235,非鉄,0,3
57060,2026-03-24,2026-03-24,-271.61311692613486,264.9119808579736,164.07451717655118,100.90817356205761,0.3800217155266017,非鉄,1,0
57060,2026-03-25,2026-03-25,-200.00000000000017,169.38318951741803,124.64046021092967,44.19191919191823,1.1357490535424564,非鉄,2,0
57060,2026-03-26,2026-03-26,-215.7598499061919,-128.49341471249608,19.274012206873525,-150.6410256410251,-0.2673796791443861,非鉄,3,0
57060,2026-03-27,2026-03-27,-59.622391520370854,404.1073203047363,298.1119576018543,106.17760617760652,-0.965147453083115,非鉄,4,1
57060,2026-03-30,2026-03-30,-201.81634712411744,-23.785253143051577,-30.581039755351867,6.8166325835039565,-1.4076881429344934,非鉄,0,0
57060,2026-03-31,2026-03-31,373.52674524025355,-122.5490196078427,-241.59663865546244,120.1793721973088,0.7138934651290452,非鉄,1,4
57060,2026-04-01,2026-04-01,-3.328894806924332,155.62913907284815,76.1589403973506,75.55847568988084,-1.199563794983638,非鉄,2,2
57060,2026-04-02,2026-04-02,-647.4705695195671,126.32297712529939,180.94912939569775,-56.989607777405695,-0.22075055187638082,非鉄,3,0
57060,2026-04-03,2026-04-03,64.24670735624804,54.157374960177584,3.1857279388347592,50.95541401273884,0.0,非鉄,4,3
57060,2026-04-06,2026-04-06,117.38578680203116,130.0761421319807,190.35532994923886,-65.33914125700035,0.38716814159291957,非鉄,0,3
57060,2026-04-07,2026-04-07,-208.72865275142317,209.74507905776153,35.4953210713127,173.63344051446904,-1.1019283746556474,非鉄,1,0
57060,2026-04-08,2026-04-08,252.9411764705891,8.583690987125081,82.9756795422032,-76.59574468085073,-0.3342618384401086,非鉄,2,4
57060,2026-04-09,2026-04-09,131.11888111888126,-37.37780333525009,0.0,-37.37780333525009,-0.6148686416992732,非鉄,3,3
57060,2026-04-10,2026-04-10,132.80587736648863,296.97474326949805,116.56952539550458,181.11964873765095,-0.8436445444319429,非鉄,4,3
57060,2026-04-13,2026-04-13,-197.2602739726026,195.04040122596766,22.290331568681765,169.53863257365143,0.05672149744753163,非鉄,0,0
57060,2026-04-14,2026-04-14,-75.42262678803647,28.848675583530436,68.18777865198022,-36.4773319437206,0.45351473922903285,非鉄,1,1
57060,2026-04-15,2026-04-15,-980.8371154815932,2.7987685418406905,128.74335292471395,-118.88305225324802,1.975169300225743,非鉄,2,0
57060,2026-04-16,2026-04-16,430.5555555555562,125.46716497597421,77.41591030432372,50.34446210916865,-0.6640841173215284,非鉄,3,4
57060,2026-04-17,2026-04-17,-189.3838356895172,-35.42234332425065,8.174386920980492,-43.561121698884044,-0.16713091922005985,非鉄,4,0
57060,2026-04-20,2026-04-20,11.04667219000266,-233.9664189375168,-85.32892925956492,-152.65056897030283,0.8928571428571397,非鉄,0,2
57060,2026-04-21,2026-04-21,452.00892857142793,-18.681611956231635,-66.72004270082743,45.66210045662045,0.38716814159291957,非鉄,1,4
57060,2026-04-22,2026-04-22,131.720430107527,169.53642384105905,26.490066225166586,137.31185635067254,0.11019283746556141,非鉄,2,3
57060,2026-04-23,2026-04-23,-417.94871794871847,-16.15074024226115,-34.993270524898975,18.90869800108108,0.27517886626307053,非鉄,3,0
57060,2026-04-24,2026-04-24,152.63157894736867,25.90673575129543,15.544041450776813,10.346611484739476,-0.1097694840834218,非鉄,4,3
57060,2026-04-27,2026-04-27,157.62273901808842,2.5361399949286323,73.54805985290369,-70.49345417925457,1.318681318681314,非鉄,0,3
57060,2026-04-28,2026-04-28,416.144397092002,-28.985507246376272,-41.06280193236667,7.2727272727268755,0.9219088937093334,非鉄,1,4
57060,2026-04-30,2026-04-30,216.91445283938515,109.7852028639612,78.75894988066845,26.035502958579038,-0.32171581769436797,非鉄,3,4
57060,2026-05-01,2026-05-01,-245.6306093528582,-19.379844961240345,26.64728682170603,-45.90480792461938,0.6455083378160253,非鉄,4,0
57060,2026-05-07,2026-05-07,456.9190600522188,0.0,0.0,0.0,0.0,非鉄,3,4
57060,2026-05-08,2026-05-08,-54.16666666666625,449.6026767043082,158.92931827687252,284.0090553611851,0.993926007730539,非鉄,4,1
57060,2026-05-11,2026-05-11,28.846153846153744,-189.47368421052602,42.10526315789443,-230.60796645702263,0.8201202843083566,非鉄,0,2
57060,2026-05-12,2026-05-12,38.83495145631022,-137.6502520356726,-176.42497091896138,37.49013417521763,1.3557483731019504,非鉄,1,2
57060,2026-05-13,2026-05-13,720.3049759229541,200.33701554016181,269.612432128814,-69.26722566533039,0.48154093097914075,非鉄,2,4
57060,2026-05-14,2026-05-14,120.24048096192396,-165.0485436893201,79.61165048543606,-240.84778420038532,-3.833865814696491,非鉄,3,3
57060,2026-05-15,2026-05-15,-720.934838581897,25.80645161290418,12.90322580645098,23.65082777897154,0.8305647840531671,非鉄,4,0
57060,2026-05-18,2026-05-18,709.3275488069418,-415.48439400081014,-89.1771382245643,-327.2652894252404,4.83250961010433,非鉄,0,4
57060,2026-05-19,2026-05-19,-551.6950937039378,-13.374944271065115,-173.87427552385205,158.73015873015817,-0.41906757464641453,非鉄,1,0
57060,2026-05-20,2026-05-20,162.43422557767008,68.18181818181834,-50.00000000000004,123.40036563071254,-1.9989479221462436,非鉄,2,4
57060,2026-05-21,2026-05-21,391.1713286713292,-33.62050851019149,-44.12691741962571,12.66624445851905,-0.7514761137949577,非鉄,3,4
57060,2026-05-22,2026-05-22,286.5571007163936,168.76779178527812,87.4339162261073,76.56659278661992,0.21633315305571443,非鉄,4,4
57060,2026-05-25,2026-05-25,458.7517227800753,62.217194570135526,131.97586726998446,-63.30292310556707,,非鉄,0,4
57060,2026-05-26,2026-05-26,71.83364839319361,146.86499717567304,154.39653549237374,-7.417022065641099,-0.2698327037236936,非鉄,1,3
57060,2026-05-27,2026-05-27,-341.41958670260595,-306.65669409124854,-205.6843679880327,-101.20297880465867,-1.406926406926412,非鉄,2,0
57060,2026-05-28,2026-05-28,113.65902293120733,-273.7262737262736,-377.6223776223775,107.97342192691018,0.2195389681668436,非鉄,3,3
57060,2026-05-29,2026-05-29,29.910269192423566,237.67082590612,144.58308575955536,87.82201405152179,-0.383351588170866,非鉄,4,2
57110,2024-05-10,2024-05-10,59.40594059405946,-16.398819285011747,-9.839291571006603,-9.845749917951618,2.8232636928289034,非鉄,4,3
57110,2024-05-13,2024-05-13,19.550342130987275,45.48408057180042,3.2488628979865375,42.22150048717177,1.3728720483251022,非鉄,0,2
57110,2024-05-14,2024-05-14,-74.19354838709702,58.365758754863606,71.33592736705552,-16.092693916961444,-1.2459371614301218,非鉄,1,1
57110,2024-05-15,2024-05-15,-328.2275711159732,29.013539651836506,125.72533849129597,-92.3566878980897,1.5907844212835975,非鉄,2,0
57110,2024-05-16,2024-05-16,-314.1025641025641,39.867109634550424,9.966777408638716,29.870560902753862,-1.2419006479481687,非鉄,3,0
57110,2024-05-17,2024-05-17,-19.88730527013538,113.10711909514382,69.86027944111851,42.94681202510642,-0.9841443411700346,非鉄,4,1
57110,2024-05-20,2024-05-20,431.034482758621,-21.472392638036688,-30.674846625766694,6.151953245154829,1.656543346217565,非鉄,0,4
57110,2024-05-21,2024-05-21,160.49382716049277,-187.878787878788,-127.27272727272698,-58.33589192508426,-0.4888647474198815,非鉄,1,4
57110,2024-05-22,2024-05-22,-191.9504643962844,-31.62555344718543,60.088551549652976,-91.16629990569058,0.6550218340611424,非鉄,2,0
57110,2024-05-23,2024-05-23,-97.2447325769854,-81.5660685154973,-6.525285481240317,-71.84846505551957,0.759219088937102,非鉄,3,1
57110,2024-05-24,2024-05-24,167.2240802675584,-79.10349373764004,-16.47989452867482,-62.72697259821713,0.10764262648008671,非鉄,4,4
57110,2024-05-27,2024-05-27,9.970089730808596,86.37873754152814,33.22259136212536,56.31003643590482,,非鉄,0,2
57110,2024-05-28,2024-05-28,52.42463958060384,29.325513196480912,71.68458781362075,-42.057586541571766,-0.37634408602150726,非鉄,1,3
57110,2024-05-29,2024-05-29,-32.02049311559429,-134.61538461538413,-70.51282051282027,-61.34969325153339,-1.6729627630868826,非鉄,2,1
57110,2024-05-30,2024-05-30,16.501650165017256,-59.249506254114294,3.291639236340238,-59.249506254114294,-1.5367727771679496,非鉄,3,2
57110,2024-05-31,2024-05-31,13.20567844173004,92.25700164744666,16.47446457990087,78.97334649555665,-0.6131549609810438,非鉄,4,2
57110,2024-06-03,2024-06-03,-170.30848329048888,-71.87193727540064,-58.804312316236285,-13.144922773579149,-0.6169377453729696,非鉄,0,0
57110,2024-06-04,2024-06-04,-141.72709294660524,58.499080728731116,35.09944843723911,19.980019980019303,-0.22573363431150906,非鉄,1,0
57110,2024-06-05,2024-06-05,-136.4095655102726,-11.959678797197615,-11.959678797197615,0.0,-0.6221719457013553,非鉄,2,0
57110,2024-06-06,2024-06-06,43.726875210226,-25.184687709872698,-73.8750839489588,49.05277401894503,3.1872509960159334,非鉄,3,3
57110,2024-06-07,2024-06-07,-6.688963210702559,-25.117213663764517,-26.791694574681557,0.0,-0.9376723662437914,非鉄,4,2
57110,2024-06-10,2024-06-10,90.10540632437892,16.82651859330253,-53.844859498569654,72.75803722504249,0.44543429844097204,非鉄,0,3
57110,2024-06-11,2024-06-11,23.4113712374584,-60.04002668445585,10.006671114075605,-66.6666666666671,-0.388026607538805,非鉄,1,2
57110,2024-06-12,2024-06-12,30.191211003018914,-11.7056856187292,-3.3444816053507243,-10.035122930256435,0.8903728436282732,非鉄,2,2
57110,2024-06-13,2024-06-13,-245.32710280373848,-54.700854700854286,-32.47863247863303,-24.005486968450285,1.103143960286812,非鉄,3,0
57110,2024-06-14,2024-06-14,89.27038626609374,-20.338983050847137,-30.508474576270707,10.200612036721513,-2.127659574468088,非鉄,4,3
57110,2024-06-17,2024-06-17,-176.99115044247816,-114.34511434511462,-84.89258489258522,-27.962250961202084,-1.0590858416945403,非鉄,0,0
57110,2024-06-18,2024-06-18,-56.935817805382484,-29.48317724592475,-52.02913631633721,19.170442662947984,0.9577464788732337,非鉄,1,1
57110,2024-06-19,2024-06-19,123.41387102381418,-44.64285714285698,-17.170329670329608,-25.804231894031027,,非鉄,2,4
57110,2024-06-20,2024-06-20,31.12571329759728,44.7504302925994,-10.32702237521499,51.67068549775999,-1.8415178571428603,非鉄,3,3
57110,2024-06-21,2024-06-21,-13.563919972872096,-37.31343283582045,67.84260515603879,-102.78011794439767,-1.023308698123937,非鉄,4,2
57110,2024-06-24,2024-06-24,50.7270882651345,-62.08053691275195,8.38926174496546,-73.73889726830951,-0.4595060310166543,非鉄,0,3
57110,2024-06-25,2024-06-25,-16.677785190126748,-8.347245409014992,-56.76126878130239,48.69039623908611,-2.1927293710328866,非鉄,1,2
57110,2024-06-26,2024-06-26,57.15246259875517,10.041841004184704,-3.3472803347278646,11.717442249747911,-1.1209439528023557,非鉄,2,3
57110,2024-06-27,2024-06-27,-15.075376884422509,13.429578646970697,18.465670639584708,-6.701289998324311,-0.9546539379474916,非鉄,3,2
57110,2024-06-28,2024-06-28,18.518518518517713,-89.00083963056305,-45.34005037783339,-43.859649122807156,-4.0963855421686795,非鉄,4,2
57110,2024-07-01,2024-07-01,-16.750418760469454,16.80954782316446,13.447638258530237,3.357394661742674,0.18844221105527303,非鉄,0,2
57110,2024-07-02,2024-07-02,5.0167224080266415,81.95350393042311,55.19317611640817,29.950083194676402,0.940438871473348,非鉄,1,2
57110,2024-07-03,2024-07-03,6.651147322913609,13.311148086523339,6.6555740432616695,6.651147322913609,0.31055900621117516,非鉄,2,2
57110,2024-07-04,2024-07-04,226.97368421052522,109.50080515297999,99.8389694041868,6.375518010839354,,非鉄,3,4
57110,2024-07-05,2024-07-05,-127.4291175533604,-122.62020006453712,-22.587931590836163,-100.25873221216064,2.0433436532507843,非鉄,4,0
57110,2024-07-08,2024-07-08,6.5316786414104655,-81.67265599477335,-49.00359359686357,-32.82994090610614,-3.3373786407767003,非鉄,0,2
57110,2024-07-09,2024-07-09,-65.65988181221228,59.40594059405946,62.706270627062025,-3.279763857002571,0.37664783427495685,非鉄,1,1
57110,2024-07-10,2024-07-10,13.24064879179021,-9.946949602122057,-49.73474801061029,36.64223850766257,1.5009380863039379,非鉄,2,2
57110,2024-07-11,2024-07-11,36.23188405797117,3.281916639317206,13.127666557268824,-6.557377049180024,0.800985828712264,非鉄,3,3
57110,2024-07-12,2024-07-12,52.61427162117638,-88.23529411764675,-42.4836601307188,-42.67892317793787,-2.200488997555017,非鉄,4,3
57110,2024-07-16,2024-07-16,-141.2151067323486,-13.34668001334638,6.67334000667319,-20.00666888962943,1.6035920461834552,非鉄,1,0
57110,2024-07-17,2024-07-17,106.38297872340496,-29.5857988165682,-55.884286653516966,26.446280991736515,0.7575757575757569,非鉄,2,4
57110,2024-07-18,2024-07-18,-116.7055685228413,-84.43093549476477,-37.14961161769725,-45.77046957111364,-1.8796992481203034,非鉄,3,0
57110,2024-07-19,2024-07-19,-61.89821182943645,5.190311418685756,36.332179930795846,-31.029132908119152,0.0,非鉄,4,1
57110,2024-07-22,2024-07-22,-134.90141819439637,-54.3859649122802,-19.298245614035594,-35.15556336790348,2.298850574712641,非鉄,0,0
57110,2024-07-23,2024-07-23,-14.10934744268122,-42.402826855123536,-19.434628975264488,-23.012922641175713,0.3745318352059934,非鉄,1,2
57110,2024-07-24,2024-07-24,8.952551477170445,-116.50833482703015,-55.56551353289141,-59.49161709031925,0.43532338308458485,非鉄,2,2
57110,2024-07-25,2024-07-25,-80.55657268399852,-66.54343807763419,-9.242144177449285,-61.03199556130923,0.6811145510835948,非鉄,3,1
57110,2024-07-26,2024-07-26,191.0946196660479,-125.45454545454527,-43.63636363636347,-80.36529680365278,-2.890528905289058,非鉄,4,4
57110,2024-07-29,2024-07-29,47.007774362683996,5.385996409335014,17.95332136445227,-10.754615522494682,0.5066497783407176,非鉄,0,3
57110,2024-07-30,2024-07-30,-53.83097075183918,-19.8055455527546,-32.40907454087116,10.836192884233764,-2.2684310018903586,非鉄,1,1
57110,2024-07-31,2024-07-31,43.391791719400445,123.98921832884157,19.76639712488737,102.20548682087215,-1.3539651837524147,非鉄,2,3
57110,2024-08-01,2024-08-01,-161.5193468228615,66.75085693667704,23.453003788562743,43.19654427645814,0.2614379084967311,非鉄,3,0
57110,2024-08-02,2024-08-02,-196.29629629629665,-222.13855421686745,5.647590361446131,-229.49586155003755,0.9126466753585305,非鉄,4,0
57110,2024-08-05,2024-08-05,-24.51982018798482,-901.6225097555963,-408.7081536249748,-509.8543273350475,1.0981912144702788,非鉄,0,1
57110,2024-08-06,2024-08-06,22.916666666665808,85.31002913025443,33.29171868497794,49.761559195522494,-0.8945686900958427,非鉄,1,2
57110,2024-08-07,2024-08-07,516.949152542372,-88.18703855619336,223.543888433142,-306.8592057761732,-0.9671179883945835,非鉄,2,4
57110,2024-08-08,2024-08-08,202.83118529473842,-255.88113908378008,-154.76681799422187,-104.77787091366264,-1.3671875,非鉄,3,4
57110,2024-08-09,2024-08-09,-53.45394736842146,-33.05785123966953,-185.95041322314043,157.92798483891258,-0.46204620462045876,非鉄,4,1
57110,2024-08-13,2024-08-13,-16.313213703099684,91.89299571165988,0.0,89.83258472845978,-1.5645371577574951,非鉄,1,2
57110,2024-08-14,2024-08-14,12.077294685990392,66.43849406080093,-22.146164686933645,90.81735620585229,0.9271523178807861,非鉄,2,2
57110,2024-08-15,2024-08-15,218.34061135371118,-1.938360147315521,-52.335723977514625,48.70446132865691,-1.5748031496062964,非鉄,3,4
57110,2024-08-16,2024-08-16,-131.23359580052508,68.59756097560954,13.338414634145312,57.09935287400158,-1.2666666666666715,非鉄,4,0
57110,2024-08-19,2024-08-19,0.0,-240.8278457196611,-71.49576669802427,-172.41379310344863,2.160702228224176,非鉄,0,2
57110,2024-08-20,2024-08-20,-105.46139359698725,11.387360030366,-56.936800151831115,72.56062631277427,-0.7270323859881023,非鉄,1,0
57110,2024-08-21,2024-08-21,-1.9323671497584183,77.30962504831851,59.91495941244595,19.215987701768356,0.13315579227697327,非鉄,2,2
57110,2024-08-22,2024-08-22,-63.02521008403339,17.27447216890665,-40.307101727447005,57.81460782424253,-1.3962765957446832,非鉄,3,1
57110,2024-08-23,2024-08-23,7.698229407235857,38.37298541826462,70.99002302379142,-30.487804878048806,-0.8091706001348564,非鉄,4,2
57110,2024-08-26,2024-08-26,-193.85796545105526,-1.9573302016051564,-5.871990604815469,5.87659157688547,-1.5635622025832796,非鉄,0,0
57110,2024-08-27,2024-08-27,37.102128490529296,11.675423234092097,9.729519361743044,1.9440124416791882,1.4502762430939287,非鉄,1,3
57110,2024-08-28,2024-08-28,-5.859375000000222,33.216100039077375,5.8616647127784915,25.38071065989911,-0.5445881552076259,非鉄,2,2
57110,2024-08-29,2024-08-29,-78.70916961826069,-21.7821782178218,1.980198019801982,-25.732383214568387,1.4373716632443578,非鉄,3,1
57110,2024-08-30,2024-08-30,78.3699059561127,5.825242718446866,-29.12621359223322,38.96356906292642,2.1592442645074206,非鉄,4,3
57110,2024-09-02,2024-09-02,-155.8639042007226,13.539651837524147,1.9342359767882122,11.603171533551837,,非鉄,0,0
57110,2024-09-03,2024-09-03,-3.8417210910490773,-76.982294072363,-38.4911470361815,-42.48744689069106,1.7833553500660404,非鉄,1,2
57110,2024-09-04,2024-09-04,-48.03843074459579,-82.39549839228255,-30.14469453376245,-52.40878855069519,1.5574302401038187,非鉄,2,1
57110,2024-09-05,2024-09-05,192.62295081967196,-82.59468170830009,-86.6236905721196,2.03169443315776,-0.31948881789137795,非鉄,3,4
57110,2024-09-06,2024-09-06,-149.0132903745467,-57.11954304365552,-40.79967360261172,-12.295081967212962,-1.7948717948717996,非鉄,4,0
57110,2024-09-09,2024-09-09,57.44680851063721,40.042149631189794,40.042149631189794,0.0,0.32637075718016106,非鉄,0,3
57110,2024-09-10,2024-09-10,-33.40989768218839,-56.48535564853563,-39.748953974895194,-16.8031926065948,-0.8458035133376729,非鉄,1,1
57110,2024-09-11,2024-09-11,-70.24265644955285,-81.47512864494,-64.32246998284708,-15.109000647528514,0.0,非鉄,2,1
57110,2024-09-12,2024-09-12,-82.52221752010125,81.16189662537465,44.85262708244342,38.281582305401685,1.7060367454068137,非鉄,3,1
57110,2024-09-13,2024-09-13,29.72399150743099,-8.465608465608732,25.396825396826195,-33.77665188938117,1.6774193548387162,非鉄,4,2
57110,2024-09-17,2024-09-17,-124.18438223531835,104.41082463243046,-34.093330492221966,136.81060282171975,0.48750761730651515,非鉄,1,0
57110,2024-09-18,2024-09-18,70.74490220557728,31.04304635761501,-41.390728476821124,74.82851797963042,0.0,非鉄,2,3
57110,2024-09-19,2024-09-19,48.58299595141613,-38.26787512588137,4.028197381671372,-40.27386226339136,-1.5767131594906059,非鉄,3,3
57110,2024-09-20,2024-09-20,69.62403023672125,-71.21661721068206,11.86943620178127,-84.94666139865714,-1.0474430067775709,非鉄,4,3
57110,2024-09-24,2024-09-24,3.9432176656162277,3.9447731755415383,19.723865877712132,-15.748031496063408,-0.3026634382566562,非鉄,1,2
57110,2024-09-25,2024-09-25,109.1617933723188,-1.9275250578254521,30.840400925211675,-30.751489525273623,0.7893139040680008,非鉄,2,4
57110,2024-09-26,2024-09-26,15.355086372361715,80.61420345489401,-15.355086372360605,96.11687812379755,-0.48192771084337727,非鉄,3,2
57110,2024-09-27,2024-09-27,-11.424219345010922,144.98283098054233,61.04540251812285,81.51658767772574,1.0895883777239712,非鉄,4,2
57110,2024-09-30,2024-09-30,138.3399209486158,62.52442360296983,11.723329425556983,46.820132657041654,1.556886227544907,非鉄,0,4
57110,2024-10-01,2024-10-01,0.0,30.94777562862694,29.013539651836506,1.9286403085816417,1.0613207547169878,非鉄,1,2
57110,2024-10-02,2024-10-02,292.69238224462146,-37.750094375236245,-3.775009437523291,-30.222893842085654,0.7584597432905404,非鉄,2,4
57110,2024-10-03,2024-10-03,-156.48286140089397,-96.29909365558964,-56.64652567975881,-43.65983295368303,-0.8685581933989606,非鉄,3,0
57110,2024-10-04,2024-10-04,-40.099293488639056,74.94235203689526,42.275172943888606,32.52965939533059,-0.6425233644859807,非鉄,4,1
57110,2024-10-07,2024-10-07,-58.16135084427798,-50.847457627118956,1.8832391713741181,-52.72076821690841,0.29394473838917357,非鉄,0,1
57110,2024-10-08,2024-10-08,-117.87072243345963,-69.27073311525866,-50.02886280546459,-19.338619222587504,-1.348182883939042,非鉄,1,0
57110,2024-10-09,2024-10-09,-187.98449612403067,108.69565217391353,71.14624505928813,39.25417075564263,0.11883541295305555,非鉄,2,0
57110,2024-10-10,2024-10-10,-21.46341463414636,17.605633802817433,54.77308294209671,-36.96498054474695,-0.7121661721068206,非鉄,3,1
57110,2024-10-11,2024-10-11,-94.63113171108483,-37.11662434069174,-1.9535065442466415,-29.325513196480912,-0.4184100418409997,非鉄,4,1
57110,2024-10-15,2024-10-15,-60.26438569206816,-13.714733542319335,21.551724137931494,-35.190615835777315,-1.5328019619865074,非鉄,1,1
57110,2024-10-16,2024-10-16,71.59904534606243,41.42828960347123,17.754981258630842,27.58077226162392,0.7471980074719831,非鉄,2,3
57110,2024-10-17,2024-10-17,93.60374414976613,-164.72868217054292,-67.82945736434121,-93.69510052703478,0.5562422744128659,非鉄,3,3
57110,2024-10-18,2024-10-18,-39.385584875935024,43.54711005542411,-3.9588281868563335,47.52475247524757,-0.6760909649661917,非鉄,4,1
57110,2024-10-21,2024-10-21,0.0,-66.78452170497008,-1.9642506383810154,-68.73527101335375,1.3613861386138515,非鉄,0,2
57110,2024-10-22,2024-10-22,-67.24683544303778,15.968063872255911,49.900199600798615,-31.78386968613389,1.7094017094017033,非鉄,1,1
57110,2024-10-23,2024-10-23,120.00000000000011,-85.04746835443,-41.53481012658222,-41.71632896305177,0.6002400960384069,非鉄,2,4
57110,2024-10-24,2024-10-24,54.8557496952462,14.132848778518614,0.0,12.111425111021035,0.5966587112171906,非鉄,3,3
57110,2024-10-25,2024-10-25,-60.92607636068226,26.563138536983555,0.0,30.66230580539564,-1.3641755634638209,非鉄,4,1
57110,2024-10-28,2024-10-28,131.2551271534046,26.27855265817658,38.40711542348885,-10.070493454179541,-1.3229104028863459,非鉄,0,4
57110,2024-10-29,2024-10-29,50.30181086519203,-8.006405124099114,-26.020816653322676,18.061408789886713,0.8531383302864182,非鉄,1,3
57110,2024-10-30,2024-10-30,152.00000000000102,-110.32308904649346,-70.92198581560294,-39.68253968253954,-0.5438066465256797,非鉄,2,4
57110,2024-10-31,2024-10-31,-3.9840637450194727,85.58917197452276,-9.95222929936257,91.61521609241107,-0.060753341433783525,非鉄,3,2
57110,2024-11-01,2024-11-01,52.16693418940599,-61.77760063770465,-7.971303308090816,-51.865150608417785,0.8510638297872353,非鉄,4,3
57110,2024-11-05,2024-11-05,27.999999999999137,-7.974481658692412,1.993620414673103,-9.966115208291937,0.540540540540535,非鉄,1,2
57110,2024-11-06,2024-11-06,93.30950962874729,-102.00078462141992,-76.50058846606522,-27.66798418972316,1.9115890083632125,非鉄,2,3
57110,2024-11-07,2024-11-07,0.0,-5.837711617046049,19.45903872348609,-25.247620897261847,0.4103165298944944,非鉄,3,2
57110,2024-11-08,2024-11-08,-101.92307692307723,-108.65347303065542,-110.59371362048931,1.961938395134144,0.7005253940455258,非鉄,4,0
57110,2024-11-11,2024-11-11,-157.5588352612689,-16.191054442420416,-26.310463468933733,10.146103896104819,-0.40579710144927894,非鉄,0,0
57110,2024-11-12,2024-11-12,116.42156862745168,-105.26315789473716,-64.77732793522262,-40.74979625101838,-0.11641443538998875,非鉄,1,4
57110,2024-11-13,2024-11-13,-14.450867052022698,-28.937577511368715,53.74121537825572,-80.19740900678585,-0.6993006993006978,非鉄,2,2
57110,2024-11-14,2024-11-14,-20.725388601036123,-47.767393561786164,41.53686396677125,-86.88456764584186,-1.7018779342723,非鉄,3,1
57110,2024-11-15,2024-11-15,10.343400910219902,-43.33470903838177,-12.381345439538283,-30.99173553719026,1.2537313432835928,非鉄,4,2
57110,2024-11-18,2024-11-18,112.45314452311473,30.94697751186315,-10.31565917062105,41.305245766212195,1.2382075471698117,非鉄,0,4
57110,2024-11-19,2024-11-19,73.52941176470563,40.53506282934771,42.561815970814095,0.0,-0.4659289458357585,非鉄,1,3
57110,2024-11-20,2024-11-20,-109.97963340122152,6.176652254477055,-10.294420424130646,16.488046166529546,0.702165008777067,非鉄,2,0
57110,2024-11-21,2024-11-21,12.381345439538283,-47.32510288065872,-45.26748971193428,-4.13308534821244,-0.755374782103424,非鉄,3,2
57110,2024-11-22,2024-11-22,121.5742839480738,-6.10749185667725,-14.250814332247286,8.154943934759462,-0.23419203747072626,非鉄,4,4
57110,2024-11-25,2024-11-25,-86.69354838709675,30.54989816700715,2.0366598777998846,28.507432294848645,-0.17605633802817433,非鉄,0,1
57110,2024-11-26,2024-11-26,-110.2490812576562,35.1239669421477,-14.462809917354935,47.579644187008,-1.3521457965902428,非鉄,1,0
57110,2024-11-27,2024-11-27,-116.32737847943497,58.89777029869592,31.55237694572932,29.36241610738355,-1.0727056019070313,非鉄,2,0
57110,2024-11-28,2024-11-28,77.56813417190811,2.079002079002912,22.869022869023148,-22.81211115719661,,非鉄,3,3
57110,2024-11-29,2024-11-29,-24.999999999999467,41.718815185649575,-8.343763037129692,50.10438413361129,1.9879518072289049,非鉄,4,1
57110,2024-12-02,2024-12-02,85.45227177990888,39.28866832092703,35.153019023985706,2.0601565718991743,0.4725339633786074,非鉄,0,3
57110,2024-12-03,2024-12-03,59.76916735366933,-4.096681687832948,38.918476034413004,-44.87964096287267,-0.4115226337448541,非鉄,1,3
57110,2024-12-04,2024-12-04,-79.62433646386269,39.159109645507954,55.64715581203528,-18.44262295081944,-0.2951593860684776,非鉄,2,1
57110,2024-12-05,2024-12-05,-125.25667351129366,-10.412328196585108,-33.319450229071236,22.98370246552439,0.82889283599763,非鉄,3,0
57110,2024-12-06,2024-12-06,35.53511705685519,-10.403662089055743,-27.0495214315436,18.781302170283176,1.2918379330593144,非鉄,4,3
57110,2024-12-09,2024-12-09,43.82303839732815,-18.703241895261513,-2.0781379883627604,-16.628559551028488,0.521739130434784,非鉄,0,3
57110,2024-12-10,2024-12-10,47.03476482617486,-91.61237785016318,-54.96742671009747,-36.847492323439646,1.6147635524798254,非鉄,1,3
57110,2024-12-11,2024-12-11,-118.87681902029156,22.812111157195503,-24.885939444213577,47.81704781704698,-0.2270147559591429,非鉄,2,0
57110,2024-12-12,2024-12-12,-10.296540362437767,4.123711340207059,12.371134020618957,-8.237232289950436,-1.5358361774744034,非鉄,3,2
57110,2024-12-13,2024-12-13,-108.1305884799333,58.83588989283428,33.62050851019038,23.031825795645222,-0.17331022530329143,非鉄,4,0
57110,2024-12-16,2024-12-16,-35.71428571428559,-78.0096985030576,-8.433480919249892,-65.44226303567658,3.009259259259256,非鉄,0,1
57110,2024-12-17,2024-12-17,-100.2345915973557,-71.10536522301203,0.0,-71.10536522301203,-0.3370786516853963,非鉄,1,1
57110,2024-12-18,2024-12-18,78.22685788787531,-17.278617710583255,12.958963282936331,-28.04746494066923,-1.3528748590755368,非鉄,2,3
57110,2024-12-19,2024-12-19,89.91228070175383,-62.906724511930804,-13.015184381778289,-47.79491635889643,0.6857142857142895,非鉄,3,3
57110,2024-12-20,2024-12-20,-45.612510860121304,15.283842794759916,-30.567685589519833,45.99211563731886,1.2485811577752637,非鉄,4,1
57110,2024-12-23,2024-12-23,34.91162993672248,52.17391304347841,28.26086956521756,23.84565358768631,0.39237668161435924,非鉄,0,3
57110,2024-12-24,2024-12-24,73.57714780350521,77.35281478298273,49.41985388912773,25.65198802907176,0.16750418760469454,非鉄,1,3
57110,2024-12-25,2024-12-25,-51.06382978723456,38.48620910840373,25.657472738935816,10.660980810235365,,非鉄,2,1
57110,2024-12-26,2024-12-26,35.98645215918683,18.95934274278588,23.172530018960025,-4.2034468263973945,1.17056856187292,非鉄,3,3
57110,2024-12-27,2024-12-27,52.192066805845094,4.151100041511757,4.151100041511757,0.0,0.0,非鉄,4,3
57110,2024-12-30,2024-12-30,20.610057708161378,-80.37922506183071,-51.525144270403445,-29.003521856225678,-0.22038567493113392,非鉄,0,2
57110,2025-01-06,2025-01-06,-41.36504653567741,22.86426938266528,-2.078569943878561,24.94802494802384,1.2749445676274895,非鉄,0,1
57110,2025-01-07,2025-01-07,0.0,66.11570247933906,33.05785123966842,35.01544799176193,0.21893814997262506,非鉄,1,2
57110,2025-01-08,2025-01-08,63.7991356246137,-75.61823012466773,-57.22460658083017,-16.4473684210531,-0.8192244675040983,非鉄,2,3
57110,2025-01-09,2025-01-09,-109.77630488815282,-33.5008375209378,-75.37688442211032,37.95866722901664,0.6057268722466924,非鉄,3,0
57110,2025-01-10,2025-01-10,-77.48691099476402,-8.453085376162184,12.67962806424272,-23.21164802700948,3.1198686371100237,非鉄,4,1
57110,2025-01-14,2025-01-14,-77.78011351692204,36.01694915254194,-12.711864406779183,44.529262086514535,-0.26274303730950965,非鉄,1,1
57110,2025-01-15,2025-01-15,-37.815126050420034,-8.445945945946276,-25.337837837837718,14.81481481481417,0.8956796628029506,非鉄,2,1
57110,2025-01-16,2025-01-16,-6.32644453816944,54.86389533656988,16.8811985650974,37.91868548556954,-0.8877284595300239,非鉄,3,2
57110,2025-01-17,2025-01-17,82.36536430834107,157.0351758793964,90.03350083752082,68.49315068493178,2.16016859852477,非鉄,4,3
57110,2025-01-20,2025-01-20,84.8861283643898,10.25430680885897,-20.50861361771905,30.826140567201676,,非鉄,0,3
57110,2025-01-21,2025-01-21,-76.95423248278655,-26.53061224489828,-42.85714285714337,14.344262295082899,0.979886539453334,非鉄,1,1
57110,2025-01-22,2025-01-22,183.33333333333312,36.83241252302017,0.0,38.88661481784794,-1.0725229826353377,非鉄,2,4
57110,2025-01-23,2025-01-23,-30.845157310301907,-28.83031301482708,41.186161449753286,-71.76542956735643,1.032524522457412,非鉄,3,1
57110,2025-01-24,2025-01-24,71.76542956735643,-65.08033353670895,-50.84401057555365,-14.309076042517965,-0.7153806847215116,非鉄,4,3
57110,2025-01-27,2025-01-27,-24.286581663630624,2.0251113811253774,22.276225192385812,-20.20610224287789,-0.7205352547606791,非鉄,0,1
57110,2025-01-28,2025-01-28,127.31006160164205,-36.51856360316508,-20.28809089064665,-14.233428222855116,0.6220839813374734,非鉄,1,4
57110,2025-01-29,2025-01-29,-89.7959183673469,-2.0601565718991743,16.481252575195615,-16.457519029006164,2.266872746007209,非鉄,2,1
57110,2025-01-30,2025-01-30,26.859504132230594,35.02987842571636,45.332783845044574,-10.256410256410664,-1.2594458438287104,非鉄,3,2
57110,2025-01-31,2025-01-31,-42.90968532897455,47.189167008616636,8.206811653672652,41.008816895633515,-1.479591836734695,非鉄,4,1
57110,2025-02-03,2025-02-03,-158.9595375722541,16.77500524218889,10.4843782763675,4.1884816753934295,1.0875194199896354,非鉄,0,0
57110,2025-02-04,2025-02-04,0.0,-4.1519618019514315,-2.0759809009751606,-4.1519618019514315,1.2295081967213184,非鉄,1,2
57110,2025-02-05,2025-02-05,-18.533772652389313,-57.696270348238656,-26.787554090252907,-33.05102251600856,-0.15182186234817818,非鉄,2,2
57110,2025-02-06,2025-02-06,18.595041322313488,16.494845360823795,10.309278350515427,8.240626287598918,0.4561581348200727,非鉄,3,2
57110,2025-02-07,2025-02-07,39.01437371663263,90.12699713232264,32.773453502663585,55.11328842620955,-1.6145307769929396,非鉄,4,3
57110,2025-02-10,2025-02-10,85.71428571428675,54.52342487883621,18.17447495961133,34.260378879484854,0.8717948717948731,非鉄,0,3
57110,2025-02-12,2025-02-12,-113.63636363636354,-56.39476334340365,-52.36656596173228,-2.0251113811264876,1.499482936918306,非鉄,2,0
57110,2025-02-13,2025-02-13,64.59426725878181,12.000000000000899,21.999999999999797,-11.971268954509284,0.5094243504839557,非鉄,3,3
57110,2025-02-14,2025-02-14,-179.1530944625408,-26.93742229589735,-10.360547036883938,-18.664454583160463,0.6588950836289964,非鉄,4,0
57110,2025-02-17,2025-02-17,-6.2447960033307215,-52.10504376823688,-31.263026260942574,-20.9073803052473,,非鉄,0,2
57110,2025-02-18,2025-02-18,-72.99270072992692,10.495382031905365,35.68429890848046,-25.09935160008414,1.1077542799597273,非鉄,1,1
57110,2025-02-19,2025-02-19,-29.251984956122357,-31.459731543623803,-46.14093959731558,12.639561828522439,-0.8466135458167323,非鉄,2,1
57110,2025-02-20,2025-02-20,-71.88160676532718,-31.921685464992855,-29.79357310065933,-4.268032437046987,-0.050226017076848706,非鉄,3,1
57110,2025-02-21,2025-02-21,36.29376601195666,-36.05514316012748,-63.626723223754176,29.888983774550848,-1.4070351758794009,非鉄,4,3
57110,2025-02-25,2025-02-25,53.41880341880323,10.647359454856176,31.942078364566306,-19.108280254777064,-0.46607975142413105,非鉄,1,3
57110,2025-02-26,2025-02-26,0.0,46.719048630281534,19.11233807602386,25.429116338206992,-0.3121748178980255,非鉄,2,2
57110,2025-02-27,2025-02-27,71.15948095437474,37.39871182214749,-14.54394348639143,52.0183104452765,-3.131524008350728,非鉄,3,3
57110,2025-02-28,2025-02-28,-99.58506224066355,-6.2893081761006275,-46.12159329140497,37.902716361339905,-2.370689655172409,非鉄,4,1
57110,2025-03-03,2025-03-03,96.6996005886056,20.828993959591813,39.57508852322489,-18.672199170124415,-2.759381898454749,非鉄,0,3
57110,2025-03-04,2025-03-04,-77.40585774058562,31.598904571308317,-4.213187276174146,37.94266441821348,-0.7945516458569779,非鉄,1,1
57110,2025-03-05,2025-03-05,95.09721048182485,25.094102885820924,41.82350480970376,-12.499999999999734,0.97254004576659,非鉄,2,3
57110,2025-03-06,2025-03-06,-8.257638315442017,-72.28418009087135,-47.50103263114425,-26.970954356846377,1.8130311614730887,非鉄,3,2
57110,2025-03-07,2025-03-07,87.35440931780359,59.79381443298904,47.42268041237008,14.367816091953589,1.3912075681691727,非鉄,4,3
57110,2025-03-10,2025-03-10,134.14634146341476,92.18436873747571,-2.004008016032177,94.20725596311908,0.5488474204171201,非鉄,0,4
57110,2025-03-11,2025-03-11,-113.0279595478878,90.32517061421163,6.021678040948331,82.23024468511753,0.4366812227074135,非鉄,1,0
57110,2025-03-12,2025-03-12,-57.69996020692392,40.064102564103536,-4.006410256410797,46.10142313088872,-2.336956521739131,非鉄,2,1
57110,2025-03-13,2025-03-13,40.000000000000036,-21.91671647738591,-29.886431560072204,7.993605115907965,1.2799109627156469,非鉄,3,3
57110,2025-03-14,2025-03-14,-13.927576601671099,125.24850894632289,91.4512922465205,35.46798029556708,-2.5824175824175843,非鉄,4,2
57110,2025-03-17,2025-03-17,97.22222222222187,51.06048703849231,66.77140612725951,-17.554125219426673,3.891708967851093,非鉄,0,3
57110,2025-03-18,2025-03-18,100.67763794772588,63.266871165643664,32.592024539876974,28.658769583491672,-0.5971769815418027,非鉄,1,4
57110,2025-03-19,2025-03-19,95.05703422053146,-101.73323285606605,-81.00979653353436,-22.787694644891275,0.928454396504641,非鉄,2,3
57110,2025-03-21,2025-03-21,85.87786259542041,-52.980132450330956,-7.568590350047755,-43.56060606060641,-1.0154997327632254,非鉄,4,3
57110,2025-03-24,2025-03-24,-144.37689969604816,26.995757809487042,-3.8565368299270375,32.79953694771409,0.3239740820734305,非鉄,0,0
57110,2025-03-25,2025-03-25,7.704160246533309,34.615384615384045,-30.76923076923088,65.58641975308532,-1.2917115177610294,非鉄,1,2
57110,2025-03-26,2025-03-26,125.40376211286342,13.103706476975674,0.0,16.853932584268705,-1.526717557251911,非鉄,2,4
57110,2025-03-27,2025-03-27,-54.706659120921096,37.9506641366234,7.590132827324236,34.14264036418757,-0.33222591362126463,非鉄,3,1
57110,2025-03-28,2025-03-28,-173.7451737451734,5.897385492432683,-31.45272262630283,37.4679550384549,0.6666666666666599,非鉄,4,0
57110,2025-03-31,2025-03-31,-97.16599190283448,0.0,-26.57399836467733,24.590163934425924,1.0485651214128033,非鉄,0,1
57110,2025-04-01,2025-04-01,-4.052684903749215,-8.097165991902688,-40.485829959514554,32.52032520325132,0.5461496450027248,非鉄,1,2
57110,2025-04-02,2025-04-02,-113.75177737152131,-26.694045174537884,2.0533880903483848,-32.83398317258324,-0.5975013579576305,非鉄,2,0
57110,2025-04-03,2025-04-03,126.60944206008607,-67.79661016949157,-72.033898305085,0.0,0.21857923497268228,非鉄,3,4
57110,2025-04-04,2025-04-04,-202.1772939346811,6.808896958692134,-86.24602814344074,89.24485125858084,0.4362050163576825,非鉄,4,0
57110,2025-04-07,2025-04-07,134.00758533501866,4.987531172069293,-69.82543640897786,72.8094401205115,0.8686210640608039,非鉄,0,4
57110,2025-04-08,2025-04-08,420.61755409676715,-149.5327102803734,-210.280373831776,62.05250596658773,0.9687836383207804,非鉄,1,4
57110,2025-04-09,2025-04-09,-157.004830917874,12.321340561853855,-135.53474618038464,147.35264735264764,0.9594882729211163,非鉄,2,0
57110,2025-04-10,2025-04-10,-323.361196656401,52.45153933865376,22.805017103761926,27.297543221109777,1.9007391763463666,非鉄,3,0
57110,2025-04-11,2025-04-11,14.194464158978626,204.27330359239272,23.47969006809114,177.9859484777524,1.4507772020725396,非鉄,4,2
57110,2025-04-14,2025-04-14,-51.46565227120203,-63.06306306306353,9.009009009008917,-67.53714542998668,-1.0725229826353377,非鉄,0,1
57110,2025-04-15,2025-04-15,-142.31710028908105,-36.10108303249149,11.28158844765359,-45.0856627592422,-0.722767165720184,非鉄,1,0
57110,2025-04-16,2025-04-16,-113.63636363636354,-39.13443830570906,-23.020257826887878,-13.847219016847045,0.6240249609984483,非鉄,2,0
57110,2025-04-17,2025-04-17,137.2093023255805,38.97294818890451,13.755158184318717,27.478818410808792,-0.2583979328165342,非鉄,3,4
57110,2025-04-18,2025-04-18,20.454545454544615,-4.514672686229959,-27.088036117381975,20.366598778003286,,非鉄,4,2
57110,2025-04-21,2025-04-21,-79.98171846435143,43.971302939134205,25.45707012265641,16.15508885298933,-0.10362694300518616,非鉄,0,1
57110,2025-04-22,2025-04-22,237.76223776223793,2.273760800364233,9.095043201454711,-6.8150840527037015,-1.4522821576763434,非鉄,1,4
57110,2025-04-23,2025-04-23,-96.08938547486012,-22.532672374944163,6.759801712483693,-29.27268633190705,-0.6315789473684164,非鉄,2,1
57110,2025-04-24,2025-04-24,100.22271714922093,-99.29390997352128,-61.782877316858276,-37.74422735346339,1.0063559322033955,非鉄,3,4
57110,2025-04-25,2025-04-25,11.106175033317456,-15.503875968991832,-6.644518272425071,-6.650410108622884,0.10487676979549221,非鉄,4,2
57110,2025-04-28,2025-04-28,22.222222222221255,17.746228926354135,0.0,15.524506542470284,-0.41906757464641453,非鉄,0,2
57110,2025-04-30,2025-04-30,-156.38766519823767,24.630541871921707,-15.673981191222097,42.62000897263363,1.2466124661246525,非鉄,2,0
57110,2025-05-01,2025-05-01,53.811659192826156,-33.40757238307401,-6.681514476615247,-31.18734684785074,-0.6959314775160652,非鉄,3,3
57110,2025-05-02,2025-05-02,24.55357142857162,-6.672597864768592,35.58718861210064,-42.109929078014694,-0.6469002695417836,非鉄,4,2
57110,2025-05-07,2025-05-07,42.44861483467366,-13.348164627363657,8.898776418242438,-24.444444444444713,-1.3392857142857095,非鉄,2,3
57110,2025-05-08,2025-05-08,13.455931823278533,-57.99687709123313,-66.91947356680772,8.982708286549013,-0.39592760180995334,非鉄,3,2
57110,2025-05-09,2025-05-09,-4.42967884828338,-46.55287076036352,15.5176235867871,-61.97432492253241,0.5110732538330387,非鉄,4,2
57110,2025-05-12,2025-05-12,2.197802197803078,103.38759348878179,28.59656841178948,76.78806494076262,-0.5649717514124242,非鉄,0,2
57110,2025-05-13,2025-05-13,-116.3793103448274,48.02444881030432,28.378083387905484,17.410228509249226,-1.2499999999999956,非鉄,1,0
57110,2025-05-14,2025-05-14,-206.0085836909875,81.10477860587383,50.416483998245724,26.160889470241422,0.9205983889528202,非鉄,2,0
57110,2025-05-15,2025-05-15,149.9077490774914,-24.999999999999467,11.36363636363713,-36.32236095346242,2.2234891676168766,非鉄,3,4
57110,2025-05-16,2025-05-16,0.0,29.70749542961615,25.137111517368194,9.122006841504327,-1.171221416620194,非鉄,4,2
57110,2025-05-19,2025-05-19,79.94518044769362,-88.43537414966019,-54.421768707483274,-34.199726402188716,0.9029345372460584,非鉄,0,3
57110,2025-05-20,2025-05-20,-99.32279909706577,-9.124087591241281,9.124087591241281,-15.95623432869897,1.6778523489932917,非鉄,1,1
57110,2025-05-21,2025-05-21,2.2573363431144244,24.83069977426533,-6.772009029345494,31.624124689406674,1.2101210121012063,非鉄,2,2
57110,2025-05-22,2025-05-22,-31.631269769543113,15.873015873015817,-11.337868480725266,29.518619436874616,0.5978260869565322,非鉄,3,1
57110,2025-05-23,2025-05-23,42.85069914298667,-24.70799640610921,-11.23090745732247,-11.246063877642376,-0.8103727714748765,非鉄,4,3
57110,2025-05-26,2025-05-26,-35.555555555555344,120.75134168157531,73.79248658318404,46.61487236403916,,非鉄,0,1
57110,2025-05-27,2025-05-27,48.888888888889426,28.74198540791406,-2.2109219544552694,30.95975232198178,-0.16339869281045694,非鉄,1,3
57110,2025-05-28,2025-05-28,-57.26872246695991,-90.70796460176945,-33.185840707964374,-55.506216696269426,-1.6366612111292977,非鉄,2,1
57110,2025-05-29,2025-05-29,46.69779853235578,-28.780163825548044,-19.924728802301892,-6.65631240292841,-0.8319467554076532,非鉄,3,3
57110,2025-05-30,2025-05-30,91.92825112107616,37.777777777778795,11.111111111110628,26.63706992230841,-0.7829977628635354,非鉄,4,3
57110,2025-06-02,2025-06-02,-140.62499999999977,74.72826086956542,56.61231884057871,18.013960819636132,-1.183765501691092,非鉄,0,0
57110,2025-06-03,2025-06-03,62.89308176100627,4.457321149988758,-4.457321149988758,8.918617614270818,0.0,非鉄,1,3
57110,2025-06-04,2025-06-04,-6.675567423231055,-46.7706013363034,8.908685968820329,-55.629728526924715,-0.057045065601823985,非鉄,2,2
57110,2025-06-05,2025-06-05,49.661399548532884,60.81081081081186,-18.018018018017834,78.97111913357291,0.05707762557076723,非鉄,3,3
57110,2025-06-06,2025-06-06,64.65997770345622,-15.521064301552423,-46.56319290465616,33.42245989304882,0.855675984027382,非鉄,4,3
57110,2025-06-09,2025-06-09,-80.00000000000007,-35.818222520707096,-42.53413924333982,4.495392222971795,-2.0361990950226283,非鉄,0,1
57110,2025-06-10,2025-06-10,76.09668755595322,-46.71857619577335,26.696329254727313,-73.21943643221695,1.385681293302543,非鉄,1,3
57110,2025-06-11,2025-06-11,62.794348508634634,80.44692737430248,44.692737430167554,37.82821539830783,-0.5694760820045608,非鉄,2,3
57110,2025-06-12,2025-06-12,-84.51957295373624,22.39641657334923,22.39641657334923,0.0,0.45819014891179677,非鉄,3,1
57110,2025-06-13,2025-06-13,-40.44943820224689,4.508566275924775,9.01713255184955,-4.5045045045044585,1.425313568985187,非鉄,4,1
57110,2025-06-16,2025-06-16,100.7613076578595,-101.99556541020004,-68.73614190687327,-31.263957123716104,-2.360876897133224,非鉄,0,4
57110,2025-06-17,2025-06-17,17.929179740026058,31.319910514542304,26.845637583892135,2.2306491188928135,-0.8059873344847479,非鉄,1,2
57110,2025-06-18,2025-06-18,51.29348795718025,71.07952021323749,28.876055086628494,44.30660168365019,0.4643064422518828,非鉄,2,3
57110,2025-06-19,2025-06-19,-128.31858407079676,35.84229390680926,15.681003584229192,20.129724893760415,,非鉄,3,0
57110,2025-06-20,2025-06-20,-2.2346368715087106,-67.02412868632712,-13.404825737265424,-51.46565227120203,-0.8665511265164683,非鉄,4,2
57110,2025-06-23,2025-06-23,-112.9177958446248,11.407711613049543,25.096965548709882,-18.19836214740689,-2.447552447552448,非鉄,0,0
57110,2025-06-24,2025-06-24,-42.83137962128092,36.28940802903102,47.62984803810433,-11.286681715575453,-0.8363201911589013,非鉄,1,1
57110,2025-06-25,2025-06-25,-99.21082299887307,-25.0398361028914,-15.934441156385537,-6.8415051311288,-1.0843373493975905,非鉄,2,1
57110,2025-06-26,2025-06-26,36.438168982009245,15.898251192367763,22.71178741767077,-6.798096532970588,-0.3654080389768555,非鉄,3,3
57110,2025-06-27,2025-06-27,104.1205139565804,-70.31421665568027,-6.5919578114703725,-63.76429199648204,2.0782396088019572,非鉄,4,4
57110,2025-06-30,2025-06-30,63.59649122807065,-28.3286118980175,-26.149487905862134,-4.36871996504995,0.8383233532934131,非鉄,0,3
57110,2025-07-01,2025-07-01,-55.29750055297544,15.576323987538387,11.125945705385831,4.445432318291864,-0.23752969121140222,非鉄,1,1
57110,2025-07-02,2025-07-02,112.0071684587809,44.31641923332563,48.748061156658196,0.0,2.440476190476182,非鉄,2,4
57110,2025-07-03,2025-07-03,216.15720524017502,34.15883859948732,-36.293766011955555,72.86755250750065,0.6391632771644451,非鉄,3,4
57110,2025-07-04,2025-07-04,-96.98275862068951,-41.25054277029916,-43.42162396873683,-4.358247984310726,,非鉄,4,1
57110,2025-07-07,2025-07-07,-72.33669443226675,-39.77900552486147,-4.4198895027625085,-33.17116320212254,-2.944572748267893,非鉄,0,1
57110,2025-07-08,2025-07-08,129.4065149486845,11.013215859030367,-28.63436123348051,41.979673000442915,-1.903628792385481,非鉄,1,4
57110,2025-07-09,2025-07-09,-161.63793103448288,-78.63695937090465,-72.08387942332917,-6.6006600660062364,0.363856882959368,非鉄,2,0
57110,2025-07-10,2025-07-10,35.30450132391838,-13.192612137202797,4.397537379068339,-19.77587343441001,-1.3293051359516639,非鉄,3,3
57110,2025-07-11,2025-07-11,98.1247274313124,-41.05445116681095,-19.446845289542438,-23.809523809523725,0.3674219228414044,非鉄,4,4
57110,2025-07-14,2025-07-14,-2.1659085986569515,-32.467532467532756,-21.645021645021465,-13.012361743656164,0.7321537522879895,非鉄,0,2
57110,2025-07-15,2025-07-15,-32.67973856209139,2.1853146853145766,-24.038461538461455,24.091108190977817,-2.9073288915808626,非鉄,1,1
57110,2025-07-16,2025-07-16,8.804754567466322,-11.008366358432609,35.22677234698346,-48.25619653432756,1.3724266999376233,非鉄,2,2
57110,2025-07-17,2025-07-17,-26.60753880266098,19.98223801065624,0.0,19.98223801065624,-1.1076923076923095,非鉄,3,1
57110,2025-07-18,2025-07-18,-26.455026455026733,-39.83182119938089,-8.851515822084766,-26.58985153999538,1.8046048537647685,非鉄,4,1
57110,2025-07-22,2025-07-22,-63.76429199648204,33.25942350332678,-24.390243902439046,57.79062013780756,-1.2376237623762387,非鉄,1,1
57110,2025-07-23,2025-07-23,111.47540983606596,-36.75675675675727,0.0,-41.0633239680136,0.0,非鉄,2,4
57110,2025-07-24,2025-07-24,88.49557522123908,10.688328345447307,40.61564771269843,-29.806259314456575,0.6892230576441172,非鉄,3,3
57110,2025-07-25,2025-07-25,-64.10256410256387,-96.75338636852327,-19.350677273705095,-77.55277897458002,-0.5600497822028649,非鉄,4,1
57110,2025-07-28,2025-07-28,39.03708523096849,25.89555459646009,4.315925766076312,21.57031924072461,-1.689612015018771,非鉄,0,3
57110,2025-07-29,2025-07-29,-19.565217391304124,4.344992396263514,-8.689984792527028,13.04631441617854,-0.8911521323997418,非鉄,1,2
57110,2025-07-30,2025-07-30,49.999999999998934,34.61704889658135,15.144958892254756,21.60760587726962,0.6422607578676853,非鉄,2,3
57110,2025-07-31,2025-07-31,60.86956521739184,10.775862068965747,-23.70689655172398,36.73292999135658,0.574345883854499,非鉄,3,3
57110,2025-08-01,2025-08-01,87.79443254818054,-10.617965597791157,-23.359524315140767,12.771392081736277,-1.07868020304569,非鉄,4,3
57110,2025-08-04,2025-08-04,126.03215993046479,49.35622317596477,12.875536480687622,38.5852090032146,-0.7055805003207238,非鉄,0,4
57110,2025-08-05,2025-08-05,155.3191489361705,-52.39991616013406,-18.863969817648485,-29.41176470588225,-1.6149870801033583,非鉄,1,4
57110,2025-08-06,2025-08-06,96.43605870020889,-24.94802494802495,-10.395010395010118,-18.722696068234068,-0.13131976362442677,非鉄,2,3
57110,2025-08-07,2025-08-07,138.13311008790353,51.54639175257714,8.247422680411898,41.19464469618972,1.183431952662728,非鉄,3,4
57110,2025-08-08,2025-08-08,267.175572519085,89.04535100434873,89.04535100434873,-4.103405826836326,-0.3898635477582846,非鉄,4,4
57110,2025-08-12,2025-08-12,93.83924928600518,18.18916734033893,10.105092966854468,8.07591358772397,-3.57142857142857,非鉄,1,3
57110,2025-08-13,2025-08-13,124.24849699398833,-122.747970698871,-77.21243318154825,-45.88986432561892,0.40404040404040664,非鉄,2,4
57110,2025-08-14,2025-08-14,2.012882447663955,-86.65860540104764,-42.32164449818665,-40.49402713099837,1.0731052984574108,非鉄,3,2
57110,2025-08-15,2025-08-15,157.0787433700538,94.30176565007997,64.20545746388396,31.904287138584397,1.9907100199070937,非鉄,4,4
57110,2025-08-18,2025-08-18,141.0969793322736,50.980392156863005,15.686274509802978,37.20383786959047,-0.3253090435914152,非鉄,0,4
57110,2025-08-19,2025-08-19,-25.29182879377423,-79.84420642648482,5.842259006816342,-85.63643441027668,-0.9791122715404721,非鉄,1,1
57110,2025-08-20,2025-08-20,-137.91763791763833,-63.066614111154664,-67.00827749310245,5.953562214724428,0.19775873434411118,非鉄,2,0
57110,2025-08-21,2025-08-21,97.06814580031642,-19.6232339089486,-9.811616954473745,-11.783189316575404,2.1710526315789513,非鉄,3,3
57110,2025-08-22,2025-08-22,-64.92228998622895,-13.872374157748446,-21.799445105034067,5.957108816521117,0.0,非鉄,4,1
57110,2025-08-25,2025-08-25,86.54602675058909,39.07013088493949,-3.907013088494393,44.95699765441729,0.3219575016097931,非鉄,0,3
57110,2025-08-26,2025-08-26,-138.29372808726092,55.37974683544222,49.44620253164666,3.9354584809125903,-0.6418485237484006,非鉄,1,0
57110,2025-08-27,2025-08-27,104.72238688006286,0.0,19.53125,-21.43831611771563,-1.0981912144702788,非鉄,2,4
57110,2025-08-28,2025-08-28,-33.346410357002476,19.677292404565172,17.709563164107767,0.0,1.1757021554539504,非鉄,3,1
57110,2025-08-29,2025-08-29,45.168892380205165,-7.8262570925458075,0.0,-11.734793663211729,2.840542285345382,非鉄,4,3
57110,2025-09-01,2025-09-01,-96.00313479623867,-9.904912836766755,0.0,-9.904912836766755,,非鉄,0,1
57110,2025-09-02,2025-09-02,141.73228346456622,3.8782237735124347,21.33023075431506,-15.482872072769549,1.381042059008153,非鉄,1,4
57110,2025-09-03,2025-09-03,196.4216258265261,-177.48091603053462,-131.67938931297752,-44.48742746615109,-1.3622291021671784,非鉄,2,4
57110,2025-09-04,2025-09-04,185.2924145917778,-109.84848484848486,-79.54545454545436,-32.44894063752612,0.5021971123666091,非鉄,3,4
57110,2025-09-05,2025-09-05,-70.86764987550231,-23.112480739599928,-36.594761171032665,15.467904098993568,-0.7495315427857641,非鉄,4,1
57110,2025-09-08,2025-09-08,-22.992910519256114,-24.99519323207022,-26.917900403768957,3.8565368299270375,1.636249213341734,非鉄,0,1
57110,2025-09-09,2025-09-09,-121.76560121765601,-32.780563054377595,50.13497878904705,-82.50191864927037,-0.6811145510835948,非鉄,1,0
57110,2025-09-10,2025-09-10,-11.68679392286709,-11.709601873536313,-33.17720530835233,17.615971814444187,-0.5610972568578565,非鉄,2,2
57110,2025-09-11,2025-09-11,107.2542901716078,-21.223229789697484,-27.011383368705786,5.803830528148257,-0.4388714733542298,非鉄,3,4
57110,2025-09-12,2025-09-12,-40.2607361963192,-73.00672430355482,-5.7636887608070175,-65.37204383772365,0.37783375314861534,非鉄,4,1
57110,2025-09-16,2025-09-16,11.509687320161444,74.6268656716409,42.0972062763103,34.30531732418585,1.2389380530973382,非鉄,1,2
57110,2025-09-17,2025-09-17,-1.9047619047618536,-51.44817073170715,-30.487804878048806,-19.116803670425895,-0.4662004662004615,非鉄,2,2
57110,2025-09-18,2025-09-18,-22.861497428081634,-28.669724770642446,22.93577981651307,-51.48741418764313,-0.5854800936768156,非鉄,3,1
57110,2025-09-19,2025-09-19,-74.17268923545106,-76.65772326561849,-97.73859716366462,25.16940948693147,-0.05889281507656108,非鉄,4,1
57110,2025-09-22,2025-09-22,9.582215408201478,111.23897199846633,80.55235903337233,28.533384059350464,-0.5892751915144379,非鉄,0,2
57110,2025-09-24,2025-09-24,-124.6223564954685,112.70296084049613,49.665711556829976,58.90176705301231,-0.41103934233704953,非鉄,2,0
57110,2025-09-25,2025-09-25,298.6441920117255,192.30769230769164,190.52706552706633,1.7473353136465697,0.1768867924528239,非鉄,3,4
57110,2025-09-26,2025-09-26,165.97510373443924,-81.70515097690955,-49.7335701598578,-33.91040514010402,-0.7651559741024161,非鉄,4,4
57110,2025-09-29,2025-09-29,78.63935625457286,1.8112660749869391,52.526716174605696,-54.03458213256496,0.0,非鉄,0,3
57110,2025-09-30,2025-09-30,17.985611510791255,-41.29263913824066,-32.31597845601453,-9.005763688760826,-1.3048635824436494,非鉄,1,2
57110,2025-10-01,2025-10-01,-133.77313542239366,42.73504273504258,37.1609067261236,5.553498704182758,0.5408653846153744,非鉄,2,0
57110,2025-10-02,2025-10-02,3.634381246593321,60.00000000000006,140.0000000000001,-80.6740767300107,0.7172743574417106,非鉄,3,2
57110,2025-10-03,2025-10-03,23.508137432188825,115.39848539487974,45.07753335737385,70.00538502961673,-0.4154302670623111,非鉄,4,2
57110,2025-10-06,2025-10-06,-114.86251305255823,-33.48017621145338,-8.810572687224516,-26.450361488273842,0.5363528009535212,非鉄,0,0
57110,2025-10-07,2025-10-07,-21.052631578947214,-47.476701248461154,65.06066467381721,-113.53711790393018,-0.5927682276229973,非鉄,1,1
57110,2025-10-08,2025-10-08,119.76047904191711,337.508698677802,127.00069589422381,207.86806390654445,0.655933214072757,非鉄,2,4
57110,2025-10-09,2025-10-09,-13.333333333332975,-11.670556852284575,0.0,-10.005002501251026,-0.8293838862559189,非鉄,3,2
57110,2025-10-10,2025-10-10,-263.5135135135136,-22.58120548896958,19.10717387528127,-38.15469996531373,-1.194743130227005,非鉄,4,0
57110,2025-10-14,2025-10-14,85.09899270580101,-269.3370165745856,-127.76243093922668,-146.85314685314643,0.6699147381242332,非鉄,1,3
57110,2025-10-15,2025-10-15,173.9735560194844,-8.529512111906667,13.647219379051556,-23.846022824050017,0.9679370840895318,非鉄,2,4
57110,2025-10-16,2025-10-16,-121.64216928535198,-6.84462696783017,-1.7111567419580975,-5.134348793428556,1.1384062312762122,非鉄,3,0
57110,2025-10-17,2025-10-17,108.99653979238755,-44.45204308428763,-41.03265515472687,-5.14933058702316,0.23696682464455776,非鉄,4,4
57110,2025-10-20,2025-10-20,97.3028337316495,-27.118644067796183,-61.01694915254252,32.39556692242074,0.23640661938533203,非鉄,0,4
57110,2025-10-21,2025-10-21,-37.31343283582045,-73.32878581173263,-54.5702592087316,-18.861454046639192,-1.0023584905660354,非鉄,1,1
57110,2025-10-22,2025-10-22,26.187150837988504,69.6864111498252,36.58536585365857,31.239153071849213,0.9529481834425146,非鉄,2,2
57110,2025-10-23,2025-10-23,83.56545961002881,117.1403962101647,56.84754521963819,58.229148826853816,0.943952802359882,非鉄,3,3
57110,2025-10-24,2025-10-24,187.1384824770339,26.72010688042681,5.010020040079333,20.026702269693164,-0.8766803039158333,非鉄,4,4
57110,2025-10-27,2025-10-27,-13.218770654329637,56.16121572514121,-39.64321110009883,96.18573797678165,0.9433962264151052,非鉄,0,2
57110,2025-10-28,2025-10-28,-165.05501833944612,-161.12618724559047,-55.97014925373123,-104.06004776526756,0.8761682242990565,非鉄,1,0
57110,2025-10-29,2025-10-29,23.923444976077235,63.03236797274181,-13.628620102215105,75.0469043151969,0.6369426751592355,非鉄,2,2
57110,2025-10-30,2025-10-30,189.35516888433978,66.84491978609542,-13.368983957219305,78.63476660532109,-1.1507479861910253,非鉄,3,4
57110,2025-10-31,2025-10-31,-162.25165562913867,-1.6818028927012563,-63.90850992263664,64.33045539190773,0.34924330616996624,非鉄,4,0
57110,2025-11-04,2025-11-04,105.40632437946229,-143.2181971356361,-79.19123841617525,-64.53804347826053,-0.9200690051753835,非鉄,1,4
57110,2025-11-05,2025-11-05,-329.2682926829271,266.1189498124661,173.24522236113583,91.29213483145992,0.9866511897852481,非鉄,2,0
57110,2025-11-06,2025-11-06,-22.569444444444642,-39.95830437804049,46.90757470465545,-84.74576271186419,-1.4367816091954033,非鉄,3,1
57110,2025-11-07,2025-11-07,-65.02636203866486,106.08203677510586,35.36067892503603,70.47216349541863,-0.4664723032069995,非鉄,4,1
57110,2025-11-10,2025-11-10,131.57894736842036,20.477815699657675,27.303754266212454,-6.8073519400957405,0.5858230814294041,非鉄,0,4
57110,2025-11-11,2025-11-11,-119.16750587445458,-30.487804878048806,-8.468834688346583,-22.03763349720278,0.6406523005241693,非鉄,1,0
57110,2025-11-12,2025-11-12,62.83068783068835,72.7272727272732,6.611570247934129,66.07201850016509,0.810185185185186,非鉄,2,3
57110,2025-11-13,2025-11-13,170.4918032786895,51.69628432956319,90.4684975767367,-35.233824471492255,1.5499425947187229,非鉄,3,4
57110,2025-11-14,2025-11-14,95.08196721311535,71.4053878610832,77.8967867575453,-6.441223832528431,-2.713397399660822,非鉄,4,3
57110,2025-11-17,2025-11-17,64.93506493506551,80.59316569954956,64.47453255963964,16.015374759770218,1.0459035444509102,非鉄,0,3
57110,2025-11-18,2025-11-18,-61.448900388098025,-195.75856443719397,-143.55628058727586,-52.96259516716306,0.17251293847038163,非鉄,1,1
57110,2025-11-19,2025-11-19,46.44990046449804,-92.56198347107447,-97.5206611570245,5.007511266901243,-1.320321469575203,非鉄,2,3
57110,2025-11-20,2025-11-20,144.40433212996373,-119.39335269441797,-96.8054211035818,-22.80873248615145,-0.7562536358347915,非鉄,3,4
57110,2025-11-21,2025-11-21,20.13422818792021,11.691999331886471,-55.11942542174686,65.49118387909391,-0.17584994138335475,非鉄,4,2
57110,2025-11-25,2025-11-25,129.09632571995954,61.92959582790092,45.632333767926525,16.223231667749083,-0.11785503830288313,非鉄,1,4
57110,2025-11-26,2025-11-26,-3.215434083601032,109.32475884244397,83.6012861736335,25.510204081633514,2.2418879056047114,非鉄,2,2
57110,2025-11-27,2025-11-27,-262.65822784810155,29.249268768281045,-3.2499187520307338,32.50975292587776,,非鉄,3,0
57110,2025-11-28,2025-11-28,106.45161290322669,0.0,41.507024265645676,-41.335453100158624,0.461627236006934,非鉄,4,4
57110,2025-12-01,2025-12-01,-113.20754716981129,82.88173414089827,111.57156518967204,-22.0820189274451,-0.5743825387708235,非鉄,0,0
57110,2025-12-02,2025-12-02,-157.5299306868305,-35.21126760563376,-16.005121638924535,-19.236934915036752,1.1554015020219577,非鉄,1,0
57110,2025-12-03,2025-12-03,-16.108247422680357,35.32434168272314,35.32434168272314,3.2010243277857953,-1.3135351227869796,非鉄,2,2
57110,2025-12-04,2025-12-04,232.55813953488413,-43.681747269890266,-12.480499219968966,-31.24023742580473,1.215277777777768,非鉄,3,4
57110,2025-12-05,2025-12-05,82.01892744479578,84.480600750938,31.289111389236623,59.30087390761507,-0.05717552887364308,非鉄,4,3
57110,2025-12-08,2025-12-08,-155.96330275229332,58.93300248138944,24.81389578163684,27.829313543599188,-0.5148741418764313,非鉄,0,0
57110,2025-12-09,2025-12-09,-24.821594787465262,-9.32835820895539,21.766169154229242,-31.026993484331022,1.5526164462334568,非鉄,1,1
57110,2025-12-10,2025-12-10,210.237659963437,-38.77124962719969,14.912019087385264,-53.603335318641584,-1.5855039637599044,非鉄,2,4
57110,2025-12-11,2025-12-11,-98.21428571428537,-24.169184290030454,-33.2326283987916,9.093664746893104,0.690448791714604,非鉄,3,1
57110,2025-12-12,2025-12-12,139.880952380953,128.69260017549067,29.24831822170182,93.26726901777826,-1.1428571428571455,非鉄,4,4
57110,2025-12-15,2025-12-15,-102.60920551158014,8.852168781352532,2.9507229271175106,2.9489826010031805,1.6184971098266,非鉄,0,0
57110,2025-12-16,2025-12-16,-346.95677741840683,106.70731707317138,64.02439024390193,42.41139048773101,-0.7963594994311762,非鉄,1,0
57110,2025-12-17,2025-12-17,124.01693889897203,-38.8755980861244,-2.9904306220096544,-38.8755980861244,1.089449541284404,非鉄,2,4
57110,2025-12-18,2025-12-18,12.004801920768582,-38.957147138147796,-29.96703626011343,-9.017132551848439,0.7373794668179334,非鉄,3,2
57110,2025-12-19,2025-12-19,17.947950942267532,137.31343283582166,71.64179104477641,65.2045050385297,-0.16891891891891442,非鉄,4,2
57110,2025-12-22,2025-12-22,155.39568345323661,-53.79388448471079,19.818799546997834,-67.85411365563986,0.7896221094190636,非鉄,0,4
57110,2025-12-23,2025-12-23,137.7331420373018,-39.62637984715522,-42.456835550523934,2.842524161454918,0.11191941801902416,非鉄,1,4
57110,2025-12-24,2025-12-24,296.254891000558,-127.26780395342585,-113.72867587327362,-13.694878115584341,0.7266629401900593,非鉄,2,4
57110,2025-12-25,2025-12-25,-103.20478001086374,79.7360461919161,16.49711300522494,63.13477902827324,,非鉄,3,0
57110,2025-12-26,2025-12-26,-5.448106782892648,-46.321525885558714,-38.14713896457711,-2.736726874658091,-0.2219755826859071,非鉄,4,2
57110,2025-12-29,2025-12-29,64.44683136412444,-13.329778725673647,37.32338043188399,-50.464807436918505,-1.5572858731924377,非鉄,0,3
57110,2025-12-30,2025-12-30,172.98187808896247,-51.2820512820511,-8.097165991902688,-45.90872265730517,-0.4519774011299438,非鉄,1,4
57110,2026-01-05,2026-01-05,18.766756032171372,-72.44432519452614,-26.831231553527957,-51.08900242000502,1.7162471395880896,非鉄,0,2
57110,2026-01-06,2026-01-06,452.5124967113925,-87.93969849246186,-2.512562814069863,-90.4295403165034,-0.16872890888638414,非鉄,1,4
57110,2026-01-07,2026-01-07,29.985007496251548,-42.39401496259343,82.2942643391511,-128.5537700865269,0.5633802816901401,非鉄,2,2
57110,2026-01-08,2026-01-08,97.89156626506035,-146.7661691542288,-49.7512437810943,-95.02375593898438,-0.11204481792717047,非鉄,3,4
57110,2026-01-09,2026-01-09,25.13826043237799,-7.526342197692326,-72.75464124435472,65.70634318928458,-0.11217049915872579,非鉄,4,2
57110,2026-01-13,2026-01-13,-42.81636536631828,33.436828278003986,102.69882971100985,-66.20950579333207,-0.3556609365737984,非鉄,1,1
57110,2026-01-14,2026-01-14,240.7363700731646,89.65517241379395,-27.58620689655156,122.23247232472367,0.4759071980963814,非鉄,2,4
57110,2026-01-15,2026-01-15,121.36478131440364,-74.74518686296672,-56.62514156285381,-18.22323462414621,-0.4736530491415092,非鉄,3,4
57110,2026-01-16,2026-01-16,-61.64383561643838,2.2988505747134624,-16.091954022988688,18.42044669583265,1.1302795954788891,非鉄,4,1
57110,2026-01-19,2026-01-19,65.11627906976791,76.45968489341959,60.240963855422436,16.1216029479494,,非鉄,0,3
57110,2026-01-20,2026-01-20,-268.04123711340225,108.26076723934986,44.71640385973252,60.904193019442054,-0.23529411764705577,非鉄,1,0
57110,2026-01-21,2026-01-21,307.25596785629915,-25.177386129549006,-52.64362554360247,27.611596870684707,-0.5306603773584939,非鉄,2,4
57110,2026-01-22,2026-01-22,-82.28571428571473,25.316455696202667,64.4418872266983,-36.596523330283404,0.5334914048606976,非鉄,3,1
57110,2026-01-23,2026-01-23,94.97964721845386,-22.336385972749895,-44.67277194549868,24.685816876122146,1.5919811320754818,非鉄,4,3
57110,2026-01-26,2026-01-26,-35.563458546343796,-151.4476614699334,-93.54120267260568,-58.453237410072134,-0.5223447475333765,非鉄,0,1
57110,2026-01-27,2026-01-27,202.6873149624242,-66.88963210702337,-60.200668896320806,-6.729475100941684,-0.4667444574095736,非鉄,1,4
57110,2026-01-28,2026-01-28,-60.3351955307263,-33.64737550471064,38.133692238671024,-73.72654155495928,0.9964830011723436,非鉄,2,1
57110,2026-01-29,2026-01-29,-205.52486187845332,294.77947794779527,288.0288028802891,10.94091903719896,0.05803830528148257,非鉄,3,0
57110,2026-01-30,2026-01-30,-272.4252491694357,102.27272727272751,127.27272727272698,-22.446689113355678,-0.6380510440835319,非鉄,4,0
57110,2026-02-02,2026-02-02,176.97026899480937,-283.7209302325583,-165.1162790697669,-118.25922421948908,-0.6421482778750764,非鉄,0,4
57110,2026-02-03,2026-02-03,164.3899050706188,36.2154821186067,9.053870529651675,27.137042062415073,0.763807285546414,非鉄,1,4
57110,2026-02-04,2026-02-04,251.42107564494864,-46.898315924109866,-63.952248987422244,15.015015015014122,0.05830903790087216,非鉄,2,4
57110,2026-02-05,2026-02-05,-238.50085178875656,-185.99562363238564,-201.31291028446353,15.631978561858606,1.4568764568764658,非鉄,3,0
57110,2026-02-06,2026-02-06,162.7118644067793,-28.850421660009395,-42.166000887705614,11.140819964350346,-1.0338885697874778,非鉄,4,4
57110,2026-02-09,2026-02-09,-175.69856054191368,247.68468662502707,81.84363558044305,162.3237932507471,-0.5223447475333765,非鉄,0,0
57110,2026-02-10,2026-02-10,51.020408163264804,-32.467532467532756,-91.3149350649356,59.389719434774776,0.05834305717620225,非鉄,1,3
57110,2026-02-12,2026-02-12,580.8383233532943,-230.42337954290005,-200.4496065942296,-30.586885872682103,0.8182349503214503,非鉄,3,4
57110,2026-02-13,2026-02-13,390.8733869459513,-335.60660445082544,34.09906676238306,-375.3351206434319,0.1159420289855051,非鉄,4,4
57110,2026-02-16,2026-02-16,-338.3663816627247,-142.7230046948358,-86.38497652582177,-51.17513267626994,,非鉄,0,0
57110,2026-02-17,2026-02-17,-209.61538461538476,-35.488958990536055,1.9716088328070036,-35.488958990536055,-1.2159814707585426,非鉄,1,0
57110,2026-02-18,2026-02-18,264.3171806167399,27.30109204368114,25.35101404056217,0.0,0.0,非鉄,2,4
57110,2026-02-19,2026-02-19,-3.810249571346569,9.523809523810378,34.28571428571337,-24.677296886863598,-0.058616647127784915,非鉄,3,2
57110,2026-02-20,2026-02-20,-3.8387715930898736,46.10951008645614,15.36983669548464,32.61703760552681,0.4105571847507372,非鉄,4,2
57110,2026-02-24,2026-02-24,137.73584905660385,94.97206703910521,-3.724394785847851,96.85230024213176,0.23378141437755406,非鉄,1,4
57110,2026-02-25,2026-02-25,320.23289665211064,-22.891354111639338,21.130480718436484,-42.179261862916874,0.5830903790087438,非鉄,2,4
57110,2026-02-26,2026-02-26,-70.41013906002425,-182.62411347517715,-127.6595744680853,-55.67528735632155,0.5797101449275255,非鉄,3,1
57110,2026-02-27,2026-02-27,558.7392550143267,191.85059422750504,95.07640067911716,95.86276488395606,1.037463976945241,非鉄,4,4
57110,2026-03-02,2026-03-02,-3.3590863285182238,158.33333333333366,193.33333333333425,-39.22209511358021,-1.197946377638337,非鉄,0,2
57110,2026-03-03,2026-03-03,-468.85245901639337,-291.3793103448281,-87.93103448275885,-201.84444057769312,0.34642032332563577,非鉄,1,0
57110,2026-03-04,2026-03-04,-415.10845175766644,188.23529411764684,47.05882352941116,144.474814525577,-0.6329113924050667,非鉄,2,0
57110,2026-03-05,2026-03-05,-573.2142857142852,-15.157256536566521,17.051913603638447,-32.15434083601254,2.316155182397228,非鉄,3,0
57110,2026-03-06,2026-03-06,80.07812500000044,9.659969088098297,-69.5517774343124,79.76653696498026,1.2450481041312855,非鉄,4,3
57110,2026-03-09,2026-03-09,-418.6236471308968,307.20338983050823,12.711864406780293,298.47586790855195,-1.8446059250978197,非鉄,0,0
57110,2026-03-10,2026-03-10,204.241948153967,-86.88936088047883,-55.99536590075282,-33.003300330033404,-0.5694760820045608,非鉄,1,4
57110,2026-03-11,2026-03-11,128.49584278155746,-153.12791783379964,22.408963585434094,-173.3134550875881,1.9473081328751363,非鉄,2,4
57110,2026-03-12,2026-03-12,-219.46564885496178,-13.72549019607816,-68.62745098039191,53.29648637978579,1.1235955056179803,非鉄,3,0
57110,2026-03-13,2026-03-13,257.4498276910608,-41.43646408839796,-63.14127861089203,19.85308715505285,0.7777777777777883,非鉄,4,4
57110,2026-03-16,2026-03-16,-249.49698189134838,171.20462046204653,146.45214521452178,22.357723577235422,0.2756339581036382,非鉄,0,0
57110,2026-03-17,2026-03-17,-3.9999999999995595,-209.79020979020936,-103.89610389610394,-107.00585503735094,-0.05497526113249496,非鉄,1,2
57110,2026-03-19,2026-03-19,-372.54542117819756,-24.696048632218968,-47.49240121580512,22.90513456766563,1.4023732470334505,非鉄,3,0
57110,2026-03-23,2026-03-23,-141.4224226275873,-153.9421676721453,-126.89827335136239,-25.28977871443572,-1.2332439678284235,非鉄,0,0
57110,2026-03-24,2026-03-24,-240.2883460152183,148.0872069107364,98.72480460715761,46.83363877010738,0.3800217155266017,非鉄,1,0
57110,2026-03-25,2026-03-25,-24.89467636920706,0.0,-13.461538461538858,17.33769986515199,1.1357490535424564,非鉄,2,1
57110,2026-03-26,2026-03-26,-249.14416127805205,5.870841487278788,50.88062622309097,-46.71987541366551,-0.2673796791443861,非鉄,3,0
57110,2026-03-27,2026-03-27,3.965107057890549,178.07677087455565,89.03838543727672,90.23146331894827,-0.965147453083115,非鉄,4,2
57110,2026-03-30,2026-03-30,84.41424747786641,-28.259991925716488,-8.074283407347727,-20.202020202020332,-1.4076881429344934,非鉄,0,3
57110,2026-03-31,2026-03-31,143.75000000000026,-92.49743062692662,-156.21788283658788,58.430717863104945,0.7138934651290452,非鉄,1,4
57110,2026-04-01,2026-04-01,65.01182033096909,113.28124999999912,33.20312500000089,75.89025102159974,-1.199563794983638,非鉄,2,3
57110,2026-04-02,2026-04-02,-492.70418798559757,27.999999999999137,56.0000000000005,-33.790498906778325,-0.22075055187638082,非鉄,3,0
57110,2026-04-03,2026-04-03,-32.805866460825506,48.38397522740401,30.965744145539098,19.29756850636899,0.0,非鉄,4,1
57110,2026-04-06,2026-04-06,114.11992263056004,-36.54548951721459,50.00961723408359,-86.12440191387516,0.38716814159291957,非鉄,0,4
57110,2026-04-07,2026-04-07,-36.552520200077154,111.99073180150565,-17.377872176095323,133.51393188854476,-1.1019283746556474,非鉄,1,1
57110,2026-04-08,2026-04-08,243.81301558203506,55.51575931232122,-12.535816618911566,68.13699121391403,-0.3342618384401086,非鉄,2,4
57110,2026-04-09,2026-04-09,-120.63154160014244,10.793308148948633,8.994423457455714,0.0,-0.6148686416992732,非鉄,3,0
57110,2026-04-10,2026-04-10,-41.24081047158001,8.986340762042744,34.14809489575843,-26.86246418338145,-0.8436445444319429,非鉄,4,1
57110,2026-04-13,2026-04-13,-143.63636363636357,77.41935483871032,-33.17972350230458,109.09763313609488,0.05672149744753163,非鉄,0,0
57110,2026-04-14,2026-04-14,221.82468694096568,-57.823725249693815,29.787979674085197,-89.08296943231475,0.45351473922903285,非鉄,1,4
57110,2026-04-15,2026-04-15,-342.0870767104356,87.46876115673041,12.49553730810371,76.67617689015583,1.975169300225743,非鉄,2,0
57110,2026-04-16,2026-04-16,19.203910614524755,90.79797450672223,45.39898725336222,45.193811924213456,-0.6640841173215284,非鉄,3,2
57110,2026-04-17,2026-04-17,-284.1606735660407,48.64864864864815,66.66666666666599,-19.685039370078705,-0.16713091922005985,非鉄,4,0
57110,2026-04-20,2026-04-20,-78.74015748031482,-122.52252252252238,-91.89189189189206,-29.10149145143648,0.8928571428571397,非鉄,0,1
57110,2026-04-21,2026-04-21,30.630630630630318,84.99095840867943,48.82459312839149,34.18495861820858,0.38716814159291957,非鉄,1,3
57110,2026-04-22,2026-04-22,-84.40366972477077,0.0,-27.762354247640175,25.9788457969945,0.11019283746556141,非鉄,2,1
57110,2026-04-23,2026-04-23,-250.32449471537154,78.110116212613,-7.620499142694248,83.87342737323777,0.27517886626307053,非鉄,3,0
57110,2026-04-24,2026-04-24,7.570022710068347,-17.039000378644698,-17.039000378644698,-1.8960940462642295,-0.1097694840834218,非鉄,4,2
57110,2026-04-27,2026-04-27,15.355086372361715,-82.4860924611548,-21.10109342029487,-59.60392232263079,1.318681318681314,非鉄,0,2
57110,2026-04-28,2026-04-28,-17.364460737024913,0.0,-42.389210019267985,40.62681369704002,0.9219088937093334,非鉄,1,2
57110,2026-04-30,2026-04-30,-106.25737898465215,117.48307447232209,55.754679410593425,63.37888690829851,-0.32171581769436797,非鉄,3,0
57110,2026-05-01,2026-05-01,-122.49659731674134,17.727004136300906,68.93834941894772,-46.96673189823919,0.6455083378160253,非鉄,4,0
57110,2026-05-07,2026-05-07,1.8796992481195929,37.73584905660377,9.433962264151496,28.27521206409056,0.0,非鉄,3,2
57110,2026-05-08,2026-05-08,-9.389671361502705,414.4786196549144,258.81470367591805,149.88119173825697,0.993926007730539,非鉄,4,2
57110,2026-05-11,2026-05-11,-117.27078891258014,17.962996227771644,77.24088377941473,-58.8235294117645,0.8201202843083566,非鉄,0,0
57110,2026-05-12,2026-05-12,164.39809086087996,45.138888888889284,71.18055555555446,-25.857610756766512,1.3557483731019504,非鉄,1,4
57110,2026-05-13,2026-05-13,393.162393162394,-4.943968358602779,29.663810151614456,-37.77923784494042,0.48154093097914075,非鉄,2,4
57110,2026-05-14,2026-05-14,-465.81650726177816,-72.22222222222241,59.2592592592589,-134.33934486566045,-3.833865814696491,非鉄,3,0
57110,2026-05-15,2026-05-15,95.0960283423452,-36.852773171180964,-18.426386585590482,-14.77377654662937,0.8305647840531671,非鉄,4,3
57110,2026-05-18,2026-05-18,-220.95238095238057,-158.20312500000045,-44.92187500000022,-115.73165947430408,4.83250961010433,非鉄,0,0
57110,2026-05-19,2026-05-19,-76.00000000000051,-34.32956381260066,-66.6397415185782,30.487804878047697,-0.41906757464641453,非鉄,1,1
57110,2026-05-20,2026-05-20,-261.96369636963703,127.33446519524571,103.98981324278411,27.31666316452941,-1.9989479221462436,非鉄,2,0
57110,2026-05-21,2026-05-21,200.86974528887856,-42.75244299674297,32.573289902280145,-75.08116883116922,-0.7514761137949577,非鉄,3,4
57110,2026-05-22,2026-05-22,106.93069306930703,-86.12252887062022,-23.487962419259656,-60.83202511773966,0.21633315305571443,非鉄,4,4
57110,2026-05-25,2026-05-25,71.74713980996783,103.88611004232385,90.41939207387495,7.621951219511924,,非鉄,0,3
57110,2026-05-26,2026-05-26,77.35849056603739,217.1877925482124,-11.23385133870114,230.5961754780661,-0.2698327037236936,非鉄,1,3
57110,2026-05-27,2026-05-27,-242.2907488986781,-78.91770011273947,-97.70762871101124,22.77904328018332,-1.406926406926412,非鉄,2,0
57110,2026-05-28,2026-05-28,79.28833881260866,-146.26635873749018,-271.3625866050806,126.58227848101333,0.2195389681668436,非鉄,3,3
57110,2026-05-29,2026-05-29,-76.51109410864554,-28.735632183908287,-15.325670498084198,-9.596928982725794,-0.383351588170866,非鉄,4,1
57130,2024-05-10,2024-05-10,453.4005037783384,-62.31155778894437,40.20100502512669,-104.0832666132907,2.8232636928289034,非鉄,4,4
57130,2024-05-13,2024-05-13,295.08196721311555,-37.84860557768943,55.776892430279275,-91.14325341787244,1.3728720483251022,非鉄,0,4
57130,2024-05-14,2024-05-14,-74.80314960629953,161.4832535885169,117.62360446570864,45.32912889239293,-1.2459371614301218,非鉄,1,1
57130,2024-05-15,2024-05-15,-102.53433933062439,17.523364485980686,79.82866043613646,-63.73117033603659,1.5907844212835975,非鉄,2,1
57130,2024-05-16,2024-05-16,-210.19852082522328,127.1607391217966,91.39678124379103,35.44004725339667,-1.2419006479481687,非鉄,3,0
57130,2024-05-17,2024-05-17,-3.985651654045963,181.8545163868901,131.8944844124692,49.30966469427922,-0.9841443411700346,非鉄,4,2
57130,2024-05-20,2024-05-20,406.04343720491045,-30.88101725703951,-58.12897366030856,31.072929994515608,1.656543346217565,非鉄,0,4
57130,2024-05-21,2024-05-21,103.86297376093312,-140.79422382671459,-70.39711191335729,-67.2849609019821,-0.4888647474198815,非鉄,1,4
57130,2024-05-22,2024-05-22,-131.69928662886355,-51.94805194805197,-37.10575139146521,-14.897579143389184,0.6550218340611424,非鉄,2,0
57130,2024-05-23,2024-05-23,19.372336303757898,190.53117782909857,142.41724403387224,49.345226798254146,0.759219088937102,非鉄,3,2
57130,2024-05-24,2024-05-24,87.17551336691275,-7.692307692307443,-19.230769230769162,11.560693641619046,0.10764262648008671,非鉄,4,3
57130,2024-05-27,2024-05-27,-73.07692307692348,93.20388349514542,31.06796116504773,61.94347657762389,,非鉄,0,1
57130,2024-05-28,2024-05-28,23.09024437175289,30.663089306246505,76.65772326561849,-45.64473183719997,-0.37634408602150726,非鉄,1,3
57130,2024-05-29,2024-05-29,-134.98098859315633,-53.89797882579428,-1.9249278152067006,-50.06739842095098,-1.6729627630868826,非鉄,2,0
57130,2024-05-30,2024-05-30,-90.55118110236182,-63.32871561448683,-23.748268355432423,-39.67466772465733,-1.5367727771679496,非鉄,3,1
57130,2024-05-31,2024-05-31,49.50495049504955,41.224970553592755,25.52021986651054,15.66477383982745,-0.6131549609810438,非鉄,4,3
57130,2024-06-03,2024-06-03,-21.442495126705595,13.669205233353132,19.527436047646063,-5.846813486649616,-0.6169377453729696,非鉄,0,2
57130,2024-06-04,2024-06-04,-131.8378591105862,-5.998800239952473,-7.998400319936261,2.0012007204317506,-0.22573363431150906,非鉄,1,0
57130,2024-06-05,2024-06-05,-180.25399426464529,-48.02672791814566,-20.88118605136802,-20.938023450586265,-0.6221719457013553,非鉄,2,0
57130,2024-06-06,2024-06-06,101.65975103734404,-41.10152075626816,-32.88121660501409,-8.247422680411898,3.1872509960159334,非鉄,3,4
57130,2024-06-07,2024-06-07,-81.69934640522847,22.657054582904124,-8.238928939238166,32.98969072164981,-0.9376723662437914,非鉄,4,1
57130,2024-06-10,2024-06-10,60.467055879900315,18.591200165254396,-12.39413344350293,33.09888291270102,0.44543429844097204,非鉄,0,3
57130,2024-06-11,2024-06-11,-96.11451942740268,-26.859504132231706,14.462809917354935,-39.20759389187012,-0.388026607538805,非鉄,1,1
57130,2024-06-12,2024-06-12,35.416666666667766,-55.981754094961424,-20.73398299813345,-35.321005609806335,0.8903728436282732,非鉄,2,3
57130,2024-06-13,2024-06-13,-140.75760712067841,-31.43994969608044,-23.055963110458766,-6.303845345660974,1.103143960286812,非鉄,3,0
57130,2024-06-14,2024-06-14,-29.442691903259764,-4.193751310547222,-6.290626965821389,4.1972717733473885,-2.127659574468088,非鉄,4,2
57130,2024-06-17,2024-06-17,-113.27879169288902,-50.933786078098954,-63.667232597622856,10.676916506513479,-1.0590858416945403,非鉄,0,1
57130,2024-06-18,2024-06-18,-10.508617065994041,-31.612223393044925,-67.43940990516339,36.07044345427468,0.9577464788732337,非鉄,1,2
57130,2024-06-19,2024-06-19,33.5429769392026,81.58995815899628,8.368200836819106,75.26656909889296,,非鉄,2,3
57130,2024-06-20,2024-06-20,-57.73195876288661,72.58399004562489,43.55039402737404,28.907701837703748,-1.8415178571428603,非鉄,3,1
57130,2024-06-21,2024-06-21,180.6373046478593,51.792828685259806,63.74501992031823,-11.87648456057011,-1.023308698123937,非鉄,4,4
57130,2024-06-24,2024-06-24,-144.92753623188358,-16.26016260162566,-22.357723577235422,8.149959250203231,-0.4595060310166543,非鉄,0,0
57130,2024-06-25,2024-06-25,-20.202020202020332,-4.040404040404066,-32.32323232323253,28.374543980542732,-2.1927293710328866,非鉄,1,2
57130,2024-06-26,2024-06-26,18.0722891566254,-24.096385542168306,30.120481927711218,-52.06247496996386,-1.1209439528023557,非鉄,2,2
57130,2024-06-27,2024-06-27,6.0301507537685595,4.0192926045024,-20.09646302250756,24.16431735803526,-0.9546539379474916,非鉄,3,2
57130,2024-06-28,2024-06-28,-20.09646302250756,-191.03157048059538,-176.95556002413016,-14.32958034800369,-4.0963855421686795,非鉄,4,2
57130,2024-07-01,2024-07-01,-73.54443309499526,20.59732234809486,41.19464469618972,-18.465326220763465,0.18844221105527303,非鉄,0,1
57130,2024-07-02,2024-07-02,55.48705302096168,53.46493933785723,59.633970799917165,-8.174943797261136,0.940438871473348,非鉄,1,3
57130,2024-07-03,2024-07-03,-40.87471898630679,73.92197125256628,8.21355236139576,63.58974358974257,0.31055900621117516,非鉄,2,2
57130,2024-07-04,2024-07-04,356.4356435643567,87.81977854142697,57.273768613974596,30.372057706908873,,非鉄,3,4
57130,2024-07-05,2024-07-05,-16.997167138810276,-72.25708309564594,-49.43905685491523,-21.024464831804757,2.0433436532507843,非鉄,4,2
57130,2024-07-08,2024-07-08,116.1904761904764,-80.91832894241647,-50.80918328942418,-34.03289846852009,-3.3373786407767003,非鉄,0,4
57130,2024-07-09,2024-07-09,-119.09262759924432,74.49856733524385,85.95988538681931,-9.471490812653638,0.37664783427495685,非鉄,1,0
57130,2024-07-10,2024-07-10,-81.90476190476193,71.3046829832331,-21.198689535556483,96.59969088098963,1.5009380863039379,非鉄,2,1
57130,2024-07-11,2024-07-11,-74.0600075958986,82.37547892720355,51.724137931035145,28.58231707317138,0.800985828712264,非鉄,3,1
57130,2024-07-12,2024-07-12,-48.24392126592025,17.475728155340597,21.35922330097184,-3.8752179810119802,-2.200488997555017,非鉄,4,1
57130,2024-07-16,2024-07-16,-123.40917855765521,-25.385666861941214,17.574692442883233,-42.88499025341119,1.6035920461834552,非鉄,1,0
57130,2024-07-17,2024-07-17,39.23107100823886,-1.9527436047650504,21.480179652411113,-23.38269680436489,0.7575757575757569,非鉄,2,3
57130,2024-07-18,2024-07-18,96.99129057798794,-39.22337713277102,-1.961168856638995,-35.31489111241903,-1.8796992481203034,非鉄,3,3
57130,2024-07-19,2024-07-19,-193.53551476456454,12.210012210012167,14.245014245013454,0.0,0.0,非鉄,4,0
57130,2024-07-22,2024-07-22,-169.35319322587185,-4.144218814753353,8.288437629506706,-14.489753674187256,2.298850574712641,非鉄,0,0
57130,2024-07-23,2024-07-23,-37.31343283582045,-41.62330905306932,-12.48699271592102,-29.17274432173378,0.3745318352059934,非鉄,1,2
57130,2024-07-24,2024-07-24,-73.60672975814886,-91.21764955451806,-44.548154433602384,-46.87832942680603,0.43532338308458485,非鉄,2,1
57130,2024-07-25,2024-07-25,-63.02977613562244,-109.76948408342513,-39.51701427003296,-70.53118800969816,0.6811145510835948,非鉄,3,1
57130,2024-07-26,2024-07-26,95.87513935340075,-205.47945205479422,-103.84445426425137,-102.70149586961375,-2.890528905289058,非鉄,4,3
57130,2024-07-29,2024-07-29,57.14285714285783,-32.75824415811313,13.103297663246138,-45.80152671755711,0.5066497783407176,非鉄,0,3
57130,2024-07-30,2024-07-30,28.729281767956305,-4.406256884776916,37.45318352059934,-39.51701427003296,-2.2684310018903586,非鉄,1,3
57130,2024-07-31,2024-07-31,64.40151010437489,143.01430143014215,59.40594059405946,83.11461067366687,-1.3539651837524147,非鉄,2,3
57130,2024-08-01,2024-08-01,-252.4816573154942,93.20905459387463,59.92010652463353,26.45502645502562,0.2614379084967311,非鉄,3,0
57130,2024-08-02,2024-08-02,-114.54753722794919,-23.153507756424887,50.937717064134524,-76.00184246890795,0.9126466753585305,非鉄,4,1
57130,2024-08-05,2024-08-05,-165.841584158416,-863.9798488664985,-337.5314861460954,-542.3728813559326,1.0981912144702788,非鉄,0,0
57130,2024-08-06,2024-08-06,351.8373729476143,-12.578616352201255,-37.73584905660377,27.7847941399334,-0.8945686900958427,非鉄,1,4
57130,2024-08-07,2024-08-07,575.1050420168058,-144.99999999999957,184.9999999999996,-324.0058910162003,-0.9671179883945835,非鉄,2,4
57130,2024-08-08,2024-08-08,-87.3839432004364,-191.51846785225746,-95.75923392612818,-96.6850828729282,-1.3671875,非鉄,3,1
57130,2024-08-09,2024-08-09,8.207934336526002,-70.88331515812452,-218.10250817884457,156.16285554935772,-0.46204620462045876,非鉄,4,2
57130,2024-08-13,2024-08-13,-208.60839714813784,29.577843506318757,-34.95563323474005,67.47638326585647,-1.5645371577574951,非鉄,1,0
57130,2024-08-14,2024-08-14,61.088977423637836,21.16402116402183,-10.582010582010914,31.779661016948513,0.9271523178807861,非鉄,2,3
57130,2024-08-15,2024-08-15,227.094753328112,-12.755102040816757,-5.102040816326037,-10.206685378922886,-1.5748031496062964,非鉄,3,4
57130,2024-08-16,2024-08-16,98.11135638950307,0.0,-14.563106796116054,12.150668286756705,-1.2666666666666715,非鉄,4,3
57130,2024-08-19,2024-08-19,42.99020778600449,-247.0308788598574,-133.01662707838503,-115.55127587867142,2.160702228224176,非鉄,0,3
57130,2024-08-20,2024-08-20,-104.33957789898085,-57.41626794258381,-59.80861244019087,4.81463649494529,-0.7270323859881023,非鉄,1,1
57130,2024-08-21,2024-08-21,-14.634146341463428,-12.20703125,39.0625,-51.07003891050566,0.13315579227697327,非鉄,2,2
57130,2024-08-22,2024-08-22,-50.6512301013029,85.22035549062501,2.4348672997320797,82.76533592989298,-1.3962765957446832,非鉄,3,1
57130,2024-08-23,2024-08-23,-145.03263234227683,73.29587099926593,63.52308819936425,7.281553398057472,-0.8091706001348564,非鉄,4,0
57130,2024-08-26,2024-08-26,-28.846153846153744,-9.633911368015502,-4.816955684007196,-7.227174174897488,-1.5635622025832796,非鉄,0,2
57130,2024-08-27,2024-08-27,-94.18014972228939,68.17628439250045,-2.4348672997320797,73.0816077953711,1.4502762430939287,非鉄,1,1
57130,2024-08-28,2024-08-28,-142.16867469879492,41.55463211928723,12.221950623318989,31.746031746031633,-0.5445881552076259,非鉄,2,0
57130,2024-08-29,2024-08-29,39.62357602773636,-46.84418145956659,4.930966469427478,-54.200542005420346,1.4373716632443578,非鉄,3,3
57130,2024-08-30,2024-08-30,59.11330049261032,2.449179524859346,-19.59343619887366,29.469548133596035,2.1592442645074206,非鉄,4,3
57130,2024-09-02,2024-09-02,-28.985507246376272,12.135922330096527,14.563106796117165,-2.423654871546166,,非鉄,0,2
57130,2024-09-03,2024-09-03,-115.7742402315487,-97.79951100244544,-68.45965770171159,-31.99606202313521,1.7833553500660404,非鉄,1,1
57130,2024-09-04,2024-09-04,-36.1290322580643,-170.63081695966932,-46.53567735263708,-122.10963886723825,1.5574302401038187,非鉄,2,2
57130,2024-09-05,2024-09-05,98.45662586482229,-52.78437582475593,-65.98046978094519,13.28374070138194,-0.31948881789137795,非鉄,3,3
57130,2024-09-06,2024-09-06,-164.71838469713117,-59.53991880920162,-24.35723951285551,-35.268583830710966,-1.7948717948717996,非鉄,4,0
57130,2024-09-09,2024-09-09,90.90909090909038,86.73754896474594,22.383883603804833,64.20993858179847,0.32637075718016106,非鉄,0,3
57130,2024-09-10,2024-09-10,-69.32889628397109,-131.2849162011176,-64.24581005586627,-64.67941507311559,-0.8458035133376729,非鉄,1,1
57130,2024-09-11,2024-09-11,-91.9540229885063,-127.49927557229812,-75.34048101999424,-52.55474452554698,0.0,非鉄,2,1
57130,2024-09-12,2024-09-12,22.79851809632305,82.24617129892309,36.868973340895565,45.21051144391164,1.7060367454068137,非鉄,3,2
57130,2024-09-13,2024-09-13,0.0,114.52513966480504,78.21229050279265,36.031042128603644,1.6774193548387162,非鉄,4,2
57130,2024-09-17,2024-09-17,-207.08446866484985,125.10425354462117,0.0,127.91991101223532,0.48750761730651515,非鉄,1,0
57130,2024-09-18,2024-09-18,108.108108108107,-48.064085447262485,-130.84112149532757,83.87445887445777,0.0,非鉄,2,4
57130,2024-09-19,2024-09-19,80.6451612903225,-97.96339262696519,-33.513792214487914,-59.52380952380931,-1.5767131594906059,非鉄,3,3
57130,2024-09-20,2024-09-20,2.5354969574031827,-71.02993404363266,-15.220700152207556,-58.420116840233185,-1.0474430067775709,非鉄,4,2
57130,2024-09-24,2024-09-24,-60.77487971638429,137.68485466598702,158.08261091279974,-20.080321285140812,-0.3026634382566562,非鉄,1,1
57130,2024-09-25,2024-09-25,305.418719211823,-59.80861244019087,-78.94736842105287,19.29105377381335,0.7893139040680008,非鉄,2,4
57130,2024-09-26,2024-09-26,2.4230676035852383,142.58095698405083,-9.666505558241223,152.3947750362842,-0.48192771084337727,非鉄,3,2
57130,2024-09-27,2024-09-27,144.8936667445655,152.28426395939022,48.454083987079514,110.29411764705843,1.0895883777239712,非鉄,4,4
57130,2024-09-30,2024-09-30,-60.04618937644368,-23.250406882120433,-34.87561032318065,14.002333722287208,1.556886227544907,非鉄,0,1
57130,2024-10-01,2024-10-01,41.0490307867728,111.43961792130952,34.11416875142237,79.34708682838298,1.0613207547169878,非鉄,1,3
57130,2024-10-02,2024-10-02,246.80278214045393,56.980056980056034,83.27854481700703,-26.08128667680898,0.7584597432905404,非鉄,2,4
57130,2024-10-03,2024-10-03,-235.91923485653533,-28.37189000436502,-43.64906154517678,15.34414730381517,-0.8685581933989606,非鉄,3,0
57130,2024-10-04,2024-10-04,-28.571428571428914,96.91629955947079,50.660792951542355,48.224462954844505,-0.6425233644859807,非鉄,4,2
57130,2024-10-07,2024-10-07,-202.8181041844579,39.01170351105377,45.51365409622976,-4.315925766076312,0.29394473838917357,非鉄,0,0
57130,2024-10-08,2024-10-08,-405.6664520283326,-89.86744551786163,15.726802965625453,-103.20843616782538,-1.348182883939042,非鉄,1,0
57130,2024-10-09,2024-10-09,-165.87139286525775,140.8775981524246,71.59353348729746,68.79156156844869,0.11883541295305555,非鉄,2,0
57130,2024-10-10,2024-10-10,-22.727272727273153,27.334851936218207,13.667425968109104,11.371389583807456,-0.7121661721068206,非鉄,3,2
57130,2024-10-11,2024-10-11,-67.14413607878278,-81.37432188065064,-6.781193490054127,-76.88828584350938,-0.4184100418409997,非鉄,4,1
57130,2024-10-15,2024-10-15,0.0,-6.8150840527037015,11.358473421172466,-13.62088535754813,-1.5328019619865074,非鉄,1,2
57130,2024-10-16,2024-10-16,79.53216374269046,58.00464037122977,51.04408352668122,9.235742322788454,0.7471980074719831,非鉄,2,3
57130,2024-10-17,2024-10-17,121.8390804597691,-56.85694791903617,-36.38844666818297,-22.82062984938382,0.5562422744128659,非鉄,3,4
57130,2024-10-18,2024-10-18,-179.54545454545445,76.35354002776484,13.882461823229164,64.70996071181068,-0.6760909649661917,非鉄,4,0
57130,2024-10-21,2024-10-21,88.59609268514257,-22.552999548940413,6.765899864682456,-33.79139445821133,1.3613861386138515,非鉄,0,3
57130,2024-10-22,2024-10-22,-159.45330296127545,-25.415896487984703,-23.105360443622658,0.0,1.7094017094017033,非鉄,1,0
57130,2024-10-23,2024-10-23,183.7209302325582,-38.88380603842667,-43.45837145471209,6.893382352941568,0.6002400960384069,非鉄,2,4
57130,2024-10-24,2024-10-24,75.52513570922903,-32.687368666822756,-23.348120476301972,-9.361104610343673,0.5966587112171906,非鉄,3,3
57130,2024-10-25,2024-10-25,0.0,-23.7304224015189,-45.08780256288536,23.84358607534498,-1.3641755634638209,非鉄,4,2
57130,2024-10-28,2024-10-28,147.9713603818622,-7.042253521126751,23.474178403755097,-32.77920861624928,-1.3229104028863459,非鉄,0,4
57130,2024-10-29,2024-10-29,61.162079510703734,-30.409356725146218,-4.678362573099504,-21.072348396160567,0.8531383302864182,非鉄,1,3
57130,2024-10-30,2024-10-30,239.3804271297828,-139.46044810242307,-112.02560585276689,-27.74566473988438,-0.5438066465256797,非鉄,2,4
57130,2024-10-31,2024-10-31,-16.279069767441978,0.0,-9.321836401771089,6.996268656715987,-0.060753341433783525,非鉄,3,2
57130,2024-11-01,2024-11-01,87.65695332859424,7.045561296383784,-7.045561296383784,16.4551010813363,0.8510638297872353,非鉄,4,3
57130,2024-11-05,2024-11-05,137.52913752913764,-98.5108820160363,-9.163802978235935,-87.15596330275189,0.540540540540535,非鉄,1,4
57130,2024-11-06,2024-11-06,4.587155963302614,-79.96344528215627,-89.10212474297464,6.914035492049386,1.9115890083632125,非鉄,2,2
57130,2024-11-07,2024-11-07,25.287356321839205,-16.018306636155224,36.613272311212256,-52.43958048335662,0.4103165298944944,非鉄,3,3
57130,2024-11-08,2024-11-08,-92.38395673726862,-61.37758581495789,-59.10434189588587,-2.2867596615594454,0.7005253940455258,非鉄,4,1
57130,2024-11-11,2024-11-11,-95.06144215163492,69.96268656716431,2.3320895522394025,67.61482863138157,-0.40579710144927894,非鉄,0,1
57130,2024-11-12,2024-11-12,-55.83992554676564,-84.70588235294119,-117.647058823529,30.94501309212072,-0.11641443538998875,非鉄,1,1
57130,2024-11-13,2024-11-13,-189.35516888433978,-49.56952778502499,13.04461257500611,-65.12112529304504,-0.6993006993006978,非鉄,2,0
57130,2024-11-14,2024-11-14,-91.83941222776215,-142.85714285714235,-13.22751322751281,-132.41525423728805,-1.7018779342723,非鉄,3,1
57130,2024-11-15,2024-11-15,-87.88282290279614,-26.860059092129738,0.0,-29.538131041890736,1.2537313432835928,非鉄,4,1
57130,2024-11-18,2024-11-18,237.13284828887015,-50.03950487226794,-10.534632604688454,-39.54653308726574,1.2382075471698117,非鉄,0,4
57130,2024-11-19,2024-11-19,0.0,62.76150627614996,67.99163179916246,-2.5980774227074566,-0.4659289458357585,非鉄,1,2
57130,2024-11-20,2024-11-20,-105.69734467646308,62.516280281323944,13.024225058608785,49.42767950051996,0.702165008777067,非鉄,2,1
57130,2024-11-21,2024-11-21,25.90673575129543,-28.416429863084012,-5.166623611470023,-20.682523267838704,-0.755374782103424,非鉄,3,3
57130,2024-11-22,2024-11-22,77.92207792207684,-110.68211068211097,-61.77606177606209,-49.2100492100489,-0.23419203747072626,非鉄,4,3
57130,2024-11-25,2024-11-25,-111.60134959771639,-42.08311415044741,-36.822724881641065,0.0,-0.17605633802817433,非鉄,0,1
57130,2024-11-26,2024-11-26,40.257648953301306,80.32128514056325,32.12851405622441,48.038430744594685,-1.3521457965902428,非鉄,1,3
57130,2024-11-27,2024-11-27,-130.63183151159728,94.67135515282665,59.50770895320589,34.95563323474116,-1.0727056019070313,非鉄,2,0
57130,2024-11-28,2024-11-28,69.79865771812088,-45.285029302077895,18.646776771444884,-63.81281574049491,,非鉄,3,3
57130,2024-11-29,2024-11-29,-13.487995683841847,40.54054054054124,8.108108108109136,32.40615716986195,1.9879518072289049,非鉄,4,2
57130,2024-12-02,2024-12-02,0.0,78.71878393050923,92.2909880564604,-13.448090371167565,0.4725339633786074,非鉄,0,2
57130,2024-12-03,2024-12-03,45.64983888292184,-13.354700854700807,42.73504273504258,-53.20563979781867,-0.4115226337448541,非鉄,1,3
57130,2024-12-04,2024-12-04,-88.32976445396157,73.05194805194759,56.818181818181216,16.142050040355294,-0.2951593860684776,非鉄,2,1
57130,2024-12-05,2024-12-05,-105.12129380053858,-19.083969465648607,38.167938931297215,-51.63043478260909,0.82889283599763,非鉄,3,1
57130,2024-12-06,2024-12-06,33.066960595204975,-30.22808463863713,-27.48007694421517,0.0,1.2918379330593144,非鉄,4,3
57130,2024-12-09,2024-12-09,79.80187121628957,-43.7277944793657,8.198961464880306,-49.16689429117716,0.521739130434784,非鉄,0,3
57130,2024-12-10,2024-12-10,55.452865064695715,-107.78128286014766,-70.97791798107211,-39.703546850184956,1.6147635524798254,非鉄,1,3
57130,2024-12-11,2024-12-11,-101.76754151044464,16.21621621621605,-27.02702702702675,40.6393931183957,-0.2270147559591429,非鉄,2,1
57130,2024-12-12,2024-12-12,125.33333333333286,-39.47368421052588,-28.947368421052833,-10.556875164950963,-1.5358361774744034,非鉄,3,4
57130,2024-12-13,2024-12-13,-118.4706515885836,-13.612850530900777,21.780560849442576,-32.608695652174276,-0.17331022530329143,非鉄,4,0
57130,2024-12-16,2024-12-16,-104.68319559228667,-114.17432470064104,-47.34057365636368,-67.1516508114156,3.009259259259256,非鉄,0,1
57130,2024-12-17,2024-12-17,-81.73618940248039,-5.6866647711117935,34.11998862667076,-36.84807256235878,-0.3370786516853963,非鉄,1,1
57130,2024-12-18,2024-12-18,51.35520684736106,-56.818181818182325,-11.36363636363602,-45.50625711035261,-1.3528748590755368,非鉄,2,3
57130,2024-12-19,2024-12-19,0.0,-37.59398496240629,11.567379988433046,-49.10456383593331,0.6857142857142895,非鉄,3,2
57130,2024-12-20,2024-12-20,-14.409221902017544,-66.26332469029106,-74.90636704119868,5.803830528148257,1.2485811577752637,非鉄,4,2
57130,2024-12-23,2024-12-23,20.260492040520273,66.41640196361598,14.438348252960864,46.10951008645614,0.39237668161435924,非鉄,0,2
57130,2024-12-24,2024-12-24,51.843317972350974,2.868617326448053,14.343086632242485,-11.458034947006146,0.16750418760469454,非鉄,1,3
57130,2024-12-25,2024-12-25,-108.72675250357622,118.77172653534274,72.42178447276926,46.01668104687873,,非鉄,2,1
57130,2024-12-26,2024-12-26,5.709391949757503,45.64907275320884,17.118402282454426,28.4819139846193,1.17056856187292,非鉄,3,2
57130,2024-12-27,2024-12-27,135.09710104137264,8.321775312065682,0.0,5.546311702717688,0.0,非鉄,4,4
57130,2024-12-30,2024-12-30,74.83370288248415,-38.55687138529351,-55.08124483613375,19.390581717451116,-0.22038567493113392,非鉄,0,3
57130,2025-01-06,2025-01-06,-90.93414163681479,33.46346904629094,25.097601784718204,5.561735261401246,1.2749445676274895,非鉄,0,1
57130,2025-01-07,2025-01-07,-107.17230008243983,66.74082313681939,61.17908787541815,5.527915975678255,0.21893814997262506,非鉄,1,1
57130,2025-01-08,2025-01-08,-71.11597374179435,-49.54582989265099,-13.762730525735956,-35.832414553472745,-0.8192244675040983,非鉄,2,1
57130,2025-01-09,2025-01-09,-83.10249307479256,44.94382022471876,-19.662921348314597,61.902082160945056,0.6057268722466924,非鉄,3,1
57130,2025-01-10,2025-01-10,-44.63040446304078,-5.614823133071045,-8.422234699606568,2.809778027534904,3.1198686371100237,非鉄,4,1
57130,2025-01-14,2025-01-14,98.03921568627416,-72.1620871495976,-99.91673605328933,28.034763106252747,-0.26274303730950965,非鉄,1,3
57130,2025-01-15,2025-01-15,-52.954292084727015,25.238362310713303,-16.82557487380776,39.31479921370329,0.8956796628029506,非鉄,2,1
57130,2025-01-16,2025-01-16,-22.402688322599175,-2.8003360403250355,-39.20470456454828,33.72681281618828,-0.8877284595300239,非鉄,3,2
57130,2025-01-17,2025-01-17,14.160294534126816,164.07355021216486,96.18104667609595,67.2457270944249,2.16016859852477,非鉄,4,2
57130,2025-01-20,2025-01-20,44.518642181412545,24.937655860348684,-11.083402604599168,30.496257277516925,,非鉄,0,3
57130,2025-01-21,2025-01-21,11.034482758620623,8.27357970215159,-22.062879205736465,27.631942525558895,0.979886539453334,非鉄,1,2
57130,2025-01-22,2025-01-22,351.85702317788395,-43.19654427645814,-53.99568034557212,8.141112618724744,-1.0725229826353377,非鉄,2,4
57130,2025-01-23,2025-01-23,-85.0947021685422,13.831258644536604,13.831258644536604,2.7631942525552233,1.032524522457412,非鉄,3,1
57130,2025-01-24,2025-01-24,43.91984628053791,-79.19169852539598,-49.1534680502459,-30.186608122941827,-0.7153806847215116,非鉄,4,3
57130,2025-01-27,2025-01-27,-16.41137855579844,-35.60668310052084,30.12873185428644,-62.82436492761501,-0.7205352547606791,非鉄,0,2
57130,2025-01-28,2025-01-28,11.188811188811432,-58.5774058577404,-75.31380753138083,14.04889013767896,0.6220839813374734,非鉄,1,2
57130,2025-01-29,2025-01-29,-30.454042081948796,-8.333333333333526,30.55555555555589,-41.528239202658355,2.266872746007209,非鉄,2,2
57130,2025-01-30,2025-01-30,-107.79436152570487,16.773832820800028,36.34330444506561,-19.49860724233976,-1.2594458438287104,非鉄,3,1
57130,2025-01-31,2025-01-31,-118.98173768677411,27.948574622693734,-8.38457238680812,39.17179630665846,-1.479591836734695,非鉄,4,0
57130,2025-02-03,2025-02-03,-87.91832104367514,11.461318051575464,8.595988538682153,0.0,1.0875194199896354,非鉄,0,1
57130,2025-02-04,2025-02-04,48.19960306209347,-132.65594129268976,-11.28986734405868,-121.50324950551017,1.2295081967213184,非鉄,1,3
57130,2025-02-05,2025-02-05,33.86004514672747,-22.503516174402492,-50.63291139240533,31.108597285067763,-0.15182186234817818,非鉄,2,3
57130,2025-02-06,2025-02-06,-69.77393245883312,8.412787436904434,25.238362310713303,-13.98992725237802,0.4561581348200727,非鉄,3,1
57130,2025-02-07,2025-02-07,22.30897936419396,61.12809113642648,16.67129758266217,44.38280166435548,-1.6145307769929396,非鉄,4,2
57130,2025-02-10,2025-02-10,-68.6436024162551,-13.774104683195176,-8.264462809917106,-8.269018743108925,0.8717948717948731,非鉄,0,1
57130,2025-02-12,2025-02-12,-258.43307943416715,-55.928411633109356,-97.87472035794221,42.36091499576489,1.499482936918306,非鉄,2,0
57130,2025-02-13,2025-02-13,162.31884057970936,-17.113519680547196,34.22703936109439,-51.165434906196296,0.5094243504839557,非鉄,3,4
57130,2025-02-14,2025-02-14,-148.45938375350087,-156.69515669515687,-108.26210826210824,-51.82839044054144,0.6588950836289964,非鉄,4,0
57130,2025-02-17,2025-02-17,147.31369150779994,-65.48974943052399,25.626423690205957,-93.69676320272524,,非鉄,0,4
57130,2025-02-18,2025-02-18,-129.68299711815567,96.26604434072262,46.67444574095736,46.4441219158207,1.1077542799597273,非鉄,1,0
57130,2025-02-19,2025-02-19,-67.25146198830356,38.269060936120255,17.662643508977727,20.570085218925005,-0.8466135458167323,非鉄,2,1
57130,2025-02-20,2025-02-20,-46.96213677722327,8.844339622642305,0.0,11.795930404010502,-0.050226017076848706,非鉄,3,1
57130,2025-02-21,2025-02-21,29.62085308056972,-62.09343583678306,-50.266114725014965,-11.887072808320909,-1.4070351758794009,非鉄,4,3
57130,2025-02-25,2025-02-25,106.35065329686944,39.09774436090308,6.015037593984918,39.09774436090308,-0.46607975142413105,非鉄,1,4
57130,2025-02-26,2025-02-26,-48.323769254001725,78.64488808227543,-6.04960677555999,84.74576271186419,-0.3121748178980255,非鉄,2,1
57130,2025-02-27,2025-02-27,116.69658886894085,-2.9594554601952705,-29.594554601952705,26.71415850400649,-3.131524008350728,非鉄,3,4
57130,2025-02-28,2025-02-28,-123.3453670276774,33.55704697986628,12.202562538132788,24.382810118865894,-2.370689655172409,非鉄,4,0
57130,2025-03-03,2025-03-03,-30.50640634533197,-3.058103975535076,27.522935779815683,-30.49710277523654,-2.759381898454749,非鉄,0,2
57130,2025-03-04,2025-03-04,-195.16728624535352,-3.1595576619269927,-15.797788309637184,12.658227848101333,-0.7945516458569779,非鉄,1,0
57130,2025-03-05,2025-03-05,31.725888324873885,6.2992125984262515,9.448818897637157,-3.146633102579788,0.97254004576659,非鉄,2,3
57130,2025-03-06,2025-03-06,55.86592178770999,-58.71446229913424,9.270704573547395,-67.92219820932365,1.8130311614730887,非鉄,3,3
57130,2025-03-07,2025-03-07,31.397174254317317,59.635907093533724,-3.138731952291307,62.794348508634634,1.3912075681691727,非鉄,4,3
57130,2025-03-10,2025-03-10,-80.4953560371513,31.201248049921304,18.72074882995234,15.576323987538387,0.5488474204171201,非鉄,0,1
57130,2025-03-11,2025-03-11,-67.09265175718903,-16.072002571519974,-22.500803600128407,6.443298969072142,0.4366812227074135,非鉄,1,1
57130,2025-03-12,2025-03-12,3.1969309462920315,41.56010230178975,35.1662404092079,3.1847133757967327,-2.336956521739131,非鉄,2,2
57130,2025-03-13,2025-03-13,3.1725888324873885,-139.90461049284585,-47.69475357710662,-89.48545861297563,1.2799109627156469,非鉄,3,2
57130,2025-03-14,2025-03-14,165.3160453808744,473.7678855325922,263.9109697933217,207.62317942361275,-2.5824175824175843,非鉄,4,4
57130,2025-03-17,2025-03-17,27.165710836101198,-33.033033033033064,27.02702702702675,-59.89817310572021,3.891708967851093,非鉄,0,3
57130,2025-03-18,2025-03-18,138.7249114521838,49.476135040744666,61.11757857974354,-5.788712011577379,-0.5971769815418027,非鉄,1,4
57130,2025-03-19,2025-03-19,34.17829678154405,-62.58890469416745,-71.12375533428138,8.595988538682153,0.928454396504641,非鉄,2,3
57130,2025-03-21,2025-03-21,115.30700490054669,-82.7389443651927,-77.03281027104158,-8.623167576889967,-1.0154997327632254,非鉄,4,4
57130,2025-03-24,2025-03-24,-77.80979827089362,11.59420289855051,14.492753623187582,-2.894356005789245,0.3239740820734305,非鉄,0,1
57130,2025-03-25,2025-03-25,-2.8785261945885043,57.60368663594528,-14.400921658985766,75.0144258511254,-1.2917115177610294,非鉄,1,2
57130,2025-03-26,2025-03-26,136.68061366806094,131.68724279835286,82.30452674897082,48.97959183673528,-1.526717557251911,非鉄,2,4
57130,2025-03-27,2025-03-27,-121.71507607192211,53.07262569832494,41.899441340782495,11.126564673156203,-0.33222591362126463,非鉄,3,0
57130,2025-03-28,2025-03-28,-262.4153498871329,-14.48016217781678,-34.75238922675983,20.342923568730242,0.6666666666666599,非鉄,4,0
57130,2025-03-31,2025-03-31,-185.07462686567112,-106.48007301490736,-51.71889260724094,-55.045871559632474,1.0485651214128033,非鉄,0,0
57130,2025-04-01,2025-04-01,-117.10323574730342,-40.56162246489858,-49.921996879874754,6.269592476488839,0.5461496450027248,非鉄,1,0
57130,2025-04-02,2025-04-02,-87.22741433021764,-74.99999999999952,18.75000000000071,-96.66354848768322,-0.5975013579576305,非鉄,2,1
57130,2025-04-03,2025-04-03,171.94875252865893,-59.44517833553542,-23.11756935270859,-36.41178417742474,0.21857923497268228,非鉄,3,4
57130,2025-04-04,2025-04-04,-279.31034482758577,-78.02801915233192,-187.9765915942544,108.40108401084069,0.4362050163576825,非鉄,4,0
57130,2025-04-07,2025-04-07,-72.58064516128981,-158.40779853777408,-160.4386677497971,2.0639834881319707,0.8686210640608039,非鉄,0,1
57130,2025-04-08,2025-04-08,152.39197530864112,-155.8935361216729,-209.12547528517123,54.3689320388352,0.9687836383207804,非鉄,1,4
57130,2025-04-09,2025-04-09,-32.15434083601254,-172.76422764227695,-337.3983739837394,168.24395373291168,0.9594882729211163,非鉄,2,2
57130,2025-04-10,2025-04-10,-390.8620381938244,48.35410079970348,83.6897898456379,-36.87995574405356,1.9007391763463666,非鉄,3,0
57130,2025-04-11,2025-04-11,245.99765716516896,219.5306585919754,24.602573807721573,192.52548131370338,1.4507772020725396,非鉄,4,4
57130,2025-04-14,2025-04-14,75.82596136486819,107.46910263299326,102.09564750134348,3.5454706612303433,-1.0725229826353377,非鉄,0,3
57130,2025-04-15,2025-04-15,-34.8432055749126,-106.401534972963,-57.56148613291434,-50.868268724785224,-0.722767165720184,非鉄,1,2
57130,2025-04-16,2025-04-16,-77.05779334500895,-130.6266548984991,-8.826125330979595,-120.1625728927369,0.6240249609984483,非鉄,2,1
57130,2025-04-17,2025-04-17,124.56747404844259,13.605442176871652,17.00680272108901,-3.3955857385403743,-0.2583979328165342,非鉄,3,4
57130,2025-04-18,2025-04-18,102.57272574407227,106.17120106171107,155.93895155938898,-45.75163398692794,,非鉄,4,4
57130,2025-04-21,2025-04-21,-59.58291956305817,158.51827131653673,61.738695144335495,96.18573797678165,-0.10362694300518616,非鉄,0,1
57130,2025-04-22,2025-04-22,269.559500328731,92.09272785011046,47.63416957764388,47.42333227948148,-1.4522821576763434,非鉄,1,4
57130,2025-04-23,2025-04-23,-187.6923076923076,-112.85266457680243,-34.48275862068972,-75.519194461926,-0.6315789473684164,非鉄,2,0
57130,2025-04-24,2025-04-24,176.21145374449253,-238.9819987585351,-111.73184357541888,-128.68801004394248,1.0063559322033955,非鉄,3,4
57130,2025-04-25,2025-04-25,6.23635796694666,28.002489110143802,12.44555071561848,18.65091700341992,0.10487676979549221,非鉄,4,2
57130,2025-04-28,2025-04-28,-46.641791044775836,62.59780907668322,12.5195618153362,50.01562988433905,-0.41906757464641453,非鉄,0,1
57130,2025-04-30,2025-04-30,-174.15215398716822,24.999999999999467,-50.00000000000004,75.37688442211143,1.2466124661246525,非鉄,2,0
57130,2025-05-01,2025-05-01,70.26509102523227,-113.92405063291089,-18.987341772152,-98.25673534072932,-0.6959314775160652,非鉄,3,3
57130,2025-05-02,2025-05-02,-60.56742110296498,32.15434083601254,80.38585209003246,-44.671346522016094,-0.6469002695417836,非鉄,4,1
57130,2025-05-07,2025-05-07,-93.86733416770987,-53.627760252366045,-22.0820189274451,-31.61555485298728,-1.3392857142857095,非鉄,2,1
57130,2025-05-08,2025-05-08,122.81835811247532,9.56327701625792,-6.375518010838244,12.755102040815647,-0.39592760180995334,非鉄,3,4
57130,2025-05-09,2025-05-09,-118.45386533665847,-78.93905904641562,15.78781180928246,-91.45380006307158,0.5110732538330387,非鉄,4,0
57130,2025-05-12,2025-05-12,-117.05156596013899,221.86495176848896,77.17041800643143,143.58647096362586,-0.5649717514124242,非鉄,0,0
57130,2025-05-13,2025-05-13,67.6923076923086,48.899755501221605,58.0684596577008,-9.115770282588365,-1.2499999999999956,非鉄,1,3
57130,2025-05-14,2025-05-14,-122.06286237412267,219.88231650665878,83.61721895323582,135.13513513513598,0.9205983889528202,非鉄,2,0
57130,2025-05-15,2025-05-15,116.09664261060581,40.460628695921926,68.47183317771454,-27.82071097372496,2.2234891676168766,非鉄,3,4
57130,2025-05-16,2025-05-16,119.12225705329237,-6.182380216382954,18.547140649149974,-24.683739586547347,-1.171221416620194,非鉄,4,4
57130,2025-05-19,2025-05-19,-31.00775193798477,-161.84251478369106,40.460628695921926,-201.48791072535644,0.9029345372460584,非鉄,0,2
57130,2025-05-20,2025-05-20,-501.4925373134327,-116.06022584692566,-78.41907151819316,-37.93866582358474,1.6778523489932917,非鉄,1,0
57130,2025-05-21,2025-05-21,-34.37499999999982,168.74999999999974,37.499999999999204,133.9146683276238,1.2101210121012063,非鉄,2,2
57130,2025-05-22,2025-05-22,187.2421453506834,28.019925280198255,12.453300124533051,18.662519440124647,0.5978260869565322,非鉄,3,4
57130,2025-05-23,2025-05-23,95.9752321981422,-6.12557427258853,-3.062787136294265,0.0,-0.8103727714748765,非鉄,4,3
57130,2025-05-26,2025-05-26,90.90909090909038,81.12980769230838,21.033653846154188,62.98740251949653,,非鉄,0,3
57130,2025-05-27,2025-05-27,44.41812259401878,47.11425206124886,-70.6713780918733,121.62563037674268,-0.16339869281045694,非鉄,1,3
57130,2025-05-28,2025-05-28,-128.66546977857607,-57.52346351801441,-30.27550711474425,-30.358227079538835,-1.6366612111292977,非鉄,2,0
57130,2025-05-29,2025-05-29,179.76843388177954,-23.923444976076127,-50.837320574163016,30.066145520144527,-0.8319467554076532,非鉄,3,4
57130,2025-05-30,2025-05-30,54.08653846153744,-26.905829596413078,-20.926756352764862,-2.9967036260114543,-0.7829977628635354,非鉄,4,3
57130,2025-06-02,2025-06-02,-149.25373134328402,108.29207920792116,58.78712871287162,52.3076923076915,-1.183765501691092,非鉄,0,0
57130,2025-06-03,2025-06-03,75.8265089475274,-9.027986758952666,-42.13060487511244,30.211480362538623,0.0,非鉄,1,3
57130,2025-06-04,2025-06-04,65.6520441659203,-26.72209026128303,0.0,-26.72209026128303,-0.057045065601823985,非鉄,2,3
57130,2025-06-05,2025-06-05,81.44796380090469,29.94908655286066,-44.92362982928988,72.18045112781901,0.05707762557076723,非鉄,3,3
57130,2025-06-06,2025-06-06,161.67664670658777,-73.63770250368162,-94.25625920471248,20.814748736246447,0.855675984027382,非鉄,4,4
57130,2025-06-09,2025-06-09,-67.86662732369386,-26.706231454005636,-29.673590504450953,2.976190476191576,-2.0361990950226283,非鉄,0,1
57130,2025-06-10,2025-06-10,-38.04506877377767,-123.78426171529622,-23.577954612437058,-103.36680448907232,1.385681293302543,非鉄,1,2
57130,2025-06-11,2025-06-11,-29.877502240812646,108.30324909747225,36.10108303249149,68.92418339826234,-0.5694760820045608,非鉄,2,2
57130,2025-06-12,2025-06-12,-38.678964593871214,-14.925373134327957,23.88059701492473,-38.713519952352506,0.45819014891179677,非鉄,3,2
57130,2025-06-13,2025-06-13,-89.49880668257748,27.018913239267306,27.018913239267306,0.0,1.425313568985187,非鉄,4,1
57130,2025-06-16,2025-06-16,161.76470588235236,-236.72055427251703,-178.98383371824477,-61.7102556567739,-2.360876897133224,非鉄,0,4
57130,2025-06-17,2025-06-17,58.80623346074643,11.689070718878813,-2.9222676797191482,17.54385964912286,-0.8059873344847479,非鉄,1,3
57130,2025-06-18,2025-06-18,-81.41901715615019,73.16359379572646,2.9265437518288806,70.2165008777067,0.4643064422518828,非鉄,2,1
57130,2025-06-19,2025-06-19,-154.11456818842706,-70.7964601769917,-64.89675516224148,-5.9382422802845,,非鉄,3,0
57130,2025-06-20,2025-06-20,17.662643508977727,-64.82027106658794,-23.571007660577735,-38.404726735598025,-0.8665511265164683,非鉄,4,2
57130,2025-06-23,2025-06-23,-71.3860797144561,-32.90457672749048,11.965300628178355,-47.78972520907976,-2.447552447552448,非鉄,0,1
57130,2025-06-24,2025-06-24,-103.58094110683669,-23.916292974588416,-29.89536621823663,5.997001499249421,-0.8363201911589013,非鉄,1,1
57130,2025-06-25,2025-06-25,-157.9261025029799,57.506053268765456,69.61259079903081,-9.019843656042914,-1.0843373493975905,非鉄,2,0
57130,2025-06-26,2025-06-26,99.24812030075225,0.0,-5.947071067499143,5.950609937519502,-0.3654080389768555,非鉄,3,4
57130,2025-06-27,2025-06-27,257.142857142858,39.05160390516027,55.78800557880071,-16.643550624133585,2.0782396088019572,非鉄,4,4
57130,2025-06-30,2025-06-30,-11.173184357542443,-19.60235228227414,14.001680201625177,-33.55704697986628,0.8383233532934131,非鉄,0,2
57130,2025-07-01,2025-07-01,-53.8243626062318,39.97715591090856,37.121644774413824,0.0,-0.23752969121140222,非鉄,1,1
57130,2025-07-02,2025-07-02,128.38801711840154,104.04949381327411,56.242969628796935,44.73022085546452,2.440476190476182,非鉄,2,4
57130,2025-07-03,2025-07-03,221.60664819944608,51.53241117439755,-70.51803634391062,122.91723572794399,0.6391632771644451,非鉄,3,4
57130,2025-07-04,2025-07-04,-204.3596730245234,41.806020066890156,30.65774804905219,13.896609227348478,,非鉄,4,0
57130,2025-07-07,2025-07-07,-47.55244755244803,-109.33557611438216,-19.62433417437626,-87.10311885361088,-2.944572748267893,非鉄,0,1
57130,2025-07-08,2025-07-08,155.93989225971106,100.5025125628145,44.66778336124966,55.58643690939391,-1.903628792385481,非鉄,1,4
57130,2025-07-09,2025-07-09,-354.7251556999731,44.893378226711356,101.01010101010166,-55.55555555555536,0.363856882959368,非鉄,2,0
57130,2025-07-10,2025-07-10,-237.29759910664393,2.8669724770646887,-34.403669724770715,34.512510785160714,-1.3293051359516639,非鉄,3,0
57130,2025-07-11,2025-07-11,96.04519774011334,-25.174825174825166,-19.580419580419452,-2.8034763106254967,0.3674219228414044,非鉄,4,3
57130,2025-07-14,2025-07-14,-2.832861189802083,-88.06818181818166,-31.250000000000444,-56.99629524080984,0.7321537522879895,非鉄,0,2
57130,2025-07-15,2025-07-15,-48.878665899942945,-31.828703703703496,-26.041666666666295,-5.802146794313678,-2.9073288915808626,非鉄,1,1
57130,2025-07-16,2025-07-16,-37.845705967977096,23.39181286549641,64.3274853801179,-43.566656985187805,1.3724266999376233,非鉄,2,2
57130,2025-07-17,2025-07-17,-58.77167205406985,50.191910245054316,35.42958370239102,11.764705882353343,-1.1076923076923095,非鉄,3,1
57130,2025-07-18,2025-07-18,55.70214013485675,-43.680838672102155,-11.648223645893685,-32.069970845480796,1.8046048537647685,非鉄,4,3
57130,2025-07-22,2025-07-22,126.40045963803415,36.879432624112866,-59.57446808510625,97.03196347031984,-1.2376237623762387,非鉄,1,4
57130,2025-07-23,2025-07-23,70.16559079427553,-72.30255839822064,-69.52169076752001,2.8019052956018697,0.0,非鉄,2,3
57130,2025-07-24,2025-07-24,69.46373992775756,-5.5172413793103114,33.103448275861865,-38.49326367885597,0.6892230576441172,非鉄,3,3
57130,2025-07-25,2025-07-25,-128.56344326439338,-53.73303167420795,-28.28054298642524,-25.524673851389235,-0.5600497822028649,非鉄,4,0
57130,2025-07-28,2025-07-28,-2.850627137970241,-56.98005698005715,-88.31908831908875,28.735632183907178,-1.689612015018771,非鉄,0,2
57130,2025-07-29,2025-07-29,-63.76811594202891,55.55555555555536,40.93567251461927,14.560279557367384,-0.8911521323997418,非鉄,1,1
57130,2025-07-30,2025-07-30,43.731778425655236,81.3953488372099,34.88372093023217,46.349942062573476,0.6422607578676853,非鉄,2,3
57130,2025-07-31,2025-07-31,86.87837028160672,-5.941770647652778,-35.650623885917774,32.80644199224581,0.574345883854499,非鉄,3,3
57130,2025-08-01,2025-08-01,-52.60081823495022,-52.910052910053466,-26.455026455026733,-26.525198938992524,-1.07868020304569,非鉄,4,1
57130,2025-08-04,2025-08-04,178.0415430267057,43.79562043795637,-32.11678832116816,79.10928801640793,-0.7055805003207238,非鉄,0,4
57130,2025-08-05,2025-08-05,188.5697708152012,-36.973833902161914,11.376564277587597,-48.29545454545503,-1.6149870801033583,非鉄,1,4
57130,2025-08-06,2025-08-06,108.26210826210936,5.633802816902289,5.633802816902289,0.0,-0.13131976362442677,非鉄,2,4
57130,2025-08-07,2025-08-07,39.325842696629195,179.1211866778619,-19.591379792891495,193.38565022421594,1.183431952662728,非鉄,3,3
57130,2025-08-08,2025-08-08,-49.046321525885176,-32.85870755750264,0.0,-32.85870755750264,-0.3898635477582846,非鉄,4,1
57130,2025-08-12,2025-08-12,49.65517241379391,8.219178082191636,57.534246575341456,-51.74291938997766,-3.57142857142857,非鉄,1,3
57130,2025-08-13,2025-08-13,-32.4324324324321,-186.991869918699,-113.82113821138185,-74.01315789473672,0.40404040404040664,非鉄,2,2
57130,2025-08-14,2025-08-14,11.071132023250385,-88.49557522123908,-82.9646017699115,-2.789400278939702,1.0731052984574108,非鉄,3,2
57130,2025-08-15,2025-08-15,291.7251051893399,35.422343324251756,-13.623978201634523,49.11323328785855,1.9907100199070937,非鉄,4,4
57130,2025-08-18,2025-08-18,87.76595744680816,13.182177695756359,-15.818613234905854,29.046738843412356,-0.3253090435914152,非鉄,0,3
57130,2025-08-19,2025-08-19,2.654632333420892,-42.39533651298366,10.598834128245915,-52.93806246691402,-0.9791122715404721,非鉄,1,2
57130,2025-08-20,2025-08-20,50.96566523605128,-58.66666666666687,-56.0000000000005,0.0,0.19775873434411118,非鉄,2,3
57130,2025-08-21,2025-08-21,37.33333333333366,-58.448459086078984,-15.940488841658107,-42.575838211814656,2.1710526315789513,非鉄,3,3
57130,2025-08-22,2025-08-22,-23.815824292140462,-18.582426333952906,-31.855588001061808,13.315579227697327,0.0,非鉄,4,2
57130,2025-08-25,2025-08-25,193.44854268764422,79.20286152273803,28.104241185487044,50.95541401273884,0.3219575016097931,非鉄,0,4
57130,2025-08-26,2025-08-26,-5.065856129685686,55.696202531645426,88.60759493670933,-35.1229302558953,-0.6418485237484006,非鉄,1,2
57130,2025-08-27,2025-08-27,78.2038345105951,30.04506760140302,-17.52628943415102,47.65487835465265,-1.0981912144702788,非鉄,2,3
57130,2025-08-28,2025-08-28,60.42296072507503,97.49999999999926,92.4999999999998,2.4764735017335227,1.1757021554539504,非鉄,3,3
57130,2025-08-29,2025-08-29,-71.07843137254876,-83.86778490379831,-32.067094227923306,-51.96733481811378,2.840542285345382,非鉄,4,1
57130,2025-09-01,2025-09-01,-126.39405204460941,62.89308176100627,22.641509433962703,37.641154328733606,,非鉄,0,0
57130,2025-09-02,2025-09-02,245.04950495049417,0.0,-28.96451846488013,26.621490803484527,1.381042059008153,非鉄,1,4
57130,2025-09-03,2025-09-03,144.72123368920452,-300.76941011890847,-142.2242947073915,-158.50484977525392,-1.3622291021671784,非鉄,2,4
57130,2025-09-04,2025-09-04,150.71770334928124,-155.07518796992525,-136.27819548872156,-23.809523809523725,0.5021971123666091,非鉄,3,4
57130,2025-09-05,2025-09-05,-35.65486094604275,-54.72281703545079,-71.3775874375444,16.774502755811938,-0.7495315427857641,非鉄,4,2
57130,2025-09-08,2025-09-08,-14.07789770060952,16.47058823529335,-47.058823529412265,63.82978723404209,1.636249213341734,非鉄,0,2
57130,2025-09-09,2025-09-09,-153.59553176634844,-7.092198581559739,-7.092198581559739,-2.365184484389715,-0.6811145510835948,非鉄,1,0
57130,2025-09-10,2025-09-10,69.54436450839374,-21.38275124732747,-57.02066999287214,38.24091778202643,-0.5610972568578565,非鉄,2,3
57130,2025-09-11,2025-09-11,245.0630502022366,-20.905923344948228,-74.33217189314777,49.122807017543124,-0.4388714733542298,非鉄,3,4
57130,2025-09-12,2025-09-12,-39.053526303698405,-20.766035994462804,34.61005999077172,-55.18510002299415,0.37783375314861534,非鉄,4,2
57130,2025-09-16,2025-09-16,-29.8165137614681,107.69935838680134,18.331805682860747,89.20402561756634,1.2389380530973382,非鉄,1,2
57130,2025-09-17,2025-09-17,-121.40287769784153,-136.54984069185306,-86.48156577150678,-52.78861602019735,-0.4662004662004615,非鉄,2,0
57130,2025-09-18,2025-09-18,48.44290657439521,-128.49931161083018,-68.83891693437394,-60.0739371534198,-0.5854800936768156,非鉄,3,3
57130,2025-09-19,2025-09-19,-208.28511918537407,-182.3780198957836,-146.84983420179987,-33.66193796585759,-0.05889281507656108,非鉄,4,0
57130,2025-09-22,2025-09-22,33.27787021630613,80.54963278843807,54.48945747453138,28.281876031110986,-0.5892751915144379,非鉄,0,3
57130,2025-09-24,2025-09-24,-141.2691060676241,175.8911819887432,42.21388367729784,130.7494746672888,-0.41103934233704953,非鉄,2,0
57130,2025-09-25,2025-09-25,365.7193214364396,182.51273344652043,210.10186757215666,-27.021409270422403,0.1768867924528239,非鉄,3,4
57130,2025-09-26,2025-09-26,-176.10062893081758,-4.274417610600212,-12.823252831801746,8.559811684143437,-0.7651559741024161,非鉄,4,0
57130,2025-09-29,2025-09-29,210.30042918454893,-94.33962264150941,-18.867924528301884,-77.69844603107923,0.0,非鉄,0,4
57130,2025-09-30,2025-09-30,-35.41666666666665,-45.9482038429404,-98.16207184628279,50.61155630535552,-1.3048635824436494,非鉄,1,2
57130,2025-10-01,2025-10-01,-182.69634607307904,8.561643835616195,64.21232876712368,-53.180174430972336,0.5408653846153744,非鉄,2,0
57130,2025-10-02,2025-10-02,-26.6229776776572,127.25779967159178,227.83251231527134,-94.35856253764308,0.7172743574417106,非鉄,3,2
57130,2025-10-03,2025-10-03,47.442244224422666,34.76482617586818,16.359918200408163,18.374846876276774,-0.4154302670623111,非鉄,4,3
57130,2025-10-06,2025-10-06,-75.65200079633682,-28.06736166800272,-36.086607858861754,6.0350030175015945,0.5363528009535212,非鉄,0,1
57130,2025-10-07,2025-10-07,-47.96163069544335,-232.83821758329992,-16.057808109193328,-219.0954773869347,-0.5927682276229973,非鉄,1,1
57130,2025-10-08,2025-10-08,-66.97787700426173,484.5634839501134,44.98057656920906,437.6144921636471,0.655933214072757,非鉄,2,1
57130,2025-10-09,2025-10-09,-21.068760773798047,78.6495300211021,19.182812200269073,55.502392344497494,-0.8293838862559189,非鉄,3,2
57130,2025-10-10,2025-10-10,-281.2018489984591,-94.89916963226541,-3.954132068011429,-89.02077151335286,-1.194743130227005,非鉄,4,0
57130,2025-10-14,2025-10-14,215.68627450980316,-184.6153846153842,-184.6153846153842,-1.9588638589618235,0.6699147381242332,非鉄,1,4
57130,2025-10-15,2025-10-15,53.24206122837127,-52.86010949594133,-84.9537474041906,34.279184917158645,0.9679370840895318,非鉄,2,3
57130,2025-10-16,2025-10-16,-55.94927265945571,-22.480329711502822,-56.200824278755945,33.911077618689056,1.1384062312762122,非鉄,3,1
57130,2025-10-17,2025-10-17,228.25881909073865,34.93931592497334,-11.033468186832929,46.023564064801015,0.23696682464455776,非鉄,4,4
57130,2025-10-20,2025-10-20,15.094339622641062,32.01506591337111,-11.29943502824804,47.15201810637559,0.23640661938533203,非鉄,0,2
57130,2025-10-21,2025-10-21,-5.57724484104849,-121.04283054003685,-72.62569832402255,-48.7713374601384,-1.0023584905660354,非鉄,1,2
57130,2025-10-22,2025-10-22,-180.0910350286955,-42.372881355932094,-74.65698143664268,30.487804878047697,0.9529481834425146,非鉄,2,0
57130,2025-10-23,2025-10-23,175.89971694298436,133.20079522862738,97.41550695824941,33.464566929133355,0.943952802359882,非鉄,3,4
57130,2025-10-24,2025-10-24,-81.56923674499939,19.580967299783758,33.28764440963417,-15.60975609756099,-0.8766803039158333,非鉄,4,1
57130,2025-10-27,2025-10-27,7.739938080495445,54.15860735009659,15.47388781431236,40.56403322387547,0.9433962264151052,非鉄,0,2
57130,2025-10-28,2025-10-28,-149.31237721021563,-171.6566866267466,-73.85229540918137,-96.54062751407899,0.8761682242990565,非鉄,1,0
57130,2025-10-29,2025-10-29,-64.29576049829188,8.120178643931109,30.45066991473888,-22.262699858328627,0.6369426751592355,非鉄,2,1
57130,2025-10-30,2025-10-30,93.75623379213937,49.358341559724295,-27.640671273445605,81.20419885125685,-1.1507479861910253,非鉄,3,3
57130,2025-10-31,2025-10-31,-115.50509005481602,65.32066508313505,27.711797307996555,39.486673247779436,0.34924330616996624,非鉄,4,1
57130,2025-11-04,2025-11-04,-3.9424403705889954,-229.0679304897314,-152.05371248025236,-82.18079775506149,-0.9200690051753835,非鉄,1,2
57130,2025-11-05,2025-11-05,-459.7938144329894,405.1724137931045,269.396551724137,130.08812421317683,0.9866511897852481,非鉄,2,0
57130,2025-11-06,2025-11-06,102.69049086054638,18.218623481780494,74.89878542510154,-54.2604501607713,-1.4367816091954033,非鉄,3,4
57130,2025-11-07,2025-11-07,-116.80327868852424,180.27351844177363,0.0,178.1644914025282,-0.4664723032069995,非鉄,4,1
57130,2025-11-10,2025-11-10,-7.920792079207928,-55.39070227497555,37.58654797230365,-92.62908947575865,0.5858230814294041,非鉄,0,2
57130,2025-11-11,2025-11-11,-138.4767556874378,8.024072216650247,0.0,6.0168471720811745,0.6406523005241693,非鉄,1,0
57130,2025-11-12,2025-11-12,269.13034745932987,21.52641878669259,-56.75146771037198,76.74144037780329,0.810185185185186,非鉄,2,4
57130,2025-11-13,2025-11-13,-65.37204383772365,79.4727660399297,83.34948633456074,-3.844675124952124,1.5499425947187229,非鉄,3,1
57130,2025-11-14,2025-11-14,223.58527898694192,15.47388781431236,-42.553191489361765,62.18422075398466,-2.713397399660822,非鉄,4,4
57130,2025-11-17,2025-11-17,9.775171065493637,-83.91881342700968,-31.225604996096834,-50.91051497943977,1.0459035444509102,非鉄,0,2
57130,2025-11-18,2025-11-18,-115.49183592194368,-241.37931034482807,-204.86815415821536,-37.274798094844016,0.17251293847038163,非鉄,1,1
57130,2025-11-19,2025-11-19,-34.96503496503544,37.15937241948852,-35.09496284062719,72.50880464056308,-1.320321469575203,非鉄,2,2
57130,2025-11-20,2025-11-20,0.0,-66.0000000000005,-60.00000000000006,-4.024954719259455,-0.7562536358347915,非鉄,3,2
57130,2025-11-21,2025-11-21,-116.54526534859544,-90.22240872849308,-92.3206042803193,0.0,-0.17584994138335475,非鉄,4,1
57130,2025-11-25,2025-11-25,37.228541882110555,-84.4490216271887,-26.77651905252265,-55.77360049576541,-0.11785503830288313,非鉄,1,3
57130,2025-11-26,2025-11-26,22.689768976897895,32.921810699588775,18.518518518517713,10.264832683226643,2.2418879056047114,非鉄,2,2
57130,2025-11-27,2025-11-27,77.61194029850759,-41.50197628458474,-3.9525691699604515,-39.533504645187236,,非鉄,3,3
57130,2025-11-28,2025-11-28,167.3306772908356,23.478771277636312,7.826257092544697,13.68256450351879,0.461627236006934,非鉄,4,4
57130,2025-12-01,2025-12-01,-25.27707563678816,41.01562500000044,48.828125,-5.832037325038675,-0.5743825387708235,非鉄,0,2
57130,2025-12-02,2025-12-02,-19.569471624266697,-33.32679866692834,-49.00999803959971,17.73399014778354,1.1554015020219577,非鉄,1,2
57130,2025-12-03,2025-12-03,-5.907837731390364,55.053086905230145,68.81635863153824,-13.669205233353132,-1.3135351227869796,非鉄,2,2
57130,2025-12-04,2025-12-04,11.284558961821567,15.017833677493098,3.7544584193738295,9.380863039398779,1.215277777777768,非鉄,3,2
57130,2025-12-05,2025-12-05,174.16267942583775,304.625799172622,82.73787138021848,220.06713912719133,-0.05717552887364308,非鉄,4,4
57130,2025-12-08,2025-12-08,-132.7031448827487,101.51347360649598,27.685492801772238,69.91720331186669,-0.5148741418764313,非鉄,0,0
57130,2025-12-09,2025-12-09,-249.63556851311907,-37.327360955580204,-9.331840238895328,-28.021670091536997,1.5526164462334568,非鉄,1,0
57130,2025-12-10,2025-12-10,-129.56204379562018,-38.817005545286335,14.787430683917968,-59.02969931746882,-1.5855039637599044,非鉄,2,0
57130,2025-12-11,2025-12-11,38.65267807841022,44.23963133640463,-1.8433179723498228,46.09144542772947,0.690448791714604,非鉄,3,3
57130,2025-12-12,2025-12-12,337.89791926018165,229.0733723734073,103.34137099552221,124.44595976815576,-1.1428571428571455,非鉄,4,4
57130,2025-12-15,2025-12-15,-69.54102920723182,-12.250612530626537,-56.002800140007025,42.231215907091446,1.6184971098266,非鉄,0,1
57130,2025-12-16,2025-12-16,-172.53521126760597,105.65902578796526,112.82234957020077,-8.852691218130815,-0.7963594994311762,非鉄,1,0
57130,2025-12-17,2025-12-17,336.82373472949445,-35.502958579881614,-25.35925612848655,-13.554727211114725,1.089449541284404,非鉄,2,4
57130,2025-12-18,2025-12-18,65.51724137930925,-54.794520547944984,-85.61643835616417,31.088082901553626,0.7373794668179334,非鉄,3,3
57130,2025-12-19,2025-12-19,55.1819279186061,-53.03678357570618,-102.65183917878562,51.867219917012264,-0.16891891891891442,非鉄,4,3
57130,2025-12-22,2025-12-22,233.5349462365599,-26.242414302115602,-16.40150893882253,-9.857072449482862,0.7896221094190636,非鉄,0,4
57130,2025-12-23,2025-12-23,61.35986733001752,-31.28086927889351,-42.80540006585398,9.918994875186549,0.11191941801902416,非鉄,1,3
57130,2025-12-24,2025-12-24,429.338103756709,99.68847352024967,10.90342679127776,88.68834604014219,0.7266629401900593,非鉄,2,4
57130,2025-12-25,2025-12-25,-147.9654747225645,-84.46738620366045,-90.72422962615346,6.314127861088981,,非鉄,3,0
57130,2025-12-26,2025-12-26,-32.879286049788405,62.74509803921635,-43.92156862745078,107.13723018749066,-0.2219755826859071,非鉄,4,2
57130,2025-12-29,2025-12-29,4.53103760761131,45.14672686230181,118.88638073739743,-74.34944237918239,-1.5572858731924377,非鉄,0,2
57130,2025-12-30,2025-12-30,83.13725490196155,-68.40796019900507,-15.547263681592316,-52.94300840859578,-0.4519774011299438,非鉄,1,3
57130,2026-01-05,2026-01-05,0.0,30.316810671517924,-7.579202667878926,36.40224480509602,1.7162471395880896,非鉄,0,2
57130,2026-01-06,2026-01-06,241.72661870503597,-86.91994953035187,-22.430954717510552,-64.63397498946199,-0.16872890888638414,非鉄,1,4
57130,2026-01-07,2026-01-07,81.96721311475308,-132.24962115993887,11.020801763328425,-144.46890478811204,0.5633802816901401,非鉄,2,3
57130,2026-01-08,2026-01-08,-4.181767493727229,-163.47631689255238,-34.930836942853595,-127.61183564717449,-0.11204481792717047,非鉄,3,2
57130,2026-01-09,2026-01-09,-43.12143552649861,18.16403521028409,-118.76484560570111,137.14124134030837,-0.11217049915872579,非鉄,4,2
57130,2026-01-13,2026-01-13,-276.509716968828,34.76400588313888,33.4269287337885,2.6656004264968836,-0.3556609365737984,非鉄,1,0
57130,2026-01-14,2026-01-14,114.39842209072904,137.35907736166953,63.4961772709608,74.69414037347022,0.4759071980963814,非鉄,2,4
57130,2026-01-15,2026-01-15,171.5374841168993,-164.9999999999996,-154.99999999999957,-7.620015240030753,-0.4736530491415092,非鉄,3,4
57130,2026-01-16,2026-01-16,-60.64516129032249,118.21252273317651,3.89711613406174,116.8982984803213,1.1302795954788891,非鉄,4,1
57130,2026-01-19,2026-01-19,-58.42638275772472,266.98076168040876,147.88640230336324,118.66374306719996,,非鉄,0,1
57130,2026-01-20,2026-01-20,-134.72292831723465,404.3265516353345,169.97167138810278,229.14292948474468,-0.23529411764705577,非鉄,1,0
57130,2026-01-21,2026-01-21,535.8043368633391,-13.06413301662701,-11.87648456057011,1.1893434823972981,-0.5306603773584939,非鉄,2,4
57130,2026-01-22,2026-01-22,-192.47167742721393,105.45905707195935,115.38461538461497,-9.812339016312954,0.5334914048606976,非鉄,3,0
57130,2026-01-23,2026-01-23,157.41408315308902,5.9136605558851585,-54.40567711413324,65.43723973825078,1.5919811320754818,非鉄,4,4
57130,2026-01-26,2026-01-26,-2.3153507756423775,-107.65134853571001,-45.14411390207251,-65.10113926993743,-0.5223447475333765,非鉄,0,2
57130,2026-01-27,2026-01-27,354.15931286033594,-48.75283446712064,100.90702947845864,-147.05882352941126,-0.4667444574095736,非鉄,1,4
57130,2026-01-28,2026-01-28,191.45299145299165,42.382333258979,34.57506134284971,7.780371234855643,0.9964830011723436,非鉄,2,4
57130,2026-01-29,2026-01-29,-37.63440860215073,584.8833458767876,487.04440382754564,92.26037929267017,0.05803830528148257,非鉄,3,2
57130,2026-01-30,2026-01-30,-313.97174254317093,111.3032202290909,286.36265398746417,-169.1531834418991,-0.6380510440835319,非鉄,4,0
57130,2026-02-02,2026-02-02,112.29314420803772,-247.05882352941134,-225.88235294117686,-19.263183241030603,-0.6421482778750764,非鉄,0,4
57130,2026-02-03,2026-02-03,84.46738620365934,172.07301476572567,-17.439832577607064,189.84393198229643,0.763807285546414,非鉄,1,3
57130,2026-02-04,2026-02-04,585.485307212823,-235.8391240261104,-92.65108443882953,-150.8071367884456,0.05830903790087216,非鉄,2,4
57130,2026-02-05,2026-02-05,-248.91304347826048,-6.7865626060403805,-187.761565433775,183.26417704010998,1.4568764568764658,非鉄,3,0
57130,2026-02-06,2026-02-06,216.11940298507548,97.66306243460087,65.10870828973393,30.02656195865594,-1.0338885697874778,非鉄,4,4
57130,2026-02-09,2026-02-09,-43.32370584314571,416.6666666666674,85.5555555555565,327.1645736946471,-0.5223447475333765,非鉄,0,1
57130,2026-02-10,2026-02-10,401.7216642754673,19.67535661583808,-14.756517461879115,34.482758620688614,0.05834305717620225,非鉄,1,4
57130,2026-02-12,2026-02-12,481.87022900763264,-136.86131386861368,-54.74452554744546,-87.11600183402113,0.8182349503214503,非鉄,3,4
57130,2026-02-13,2026-02-13,-58.479532163743244,-250.4892367906064,48.92367906066619,-297.9552093476145,0.1159420289855051,非鉄,4,1
57130,2026-02-16,2026-02-16,-470.98646034816284,-109.81189628876508,-115.91255719369586,9.26116484873507,,非鉄,0,0
57130,2026-02-17,2026-02-17,-342.34604708543225,-8.543357539513297,3.20375907731707,-12.8095644748083,-1.2159814707585426,非鉄,1,0
57130,2026-02-18,2026-02-18,432.13897937024905,89.20236489990741,136.915257753345,-46.04993860008233,0.0,非鉄,2,4
57130,2026-02-19,2026-02-19,16.243654822334364,46.700507614212405,47.71573604060997,-2.020610224288122,-0.058616647127784915,非鉄,3,2
57130,2026-02-20,2026-02-20,-96.33911368015391,176.45858833129412,64.2594859241119,112.50760186499065,0.4105571847507372,非鉄,4,1
57130,2026-02-24,2026-02-24,197.11538461538504,155.66037735849082,103.7735849056598,51.353874883286466,0.23378141437755406,非鉄,1,4
57130,2026-02-25,2026-02-25,680.9872029250453,-68.49315068493178,-55.650684931506376,-17.21170395869165,0.5830903790087438,非鉄,2,4
57130,2026-02-26,2026-02-26,-256.73400673400624,-190.9722222222221,-230.0347222222221,39.98223011994595,0.5797101449275255,非鉄,3,0
57130,2026-02-27,2026-02-27,735.0352112676051,334.96732026143894,249.18300653594682,87.71929824561431,1.037463976945241,非鉄,4,4
57130,2026-03-02,2026-03-02,-280.2303262955852,212.59842519685046,181.10236220472365,38.69969040247723,-1.197946377638337,非鉄,0,0
57130,2026-03-03,2026-03-03,-658.8855421686745,-225.62449637389182,-104.75423045930742,-122.14983713355055,0.34642032332563577,非鉄,1,0
57130,2026-03-04,2026-03-04,-495.9785522788207,146.91943127962182,90.04739336492929,65.82040432534075,-0.6329113924050667,非鉄,2,0
57130,2026-03-05,2026-03-05,-445.5227172474641,-209.20502092050208,-130.17201301720127,-80.07536504945789,2.316155182397228,非鉄,3,0
57130,2026-03-06,2026-03-06,-14.563106796116054,-111.75898931001016,-160.3498542274051,49.38271604938205,1.2450481041312855,非鉄,4,2
57130,2026-03-09,2026-03-09,-332.8083989501307,302.57022014965827,-75.91367530636606,383.64848617335133,-1.8446059250978197,非鉄,0,0
57130,2026-03-10,2026-03-10,267.58564767889624,-54.671968190854734,-54.671968190854734,-4.995004995005381,-0.5694760820045608,非鉄,1,4
57130,2026-03-11,2026-03-11,66.03773584905603,-210.3786816269282,56.100981767182034,-264.9930264993028,1.9473081328751363,非鉄,2,3
57130,2026-03-12,2026-03-12,-67.30769230769207,-146.4128843338208,-161.05417276720323,9.915716410511255,1.1235955056179803,非鉄,3,1
57130,2026-03-13,2026-03-13,266.39344262294975,-38.000000000000256,-40.99999999999993,2.008032128513193,0.7777777777777883,非鉄,4,4
57130,2026-03-16,2026-03-16,-299.5558310091928,300.711932844544,204.01657634682823,92.6600728787097,0.2756339581036382,非鉄,0,0
57130,2026-03-17,2026-03-17,-124.94920763917116,-251.38518366509376,-136.46624256105076,-118.56474258970407,-0.05497526113249496,非鉄,1,0
57130,2026-03-18,2026-03-18,264.45770734718985,9.975062344138586,-19.95012468827939,29.985007496251548,1.980198019801982,非鉄,2,4
57130,2026-03-19,2026-03-19,-130.6425916091347,-120.58570198105079,-24.763135228251798,-97.12928987696934,1.4023732470334505,非鉄,3,0
57130,2026-03-23,2026-03-23,-24.598805200890528,-105.32544378698216,-47.33727810650845,-58.26397146254436,-1.2332439678284235,非鉄,0,2
57130,2026-03-24,2026-03-24,-147.00854700854694,221.09040398194279,123.85692788517089,99.50817797094835,0.3800217155266017,非鉄,1,0
57130,2026-03-25,2026-03-25,37.03703703703765,73.00065373719855,64.2841577685771,8.66082061275364,1.1357490535424564,非鉄,2,3
57130,2026-03-26,2026-03-26,-78.97868657362307,104.82638130596244,152.87180607119532,-49.46236559139838,-0.2673796791443861,非鉄,3,1
57130,2026-03-27,2026-03-27,65.30967671710019,237.60665298628413,68.04190517334385,170.60085836909877,-0.965147453083115,非鉄,4,3
57130,2026-03-30,2026-03-30,-22.0046209704039,-24.97827975673328,2.172024326672073,-28.227119748127638,-1.4076881429344934,非鉄,0,2
57130,2026-03-31,2026-03-31,356.41316685584457,-193.40659340659317,-238.4615384615385,45.02476361999186,0.7138934651290452,非鉄,1,4
57130,2026-04-01,2026-04-01,49.70914859862452,89.28571428571396,18.907563025210017,69.18964252017989,-1.199563794983638,非鉄,2,3
57130,2026-04-02,2026-04-02,-539.8747818946936,32.62287951283138,73.94519356241913,-39.94386267947792,-0.22075055187638082,非鉄,3,0
57130,2026-04-03,2026-04-03,-229.19677885608115,12.646221941194913,1.0538518284319842,11.591148577450028,0.0,非鉄,4,0
57130,2026-04-06,2026-04-06,96.40851785146731,44.505669174526034,104.90622019709627,-61.85783183057292,0.38716814159291957,非鉄,0,3
57130,2026-04-07,2026-04-07,83.02288451303986,132.03760430970712,-38.026830041195666,168.55719283366932,-1.1019283746556474,非鉄,1,3
57130,2026-04-08,2026-04-08,19.607843137254832,107.2124756335291,4.873294346978696,102.28933268387807,-0.3342618384401086,非鉄,2,2
57130,2026-04-09,2026-04-09,-271.5686274509799,-2.015316404675449,10.076582023377245,-11.074197120708451,-0.6148686416992732,非鉄,3,0
57130,2026-04-10,2026-04-10,-5.025125628140836,48.23151125401992,27.130225080385095,26.067776218168248,-0.8436445444319429,非鉄,4,2
57130,2026-04-13,2026-04-13,-111.17849201536245,99.93881297164941,26.514378951663087,72.20583748601683,0.05672149744753163,非鉄,0,1
57130,2026-04-14,2026-04-14,187.1921182266001,33.94762366634385,48.49660523763344,-9.657170449058894,0.45351473922903285,非鉄,1,4
57130,2026-04-15,2026-04-15,-116.82242990654234,85.06616257088817,75.61436672967936,9.380863039398779,1.975169300225743,非鉄,2,0
57130,2026-04-16,2026-04-16,46.57661853749495,179.80636237897585,73.76671277086189,109.8901098901095,-0.6640841173215284,非鉄,3,3
57130,2026-04-17,2026-04-17,-496.28942486085293,-33.98058252427227,4.854368932039055,-33.98058252427227,-0.16713091922005985,非鉄,4,0
57130,2026-04-20,2026-04-20,-24.58210422812246,-69.1016781836129,-29.615004935834577,-39.60396039603964,0.8928571428571397,非鉄,0,2
57130,2026-04-21,2026-04-21,29.49852507374562,98.2800982800991,19.656019656020263,83.41511285574032,0.38716814159291957,非鉄,1,3
57130,2026-04-22,2026-04-22,-13.005202080832445,31.00310031003195,-32.00320032003212,63.20858834152787,0.11019283746556141,非鉄,2,2
57130,2026-04-23,2026-04-23,-566.9902912621361,92.8984310487202,-62.96449215524413,158.96103896103853,0.27517886626307053,非鉄,3,0
57130,2026-04-24,2026-04-24,74.23445716053135,7.180960196964126,-17.43947476405383,22.603513818966192,-0.1097694840834218,非鉄,4,3
57130,2026-04-27,2026-04-27,175.67708877967104,-72.12776919113817,-9.273570324574987,-62.91254125412537,1.318681318681314,非鉄,0,4
57130,2026-04-28,2026-04-28,141.25167543045603,-167.3640167364021,-97.96918052862536,-72.12776919113817,0.9219088937093334,非鉄,1,4
57130,2026-04-30,2026-04-30,-93.30929911992358,51.49109633125981,54.7092898519641,-3.200682812333211,-0.32171581769436797,非鉄,3,1
57130,2026-05-01,2026-05-01,0.0,88.51422550052668,81.1380400421502,6.270903010032747,0.6455083378160253,非鉄,4,2
57130,2026-05-07,2026-05-07,-83.86778490379831,24.8508946322068,29.821073558649047,-9.90589400693409,0.0,非鉄,3,1
57130,2026-05-08,2026-05-08,-208.94071914480116,444.6640316205541,227.27272727272708,212.56038647343044,0.993926007730539,非鉄,4,0
57130,2026-05-11,2026-05-11,-493.02325581395354,-170.56530214424993,63.35282651072083,-227.71317829457405,0.8201202843083566,非鉄,0,0
57130,2026-05-12,2026-05-12,103.87157695939564,9.341429238673982,28.024287716019725,-13.979496738117936,1.3557483731019504,非鉄,1,4
57130,2026-05-13,2026-05-13,365.85365853658567,-203.25203252032574,-189.7018970189701,-13.812154696132284,0.48154093097914075,非鉄,2,4
57130,2026-05-14,2026-05-14,23.02025782688677,-275.3556677374946,-206.51675080312071,-70.29053420805953,-3.833865814696491,非鉄,3,2
57130,2026-05-15,2026-05-15,-104.1666666666663,-177.2879731672261,-100.62290368950677,-77.4443368828659,0.8305647840531671,非鉄,4,1
57130,2026-05-18,2026-05-18,-171.4228093173342,-160.65911431513925,-54.58290422245105,-105.63380281690127,4.83250961010433,非鉄,0,0
57130,2026-05-19,2026-05-19,-371.8487394957981,102.65370754613868,-33.85388227585495,132.53012048192846,-0.41906757464641453,非鉄,1,0
57130,2026-05-20,2026-05-20,-145.67360350492885,24.526198439240865,44.593088071349655,-18.8700188700186,-1.9989479221462436,非鉄,2,0
57130,2026-05-21,2026-05-21,54.95689655172331,-92.44329786090466,-89.21853165645533,-2.1694326933507924,-0.7514761137949577,非鉄,3,3
57130,2026-05-22,2026-05-22,95.81603321622501,71.01218865924741,61.473237943825424,9.480669967343314,0.21633315305571443,非鉄,4,3
57130,2026-05-25,2026-05-25,-106.24169986719778,110.44591246903491,68.12551610239525,41.00461301896452,,非鉄,0,1
57130,2026-05-26,2026-05-26,-109.68001609981903,39.779681762546204,-77.51937984496138,121.3367609254501,-0.2698327037236936,非鉄,1,1
57130,2026-05-27,2026-05-27,-348.5967503692766,-170.28653002957083,-221.2705210563881,53.185942225466576,-1.406926406926412,非鉄,2,0
57130,2026-05-28,2026-05-28,-319.2168546499252,-150.34269290294054,-342.6929029405257,198.0084697264517,0.2195389681668436,非鉄,3,0
57130,2026-05-29,2026-05-29,-118.09732094040459,133.27458971252426,99.1298601167534,37.09360680776763,-0.383351588170866,非鉄,4,0
57140,2024-05-10,2024-05-10,-42.72043745727983,212.3618784530379,51.795580110496346,149.27934111187423,2.8232636928289034,非鉄,4,1
57140,2024-05-13,2024-05-13,28.12939521800173,28.04557405784447,-71.86678352322562,98.85260370697368,1.3728720483251022,非鉄,0,3
57140,2024-05-14,2024-05-14,70.81174438687387,118.33304750471507,61.738981306809215,56.24680415885486,-1.2459371614301218,非鉄,1,3
57140,2024-05-15,2024-05-15,-58.784010749076685,-31.948881789137793,92.48360517908117,-128.22647793505394,1.5907844212835975,非鉄,2,1
57140,2024-05-16,2024-05-16,-251.80459963068614,162.01309893140393,108.58324715615319,42.58218361437471,-1.2419006479481687,非鉄,3,0
57140,2024-05-17,2024-05-17,117.32229123533556,71.6723549488063,102.38907849829282,-27.036160865157033,-0.9841443411700346,非鉄,4,4
57140,2024-05-20,2024-05-20,186.604465178275,-37.80407626561511,-55.884286653516966,18.18181818181719,1.656543346217565,非鉄,0,4
57140,2024-05-21,2024-05-21,27.66476810414975,-69.63562753036445,-63.157894736841634,-4.889975550121939,-0.4888647474198815,非鉄,1,3
57140,2024-05-22,2024-05-22,-96.23226227369108,-121.91103789126801,-28.006589785831704,-90.89406709634761,0.6550218340611424,非鉄,2,0
57140,2024-05-23,2024-05-23,-117.9487179487182,139.96889580093264,103.68066355624705,46.224961479199855,0.759219088937102,非鉄,3,0
57140,2024-05-24,2024-05-24,153.256704980842,-30.843043180260878,-23.989033584647103,-10.302197802197766,0.10764262648008671,非鉄,4,4
57140,2024-05-27,2024-05-27,75.99309153713207,128.84384126438775,51.53753650575466,71.74581482746856,,非鉄,0,3
57140,2024-05-28,2024-05-28,-32.09459459459496,-60.96528365791664,-11.854360711262002,-54.22809693272357,-0.37634408602150726,非鉄,1,2
57140,2024-05-29,2024-05-29,-69.49152542372828,-42.73504273504258,25.64102564102555,-68.20119352088705,-1.6729627630868826,非鉄,2,1
57140,2024-05-30,2024-05-30,-25.93809441466366,20.775623268698418,27.700831024930483,-5.1804524261789275,-1.5367727771679496,非鉄,3,2
57140,2024-05-31,2024-05-31,-67.16032374720183,39.70308993612947,24.167098221992145,24.129610479144414,-0.6131549609810438,非鉄,4,1
57140,2024-06-03,2024-06-03,-8.510638297872797,-18.717032499574458,-18.717032499574458,0.0,-0.6169377453729696,非鉄,0,2
57140,2024-06-04,2024-06-04,-34.27004797806666,108.52713178294505,98.19121447028456,3.4094783498117565,-0.22573363431150906,非鉄,1,1
57140,2024-06-05,2024-06-05,-33.29244787103502,-107.22446827210352,-110.74002460889409,5.333333333332746,-0.6221719457013553,非鉄,2,1
57140,2024-06-06,2024-06-06,-10.245901639344135,-84.23586040914532,-15.471892728210479,-62.026188835285765,3.1872509960159334,非鉄,3,2
57140,2024-06-07,2024-06-07,-67.35751295336767,-31.304347826086598,8.695652173913437,-41.69562195969423,-0.9376723662437914,非鉄,4,1
57140,2024-06-10,2024-06-10,127.50132813883485,-8.732099196646637,-31.435557107928336,31.562335612835835,0.44543429844097204,非鉄,0,4
57140,2024-06-11,2024-06-11,-36.4773319437206,27.840612493474914,43.500957021054276,-5.202913631633388,-0.388026607538805,非鉄,1,1
57140,2024-06-12,2024-06-12,57.581573896352545,-88.31168831168856,-43.29004329004293,-46.9483568075113,0.8903728436282732,非鉄,2,3
57140,2024-06-13,2024-06-13,-243.47826086956513,-51.73951828724377,-55.30776092774303,0.0,1.103143960286812,非鉄,3,0
57140,2024-06-14,2024-06-14,80.67407673001182,-44.286979627989886,-46.05845881310855,8.904719501334757,-2.127659574468088,非鉄,4,3
57140,2024-06-17,2024-06-17,-145.70966001079321,-131.62705667276066,-126.14259597806266,11.12759643916883,-1.0590858416945403,非鉄,0,0
57140,2024-06-18,2024-06-18,543.4782608695654,-136.44214162348845,-184.8013816925731,31.617776216406046,0.9577464788732337,非鉄,1,4
57140,2024-06-19,2024-06-19,412.4801692226332,-86.51399491094169,-62.76505513146735,-25.601638504864077,,非鉄,2,4
57140,2024-06-20,2024-06-20,-193.99141630901283,59.482155353394184,45.48635409377111,-5.21467060664027,-1.8415178571428603,非鉄,3,0
57140,2024-06-21,2024-06-21,10.362694300518616,0.0,43.08116491470004,-46.31217838764967,-1.023308698123937,非鉄,4,2
57140,2024-06-24,2024-06-24,-89.68609865470879,-62.608695652174305,-80.00000000000007,8.758101243651062,-0.4595060310166543,非鉄,0,1
57140,2024-06-25,2024-06-25,17.45505323791141,71.41612959414844,27.869709109911156,38.194444444443754,-2.1927293710328866,非鉄,1,2
57140,2024-06-26,2024-06-26,207.4978204010458,-75.26513855627748,-63.291139240506666,-10.330578512396382,-1.1209439528023557,非鉄,2,4
57140,2024-06-27,2024-06-27,39.75799481417353,-15.503875968991832,-10.335917312661591,-5.173305742369738,-0.9546539379474916,非鉄,3,3
57140,2024-06-28,2024-06-28,-136.37148282409805,0.0,-5.254860746189971,10.520778537612685,-4.0963855421686795,非鉄,4,0
57140,2024-07-01,2024-07-01,-90.45051313271824,-80.9859154929582,-7.042253521126751,-72.24669603524192,0.18844221105527303,非鉄,0,1
57140,2024-07-02,2024-07-02,0.0,99.80395651399077,32.0798431652114,67.50755018653409,0.940438871473348,非鉄,1,2
57140,2024-07-03,2024-07-03,138.1509032943673,-54.15793151642201,-71.62823200559055,14.072119613017797,0.31055900621117516,非鉄,2,4
57140,2024-07-04,2024-07-04,85.38072834988641,37.931034482758804,-20.68965517241339,63.958513396715766,,非鉄,3,3
57140,2024-07-05,2024-07-05,-238.82633913340112,-107.03632216178316,-78.96122126688887,-31.824611032531536,2.0433436532507843,非鉄,4,0
57140,2024-07-08,2024-07-08,64.1596863304228,-16.01138587439932,23.127557374131857,-39.04863329783459,-3.3373786407767003,非鉄,0,3
57140,2024-07-09,2024-07-09,-108.54341736694639,83.03886925794978,79.50530035335746,-3.5032404974599807,0.37664783427495685,非鉄,1,0
57140,2024-07-10,2024-07-10,-19.390093424995758,49.55752212389308,-28.318584070796682,72.73372361185082,1.5009380863039379,非鉄,2,2
57140,2024-07-11,2024-07-11,219.8569185133481,3.4176349965830966,-3.4176349965819863,15.397775876817565,0.800985828712264,非鉄,3,4
57140,2024-07-12,2024-07-12,94.17808219178036,-86.61684782608647,-47.55434782608647,-39.24914675767943,-2.200488997555017,非鉄,4,3
57140,2024-07-16,2024-07-16,-77.3328750644442,-20.808045777700457,-36.4140801109758,15.663069961713294,1.6035920461834552,非鉄,1,1
57140,2024-07-17,2024-07-17,84.54106280193274,-42.99965600275235,3.439972480219211,-46.42365887207678,0.7575757575757569,非鉄,2,3
57140,2024-07-18,2024-07-18,-60.86956521739184,91.11617312072883,78.85053443140055,12.169680111264736,-1.8796992481203034,非鉄,3,1
57140,2024-07-19,2024-07-19,-86.34361233480159,90.73118662159763,37.35990037359915,44.27129449265044,0.0,非鉄,4,1
57140,2024-07-22,2024-07-22,-173.63571934797983,-19.8055455527546,12.603528988117674,-35.951824555096046,2.298850574712641,非鉄,0,0
57140,2024-07-23,2024-07-23,-39.58258366318801,12.678862524904133,-25.357725049809375,32.66787658802173,0.3745318352059934,非鉄,1,1
57140,2024-07-24,2024-07-24,38.44745514463676,-115.0054764512598,-38.3351588170866,-76.96536558548628,0.43532338308458485,非鉄,2,3
57140,2024-07-25,2024-07-25,27.98507462686617,-14.981273408239959,-1.872659176029856,-16.8507770080506,0.6811145510835948,非鉄,3,3
57140,2024-07-26,2024-07-26,236.30907726931662,-62.522986392056225,18.3891136447234,-84.40366972477077,-2.890528905289058,非鉄,4,4
57140,2024-07-29,2024-07-29,40.3743806202983,36.61662394727205,106.18820944708895,-77.82805429864203,0.5066497783407176,非鉄,0,3
57140,2024-07-30,2024-07-30,-93.54365370506268,105.59466469062696,46.31344942571225,62.71905552481138,-2.2684310018903586,非鉄,1,0
57140,2024-07-31,2024-07-31,-20.2205882352946,219.47620804131373,53.48579859830282,163.24284666177525,-1.3539651837524147,非鉄,2,2
57140,2024-08-01,2024-08-01,-159.3406593406599,-100.3717472118959,-74.34944237918239,-22.480329711502822,0.2614379084967311,非鉄,3,0
57140,2024-08-02,2024-08-02,-70.23019898556359,-60.939650088460695,-3.931590328287715,-66.79764243614939,0.9126466753585305,非鉄,4,1
57140,2024-08-05,2024-08-05,-6.1766522544781655,-982.2732012513036,-262.77372262773713,-730.9753483386927,1.0981912144702788,非鉄,0,2
57140,2024-08-06,2024-08-06,527.1283634759594,-98.36751778987019,-54.41607367099199,-25.300442757748563,-0.8945686900958427,非鉄,1,4
57140,2024-08-07,2024-08-07,378.23490378234845,-19.2926045016073,240.08574490889555,-249.21465968586352,-0.9671179883945835,非鉄,2,4
57140,2024-08-08,2024-08-08,295.80573951434985,-139.51491736424072,-47.22043356943595,-94.86847779215157,-1.3671875,非鉄,3,4
57140,2024-08-09,2024-08-09,-29.711375212223558,-168.954593453009,-213.30517423442495,47.48543060651755,-0.46204620462045876,非鉄,4,2
57140,2024-08-13,2024-08-13,-268.78306878306836,208.37855437377817,56.435858476231445,146.70981661272896,-1.5645371577574951,非鉄,1,0
57140,2024-08-14,2024-08-14,-128.75536480686733,67.25970926448221,-23.866348448687845,95.73542210618014,0.9271523178807861,非鉄,2,0
57140,2024-08-15,2024-08-15,142.2505307855637,-50.30391951372892,-27.24795640327016,-31.499370012599837,-1.5748031496062964,非鉄,3,4
57140,2024-08-16,2024-08-16,36.83241252302017,-22.426095820591296,-8.154943934760572,-14.282799428687598,-1.2666666666666715,非鉄,4,3
57140,2024-08-19,2024-08-19,-12.175324675324228,-170.870626525631,-10.170870626525774,-156.8547565695666,2.160702228224176,非鉄,0,2
57140,2024-08-20,2024-08-20,60.49606775559546,-81.99999999999986,-86.00000000000053,12.113870381587066,-0.7270323859881023,非鉄,1,3
57140,2024-08-21,2024-08-21,10.341261633919352,57.60131660152324,-43.20098745114187,94.98244889531327,0.13315579227697327,非鉄,2,2
57140,2024-08-22,2024-08-22,-56.56565656565693,-14.204545454545858,-26.379870129870085,6.1000406669387,-1.3962765957446832,非鉄,3,1
57140,2024-08-23,2024-08-23,-62.43705941591182,-52.34548016911589,-20.132876988121495,-40.31445273130374,-0.8091706001348564,非鉄,4,1
57140,2024-08-26,2024-08-26,-60.851926977687484,112.06193969030221,20.3748981255103,87.39837398374029,-1.5635622025832796,非鉄,0,1
57140,2024-08-27,2024-08-27,97.35744089012455,35.32875368007949,-56.91854759568238,94.76801579466843,1.4502762430939287,非鉄,1,3
57140,2024-08-28,2024-08-28,-59.055118110236116,21.76493866244522,-13.850415512465242,39.64321110009994,-0.5445881552076259,非鉄,2,1
57140,2024-08-29,2024-08-29,-105.78842315369208,58.37359098228578,30.19323671497487,28.095524784266246,1.4373716632443578,非鉄,3,0
57140,2024-08-30,2024-08-30,97.98040391921559,0.0,-65.3724247226628,69.81847197287117,2.1592442645074206,非鉄,4,4
57140,2024-09-02,2024-09-02,-96.19159795838273,39.60396039603964,5.940594059405946,41.592394533571664,,非鉄,0,0
57140,2024-09-03,2024-09-03,5.91133004926192,-83.02035975489174,-43.48685510970562,-47.60960126958924,1.7833553500660404,非鉄,1,2
57140,2024-09-04,2024-09-04,4.137360364087073,-12.43523316062145,-26.943005181346848,14.546965918535992,1.5574302401038187,非鉄,2,2
57140,2024-09-05,2024-09-05,285.8971623639861,-80.82901554404165,-51.81347150259086,-25.01042100875317,-0.31948881789137795,非鉄,3,4
57140,2024-09-06,2024-09-06,-109.86733001658422,20.920502092049986,2.092050209205887,25.11511092507357,-1.7948717948717996,非鉄,4,0
57140,2024-09-09,2024-09-09,44.85262708244342,95.33898305084776,6.355932203390147,88.92652974804128,0.32637075718016106,非鉄,0,3
57140,2024-09-10,2024-09-10,85.8458961474029,-120.03311258278137,-80.71192052980125,-33.40292275574086,-0.8458035133376729,非鉄,1,3
57140,2024-09-11,2024-09-11,-63.46519991538013,-161.53028692879934,-178.5334750265677,17.31227007141234,0.0,非鉄,2,1
57140,2024-09-12,2024-09-12,-52.42189138184084,141.64904862579374,90.90909090909038,39.76559229803334,1.7060367454068137,非鉄,3,1
57140,2024-09-13,2024-09-13,-14.51679800912431,4.153686396677347,20.768431983384517,-10.369141435089269,1.6774193548387162,非鉄,4,2
57140,2024-09-17,2024-09-17,-227.45901639344314,46.05400879212907,0.0,43.9514441188793,0.48750761730651515,非鉄,1,0
57140,2024-09-18,2024-09-18,168.41240501129562,60.77795786061601,-42.544570502430766,103.7639877924712,0.0,非鉄,2,4
57140,2024-09-19,2024-09-19,141.40609440350448,-19.712201852947196,17.740981667653255,-25.61071710007856,-1.5767131594906059,非鉄,3,4
57140,2024-09-20,2024-09-20,54.116737533822516,0.0,34.749034749035346,-36.54548951721459,-1.0474430067775709,非鉄,4,3
57140,2024-09-24,2024-09-24,-101.64940544687417,3.8654812524163695,11.596443757246888,-15.432098765432167,-0.3026634382566562,非鉄,1,0
57140,2024-09-25,2024-09-25,42.45465071401,-84.45297504798499,-53.74280230326267,-23.174971031286738,0.7893139040680008,非鉄,2,3
57140,2024-09-26,2024-09-26,110.72928598701904,18.867924528302993,-64.15094339622618,83.55488036460245,-0.48192771084337727,非鉄,3,4
57140,2024-09-27,2024-09-27,-64.16131989000928,84.85519276886234,-47.96163069544335,120.32580525731306,1.0895883777239712,非鉄,4,1
57140,2024-09-30,2024-09-30,137.27764887857762,80.56781124112788,51.79359294072539,22.887659736792187,1.556886227544907,非鉄,0,4
57140,2024-10-01,2024-10-01,-9.473285335354076,5.685048322909836,39.795338260375516,-35.855821853180146,1.0613207547169878,非鉄,1,2
57140,2024-10-02,2024-10-02,85.22727272727293,-84.68197214903994,-16.93639442980843,-58.490566037735505,0.7584597432905404,非鉄,2,3
57140,2024-10-03,2024-10-03,-72.63922518159771,-28.00074668657837,13.067015120402647,-46.580957704490665,-0.8685581933989606,非鉄,3,1
57140,2024-10-04,2024-10-04,-5.627462014631268,58.18318318318249,45.04504504504459,7.469654528478031,-0.6425233644859807,非鉄,4,2
57140,2024-10-07,2024-10-07,-193.5250497377461,-18.416206261510084,36.83241252302017,-49.568569854966384,0.29394473838917357,非鉄,0,0
57140,2024-10-08,2024-10-08,63.49206349206327,-31.645569620253333,-35.368577810871436,3.736222678871748,-1.348182883939042,非鉄,1,3
57140,2024-10-09,2024-10-09,-183.7416481069043,126.55836796373165,81.22402720060373,48.734770384255555,0.11883541295305555,非鉄,2,0
57140,2024-10-10,2024-10-10,9.32835820895539,-14.933731566174613,41.06776180698102,-59.46850027875872,-0.7121661721068206,非鉄,3,2
57140,2024-10-11,2024-10-11,-64.51612903225823,-67.0016750418756,-22.33389168062483,-46.624393882879204,-0.4184100418409997,非鉄,4,1
57140,2024-10-15,2024-10-15,11.191941801902416,-18.628912071535495,27.94336810730158,-48.29123328380369,-1.5328019619865074,非鉄,1,2
57140,2024-10-16,2024-10-16,68.820493213535,-7.590132827324236,3.7950664136632284,-3.7965072133638866,0.7471980074719831,非鉄,2,3
57140,2024-10-17,2024-10-17,-22.722969134633118,-47.510452299506234,5.701254275940482,-51.291793313069654,0.5562422744128659,非鉄,3,2
57140,2024-10-18,2024-10-18,-70.65113614664887,28.918449971082616,13.495276653170407,17.331022530329143,-0.6760909649661917,非鉄,4,1
57140,2024-10-21,2024-10-21,23.01054650047929,-9.563886763580554,1.912777352717221,-17.2018348623848,1.3613861386138515,非鉄,0,2
57140,2024-10-22,2024-10-22,-122.16071769421633,96.69309611293863,58.015857667763626,40.38461538461435,1.7094017094017033,非鉄,1,0
57140,2024-10-23,2024-10-23,118.77394636015337,-22.744503411675776,-3.7907505686129994,-3.7979491074824345,0.6002400960384069,非鉄,2,4
57140,2024-10-24,2024-10-24,57.614749375840546,-53.47593582887722,-45.83651642475206,-11.507479861909697,0.5966587112171906,非鉄,3,3
57140,2024-10-25,2024-10-25,-19.361084220715917,15.515903801397446,-21.334367726919545,34.97862417411568,-1.3641755634638209,非鉄,4,2
57140,2024-10-28,2024-10-28,196.1168856638551,-13.448607108549337,15.36983669548464,-28.7742183004025,-1.3229104028863459,非鉄,0,4
57140,2024-10-29,2024-10-29,50.26097042335253,-25.009619084263022,-55.79068872643367,30.953762816792185,0.8531383302864182,非鉄,1,3
57140,2024-10-30,2024-10-30,162.1934736435615,-94.9667616334282,-68.37606837606813,-24.86610558530944,-0.5438066465256797,非鉄,2,4
57140,2024-10-31,2024-10-31,-82.26516166060848,129.19398380254466,30.85229463941408,90.28044563964555,-0.060753341433783525,非鉄,3,1
57140,2024-11-01,2024-11-01,-11.64370269745807,-21.326095385808543,-11.632415664986073,-1.9425019425023393,0.8510638297872353,非鉄,4,2
57140,2024-11-05,2024-11-05,48.188126445642965,38.167938931297215,-34.35114503816838,68.9127105666154,0.540540540540535,非鉄,1,3
57140,2024-11-06,2024-11-06,-60.468631897203636,-126.17702448210922,-116.76082862523529,-9.52743902439046,1.9115890083632125,非鉄,2,1
57140,2024-11-07,2024-11-07,94.33962264151052,11.179429849077493,-31.675051239054007,35.487485991780865,0.4103165298944944,非鉄,3,3
57140,2024-11-08,2024-11-08,-219.7193500738548,18.867924528302993,-24.52830188679256,47.30368968779652,0.7005253940455258,非鉄,4,0
57140,2024-11-11,2024-11-11,-1.8971732119144047,-56.72149744753274,-83.19152958971455,24.780785360274393,-0.40579710144927894,非鉄,0,2
57140,2024-11-12,2024-11-12,280.158896090319,-150.71283095723032,-112.01629327902252,-39.13491246138045,-0.11641443538998875,非鉄,1,4
57140,2024-11-13,2024-11-13,-204.80668756530872,-42.71678769756537,83.29773601025269,-127.0648030495558,-0.6993006993006978,非鉄,2,0
57140,2024-11-14,2024-11-14,-51.69071720870111,-114.86779367143485,10.836584308626662,-123.430056301429,-1.7018779342723,非鉄,3,1
57140,2024-11-15,2024-11-15,-35.003281557646204,-15.334063526835084,-13.143483023001501,-2.193463478833424,1.2537313432835928,非鉄,4,1
57140,2024-11-18,2024-11-18,241.15044247787543,43.19654427645814,-19.43844492440561,67.11409395973256,1.2382075471698117,非鉄,0,4
57140,2024-11-19,2024-11-19,-88.64864864864819,-28.334786399302203,-4.3591979075852105,-23.986044483209625,-0.4659289458357585,非鉄,1,1
57140,2024-11-20,2024-11-20,-111.67068097219234,28.7674264217741,-8.851515822084766,35.42958370239102,0.702165008777067,非鉄,2,0
57140,2024-11-21,2024-11-21,-52.805280528053224,-64.15929203539838,-50.88495575221286,-8.898776418242438,-0.755374782103424,非鉄,3,1
57140,2024-11-22,2024-11-22,140.0000000000001,72.33669443226675,-54.80052608505037,127.83777826757658,-0.23419203747072626,非鉄,4,4
57140,2024-11-25,2024-11-25,-36.717062634988864,-21.715526601520097,-13.029315960911836,-6.5245759025667205,-0.17605633802817433,非鉄,0,1
57140,2024-11-26,2024-11-26,-13.207131851199483,-68.52343059239652,-41.99823165340399,-26.63706992230841,-1.3521457965902428,非鉄,1,2
57140,2024-11-27,2024-11-27,-180.00000000000017,74.74518686296783,27.180067950169917,47.4361870341089,-1.0727056019070313,非鉄,2,0
57140,2024-11-28,2024-11-28,76.45603777827858,35.66651805617438,64.64556397681731,-31.000885739592697,,非鉄,3,3
57140,2024-11-29,2024-11-29,-139.34970139349744,4.464285714285143,-13.39285714285765,20.12072434607548,1.9879518072289049,非鉄,4,0
57140,2024-12-02,2024-12-02,6.6740823136823835,8.873114463177068,24.401064773735825,-17.69911504424737,0.4725339633786074,非鉄,0,2
57140,2024-12-03,2024-12-03,61.60616061606117,-8.733624454148048,65.50218340611424,-71.59904534606243,-0.4115226337448541,非鉄,1,3
57140,2024-12-04,2024-12-04,-272.44986922406287,4.474272930647949,49.21700223713632,-44.52359750667823,-0.2951593860684776,非鉄,2,0
57140,2024-12-05,2024-12-05,35.49245785270605,6.640106241699861,13.280212483399723,-2.211410880141873,0.82889283599763,非鉄,3,3
57140,2024-12-06,2024-12-06,-30.97345132743401,33.29633740288607,0.0,35.52397868561208,1.2918379330593144,非鉄,4,2
57140,2024-12-09,2024-12-09,-39.691289966924394,0.0,-39.823008849557695,39.98223011994595,0.521739130434784,非鉄,0,1
57140,2024-12-10,2024-12-10,-39.215686274509665,-94.09190371991284,-37.19912472647691,-61.47091108671843,1.6147635524798254,非鉄,1,1
57140,2024-12-11,2024-12-11,-104.57516339869244,19.797624285085025,-4.399472063352228,26.414263702398966,-0.2270147559591429,非鉄,2,0
57140,2024-12-12,2024-12-12,-34.790171776473144,-37.117903930130595,4.366812227074579,-41.46660846791828,-1.5358361774744034,非鉄,3,1
57140,2024-12-13,2024-12-13,-126.14180078294956,-35.126234906696084,19.758507135017034,-59.132720105125046,-0.17331022530329143,非鉄,4,0
57140,2024-12-16,2024-12-16,-13.21585903083733,-72.78341420379309,-19.85002205557973,-53.03867403314899,3.009259259259256,非鉄,0,2
57140,2024-12-17,2024-12-17,-93.12638580931232,-73.95786642761082,4.482294935006514,-71.73279533736809,-0.3370786516853963,非鉄,1,0
57140,2024-12-18,2024-12-18,-9.07029478457999,-43.18181818181777,18.18181818181719,-63.5064640508054,-1.3528748590755368,非鉄,2,2
57140,2024-12-19,2024-12-19,108.04597701149498,13.608528010886634,-2.268088001814439,18.152938506921235,0.6857142857142895,非鉄,3,4
57140,2024-12-20,2024-12-20,-115.4107264086901,-160.109789569991,-61.7566331198538,-98.96432681242851,1.2485811577752637,非鉄,4,0
57140,2024-12-23,2024-12-23,20.847810979847115,34.594095940958525,16.143911439114866,20.727775218793987,0.39237668161435924,非鉄,0,2
57140,2024-12-24,2024-12-24,-16.062413951354326,6.920415224913601,36.908881199537724,-32.16911764705843,0.16750418760469454,非鉄,1,2
57140,2024-12-25,2024-12-25,-84.78460128322651,90.13173099144956,39.28819043216958,50.64456721915356,,非鉄,2,1
57140,2024-12-26,2024-12-26,9.174311926605228,48.10996563573866,34.36426116838476,15.985384791048496,1.17056856187292,非鉄,3,2
57140,2024-12-27,2024-12-27,97.79395042074145,29.213483146066643,11.235955056179137,17.957351290684986,0.0,非鉄,4,3
57140,2024-12-30,2024-12-30,15.652951699463014,-44.692737430167554,-26.815642458100086,-22.39641657334812,-0.22038567493113392,非鉄,0,2
57140,2025-01-06,2025-01-06,-42.34455092489431,24.707996406110322,-15.723270440252124,38.236617183986525,1.2749445676274895,非鉄,0,1
57140,2025-01-07,2025-01-07,67.2193591754433,44.56327985739694,13.368983957218195,33.385265969285705,0.21893814997262506,非鉄,1,3
57140,2025-01-08,2025-01-08,222.22222222222143,-62.86581400390179,-49.859093865163295,-17.4216027874563,-0.8192244675040983,非鉄,2,4
57140,2025-01-09,2025-01-09,-44.14036636504082,66.71114076050699,-15.565932844118224,82.40534521158027,0.6057268722466924,非鉄,3,1
57140,2025-01-10,2025-01-10,-17.742293191395085,-4.449388209121219,-37.81979977753092,31.25697700379515,3.1198686371100237,非鉄,4,2
57140,2025-01-14,2025-01-14,-84.80249944208929,117.40799277489167,27.094152178821496,83.25832583258253,-0.26274303730950965,非鉄,1,1
57140,2025-01-15,2025-01-15,-59.813912272929095,20.143240823635722,4.4762757385852225,17.90109644215665,0.8956796628029506,非鉄,2,1
57140,2025-01-16,2025-01-16,-35.76218149307087,46.92737430167515,-31.284916201117507,71.68458781362075,-0.8877284595300239,非鉄,3,1
57140,2025-01-17,2025-01-17,56.433408577878375,80.8262236192192,65.11001347103695,17.849174475681462,2.16016859852477,非鉄,4,3
57140,2025-01-20,2025-01-20,98.03921568627416,81.51575236836406,4.406256884776916,74.8568912373404,,非鉄,0,4
57140,2025-01-21,2025-01-21,-124.10189418680551,66.07929515418442,22.026431718060735,39.543057996485054,0.979886539453334,非鉄,1,0
57140,2025-01-22,2025-01-22,105.51769619696616,23.96514161220109,13.071895424836555,10.879025239338702,-1.0725229826353377,非鉄,2,4
57140,2025-01-23,2025-01-23,125.38495380554293,39.13043478260825,36.956521739131,-2.164970772894348,1.032524522457412,非鉄,3,4
57140,2025-01-24,2025-01-24,21.69668040789663,-41.179020372777984,0.0,-43.33694474539573,-0.7153806847215116,非鉄,4,2
57140,2025-01-27,2025-01-27,-94.42060085836923,-4.321521175453258,15.125324114089178,-21.57031924072461,-0.7205352547606791,非鉄,0,0
57140,2025-01-28,2025-01-28,-36.772658446896365,-4.334633723450665,-21.673168617252216,19.552465783185813,0.6220839813374734,非鉄,1,1
57140,2025-01-29,2025-01-29,19.56947162426559,4.347826086956719,21.739130434783593,-13.020833333333703,2.266872746007209,非鉄,2,2
57140,2025-01-30,2025-01-30,15.24058349662516,60.86956521739184,36.956521739131,25.996533795493715,-1.2594458438287104,非鉄,3,2
57140,2025-01-31,2025-01-31,-55.650684931506376,32.33455486096215,21.55636990730736,15.06348181622652,-1.479591836734695,非鉄,4,1
57140,2025-02-03,2025-02-03,-71.73913043478252,37.28070175438525,19.736842105262387,17.509301816589495,1.0875194199896354,非鉄,0,1
57140,2025-02-04,2025-02-04,-21.73440556400785,-56.76855895196509,-6.550218340611869,-52.42463958060273,1.2295081967213184,非鉄,1,2
57140,2025-02-05,2025-02-05,-32.74394237066103,-103.02498903989488,-39.45637878123631,-63.82042253521125,-0.15182186234817818,非鉄,2,1
57140,2025-02-06,2025-02-06,59.22351392849245,43.639537420903096,41.457560549857945,4.346881112802237,0.4561581348200727,非鉄,3,3
57140,2025-02-07,2025-02-07,23.90784612040786,60.81668114682914,62.98870547350121,-2.1584286639331207,-1.6145307769929396,非鉄,4,3
57140,2025-02-10,2025-02-10,-30.14642549526325,47.52646359905022,32.40440699935121,15.073212747631626,0.8717948717948731,非鉄,0,2
57140,2025-02-12,2025-02-12,-210.72397245983754,-274.1181470463239,-80.74798130046746,-192.84336833083393,1.499482936918306,非鉄,2,0
57140,2025-02-13,2025-02-13,458.0319964935353,-125.52301255230103,-4.184100418409553,-123.45679012345734,0.5094243504839557,非鉄,3,4
57140,2025-02-14,2025-02-14,-187.63326226012845,-13.026487190620495,-8.684324793747367,-6.517488594395271,0.6588950836289964,非鉄,4,0
57140,2025-02-17,2025-02-17,15.207473386922299,-28.24245057571173,-26.069954377579975,2.1791239921542527,,非鉄,0,2
57140,2025-02-18,2025-02-18,-2.172024326672073,-26.03036876355769,13.015184381779399,-36.83640303358659,1.1077542799597273,非鉄,1,2
57140,2025-02-19,2025-02-19,8.673026886383273,6.48788927335664,6.48788927335664,-2.160760587727184,-0.8466135458167323,非鉄,2,2
57140,2025-02-20,2025-02-20,-21.772262138035625,58.93909626718985,41.47566033617211,15.214083894805608,-0.050226017076848706,非鉄,3,2
57140,2025-02-21,2025-02-21,-25.996533795493715,-17.391304347825766,-54.347826086956765,41.548217800131404,-1.4070351758794009,非鉄,4,2
57140,2025-02-25,2025-02-25,70.26789635485198,-41.43044047099864,-19.624945486262924,-24.02795980777639,-0.46607975142413105,非鉄,1,3
57140,2025-02-26,2025-02-26,26.631158455392434,101.6125469405793,15.462778882262551,83.79272326350717,-0.3121748178980255,非鉄,2,3
57140,2025-02-27,2025-02-27,89.63707914298125,-17.31227007141345,-43.280675178533066,21.72496198131757,-3.131524008350728,非鉄,3,3
57140,2025-02-28,2025-02-28,26.172300981461838,-58.87483645878766,-54.51373746183985,-4.385003288752687,-2.370689655172409,非鉄,4,3
57140,2025-03-03,2025-03-03,-2.1739130434783593,21.71081198436786,28.224055579679774,-2.1659085986569515,-2.759381898454749,非鉄,0,2
57140,2025-03-04,2025-03-04,-54.0540540540535,0.0,0.0,-2.1687269572756573,-0.7945516458569779,非鉄,1,1
57140,2025-03-05,2025-03-05,26.109660574411553,19.400732916576846,10.77818495365479,10.768899418478473,0.97254004576659,非鉄,2,3
57140,2025-03-06,2025-03-06,-21.186440677966047,-57.21551176096629,-19.0718372536558,-40.33113988537451,1.8130311614730887,非鉄,3,2
57140,2025-03-07,2025-03-07,44.87179487179471,48.97785349233352,14.90630323679687,31.887755102040227,1.3912075681691727,非鉄,4,3
57140,2025-03-10,2025-03-10,67.58183738120316,43.997485857951716,-14.665828619316867,56.63939584644506,0.5488474204171201,非鉄,0,3
57140,2025-03-11,2025-03-11,-85.9178541492034,73.7618545837715,4.214963119073545,67.39679865206405,0.4366812227074135,非鉄,1,1
57140,2025-03-12,2025-03-12,-123.40514536707813,48.80118820284274,48.80118820284274,-6.33044946191208,-2.336956521739131,非鉄,2,0
57140,2025-03-13,2025-03-13,54.73684210526297,-4.1972717733473885,-18.88772298006325,18.931426167438925,1.2799109627156469,非鉄,3,3
57140,2025-03-14,2025-03-14,82.55715495342875,10.462439840970283,35.57229545930074,-27.100271002710173,-2.5824175824175843,非鉄,4,3
57140,2025-03-17,2025-03-17,-37.22854188210945,18.625827814569007,26.90397350993301,-8.255933952527883,3.891708967851093,非鉄,0,1
57140,2025-03-18,2025-03-18,10.237510237509628,-22.41695536987942,-8.151620134502213,-16.313213703099684,-0.5971769815418027,非鉄,1,2
57140,2025-03-19,2025-03-19,232.84313725490114,-123.99999999999966,-96.00000000000053,-28.271405492730217,0.928454396504641,非鉄,2,4
57140,2025-03-21,2025-03-21,81.58270446665395,-42.553191489361765,0.0,-42.553191489361765,-1.0154997327632254,非鉄,4,3
57140,2025-03-24,2025-03-24,-46.91962464300259,53.38809034907577,2.0533880903483848,51.324163416135434,0.3239740820734305,非鉄,0,1
57140,2025-03-25,2025-03-25,76.03781339909688,10.193679918450993,-2.0387359836904206,14.276973281663885,-1.2917115177610294,非鉄,1,3
57140,2025-03-26,2025-03-26,106.87638636821984,83.79888268156499,75.81803671189213,5.939417937042002,-1.526717557251911,非鉄,2,4
57140,2025-03-27,2025-03-27,-18.000000000000238,76.27458851866776,24.08671216378888,58.10458825886489,-0.33222591362126463,非鉄,3,2
57140,2025-03-28,2025-03-28,-161.91842590694839,6.250000000000977,-31.250000000000444,41.8147606104946,0.6666666666666599,非鉄,4,0
57140,2025-03-31,2025-03-31,-108.97435897435858,47.51619870410284,10.79913606911509,45.346577413085676,1.0485651214128033,非鉄,0,0
57140,2025-04-01,2025-04-01,49.6760259179263,0.0,-17.204301075268713,19.392372333548735,0.5461496450027248,非鉄,1,3
57140,2025-04-02,2025-04-02,-25.828669823504402,45.375972342265314,8.643042350906516,32.369443245576775,-0.5975013579576305,非鉄,2,2
57140,2025-04-03,2025-04-03,-48.35164835164885,19.885108263366646,-28.722934158197376,46.521931767833365,0.21857923497268228,非鉄,3,1
57140,2025-04-04,2025-04-04,-116.5714285714281,62.44218316373784,4.625346901017124,48.49884526558989,0.4362050163576825,非鉄,4,0
57140,2025-04-07,2025-04-07,132.49999999999983,-180.06906758756824,-172.66896891958595,0.0,0.8686210640608039,非鉄,0,4
57140,2025-04-08,2025-04-08,185.81907090464478,-82.0463320463316,-135.13513513513487,53.816046966732586,0.9687836383207804,非鉄,1,4
57140,2025-04-09,2025-04-09,22.67002518891781,25.265285497726442,-181.91005558362838,200.51413881748027,0.9594882729211163,非鉄,2,2
57140,2025-04-10,2025-04-10,-156.46571560055222,164.70588235294014,112.94117647058899,55.86592178770999,1.9007391763463666,非鉄,3,0
57140,2025-04-11,2025-04-11,256.7237163814173,161.40517446000536,42.72489912176658,115.78449905482069,1.4507772020725396,非鉄,4,4
57140,2025-04-14,2025-04-14,78.08911345888791,-29.518619436875724,15.894641235241203,-43.083900226756896,-1.0725229826353377,非鉄,0,3
57140,2025-04-15,2025-04-15,-42.75427542754229,18.15705855651384,31.774852473900328,-11.314777098890838,-0.722767165720184,非鉄,1,1
57140,2025-04-16,2025-04-16,-134.8314606741574,-29.57233848953633,-18.19836214740689,-13.670539986329056,0.6240249609984483,非鉄,2,0
57140,2025-04-17,2025-04-17,122.91280148422956,4.566210045662267,-9.132420091324533,16.00000000000046,-0.2583979328165342,非鉄,3,4
57140,2025-04-18,2025-04-18,36.57978966620901,52.1896982073966,38.57499432720735,24.892509617560066,,非鉄,4,3
57140,2025-04-21,2025-04-21,-56.818181818182325,66.34637382749942,18.30244795241409,47.95615437314549,-0.10362694300518616,非鉄,0,1
57140,2025-04-22,2025-04-22,237.17217787913248,122.93249888243096,51.40813589628923,75.63959955506184,-1.4522821576763434,非鉄,1,4
57140,2025-04-23,2025-04-23,-238.19742489270433,-13.210039630119352,11.008366358431498,-26.385224274406703,-0.6315789473684164,非鉄,2,0
57140,2025-04-24,2025-04-24,-32.608695652174276,-28.4339457567806,-17.497812773403787,0.0,1.0063559322033955,非鉄,3,1
57140,2025-04-25,2025-04-25,78.77461706783384,6.482281763180442,-2.160760587727184,8.644910309054676,0.10487676979549221,非鉄,4,3
57140,2025-04-28,2025-04-28,-73.51351351351343,41.457560549857945,30.547676194632167,8.699434536754147,-0.41906757464641453,非鉄,0,1
57140,2025-04-30,2025-04-30,-108.31889081455826,37.33801888864407,28.552602679552397,8.760402978535975,1.2466124661246525,非鉄,2,0
57140,2025-05-01,2025-05-01,128.66015971606083,10.97694840834329,26.34467618002123,-10.952902519167917,-0.6959314775160652,非鉄,3,4
57140,2025-05-02,2025-05-02,-54.75251861585595,-19.8281559814939,24.234412866270816,-41.76742141129952,-0.6469002695417836,非鉄,4,1
57140,2025-05-07,2025-05-07,4.410143329658389,52.980132450330956,61.81015452538574,-6.583278472679366,-1.3392857142857095,非鉄,2,2
57140,2025-05-08,2025-05-08,17.66394347538114,-28.496273564225795,-72.33669443226675,39.726329728537735,-0.39592760180995334,非鉄,3,2
57140,2025-05-09,2025-05-09,-58.35314458612517,-39.0625,23.87152777777679,-60.6323083585969,0.5110732538330387,非鉄,4,1
57140,2025-05-12,2025-05-12,2.148227712137629,77.25321888411906,-8.58369098712397,77.25321888411906,-0.5649717514124242,非鉄,0,2
57140,2025-05-13,2025-05-13,-102.81158203944597,-251.69204737732653,-19.03553299492433,-231.03009749893988,-1.2499999999999956,非鉄,1,0
57140,2025-05-14,2025-05-14,-241.76294394522847,-8.798944126704455,68.19181698196175,-78.63695937090465,0.9205983889528202,非鉄,2,0
57140,2025-05-15,2025-05-15,98.19236777504958,-35.39040035390406,44.238000442380354,-77.0925110132159,2.2234891676168766,非鉄,3,4
57140,2025-05-16,2025-05-16,-8.818342151675207,13.224597751817502,26.449195503637224,-10.993843447669738,-1.171221416620194,非鉄,4,2
57140,2025-05-19,2025-05-19,59.64214711729588,-65.80390436499273,-76.77122175915763,4.4179368235042205,0.9029345372460584,非鉄,0,3
57140,2025-05-20,2025-05-20,-67.68558951965042,26.356248627279477,-2.1963540522729197,26.356248627279477,1.6778523489932917,非鉄,1,1
57140,2025-05-21,2025-05-21,-112.43243243243217,-4.390779363336872,-10.97694840834218,8.793141349747735,1.2101210121012063,非鉄,2,0
57140,2025-05-22,2025-05-22,-15.631978561857496,33.5871025526191,11.195700850872292,17.885088307623143,0.5978260869565322,非鉄,3,2
57140,2025-05-23,2025-05-23,151.41393898908893,-35.21126760563376,2.2007042253524567,-37.40374037403793,-0.8103727714748765,非鉄,4,4
57140,2025-05-26,2025-05-26,-24.197096348438365,35.18029903254227,-8.795074758135568,50.64963664391131,,非鉄,0,2
57140,2025-05-27,2025-05-27,-19.501625135427414,45.53339115351163,4.336513443192747,43.3557337957935,-0.16339869281045694,非鉄,1,2
57140,2025-05-28,2025-05-28,2.16403375892682,-77.7705767984449,-36.72499459926537,-39.0370852309696,-1.6366612111292977,非鉄,2,2
57140,2025-05-29,2025-05-29,43.63001745200768,-36.924413553431904,-52.12858384013863,19.65923984272644,-0.8319467554076532,非鉄,3,3
57140,2025-05-30,2025-05-30,126.77935943060436,109.98680158381013,72.59128904531397,37.12601004586258,-0.7829977628635354,非鉄,4,4
57140,2025-06-02,2025-06-02,-155.8726673984634,46.88546550569272,40.187541862022336,2.222716159145932,-1.183765501691092,非鉄,0,0
57140,2025-06-03,2025-06-03,95.5555555555554,41.97039982328343,-11.04484205875833,53.07386112339607,0.0,非鉄,1,3
57140,2025-06-04,2025-06-04,0.0,-162.83108988276118,-26.0529743812421,-134.98802525582443,-0.057045065601823985,非鉄,2,2
57140,2025-06-05,2025-06-05,68.67523260965847,287.54700287547007,15.48330015483268,271.64310954063575,0.05707762557076723,非鉄,3,3
57140,2025-06-06,2025-06-06,-2.1584286639331207,110.29411764705843,-43.25259515570945,160.83460117365834,0.855675984027382,非鉄,4,2
57140,2025-06-09,2025-06-09,-15.086206896551824,-41.09885355829568,-17.304780445598354,-17.346053772766545,-2.0361990950226283,非鉄,0,2
57140,2025-06-10,2025-06-10,-32.608695652174276,-89.75481611208424,-15.323992994745739,-72.36842105263209,1.385681293302543,非鉄,1,1
57140,2025-06-11,2025-06-11,87.9120879120876,102.59768609473863,45.841519318925435,52.12858384013863,-0.5694760820045608,非鉄,2,3
57140,2025-06-12,2025-06-12,-34.95739567402234,-8.768084173608193,39.4563787812352,-45.86154182135815,0.45819014891179677,非鉄,3,1
57140,2025-06-13,2025-06-13,-43.83081306158276,-2.1987686895341696,13.192612137202797,-17.563117453347488,1.425313568985187,非鉄,4,1
57140,2025-06-16,2025-06-16,60.737527114966824,-53.74032674118623,-51.59071367153878,0.0,-2.360876897133224,非鉄,0,3
57140,2025-06-17,2025-06-17,49.934867564047636,19.400732916576846,25.867643888768388,-4.301075268817733,-0.8059873344847479,非鉄,1,3
57140,2025-06-18,2025-06-18,-73.91304347826089,120.53473591935094,54.7885163269779,69.77758395115607,0.4643064422518828,非鉄,2,1
57140,2025-06-19,2025-06-19,-155.57476231633504,-35.003281557646204,-26.252461168234653,-15.34414730381406,,非鉄,3,0
57140,2025-06-20,2025-06-20,-58.84917175239757,-32.95254833040384,24.165202108963335,-50.43859649122795,-0.8665511265164683,非鉄,4,1
57140,2025-06-23,2025-06-23,-90.8889381511857,31.319910514542304,44.74272930648837,-6.685981724983137,-2.447552447552448,非鉄,0,1
57140,2025-06-24,2025-06-24,-44.24778761061954,4.452359750668489,17.809439002671734,-11.113580795731881,-0.8363201911589013,非鉄,1,1
57140,2025-06-25,2025-06-25,-24.526198439241973,-11.125945705384721,-33.37783711615528,26.80366316729854,-1.0843373493975905,非鉄,2,2
57140,2025-06-26,2025-06-26,60.538116591928315,53.51170568561825,28.985507246377384,22.227161591463762,-0.3654080389768555,非鉄,3,3
57140,2025-06-27,2025-06-27,125.13484358144478,0.0,-12.768674185996698,10.651896037494613,2.0782396088019572,非鉄,4,4
57140,2025-06-30,2025-06-30,-46.50179666032539,-61.64965986394599,6.377551020408934,-70.09345794392496,0.8383233532934131,非鉄,0,1
57140,2025-07-01,2025-07-01,-40.772532188840806,75.51240560949246,53.937432578208266,17.16001716001614,-0.23752969121140222,非鉄,1,1
57140,2025-07-02,2025-07-02,21.376656690894613,100.21321961620532,108.74200426439273,-2.1105951878430673,2.440476190476182,非鉄,2,2
57140,2025-07-03,2025-07-03,129.0591174021638,-6.165228113440557,-34.9362926428276,37.1517027863777,0.6391632771644451,非鉄,3,4
57140,2025-07-04,2025-07-04,-166.32443531827468,-39.64941569282176,-22.954924874791782,-18.820577164366803,,非鉄,4,0
57140,2025-07-07,2025-07-07,-29.215358931552473,-50.30391951372892,-4.191993292810281,-48.218029350104445,-2.944572748267893,非鉄,0,2
57140,2025-07-08,2025-07-08,71.24895222129001,54.03158769742289,18.703241895261513,33.18125259228477,-1.903628792385481,非鉄,1,3
57140,2025-07-09,2025-07-09,-148.40414718438666,-90.64688916357588,-76.22579316028055,-18.67607387424752,0.363856882959368,非鉄,2,0
57140,2025-07-10,2025-07-10,-2.0661157024792765,-61.996280223186595,-70.26245091961147,8.324661810614753,-1.3293051359516639,非鉄,3,2
57140,2025-07-11,2025-07-11,-6.169031462059937,-43.33470903838177,-4.127115146512761,-39.22378199834875,0.3674219228414044,非鉄,4,2
57140,2025-07-14,2025-07-14,33.17437279701352,-16.563146997929934,4.1407867494824835,-18.629683295383614,0.7321537522879895,非鉄,0,3
57140,2025-07-15,2025-07-15,37.35214774849504,-26.83178534571673,-30.95975232198178,0.0,-2.9073288915808626,非鉄,1,3
57140,2025-07-16,2025-07-16,6.220194899440035,-39.256198347107365,4.132231404958553,-49.53560371517063,1.3724266999376233,非鉄,2,2
57140,2025-07-17,2025-07-17,4.20521446593769,37.85488958990557,33.648790746583224,4.191993292810281,-1.1076923076923095,非鉄,3,2
57140,2025-07-18,2025-07-18,-93.16770186335366,23.10924369747891,44.11764705882337,-16.73990374555401,1.8046048537647685,非鉄,4,0
57140,2025-07-22,2025-07-22,87.81099728204067,120.53200332502013,31.172069825435855,91.17281392457599,-1.2376237623762387,非鉄,1,3
57140,2025-07-23,2025-07-23,69.04955320877315,-120.48192771084376,-50.20080321285092,-72.63922518159771,0.0,非鉄,2,3
57140,2025-07-24,2025-07-24,32.258064516128556,88.62034239677685,64.45115810674639,22.008803521409437,0.6892230576441172,非鉄,3,3
57140,2025-07-25,2025-07-25,67.95922446532154,-15.844721727075184,-23.76708259061222,3.9690414764836923,-0.5600497822028649,非鉄,4,3
57140,2025-07-28,2025-07-28,42.016806722688926,5.955926146514745,-23.82370458606342,31.847133757962887,-1.689612015018771,非鉄,0,3
57140,2025-07-29,2025-07-29,-44.319097502014685,-8.053150795248598,-4.026575397624299,-4.028197381671372,-0.8911521323997418,非鉄,1,1
57140,2025-07-30,2025-07-30,50.576572931417815,68.39670086501658,38.22168577750862,24.033647105947686,0.6422607578676853,非鉄,2,3
57140,2025-07-31,2025-07-31,8.056394763342745,-64.33453960595136,-32.16726980297513,-30.260238047206123,0.574345883854499,非鉄,3,2
57140,2025-08-01,2025-08-01,90.05403241945098,9.89511181476388,-1.9790223629523318,9.89511181476388,-1.07868020304569,非鉄,4,3
57140,2025-08-04,2025-08-04,74.41673370876867,34.000000000000696,-10.000000000000009,44.044044044044824,-0.7055805003207238,非鉄,0,3
57140,2025-08-05,2025-08-05,101.09018830525285,-45.133437990581,-31.397174254317317,-13.77952755905465,-1.6149870801033583,非鉄,1,4
57140,2025-08-06,2025-08-06,157.57337010045225,-30.965744145539098,-36.7718211728274,1.941747572815622,-0.13131976362442677,非鉄,2,4
57140,2025-08-07,2025-08-07,99.51219512195131,13.526570048310038,-15.458937198067346,23.21083172146965,1.183431952662728,非鉄,3,4
57140,2025-08-08,2025-08-08,77.29468599033895,-547.8927203065132,15.325670498085309,-562.3565416985465,-0.3898635477582846,非鉄,4,3
57140,2025-08-12,2025-08-12,80.38585209003246,33.82411460405965,119.37922801432465,-80.6451612903225,-3.57142857142857,非鉄,1,3
57140,2025-08-13,2025-08-13,190.24970273483933,-98.87553315238495,-17.44862349747911,-83.49514563106841,0.40404040404040664,非鉄,2,4
57140,2025-08-14,2025-08-14,-104.90894695170283,-140.08405043025806,-74.04442665599365,-64.52913893930213,1.0731052984574108,非鉄,3,0
57140,2025-08-15,2025-08-15,126.11879576891694,22.04850671477354,-18.03968731208694,40.160642570281624,1.9907100199070937,非鉄,4,4
57140,2025-08-18,2025-08-18,51.56683855612742,0.0,-27.591643673630095,25.68662319699655,-0.3253090435914152,非鉄,0,3
57140,2025-08-19,2025-08-19,-35.4121581743061,5.924170616113944,29.62085308056972,-23.62669816893037,-0.9791122715404721,非鉄,1,1
57140,2025-08-20,2025-08-20,0.0,70.83825265643551,39.354584809130344,23.5017626321965,0.19775873434411118,非鉄,2,2
57140,2025-08-21,2025-08-21,108.88586428154711,17.32101616628068,-7.698229407235857,19.249278152069227,2.1710526315789513,非鉄,3,4
57140,2025-08-22,2025-08-22,-84.04966571155637,-40.33032456308816,-55.69425772997904,7.7190274025462635,0.0,非鉄,4,1
57140,2025-08-25,2025-08-25,65.40977298961081,15.325670498085309,21.072796934866744,-7.64525993883769,0.3219575016097931,非鉄,0,3
57140,2025-08-26,2025-08-26,-124.56880030663142,48.57198367981263,83.54381192927862,-32.761611100404764,-0.6418485237484006,非鉄,1,0
57140,2025-08-27,2025-08-27,112.73080660835654,55.75850797923554,32.686021918861826,21.076834642652642,-1.0981912144702788,非鉄,2,4
57140,2025-08-28,2025-08-28,-17.307692307692022,0.0,-7.677543186180857,7.683442182098155,1.1757021554539504,非鉄,3,2
57140,2025-08-29,2025-08-29,73.03478762252568,13.381762569297795,22.94016440451241,-7.630675314765911,2.840542285345382,非鉄,4,3
57140,2025-09-01,2025-09-01,-55.53427805438549,73.3449141092457,38.6025863732864,34.60872909055945,,非鉄,0,1
57140,2025-09-02,2025-09-02,112.74603477928524,22.684310018903364,22.684310018903364,-1.8857250612858145,1.381042059008153,非鉄,1,4
57140,2025-09-03,2025-09-03,71.88800605372636,-11.261261261261701,-20.645645645646084,9.403799134850566,-1.3622291021671784,非鉄,2,3
57140,2025-09-04,2025-09-04,128.34821428571396,-88.05723720418324,-80.7191341038338,0.0,0.5021971123666091,非鉄,3,4
57140,2025-09-05,2025-09-05,-5.533013648100216,40.627885503232704,-1.8467220683282548,59.20444033302496,-0.7495315427857641,非鉄,4,2
57140,2025-09-08,2025-09-08,-14.534883720930258,67.33393994540427,-23.657870791629065,96.7329804708883,1.636249213341734,非鉄,0,2
57140,2025-09-09,2025-09-09,-126.23985572587925,-109.3294460641403,-20.043731778425222,-87.6552227903582,-0.6811145510835948,非鉄,1,0
57140,2025-09-10,2025-09-10,-34.99079189686949,-53.505535055350386,-49.81549815498143,-5.561735261401246,-0.5610972568578565,非鉄,2,1
57140,2025-09-11,2025-09-11,105.55555555555651,10.991023997068972,-51.29144531965557,64.45672191528473,-0.4388714733542298,非鉄,3,4
57140,2025-09-12,2025-09-12,-100.93727469358326,-14.558689717925066,-7.279344858962533,-7.284647605172445,0.37783375314861534,非鉄,4,0
57140,2025-09-16,2025-09-16,-9.12575287461248,36.47638154295141,43.77165785154125,-1.816860465115866,1.2389380530973382,非鉄,1,2
57140,2025-09-17,2025-09-17,-74.77658216304972,-97.53404490246642,-66.24953993375038,-31.493145609484685,-0.4662004662004615,非鉄,2,1
57140,2025-09-18,2025-09-18,11.129660545352582,-33.38898163605997,-14.839547393804553,-11.15448968209698,-0.5854800936768156,非鉄,3,2
57140,2025-09-19,2025-09-19,-147.90164540580463,-148.30110756523408,-107.00206495213082,-41.74573055028441,-0.05889281507656108,非鉄,4,0
57140,2025-09-22,2025-09-22,62.48816512024247,-15.060240963855609,-18.825301204818956,1.8857250612858145,-0.5892751915144379,非鉄,0,3
57140,2025-09-24,2025-09-24,-129.04432391995456,43.69300911854168,28.495440729483512,11.361484567316005,-0.41103934233704953,非鉄,2,0
57140,2025-09-25,2025-09-25,259.1349739000748,76.15593834995549,110.60743427017128,-30.49874416935827,0.1768867924528239,非鉄,3,4
57140,2025-09-26,2025-09-26,-63.52087114337546,-67.69118185144585,-32.93084522502765,-31.215571061329328,-0.7651559741024161,非鉄,4,1
57140,2025-09-29,2025-09-29,-11.017260374587279,-20.16498625114549,31.164069660860605,-54.804530507854835,0.0,非鉄,0,2
57140,2025-09-30,2025-09-30,-23.93665991530125,-38.817005545286335,-49.90757855822592,5.569996286669543,-1.3048635824436494,非鉄,1,2
57140,2025-10-01,2025-10-01,-187.94194268701102,49.242424242423866,45.454545454546306,11.320754716981352,0.5408653846153744,非鉄,2,0
57140,2025-10-02,2025-10-02,-41.09844946758812,73.02003370155407,110.46620483055713,-38.88168857619001,0.7172743574417106,非鉄,3,1
57140,2025-10-03,2025-10-03,86.5963855421681,-7.448789571694592,-29.795158286778367,20.541549953314586,-0.4154302670623111,非鉄,4,3
57140,2025-10-06,2025-10-06,-173.72421281216077,16.574585635358297,11.049723756906271,-1.8382352941181956,0.5363528009535212,非鉄,0,0
57140,2025-10-07,2025-10-07,-23.81388532698314,-11.009174311926717,56.880733944955075,-71.1289440087548,-0.5927682276229973,非鉄,1,2
57140,2025-10-08,2025-10-08,67.028985507247,123.9001616089075,34.11743580535198,89.47745168217614,0.655933214072757,非鉄,2,3
57140,2025-10-09,2025-10-09,0.0,14.161798548415483,-5.310674455656361,21.257750221435057,-0.8293838862559189,非鉄,3,2
57140,2025-10-10,2025-10-10,-219.32952924393678,-60.24096385542133,-36.50967506389158,-20.16129032258118,-1.194743130227005,非鉄,4,0
57140,2025-10-14,2025-10-14,209.1743119266054,-124.19006479481686,-122.39020878329731,-23.636363636363455,0.6699147381242332,非鉄,1,4
57140,2025-10-15,2025-10-15,128.82447665056418,-31.72365174480052,-54.63517800493478,24.81389578163684,0.9679370840895318,非鉄,2,4
57140,2025-10-16,2025-10-16,-187.35773069515017,-12.486621476989201,28.540849090259446,-42.68184243286455,1.1384062312762122,非鉄,3,0
57140,2025-10-17,2025-10-17,253.75268048606125,-57.64192139738,-43.66812227074246,-19.288093985622147,0.23696682464455776,非鉄,4,4
57140,2025-10-20,2025-10-20,-45.66210045662156,-24.665257223396296,-51.09231853417939,19.46558131304288,0.23640661938533203,非鉄,0,1
57140,2025-10-21,2025-10-21,-22.807017543859942,-170.774647887324,-66.9014084507047,-101.06382978723349,-1.0023584905660354,非鉄,1,2
57140,2025-10-22,2025-10-22,49.03741373047499,63.10854670032562,23.440317345835293,44.99640028797769,0.9529481834425146,非鉄,2,3
57140,2025-10-23,2025-10-23,128.27461607949343,107.18113612004254,80.38585209003246,24.805102763996167,0.943952802359882,非鉄,3,4
57140,2025-10-24,2025-10-24,65.1637900669244,40.223854494578774,29.7306750612103,12.207882804324832,-0.8766803039158333,非鉄,4,3
57140,2025-10-27,2025-10-27,12.093987560470865,58.62068965517331,-39.6551724137928,100.41551246537495,0.9433962264151052,非鉄,0,2
57140,2025-10-28,2025-10-28,-76.60787457687502,-122.39020878329731,-1.7998560115195517,-118.8332733165287,0.8761682242990565,非鉄,1,1
57140,2025-10-29,2025-10-29,46.973803071364,8.994423457455714,48.56988667026441,-41.166994809378465,0.6369426751592355,非鉄,2,3
57140,2025-10-30,2025-10-30,97.42016958325772,73.07075387631423,-28.51541614685482,91.05516871987129,-1.1507479861910253,非鉄,3,3
57140,2025-10-31,2025-10-31,-130.8807923593913,32.258064516128556,-7.168458781362519,48.465266558965766,0.34924330616996624,非鉄,4,0
57140,2025-11-04,2025-11-04,256.7347676731147,-97.12166696097424,-95.35581847077479,-3.5650623885918886,-0.9200690051753835,非鉄,1,4
57140,2025-11-05,2025-11-05,-296.4175304600836,231.42963792459835,141.84397163120587,82.76623137759786,0.9866511897852481,非鉄,2,0
57140,2025-11-06,2025-11-06,-69.01561932437295,-38.34915997078192,10.956902848795469,-43.80361379813791,-1.4367816091954033,非鉄,3,1
57140,2025-11-07,2025-11-07,-82.674995406945,171.13095238095343,50.223214285713965,124.05110164784405,-0.4664723032069995,非鉄,4,1
57140,2025-11-10,2025-11-10,141.0998552822007,140.81996434937682,80.21390374331583,60.12378426171638,0.5858230814294041,非鉄,0,4
57140,2025-11-11,2025-11-11,-169.90716412681684,37.466547725244496,23.193577163247436,10.67615658362886,0.6406523005241693,非鉄,1,0
57140,2025-11-12,2025-11-12,143.83441501490955,292.4381380861751,-6.921612735767413,299.5670995670996,0.810185185185186,非鉄,2,4
57140,2025-11-13,2025-11-13,330.4670375990559,-13.065490772496968,106.15711252653925,-114.77529906239847,1.5499425947187229,非鉄,3,4
57140,2025-11-14,2025-11-14,94.75465313028675,145.77747989276136,75.4021447721187,71.52361942781127,-2.713397399660822,非鉄,4,3
57140,2025-11-17,2025-11-17,-41.666666666666515,41.82000669120001,1.6728002676469345,38.461538461538325,1.0459035444509102,非鉄,0,1
57140,2025-11-18,2025-11-18,-129.0214477211793,-153.26975476839254,-110.69482288828314,-49.90535191877421,0.17251293847038163,非鉄,1,0
57140,2025-11-19,2025-11-19,-32.439815605258545,51.63511187607605,-6.8846815834766595,56.82796624763231,-1.320321469575203,非鉄,2,1
57140,2025-11-20,2025-11-20,205.42178817982926,-107.17230008243983,-46.16652926628162,-54.69915464942798,-0.7562536358347915,非鉄,3,4
57140,2025-11-21,2025-11-21,-95.40034071550241,108.22882666208456,24.050850369352617,80.52081548740819,-0.17584994138335475,非鉄,4,0
57140,2025-11-25,2025-11-25,-16.846361185983703,-32.09459459459496,16.891891891892552,-47.22550177095663,-0.11785503830288313,非鉄,1,2
57140,2025-11-26,2025-11-26,-51.67527921320247,-31.80448610646147,33.47840642785371,-70.03501750875385,2.2418879056047114,非鉄,2,1
57140,2025-11-27,2025-11-27,13.212221304705896,-29.678483099753183,-32.976092333057984,-1.6534391534395176,,非鉄,3,2
57140,2025-11-28,2025-11-28,26.402640264027166,6.593044338223386,28.02043843744828,-21.36752136752129,0.461627236006934,非鉄,4,3
57140,2025-12-01,2025-12-01,-168.71416871416912,16.722408026756952,-5.0167224080266415,20.073603211776536,-0.5743825387708235,非鉄,0,0
57140,2025-12-02,2025-12-02,-1.6636167027117565,-18.333333333333535,-18.333333333333535,1.670006680025704,1.1554015020219577,非鉄,1,2
57140,2025-12-03,2025-12-03,60.38242200603783,64.96751624187836,53.30667999333683,9.940357852882276,-1.3135351227869796,非鉄,2,3
57140,2025-12-04,2025-12-04,112.54551473022234,-55.61007523716022,-29.440628066732533,-26.24671916010457,1.215277777777768,非鉄,3,4
57140,2025-12-05,2025-12-05,-4.93664637156499,83.97826444920042,34.57928536143573,49.22874958976031,-0.05717552887364308,非鉄,4,2
57140,2025-12-08,2025-12-08,-82.85946385052756,45.88659455916133,0.0,40.95004095004073,-0.5148741418764313,非鉄,0,1
57140,2025-12-09,2025-12-09,-99.348534201954,11.484823625922402,9.844134536505234,4.918839153960075,1.5526164462334568,非鉄,1,0
57140,2025-12-10,2025-12-10,238.61852433280984,-59.59657701711474,10.696821515892019,-70.21828728438373,-1.5855039637599044,非鉄,2,4
57140,2025-12-11,2025-12-11,-59.587471352177126,16.996291718169854,-41.71817058096438,58.96043444530541,0.690448791714604,非鉄,3,1
57140,2025-12-12,2025-12-12,265.4867256637172,-13.35113484646211,-20.768431983385625,11.897679952408424,-1.1428571428571455,非鉄,4,4
57140,2025-12-15,2025-12-15,-62.968515742128915,48.26546003016574,3.016591251885359,52.814244756300695,1.6184971098266,非鉄,0,1
57140,2025-12-16,2025-12-16,-228.74341610233273,91.07749305341085,80.27168879283676,10.719754977028817,-0.7963594994311762,非鉄,1,0
57140,2025-12-17,2025-12-17,414.0508221225714,24.285714285714466,-18.571428571428903,42.93688278230956,1.089449541284404,非鉄,2,4
57140,2025-12-18,2025-12-18,24.50273854136542,-64.74820143884897,-35.97122302158251,-31.759780568788585,0.7373794668179334,非鉄,3,3
57140,2025-12-19,2025-12-19,19.019751280175967,80.05822416302655,1.4556040756907862,72.7272727272732,-0.16891891891891442,非鉄,4,2
57140,2025-12-22,2025-12-22,114.64603038119803,-43.89691305579202,1.4160294534115714,-46.715741789354894,0.7896221094190636,非鉄,0,4
57140,2025-12-23,2025-12-23,88.05567390995694,-22.503516174402492,-33.755274261603184,9.877240016933353,0.11191941801902416,非鉄,1,3
57140,2025-12-24,2025-12-24,227.08275285594937,25.90320381731459,-25.90320381731459,47.820740538324635,0.7266629401900593,非鉄,2,4
57140,2025-12-25,2025-12-25,12.210012210012167,23.038352080226865,33.87992952974761,-9.455626097527592,,非鉄,3,2
57140,2025-12-26,2025-12-26,-44.372730939895575,-2.7056277056280997,1.3528138528129396,-1.3529968881076382,-0.2219755826859071,非鉄,4,1
57140,2025-12-29,2025-12-29,-331.46353901070904,-14.494663328501467,61.931743312688695,-77.25546680633744,-1.5572858731924377,非鉄,0,0
57140,2025-12-30,2025-12-30,148.29931972789146,-29.451137884872747,-1.338688085675832,-26.780931976432278,-0.4519774011299438,非鉄,1,4
57140,2026-01-05,2026-01-05,-3.988300983780446,1.3333333333331865,-1.3333333333331865,-1.3329778725668096,1.7162471395880896,非鉄,0,2
57140,2026-01-06,2026-01-06,138.90675241157612,88.43967150979238,24.005053695514977,61.74395161290258,-0.16872890888638414,非鉄,1,4
57140,2026-01-07,2026-01-07,77.21046077210359,-33.366287691547484,53.138902619871416,-89.70262963873155,0.5633802816901401,非鉄,2,3
57140,2026-01-08,2026-01-08,22.113022113021685,-190.1840490797546,-57.66871165644116,-133.28396890040727,-0.11204481792717047,非鉄,3,2
57140,2026-01-09,2026-01-09,139.62264150943372,-7.458048477314572,-82.03853325046583,75.19739315703822,-0.11217049915872579,非鉄,4,4
57140,2026-01-13,2026-01-13,-30.134445989801193,62.615955473097614,70.73283858998192,-12.659684658763437,-0.3556609365737984,非鉄,1,2
57140,2026-01-14,2026-01-14,-25.374855824682463,170.88096062810365,125.8515183004283,47.906923691114486,0.4759071980963814,非鉄,2,2
57140,2026-01-15,2026-01-15,-85.62415502478603,-60.22727272727235,-20.454545454545723,-37.58542141230059,-0.4736530491415092,非鉄,3,1
57140,2026-01-16,2026-01-16,-151.06431677729404,78.09768038232967,-3.4969110618954247,81.6231343283591,1.1302795954788891,非鉄,4,0
57140,2026-01-19,2026-01-19,127.53359143703014,62.74509803921635,7.843137254901489,57.11086226203754,,非鉄,0,4
57140,2026-01-20,2026-01-20,-185.26785714285677,148.9652035478728,51.17125312713134,96.15384615384582,-0.23529411764705577,非鉄,1,0
57140,2026-01-21,2026-01-21,535.6321839080458,-89.53920069884269,-105.91832277789925,17.660044150109577,-0.5306603773584939,非鉄,2,4
57140,2026-01-22,2026-01-22,-55.543212619417744,-44.5335114673795,10.020040080160886,-54.49894338783179,0.5334914048606976,非鉄,3,1
57140,2026-01-23,2026-01-23,130.28596665562554,-16.346992153444262,-64.29816913687935,46.05768176335179,1.5919811320754818,非鉄,4,4
57140,2026-01-26,2026-01-26,94.75059899803907,-98.9566526836616,-47.32709476175101,-52.95007564296572,-0.5223447475333765,非鉄,0,3
57140,2026-01-27,2026-01-27,242.9060395274374,-16.156828953037827,-35.545023696682556,10.800302408466855,-0.4667444574095736,非鉄,1,4
57140,2026-01-28,2026-01-28,9.711880867595557,-48.43918191603902,24.75780409042061,-73.01621389455559,0.9964830011723436,非鉄,2,2
57140,2026-01-29,2026-01-29,-140.95034703683896,313.6491455764645,223.88059701492492,87.80281392150701,0.05803830528148257,非鉄,3,0
57140,2026-01-30,2026-01-30,-251.07296137339085,125.46775258639676,99.05348888399779,22.878309184006795,-0.6380510440835319,非鉄,4,0
57140,2026-02-02,2026-02-02,266.96460072915374,-81.61857684791384,-70.12300264398252,-9.263547938860306,-0.6421482778750764,非鉄,0,4
57140,2026-02-03,2026-02-03,28.888888888889408,196.79380873410813,53.06799336650015,140.7366684991751,0.763807285546414,非鉄,1,3
57140,2026-02-04,2026-02-04,274.23469387755085,-82.68733850129162,-100.25839793281644,20.88772845953102,0.05830903790087216,非鉄,2,4
57140,2026-02-05,2026-02-05,-281.6755015071204,-54.15357955160793,-113.72251705837778,59.15215248110339,1.4568764568764658,非鉄,3,0
57140,2026-02-06,2026-02-06,296.73590504450954,-73.04116865869847,-14.386896857015996,-57.63688760806907,-1.0338885697874778,非鉄,4,4
57140,2026-02-09,2026-02-09,-340.09360374414933,101.18406889128018,40.904198062432506,56.799914264280545,-0.5223447475333765,非鉄,0,0
57140,2026-02-10,2026-02-10,30.83564600678379,74.48979591836658,-56.12244897959195,130.30987071619205,0.05834305717620225,非鉄,1,3
57140,2026-02-12,2026-02-12,126.45914396887115,-192.12295869356356,-168.10758885686838,-29.296875,0.8182349503214503,非鉄,3,4
57140,2026-02-13,2026-02-13,339.3425238600223,-210.90534979423813,-63.786008230453106,-141.9394944053043,0.1159420289855051,非鉄,4,4
57140,2026-02-16,2026-02-16,-119.69868950572726,-88.893536916963,-54.38192846684786,-31.555695803092696,,非鉄,0,0
57140,2026-02-17,2026-02-17,-109.6033402922758,-52.910052910053466,0.0,-50.80440304826461,-1.2159814707585426,非鉄,1,0
57140,2026-02-18,2026-02-18,317.93770139634694,7.280291211648748,17.680707228289183,-12.455885405854294,0.0,非鉄,2,4
57140,2026-02-19,2026-02-19,96.17373319545041,94.27195409365652,62.50640434470655,33.6117335506203,-0.058616647127784915,非鉄,3,3
57140,2026-02-20,2026-02-20,179.1530944625408,69.6864111498252,49.77600796416182,24.777006937561907,0.4105571847507372,非鉄,4,4
57140,2026-02-24,2026-02-24,257.5315840621961,14.170996693434468,-56.68398677373676,66.47673314339909,0.23378141437755406,非鉄,1,4
57140,2026-02-25,2026-02-25,-56.52378709373518,-85.06616257088817,-18.90359168241984,-70.9891150023667,0.5830903790087438,非鉄,2,1
57140,2026-02-26,2026-02-26,-9.456264775413725,-161.06110847939337,-104.21601136901937,-57.44375299186255,0.5797101449275255,非鉄,3,2
57140,2026-02-27,2026-02-27,872.8296574378236,-69.0250215703192,-34.5125107851596,-38.94418000865429,1.037463976945241,非鉄,4,4
57140,2026-03-02,2026-03-02,51.657339647008804,76.89021785561634,123.87868432294002,-46.41350210970452,-1.197946377638337,非鉄,0,3
57140,2026-03-03,2026-03-03,-404.2553191489362,-182.46550956831365,4.450378282154777,-182.46550956831365,0.34642032332563577,非鉄,1,0
57140,2026-03-04,2026-03-04,-429.60115329168656,36.34528016153382,-13.124684502776596,52.58367883506976,-0.6329113924050667,非鉄,2,0
57140,2026-03-05,2026-03-05,-413.2310642377757,29.999999999998916,4.999999999999449,24.98750624687629,2.316155182397228,非鉄,3,0
57140,2026-03-06,2026-03-06,292.6326635754761,109.99999999999899,24.999999999999467,79.76071784645988,1.2450481041312855,非鉄,4,4
57140,2026-03-09,2026-03-09,-275.1322751322749,286.6414277988105,5.408328826392861,282.192669477781,-1.8446059250978197,非鉄,0,0
57140,2026-03-10,2026-03-10,284.37468147997083,-95.1437066402383,-84.24182358771071,-15.984015984016331,-0.5694760820045608,非鉄,1,4
57140,2026-03-11,2026-03-11,43.62578768783321,-96.47853352629076,57.8871201157738,-167.62452107279668,1.9473081328751363,非鉄,2,3
57140,2026-03-12,2026-03-12,-51.74129353233803,39.28283642224084,-14.101531023368308,50.418473328628366,1.1235955056179803,非鉄,3,1
57140,2026-03-13,2026-03-13,191.32392060568827,-77.01540308061583,-38.007601520304576,-39.15662650602392,0.7777777777777883,非鉄,4,4
57140,2026-03-16,2026-03-16,-304.9031726411211,180.68469991546988,161.66525781910357,17.675192347681445,0.2756339581036382,非鉄,0,0
57140,2026-03-17,2026-03-17,50.51546391752648,-150.0976662897091,-66.82430348514457,-85.88576158940376,-0.05497526113249496,非鉄,1,3
57140,2026-03-18,2026-03-18,102.89518813678899,14.985014985013922,-4.995004995005381,14.985014985013922,1.980198019801982,非鉄,2,4
57140,2026-03-19,2026-03-19,-225.95356550580425,-160.88060965283702,-61.388653683319696,-107.48111099286972,1.4023732470334505,非鉄,3,0
57140,2026-03-23,2026-03-23,-36.90462461077182,98.55072463768045,82.31884057970929,18.40349666436536,-1.2332439678284235,非鉄,0,1
57140,2026-03-24,2026-03-24,-174.63848720800868,265.45660805445294,181.50879183210344,88.07134894091462,0.3800217155266017,非鉄,1,0
57140,2026-03-25,2026-03-25,32.19575016097931,60.11163589523471,6.440532417346656,56.87305504882501,1.1357490535424564,非鉄,2,3
57140,2026-03-26,2026-03-26,-18.158513138217813,48.025613660618305,51.22732123799434,-3.18538967933768,-0.2673796791443861,非鉄,3,2
57140,2026-03-27,2026-03-27,3.2192295310662367,90.90909090909038,44.9197860962558,50.06391137622579,-0.965147453083115,非鉄,4,2
57140,2026-03-30,2026-03-30,250.52192066805867,1.1241007194251473,17.985611510791255,-15.710919088767206,-1.4076881429344934,非鉄,0,4
57140,2026-03-31,2026-03-31,230.12552301255207,-80.49886621315227,-114.51247165532918,34.40761555224326,0.7138934651290452,非鉄,1,4
57140,2026-04-01,2026-04-01,-27.46347358013823,171.52281473336916,45.07971412864187,124.76742913428929,-1.199563794983638,非鉄,2,2
57140,2026-04-02,2026-04-02,-444.0894568690101,-33.53828954723359,10.061486864170188,-36.87974966472996,-0.22075055187638082,非鉄,3,0
57140,2026-04-03,2026-04-03,-98.47904584746713,-2.2007042253524567,-2.2007042253524567,6.607929515418665,0.0,非鉄,4,0
57140,2026-04-06,2026-04-06,135.25401363536415,38.3898212131184,94.32927498080446,-54.336013910019076,0.38716814159291957,非鉄,0,4
57140,2026-04-07,2026-04-07,2.1937040693220666,176.18734952943748,-1.0943313635369822,173.9606126914661,-1.1019283746556474,非鉄,1,2
57140,2026-04-08,2026-04-08,4.068762079136867,48.87485999389041,28.510334996436626,21.324126726238735,-0.3342618384401086,非鉄,2,2
57140,2026-04-09,2026-04-09,-64.64646464646506,-35.69971440228525,21.419828641371375,-55.98534201954442,-0.6148686416992732,非鉄,3,1
57140,2026-04-10,2026-04-10,-73.23026851098425,24.645717806530687,32.86095707537573,-9.21093030396114,-0.8436445444319429,非鉄,4,1
57140,2026-04-13,2026-04-13,-65.02890173410437,83.1255195344971,-15.586034912717928,94.66347654218276,0.05672149744753163,非鉄,0,1
57140,2026-04-14,2026-04-14,191.30965706726454,0.0,9.999999999998899,-9.990009990009652,0.45351473922903285,非鉄,1,4
57140,2026-04-15,2026-04-15,-267.37967914438497,4.987531172069293,4.987531172069293,-4.982561036372957,1.975169300225743,非鉄,2,0
57140,2026-04-16,2026-04-16,103.8062283737018,127.20156555773076,102.73972602739656,29.069767441860517,-0.6640841173215284,非鉄,3,4
57140,2026-04-17,2026-04-17,-227.6741903827284,31.137002812373638,4.017677782242046,31.137002812373638,-0.16713091922005985,非鉄,4,0
57140,2026-04-20,2026-04-20,-67.96601699150418,-152.63317497220208,-94.00586273122458,-54.109239407861274,0.8928571428571397,非鉄,0,1
57140,2026-04-21,2026-04-21,73.63324591486808,-2.0096463022512,28.13504823151236,-25.062656641604562,0.38716814159291957,非鉄,1,3
57140,2026-04-22,2026-04-22,-101.81225819588691,45.18381597863996,18.48428835489857,26.650266502665776,0.11019283746556141,非鉄,2,0
57140,2026-04-23,2026-04-23,-220.32693674484682,102.09396812167925,-29.169705177622962,136.94334099937367,0.27517886626307053,非鉄,3,0
57140,2026-04-24,2026-04-24,-65.2782095119675,79.54783336822314,38.72723466610939,39.616346955797525,-0.1097694840834218,非鉄,4,1
57140,2026-04-27,2026-04-27,43.044619422571984,-38.79626716996931,53.47593582887722,-91.78139340842773,1.318681318681314,非鉄,0,3
57140,2026-04-28,2026-04-28,148.75340456735887,12.378791004745704,4.126263668249308,7.217238890606659,0.9219088937093334,非鉄,1,4
57140,2026-04-30,2026-04-30,-52.609427609427996,86.18855075547938,82.99638220897964,0.0,-0.32171581769436797,非鉄,3,1
57140,2026-05-01,2026-05-01,-85.97190186621972,42.18964244278034,56.95601729775346,-11.540075535040328,0.6455083378160253,非鉄,4,1
57140,2026-05-07,2026-05-07,240.12474012474084,47.89076829019745,-2.037905033624998,54.03752039151666,0.0,非鉄,3,4
57140,2026-05-08,2026-05-08,-153.53738083291546,323.82499238655885,232.46370926809368,79.28642220019766,0.993926007730539,非鉄,4,0
57140,2026-05-11,2026-05-11,62.71104679208772,-71.9769673704418,14.395393474089246,-95.73958831976981,0.8201202843083566,非鉄,0,3
57140,2026-05-12,2026-05-12,-95.55661729574783,-53.11443746982114,-4.828585224528892,-53.11443746982114,1.3557483731019504,非鉄,1,0
57140,2026-05-13,2026-05-13,440.9603135717788,-74.87131492746823,-51.47402901263476,-28.208744710860323,0.48154093097914075,非鉄,2,4
57140,2026-05-14,2026-05-14,-284.3601895734593,-278.4562774792376,-83.04836345871979,-192.2129127649086,-3.833865814696491,非鉄,3,0
57140,2026-05-15,2026-05-15,-50.48380311316825,-194.99788045782117,-127.17253073336154,-72.96137339055764,0.8305647840531671,非鉄,4,1
57140,2026-05-18,2026-05-18,-199.73947025618722,-137.47228381374765,172.94900221729526,-305.1438535309503,4.83250961010433,非鉄,0,0
57140,2026-05-19,2026-05-19,-549.0549054905491,-142.99332697807478,-162.059103908484,14.527845036320652,-0.41906757464641453,非鉄,1,0
57140,2026-05-20,2026-05-20,-200.58708414872783,206.03015075376874,135.67839195979926,74.40476190476275,-1.9989479221462436,非鉄,2,0
57140,2026-05-21,2026-05-21,-58.224163027656985,-58.479532163743244,-19.493177387914784,-29.325513196480912,-0.7514761137949577,非鉄,3,1
57140,2026-05-22,2026-05-22,-81.73076923076894,72.81553398058361,48.543689320388324,28.99951667472145,0.21633315305571443,非鉄,4,1
57140,2026-05-25,2026-05-25,153.13225058004588,-18.33180568285964,13.74885426214556,-36.596523330283404,,非鉄,0,4
57140,2026-05-26,2026-05-26,-159.23566878980887,46.08294930875667,-124.4239631336408,177.40429505135324,-0.2698327037236936,非鉄,1,0
57140,2026-05-27,2026-05-27,-268.1818181818185,55.76208178438735,-9.293680297397522,65.11627906976791,-1.406926406926412,非鉄,2,0
57140,2026-05-28,2026-05-28,18.867924528302993,9.523809523810378,-157.1428571428568,174.24975798644658,0.2195389681668436,非鉄,3,2
57140,2026-05-29,2026-05-29,-98.73060648801113,-94.9667616334282,4.748338081670411,-99.66777408637827,-0.383351588170866,非鉄,4,0
58010,2024-05-10,2024-05-10,-48.32291074474138,79.90867579908745,34.24657534246478,45.50625711035261,2.8232636928289034,非鉄,4,2
58010,2024-05-13,2024-05-13,-89.18296892980405,31.99534613147259,17.452006980802626,17.426662794075565,1.3728720483251022,非鉄,0,1
58010,2024-05-14,2024-05-14,613.5128138752254,41.717791411042256,41.717791411042256,0.0,-1.2459371614301218,非鉄,1,4
58010,2024-05-15,2024-05-15,41.97530864197496,-220.4801567858894,-193.5325820676137,-22.494376405898244,1.5907844212835975,非鉄,2,2
58010,2024-05-16,2024-05-16,-186.30412890231597,156.61103979460745,128.36970474968012,30.425963488844854,-1.2419006479481687,非鉄,3,0
58010,2024-05-17,2024-05-17,-134.99745287824715,2.577319587628857,20.618556701030855,-15.43606894777505,-0.9841443411700346,非鉄,4,1
58010,2024-05-20,2024-05-20,48.444671086180776,-60.99110546378683,-63.53240152477735,0.0,1.656543346217565,非鉄,0,2
58010,2024-05-21,2024-05-21,73.94186639469558,-55.55555555555536,-47.97979797979801,-10.147133434804667,-0.4888647474198815,非鉄,1,3
58010,2024-05-22,2024-05-22,-214.37578814628046,10.311936065996452,18.045888115494346,-5.14800514800462,0.6550218340611424,非鉄,2,0
58010,2024-05-23,2024-05-23,-180.36588508116515,-28.79581151832511,-49.73821989528781,23.684210526315752,0.759219088937102,非鉄,3,0
58010,2024-05-24,2024-05-24,24.032042723631797,26.659557451347293,45.321247667289285,-15.927794000530904,0.10764262648008671,非鉄,4,2
58010,2024-05-27,2024-05-27,282.426778242677,160.14234875444845,152.51652262328497,12.525050100200552,,非鉄,0,4
58010,2024-05-28,2024-05-28,662.218927600693,123.05549106106372,204.31855119572793,-79.63594994311762,-0.37634408602150726,非鉄,1,4
58010,2024-05-29,2024-05-29,-94.03669724770691,-95.12761020881722,-13.921113689094877,-79.01464094817624,-1.6729627630868826,非鉄,2,1
58010,2024-05-30,2024-05-30,69.69478490747471,23.736055067646866,28.48326608117624,-7.098911500236227,-1.5367727771679496,非鉄,3,3
58010,2024-05-31,2024-05-31,-61.72839506172867,85.77555396712012,-4.765308553729142,90.58402860548264,-0.6131549609810438,非鉄,4,1
58010,2024-06-03,2024-06-03,-425.0295159386064,-22.194821208384454,-78.91491985203447,59.67180507210345,-0.6169377453729696,非鉄,0,0
58010,2024-06-04,2024-06-04,-221.13594040968354,-16.658733936221193,97.57258448357842,-117.78563015312105,-0.22573363431150906,非鉄,1,0
58010,2024-06-05,2024-06-05,-52.681992337164644,-149.07429670593885,-79.34599663380615,-72.6920281075838,-0.6221719457013553,非鉄,2,1
58010,2024-06-06,2024-06-06,-322.35294117647027,-106.74429888403725,-75.20621057738985,-31.777071620631148,3.1872509960159334,非鉄,3,0
58010,2024-06-07,2024-06-07,116.42308645033461,-124.66389635785835,-41.55463211928612,-83.45606283750584,-0.9376723662437914,非鉄,4,3
58010,2024-06-10,2024-06-10,204.78657784357202,9.61769656167455,-43.27963452753103,55.55555555555536,0.44543429844097204,非鉄,0,3
58010,2024-06-11,2024-06-11,-141.77909901669338,-46.3929482718628,11.59823706796459,-55.61993047508707,-0.388026607538805,非鉄,1,1
58010,2024-06-12,2024-06-12,-58.13953488372103,-100.23310023310029,-53.61305361305413,-46.87133817670497,0.8903728436282732,非鉄,2,1
58010,2024-06-13,2024-06-13,-89.18094344050664,-30.87885985748273,49.88123515439425,-80.3592531316477,1.103143960286812,非鉄,3,1
58010,2024-06-14,2024-06-14,310.2625298329365,-2.3041474654372784,-50.69124423963123,43.981481481480955,-2.127659574468088,非鉄,4,4
58010,2024-06-17,2024-06-17,-166.15960683360686,-118.11953697141497,-125.20670918970023,7.177033492822282,-1.0590858416945403,非鉄,0,1
58010,2024-06-18,2024-06-18,-187.20379146919487,-48.37929366231286,-104.01548137397243,56.220972867269126,0.9577464788732337,非鉄,1,0
58010,2024-06-19,2024-06-19,-2.4342745861738457,41.342412451361724,63.22957198443557,-19.33768431230387,,非鉄,2,2
58010,2024-06-20,2024-06-20,36.927621861151394,2.4521824423739957,-14.713094654241754,17.190569744596207,-1.8415178571428603,非鉄,3,2
58010,2024-06-21,2024-06-21,-201.92070918492954,-75.395828097512,-40.21110831867291,-37.8405650857716,-1.023308698123937,非鉄,4,0
58010,2024-06-24,2024-06-24,182.1862348178138,-4.961548002977434,-12.403870007442475,7.451564828613311,-0.4595060310166543,非鉄,0,3
58010,2024-06-25,2024-06-25,64.2609985170539,-66.14404703576659,-46.54581087702114,-17.232890201871463,-2.1927293710328866,非鉄,1,3
58010,2024-06-26,2024-06-26,231.7554240631159,-127.52646775745946,-69.77863330125066,-58.153622486066816,-1.1209439528023557,非鉄,2,4
58010,2024-06-27,2024-06-27,-19.63190184049113,-56.386369208139,-41.676881588624816,-9.852216748768017,-0.9546539379474916,非鉄,3,2
58010,2024-06-28,2024-06-28,-19.569471624266697,9.828009828010131,46.68304668304701,-34.24657534246589,-4.0963855421686795,非鉄,4,2
58010,2024-07-01,2024-07-01,-70.5081449063949,-39.20607694192557,24.503798088704176,-61.124694376527565,0.18844221105527303,非鉄,0,1
58010,2024-07-02,2024-07-02,-61.80469715698411,119.5814648729443,64.77329347284399,54.45544554455451,0.940438871473348,非鉄,1,1
58010,2024-07-03,2024-07-03,-24.58210422812246,46.7634752645818,-51.685946345064735,101.46003464488906,0.31055900621117516,非鉄,2,2
58010,2024-07-04,2024-07-04,-95.07557289127222,145.21289687423166,88.60447944868399,53.6585365853659,,非鉄,3,1
58010,2024-07-05,2024-07-05,-215.80989330746814,-54.83549351944173,-32.40279162512461,-20.01000500250094,2.0433436532507843,非鉄,4,0
58010,2024-07-08,2024-07-08,-85.42713567839199,-88.69741510390216,2.5342118601123786,-91.20851279452724,-3.3373786407767003,非鉄,0,1
58010,2024-07-09,2024-07-09,145.6790123456786,-77.80209093119383,-75.37077558959382,-2.4497795198430428,0.37664783427495685,非鉄,1,3
58010,2024-07-10,2024-07-10,151.62631450232223,173.16017316017397,0.0,173.16017316017397,1.5009380863039379,非鉄,2,3
58010,2024-07-11,2024-07-11,-175.3565583352812,94.9667616334282,45.10921177587779,52.00945626477438,0.800985828712264,非鉄,3,0
58010,2024-07-12,2024-07-12,-38.415366146458126,-38.57280617164949,-113.3076181292192,75.59131919044226,-2.200488997555017,非鉄,4,2
58010,2024-07-16,2024-07-16,102.73972602739656,-109.09090909090868,-29.09090909090861,-82.64462809917327,1.6035920461834552,非鉄,1,3
58010,2024-07-17,2024-07-17,159.80629539951607,11.92179303767249,-54.840247973295675,69.54436450839374,0.7575757575757569,非鉄,2,3
58010,2024-07-18,2024-07-18,-161.80436381466046,-209.4763092269325,-102.24438902743161,-110.83123425692732,-1.8796992481203034,非鉄,3,1
58010,2024-07-19,2024-07-19,56.41025641025532,125.25562372188048,74.13087934560414,55.85173902005636,0.0,非鉄,4,2
58010,2024-07-22,2024-07-22,-88.3615248674574,-208.9171974522297,-101.91082802547768,-113.1978389503474,2.298850574712641,非鉄,0,1
58010,2024-07-23,2024-07-23,-33.34188253398263,38.70967741935516,-23.225806451613316,59.47763123868688,0.3745318352059934,非鉄,1,2
58010,2024-07-24,2024-07-24,-41.55844155844135,-20.844189682126533,-28.660760812923016,0.0,0.43532338308458485,非鉄,2,2
58010,2024-07-25,2024-07-25,116.24763449580966,-96.30818619582703,66.88068485821263,-164.71838469713117,0.6811145510835948,非鉄,3,3
58010,2024-07-26,2024-07-26,215.6334231805923,-187.08827404479544,-102.76679841897285,-93.10986964618296,-2.890528905289058,非鉄,4,4
58010,2024-07-29,2024-07-29,116.92933401118432,-70.31642390758375,-10.045203415368631,-60.331825037707176,0.5066497783407176,非鉄,0,3
58010,2024-07-30,2024-07-30,58.598726114649224,121.58054711246092,5.0658561296867965,113.89521640091216,-2.2684310018903586,非鉄,1,2
58010,2024-07-31,2024-07-31,284.4805689611385,226.99235134468364,39.47693066864044,189.28220255653994,-1.3539651837524147,非鉄,2,4
58010,2024-08-01,2024-08-01,-50.56890012642201,-12.755102040816757,-12.755102040816757,0.0,0.2614379084967311,非鉄,3,1
58010,2024-08-02,2024-08-02,2.6990553306349696,-243.37479718766875,-45.97079502433709,-198.31567508829085,0.9126466753585305,非鉄,4,2
58010,2024-08-05,2024-08-05,140.23060143346865,-864.3699565487273,-369.335816263191,-510.96067053513883,1.0981912144702788,非鉄,0,3
58010,2024-08-06,2024-08-06,600.1905366783111,283.66676619886454,125.41057031949742,153.30188679245182,-0.8945686900958427,非鉄,1,4
58010,2024-08-07,2024-08-07,436.1567635903918,-313.0699088145894,-48.63221884498503,-265.72999389126494,-0.9671179883945835,非鉄,2,4
58010,2024-08-08,2024-08-08,34.667507091081795,-3.1347962382444194,75.23510971786828,-80.87091757387199,-1.3671875,非鉄,3,2
58010,2024-08-09,2024-08-09,170.57569296375252,-275.69673359304716,-203.77584656877445,-73.41694707861723,-0.46204620462045876,非鉄,4,3
58010,2024-08-13,2024-08-13,111.11111111111072,56.46359583952432,59.435364041604544,-2.954209748892156,-1.5645371577574951,非鉄,1,3
58010,2024-08-14,2024-08-14,173.5294117647057,-2.892681515764828,26.03413364188567,-28.8517022504331,0.9271523178807861,非鉄,2,3
58010,2024-08-15,2024-08-15,438.5458742065773,44.18668876001064,63.518365092516405,-19.209659714599645,-1.5748031496062964,非鉄,3,4
58010,2024-08-16,2024-08-16,-15.739769150052707,10.526315789474161,-31.578947368421375,42.238648363253084,-1.2666666666666715,非鉄,4,2
58010,2024-08-19,2024-08-19,207.7230359520632,-229.5851813201144,-57.39629533002888,-170.60367454068248,2.160702228224176,非鉄,0,4
58010,2024-08-20,2024-08-20,-7.915567282321678,-65.66850538481717,-42.02784344628285,-23.740437879187226,-0.7270323859881023,非鉄,1,2
58010,2024-08-21,2024-08-21,-73.58953393295175,0.0,0.0,0.0,0.13315579227697327,非鉄,2,1
58010,2024-08-22,2024-08-22,-66.29834254143651,111.638291934133,-47.446274072007185,156.99467339501007,-1.3962765957446832,非鉄,3,1
58010,2024-08-23,2024-08-23,-136.11111111111128,120.68481616615223,19.646365422396617,100.84033613445342,-0.8091706001348564,非鉄,4,1
58010,2024-08-26,2024-08-26,-278.33001988071595,-23.446658851113966,-99.64830011723325,79.95262066923247,-1.5635622025832796,非鉄,0,0
58010,2024-08-27,2024-08-27,17.54385964912286,93.45794392523254,20.443925233644133,72.8650539201392,1.4502762430939287,非鉄,1,2
58010,2024-08-28,2024-08-28,-96.94477085781416,103.9501039501034,92.0700920700912,11.771630370807085,-0.5445881552076259,非鉄,2,1
58010,2024-08-29,2024-08-29,-11.764705882353343,117.71630370806419,32.37198351971671,85.06893517160385,1.4373716632443578,非鉄,3,2
58010,2024-08-30,2024-08-30,253.70581527936142,0.0,22.222222222221255,-19.406709176601478,2.1592442645074206,非鉄,4,4
58010,2024-09-02,2024-09-02,-5.479452054794054,2.7487630566236376,0.0,5.499037668408313,,非鉄,0,2
58010,2024-09-03,2024-09-03,-43.36043360433584,-54.540496318516986,-54.540496318516986,0.0,1.7833553500660404,非鉄,1,2
58010,2024-09-04,2024-09-04,-169.09620991253593,-177.93594306049874,-59.31198102016588,-119.331742243437,1.5574302401038187,非鉄,2,0
58010,2024-09-05,2024-09-05,305.7722308892363,-136.03385731559837,-190.4474002418377,52.37215033887965,-0.31948881789137795,非鉄,3,4
58010,2024-09-06,2024-09-06,-291.85867895545334,19.047619047618536,0.0,15.867978419550344,-1.7948717948717996,非鉄,4,0
58010,2024-09-09,2024-09-09,192.30769230769164,178.3398184176388,139.42931258106307,38.37543971858093,0.32637075718016106,非鉄,0,3
58010,2024-09-10,2024-09-10,72.53232418795275,-112.67605633802802,-56.33802816901401,-59.78602894902485,-0.8458035133376729,非鉄,1,3
58010,2024-09-11,2024-09-11,77.39438890680405,-134.7017318794097,-137.90891597177725,6.506180871828082,0.0,非鉄,2,3
58010,2024-09-12,2024-09-12,-159.076731129133,-3.1826861871420142,19.096117122852085,-22.236340533672294,1.7060367454068137,非鉄,3,1
58010,2024-09-13,2024-09-13,60.12658227848134,-28.3286118980175,-28.3286118980175,3.15756236185738,1.6774193548387162,非鉄,4,2
58010,2024-09-17,2024-09-17,-286.1635220125791,184.6452866861026,29.1545189504383,155.03875968992276,0.48750761730651515,非鉄,1,0
58010,2024-09-18,2024-09-18,235.55276381909573,154.13070283600393,-58.56966707768141,220.29165373875338,0.0,非鉄,2,4
58010,2024-09-19,2024-09-19,191.0447761194023,79.06295754026348,-8.784773060028783,87.92497069167737,-1.5767131594906059,非鉄,3,3
58010,2024-09-20,2024-09-20,198.0198019801982,-44.48151237142039,75.06255212677226,-115.92602815346353,-1.0474430067775709,非鉄,4,3
58010,2024-09-24,2024-09-24,-60.689655172413424,5.5679287305121505,11.135857461024301,-11.117287381878782,-0.3026634382566562,非鉄,1,1
58010,2024-09-25,2024-09-25,30.942334739803012,-64.42577030812302,-53.22128851540597,-14.076576576577127,0.7893139040680008,非鉄,2,2
58010,2024-09-26,2024-09-26,205.72699471782084,89.9918189255522,5.4540496318522536,84.49168710820354,-0.48192771084337727,非鉄,3,4
58010,2024-09-27,2024-09-27,-91.17725931885201,276.79782903663465,100.40705563093555,171.90437818963122,1.0895883777239712,非鉄,4,1
58010,2024-09-30,2024-09-30,-32.903756512201454,-22.123893805309216,-27.654867256636795,2.772387025229417,1.556886227544907,非鉄,0,2
58010,2024-10-01,2024-10-01,82.16926869350827,18.99592944369033,40.705563093623724,-18.92403352257377,1.0613207547169878,非鉄,1,3
58010,2024-10-02,2024-10-02,-41.64353137146026,-186.681526887712,-41.79437169127942,-145.49524342473475,0.7584597432905404,非鉄,2,2
58010,2024-10-03,2024-10-03,-159.20944276694993,-133.55592654423987,-108.51419031719489,-28.121484814398467,-0.8685581933989606,非鉄,3,1
58010,2024-10-04,2024-10-04,-47.55244755244803,-30.933633295837648,-33.74578177727794,5.644933672028785,-0.6425233644859807,非鉄,4,2
58010,2024-10-07,2024-10-07,63.62378976486838,-73.97260273972583,71.23287671232825,-144.1784548422198,0.29394473838917357,非鉄,0,3
58010,2024-10-08,2024-10-08,-249.7918401332222,56.99629524080984,-8.549444286121144,65.60182544209869,-1.348182883939042,非鉄,1,0
58010,2024-10-09,2024-10-09,-36.121144762434334,36.16133518776099,16.689847009736525,19.43904470980362,0.11883541295305555,非鉄,2,2
58010,2024-10-10,2024-10-10,-126.72176308539895,108.81696428571396,36.27232142857206,72.28245760355856,-0.7121661721068206,非鉄,3,1
58010,2024-10-11,2024-10-11,165.60861164780505,270.85590465872224,105.63380281690237,163.49504154382188,-0.4184100418409997,非鉄,4,3
58010,2024-10-15,2024-10-15,-59.63183821622975,-133.26365299189956,-154.1677554220011,21.23142250530785,-1.5328019619865074,非鉄,1,1
58010,2024-10-16,2024-10-16,43.60861270100935,21.668472372697867,-10.834236186348933,35.25901817195587,0.7471980074719831,非鉄,2,2
58010,2024-10-17,2024-10-17,-115.90296495956886,-62.6361655773422,16.339869281045694,-78.84719956498087,0.5562422744128659,非鉄,3,1
58010,2024-10-18,2024-10-18,-135.13513513513487,-30.136986301370072,-52.0547945205474,24.793388429751317,-0.6760909649661917,非鉄,4,1
58010,2024-10-21,2024-10-21,13.777900248002073,-115.95803423522955,-44.17448923246803,-74.85444968117538,1.3613861386138515,非鉄,0,2
58010,2024-10-22,2024-10-22,-145.2108349623016,-19.830028328612357,48.158640226629856,-64.86181613085118,1.7094017094017033,非鉄,1,1
58010,2024-10-23,2024-10-23,128.86597938144286,-67.68189509306244,-31.020868584320517,-42.40882103477506,0.6002400960384069,非鉄,2,3
58010,2024-10-24,2024-10-24,121.21212121212199,2.8401022436796985,-39.76143141153132,39.90877993158559,0.5966587112171906,非鉄,3,3
58010,2024-10-25,2024-10-25,20.051561157261588,54.23922352269406,5.709391949757503,51.36986301369939,-1.3641755634638209,非鉄,4,2
58010,2024-10-28,2024-10-28,-98.03921568627416,147.82608695652178,60.86956521739184,86.43042350907626,-1.3229104028863459,非鉄,0,1
58010,2024-10-29,2024-10-29,398.5302430751836,103.26086956521819,86.95652173912993,16.16379310344751,0.8531383302864182,非鉄,1,4
58010,2024-10-30,2024-10-30,330.9314117961026,-59.1715976331364,-38.59017236943707,-18.08318264014508,-0.5438066465256797,非鉄,2,4
58010,2024-10-31,2024-10-31,-168.2630080248515,102.63157894736752,21.052631578948322,86.70520231213841,-0.060753341433783525,非鉄,3,0
58010,2024-11-01,2024-11-01,-191.27155172413813,38.45097500686734,2.7464982147762385,32.93988471040343,0.8510638297872353,非鉄,4,0
58010,2024-11-05,2024-11-05,-131.3988502600605,38.61003861003853,5.515719801434393,35.84229390680926,0.540540540540535,非鉄,1,1
58010,2024-11-06,2024-11-06,242.11099020674754,79.36507936507908,63.49206349206327,13.140604467805073,1.9115890083632125,非鉄,2,4
58010,2024-11-07,2024-11-07,-141.26394052044634,115.5778894472359,72.86432160803935,57.456907319510805,0.4103165298944944,非鉄,3,1
58010,2024-11-11,2024-11-11,626.1005674036402,0.0,,0.0,-0.40579710144927894,非鉄,0,4
58010,2024-11-12,2024-11-12,738.3538943104395,-212.06896551724142,-155.1724137931032,-57.79334500875643,-0.11641443538998875,非鉄,1,4
58010,2024-11-13,2024-11-13,509.76909413854355,-230.71741327046146,-90.93971034018212,-141.06050305914385,-0.6993006993006978,非鉄,2,4
58010,2024-11-14,2024-11-14,418.52487135505936,-31.275720164608558,-39.506172839506306,6.6093853271653735,-1.7018779342723,非鉄,3,4
58010,2024-11-15,2024-11-15,126.54067378800261,-138.0094171131674,-32.47280402662756,-107.49185667752403,1.2537313432835928,非鉄,4,3
58010,2024-11-18,2024-11-18,-57.17168320161448,52.63157894736858,10.186757215620013,42.40162822252369,1.2382075471698117,非鉄,0,1
58010,2024-11-19,2024-11-19,92.18163195629847,253.46400811084857,62.52112200067606,193.17990928943374,-0.4659289458357585,非鉄,1,3
58010,2024-11-20,2024-11-20,-162.34831092161394,110.36789297658834,138.79598662207337,-32.970656116056986,0.702165008777067,非鉄,2,1
58010,2024-11-21,2024-11-21,185.94030337628408,-14.395393474088136,17.5943698016634,-28.749401054144474,-0.755374782103424,非鉄,3,3
58010,2024-11-22,2024-11-22,125.83625358394413,-7.861635220125507,-6.2893081761006275,-3.1461381154629375,-0.23419203747072626,非鉄,4,3
58010,2024-11-25,2024-11-25,-34.17210313762076,1.5625000000007994,-90.62499999999973,91.4393819959014,-0.17605633802817433,非鉄,0,2
58010,2024-11-26,2024-11-26,-474.3207161928697,175.787728026533,86.23548922056301,88.78658336073597,-1.3521457965902428,非鉄,1,0
58010,2024-11-27,2024-11-27,-454.32098765432085,190.9722222222232,185.76388888888795,5.113345832623573,-1.0727056019070313,非鉄,2,0
58010,2024-11-28,2024-11-28,228.9156626506017,-13.445378151260012,163.0252100840335,-172.01455507773744,,非鉄,3,4
58010,2024-11-29,2024-11-29,126.96291346475208,190.72673462676715,29.59552778691199,160.6557377049178,1.9879518072289049,非鉄,4,3
58010,2024-12-02,2024-12-02,146.74710582096796,311.8971061093245,69.13183279742663,239.46360153256796,0.4725339633786074,非鉄,0,3
58010,2024-12-03,2024-12-03,467.07503828483874,14.598540145984717,-2.9197080291976096,20.44989775051187,-0.4115226337448541,非鉄,1,4
58010,2024-12-04,2024-12-04,-50.872093023255346,-13.148283418553675,59.89773557341094,-71.16920842411001,-0.2951593860684776,非鉄,2,1
58010,2024-12-05,2024-12-05,-45.727350671620485,-322.39575870468553,-121.79395328843712,-200.23215322112597,0.82889283599763,非鉄,3,2
58010,2024-12-06,2024-12-06,-281.13040918457455,-46.92703602785397,3.027550711474092,-48.4334796428032,1.2918379330593144,非鉄,4,0
58010,2024-12-09,2024-12-09,-221.71945701357498,24.691358024691024,-23.148148148147698,47.95050270688384,0.521739130434784,非鉄,0,0
58010,2024-12-10,2024-12-10,-165.25096525096484,94.33962264151052,0.0,95.92703255228763,1.6147635524798254,非鉄,1,1
58010,2024-12-11,2024-12-11,-77.57951900698168,214.3639493037086,117.35252699108133,95.88617383235353,-0.2270147559591429,非鉄,2,1
58010,2024-12-12,2024-12-12,-129.41176470588235,-172.49070631970233,-11.895910780669317,-160.78606520768201,-1.5358361774744034,非鉄,3,1
58010,2024-12-13,2024-12-13,66.66666666666599,64.59366080817207,-60.08712633318258,126.96493349455773,-0.17331022530329143,非鉄,4,3
58010,2024-12-16,2024-12-16,266.2721893491127,100.8645533141217,15.850144092219853,87.78241473593296,3.009259259259256,非鉄,0,4
58010,2024-12-17,2024-12-17,-218.5714285714291,-165.39812646370055,-83.43091334894636,-81.19279598464702,-0.3370786516853963,非鉄,1,0
58010,2024-12-18,2024-12-18,80.88235294117618,-121.07950401167078,-110.86797957695072,-11.799410029498247,-1.3528748590755368,非鉄,2,3
58010,2024-12-19,2024-12-19,161.24125342257267,22.34470430507951,110.23387457172574,-88.39127872716568,0.6857142857142895,非鉄,3,3
58010,2024-12-20,2024-12-20,102.67857142857162,104.31971789597316,38.20158683514485,64.39338504317327,1.2485811577752637,非鉄,4,3
58010,2024-12-23,2024-12-23,-151.5151515151514,42.39766081871377,-76.02339181286499,117.83767859773198,0.39237668161435924,非鉄,0,1
58010,2024-12-24,2024-12-24,-480.7830718295669,18.135106543750723,1.5112588786458936,15.108022359873186,0.16750418760469454,非鉄,1,0
58010,2024-12-25,2024-12-25,-74.6602956547704,88.85542168674654,0.0,90.3750564844108,,非鉄,2,1
58010,2024-12-26,2024-12-26,96.82705198867936,38.24654310091269,-32.36245954692518,69.3522207466435,1.17056856187292,非鉄,3,3
58010,2024-12-27,2024-12-27,-248.11375507835186,31.203566121842385,96.58246656760738,-64.75349521707142,0.0,非鉄,4,0
58010,2024-12-30,2024-12-30,-31.427716252618865,63.14839873703182,118.77913095775128,-56.455207250036835,-0.22038567493113392,非鉄,0,2
58010,2025-01-06,2025-01-06,381.59044567433796,-124.80717991866453,-4.2069835927638355,-120.65095398428704,1.2749445676274895,非鉄,0,4
58010,2025-01-07,2025-01-07,-35.127160320359565,-84.86562942008446,8.486562942009446,-93.27303561334044,0.21893814997262506,非鉄,1,2
58010,2025-01-08,2025-01-08,428.77697841726683,69.0035881865847,55.20287054926909,12.3507616302998,-0.8192244675040983,非鉄,2,4
58010,2025-01-09,2025-01-09,-68.18491749625011,-289.8950855880733,-249.86195472114892,-39.64882469555398,0.6057268722466924,非鉄,3,1
58010,2025-01-10,2025-01-10,565.9836652815598,-147.8968792401625,-219.81004070556364,74.92715415568173,3.1198686371100237,非鉄,4,4
58010,2025-01-14,2025-01-14,-633.0338631651689,154.79876160990668,-8.845643520566382,159.29203539823078,-0.26274303730950965,非鉄,1,0
58010,2025-01-15,2025-01-15,-253.62318840579712,-267.8172890938846,-34.221098050885026,-237.31343283582063,0.8956796628029506,非鉄,2,0
58010,2025-01-16,2025-01-16,-79.6695190321628,548.0059084194977,358.9364844903997,186.8758915834512,-0.8877284595300239,非鉄,3,1
58010,2025-01-17,2025-01-17,320.4310222600304,67.4373795761074,48.169556840076396,16.431603450637322,2.16016859852477,非鉄,4,4
58010,2025-01-20,2025-01-20,-26.07025246981309,-199.97241759757256,-168.25265480623352,-32.26258942348181,,非鉄,0,2
58010,2025-01-21,2025-01-21,-2.7932960893850556,-173.28116266070447,-64.28172163219669,-111.0954858669666,0.979886539453334,非鉄,1,2
58010,2025-01-22,2025-01-22,653.1713900134961,30.379746835442756,0.0,30.379746835442756,-1.0725229826353377,非鉄,2,4
58010,2025-01-23,2025-01-23,-181.66300902218936,-99.23096005953869,-84.3463160506075,-13.762041786563595,1.032524522457412,非鉄,3,0
58010,2025-01-24,2025-01-24,274.6550843127227,-16.169154228855565,-99.5024875621886,79.10597689603227,-0.7153806847215116,非鉄,4,4
58010,2025-01-27,2025-01-27,-906.3670411985014,-264.3835616438361,-157.53424657534265,-108.5594989561589,-0.7205352547606791,非鉄,0,0
58010,2025-01-28,2025-01-28,-292.3031727379555,-164.91754122938573,-244.37781109445277,81.45074535115926,0.6220839813374734,非鉄,1,0
58010,2025-01-29,2025-01-29,-180.85575650639618,223.05389221556783,158.68263473053813,67.81660032433967,2.266872746007209,非鉄,2,0
58010,2025-01-30,2025-01-30,271.7471569930585,64.55314875914553,22.95223066991925,42.94302891497237,-1.2594458438287104,非鉄,3,4
58010,2025-01-31,2025-01-31,108.75706214689362,5.581914596706206,-41.86435947529987,44.83048472961659,-1.479591836734695,非鉄,4,3
58010,2025-02-03,2025-02-03,44.94056248187883,-26.0529743812421,-95.52757273121992,71.61648640748419,1.0875194199896354,非鉄,0,2
58010,2025-02-04,2025-02-04,287.1765709411433,141.48980441115233,-22.194479123318622,165.46162402669705,1.2295081967213184,非鉄,1,4
58010,2025-02-05,2025-02-05,-149.64905310554943,14.790910313298156,12.101653892697684,0.0,-0.15182186234817818,非鉄,2,1
58010,2025-02-06,2025-02-06,-129.5579003606251,120.51455653351306,-77.18348002708208,202.0202020202011,0.4561581348200727,非鉄,3,1
58010,2025-02-07,2025-02-07,-93.37068160597539,-29.63362068965525,-33.674568965517125,1.3511687609790712,-1.6145307769929396,非鉄,4,1
58010,2025-02-10,2025-02-10,85.87786259542041,235.51705468326966,100.16242555495492,134.01232913428095,0.8717948717948731,非鉄,0,3
58010,2025-02-12,2025-02-12,418.421052631579,-189.39393939393923,-34.09090909090917,-157.0813275905747,1.499482936918306,非鉄,2,4
58010,2025-02-13,2025-02-13,-904.3151969981234,131.41683778234102,325.8042436687192,-189.5546129374337,0.5094243504839557,非鉄,3,0
58010,2025-02-14,2025-02-14,-207.59837177747653,-30.47935716264938,-80.35466888334675,48.87585532746819,0.6588950836289964,非鉄,4,0
58010,2025-02-17,2025-02-17,-8.393956351426812,-214.48467966573847,-108.63509749303613,-102.8313847020712,,非鉄,0,2
58010,2025-02-18,2025-02-18,83.84879725085837,-67.99945600435176,-152.31878144974843,82.83860278889944,1.1077542799597273,非鉄,1,3
58010,2025-02-19,2025-02-19,-213.64009860312282,208.3916083916093,61.53846153846176,145.95496246872398,-0.8466135458167323,非鉄,2,0
58010,2025-02-20,2025-02-20,-47.16326813705041,-13.987970345502587,8.392782207302663,-16.780869808418196,-0.050226017076848706,非鉄,3,2
58010,2025-02-21,2025-02-21,-167.94762311414746,-8.670520231214285,-141.61849710982665,133.37241682544354,-1.4070351758794009,非鉄,4,1
58010,2025-02-25,2025-02-25,21.47898128260106,-197.85276073619684,-4.601226993865559,-193.34049409237332,-0.46607975142413105,非鉄,1,2
58010,2025-02-26,2025-02-26,58.655675332910384,494.505494505495,193.0926216640505,298.8753658912335,-0.3121748178980255,非鉄,2,2
58010,2025-02-27,2025-02-27,-141.48857774502588,-88.44251236696188,-128.9162044670966,37.95354486108904,-3.131524008350728,非鉄,3,1
58010,2025-02-28,2025-02-28,-289.0625000000002,22.58064516128977,70.96774193548372,-49.63971176941584,-2.370689655172409,非鉄,4,0
58010,2025-03-03,2025-03-03,-132.513014671084,-47.908016608112504,-33.53561162567908,-16.02050624799789,-2.759381898454749,非鉄,0,1
58010,2025-03-04,2025-03-04,-346.8208092485547,-17.636684303351522,-54.673721340388056,39.02092940759161,-0.7945516458569779,非鉄,1,0
58010,2025-03-05,2025-03-05,85.23695874531168,-23.553162853297003,-52.15343203230138,30.446549391069944,0.97254004576659,非鉄,2,3
58010,2025-03-06,2025-03-06,-311.6099849220977,-89.7790055248615,-41.43646408839796,-48.543689320388324,1.8130311614730887,非鉄,3,0
58010,2025-03-07,2025-03-07,-65.78947368421018,-55.75539568345334,-19.784172661870826,-39.63249864889163,1.3912075681691727,非鉄,4,1
58010,2025-03-10,2025-03-10,369.12156166814646,1.712328767122795,-155.82191780821876,165.33240515141046,0.5488474204171201,非鉄,0,4
58010,2025-03-11,2025-03-11,-84.91418247515759,196.75715066496568,29.14920750592076,168.96802325581328,0.4366812227074135,非鉄,1,1
58010,2025-03-12,2025-03-12,-3.5593521979004894,-151.78571428571374,-50.00000000000004,-100.52055286304041,-2.336956521739131,非鉄,2,2
58010,2025-03-13,2025-03-13,1.7857142857136132,-135.64162056041386,-96.37694092450522,-37.85147801009359,1.2799109627156469,非鉄,3,2
58010,2025-03-14,2025-03-14,348.33091436865084,237.34729493891882,148.34205933682344,85.96973865199419,-2.5824175824175843,非鉄,4,4
58010,2025-03-17,2025-03-17,-376.91794529686405,34.560221185415685,-12.096077414895934,43.23763403666581,3.891708967851093,非鉄,0,0
58010,2025-03-18,2025-03-18,-49.589603283173304,233.95836917254442,208.1541372785134,23.588879528222417,-0.5971769815418027,非鉄,1,1
58010,2025-03-19,2025-03-19,-129.6707046579082,-120.77294685990393,-106.97032436162823,-13.951866062086316,0.928454396504641,非鉄,2,1
58010,2025-03-21,2025-03-21,69.82021295165009,-86.73026886383384,-79.79184735472656,-6.994229760447501,-1.0154997327632254,非鉄,4,3
58010,2025-03-24,2025-03-24,-66.9367623744932,44.31052818149483,38.99326479971599,7.063393960797804,0.3239740820734305,非鉄,0,1
58010,2025-03-25,2025-03-25,-204.258265535745,-93.70579915134347,-102.54596888260248,7.144132880871901,-1.2917115177610294,非鉄,1,0
58010,2025-03-26,2025-03-26,-166.87377951358107,157.01136978884645,124.52625879805001,33.87413086111568,-1.526717557251911,非鉄,2,1
58010,2025-03-27,2025-03-27,-329.57028404952626,147.11429649189034,37.721614485100034,107.08247229006096,-0.33222591362126463,非鉄,3,0
58010,2025-03-28,2025-03-28,-64.76190476190524,53.660406285933604,-9.582215408202588,67.16561120706288,0.6666666666666599,非鉄,4,1
58010,2025-03-31,2025-03-31,110.02200440088039,-208.16812053925494,-140.76130055511447,-68.3691936456865,1.0485651214128033,非鉄,0,3
58010,2025-04-01,2025-04-01,-68.45178175961308,-70.72135785007094,-52.535865831481175,-16.25355546525764,0.5461496450027248,非鉄,1,1
58010,2025-04-02,2025-04-02,233.03352412101353,95.80838323353325,127.74451097804285,-33.49753694581237,-0.5975013579576305,非鉄,2,4
58010,2025-04-03,2025-04-03,-90.71729957805918,-64.06149903907755,-79.0091821481953,15.066724063710346,0.21857923497268228,非鉄,3,1
58010,2025-04-04,2025-04-04,-371.3646532438475,168.49988298619277,-72.54856073016569,237.98303487276183,0.4362050163576825,非鉄,4,0
58010,2025-04-07,2025-04-07,438.7167534960246,-160.39968445963672,34.1835393110701,-193.92033542976915,0.8686210640608039,非鉄,0,4
58010,2025-04-08,2025-04-08,201.1976047904196,-2.352941176471113,-148.2352941176468,145.6542502387781,0.9687836383207804,非鉄,1,3
58010,2025-04-09,2025-04-09,45.01125281320295,7.53768844221181,-195.97989949748705,199.74391805377633,0.9594882729211163,非鉄,2,2
58010,2025-04-10,2025-04-10,62.794348508634634,33.3333333333341,-15.555555555555323,46.72897196261738,1.9007391763463666,非鉄,3,3
58010,2025-04-11,2025-04-11,-19.198464122870405,155.24241700501483,7.165034631000378,145.54998806967313,1.4507772020725396,非鉄,4,2
58010,2025-04-14,2025-04-14,-36.73938002296207,-34.48275862068972,41.37931034482678,-75.54945054945028,-1.0725229826353377,非鉄,0,2
58010,2025-04-15,2025-04-15,-45.5684666210987,-112.05122341641949,-73.17630916990669,-41.455550437586865,-0.722767165720184,非鉄,1,2
58010,2025-04-16,2025-04-16,-127.55102040816313,-232.3943661971828,-49.29577464788726,-181.68947616800324,0.6240249609984483,非鉄,2,1
58010,2025-04-17,2025-04-17,0.0,-9.66417008939402,-106.30587098332978,95.21484375,-0.2583979328165342,非鉄,3,2
58010,2025-04-18,2025-04-18,109.48905109489093,-2.4125452352230514,-24.125452352231626,24.18964683115643,,非鉄,4,3
58010,2025-04-21,2025-04-21,-156.25,34.912718204489494,32.41895261845373,2.4857071836947853,-0.10362694300518616,非鉄,0,1
58010,2025-04-22,2025-04-22,136.3292097955071,59.880239520957446,37.4251497005984,19.88071570576455,-1.4522821576763434,非鉄,1,3
58010,2025-04-23,2025-04-23,-64.27041180671279,16.730401529636563,19.120458891013214,0.0,-0.6315789473684164,非鉄,2,1
58010,2025-04-24,2025-04-24,180.116959064327,-225.59852670349878,-177.25598526703524,-46.8823253633377,1.0063559322033955,非鉄,3,3
58010,2025-04-25,2025-04-25,18.14470401451551,94.80812641083469,36.11738148984189,56.21767483696915,0.10487676979549221,非鉄,4,2
58010,2025-04-28,2025-04-28,-233.12073894875772,15.76576576576505,-4.5045045045044585,22.537750732476436,-0.41906757464641453,非鉄,0,0
58010,2025-04-30,2025-04-30,29.532030895047523,95.1302378255936,15.855039637600044,74.5931283905965,1.2466124661246525,非鉄,2,2
58010,2025-05-01,2025-05-01,-55.629728526924715,15.63896336014281,29.043789097409345,-15.590200445434466,-0.6959314775160652,非鉄,3,1
58010,2025-05-02,2025-05-02,-212.6706962167002,100.54844606947056,73.12614259597838,24.94896801995994,-0.6469002695417836,非鉄,4,0
58010,2025-05-07,2025-05-07,49.71751412429448,96.52076318742874,13.468013468014295,82.94104460883301,-1.3392857142857095,非鉄,2,2
58010,2025-05-08,2025-05-08,178.02197802197827,212.7659574468077,4.298302170642199,208.3780880773367,-0.39592760180995334,非鉄,3,3
58010,2025-05-09,2025-05-09,4.158004158003603,4.166666666667318,-37.50000000000031,43.92386530014613,0.5110732538330387,非鉄,4,2
58010,2025-05-12,2025-05-12,157.64364239784223,125.12820512820433,30.76923076922977,94.06952965235193,-0.5649717514124242,非鉄,0,3
58010,2025-05-13,2025-05-13,-368.21705426356544,1294.2122186495176,8.03858520900258,1287.4071098614181,-1.2499999999999956,非鉄,1,0
58010,2025-05-14,2025-05-14,-248.64864864864833,278.08269301134334,-87.81558726673966,369.1399040236254,0.9205983889528202,非鉄,2,0
58010,2025-05-15,2025-05-15,-5.40540540540535,56.017347307553145,30.71919045898097,23.41498559077726,2.2234891676168766,非鉄,3,2
58010,2025-05-16,2025-05-16,-262.82399854993696,67.0016750418756,35.36199516098959,27.80867630700845,-1.171221416620194,非鉄,4,0
58010,2025-05-19,2025-05-19,204.04307576043834,-118.84865366759479,-94.70752089136502,-22.50140633789588,0.9029345372460584,非鉄,0,3
58010,2025-05-20,2025-05-20,536.2129957177442,154.7491995731054,128.06830309498363,24.58296751536526,1.6778523489932917,非鉄,1,4
58010,2025-05-21,2025-05-21,-87.70391159445667,-69.01433374624011,-31.852769421341076,-37.28031244452312,1.2101210121012063,非鉄,2,1
58010,2025-05-22,2025-05-22,484.06756050844547,371.7225356787246,273.81347494191743,95.29962849297303,0.5978260869565322,非鉄,3,4
58010,2025-05-23,2025-05-23,459.58540896673617,-1.5337423312888898,-125.76687116564456,124.24289485944983,-0.8103727714748765,非鉄,4,4
58010,2025-05-26,2025-05-26,-103.89610389610394,30.878493129535833,84.91585610622244,-53.58236374770398,,非鉄,0,1
58010,2025-05-27,2025-05-27,28.85345482156465,110.35525321239525,45.35147392290328,67.74047869938293,-0.16339869281045694,非鉄,1,2
58010,2025-05-28,2025-05-28,-178.07211184694637,4.4910179640722525,97.30538922155586,-91.91994069681297,-1.6366612111292977,非鉄,2,0
58010,2025-05-29,2025-05-29,81.91925102398967,102.8836400521671,-31.879437762643015,136.66763594067933,-0.8319467554076532,非鉄,3,3
58010,2025-05-30,2025-05-30,107.2425444395475,16.00000000000046,-74.18181818181768,87.89920890712067,-0.7829977628635354,非鉄,4,3
58010,2025-06-02,2025-06-02,214.5922746781115,-104.45379370375707,-50.776149717104424,-55.40166204986097,-1.183765501691092,非鉄,0,4
58010,2025-06-03,2025-06-03,-41.05571847507372,1.4738393515112413,-16.212232866616993,17.71479185119551,0.0,非鉄,1,2
58010,2025-06-04,2025-06-04,175.33774073009488,169.467589323542,162.40643976839442,8.339124391938402,-0.057045065601823985,非鉄,2,3
58010,2025-06-05,2025-06-05,5.545542769997969,-55.53241704845169,-66.63890045814247,11.180992313066795,0.05707762557076723,非鉄,3,2
58010,2025-06-06,2025-06-06,84.74576271186419,-134.64235624123467,-36.46563814866721,-99.92962702322305,0.855675984027382,非鉄,4,3
58010,2025-06-09,2025-06-09,26.647966339410356,-68.72370266479689,12.622720897614848,-79.85430092462886,-2.0361990950226283,非鉄,0,2
58010,2025-06-10,2025-06-10,-242.85317790729954,-34.110289937464565,156.3388288800449,-188.8904435427452,1.385681293302543,非鉄,1,0
58010,2025-06-11,2025-06-11,-329.5615275813291,1.4686444411804445,8.811866647084887,-5.8702670971533255,-0.5694760820045608,非鉄,2,0
58010,2025-06-12,2025-06-12,-44.16310908287979,73.96449704142105,23.66863905325367,54.62867267089999,0.45819014891179677,非鉄,3,2
58010,2025-06-13,2025-06-13,-228.87323943661997,73.68421052631469,37.59398496240518,34.45176752546519,1.425313568985187,非鉄,4,0
58010,2025-06-16,2025-06-16,139.3831553973901,110.98130841121545,59.87149532710178,50.80563216722345,-2.360876897133224,非鉄,0,3
58010,2025-06-17,2025-06-17,27.440785673020773,-31.672905269219953,-30.233227756982785,-1.4440433212992154,-0.8059873344847479,非鉄,1,2
58010,2025-06-18,2025-06-18,113.81876550415893,-92.35209235209263,-49.06204906204859,-43.50348027842177,0.4643064422518828,非鉄,2,3
58010,2025-06-19,2025-06-19,97.05882352941231,-30.581039755351867,-69.89951944080363,39.595248570172274,,非鉄,3,3
58010,2025-06-20,2025-06-20,26.392961876833265,-122.23515715948818,-71.30384167636782,-51.29708339440153,-0.8665511265164683,非鉄,4,2
58010,2025-06-23,2025-06-23,-90.09009009009029,-80.24224072672226,36.336109008328066,-114.66505733252919,-2.447552447552448,非鉄,0,1
58010,2025-06-24,2025-06-24,179.10447761193993,215.2899824253085,-35.14938488576425,252.8296339850056,-0.8363201911589013,非鉄,1,3
58010,2025-06-25,2025-06-25,-96.04357798165152,18.824210831160926,39.09643788010398,-21.63253533314147,-1.0843373493975905,非鉄,2,1
58010,2025-06-26,2025-06-26,269.5301239550307,-1.4072614691806873,18.294399099352265,-18.263557178982424,-0.3654080389768555,非鉄,3,4
58010,2025-06-27,2025-06-27,15.28202278410662,-96.95290858725781,12.46537396121905,-106.54490106544957,2.0782396088019572,非鉄,4,2
58010,2025-06-30,2025-06-30,-186.35242532200613,-177.34953218824234,125.68077084206041,-297.93103448275906,0.8383233532934131,非鉄,0,0
58010,2025-07-01,2025-07-01,271.7467432413501,-40.98360655737654,20.49180327868827,-61.34969325153339,-0.23752969121140222,非鉄,1,4
58010,2025-07-02,2025-07-02,155.73653379054252,103.81593714926973,43.490460157127316,58.659217877095045,2.440476190476182,非鉄,2,3
58010,2025-07-03,2025-07-03,-150.30336458907834,37.78866340097942,-30.79076277116899,67.37787759685476,0.6391632771644451,非鉄,3,1
58010,2025-07-04,2025-07-04,-155.39053905390566,23.73638648422327,-29.32141859815718,53.21383559725446,,非鉄,4,1
58010,2025-07-07,2025-07-07,-239.77433004231276,40.33419763756818,-1.4405070584844193,41.780723238726836,-2.944572748267893,非鉄,0,0
58010,2025-07-08,2025-07-08,560.0000000000005,-140.97619364277114,-131.66644500598457,-9.433962264151496,-1.903628792385481,非鉄,1,4
58010,2025-07-09,2025-07-09,-196.31571870377894,-130.22618231665507,-41.12405757368043,-88.10572687224627,0.363856882959368,非鉄,2,0
58010,2025-07-10,2025-07-10,-39.98896856039713,78.6640905327074,161.46839635660993,-81.48852369957882,-1.3293051359516639,非鉄,3,2
58010,2025-07-11,2025-07-11,-187.50000000000045,49.575070821530346,60.90651558073645,-8.449514152936155,0.3674219228414044,非鉄,4,0
58010,2025-07-14,2025-07-14,-14.160294534126816,197.21906923950039,123.43927355278117,71.46860986547043,0.7321537522879895,非鉄,0,2
58010,2025-07-15,2025-07-15,392.50791901941807,167.62006119462657,34.588266595716455,131.23011664899263,-2.9073288915808626,非鉄,1,4
58010,2025-07-16,2025-07-16,-13.149243918474385,-69.73684210526355,14.473684210525306,-85.3914871255912,1.3724266999376233,非鉄,2,2
58010,2025-07-17,2025-07-17,-107.00132100396331,155.8960692871425,6.662225183211579,153.1903556680425,-1.1076923076923095,非鉄,3,1
58010,2025-07-18,2025-07-18,33.81014304291385,-60.96770009080266,-11.674665974834575,-45.472261920228576,1.8046048537647685,非鉄,4,2
58010,2025-07-22,2025-07-22,143.35528864781065,-313.3757961783434,-137.57961783439464,-179.51698308149244,-1.2376237623762387,非鉄,1,3
58010,2025-07-23,2025-07-23,-401.4272970561994,0.0,-17.207147584381577,15.908789606258189,0.0,非鉄,2,0
58010,2025-07-24,2025-07-24,437.0946822308697,93.4346580291523,11.212158963498364,83.38518979464915,0.6892230576441172,非鉄,3,4
58010,2025-07-25,2025-07-25,152.70018621973858,-44.074436826641026,-15.915768854064538,-29.426189308484616,-0.5600497822028649,非鉄,4,3
58010,2025-07-28,2025-07-28,-159.96122152205473,-88.53910477127359,-99.60649286768319,9.935419771485154,-1.689612015018771,非鉄,0,1
58010,2025-07-29,2025-07-29,203.7500000000003,-42.83441439236313,17.133765756944808,-58.651026392961825,-0.8911521323997418,非鉄,1,3
58010,2025-07-30,2025-07-30,34.4036697247696,-37.813681677552054,-55.00171880371219,17.28309713100673,0.6422607578676853,非鉄,2,2
58010,2025-07-31,2025-07-31,526.1363636363648,-68.2482937926554,-187.41198136713265,121.43961139324367,0.574345883854499,非鉄,3,4
58010,2025-08-01,2025-08-01,-27.472527472527375,-159.87735435830098,2.190100744634549,-164.18563922942164,-1.07868020304569,非鉄,4,2
58010,2025-08-04,2025-08-04,477.24362705156454,137.77777777777888,104.44444444444478,36.299637003629485,-0.7055805003207238,非鉄,0,4
58010,2025-08-05,2025-08-05,363.5388739946377,70.22616957554462,-53.702364969534514,121.44488270708021,-1.6149870801033583,非鉄,1,4
58010,2025-08-06,2025-08-06,178.88715548622037,46.953148923138954,-41.84954577931998,91.24461759278279,-0.13131976362442677,非鉄,2,3
58010,2025-08-07,2025-08-07,-46.795523906408846,-682.7021494370522,80.85977482088057,-755.5600690565656,1.183431952662728,非鉄,3,2
58010,2025-08-08,2025-08-08,-531.5993611681502,-252.40384615384582,-45.67307692307732,-207.67930451581762,-0.3898635477582846,非鉄,4,0
58010,2025-08-12,2025-08-12,0.0,-176.08566329565755,-58.2986317668055,-118.47774054571603,-3.57142857142857,非鉄,1,2
58010,2025-08-13,2025-08-13,288.20856254484494,59.233449477351655,-19.744483159117586,80.307262569832,0.40404040404040664,非鉄,2,4
58010,2025-08-14,2025-08-14,-351.50812064965174,-104.64277122925192,-60.139523694972,-43.5677114849331,1.0731052984574108,非鉄,3,0
58010,2025-08-15,2025-08-15,656.77450741912,1.143902997025048,-170.44154655685207,175.74487895716916,1.9907100199070937,非鉄,4,4
58010,2025-08-18,2025-08-18,224.20498741706706,-89.28571428571396,78.125,-166.1129568106312,-0.3253090435914152,非鉄,0,4
58010,2025-08-19,2025-08-19,-306.7348299622141,-107.58841707679933,26.324825454961953,-132.43520949880127,-0.9791122715404721,非鉄,1,0
58010,2025-08-20,2025-08-20,-19.212295869356353,49.355964848922795,20.464668351991566,27.627627627626605,0.19775873434411118,非鉄,2,2
58010,2025-08-21,2025-08-21,142.85714285714235,20.12072434607548,-1.1835720203579037,21.306818181818787,2.1710526315789513,非鉄,3,3
58010,2025-08-22,2025-08-22,-56.47058823529449,35.490358452621166,91.09192002839217,-56.26538506622869,0.0,非鉄,4,1
58010,2025-08-25,2025-08-25,6.83060109289535,-21.620391442876972,-100.13654984069143,80.46901942752038,0.3219575016097931,非鉄,0,2
58010,2025-08-26,2025-08-26,-80.70933272706581,141.00653444915733,58.46612403989538,82.06063369044836,-0.6418485237484006,非鉄,1,1
58010,2025-08-27,2025-08-27,-177.92792792792778,166.07490550910597,-10.308097583323628,176.56500802568198,-1.0981912144702788,非鉄,2,0
58010,2025-08-28,2025-08-28,317.36872475476076,-79.35620878506744,-16.76539622219697,-63.80835105787575,1.1757021554539504,非鉄,3,4
58010,2025-08-29,2025-08-29,365.36312849162033,62.54043562648359,8.626266982962871,53.867700926524265,2.840542285345382,非鉄,4,4
58010,2025-09-01,2025-09-01,-355.9620894864446,133.7601463358862,77.74093975077223,56.72793283412858,,非鉄,0,0
58010,2025-09-02,2025-09-02,-75.19653640195911,-150.22935779816504,-84.86238532110058,-67.07528622643677,1.381042059008153,非鉄,1,1
58010,2025-09-03,2025-09-03,116.22446583705148,-263.9227996744564,-75.57260783629837,-189.78444236176227,-1.3622291021671784,非鉄,2,3
58010,2025-09-04,2025-09-04,118.90746409229935,-124.33186149198194,-30.211480362537515,-94.40559440559437,0.5021971123666091,非鉄,3,3
58010,2025-09-05,2025-09-05,138.15335021874375,10.221465076660774,-74.95741056218085,86.9764248111693,-0.7495315427857641,非鉄,4,3
58010,2025-09-08,2025-09-08,-48.554652213188554,72.61999319187584,-36.30999659593792,108.17581416533883,1.636249213341734,非鉄,0,1
58010,2025-09-09,2025-09-09,-77.35426008968594,-128.93010631078948,-53.15539470707953,-76.1796475270038,-0.6811145510835948,非鉄,1,1
58010,2025-09-10,2025-09-10,374.3496946392222,92.8961748633883,-39.344262295082366,131.65112452002248,-0.5610972568578565,非鉄,2,4
58010,2025-09-11,2025-09-11,-26.735108544541085,-64.44683136412444,-75.18796992481258,7.5732987125398665,-0.4388714733542298,非鉄,3,2
58010,2025-09-12,2025-09-12,-188.25781748564086,-104.2345276872969,-34.744842562431934,-67.56756756756799,0.37783375314861534,非鉄,4,0
58010,2025-09-16,2025-09-16,-195.20659364494097,59.66850828729386,-1.1049723756906271,61.89213085764811,1.2389380530973382,非鉄,1,0
58010,2025-09-17,2025-09-17,-221.48394241417458,-85.01473588755415,-86.14826569938839,1.1433798307791676,-0.4662004662004615,非鉄,2,0
58010,2025-09-18,2025-09-18,-68.49315068493178,133.05804083505456,25.235145675612802,108.70809017049953,-0.5854800936768156,非鉄,3,1
58010,2025-09-19,2025-09-19,31.326918773775247,-87.99287146357804,-165.96123858320323,81.56791661946272,-0.05889281507656108,非鉄,4,2
58010,2025-09-22,2025-09-22,36.516543100586496,-130.15662916390892,-133.46569600705905,2.2356360384523377,-0.5892751915144379,非鉄,0,2
58010,2025-09-24,2025-09-24,142.47251514471594,190.20236647130372,220.05971469645002,-30.293194850157246,-0.41103934233704953,非鉄,2,3
58010,2025-09-25,2025-09-25,84.6432889963733,-5.434191935659305,64.12346484077736,-69.11447084233302,0.1768867924528239,非鉄,3,3
58010,2025-09-26,2025-09-26,-102.7322404371589,-153.59116022099494,-58.56353591160213,-96.68815292287137,-0.7651559741024161,非鉄,4,1
58010,2025-09-29,2025-09-29,276.68428748172323,203.83561643835702,166.57534246575347,34.48647483565104,0.0,非鉄,0,4
58010,2025-09-30,2025-09-30,-199.5708154506437,-2.1917808219173995,-19.726027397259926,18.669009444323148,-1.3048635824436494,非鉄,1,0
58010,2025-10-01,2025-10-01,-325.27472527472565,112.62798634812387,126.279863481229,-11.237217664906707,0.5408653846153744,非鉄,2,0
58010,2025-10-02,2025-10-02,-225.4553531763659,24.980129442488952,64.72124446462945,-39.485559566786456,0.7172743574417106,非鉄,3,0
58010,2025-10-03,2025-10-03,-52.55941499085925,192.74896741624525,-25.240936209269815,217.36630247268573,-0.4154302670623111,非鉄,4,1
58010,2025-10-06,2025-10-06,70.88271126370671,88.00880088008833,-82.50825082508295,171.93566278424834,0.5363528009535212,非鉄,0,3
58010,2025-10-07,2025-10-07,306.555060332645,-216.15352172079326,130.7465204555047,-343.428036216048,-0.5927682276229973,非鉄,1,4
58010,2025-10-08,2025-10-08,352.31239092495593,158.53018372703477,81.88976377952795,76.01791106945699,0.655933214072757,非鉄,2,4
58010,2025-10-09,2025-10-09,11.113356233583005,-99.79838709677446,-2.0161290322584513,-98.80028228652083,-0.8293838862559189,非鉄,3,2
58010,2025-10-10,2025-10-10,-233.2657200811361,-84.068500259471,9.340944473275048,-89.2116182572611,-1.194743130227005,非鉄,4,0
58010,2025-10-14,2025-10-14,-66.65961273939259,-558.159352364721,-358.9688964635707,-207.68890852850163,0.6699147381242332,非鉄,1,1
58010,2025-10-15,2025-10-15,259.11385305664504,-7.6444250300311545,-42.590368024462144,32.8947368421062,0.9679370840895318,非鉄,2,4
58010,2025-10-16,2025-10-16,133.72155720910106,145.74468085106318,-10.638297872340718,157.63127063584957,1.1384062312762122,非鉄,3,3
58010,2025-10-17,2025-10-17,-15.12042337185493,-160.00000000000014,-61.621621621621436,-97.91122715404721,0.23696682464455776,非鉄,4,2
58010,2025-10-20,2025-10-20,137.96076740676844,-5.316321105794941,-31.897926634768538,27.736291871132135,0.23640661938533203,非鉄,0,3
58010,2025-10-21,2025-10-21,-48.39558127301413,-253.88765471278995,-93.09214006135602,-160.20506247997446,-1.0023584905660354,非鉄,1,2
58010,2025-10-22,2025-10-22,13.109023377757545,186.2542206731299,31.586973096613402,156.38575152041813,0.9529481834425146,非鉄,2,2
58010,2025-10-23,2025-10-23,95.65695437053323,77.23267703687586,-17.404546937888064,93.70233166267062,0.943952802359882,非鉄,3,3
58010,2025-10-24,2025-10-24,231.8902244442089,1.0402579839796644,-50.97264121502132,51.228437009931405,-0.8766803039158333,非鉄,4,4
58010,2025-10-27,2025-10-27,-67.27828746177389,91.28205128205113,7.179487179487243,81.97561225535388,0.9433962264151052,非鉄,0,1
58010,2025-10-28,2025-10-28,555.0500454959061,-38.406144983197386,100.8161305808919,-137.83269961977206,0.8761682242990565,非鉄,1,4
58010,2025-10-29,2025-10-29,-98.77704609595472,-52.33111322549999,19.02949571836343,-80.6451612903225,0.6369426751592355,非鉄,2,1
58010,2025-10-30,2025-10-30,24.14292612264557,57.66458433445365,33.63767419509944,28.749401054144474,-1.1507479861910253,非鉄,3,2
58010,2025-10-31,2025-10-31,-42.57332071901598,436.8471035137711,-23.741690408357606,466.66666666666634,0.34924330616996624,非鉄,4,2
58010,2025-11-04,2025-11-04,0.0,-386.4524533217539,-156.3178462874515,-229.4792586054717,-0.9200690051753835,非鉄,1,2
58010,2025-11-05,2025-11-05,-763.3587786259544,479.4037667438822,157.1155201933738,322.4206349206349,0.9866511897852481,非鉄,2,0
58010,2025-11-06,2025-11-06,-162.4883936861654,127.05882352941123,37.64705882352892,89.0764181903414,-1.4367816091954033,非鉄,3,1
58010,2025-11-07,2025-11-07,-130.75060532687698,226.15535889872086,-29.498525073746727,256.4102564102555,-0.4664723032069995,非鉄,4,1
58010,2025-11-10,2025-11-10,33.34921391138668,-1110.2733270499532,42.41281809613584,-1147.817925856406,0.5858230814294041,非鉄,0,2
58010,2025-11-11,2025-11-11,227.62070021435045,-518.6660029865609,-341.46341463414666,-184.47902710501896,0.6406523005241693,非鉄,1,4
58010,2025-11-12,2025-11-12,597.635726795096,8.286720530350511,-95.29728609902644,105.63748561865927,0.810185185185186,非鉄,2,4
58010,2025-11-13,2025-11-13,1145.3835081225573,-9.250693802035359,-92.50693802035137,84.03361344537785,1.5499425947187229,非鉄,3,4
58010,2025-11-14,2025-11-14,93.93939393939289,-171.00000000000003,-137.00000000000045,-33.461772459947305,-2.713397399660822,非鉄,4,3
58010,2025-11-17,2025-11-17,277.63496143958787,359.82008995502304,84.95752123937939,277.64005949429736,1.0459035444509102,非鉄,0,4
58010,2025-11-18,2025-11-18,-331.683168316832,-378.01746276322604,-327.6836158192087,-53.09546564723377,0.17251293847038163,非鉄,1,0
58010,2025-11-19,2025-11-19,306.3157894736834,-34.793286942284006,-164.75644699140423,128.97857291449986,-1.320321469575203,非鉄,2,4
58010,2025-11-20,2025-11-20,-29.835902536051726,-135.59322033898314,-284.1475573280161,149.7743126795248,-0.7562536358347915,非鉄,3,2
58010,2025-11-21,2025-11-21,-269.18918918918956,-144.54080498109812,-142.31710028908105,-1.1280315848838374,-0.17584994138335475,非鉄,4,0
58010,2025-11-25,2025-11-25,-43.644298963447795,-108.52883139662373,-65.77504933128697,-40.83885209713034,-0.11785503830288313,非鉄,1,2
58010,2025-11-26,2025-11-26,153.00424391333502,98.85764499121264,36.247803163445,61.28255635806434,2.2418879056047114,非鉄,2,3
58010,2025-11-27,2025-11-27,297.2972972972965,-8.41573742899171,-16.83147485798453,4.213187276174146,,非鉄,3,4
58010,2025-11-28,2025-11-28,104.9132647761497,216.227347611202,88.55024711696969,130.69226056769523,0.461627236006934,非鉄,4,3
58010,2025-12-01,2025-12-01,-336.42224012892854,65.61816477450355,133.3194458910536,-66.81056634803117,-0.5743825387708235,非鉄,0,0
58010,2025-12-02,2025-12-02,-30.76923076923088,5.14933058702427,-6.179196704428902,12.3673090796661,1.1554015020219577,非鉄,1,2
58010,2025-12-03,2025-12-03,73.17073170731715,144.78182183792487,54.29318318922238,89.99999999999898,-1.3135351227869796,非鉄,2,3
58010,2025-12-04,2025-12-04,-135.5285613894186,12.218714998473157,-45.820181244272675,55.22037018099945,1.215277777777768,非鉄,3,1
58010,2025-12-05,2025-12-05,80.00000000000007,-66.31976328946077,-14.284256708498866,-51.09339873288321,-0.05717552887364308,非鉄,4,3
58010,2025-12-08,2025-12-08,22.419239783959544,307.1290552222106,185.0910200345779,119.82026959560743,-0.5148741418764313,非鉄,0,2
58010,2025-12-09,2025-12-09,-122.18963831867046,-39.60396039603964,-59.40594059405946,14.932802389249211,1.5526164462334568,非鉄,1,1
58010,2025-12-10,2025-12-10,-74.36787307882997,30.060120240480437,-24.048096192385017,52.21932114882533,-1.5855039637599044,非鉄,2,1
58010,2025-12-11,2025-12-11,-35.246727089627285,-228.10218978102205,-202.75750202757513,-24.837007140640075,0.690448791714604,非鉄,3,2
58010,2025-12-12,2025-12-12,123.71134020618513,7.120333638490628,-39.67043027159001,49.029622063330166,-1.1428571428571455,非鉄,4,3
58010,2025-12-15,2025-12-15,-62.10526315789444,-15.899936400254333,-41.339834640661266,23.41172714696249,1.6184971098266,非鉄,0,1
58010,2025-12-16,2025-12-16,-243.3771268576357,56.35981876450424,-16.57641728367798,71.94244604316502,-0.7963594994311762,非鉄,1,0
58010,2025-12-17,2025-12-17,73.28010499835891,29.268292682926855,15.176151761517875,11.903473650038965,1.089449541284404,非鉄,2,3
58010,2025-12-18,2025-12-18,178.59148601594876,24.382134545051226,-8.86623074365489,31.0524564711101,0.7373794668179334,非鉄,3,3
58010,2025-12-19,2025-12-19,-136.21621621621617,143.27901126544918,83.12370119216928,57.47749701767724,-0.16891891891891442,非鉄,4,1
58010,2025-12-22,2025-12-22,145.24555903866255,58.85389778007122,-3.0975735673721694,59.89260636100724,0.7896221094190636,非鉄,0,3
58010,2025-12-23,2025-12-23,4.10382681850896,113.67127496159756,15.36098310291889,98.15950920245342,0.11191941801902416,非鉄,1,2
58010,2025-12-24,2025-12-24,218.4245120841344,69.47890818858494,34.73945409429247,34.619188921860555,0.7266629401900593,非鉄,2,4
58010,2025-12-25,2025-12-25,-124.69074715487416,151.4695556224299,26.08085063697363,128.10248198558804,,非鉄,3,1
58010,2025-12-26,2025-12-26,-123.09207287050761,-132.73453093812338,-14.970059880239361,-117.94102948525787,-0.2219755826859071,非鉄,4,1
58010,2025-12-29,2025-12-29,105.83087412231684,83.61035559584894,199.45602901178637,-108.69565217391353,-1.5572858731924377,非鉄,0,3
58010,2025-12-30,2025-12-30,266.6397333602677,-118.05213969503181,-88.53910477127359,-34.7222222222221,-0.4519774011299438,非鉄,1,4
58010,2026-01-05,2026-01-05,47.801147227533036,71.6674629718117,28.66698518872335,38.09523809523707,1.7162471395880896,非鉄,0,2
58010,2026-01-06,2026-01-06,-211.5655853314524,95.96928982725572,33.589251439538614,57.36137667303964,-0.16872890888638414,非鉄,1,0
58010,2026-01-07,2026-01-07,83.08895405669591,-160.42780748663054,14.58434613514914,-174.7572815533982,0.5633802816901401,非鉄,2,3
58010,2026-01-08,2026-01-08,44.466403162055634,-166.99604743082963,-122.5296442687751,-43.02581548929374,-0.11204481792717047,非鉄,3,2
58010,2026-01-09,2026-01-09,-193.7046004842613,303.4979423868323,68.9300411522642,232.9620925717779,-0.11217049915872579,非鉄,4,0
58010,2026-01-13,2026-01-13,-366.90997566909965,37.33225708808297,79.70941378266483,-42.042042042041984,-0.3556609365737984,非鉄,1,0
58010,2026-01-14,2026-01-14,10.010010010010895,-26.00000000000047,-19.000000000000128,-8.01442596674029,0.4759071980963814,非鉄,2,2
58010,2026-01-15,2026-01-15,-14.193025141929771,-52.7704485488123,54.800081185304435,-104.9868766404205,-0.4736530491415092,非鉄,3,2
58010,2026-01-16,2026-01-16,62.89308176100627,466.40475470937747,340.4855444746646,126.70565302144166,1.1302795954788891,非鉄,4,3
58010,2026-01-19,2026-01-19,296.4426877470361,244.1359502154139,148.39636189564408,99.10335063709309,,非鉄,0,4
58010,2026-01-20,2026-01-20,437.41275011633275,-22.291573785109264,-115.9161836825684,94.72259810554773,-0.23529411764705577,非鉄,1,4
58010,2026-01-21,2026-01-21,1202.9725963771475,-4.142502071251553,-53.85252692626352,54.16666666666625,-0.5306603773584939,非鉄,2,4
58010,2026-01-22,2026-01-22,-258.3025830258301,-58.89777029869592,-58.89777029869592,0.0,0.5334914048606976,非鉄,3,0
58010,2026-01-23,2026-01-23,137.21413721413666,32.78688524590123,176.22950819672133,-136.98630136986355,1.5919811320754818,非鉄,4,3
58010,2026-01-26,2026-01-26,311.22031122031046,124.29831595829998,188.45228548516334,-62.96733569460811,-0.5223447475333765,非鉄,0,4
58010,2026-01-27,2026-01-27,85.43689320388293,-92.27220299884652,-96.11687812379866,0.0,-0.4667444574095736,非鉄,1,3
58010,2026-01-28,2026-01-28,163.1205673758873,6.958942240780086,-3.479471120390043,13.927576601671099,0.9964830011723436,非鉄,2,3
58010,2026-01-29,2026-01-29,-433.72657876474705,127.64405543399081,200.58351568198464,-78.5994998213646,0.05803830528148257,非鉄,3,0
58010,2026-01-30,2026-01-30,-254.7307132459975,81.57211716722345,170.55988134964784,-87.4954429456798,-0.6380510440835319,非鉄,4,0
58010,2026-02-02,2026-02-02,347.6946334089193,-420.783022319795,-252.46981339187678,-172.67267267267238,-0.6421482778750764,非鉄,0,4
58010,2026-02-03,2026-02-03,58.41548010222741,335.8613217768158,54.17118093174356,276.4811490125663,0.763807285546414,非鉄,1,2
58010,2026-02-04,2026-02-04,931.9371727748683,-245.77082668369,-201.0852218321102,-52.083333333333705,0.05830903790087216,非鉄,2,4
58010,2026-02-05,2026-02-05,-204.01337792642192,-160.73871409028717,-215.45827633378977,59.44055944056004,1.4568764568764658,非鉄,3,0
58010,2026-02-06,2026-02-06,486.6785079928948,-219.15037086985834,-175.32029669588667,-44.612216884007964,-1.0338885697874778,非鉄,4,4
58010,2026-02-09,2026-02-09,330.6878306878302,1268.5125563425624,16.097875080489654,1250.4018000642868,-0.5223447475333765,非鉄,0,4
58010,2026-02-10,2026-02-10,738.6934673366841,98.63785814936632,35.2278064819167,60.832943378568146,0.05834305717620225,非鉄,1,4
58010,2026-02-12,2026-02-12,114.53950444132666,295.3488372093016,372.09302325581507,-71.76496972415292,0.8182349503214503,非鉄,3,3
58010,2026-02-13,2026-02-13,34.65003465003447,-105.50458715596345,11.467889908256534,-116.83848797250818,0.1159420289855051,非鉄,4,2
58010,2026-02-16,2026-02-16,-181.23422803395295,-91.14279037158224,-95.81677962140711,2.3590469450351925,,非鉄,0,0
58010,2026-02-17,2026-02-17,-83.67200573750844,193.23671497584627,16.908212560386993,176.03086568603877,-1.2159814707585426,非鉄,1,1
58010,2026-02-18,2026-02-18,340.6671398154715,64.16131989000817,-16.040329972502043,78.01743919229054,0.0,非鉄,2,4
58010,2026-02-19,2026-02-19,168.25829922692213,139.75155279503105,90.9494232475594,50.57167985927924,-0.058616647127784915,非鉄,3,3
58010,2026-02-20,2026-02-20,310.21493463328164,53.879310344826514,90.51724137931095,-38.436899423446306,0.4105571847507372,非鉄,4,4
58010,2026-02-24,2026-02-24,626.1324743305829,103.30578512396605,108.94064613072851,-7.430800668771775,0.23378141437755406,非鉄,1,4
58010,2026-02-25,2026-02-25,255.7497700091993,51.87835420393583,3.577817531306149,44.6907400786567,0.5830903790087438,非鉄,2,4
58010,2026-02-26,2026-02-26,-197.42640578177318,30.515167833422563,-52.055286304074635,79.36507936507908,0.5797101449275255,非鉄,3,0
58010,2026-02-27,2026-02-27,60.365968685154314,442.16417910447836,169.77611940298453,267.8407631627233,1.037463976945241,非鉄,4,3
58010,2026-03-02,2026-03-02,1169.741697416975,-189.83162759986794,-62.72697259821713,-127.9069767441865,-1.197946377638337,非鉄,0,4
58010,2026-03-03,2026-03-03,-226.31749110895606,-299.33110367892925,-8.361204013378476,-289.5882156009377,0.34642032332563577,非鉄,1,0
58010,2026-03-04,2026-03-04,-136.3797378675169,47.118521203335376,36.24501631025679,12.642225031604948,-0.6329113924050667,非鉄,2,1
58010,2026-03-05,2026-03-05,-265.6383890317049,115.33002129169523,30.163236337827914,84.91066690252902,2.316155182397228,非鉄,3,0
58010,2026-03-06,2026-03-06,-87.60951188986232,208.06947711235813,-95.89288945178187,306.9053708439906,1.2450481041312855,非鉄,4,1
58010,2026-03-09,2026-03-09,-851.2299882858254,735.3878852284801,29.755579171093505,714.891811624947,-1.8446059250978197,非鉄,0,0
58010,2026-03-10,2026-03-10,399.2537313432831,-91.94159004867531,-108.16657652785278,16.402405686166688,-0.5694760820045608,非鉄,1,4
58010,2026-03-11,2026-03-11,571.9298245614035,-181.81818181818187,105.78512396694163,-284.5927379784097,1.9473081328751363,非鉄,2,4
58010,2026-03-12,2026-03-12,8.547008547008517,58.86426592797811,185.24930747922497,-124.08635050144446,1.1235955056179803,非鉄,3,2
58010,2026-03-13,2026-03-13,428.26929855481086,316.4983164983171,69.02356902356965,244.06552992310316,0.7777777777777883,非鉄,4,4
58010,2026-03-16,2026-03-16,-846.4000000000004,241.0901467505244,169.46191474493278,72.16494845360799,0.2756339581036382,非鉄,0,0
58010,2026-03-17,2026-03-17,-543.6241610738257,-266.098988823843,-157.88540003548013,-109.94953136265306,-0.05497526113249496,非鉄,1,0
58010,2026-03-18,2026-03-18,123.67491166077826,8.713837574068073,62.73963053328613,-51.966048848085535,1.980198019801982,非鉄,2,3
58010,2026-03-19,2026-03-19,522.6789510985119,-65.76728499156803,-20.23608768971341,-47.305288055414785,1.4023732470334505,非鉄,3,4
58010,2026-03-23,2026-03-23,80.6451612903225,-92.8571428571423,0.0,-92.8571428571423,-1.2332439678284235,非鉄,0,3
58010,2026-03-24,2026-03-24,-228.8857345635198,201.67151162790776,79.94186046511587,122.58878673156559,0.3800217155266017,非鉄,1,0
58010,2026-03-25,2026-03-25,-87.096774193548,261.1818478615735,22.85341168788868,237.7850162866446,1.1357490535424564,非鉄,2,1
58010,2026-03-26,2026-03-26,538.7523629489599,-274.5098039215688,72.39819004524861,-341.52186938286366,-0.2673796791443861,非鉄,3,4
58010,2026-03-27,2026-03-27,-602.9831799428753,422.8187919463089,389.2617449664426,35.54119547657608,-0.965147453083115,非鉄,4,0
58010,2026-03-30,2026-03-30,-180.13468013468037,426.25169147496587,277.40189445196296,141.49391247120667,-1.4076881429344934,非鉄,0,0
58010,2026-03-31,2026-03-31,383.83838383838406,-573.2899022801307,-682.4104234527683,113.57679538703368,0.7138934651290452,非鉄,1,4
58010,2026-04-01,2026-04-01,186.88524590164013,374.7597693786031,172.96604740550947,198.3627204030225,-1.199563794983638,非鉄,2,3
58010,2026-04-02,2026-04-02,-545.3449834287438,320.0000000000003,220.800000000001,103.38345864661758,-0.22075055187638082,非鉄,3,0
58010,2026-04-03,2026-04-03,105.71428571428676,67.60563380281637,129.57746478873267,-58.41446453407562,0.0,非鉄,4,3
58010,2026-04-06,2026-04-06,-39.5778364116095,-29.333333333333435,0.0,-29.333333333333435,0.38716814159291957,非鉄,0,2
58010,2026-04-07,2026-04-07,-128.41530054644835,149.75041597337759,-44.3704936217415,192.14703425229683,-1.1019283746556474,非鉄,1,1
58010,2026-04-08,2026-04-08,587.5000000000008,136.9216241737492,68.4608120868746,67.99531066822962,-0.3342618384401086,非鉄,2,4
58010,2026-04-09,2026-04-09,498.3621899859614,-29.037301764573975,62.54188072369882,-88.80994671403242,-0.6148686416992732,非鉄,3,4
58010,2026-04-10,2026-04-10,51.09975560986469,96.91629955947079,6.607929515418665,88.02816901408494,-0.8436445444319429,非鉄,4,2
58010,2026-04-13,2026-04-13,-95.65217391304337,-32.82275711159688,-85.33916849015277,52.968439638048096,0.05672149744753163,非鉄,0,1
58010,2026-04-14,2026-04-14,-120.71156289707785,55.77005577005467,130.84513084513193,-78.30687830687855,0.45351473922903285,非鉄,1,1
58010,2026-04-15,2026-04-15,-455.21914037687907,-146.66666666666717,13.333333333334085,-159.78695073235681,1.975169300225743,非鉄,2,0
58010,2026-04-16,2026-04-16,257.23472668810257,285.9057404511955,-24.570024570024216,313.54983202687595,-0.6640841173215284,非鉄,3,4
58010,2026-04-17,2026-04-17,-87.12698758440385,-83.53484282259794,-74.7417014728513,-8.85935769656676,-0.16713091922005985,非鉄,4,1
58010,2026-04-20,2026-04-20,164.93447808404892,-402.2222222222227,-215.5555555555555,-190.77901430842647,0.8928571428571397,非鉄,0,3
58010,2026-04-21,2026-04-21,283.75286041189884,-122.90502793296132,-149.72067039106142,27.223230490018846,0.38716814159291957,非鉄,1,4
58010,2026-04-22,2026-04-22,-121.73128944995449,77.50170959653468,25.07408251652521,52.29649840836848,0.11019283746556141,非鉄,2,1
58010,2026-04-23,2026-04-23,-484.12169664667994,14.117647058824456,-28.235294117646692,44.84304932735439,0.27517886626307053,非鉄,3,0
58010,2026-04-24,2026-04-24,34.87561032318176,-23.13743637205046,-16.196205460434765,-9.26784059314234,-0.1097694840834218,非鉄,4,2
58010,2026-04-27,2026-04-27,-14.035087719298511,-32.78688524590123,77.28337236533989,-113.82113821138185,1.318681318681314,非鉄,0,2
58010,2026-04-28,2026-04-28,183.13253012048224,139.5788975632839,59.14360066240798,75.22331922896086,0.9219088937093334,非鉄,1,3
58010,2026-04-30,2026-04-30,-210.67415730337103,146.21284755512943,105.46500479386323,37.94166469053728,-0.32171581769436797,非鉄,3,0
58010,2026-05-01,2026-05-01,-195.2022577610535,-48.18116116598436,9.636232233196651,-55.368319691863064,0.6455083378160253,非鉄,4,0
58010,2026-05-07,2026-05-07,129.78294920563906,212.4363797300277,101.79243195397314,109.52902519167473,0.0,非鉄,3,3
58010,2026-05-08,2026-05-08,-64.68882444791379,69.6316262354002,-132.52470799640648,204.87138629638136,0.993926007730539,非鉄,4,1
58010,2026-05-11,2026-05-11,-340.1360544217691,-102.04081632653073,77.09750566893491,-179.97750281214863,0.8201202843083566,非鉄,0,0
58010,2026-05-12,2026-05-12,-78.77461706783384,1083.5164835164846,17.582417582417964,1064.063185607722,1.3557483731019504,非鉄,1,1
58010,2026-05-13,2026-05-13,1352.0906604142247,-8.548469823901339,-30.77449136604571,20.57613168724215,0.48154093097914075,非鉄,2,4
58010,2026-05-14,2026-05-14,248.17771607080985,-380.1317790167258,-99.67899983105211,-284.9343115509295,-3.833865814696491,非鉄,3,4
58010,2026-05-15,2026-05-15,-685.7142857142861,-40.204678362573134,36.54970760234022,-78.28144911705803,0.8305647840531671,非鉄,4,0
58010,2026-05-18,2026-05-18,120.76423936553616,-192.5820256776034,-144.4365192582031,-47.050307636626876,4.83250961010433,非鉄,0,3
58010,2026-05-19,2026-05-19,-475.56390977443573,-19.758940920766577,-162.02331555028704,140.53402931138325,-0.41906757464641453,非鉄,1,0
58010,2026-05-20,2026-05-20,562.6283367556462,-52.765292163377,95.75923392612928,-147.11575687185396,-1.9989479221462436,非鉄,2,4
58010,2026-05-21,2026-05-21,-357.6235339357814,-80.00000000000007,21.999999999999797,-99.80039920159723,-0.7514761137949577,非鉄,3,0
58010,2026-05-22,2026-05-22,527.2442179537439,18.55287569573205,14.842300556585641,3.705075954056891,0.21633315305571443,非鉄,4,4
58010,2026-05-25,2026-05-25,277.97450424929207,17.205781142464183,82.58774948382674,-63.15070831199865,,非鉄,0,4
58010,2026-05-26,2026-05-26,406.2772449869234,80.45591686221876,110.6268856855519,-31.493452676943924,-0.2698327037236936,非鉄,1,4
58010,2026-05-27,2026-05-27,-665.2466000327706,-172.02036159382095,-115.85044760400231,-56.82827206535235,-1.406926406926412,非鉄,2,0
58010,2026-05-28,2026-05-28,-312.3267418222142,7.692307692308553,-207.69230769230762,217.94620066758253,0.2195389681668436,非鉄,3,0
58010,2026-05-29,2026-05-29,-442.7480916030535,295.29130087789343,175.57861133280062,115.66359537345639,-0.383351588170866,非鉄,4,0
58020,2024-05-10,2024-05-10,-66.18407445708408,72.90147885857135,18.746094563633076,54.0540540540535,2.8232636928289034,非鉄,4,1
58020,2024-05-13,2024-05-13,176.87661777394226,71.97290431837366,-19.05165114309937,93.33899024183356,1.3728720483251022,非鉄,0,4
58020,2024-05-14,2024-05-14,-151.07007973143126,75.04288164665418,12.864493996569415,62.098501070664284,-1.2459371614301218,非鉄,1,0
58020,2024-05-15,2024-05-15,61.68900233992858,-35.92561284868956,-38.03888419273038,0.0,1.5907844212835975,非鉄,2,3
58020,2024-05-16,2024-05-16,-155.85509688289756,32.02391118702019,12.809564474807189,21.326508850501025,-1.2419006479481687,非鉄,3,0
58020,2024-05-17,2024-05-17,176.83847315074442,70.07857294542453,23.359524315140767,44.482101249734285,-0.9841443411700346,非鉄,4,4
58020,2024-05-20,2024-05-20,262.71542664985327,-22.6058364159476,-24.66091245376112,-2.0593080724873314,1.656543346217565,非鉄,0,4
58020,2024-05-21,2024-05-21,-77.61437908496704,-57.613168724279795,-22.633744855966587,-37.11340206185576,-0.4888647474198815,非鉄,1,1
58020,2024-05-22,2024-05-22,-60.39150354019141,-60.86044071353602,-6.295907660021083,-52.50997689561054,0.6550218340611424,非鉄,2,1
58020,2024-05-23,2024-05-23,-44.45385266723112,33.905488450942656,-23.31002331002363,59.485872105375925,0.759219088937102,非鉄,3,1
58020,2024-05-24,2024-05-24,267.18379659556035,-44.06210658833398,4.196391103650221,-48.23825503355694,0.10764262648008671,非鉄,4,4
58020,2024-05-27,2024-05-27,243.4928631402178,116.7554281032368,6.145022531749422,108.47318870241595,,非鉄,0,4
58020,2024-05-28,2024-05-28,283.4170854271356,181.0395172279544,216.07942378820243,-34.29878048780477,-0.37634408602150726,非鉄,1,4
58020,2024-05-29,2024-05-29,-133.20647002854403,-123.50443844075687,-44.38440756464712,-81.39534883720879,-1.6729627630868826,非鉄,2,1
58020,2024-05-30,2024-05-30,35.81376840429806,-76.93825212073402,-13.809429867823741,-67.14060031595581,-1.5367727771679496,非鉄,3,3
58020,2024-05-31,2024-05-31,-89.91399530883459,1.9654088050313767,23.58490566037652,-21.56862745098076,-0.6131549609810438,非鉄,4,1
58020,2024-06-03,2024-06-03,1.9331142470524476,-44.44444444444473,-21.2560386473426,-23.237800154918276,-0.6169377453729696,非鉄,0,2
58020,2024-06-04,2024-06-04,78.43137254901933,0.0,78.03355442840498,-73.58636715724232,-0.22573363431150906,非鉄,1,3
58020,2024-06-05,2024-06-05,-166.69935281427684,-48.00000000000026,-43.999999999999595,-6.02530628640241,-0.6221719457013553,非鉄,2,0
58020,2024-06-06,2024-06-06,31.853474019509775,-17.87132644956335,-3.971405877680745,-15.888778550149363,3.1872509960159334,非鉄,3,3
58020,2024-06-07,2024-06-07,81.20649651972123,-160.30534351144988,-51.52671755725202,-111.23897199846522,-0.9376723662437914,非鉄,4,3
58020,2024-06-10,2024-06-10,-33.9558573853993,35.84905660377391,-86.79245283018888,121.7887725975264,0.44543429844097204,非鉄,0,2
58020,2024-06-11,2024-06-11,40.75583549462802,-77.34806629834279,-12.891344383056946,-62.707488011803925,-0.388026607538805,非鉄,1,3
58020,2024-06-12,2024-06-12,127.77151446824453,27.81383274615301,38.93936584461244,-11.082379017361976,0.8903728436282732,非鉄,2,3
58020,2024-06-13,2024-06-13,-330.25830258302636,15.29636711281146,22.94455066921497,-7.630675314765911,1.103143960286812,非鉄,3,0
58020,2024-06-14,2024-06-14,159.28515928515853,43.80952380952374,0.0,41.89678156541588,-2.127659574468088,非鉄,4,4
58020,2024-06-17,2024-06-17,-172.47987734764325,-73.98753894080956,-42.834890965731674,-31.28666405944447,-1.0590858416945403,非鉄,0,0
58020,2024-06-18,2024-06-18,-46.783625730993926,-47.01273261508376,-19.588638589618235,-29.434850863422348,0.9577464788732337,非鉄,1,1
58020,2024-06-19,2024-06-19,93.49512631788403,33.583563808772254,9.877518767285043,23.68265245707546,,非鉄,2,3
58020,2024-06-20,2024-06-20,-148.10426540284305,94.18837675350788,24.048096192383905,71.98560287942301,-1.8415178571428603,非鉄,3,0
58020,2024-06-21,2024-06-21,-57.36894164193873,25.865499403103787,23.875845602865375,0.0,-1.023308698123937,非鉄,4,1
58020,2024-06-24,2024-06-24,-162.4727560927286,68.27309236947742,46.18473895582342,19.9840127897688,-0.4595060310166543,非鉄,0,0
58020,2024-06-25,2024-06-25,-67.00827749310245,-104.37179992122903,-106.34107916502545,-1.9896538002384112,-2.1927293710328866,非鉄,1,1
58020,2024-06-26,2024-06-26,63.2661130881762,-37.26951745782636,-105.92389172224381,69.3893735130846,-1.1209439528023557,非鉄,2,3
58020,2024-06-27,2024-06-27,-135.80003936233044,-45.95404595404639,-73.92607392607387,28.180354267310914,-0.9546539379474916,非鉄,3,1
58020,2024-06-28,2024-06-28,10.040160642570406,54.2386500602654,10.044194455605115,44.150110375276164,-4.0963855421686795,非鉄,4,2
58020,2024-07-01,2024-07-01,-206.26735422451415,2.032520325203624,4.065040650407248,-4.062563477554848,0.18844221105527303,非鉄,0,0
58020,2024-07-02,2024-07-02,-114.38892233594177,20.3252032520318,48.78048780487809,-30.333670374115272,0.940438871473348,非鉄,1,1
58020,2024-07-03,2024-07-03,-88.99676375404565,-18.40114496013068,10.22285831118408,-26.557711950970784,0.31055900621117516,非鉄,2,1
58020,2024-07-04,2024-07-04,28.571428571428914,40.73319755600879,52.95315682281032,-12.15559157212276,,非鉄,3,3
58020,2024-07-05,2024-07-05,-110.04687181577322,-84.7632830266698,14.471780028944004,-101.13519091847212,2.0433436532507843,非鉄,4,1
58020,2024-07-08,2024-07-08,12.55230125523088,64.69115191986674,77.21202003338811,-12.42493269828171,-3.3373786407767003,非鉄,0,2
58020,2024-07-09,2024-07-09,101.70195101701918,43.19210201563229,41.13533525298196,2.048340843916474,0.37664783427495685,非鉄,1,3
58020,2024-07-10,2024-07-10,132.4908275580916,46.19401486242181,6.02530628640352,38.129640778647996,1.5009380863039379,非鉄,2,3
58020,2024-07-11,2024-07-11,-57.08661417322847,-1.9805902158842592,-25.74767280649648,23.82843526608447,0.800985828712264,非鉄,3,1
58020,2024-07-12,2024-07-12,-28.294260307194506,-56.86433793663737,4.061738424046002,-62.91861173127633,-2.200488997555017,非鉄,4,2
58020,2024-07-16,2024-07-16,187.067913786092,-86.00000000000053,-91.99999999999986,8.07591358772397,1.6035920461834552,非鉄,1,4
58020,2024-07-17,2024-07-17,70.05604483586892,-53.43360379972295,-67.2867603403915,13.947001394700731,0.7575757575757569,非鉄,2,3
58020,2024-07-18,2024-07-18,-26.62843097091305,-137.6618039860289,-32.874460653380396,-105.13296227581903,-1.8796992481203034,非鉄,3,2
58020,2024-07-19,2024-07-19,-29.093931837074205,43.75000000000018,24.999999999999467,18.703241895261513,0.0,非鉄,4,2
58020,2024-07-22,2024-07-22,-131.27734944780144,-44.30379746835467,-56.962025316456,12.730744748568057,2.298850574712641,非鉄,0,1
58020,2024-07-23,2024-07-23,-81.57289270027235,25.300442757747454,-16.866961838498675,44.359949302914536,0.3745318352059934,非鉄,1,1
58020,2024-07-24,2024-07-24,-4.2337002540215884,-133.72956909361022,-78.53958819783458,-57.75401069518682,0.43532338308458485,非鉄,2,2
58020,2024-07-25,2024-07-25,-45.65217391304333,-129.27256792287457,-37.24802804557448,-94.54705364995597,0.6811145510835948,非鉄,3,1
58020,2024-07-26,2024-07-26,80.35714285714369,-139.4731016161166,-4.42771751162252,-135.10520487264642,-2.890528905289058,非鉄,4,3
58020,2024-07-29,2024-07-29,72.46376811594234,-13.04064333840449,-8.693762225603363,-4.350663476180294,0.5066497783407176,非鉄,0,3
58020,2024-07-30,2024-07-30,-52.73566249175965,48.41549295774739,-30.809859154929953,79.47019867549754,-2.2684310018903586,非鉄,1,1
58020,2024-07-31,2024-07-31,182.1817373916912,78.53403141361292,8.726003490402423,65.35947712418277,-1.3539651837524147,非鉄,2,4
58020,2024-08-01,2024-08-01,-67.41573033707814,38.444142921754136,-15.829941203076014,52.08333333333259,0.2614379084967311,非鉄,3,1
58020,2024-08-02,2024-08-02,-46.357615894039306,-213.0492676431428,-110.96316023080365,-103.2315978456011,0.9126466753585305,非鉄,4,1
58020,2024-08-05,2024-08-05,-43.881033642125814,-913.3202742409408,-470.12732615083206,-467.50577960441797,1.0981912144702788,非鉄,0,1
58020,2024-08-06,2024-08-06,299.1347342398032,57.553956834532904,14.388489208632116,45.5089820359289,-0.8945686900958427,非鉄,1,4
58020,2024-08-07,2024-08-07,685.1348008904279,-157.8092364817818,20.886516593177085,-180.59736050011543,-0.9671179883945835,非鉄,2,4
58020,2024-08-08,2024-08-08,169.04129437333992,-174.94089834515393,-141.84397163120587,-45.508982035927794,-1.3671875,非鉄,3,4
58020,2024-08-09,2024-08-09,42.29323308270638,-65.26806526806483,-142.1911421911426,78.0326318278557,-0.46204620462045876,非鉄,4,3
58020,2024-08-13,2024-08-13,248.49047840223017,-11.235955056180247,-89.88764044943865,79.36507936507908,-1.5645371577574951,非鉄,1,4
58020,2024-08-14,2024-08-14,-8.910670527957354,171.91337352087555,58.04867157847671,108.71976924783588,0.9271523178807861,非鉄,2,2
58020,2024-08-15,2024-08-15,256.5217391304353,78.24064284203791,-16.91689574963018,91.0438280753767,-1.5748031496062964,非鉄,3,4
58020,2024-08-16,2024-08-16,-157.56087579292034,-89.02691511387117,-28.985507246376272,-62.279427029271474,-1.2666666666666715,非鉄,4,0
58020,2024-08-19,2024-08-19,-67.17044500419766,-72.21750212404454,-23.36448598130869,-46.84838160136317,2.160702228224176,非鉄,0,1
58020,2024-08-20,2024-08-20,-48.319327731092265,52.47691015952904,-27.287993282955057,79.98316143969619,-0.7270323859881023,非鉄,1,1
58020,2024-08-21,2024-08-21,-16.736401673640433,-43.96984924623148,-14.656616415410495,-29.35625917383056,0.13315579227697327,非鉄,2,2
58020,2024-08-22,2024-08-22,-46.97843262865709,15.086206896550713,-21.551724137931494,36.71706263498997,-1.3962765957446832,非鉄,3,1
58020,2024-08-23,2024-08-23,-12.774111134766786,61.68900233992858,42.54413954477787,19.063757678456916,-0.8091706001348564,非鉄,4,2
58020,2024-08-26,2024-08-26,-113.29628046173545,-71.25890736342066,-53.98402072986364,-15.200868621063623,-1.5635622025832796,非鉄,0,1
58020,2024-08-27,2024-08-27,-79.58700795870132,49.79432777657556,25.979649274734395,25.917926565874883,1.4502762430939287,非鉄,1,1
58020,2024-08-28,2024-08-28,52.0946385934451,112.94526498696777,15.20417028670673,97.59271307742345,-0.5445881552076259,非鉄,2,3
58020,2024-08-29,2024-08-29,4.317789291883312,47.41379310344796,-12.93103448275823,60.42296072507503,1.4373716632443578,非鉄,3,2
58020,2024-08-30,2024-08-30,223.40425531914843,22.88805659592219,0.0,20.802995631370447,2.1592442645074206,非鉄,4,4
58020,2024-09-02,2024-09-02,14.35014350143593,118.85245901639419,-8.196721311475308,125.07689153167911,,非鉄,0,2
58020,2024-09-03,2024-09-03,34.44084278768189,-24.271844660194162,-26.29449838187692,2.0279862096939105,1.7833553500660404,非鉄,1,3
58020,2024-09-04,2024-09-04,-18.867924528301884,-189.47368421052602,-44.21052631578992,-145.90822584055863,1.5574302401038187,非鉄,2,2
58020,2024-09-05,2024-09-05,288.2096069869,-72.18683651804669,-99.7876857749469,25.72898799313883,-0.31948881789137795,非鉄,3,4
58020,2024-09-06,2024-09-06,-103.13708637730956,-2.175331738090147,-19.577985642810212,19.620667102682177,-1.7948717948717996,非鉄,4,1
58020,2024-09-09,2024-09-09,251.1312217194561,181.01545253863094,64.0176600441511,120.69343866578875,0.32637075718016106,非鉄,0,4
58020,2024-09-10,2024-09-10,78.41428882596313,-97.33939000648894,-49.7512437810943,-47.826086956521685,-0.8458035133376729,非鉄,1,3
58020,2024-09-11,2024-09-11,24.223739264479516,-156.49107339651746,-99.18448313863793,-55.66688933422381,0.0,非鉄,2,2
58020,2024-09-12,2024-09-12,-28.34096359276228,72.46376811594234,76.85551163812087,-4.358247984310726,1.7060367454068137,非鉄,3,2
58020,2024-09-13,2024-09-13,-79.242791107198,75.67326953038078,53.41642555085624,17.70303164416953,1.6774193548387162,非鉄,4,1
58020,2024-09-17,2024-09-17,-193.3640958031202,105.26315789473716,0.0,107.52688172043001,0.48750761730651515,非鉄,1,0
58020,2024-09-18,2024-09-18,-39.525691699604515,52.93339214821336,-81.60564622849532,137.9003558718872,0.0,非鉄,2,2
58020,2024-09-19,2024-09-19,10.667804565820393,-44.77611940298498,-19.18976545842166,-25.63554795983802,-1.5767131594906059,非鉄,3,2
58020,2024-09-20,2024-09-20,-14.783526927137913,-53.0110262934691,-8.481764206954567,-46.679397411415465,-1.0474430067775709,非鉄,4,2
58020,2024-09-24,2024-09-24,0.0,21.105951878430673,16.88476150274454,4.214075010535723,-0.3026634382566562,非鉄,1,2
58020,2024-09-25,2024-09-25,-12.626262626262985,-75.949367088608,-40.08438818565385,-38.11944091486663,0.7893139040680008,非鉄,2,2
58020,2024-09-26,2024-09-26,143.45991561181438,64.58333333333232,75.00000000000063,-8.273009307135926,-0.48192771084337727,非鉄,3,3
58020,2024-09-27,2024-09-27,-76.44628099173545,202.25187656380373,54.21184320266947,147.24180837826674,1.0895883777239712,非鉄,4,1
58020,2024-09-30,2024-09-30,-13.029315960911836,-15.224010439321978,13.049151805133441,-28.236316246742497,1.556886227544907,非鉄,0,2
58020,2024-10-01,2024-10-01,-83.94317692638876,6.511829824180637,36.90036900368953,-28.120268224096634,1.0613207547169878,非鉄,1,1
58020,2024-10-02,2024-10-02,17.540013155010747,15.350877192983337,19.736842105262387,-4.377325454147929,0.7584597432905404,非鉄,2,2
58020,2024-10-03,2024-10-03,-97.78911564625847,-19.37150236762775,-10.761945759792946,-8.618832148243882,-0.8685581933989606,非鉄,3,1
58020,2024-10-04,2024-10-04,6.4516129032266,23.686477174849063,10.766580534022907,15.060240963855609,-0.6425233644859807,非鉄,4,2
58020,2024-10-07,2024-10-07,64.31535269709521,-14.418125643665958,35.01544799176193,-47.21823034284589,0.29394473838917357,非鉄,0,3
58020,2024-10-08,2024-10-08,-224.9488752556239,-8.380473496752971,-41.90236748376264,33.66294971596906,-1.348182883939042,非鉄,1,0
58020,2024-10-09,2024-10-09,-320.1663201663196,113.73390557939844,27.896995708154293,83.4403080872903,0.11883541295305555,非鉄,2,0
58020,2024-10-10,2024-10-10,-35.490605427974664,121.5168657029131,29.331657238633735,91.91560476289995,-0.7121661721068206,非鉄,3,2
58020,2024-10-11,2024-10-11,-109.73084886128359,-66.86167989970792,-52.235687421646745,-12.605042016806678,-0.4184100418409997,非鉄,4,1
58020,2024-10-15,2024-10-15,-144.5683601817427,-33.61344537815114,-21.008403361344463,-14.733740265207018,-1.5328019619865074,非鉄,1,0
58020,2024-10-16,2024-10-16,79.31404072883063,14.912654452492458,21.303792074989225,-6.377551020407823,0.7471980074719831,非鉄,2,3
58020,2024-10-17,2024-10-17,-53.0447697856995,-61.76783812566589,-42.59850905218299,-19.251336898395977,0.5562422744128659,非鉄,3,1
58020,2024-10-18,2024-10-18,-102.52029047415623,56.13126079447417,2.1588946459405456,56.13126079447417,-0.6760909649661917,非鉄,4,1
58020,2024-10-21,2024-10-21,10.697475395806677,-32.216494845360714,-8.59106529209619,-23.64574376612194,1.3613861386138515,非鉄,0,2
58020,2024-10-22,2024-10-22,-79.39914163090145,30.29647262497326,51.93681021423924,-19.379844961240345,1.7094017094017033,非鉄,1,1
58020,2024-10-23,2024-10-23,86.63634394628473,-107.55001075500093,-68.83200688320046,-41.143352100476704,0.6002400960384069,非鉄,2,3
58020,2024-10-24,2024-10-24,181.21546961326064,-67.04152249134899,-41.089965397923535,-23.892267593397243,0.5966587112171906,非鉄,3,4
58020,2024-10-25,2024-10-25,-97.97517962116254,52.7009222661401,0.0,52.7009222661401,-1.3641755634638209,非鉄,4,1
58020,2024-10-28,2024-10-28,123.37519277373809,15.167930660888729,10.834236186347823,4.3290043290045155,-1.3229104028863459,非鉄,0,3
58020,2024-10-29,2024-10-29,-12.90322580645209,25.828669823504402,4.30477830391629,21.51462994836484,0.8531383302864182,非鉄,1,2
58020,2024-10-30,2024-10-30,337.85237787820057,-122.8143213988342,-70.77435470441262,-52.410901467505596,-0.5438066465256797,非鉄,2,4
58020,2024-10-31,2024-10-31,8.421052631579773,25.24721228697624,-35.76688407321726,61.233108108107444,-0.060753341433783525,非鉄,3,2
58020,2024-11-01,2024-11-01,51.67958656330684,-6.428112277694353,59.995714591813964,-66.02768903088419,0.8510638297872353,非鉄,4,3
58020,2024-11-05,2024-11-05,207.43639921722013,-121.10726643598579,-11.534025374856371,-105.89141316904139,0.540540540540535,非鉄,1,4
58020,2024-11-06,2024-11-06,-9.615384615384581,265.3846153846162,148.07692307692298,113.67942402425113,1.9115890083632125,非鉄,2,2
58020,2024-11-07,2024-11-07,-294.2271880819369,-122.65235722499045,-51.74396320429264,-71.27721055673275,0.4103165298944944,非鉄,3,0
58020,2024-11-08,2024-11-08,-117.00320815248189,-53.42491890860557,-47.700820454111835,-9.582215408202588,0.7005253940455258,非鉄,4,1
58020,2024-11-11,2024-11-11,146.06741573033764,-62.49999999999978,-68.01470588235325,5.552470849528035,-0.40579710144927894,非鉄,0,4
58020,2024-11-12,2024-11-12,233.37008452774643,-160.4470885163156,-131.60266810888777,-29.22908293752302,-0.11641443538998875,非鉄,1,4
58020,2024-11-13,2024-11-13,77.26269315673218,-120.52593133674239,-58.43681519357213,-62.45407788390889,-0.6993006993006978,非鉄,2,3
58020,2024-11-14,2024-11-14,264.2857142857147,19.087280930070172,12.146451500953948,5.198405822215424,-1.7018779342723,非鉄,3,4
58020,2024-11-15,2024-11-15,-140.17094017094055,-116.17825559216199,-86.70019074041969,-29.735875459157015,1.2537313432835928,非鉄,4,0
58020,2024-11-18,2024-11-18,-37.095919448860705,46.17297105309781,21.310602024506853,24.809498493709725,1.2382075471698117,非鉄,0,2
58020,2024-11-19,2024-11-19,145.62244716746608,10.511562718991119,66.5732305536082,-57.42126326779173,-0.4659289458357585,非鉄,1,4
58020,2024-11-20,2024-11-20,69.90562740300632,43.37265787647482,0.0,45.11539128925879,0.702165008777067,非鉄,2,3
58020,2024-11-21,2024-11-21,368.9655172413797,-148.0865224625627,-116.47254575707144,-31.986531986532007,-0.755374782103424,非鉄,3,4
58020,2024-11-22,2024-11-22,-5.027652086475598,87.24832214765055,23.489932885905063,63.60897221292294,-0.23419203747072626,非鉄,4,2
58020,2024-11-25,2024-11-25,-26.560424966799445,-35.07599799565719,-11.691999331885361,-25.0794181574987,-0.17605633802817433,非鉄,0,2
58020,2024-11-26,2024-11-26,-248.75621890547262,68.1431005110733,3.4071550255543315,64.71389645776648,-1.3521457965902428,非鉄,1,0
58020,2024-11-27,2024-11-27,-315.3229930117607,141.5428167020516,111.46496815286567,27.99160251924393,-1.0727056019070313,非鉄,2,0
58020,2024-11-28,2024-11-28,-12.280701754385781,47.36011226100789,33.32748640589411,13.986013986013734,,非鉄,3,2
58020,2024-11-29,2024-11-29,-143.30110497237536,82.12475974139544,-22.715359077406518,103.30940290667057,1.9879518072289049,非鉄,4,0
58020,2024-12-02,2024-12-02,144.27255345037304,99.2810681273526,95.85758301951408,3.390979993218579,0.4725339633786074,非鉄,0,3
58020,2024-12-03,2024-12-03,97.38079247817222,9.970089730808596,66.4672648720499,-56.124133377352116,-0.4115226337448541,非鉄,1,3
58020,2024-12-04,2024-12-04,-138.84297520661116,35.27633126154895,8.399126490845621,25.172008726297435,-0.2951593860684776,非鉄,2,1
58020,2024-12-05,2024-12-05,9.715025906735786,-161.65535079211145,-32.33107015842229,-126.54120700843596,0.82889283599763,非鉄,3,2
58020,2024-12-06,2024-12-06,-420.361247947455,51.51983513652647,-53.237162974412165,105.31767955801018,1.2918379330593144,非鉄,4,0
58020,2024-12-09,2024-12-09,13.58003734510227,-86.41138597085707,-79.63402236530027,-5.124701059104897,0.521739130434784,非鉄,0,2
58020,2024-12-10,2024-12-10,-160.12135513231107,20.526855969893454,-22.23742730071865,42.85959197668498,1.6147635524798254,非鉄,1,0
58020,2024-12-11,2024-12-11,-35.97122302158251,67.11409395973256,6.883496816383339,60.189165950128576,-0.2270147559591429,非鉄,2,2
58020,2024-12-12,2024-12-12,-194.1747572815533,-90.5982905982905,-63.2478632478628,-27.52451402029954,-1.5358361774744034,非鉄,3,0
58020,2024-12-13,2024-12-13,-19.107173875282378,15.660344527579362,-1.7400382808419046,17.403411068568353,-0.17331022530329143,非鉄,4,2
58020,2024-12-16,2024-12-16,13.89854065323215,-65.97222222222254,-22.569444444444642,-41.76818656456693,3.009259259259256,非鉄,0,2
58020,2024-12-17,2024-12-17,-133.65735115431377,-19.33216168717,12.302284710017375,-28.09482001755903,-0.3370786516853963,非鉄,1,1
58020,2024-12-18,2024-12-18,5.253940455340889,22.72727272727204,-24.47552447552459,45.558086560364416,-1.3528748590755368,非鉄,2,2
58020,2024-12-19,2024-12-19,110.02886002885903,-88.63676653075747,-53.18205991845404,-33.86809269162239,0.6857142857142895,非鉄,3,3
58020,2024-12-20,2024-12-20,-84.89564909798352,-39.22967189728954,-60.62767475035646,19.730941704034777,1.2485811577752637,非鉄,4,1
58020,2024-12-23,2024-12-23,-106.64770707429771,-23.23918484090082,-51.84125849124088,30.55355859094222,0.39237668161435924,非鉄,0,1
58020,2024-12-24,2024-12-24,-123.03851640513508,14.440433212996595,5.415162454873723,9.020386072524644,0.16750418760469454,非鉄,1,1
58020,2024-12-25,2024-12-25,-105.98167774384714,145.08523757707616,56.22052956111734,92.00793793974427,,非鉄,2,1
58020,2024-12-26,2024-12-26,3.571428571429447,85.56149732620311,32.085561497325884,53.304904051172386,1.17056856187292,非鉄,3,2
58020,2024-12-27,2024-12-27,55.98320503848786,24.339360222531692,1.7385257301816281,24.339360222531692,0.0,非鉄,4,3
58020,2024-12-30,2024-12-30,-116.40027797081287,22.875241949673608,24.634875945803714,-3.510003510003301,-0.22038567493113392,非鉄,0,1
58020,2025-01-06,2025-01-06,26.301946344029492,-105.07880910682998,-96.32224168126146,-7.074637424832053,1.2749445676274895,非鉄,0,2
58020,2025-01-07,2025-01-07,-122.07882804325054,-63.570545647183565,7.063393960797804,-70.58408328921794,0.21893814997262506,非鉄,1,1
58020,2025-01-08,2025-01-08,127.33142037302692,21.246458923511735,-26.558073654391336,46.14838480653249,-0.8192244675040983,非鉄,2,3
58020,2025-01-09,2025-01-09,-76.4580369843526,-77.1992818671452,-82.58527827648132,5.430847212164469,0.6057268722466924,非鉄,3,1
58020,2025-01-10,2025-01-10,43.41534008682979,-102.57333093395715,-107.97192729890214,5.457522284881833,3.1198686371100237,非鉄,4,3
58020,2025-01-14,2025-01-14,-230.8537925980214,44.977511244377325,-18.74062968515777,61.94856391965375,-0.26274303730950965,非鉄,1,0
58020,2025-01-15,2025-01-15,61.077179344808386,115.87272392863612,42.302740481883205,75.10533064663872,0.8956796628029506,非鉄,2,3
58020,2025-01-16,2025-01-16,-92.98085688240643,-29.347028613352364,1.8341892883344535,-31.175499724922506,-0.8877284595300239,非鉄,3,1
58020,2025-01-17,2025-01-17,-42.90244357396,67.41573033707925,59.925093632959836,9.309253397877804,2.16016859852477,非鉄,4,1
58020,2025-01-20,2025-01-20,85.12213175425609,-12.836970474967568,-42.178617274895025,27.619222979193836,,非鉄,0,3
58020,2025-01-21,2025-01-21,-206.83453237410055,0.0,-18.33852924995383,20.21315692759984,0.979886539453334,非鉄,1,0
58020,2025-01-22,2025-01-22,520.3045685279184,12.027491408934665,-39.51890034364247,53.48516218081522,-1.0725229826353377,非鉄,2,4
58020,2025-01-23,2025-01-23,-90.00000000000009,259.93627368774196,155.96176421264428,102.37780713342248,1.032524522457412,非鉄,3,1
58020,2025-01-24,2025-01-24,-107.66721044045636,-56.068601583113555,-92.34828496042181,36.617842876165426,-0.7153806847215116,非鉄,4,1
58020,2025-01-27,2025-01-27,-415.43513957307044,-237.60683760683742,22.222222222221255,-260.9140518417463,-0.7205352547606791,非鉄,0,0
58020,2025-01-28,2025-01-28,-61.37184115523442,-168.8146669086954,-112.54311127246285,-56.91206168533136,0.6220839813374734,非鉄,1,1
58020,2025-01-29,2025-01-29,-217.78257739380803,239.41068139963218,209.9447513812147,27.051397655546428,2.266872746007209,非鉄,2,0
58020,2025-01-30,2025-01-30,152.45009074410066,144.6428571428582,26.7857142857153,119.34449590309981,-1.2594458438287104,非鉄,3,4
58020,2025-01-31,2025-01-31,143.96067415730408,81.06243532252533,93.13556398758082,-11.961722488038617,-1.479591836734695,非鉄,4,3
58020,2025-02-03,2025-02-03,-120.88888888888927,70.359011365686,32.47338986108517,35.95828838547366,1.0875194199896354,非鉄,0,1
58020,2025-02-04,2025-02-04,-29.015190305512473,348.24172072379645,-46.09081597814924,394.3758573388201,1.2295081967213184,非鉄,1,2
58020,2025-02-05,2025-02-05,-173.2673267326734,-72.14765100671094,15.100671140939603,-88.77721943048589,-0.15182186234817818,非鉄,2,0
58020,2025-02-06,2025-02-06,-157.4403250380907,-3.4423407917383297,5.1635111876069395,-6.882312456985007,0.4561581348200727,非鉄,3,0
58020,2025-02-07,2025-02-07,-48.25922095828994,-27.720027720027353,-5.197505197505059,-24.26343154246058,-1.6145307769929396,非鉄,4,1
58020,2025-02-10,2025-02-10,-134.14634146341476,45.84729324634162,12.343502027860609,35.22987493394414,0.8717948717948731,非鉄,0,1
58020,2025-02-12,2025-02-12,222.95195298997595,20.31832035218395,62.64815441923366,-43.74158815612428,1.499482936918306,非鉄,2,4
58020,2025-02-13,2025-02-13,-198.9966555183942,-17.050298380221207,-51.15089514066473,32.55654557916321,0.5094243504839557,非鉄,3,0
58020,2025-02-14,2025-02-14,-22.222222222222364,-24.01372212692987,-37.73584905660377,13.774104683195176,0.6588950836289964,非鉄,4,2
58020,2025-02-17,2025-02-17,6.988120195667857,0.0,5.22648083623789,-5.2237506529684286,,非鉄,0,2
58020,2025-02-18,2025-02-18,-10.526315789474161,54.3859649122802,40.35087719298281,12.229210342418195,1.1077542799597273,非鉄,1,2
58020,2025-02-19,2025-02-19,-108.99653979238755,-66.48005598320461,-45.48635409377222,-22.843085573712727,-0.8466135458167323,非鉄,2,1
58020,2025-02-20,2025-02-20,-193.90093424995646,21.582733812950394,-12.589928057553657,34.21573924005106,-0.050226017076848706,非鉄,3,0
58020,2025-02-21,2025-02-21,-87.22514991822638,0.0,-27.472527472527375,27.548209366390353,-1.4070351758794009,非鉄,4,1
58020,2025-02-25,2025-02-25,1.8867924528298552,-30.114812723508464,24.468285337850837,-54.44986856928291,-0.46607975142413105,非鉄,1,2
58020,2025-02-26,2025-02-26,-153.08075009567546,188.27639751552772,29.114906832297116,162.6331074540177,-0.3121748178980255,非鉄,2,0
58020,2025-02-27,2025-02-27,112.67605633802802,94.83079211602741,39.047973224246576,53.7037037037047,-3.131524008350728,非鉄,3,3
58020,2025-02-28,2025-02-28,-248.13432835820936,-5.740528128588274,15.30807500956799,-17.2018348623848,-2.370689655172409,非鉄,4,0
58020,2025-03-03,2025-03-03,-92.24397590361421,5.683971201213556,32.20917014020497,-24.556101246694382,-2.759381898454749,非鉄,0,1
58020,2025-03-04,2025-03-04,-202.50723240115676,23.649980291682304,-23.649980291683413,47.4120900829722,-0.7945516458569779,非鉄,1,0
58020,2025-03-05,2025-03-05,40.95163806552282,17.431725740848503,52.295177222545504,-32.761611100404764,0.97254004576659,非鉄,2,3
58020,2025-03-06,2025-03-06,76.24857033930566,0.0,41.572184429328196,-43.273753527751644,1.8130311614730887,非鉄,3,3
58020,2025-03-07,2025-03-07,156.84774292272328,82.70676691729318,0.0,84.60236886632887,1.3912075681691727,非鉄,4,4
58020,2025-03-10,2025-03-10,-41.04477611940327,-132.71028037383226,-151.4018691588781,22.783368141257032,0.5488474204171201,非鉄,0,1
58020,2025-03-11,2025-03-11,-89.55223880596996,84.33734939758963,-34.13654618473871,118.87970985291263,0.4366812227074135,非鉄,1,1
58020,2025-03-12,2025-03-12,305.7199211045369,114.50381679389388,124.04580152671763,-9.425070688030557,-2.336956521739131,非鉄,2,4
58020,2025-03-13,2025-03-13,66.31299734747964,-163.31894124272605,-78.84362680683266,-85.14664143803196,1.2799109627156469,非鉄,3,3
58020,2025-03-14,2025-03-14,99.4454006502199,13.202565069785344,28.291210863824467,-16.923655509589743,-2.5824175824175843,非鉄,4,3
58020,2025-03-17,2025-03-17,-187.03703703703667,-15.094339622641062,-1.8867924528298552,-13.210039630119352,3.891708967851093,非鉄,0,0
58020,2025-03-18,2025-03-18,46.992481203007586,-14.961660744342575,43.01477463998449,-55.87632706276824,-0.5971769815418027,非鉄,1,3
58020,2025-03-19,2025-03-19,250.92936802973975,-94.35674106332837,-39.92015968063867,-58.277180841377344,0.928454396504641,非鉄,2,4
58020,2025-03-21,2025-03-21,207.80167699598894,8.950948800572345,26.852846401719255,-16.071428571428072,-1.0154997327632254,非鉄,4,4
58020,2025-03-24,2025-03-24,-176.67844522968213,35.8808754933615,21.528525296017342,17.908309455587634,0.3239740820734305,非鉄,0,0
58020,2025-03-25,2025-03-25,-212.69237420024177,-135.94632768361592,-169.49152542372838,28.720157960868686,-1.2917115177610294,非鉄,1,0
58020,2025-03-26,2025-03-26,-19.773503505302603,-39.639639639639235,-23.423423423423184,-18.057060310581186,-1.526717557251911,非鉄,2,2
58020,2025-03-27,2025-03-27,45.02814258911858,69.17180781454535,35.52065806692761,35.40152785541206,-0.33222591362126463,非鉄,3,3
58020,2025-03-28,2025-03-28,-115.53030303030343,32.567049808429616,-26.81992337164707,59.54667691125515,0.6666666666666599,非鉄,4,1
58020,2025-03-31,2025-03-31,48.38709677419395,-114.32009626955453,-70.19655034095518,-48.45548152634716,1.0485651214128033,非鉄,0,3
58020,2025-04-01,2025-04-01,-168.28872668288696,-59.92973754908037,-51.66356685265549,-8.309098462816467,0.5461496450027248,非鉄,1,0
58020,2025-04-02,2025-04-02,-16.494845360824904,-4.134794293984001,12.404382881952003,-14.456836018174046,-0.5975013579576305,非鉄,2,2
58020,2025-04-03,2025-04-03,93.00265721877699,-68.01228609039089,-85.56384379113658,15.486725663715895,0.21857923497268228,非鉄,3,3
58020,2025-04-04,2025-04-04,-369.9448529411764,-42.95942720763723,-131.26491646778038,87.04061895551175,0.4362050163576825,非鉄,4,0
58020,2025-04-07,2025-04-07,952.3809523809534,-207.86516853932625,-58.9887640449438,-152.54237288135576,0.8686210640608039,非鉄,0,4
58020,2025-04-08,2025-04-08,156.4102564102554,111.02699974766539,47.94347716376546,62.78252134605644,0.9687836383207804,非鉄,1,4
58020,2025-04-09,2025-04-09,122.04828867073525,-134.3519494204426,-250.26343519494176,110.69114470842356,0.9594882729211163,非鉄,2,3
58020,2025-04-10,2025-04-10,-437.61220825852763,46.95938013618228,2.347969006808448,39.88737681839494,1.9007391763463666,非鉄,3,0
58020,2025-04-11,2025-04-11,292.0081967213117,148.80952380952328,4.960317460318553,141.26394052044634,1.4507772020725396,非鉄,4,4
58020,2025-04-14,2025-04-14,131.25911521633338,-215.82733812949618,-69.54436450839374,-144.92753623188358,-1.0725229826353377,非鉄,0,3
58020,2025-04-15,2025-04-15,337.3205741626783,-37.045612410280256,-39.360963185922635,4.650081376424975,-0.722767165720184,非鉄,1,4
58020,2025-04-16,2025-04-16,-206.57276995305173,-112.68280987772772,-64.73267801486493,-50.6634499396863,0.6240249609984483,非鉄,2,0
58020,2025-04-17,2025-04-17,129.42612942612897,36.18817852834688,-12.062726176115257,45.882637044192265,-0.2583979328165342,非鉄,3,3
58020,2025-04-18,2025-04-18,2.4283632831467727,-26.724975704567335,-21.865889212827618,-7.302823758520427,,非鉄,4,2
58020,2025-04-21,2025-04-21,-241.0231185440237,88.38383838383868,58.08080808080707,30.128044187798242,-0.10362694300518616,非鉄,0,0
58020,2025-04-22,2025-04-22,10.022550739163805,107.74242044600425,82.68604359809473,24.8508946322068,-1.4522821576763434,非鉄,1,2
58020,2025-04-23,2025-04-23,-150.00000000000014,48.39099927413493,50.81054923784079,-4.813477737665162,-0.6315789473684164,非鉄,2,0
58020,2025-04-24,2025-04-24,284.3384544829175,-294.50841452612894,-205.9344552701503,-88.19538670284955,1.0063559322033955,非鉄,3,4
58020,2025-04-25,2025-04-25,27.118644067796183,29.252925292528875,22.502250225022724,6.735518634934934,0.10487676979549221,非鉄,4,2
58020,2025-04-28,2025-04-28,-148.14814814814835,-37.54416961130769,-35.33568904593665,0.0,-0.41906757464641453,非鉄,0,0
58020,2025-04-30,2025-04-30,0.0,63.694267515923556,-4.39270810454695,68.1168973851909,1.2466124661246525,非鉄,2,2
58020,2025-05-01,2025-05-01,205.50940096195848,23.45415778251647,-42.64392324093813,66.38115631691699,-0.6959314775160652,非鉄,3,4
58020,2025-05-02,2025-05-02,-177.32742241925226,66.79594914889009,66.79594914889009,-2.139952921035304,-0.6469002695417836,非鉄,4,0
58020,2025-05-07,2025-05-07,-2.1110407430868783,35.82718651211847,23.182297154900056,12.61564339781307,-1.3392857142857095,非鉄,2,2
58020,2025-05-08,2025-05-08,-37.751677852349005,113.54079058031985,12.61564339781307,98.67730422002951,-0.39592760180995334,非鉄,3,2
58020,2025-05-09,2025-05-09,-12.24489795918382,-12.307692307692575,10.256410256410664,-20.496003279361076,0.5110732538330387,非鉄,4,2
58020,2025-05-12,2025-05-12,-108.91488503428803,75.66462167689193,8.179959100205192,65.37282941777356,-0.5649717514124242,非鉄,0,1
58020,2025-05-13,2025-05-13,-160.0790513833994,611.6700201207248,62.37424547283599,545.8908218356329,-1.2499999999999956,非鉄,1,0
58020,2025-05-14,2025-05-14,-85.74091332712031,-14.975664545113787,-5.61587420441767,-7.493443237167607,0.9205983889528202,非鉄,2,1
58020,2025-05-15,2025-05-15,-88.8468809073728,114.54753722794919,68.72852233676952,43.601895734597385,2.2234891676168766,非鉄,3,1
58020,2025-05-16,2025-05-16,-203.89075944631463,100.81795700970231,91.30682898991881,9.425070688029447,-1.171221416620194,非鉄,4,0
58020,2025-05-19,2025-05-19,76.07455306199995,-123.05944717909911,-96.55433547898551,-24.85659655831696,0.9029345372460584,非鉄,0,3
58020,2025-05-20,2025-05-20,-26.119402985074203,-89.78675645342271,-22.446689113355678,-69.3533270852853,1.6778523489932917,非鉄,1,2
58020,2025-05-21,2025-05-21,-96.95817490494308,61.52662949432841,17.304364545280837,46.0741025148792,1.2101210121012063,非鉄,2,1
58020,2025-05-22,2025-05-22,107.94140323824308,328.1816447242902,78.22934554474247,248.01211662249133,0.5978260869565322,非鉄,3,3
58020,2025-05-23,2025-05-23,-78.125,-89.2388451443571,-115.48556430446166,28.328611898016387,-0.8103727714748765,非鉄,4,1
58020,2025-05-26,2025-05-26,-112.83497884344129,87.42194469223863,60.66012488849193,24.822695035460196,,非鉄,0,1
58020,2025-05-27,2025-05-27,38.73239436619657,59.649122807017285,-26.31578947368429,89.74133380256876,-0.16339869281045694,非鉄,1,3
58020,2025-05-28,2025-05-28,6.8728522336769515,-72.07825639265475,-42.90372404324727,-25.862068965517572,-1.6366612111292977,非鉄,2,2
58020,2025-05-29,2025-05-29,79.65482907401179,26.315789473683182,-32.89473684210509,52.770448548813405,-0.8319467554076532,非鉄,3,3
58020,2025-05-30,2025-05-30,83.33333333333303,59.54349983460227,6.615944426067166,56.21693121693028,-0.7829977628635354,非鉄,4,3
58020,2025-06-02,2025-06-02,93.52037408149715,26.55160969133652,-3.3189512114173425,29.880478087649376,-1.183765501691092,非鉄,0,3
58020,2025-06-03,2025-06-03,-18.44090528080433,5.046257359124784,42.0521446593769,-38.519510969686756,0.0,非鉄,1,2
58020,2025-06-04,2025-06-04,3.333333333332966,0.0,0.0,-3.3300033300032172,-0.057045065601823985,非鉄,2,2
58020,2025-06-05,2025-06-05,-38.65546218487448,-23.720772619451047,0.0,-23.720772619451047,0.05707762557076723,非鉄,3,2
58020,2025-06-06,2025-06-06,92.63938015832807,-90.21049114600777,-73.50484463748752,-16.829350387075337,0.855675984027382,非鉄,4,3
58020,2025-06-09,2025-06-09,16.71122994652441,40.01333777925886,3.3344448149374983,36.66666666666707,-2.0361990950226283,非鉄,0,2
58020,2025-06-10,2025-06-10,-19.867549668873828,-81.23342175066273,-19.893899204244114,-61.46179401993357,1.385681293302543,非鉄,1,2
58020,2025-06-11,2025-06-11,-220.73578595317778,8.570449091531707,30.85361672951592,-22.214627477785687,-0.5694760820045608,非鉄,2,0
58020,2025-06-12,2025-06-12,-135.0889192886462,-38.16131830008618,32.95750216825599,-70.88520055325009,0.45819014891179677,非鉄,3,1
58020,2025-06-13,2025-06-13,-61.91402794976098,-3.5714285714283367,-10.71428571428612,7.150518412584184,1.425313568985187,非鉄,4,1
58020,2025-06-16,2025-06-16,88.68393047179791,77.32864674868223,105.44815465729273,-26.091494172899576,-2.360876897133224,非鉄,0,3
58020,2025-06-17,2025-06-17,144.62449904164566,-41.12405757368043,-25.702535983550547,-15.46126095172684,-0.8059873344847479,非鉄,1,3
58020,2025-06-18,2025-06-18,-25.64102564102555,22.26789996574219,-37.684138403563104,61.90885640584787,0.4643064422518828,非鉄,2,2
58020,2025-06-19,2025-06-19,-6.894174422612531,3.444712366518221,-32.72476748191533,36.28823224468558,,非鉄,3,2
58020,2025-06-20,2025-06-20,-34.65003465003447,10.416666666666075,20.83333333333437,-10.395010395010118,-0.8665511265164683,非鉄,4,2
58020,2025-06-23,2025-06-23,-178.94736842105297,28.5612281328107,53.552302749018125,-23.086485526548906,-2.447552447552448,非鉄,0,0
58020,2025-06-24,2025-06-24,107.13031260976447,90.18383628165205,-1.734304543877796,93.68494101318569,-0.8363201911589013,非鉄,1,3
58020,2025-06-25,2025-06-25,-116.04095563139904,86.41548565502922,57.034220532319324,29.214641691013288,-1.0843373493975905,非鉄,2,1
58020,2025-06-26,2025-06-26,269.6245733788394,56.27275736511006,66.20324395895327,-13.149243918474385,-0.3654080389768555,非鉄,3,4
58020,2025-06-27,2025-06-27,107.14285714285677,-28.846153846153744,67.30769230769207,-95.51098376313294,2.0782396088019572,非鉄,4,3
58020,2025-06-30,2025-06-30,-66.32975363234372,-149.44356120826674,-25.437201907789753,-121.1734693877553,0.8383233532934131,非鉄,0,1
58020,2025-07-01,2025-07-01,71.33592736705552,38.61003861003853,48.26254826254761,-9.606147934678733,-0.23752969121140222,非鉄,1,3
58020,2025-07-02,2025-07-02,-42.52535165194637,52.56241787122251,78.84362680683266,-26.07561929595881,2.440476190476182,非鉄,2,1
58020,2025-07-03,2025-07-03,26.35914332784095,154.09836065573668,68.85245901639303,87.94788273615683,0.6391632771644451,非鉄,3,2
58020,2025-07-04,2025-07-04,-202.53164556962022,3.22580645161219,-3.2258064516133,3.22580645161219,,非鉄,4,0
58020,2025-07-07,2025-07-07,-188.43404808317143,-52.85761480013251,33.03600925008254,-88.874259381172,-2.944572748267893,非鉄,0,0
58020,2025-07-08,2025-07-08,403.2258064516125,186.21973929236592,77.5915580384856,107.79180782260589,-1.903628792385481,非鉄,1,4
58020,2025-07-09,2025-07-09,-252.89457647775794,84.53350031308648,59.48653725735831,24.898848428260845,0.363856882959368,非鉄,2,0
58020,2025-07-10,2025-07-10,-34.129692832765016,0.0,68.55718292302804,-65.01547987616152,-1.3293051359516639,非鉄,3,2
58020,2025-07-11,2025-07-11,-188.85448916408643,-3.15756236185627,-18.94537417113984,18.987341772152,0.3674219228414044,非鉄,4,0
58020,2025-07-14,2025-07-14,-56.907998735378214,34.887408816999255,47.57373929590969,-12.626262626262985,0.7321537522879895,非鉄,0,1
58020,2025-07-15,2025-07-15,55.883266066438786,92.59259259259301,-9.259259259258856,101.9462465245602,-2.9073288915808626,非鉄,1,3
58020,2025-07-16,2025-07-16,33.9401419315033,3.0674846625777796,21.472392638037796,-15.309246785057962,1.3724266999376233,非鉄,2,3
58020,2025-07-17,2025-07-17,194.86545004639754,78.76401090578523,30.293850348379614,51.35951661631388,-1.1076923076923095,非鉄,3,4
58020,2025-07-18,2025-07-18,-38.933812518717744,12.022843402463845,-3.0057108506165164,15.033072760071153,1.8046048537647685,非鉄,4,2
58020,2025-07-22,2025-07-22,104.47761194029903,-44.378698224851746,-94.67455621301801,50.776583034648496,-1.2376237623762387,非鉄,1,3
58020,2025-07-23,2025-07-23,-43.11583788444984,-28.776978417266452,-31.6546762589931,2.8868360277134464,0.0,非鉄,2,1
58020,2025-07-24,2025-07-24,67.56756756756799,25.181869054280437,-44.767767207610774,70.26419336706002,0.6892230576441172,非鉄,3,3
58020,2025-07-25,2025-07-25,-11.204481792717047,-67.358967162503,-30.87285994948119,-33.79329766262984,-0.5600497822028649,非鉄,4,2
58020,2025-07-28,2025-07-28,-122.73361227336133,-95.96387242449933,-87.49647191645505,-2.849002849002469,-1.689612015018771,非鉄,0,1
58020,2025-07-29,2025-07-29,-48.850574712643315,121.2471131639714,95.26558891455039,25.736345438946984,-0.8911521323997418,非鉄,1,1
58020,2025-07-30,2025-07-30,84.03361344537785,61.1450806003333,58.365758754863606,2.7631942525552233,0.6422607578676853,非鉄,2,3
58020,2025-07-31,2025-07-31,254.77707006369423,107.67160161507361,-104.97981157469694,214.9075081610441,0.574345883854499,非鉄,3,4
58020,2025-08-01,2025-08-01,138.2978723404249,-239.89569752281614,-49.543676662320294,-188.72870249017072,-1.07868020304569,非鉄,4,3
58020,2025-08-04,2025-08-04,264.771460423634,179.39657515629204,111.44332699102976,61.794734013971286,-0.7055805003207238,非鉄,0,4
58020,2025-08-05,2025-08-05,282.13166144200665,-86.07594936708819,-75.949367088608,-7.655014034192442,-1.6149870801033583,非鉄,1,4
58020,2025-08-06,2025-08-06,148.75609130546198,53.05709954522398,-27.79181404749864,78.52077001013092,-0.13131976362442677,非鉄,2,4
58020,2025-08-07,2025-08-07,-37.773860488542475,32.82828282828332,-98.48484848484884,130.0356960734317,1.183431952662728,非鉄,3,2
58020,2025-08-08,2025-08-08,-17.72600658394574,-58.28687278256473,27.876330461227283,-85.92367955521874,-0.3898635477582846,非鉄,4,2
58020,2025-08-12,2025-08-12,-72.5544158118585,-37.754845205134615,5.033979360684615,-42.76729559748449,-3.57142857142857,非鉄,1,1
58020,2025-08-13,2025-08-13,45.11278195488799,52.53940455341555,35.026269702276295,14.955134596210673,0.40404040404040664,非鉄,2,3
58020,2025-08-14,2025-08-14,-125.62814070351757,-10.175527855507127,-38.15822945815284,30.651340996168397,1.0731052984574108,非鉄,3,1
58020,2025-08-15,2025-08-15,98.7341772151895,100.00000000000009,62.50000000000089,39.76143141153132,1.9907100199070937,非鉄,4,3
58020,2025-08-18,2025-08-18,111.38613861386037,-100.49019607843101,-26.960784313725394,-71.28810226155413,-0.3253090435914152,非鉄,0,3
58020,2025-08-19,2025-08-19,-104.27010923535262,-30.241935483871217,35.282258064515126,-65.29382219989999,-0.9791122715404721,非鉄,1,1
58020,2025-08-20,2025-08-20,-30.848329048843716,-23.19587628865971,-2.577319587628857,-18.050541516245744,0.19775873434411118,非鉄,2,2
58020,2025-08-21,2025-08-21,54.13766434648082,59.01975878881194,53.88760585065544,5.104645227156368,2.1710526315789513,非鉄,3,3
58020,2025-08-22,2025-08-22,63.291139240506666,27.631248430042277,-10.047726701833959,40.241448692153185,0.0,非鉄,4,3
58020,2025-08-25,2025-08-25,-108.7744742567076,-51.48320666830131,-66.19269428781548,14.807502467917288,0.3219575016097931,非鉄,0,1
58020,2025-08-26,2025-08-26,-173.59413202933993,37.35990037359915,-19.925280199253326,57.39955078612358,-0.6418485237484006,非鉄,1,0
58020,2025-08-27,2025-08-27,2.4734108335389138,47.02970297029596,14.851485148514865,34.6106304079119,-1.0981912144702788,非鉄,2,2
58020,2025-08-28,2025-08-28,272.63631815907854,38.95787679571549,34.08814219625134,4.8531909730642475,1.1757021554539504,非鉄,3,4
58020,2025-08-29,2025-08-29,153.658536585366,115.02516175413425,7.189072609632419,107.75862068965525,2.840542285345382,非鉄,4,4
58020,2025-09-01,2025-09-01,-22.244191794364987,126.39405204460941,84.26270136307367,41.779306955025405,,非鉄,0,2
58020,2025-09-02,2025-09-02,-14.702278853222506,-95.58823529411731,-83.33333333333303,-12.357884330203017,1.381042059008153,非鉄,1,2
58020,2025-09-03,2025-09-03,158.15085158150887,-173.07692307692358,-28.846153846153744,-144.64802314368418,-1.3622291021671784,非鉄,2,4
58020,2025-09-04,2025-09-04,19.507437210437573,-38.94839337877265,-41.38266796494649,2.4443901246629096,0.5021971123666091,非鉄,3,2
58020,2025-09-05,2025-09-05,-91.41207601635837,31.553398058252746,16.99029126213558,14.53840562151587,-0.7495315427857641,非鉄,4,1
58020,2025-09-08,2025-09-08,19.143335726250488,81.04886769964237,-28.605482717520836,109.96892182643991,1.636249213341734,非鉄,0,2
58020,2025-09-09,2025-09-09,-247.64150943396234,-29.01353965183762,16.924564796905184,-43.457267020763354,-0.6811145510835948,非鉄,1,0
58020,2025-09-10,2025-09-10,248.19277108433678,56.3512561634183,-46.95938013618228,103.79806558150406,-0.5610972568578565,非鉄,2,4
58020,2025-09-11,2025-09-11,2.346316283434735,-23.50176263219761,-124.55934195064633,102.33222275107146,-0.4388714733542298,非鉄,3,2
58020,2025-09-12,2025-09-12,-51.78907721280601,-80.4733727810647,-4.733727810650734,-75.77551503670344,0.37783375314861534,非鉄,4,1
58020,2025-09-16,2025-09-16,28.422548555187,42.422814046665366,-18.854584020739917,61.393152302242626,1.2389380530973382,非鉄,1,3
58020,2025-09-17,2025-09-17,-175.02917152858788,-123.42748635176815,-92.57061476382611,-31.145184475322996,-0.4662004662004615,非鉄,2,0
58020,2025-09-18,2025-09-18,103.61445783132473,71.54781779155739,16.694490818029983,54.76190476190412,-0.5854800936768156,非鉄,3,3
58020,2025-09-19,2025-09-19,-11.79245283018826,-137.18070009460791,-189.21475875118276,55.461779599710326,-0.05889281507656108,非鉄,4,2
58020,2025-09-22,2025-09-22,-11.884953648680918,-126.1904761904764,-64.2857142857145,-64.68615237182563,-0.5892751915144379,非鉄,0,2
58020,2025-09-24,2025-09-24,91.36811733589711,49.98809807188698,54.748869316829655,-4.734848484848619,-0.41103934233704953,非鉄,2,3
58020,2025-09-25,2025-09-25,96.58421672555929,4.667444574095736,2.3337222870467578,2.333177788147456,0.1768867924528239,非鉄,3,3
58020,2025-09-26,2025-09-26,-106.6790352504643,0.0,-9.365488176070746,9.374267635340328,-0.7651559741024161,非鉄,4,1
58020,2025-09-29,2025-09-29,-9.478672985782088,56.925996204932886,66.41366223908874,-11.778563015312216,0.0,非鉄,0,2
58020,2025-09-30,2025-09-30,56.87203791469253,-35.29411764705892,-65.88235294117672,30.79109426811888,-1.3048635824436494,非鉄,1,3
58020,2025-10-01,2025-10-01,-231.00738271016886,70.76622742801408,90.28794533918915,-16.932752781809725,0.5408653846153744,非鉄,2,0
58020,2025-10-02,2025-10-02,-93.01216312902483,110.76330363592568,142.0659764026011,-30.864197530864335,0.7172743574417106,非鉄,3,1
58020,2025-10-03,2025-10-03,38.470786246693756,79.288803459876,26.429601153292737,52.71986580397847,-0.4154302670623111,非鉄,4,3
58020,2025-10-06,2025-10-06,-139.1740816792153,32.31763619575334,-16.15881809787667,48.55491329479822,0.5363528009535212,非鉄,0,1
58020,2025-10-07,2025-10-07,466.1209640745789,-294.9468661895471,-43.37453914552203,-254.7909407665505,-0.5927682276229973,非鉄,1,4
58020,2025-10-08,2025-10-08,154.5006717420505,-28.609154929577496,-30.809859154929953,4.415985868844174,0.655933214072757,非鉄,2,4
58020,2025-10-09,2025-10-09,34.759939170105895,36.85237372642591,-36.8523737264248,76.16974972796564,-0.8293838862559189,非鉄,3,3
58020,2025-10-10,2025-10-10,-8.77192982456143,52.93339214821336,11.027790030877505,41.85944040537626,-1.194743130227005,非鉄,4,2
58020,2025-10-14,2025-10-14,-145.57670772676335,-154.545454545455,-104.54545454545494,-52.8128587830079,0.6699147381242332,非鉄,1,0
58020,2025-10-15,2025-10-15,226.69442516770832,33.78378378378288,-40.54054054054013,72.3490843319019,0.9679370840895318,非鉄,2,4
58020,2025-10-16,2025-10-16,-46.666666666667076,154.32789085215725,6.709908297919398,147.5189986589176,1.1384062312762122,非鉄,3,1
58020,2025-10-17,2025-10-17,13.559322033898091,40.586245772264995,33.82187147688897,4.493372275893304,0.23696682464455776,非鉄,4,2
58020,2025-10-20,2025-10-20,149.0545050055614,-2.189141856392407,-30.64798598949259,26.34467618002123,0.23640661938533203,非鉄,0,4
58020,2025-10-21,2025-10-21,-19.642077695329885,-91.88361408882129,-48.12951214176353,-41.77660510114367,-1.0023584905660354,非鉄,1,2
58020,2025-10-22,2025-10-22,-183.34437817539185,103.41726618705138,38.21942446043059,62.695924764890606,0.9529481834425146,非鉄,2,0
58020,2025-10-23,2025-10-23,144.46952595936756,75.67326953038078,0.0,77.91629563668634,0.943952802359882,非鉄,3,3
58020,2025-10-24,2025-10-24,74.25202009172294,-4.335573379579127,-13.006720138738492,8.682439765574923,-0.8766803039158333,非鉄,4,3
58020,2025-10-27,2025-10-27,-35.78947368421015,69.69376979936604,-23.23125659978831,93.14140558848382,0.9433962264151052,非鉄,0,2
58020,2025-10-28,2025-10-28,14.51679800912542,-89.43427620632272,-20.79866888519133,-70.8480933527822,0.8761682242990565,非鉄,1,2
58020,2025-10-29,2025-10-29,220.61855670103103,60.350030175015945,16.093341380003512,44.18557943362211,0.6369426751592355,非鉄,2,4
58020,2025-10-30,2025-10-30,412.4949939927913,191.79133103183642,70.96279248177906,121.90476190476085,-1.1507479861910253,非鉄,3,4
58020,2025-10-31,2025-10-31,-48.87218045112829,937.2035666856382,7.588692847657619,928.9099526066358,0.34924330616996624,非鉄,4,1
58020,2025-11-04,2025-11-04,20.472440944880876,-452.18213329131896,-105.56168268473276,-350.3184713375795,-0.9200690051753835,非鉄,1,2
58020,2025-11-05,2025-11-05,-540.0872190540085,500.88495575221214,460.17699115044275,37.218744713245485,0.9866511897852481,非鉄,2,0
58020,2025-11-06,2025-11-06,-162.2950819672131,349.743079728162,144.20686225758317,202.6143790849666,-1.4367816091954033,非鉄,3,0
58020,2025-11-07,2025-11-07,-297.3421926910302,123.64760432766575,3.4346556757691715,121.90934065934078,-0.4664723032069995,非鉄,4,0
58020,2025-11-10,2025-11-10,326.18025751072867,28.215767634853783,36.514522821575746,-8.268562923763323,0.5858230814294041,非鉄,0,4
58020,2025-11-11,2025-11-11,-154.97553017944531,-225.5015751948264,-150.88708340242118,-77.42804241710144,0.6406523005241693,非鉄,1,0
58020,2025-11-12,2025-11-12,69.96587030716705,127.61613067891808,32.32941977199255,93.26776326946006,0.810185185185186,非鉄,2,3
58020,2025-11-13,2025-11-13,336.2167455524734,135.47975773031462,109.97768568696165,23.64438839848715,1.5499425947187229,非鉄,3,4
58020,2025-11-14,2025-11-14,189.30041152263266,80.58017727639033,85.41498791297286,-4.793863854266611,-2.713397399660822,非鉄,4,4
58020,2025-11-17,2025-11-17,95.2380952380949,241.49286498353462,43.90779363337094,198.31355402873285,1.0459035444509102,非鉄,0,3
58020,2025-11-18,2025-11-18,-70.93341931323604,-250.4065040650405,-203.25203252032574,-51.43520822963321,0.17251293847038163,非鉄,1,1
58020,2025-11-19,2025-11-19,155.51839464883034,-114.03073872087278,-155.34622376466746,41.9674332717812,-1.320321469575203,非鉄,2,4
58020,2025-11-20,2025-11-20,96.51898734177155,-3.1347962382444194,-81.50470219435712,75.82938388625671,-0.7562536358347915,非鉄,3,3
58020,2025-11-21,2025-11-21,-242.86684782608648,-52.34688536032151,-6.979584714709164,-45.39898725336111,-0.17584994138335475,非鉄,4,0
58020,2025-11-25,2025-11-25,366.2258392675488,-172.07792207792227,-112.01298701298713,-59.11330049261032,-0.11785503830288313,非鉄,1,4
58020,2025-11-26,2025-11-26,199.9663922029904,-33.0141961043251,-23.109937273027015,-9.927200529450397,2.2418879056047114,非鉄,2,4
58020,2025-11-27,2025-11-27,14.631767192325729,-102.43902439024399,-35.772357723576896,-68.52667645619204,,非鉄,3,2
58020,2025-11-28,2025-11-28,-59.78348683147505,-40.60419035244456,14.617508526879597,-55.141096334738734,0.461627236006934,非鉄,4,1
58020,2025-12-01,2025-12-01,77.6322173702093,105.9730250481694,237.63648041104756,-128.60727728983724,-0.5743825387708235,非鉄,0,3
58020,2025-12-02,2025-12-02,324.9999999999997,-15.153811183512556,-112.13820275799313,96.53692920625234,1.1554015020219577,非鉄,1,4
58020,2025-12-03,2025-12-03,501.9596020500461,-133.37157607916205,-7.170514842965714,-124.8744079230657,-1.3135351227869796,非鉄,2,4
58020,2025-12-04,2025-12-04,-38.58139189790721,23.85567317727766,-2.9819591471591522,23.85567317727766,1.215277777777768,非鉄,3,2
58020,2025-12-05,2025-12-05,114.12051125988975,89.19123204837564,22.675736961450532,64.84693108128381,-0.05717552887364308,非鉄,4,3
58020,2025-12-08,2025-12-08,119.40298507462587,182.35294117647126,176.4705882352935,4.334633723450665,-0.5148741418764313,非鉄,0,3
58020,2025-12-09,2025-12-09,171.1107942392709,-62.9546726357022,-40.57078903189737,-23.876404494381774,1.5526164462334568,非鉄,1,4
58020,2025-12-10,2025-12-10,-215.35449587470333,-57.438253877082346,-156.5192418150485,100.65645514223176,-1.5855039637599044,非鉄,2,0
58020,2025-12-11,2025-12-11,-212.3690629932562,-119.87568447535901,-118.39573775344059,-1.4976785981724028,0.690448791714604,非鉄,3,0
58020,2025-12-12,2025-12-12,38.96882494004883,-64.25582785415385,-59.77286312014329,-6.012325266796514,-1.1428571428571455,非鉄,4,3
58020,2025-12-15,2025-12-15,115.38461538461497,7.590708972218252,-25.80841050554117,33.485540334854406,1.6184971098266,非鉄,0,3
58020,2025-12-16,2025-12-16,-20.47244094488199,-60.317460317460544,-111.11111111111072,48.13863928113005,-0.7963594994311762,非鉄,1,2
58020,2025-12-17,2025-12-17,126.76279511963261,-95.46165884194102,-42.2535211267605,-54.996857322439084,1.089449541284404,非鉄,2,3
58020,2025-12-18,2025-12-18,19.672131147541183,-1.6398819285012856,50.83633978353541,-55.45587995433032,0.7373794668179334,非鉄,3,2
58020,2025-12-19,2025-12-19,72.72139625080776,133.9926623065879,17.546658159195427,116.24203821656076,-0.16891891891891442,非鉄,4,3
58020,2025-12-22,2025-12-22,261.2681436210851,1.4863258026154291,-26.753864447086606,26.821636119802594,0.7896221094190636,非鉄,0,4
58020,2025-12-23,2025-12-23,-154.63143672121316,36.557501904037615,7.616146230007281,25.867315885574893,0.11191941801902416,非鉄,1,0
58020,2025-12-24,2025-12-24,-19.84429858036929,-65.9003831417626,26.053639846743692,-90.20027518727991,0.7266629401900593,非鉄,2,2
58020,2025-12-25,2025-12-25,-50.69124423963123,92.64978381717137,37.059913526868996,56.93183566702675,,非鉄,3,1
58020,2025-12-26,2025-12-26,-299.6653483419531,-195.24484333175883,-86.60053534876423,-109.59339263024171,-0.2219755826859071,非鉄,4,0
58020,2025-12-29,2025-12-29,20.550110654442566,-22.14489085732407,104.39734261309619,-126.78040381906453,-1.5572858731924377,非鉄,0,2
58020,2025-12-30,2025-12-30,123.33965844402384,-145.08580343213785,-107.64430577223094,-37.84891972874904,-0.4519774011299438,非鉄,1,3
58020,2026-01-05,2026-01-05,370.88122605364094,-45.74295410948781,-57.54758742806509,8.902077151335952,1.7162471395880896,非鉄,0,4
58020,2026-01-06,2026-01-06,-316.1222339304526,79.13110938712276,-38.789759503491396,118.38006230529663,-0.16872890888638414,非鉄,1,0
58020,2026-01-07,2026-01-07,339.34576582085094,-141.8859000886785,-26.6036062666275,-117.05437842643329,0.5633802816901401,非鉄,2,4
58020,2026-01-08,2026-01-08,-209.05923344947786,-91.8002178310251,-70.01711529485033,-21.93669696020084,-0.11204481792717047,非鉄,3,0
58020,2026-01-09,2026-01-09,-288.4160756501186,230.9318588388365,108.96080663522545,122.28479485116628,-0.11217049915872579,非鉄,4,0
58020,2026-01-13,2026-01-13,-220.29778182923175,6.195786864930941,43.37050805452325,-35.47740243714293,-0.3556609365737984,非鉄,1,0
58020,2026-01-14,2026-01-14,-135.5674028941356,-40.12345679012319,-23.148148148147698,-17.01469450889448,0.4759071980963814,非鉄,2,1
58020,2026-01-15,2026-01-15,87.02290076335828,108.76132930513593,216.01208459214538,-107.90835181079039,-0.4736530491415092,非鉄,3,3
58020,2026-01-16,2026-01-16,147.3214285714275,-21.901007446342156,70.08322382829668,-88.46990572878855,1.1302795954788891,非鉄,4,4
58020,2026-01-19,2026-01-19,153.70705244122985,13.345195729537185,-14.827995255041193,29.704440813902444,,非鉄,0,4
58020,2026-01-20,2026-01-20,-241.17647058823576,-82.98129149064582,-143.33132166566065,61.22761365375817,-0.23529411764705577,非鉄,1,0
58020,2026-01-21,2026-01-21,421.2825713839918,10.474337872212747,-34.41568158012886,48.062481225592535,-0.5306603773584939,非鉄,2,4
58020,2026-01-22,2026-01-22,-194.4847605224964,-29.647198339757264,48.917877260599155,-78.18262280572364,0.5334914048606976,非鉄,3,0
58020,2026-01-23,2026-01-23,-43.82761139517854,-123.1490983726724,-70.3709133558128,-53.152222058172605,1.5919811320754818,非鉄,4,1
58020,2026-01-26,2026-01-26,-66.41509433962244,-22.848438690022952,-6.092916984006269,-18.287107589149976,-0.5223447475333765,非鉄,0,1
58020,2026-01-27,2026-01-27,216.1582094128467,25.487256371814482,-29.985007496251548,55.63909774435993,-0.4667444574095736,非鉄,1,4
58020,2026-01-28,2026-01-28,256.99928212491005,-176.76767676767625,-105.21885521885488,-73.71703997731794,0.9964830011723436,非鉄,2,4
58020,2026-01-29,2026-01-29,-293.9505822209598,55.62060889929832,130.2693208430905,-75.12279687951428,0.05803830528148257,非鉄,3,0
58020,2026-01-30,2026-01-30,-116.6568222090958,61.10283159463492,37.25782414307099,23.75649591685125,-0.6380510440835319,非鉄,4,1
58020,2026-02-02,2026-02-02,339.7626112759644,-210.44992743106005,-65.31204644412148,-140.33036105832508,-0.6421482778750764,非鉄,0,4
58020,2026-02-03,2026-02-03,7.23065798987621,1120.7144915010092,38.893690579084875,1077.6295020806438,0.763807285546414,非鉄,1,2
58020,2026-02-04,2026-02-04,-95.8385876418666,-79.13209955328627,31.908104658582293,-111.94504515964931,0.05830903790087216,非鉄,2,1
58020,2026-02-05,2026-02-05,-408.0310880829019,104.5769387477935,-160.26076327583905,269.15113871635697,1.4568764568764658,非鉄,3,0
58020,2026-02-06,2026-02-06,299.57400027483817,0.0,-136.42384105960303,136.94951664876552,-1.0338885697874778,非鉄,4,4
58020,2026-02-09,2026-02-09,-16.66666666666705,-42.969682501790004,-33.4208641680589,-10.777152436833859,-0.5223447475333765,非鉄,0,2
58020,2026-02-10,2026-02-10,21.756555593726024,-67.18287406057843,-177.63607378729174,112.45073035010434,0.05834305717620225,非鉄,1,2
58020,2026-02-12,2026-02-12,407.2080505499653,-103.55695632597973,-84.42143178748363,-19.298444772392067,0.8182349503214503,非鉄,3,4
58020,2026-02-13,2026-02-13,115.07479861910141,-201.22783083219687,-127.33060482037261,-74.85029940119792,0.1159420289855051,非鉄,4,3
58020,2026-02-16,2026-02-16,-63.49206349206327,-145.71948998178485,-77.41347905282359,-71.11722872218395,,非鉄,0,1
58020,2026-02-17,2026-02-17,-2.3137436372044906,39.34274473501587,-76.37121036797035,116.60447761194126,-1.2159814707585426,非鉄,1,2
58020,2026-02-18,2026-02-18,468.75,-174.8486886348355,-133.378166330419,-42.03112575258405,0.0,非鉄,2,4
58020,2026-02-19,2026-02-19,476.71840354767124,-140.51769677760117,-113.04807184363442,-28.84923602949008,-0.058616647127784915,非鉄,3,4
58020,2026-02-20,2026-02-20,555.1355437952266,-87.62098828324017,-84.56444218033599,-1.027749229187691,0.4105571847507372,非鉄,4,4
58020,2026-02-24,2026-02-24,426.4705882352948,-276.86532144533095,-150.1642421398408,-128.63268222963353,0.23378141437755406,非鉄,1,4
58020,2026-02-25,2026-02-25,222.85443338074805,-4.633920296570615,-18.53568118628357,18.578727357176916,0.5830903790087438,非鉄,2,4
58020,2026-02-26,2026-02-26,-389.249304911955,-106.28019323671522,-62.80193236715026,-43.753038405445196,0.5797101449275255,非鉄,3,0
58020,2026-02-27,2026-02-27,433.75717801476645,166.83022571148288,98.1354268891077,72.92173067574126,1.037463976945241,非鉄,4,4
58020,2026-03-02,2026-03-02,756.1342013019523,41.84100418409997,139.47001394700064,-100.82493125572856,-1.197946377638337,非鉄,0,4
58020,2026-03-03,2026-03-03,-639.2294220665495,-203.50212967344962,-66.25650733554144,-133.46043851286905,0.34642032332563577,非鉄,1,0
58020,2026-03-04,2026-03-04,-159.52042267831757,227.97927461139844,150.25906735751215,77.59852971206848,-0.6329113924050667,非鉄,2,0
58020,2026-03-05,2026-03-05,-253.83141762452155,-108.69565217391353,-34.584980237154504,-79.28642220019877,2.316155182397228,非鉄,3,0
58020,2026-03-06,2026-03-06,46.01226993865115,179.57351290684542,-76.52280379553122,259.12596401028276,1.2450481041312855,非鉄,4,3
58020,2026-03-09,2026-03-09,-321.1111111111109,440.2372262773713,118.61313868613222,315.52851025467675,-1.8446059250978197,非鉄,0,0
58020,2026-03-10,2026-03-10,-150.12106537530266,-165.5104063429136,-99.10802775024763,-70.04903432402676,-0.5694760820045608,非鉄,1,0
58020,2026-03-11,2026-03-11,295.5195424213541,-115.5268022181144,87.80036968576654,-201.55748969308274,1.9473081328751363,非鉄,2,4
58020,2026-03-12,2026-03-12,-193.21394910461808,82.3244552058111,58.11138014527817,19.249278152069227,1.1235955056179803,非鉄,3,0
58020,2026-03-13,2026-03-13,560.6523955147802,130.2460202604916,48.239266763145935,81.61305808929376,0.7777777777777883,非鉄,4,4
58020,2026-03-16,2026-03-16,-396.326727887869,245.86051179126935,210.73758153537403,34.39803439803546,0.2756339581036382,非鉄,0,0
58020,2026-03-17,2026-03-17,-452.8117359413209,-269.6329710887846,-164.03526758253074,-105.29608006672242,-0.05497526113249496,非鉄,1,0
58020,2026-03-18,2026-03-18,57.084607543322896,129.39749292357527,40.43671653861658,87.58683177287895,1.980198019801982,非鉄,2,3
58020,2026-03-19,2026-03-19,269.07671767484766,-72.99999999999973,-64.9999999999995,-9.057971014492239,1.4023732470334505,非鉄,3,4
58020,2026-03-23,2026-03-23,81.09861591695466,-88.00171710667493,-77.26980038634923,-11.895749972964387,-1.2332439678284235,非鉄,0,3
58020,2026-03-24,2026-03-24,-532.9185066238462,45.57981768072983,-2.119991520034281,49.84093319194027,0.3800217155266017,非鉄,1,0
58020,2026-03-25,2026-03-25,-19.588638589618235,34.482758620688614,-59.11330049261032,99.15716410510589,1.1357490535424564,非鉄,2,2
58020,2026-03-26,2026-03-26,-161.52716593245242,-62.81661600810562,62.81661600810562,-125.8431490989631,-0.2673796791443861,非鉄,3,0
58020,2026-03-27,2026-03-27,-134.02829486224843,267.7419354838717,172.04301075268714,94.08033826638462,-0.965147453083115,非鉄,4,1
58020,2026-03-30,2026-03-30,-149.01960784313718,129.92882160207887,141.2269800022603,-12.25353681630792,-1.4076881429344934,非鉄,0,0
58020,2026-03-31,2026-03-31,302.1751910640802,-354.4072253343999,-366.98296558820175,11.866619200189277,0.7138934651290452,非鉄,1,4
58020,2026-04-01,2026-04-01,184.09090909090818,294.44444444444383,187.77777777777783,105.8027923211169,-1.199563794983638,非鉄,2,4
58020,2026-04-02,2026-04-02,-513.8549739887466,190.5829596412567,201.79372197309365,-12.086583891880442,-0.22075055187638082,非鉄,3,0
58020,2026-04-03,2026-04-03,-55.497382198952394,-22.06809583858771,-9.457755359394415,-11.571638964864572,0.0,非鉄,4,1
58020,2026-04-06,2026-04-06,297.606659729448,-267.6299989823949,-61.05627353210519,-207.84273574280698,0.38716814159291957,非鉄,0,4
58020,2026-04-07,2026-04-07,-310.151370805547,100.82191780821815,-16.438356164383272,117.45334796926521,-1.1019283746556474,非鉄,1,0
58020,2026-04-08,2026-04-08,198.0198019801982,14.492753623187582,0.0,14.492753623187582,-0.3342618384401086,非鉄,2,4
58020,2026-04-09,2026-04-09,334.48106246925624,-110.0478468899524,-9.56937799043045,-100.57471264367845,-0.6148686416992732,非鉄,3,4
58020,2026-04-10,2026-04-10,192.8783382789323,241.89646831156207,149.97581035316898,90.56244041944606,-0.8436445444319429,非鉄,4,4
58020,2026-04-13,2026-04-13,-281.35431568907967,-251.72074729596815,-176.99115044247816,-78.06244995996803,0.05672149744753163,非鉄,0,0
58020,2026-04-14,2026-04-14,-34.550839091807006,-9.910802775024985,44.598612487611874,-59.1715976331364,0.45351473922903285,非鉄,1,2
58020,2026-04-15,2026-04-15,-620.7228915662655,-162.18435639499097,39.00636419626346,-199.40689232027853,1.975169300225743,非鉄,2,0
58020,2026-04-16,2026-04-16,321.24352331606156,171.35985569696422,21.044192804891004,149.99999999999903,-0.6640841173215284,非鉄,3,4
58020,2026-04-17,2026-04-17,-70.64676616915455,76.08369206126841,86.09470417459298,-9.925558312655625,-0.16713091922005985,非鉄,4,1
58020,2026-04-20,2026-04-20,-39.48667324777833,-165.0197628458494,-103.75494071146241,-56.94305694305734,0.8928571428571397,非鉄,0,2
58020,2026-04-21,2026-04-21,126.21359223300877,-101.01010101010056,-134.68013468013518,34.129692832765016,0.38716814159291957,非鉄,1,3
58020,2026-04-22,2026-04-22,204.08163265306146,194.77434679334937,28.503562945367822,165.79819990525823,0.11019283746556141,非鉄,2,4
58020,2026-04-23,2026-04-23,-587.6908838500694,64.2609985170539,-19.77261492832394,79.20792079207928,0.27517886626307053,非鉄,3,0
58020,2026-04-24,2026-04-24,-183.66360560657324,94.43339960238495,114.31411530815171,-19.656019656019154,-0.1097694840834218,非鉄,4,0
58020,2026-04-27,2026-04-27,153.58361774743923,-19.890601690700784,59.67180507210345,-79.09045971329687,1.318681318681314,非鉄,0,4
58020,2026-04-28,2026-04-28,109.99999999999899,14.822134387351138,4.9407114624511195,4.9358341559724295,0.9219088937093334,非鉄,1,3
58020,2026-04-30,2026-04-30,-122.18963831867046,39.74167908594062,0.0,39.74167908594062,-0.32171581769436797,非鉄,3,1
58020,2026-05-01,2026-05-01,-299.6108949416343,-46.14767255216701,14.04494382022392,-61.10387659020389,0.6455083378160253,非鉄,4,0
58020,2026-05-07,2026-05-07,387.4883286648001,203.98912058023467,222.12148685403443,-17.738359201774358,0.0,非鉄,3,4
58020,2026-05-08,2026-05-08,-63.60745115856381,315.7894736842115,178.48970251716167,130.33707865168554,0.993926007730539,非鉄,4,1
58020,2026-05-11,2026-05-11,-309.0128755364807,22.241992882561235,129.00355871886094,-105.40184453227907,0.8201202843083566,非鉄,0,0
58020,2026-05-12,2026-05-12,-531.829170024174,-157.1792693288021,-33.98470688190325,-123.61466325660709,1.3557483731019504,非鉄,1,0
58020,2026-05-13,2026-05-13,942.7312775330398,255.89764094362312,199.92003198720408,54.88043904351203,0.48154093097914075,非鉄,2,4
58020,2026-05-14,2026-05-14,-562.4515128006202,-49.22067268252617,-16.40689089417502,-36.96098562628314,-3.833865814696491,非鉄,3,0
58020,2026-05-15,2026-05-15,-827.8688524590161,-125.89928057553989,17.985611510791255,-139.20071845532124,0.8305647840531671,非鉄,4,0
58020,2026-05-18,2026-05-18,103.69702434625871,97.64758100310632,306.25832223701633,-198.19043515725943,4.83250961010433,非鉄,0,3
58020,2026-05-19,2026-05-19,-512.8205128205133,23.255813953488857,-23.255813953488857,41.9384902143527,-0.41906757464641453,非鉄,1,0
58020,2026-05-20,2026-05-20,418.0845892075835,-32.75620028076798,28.076743097800172,-60.66262249183385,-1.9989479221462436,非鉄,2,4
58020,2026-05-21,2026-05-21,-258.66050808314054,203.88809862494028,132.7643432906589,74.90636704119868,-0.7514761137949577,非鉄,3,0
58020,2026-05-22,2026-05-22,196.1639058413245,55.389859394971985,34.08606731998276,25.48853016142827,0.21633315305571443,非鉄,4,4
58020,2026-05-25,2026-05-25,184.95684340320562,-125.35382126971251,12.131014961584974,-133.3333333333331,,非鉄,0,4
58020,2026-05-26,2026-05-26,-259.25925925925907,46.57070279424191,105.84250635055082,-54.484492875104266,-0.2698327037236936,非鉄,1,0
58020,2026-05-27,2026-05-27,-188.0752300920363,-191.83673469387764,-85.71428571428564,-107.0399341292716,-1.406926406926412,非鉄,2,0
58020,2026-05-28,2026-05-28,204.77815699658785,139.35810810810744,-143.58108108108115,291.47021003000486,0.2195389681668436,非鉄,3,4
58020,2026-05-29,2026-05-29,62.009094667216935,255.03907856849085,180.99547511312153,72.7272727272732,-0.383351588170866,非鉄,4,3
58030,2024-05-10,2024-05-10,282.9675312896795,14.144271570013522,-5.304101838755626,17.686593562080688,2.8232636928289034,非鉄,4,4
58030,2024-05-13,2024-05-13,17.857142857142794,164.3444087173984,-21.436227224008732,188.00358102059045,1.3728720483251022,非鉄,0,2
58030,2024-05-14,2024-05-14,72.19548315438695,411.9161456417797,452.3721956601689,-42.2089342244103,-1.2459371614301218,非鉄,1,2
58030,2024-05-15,2024-05-15,-153.57142857142847,21.778584392013745,-116.15245009074404,137.69047181934945,1.5907844212835975,非鉄,2,1
58030,2024-05-16,2024-05-16,51.693404634580716,118.58407079645916,67.25663716814267,52.751890276068195,-1.2419006479481687,非鉄,3,2
58030,2024-05-17,2024-05-17,131.43872113676736,19.359380499823775,28.15909890883539,-8.775008775008253,-0.9841443411700346,非鉄,4,3
58030,2024-05-20,2024-05-20,310.22530329289475,-168.91891891891885,-152.02702702702743,-18.864688732636026,1.656543346217565,非鉄,0,4
58030,2024-05-21,2024-05-21,343.53741496598644,-81.96721311475419,-111.47540983606596,33.167495854062864,-0.4888647474198815,非鉄,1,4
58030,2024-05-22,2024-05-22,-52.32177894048395,-65.8978583196046,-36.24382207578214,-26.463777704267557,0.6550218340611424,非鉄,2,1
58030,2024-05-23,2024-05-23,-121.11292962356801,85.80858085808663,75.90759075907671,9.826400262036294,0.759219088937102,非鉄,3,1
58030,2024-05-24,2024-05-24,415.8480681074006,50.17246785826268,12.543116964565115,37.58221108675297,0.10764262648008671,非鉄,4,4
58030,2024-05-27,2024-05-27,266.8321439652499,90.63444108761365,60.42296072507503,36.057692307691624,,非鉄,0,4
58030,2024-05-28,2024-05-28,-47.36530491415092,197.01492537313348,119.40298507462587,79.6695190321639,-0.37634408602150726,非鉄,1,2
58030,2024-05-29,2024-05-29,-253.57038764208696,-197.36842105263165,-68.77990430621983,-132.45033112582738,-1.6729627630868826,非鉄,2,0
58030,2024-05-30,2024-05-30,27.99377916018697,-30.883261272390826,-49.413218035824215,15.513496742165511,-1.5367727771679496,非鉄,3,2
58030,2024-05-31,2024-05-31,-6.203473945409765,-15.484670176525439,-18.581604211830303,3.1026993484339904,-0.6131549609810438,非鉄,4,2
58030,2024-06-03,2024-06-03,-528.2442748091598,-77.41935483870921,-83.87096774193581,9.762447120078566,-0.6169377453729696,非鉄,0,0
58030,2024-06-04,2024-06-04,-100.81300813008176,-65.68144499178973,39.40886699507429,-104.67778868171406,-0.22573363431150906,非鉄,1,1
58030,2024-06-05,2024-06-05,143.4289526350896,13.149243918475495,-9.861932938856066,23.033892727870597,-0.6221719457013553,非鉄,2,3
58030,2024-06-06,2024-06-06,144.55509155155698,-72.57810034711265,-56.800252445566855,-19.03553299492433,3.1872509960159334,非鉄,3,3
58030,2024-06-07,2024-06-07,162.11061665607042,-149.71927635683113,-131.00436681222737,-18.963337547408532,-0.9376723662437914,非鉄,4,3
58030,2024-06-10,2024-06-10,129.25598991172737,86.66047663262066,129.9907149489332,-42.77421326000619,0.44543429844097204,非鉄,0,3
58030,2024-06-11,2024-06-11,112.2913505311085,-63.06306306306353,-102.1021021021018,39.44174757281482,-0.388026607538805,非鉄,1,3
58030,2024-06-12,2024-06-12,67.6923076923086,-113.11525527361698,-88.65790278202334,-24.67612584824197,0.8903728436282732,非鉄,2,2
58030,2024-06-13,2024-06-13,-287.87878787878805,-43.87339392040168,37.60576621748779,-81.17389946924791,1.103143960286812,非鉄,3,0
58030,2024-06-14,2024-06-14,440.7102092580839,141.1411411411412,78.07807807807876,62.57449344457599,-2.127659574468088,非鉄,4,4
58030,2024-06-17,2024-06-17,-72.20216606498187,-114.76895197825465,-138.9308366052555,24.5022970903519,-1.0590858416945403,非鉄,0,1
58030,2024-06-18,2024-06-18,-145.0151057401816,-43.07692307692346,-36.923076923076614,-6.1766522544781655,0.9577464788732337,非鉄,1,1
58030,2024-06-19,2024-06-19,-67.50536974532095,-114.55108359133104,-89.78328173374628,-28.107432854466154,,非鉄,2,1
58030,2024-06-20,2024-06-20,-193.65079365079362,106.89990281826934,100.42112082928378,3.206155819173162,-1.8415178571428603,非鉄,3,1
58030,2024-06-21,2024-06-21,-201.9230769230773,45.811518324607725,-9.816753926701338,55.68293481821085,-1.023308698123937,非鉄,4,0
58030,2024-06-24,2024-06-24,217.17670286278468,12.861736334404128,51.44694533762095,-38.38771593090207,-0.4595060310166543,非鉄,0,3
58030,2024-06-25,2024-06-25,-3.2414910858991064,90.82062925721779,0.0,90.82062925721779,-2.1927293710328866,非鉄,1,2
58030,2024-06-26,2024-06-26,-53.968253968254,-15.964240102170901,22.34993614304015,-38.22873526600823,-1.1209439528023557,非鉄,2,1
58030,2024-06-27,2024-06-27,160.72002571520417,-12.650221378873727,-18.9753320683117,6.337135614702394,-0.9546539379474916,非鉄,3,3
58030,2024-06-28,2024-06-28,104.76190476190527,3.1496062992131257,-40.94488188976398,44.275774826059155,-4.0963855421686795,非鉄,4,3
58030,2024-07-01,2024-07-01,-198.7381703470037,38.63490019317517,125.56342562781708,-89.00190718372558,0.18844221105527303,非鉄,0,0
58030,2024-07-02,2024-07-02,108.5568326947639,63.09148264984188,173.50157728706517,-108.52713178294616,0.940438871473348,非鉄,1,3
58030,2024-07-03,2024-07-03,15.723270440251014,-12.539184952977678,-56.42633228840177,44.13619167717542,0.31055900621117516,非鉄,2,2
58030,2024-07-04,2024-07-04,-223.06000628338097,-48.16955684007751,-73.85998715478514,25.881591717891173,,非鉄,3,0
58030,2024-07-05,2024-07-05,-3.215434083601032,93.51821992905407,161.238310222509,-66.64550936210767,2.0433436532507843,非鉄,4,2
58030,2024-07-08,2024-07-08,25.839793281654533,-38.70967741935516,41.935483870967346,-80.30838419531005,-3.3373786407767003,非鉄,0,2
58030,2024-07-09,2024-07-09,483.42961386439674,-31.884057971014457,113.04347826087024,-143.30753797649808,0.37664783427495685,非鉄,1,4
58030,2024-07-10,2024-07-10,-54.59770114942475,135.99537037036978,23.148148148148806,112.58660508083108,1.5009380863039379,非鉄,2,1
58030,2024-07-11,2024-07-11,-579.2258423837371,62.2037914691953,74.05213270142097,-11.761246692149063,0.800985828712264,非鉄,3,0
58030,2024-07-12,2024-07-12,-91.58050221565684,-83.50730688935326,-68.595287801968,-18.012608826177832,-2.200488997555017,非鉄,4,1
58030,2024-07-16,2024-07-16,186.2980769230771,-188.84626733549737,-112.12747123045096,-77.5887794688157,1.6035920461834552,非鉄,1,3
58030,2024-07-17,2024-07-17,51.05105105105201,-152.32974910394213,-164.27718040621264,15.188335358444771,0.7575757575757569,非鉄,2,2
58030,2024-07-18,2024-07-18,-19.00538485904324,-126.98412698412653,-63.49206349206327,-67.07122325135705,-1.8796992481203034,非鉄,3,2
58030,2024-07-19,2024-07-19,69.18238993710801,-68.90072032571304,-31.31850923896007,-34.56945317410476,0.0,非鉄,4,2
58030,2024-07-22,2024-07-22,-275.60288130284994,-22.54428341384895,-19.323671497584183,-6.45161290322549,2.298850574712641,非鉄,0,0
58030,2024-07-23,2024-07-23,-28.799999999999937,35.369774919613576,-83.6012861736335,123.25656827765208,0.3745318352059934,非鉄,1,2
58030,2024-07-24,2024-07-24,-70.3774792066536,-184.4660194174752,-174.7572815533982,-6.589785831960793,0.43532338308458485,非鉄,2,1
58030,2024-07-25,2024-07-25,-236.34183935605458,88.19897689186895,107.60275180807798,-22.679692951849127,0.6811145510835948,非鉄,3,0
58030,2024-07-26,2024-07-26,0.0,-260.2811035918795,-72.87870900572591,-190.49283467319157,-2.890528905289058,非鉄,4,2
58030,2024-07-29,2024-07-29,49.26945293917795,76.15501776950362,30.462007107801004,42.16562658121204,0.5066497783407176,非鉄,0,2
58030,2024-07-30,2024-07-30,-94.70657872484355,92.22886421861753,-20.49530315969217,111.22518822724192,-2.2684310018903586,非鉄,1,1
58030,2024-07-31,2024-07-31,466.3212435233155,79.07742998352506,-13.179571663920475,99.04258831297419,-1.3539651837524147,非鉄,2,4
58030,2024-08-01,2024-08-01,-244.4296641170607,127.98634812286602,54.607508532422685,72.98031228784696,0.2614379084967311,非鉄,3,0
58030,2024-08-02,2024-08-02,140.25500910746837,-271.04649075569864,-116.67564171602973,-156.19324373410848,0.9126466753585305,非鉄,4,3
58030,2024-08-05,2024-08-05,360.0086749078302,-557.5731681264684,-557.5731681264684,0.0,1.0981912144702788,非鉄,0,4
58030,2024-08-06,2024-08-06,287.8916172734969,34.8432055749126,4.099200655871549,32.78688524590123,-0.8945686900958427,非鉄,1,4
58030,2024-08-07,2024-08-07,1273.4241908006804,131.9059453259408,204.5497992735612,-71.18771075309115,-0.9671179883945835,非鉄,2,4
58030,2024-08-08,2024-08-08,147.05882352941126,-255.32731810328224,-149.74083317335408,-114.89776046738065,-1.3671875,非鉄,3,3
58030,2024-08-13,2024-08-13,340.98151688973786,327.81862745097976,251.22549019607865,77.72795216741457,-1.5645371577574951,非鉄,1,4
58030,2024-08-14,2024-08-14,311.1111111111109,385.38970376761574,37.388553350590215,349.6703926626532,0.9271523178807861,非鉄,2,4
58030,2024-08-15,2024-08-15,310.54131054131017,-146.40883977900532,-110.49723756906049,-39.095224797542905,-1.5748031496062964,非鉄,3,4
58030,2024-08-16,2024-08-16,507.69646232784237,208.06575905471414,107.88594913948124,99.11054637865347,-1.2666666666666715,非鉄,4,4
58030,2024-08-19,2024-08-19,323.0730094123624,-200.49504950495069,9.90099009900991,-210.18793273986148,2.160702228224176,非鉄,0,4
58030,2024-08-20,2024-08-20,193.61327633894865,142.68142681426843,76.26076260762504,65.91796875,-0.7270323859881023,非鉄,1,3
58030,2024-08-21,2024-08-21,-129.93380730571212,104.01188707280795,49.52947003467045,54.21389847215296,0.13315579227697327,非鉄,2,1
58030,2024-08-22,2024-08-22,-178.9654327040946,125.06253126563172,67.53376688344082,57.14285714285783,-1.3962765957446832,非鉄,3,1
58030,2024-08-23,2024-08-23,2.513826043237799,75.22567703109218,-20.060180541624504,98.01457652676592,-0.8091706001348564,非鉄,4,2
58030,2024-08-26,2024-08-26,-251.31942699170628,-59.431524547803875,-80.10335917312705,20.838760093775388,-1.5635622025832796,非鉄,0,0
58030,2024-08-27,2024-08-27,130.71895424836555,-82.41050733968636,-141.64305949008528,57.45625489683937,1.4502762430939287,非鉄,1,3
58030,2024-08-28,2024-08-28,5.213764337852478,406.99191234020435,341.7688494651716,60.529634300126034,-0.5445881552076259,非鉄,2,2
58030,2024-08-29,2024-08-29,-7.594936708861244,316.05562579013923,121.36536030341372,192.35573320010025,1.4373716632443578,非鉄,3,2
58030,2024-08-30,2024-08-30,90.97438352884791,-37.887757518352274,-49.72768174283715,9.517011658339847,2.1592442645074206,非鉄,4,3
58030,2024-09-02,2024-09-02,-25.55168408826969,274.61019315801803,74.47056085641223,203.37416223711546,,非鉄,0,2
58030,2024-09-03,2024-09-03,-456.59019343229915,18.85902876001877,40.075436115039054,-21.13172106128158,1.7833553500660404,非鉄,1,0
58030,2024-09-04,2024-09-04,-139.13043478260835,-186.49193548387123,-78.125,-109.22021844043672,1.5574302401038187,非鉄,2,1
58030,2024-09-05,2024-09-05,500.6518904823998,-289.96282527881,-304.83271375464693,12.777919754662914,-0.31948881789137795,非鉄,3,4
58030,2024-09-06,2024-09-06,-305.1282051282056,84.8581278175553,50.38451339167249,34.300791556727276,-1.7948717948717996,非鉄,4,0
58030,2024-09-09,2024-09-09,230.3262955854124,234.16711016498226,287.3869079297497,-49.15912031047909,0.32637075718016106,非鉄,0,4
58030,2024-09-10,2024-09-10,93.2642487046631,-99.84639016897057,-133.1285202252941,36.335323124838666,-0.8458035133376729,非鉄,1,3
58030,2024-09-11,2024-09-11,137.94898490369522,-102.64305876315105,-46.189376443418475,-59.27835051546371,0.0,非鉄,2,3
58030,2024-09-12,2024-09-12,-24.691358024691024,99.03441445902494,66.84822975984162,34.44034440344357,1.7060367454068137,非鉄,3,2
58030,2024-09-13,2024-09-13,78.45060063741194,43.774319066147704,87.54863813229541,-45.794167269221916,1.6774193548387162,非鉄,4,3
58030,2024-09-17,2024-09-17,-127.74162448782822,100.12210012209977,-80.5860805860803,182.17626784835073,0.48750761730651515,非鉄,1,1
58030,2024-09-18,2024-09-18,-174.22434367541763,87.42107819329715,-87.42107819329826,176.3841254287124,0.0,非鉄,2,1
58030,2024-09-19,2024-09-19,198.1813942643984,133.02752293578024,114.67889908256979,22.68602540834941,-1.5767131594906059,非鉄,3,3
58030,2024-09-20,2024-09-20,116.99779249448206,138.37030529321393,72.47968372501745,65.41648495420827,-1.0474430067775709,非鉄,4,3
58030,2024-09-24,2024-09-24,185.65941101152282,167.3640167364021,92.05020920502128,74.6268656716409,-0.3026634382566562,非鉄,1,3
58030,2024-09-25,2024-09-25,49.58677685950485,-94.74768280123614,-45.31410916580825,-51.71700455109618,0.7893139040680008,非鉄,2,2
58030,2024-09-26,2024-09-26,16.233766233766378,125.81168831168776,113.63636363636465,10.030090270811698,-0.48192771084337727,非鉄,3,2
58030,2024-09-27,2024-09-27,-172.06882753101226,249.23391215526004,118.48825331971291,129.21461740359464,1.0895883777239712,非鉄,4,1
58030,2024-09-30,2024-09-30,-24.742268041236805,-4.149377593360981,37.34439834024883,-43.39739615623061,1.556886227544907,非鉄,0,2
58030,2024-10-01,2024-10-01,152.7494908350313,40.160642570281624,8.032128514057213,32.10272873194198,1.0613207547169878,非鉄,1,3
58030,2024-10-02,2024-10-02,152.8117359413206,-341.3654618473894,-132.53012048192736,-213.63173957273608,0.7584597432905404,非鉄,2,3
58030,2024-10-03,2024-10-03,-374.65125548027055,-26.970954356846377,-45.64315352697079,16.670139612420254,-0.8685581933989606,非鉄,3,0
58030,2024-10-04,2024-10-04,-29.07580477673921,-22.96450939457184,35.490605427974664,-58.24838776783858,-0.6425233644859807,非鉄,4,2
58030,2024-10-07,2024-10-07,105.71254319983848,16.067483430408647,94.39646515364552,-77.59649820931136,0.29394473838917357,非鉄,0,3
58030,2024-10-08,2024-10-08,124.01574803149629,107.108081791627,-13.631937682571094,118.93156560732976,-1.348182883939042,非鉄,1,3
58030,2024-10-09,2024-10-09,-94.1619585687381,-54.97630331753545,-60.66350710900448,5.721914934198047,0.11883541295305555,非鉄,2,1
58030,2024-10-10,2024-10-10,-308.6536640787729,77.97270955165692,38.98635477582957,40.78461837250025,-0.7121661721068206,非鉄,3,0
58030,2024-10-11,2024-10-11,432.12237093690266,16.522856618321757,-40.389205067009605,60.851926977687484,-0.4184100418409997,非鉄,4,4
58030,2024-10-15,2024-10-15,-278.9349755479076,-130.35381750465592,-78.21229050279376,-52.552552552552754,-1.5328019619865074,非鉄,1,0
58030,2024-10-16,2024-10-16,314.47746883988435,92.7643784786647,-24.118738404452778,119.04761904761862,0.7471980074719831,非鉄,2,4
58030,2024-10-17,2024-10-17,-180.6888763410508,-107.09504685408322,-5.737234652897216,-101.41599693838543,0.5562422744128659,非鉄,3,1
58030,2024-10-18,2024-10-18,166.60283416315647,0.0,58.40241145440794,-58.06330773553081,-0.6760909649661917,非鉄,4,3
58030,2024-10-21,2024-10-21,-191.98508853681238,-239.68042609853524,-165.49362754422648,-75.43520309477802,1.3613861386138515,非鉄,0,1
58030,2024-10-22,2024-10-22,-255.76923076923052,-21.700532649437942,27.618859735647483,-45.26667978744348,1.7094017094017033,非鉄,1,0
58030,2024-10-23,2024-10-23,55.84363781412138,-39.64321110009883,-47.57185332011859,7.966540529775745,0.6002400960384069,非鉄,2,2
58030,2024-10-24,2024-10-24,269.77687626774883,102.34205864987133,-76.75654398740406,180.48393494644932,0.5966587112171906,非鉄,3,4
58030,2024-10-25,2024-10-25,-25.82952513411452,129.12197059992135,41.716328963050664,87.0425321463908,-1.3641755634638209,非鉄,4,2
58030,2024-10-28,2024-10-28,-113.50293542074397,37.438423645319574,-31.527093596058762,69.18363312907738,-1.3229104028863459,非鉄,0,1
58030,2024-10-29,2024-10-29,377.17219589257445,28.495440729483512,-5.699088145896258,32.30710756366495,0.8531383302864182,非鉄,1,4
58030,2024-10-30,2024-10-30,579.0063503922305,-88.23010411152299,19.410622904534325,-105.68962480183242,-0.5438066465256797,非鉄,2,4
58030,2024-10-31,2024-10-31,165.11127063890908,123.63122571529495,42.38784881667179,80.90045726345308,-0.060753341433783525,非鉄,3,3
58030,2024-11-01,2024-11-01,-274.7650036153293,91.06114105184915,53.89332837762551,36.96857670979714,0.8510638297872353,非鉄,4,0
58030,2024-11-05,2024-11-05,-169.36936936936985,-64.12605349945034,56.797361670941626,-118.44023323615116,0.540540540540535,非鉄,1,1
58030,2024-11-06,2024-11-06,377.4269642533112,69.8080279232105,-34.90401396160525,103.30940290667057,1.9115890083632125,非鉄,2,4
58030,2024-11-07,2024-11-07,-258.8996763754048,-29.62188534587962,196.89841435790223,-222.14627477785353,0.4103165298944944,非鉄,3,0
58030,2024-11-08,2024-11-08,-775.0000000000001,-21.586616297895045,-26.98327037236936,3.6068530207389315,0.7005253940455258,非鉄,4,0
58030,2024-11-11,2024-11-11,683.5443037974676,-54.283290924512784,25.445292620864812,-79.52622673434884,-0.40579710144927894,非鉄,0,4
58030,2024-11-12,2024-11-12,224.12318220701445,-303.6403288038925,-338.8693172286528,36.4646640041677,-0.11641443538998875,非鉄,1,4
58030,2024-11-13,2024-11-13,115.61691113028516,-204.56870098874867,-124.44595976815576,-79.41988950276202,-0.6993006993006978,非鉄,2,3
58030,2024-11-14,2024-11-14,109.77522216413904,-256.719503790489,-15.506547208821164,-241.5875754961172,-1.7018779342723,非鉄,3,3
58030,2024-11-15,2024-11-15,-203.1802120141346,-28.886080519949786,-21.66456038996234,-9.044862518089447,1.2537313432835928,非鉄,4,0
58030,2024-11-18,2024-11-18,-348.60375981018433,-32.17868635245091,37.85727806170813,-69.77182726758402,1.2382075471698117,非鉄,0,0
58030,2024-11-19,2024-11-19,371.7682581619175,235.7207615593837,201.2692656391657,35.555555555555344,-0.4659289458357585,非鉄,1,4
58030,2024-11-20,2024-11-20,-147.75725593667576,48.1884704622515,3.569516330537148,44.60303300624524,0.702165008777067,非鉄,2,1
58030,2024-11-21,2024-11-21,129.31034482758673,-493.95332992675844,-241.86680292965445,-260.0349040139616,-0.755374782103424,非鉄,3,3
58030,2024-11-22,2024-11-22,56.26868296114029,3.4873583260686125,57.54141238012211,-53.74479889043049,-0.23419203747072626,非鉄,4,2
58030,2024-11-25,2024-11-25,-110.53540587219301,-136.4113326337879,-159.14655473941886,23.102896747821955,-0.17605633802817433,非鉄,0,1
58030,2024-11-26,2024-11-26,-607.3597713469093,-7.606008746909865,-45.6360524814603,36.287242169594776,-1.3521457965902428,非鉄,1,0
58030,2024-11-27,2024-11-27,-146.859903381642,479.5597484276737,322.3270440251569,152.32292460015228,-1.0727056019070313,非鉄,2,1
58030,2024-11-28,2024-11-28,-142.04545454545413,65.09668772735955,145.51024315527573,-81.1320754716982,,非鉄,3,1
58030,2024-11-29,2024-11-29,19.06214258482697,47.34848484848398,-28.409090909090608,74.06000759589747,1.9879518072289049,非鉄,4,2
58030,2024-12-02,2024-12-02,295.32710280373743,208.4088437839804,146.7923160565432,60.725129487408935,0.4725339633786074,非鉄,0,4
58030,2024-12-03,2024-12-03,483.81358946993913,127.11864406779627,108.47457627118695,16.764459346185756,-0.4115226337448541,非鉄,1,4
58030,2024-12-04,2024-12-04,294.0199335548166,-21.025392204431228,-16.17337861879342,-4.859873643284773,-0.2951593860684776,非鉄,2,4
58030,2024-12-05,2024-12-05,237.2034956304625,-250.26705325804977,-158.70593621242213,-93.03768026050597,0.82889283599763,非鉄,3,4
58030,2024-12-06,2024-12-06,-507.9217148182669,44.197086266164476,57.292519233917986,-13.020833333333703,1.2918379330593144,非鉄,4,0
58030,2024-12-09,2024-12-09,-96.89922480620172,70.06680788658848,-19.553527782304457,89.79591836734801,0.521739130434784,非鉄,0,1
58030,2024-12-10,2024-12-10,-331.4457028647566,103.14595152140171,-8.59549596011644,111.83757742601497,1.6147635524798254,非鉄,1,0
58030,2024-12-11,2024-12-11,-49.572649572650064,240.0960384153672,111.47316069284763,127.20488466757106,-0.2270147559591429,非鉄,2,2
58030,2024-12-12,2024-12-12,227.6422764227637,-252.661687589385,-119.18004131574733,-133.504905903169,-1.5358361774744034,非鉄,3,4
58030,2024-12-13,2024-12-13,163.0257580697747,59.409120102762444,-17.66217084136157,78.82882882882969,-0.17331022530329143,非鉄,4,3
58030,2024-12-16,2024-12-16,144.9275362318847,59.01537505823784,4.659108557230063,54.33095312014969,3.009259259259256,非鉄,0,3
58030,2024-12-17,2024-12-17,-188.1884944920442,-159.02712815715648,-4.67726847521055,-154.42208703790317,-0.3370786516853963,非鉄,1,1
58030,2024-12-18,2024-12-18,125.97671822675905,-151.1811023622045,-110.23622047244052,-42.98678554370272,-1.3528748590755368,非鉄,2,3
58030,2024-12-19,2024-12-19,140.5423280423279,88.7096774193541,112.90322580645108,-23.923444976076127,0.6857142857142895,非鉄,3,3
58030,2024-12-20,2024-12-20,33.843674456084386,104.3003851091151,-75.41720154043641,181.0832659660466,1.2485811577752637,非鉄,4,2
58030,2024-12-23,2024-12-23,-289.71962616822447,185.8081050776872,-17.619734102194418,200.51331408405426,0.39237668161435924,非鉄,0,0
58030,2024-12-24,2024-12-24,-407.6850984067482,0.0,-17.883271012842926,17.915309446254746,0.16750418760469454,非鉄,1,0
58030,2024-12-25,2024-12-25,-51.339643831220805,91.90583682683106,-8.061915511125006,101.67850225952124,,非鉄,2,1
58030,2024-12-26,2024-12-26,464.78198370867307,174.09896151496574,12.217470983506562,157.03613355694478,1.17056856187292,非鉄,3,4
58030,2024-12-27,2024-12-27,-101.04011887072772,14.976785981728469,53.91642953422205,-38.73082079547174,0.0,非鉄,4,1
58030,2024-12-30,2024-12-30,-414.43053070960076,152.07945375543153,175.3569211669781,-24.397682220188564,-0.22038567493113392,非鉄,0,0
58030,2025-01-06,2025-01-06,0.0,-102.13277260438525,-79.60348452988875,-22.71006813020393,1.2749445676274895,非鉄,0,2
58030,2025-01-07,2025-01-07,-97.0149253731345,-107.25075528700944,-60.42296072507503,-47.11246200607921,0.21893814997262506,非鉄,1,1
58030,2025-01-08,2025-01-08,102.08816705336466,56.63554262972603,7.653451706719494,48.944631385745566,-0.8192244675040983,非鉄,2,3
58030,2025-01-09,2025-01-09,112.65032729486978,-513.7863492541817,-351.0622269097485,-168.64459712679582,0.6057268722466924,非鉄,3,3
58030,2025-01-10,2025-01-10,276.9425542016135,-242.20919469299608,-228.3245911755627,-11.054958938724324,3.1198686371100237,非鉄,4,4
58030,2025-01-14,2025-01-14,-379.8882681564242,112.58278145695355,43.04635761589459,67.5787044667886,-0.26274303730950965,非鉄,1,0
58030,2025-01-15,2025-01-15,-57.42411812961423,-82.57638315441795,1.6515276630890696,-82.57638315441795,0.8956796628029506,非鉄,2,1
58030,2025-01-16,2025-01-16,-91.38381201044376,-200.49301561216092,27.937551355792234,-224.5901639344261,-0.8877284595300239,非鉄,3,1
58030,2025-01-17,2025-01-17,30.523995251823255,87.89722785665921,84.5165652467883,5.029337803856837,2.16016859852477,非鉄,4,2
58030,2025-01-20,2025-01-20,-31.666666666666508,110.27568922305831,91.8964076858808,19.87083954297031,,非鉄,0,2
58030,2025-01-21,2025-01-21,-154.12362682406976,33.22259136212536,-13.289036544850141,44.90271079328201,0.979886539453334,非鉄,1,1
58030,2025-01-22,2025-01-22,1030.1548492257527,274.0740740740732,228.14814814814844,43.446777697320194,-1.0725229826353377,非鉄,2,4
58030,2025-01-23,2025-01-23,54.92957746478844,203.53733857383594,172.65581134194184,23.44180915609506,1.032524522457412,非鉄,3,2
58030,2025-01-24,2025-01-24,13.86962552011095,88.5568008855686,-74.7198007471983,161.67247386759564,-0.7153806847215116,非鉄,4,2
58030,2025-01-27,2025-01-27,-648.5734168406399,-323.49013206707247,-154.32556759163108,-173.29716696805275,-0.7205352547606791,非鉄,0,0
58030,2025-01-28,2025-01-28,-326.40000000000003,-247.11696869851752,-253.7067545304783,5.070136893696731,0.6220839813374734,非鉄,1,0
58030,2025-01-29,2025-01-29,-490.6275468622656,299.91431019708693,186.80377035132923,112.73767457512962,2.266872746007209,非鉄,2,0
58030,2025-01-30,2025-01-30,195.65217391304347,-124.18300653594727,-93.13725490196046,-31.33762163945231,-1.2594458438287104,非鉄,3,3
58030,2025-01-31,2025-01-31,234.41315318248445,-7.93273044581988,23.79819133745853,-30.0775684660437,-1.479591836734695,非鉄,4,4
58030,2025-02-03,2025-02-03,11.479173499508999,-60.75533661740518,-172.41379310344863,113.61737677527239,1.0875194199896354,非鉄,0,2
58030,2025-02-04,2025-02-04,248.820946495365,12.698412698413097,-22.222222222222364,33.402258628916215,1.2295081967213184,非鉄,1,4
58030,2025-02-05,2025-02-05,-258.4181675802666,118.8755020080312,97.99196787148689,20.680878141903225,-0.15182186234817818,非鉄,2,0
58030,2025-02-06,2025-02-06,-194.35736677115955,124.62054641316556,-3.195398625978063,129.4757033248084,0.4561581348200727,非鉄,3,0
58030,2025-02-07,2025-02-07,11.004559031599914,-194.81539670070714,-102.1209740769835,-95.22298047928923,-1.6145307769929396,非鉄,4,2
58030,2025-02-10,2025-02-10,-3.177629488401168,529.6542974944507,109.41960038058917,412.4196330562957,0.8717948717948731,非鉄,0,2
58030,2025-02-12,2025-02-12,510.4614928030871,368.3319220999159,283.6579170194753,80.95499451152621,1.499482936918306,非鉄,2,4
58030,2025-02-13,2025-02-13,-470.06830052229833,144.78493112173086,268.48467809952314,-119.1128148959475,0.5094243504839557,非鉄,3,0
58030,2025-02-14,2025-02-14,-303.9513677811545,-147.95845781761295,-193.48413714610933,43.509789702682596,0.6588950836289964,非鉄,4,0
58030,2025-02-17,2025-02-17,110.14492753623095,44.29837096313172,5.715918833952838,38.56041131105492,,非鉄,0,3
58030,2025-02-18,2025-02-18,-98.12286689419803,-124.76695826760364,-53.061809837946505,-72.08765859284871,1.1077542799597273,非鉄,1,1
58030,2025-02-19,2025-02-19,-105.88917899622908,120.42884417682531,-10.280511088265332,130.84386945016124,-0.8466135458167323,非鉄,2,1
58030,2025-02-20,2025-02-20,-96.5618141916602,-32.573289902280145,-2.9612081729346595,-28.143978669826765,-0.050226017076848706,非鉄,3,1
58030,2025-02-21,2025-02-21,-96.47271630991882,19.738839963558963,-45.55116914667479,64.05368308677772,-1.4070351758794009,非鉄,4,1
58030,2025-02-25,2025-02-25,253.55799116636658,-224.5222929936308,-44.585987261146485,-179.1713325867861,-0.46607975142413105,非鉄,1,4
58030,2025-02-26,2025-02-26,143.94440767703463,258.4945537311012,56.9013168590482,198.80394375302978,-0.3121748178980255,非鉄,2,3
58030,2025-02-27,2025-02-27,55.38461538461492,85.32683224135252,-63.99512418101438,151.8404907975457,-3.131524008350728,非鉄,3,2
58030,2025-02-28,2025-02-28,-452.17391304347876,185.70717957220984,71.29829215718698,113.59894632861467,-2.370689655172409,非鉄,4,0
58030,2025-03-03,2025-03-03,-101.65184243964399,-51.224587802145564,48.023051064511876,-98.77329934682155,-2.759381898454749,非鉄,0,1
58030,2025-03-04,2025-03-04,-196.5435445611652,48.30917874396157,-29.33057280883333,76.12456747404738,-0.7945516458569779,非鉄,1,0
58030,2025-03-05,2025-03-05,375.761679079214,174.18199576753946,61.85902653426556,111.632421938197,0.97254004576659,非鉄,2,4
58030,2025-03-06,2025-03-06,-255.43392035538682,-22.764227642276815,48.78048780487809,-72.80375343795554,1.8130311614730887,非鉄,3,0
58030,2025-03-07,2025-03-07,-23.636670606111963,-99.86459038591744,-35.545023696682556,-66.23641304347782,1.3912075681691727,非鉄,4,2
58030,2025-03-10,2025-03-10,-44.55106237148732,-60.189165950128576,-153.05245055889927,92.54408940108317,0.5488474204171201,非鉄,0,2
58030,2025-03-11,2025-03-11,-84.82389821132253,483.6916234247601,211.26760563380253,266.7876588021789,0.4366812227074135,非鉄,1,1
58030,2025-03-12,2025-03-12,184.82317398258454,-17.445917655268815,52.337752965805336,-69.42034015966713,-2.336956521739131,非鉄,2,3
58030,2025-03-13,2025-03-13,90.3665814151755,-287.1621621621623,-141.8918918918921,-147.3612063056884,1.2799109627156469,非鉄,3,3
58030,2025-03-14,2025-03-14,450.51313271873283,318.67219917012466,53.11203319501967,264.1571735182424,-2.5824175824175843,非鉄,4,4
58030,2025-03-17,2025-03-17,-310.1265822784816,-17.92698826597161,-17.92698826597161,0.0,3.891708967851093,非鉄,0,0
58030,2025-03-18,2025-03-18,-115.88604538870118,109.40561724363195,101.24101894186887,8.082767539605573,-0.5971769815418027,非鉄,1,1
58030,2025-03-19,2025-03-19,-287.0115128911954,-205.41082164328705,-140.28056112224462,-66.05691056910557,0.928454396504641,非鉄,2,0
58030,2025-03-21,2025-03-21,156.11885177102548,-129.22465208747514,-51.35851557322768,-78.26810990840927,-1.0154997327632254,非鉄,4,3
58030,2025-03-24,2025-03-24,-56.08709996700711,157.57173660640333,180.7928346326082,-21.182988430829,0.3239740820734305,非鉄,0,1
58030,2025-03-25,2025-03-25,-79.83719474013773,-203.50212967344962,-233.47531156333812,30.689710870619447,-1.2917115177610294,非鉄,1,1
58030,2025-03-26,2025-03-26,-257.4568288854007,67.50241080038633,106.0752169720347,-38.167938931297215,-1.526717557251911,非鉄,2,0
58030,2025-03-27,2025-03-27,-285.28777575053897,-59.72696245733822,-23.890784982935067,-34.21727972626187,-0.33222591362126463,非鉄,3,0
58030,2025-03-28,2025-03-28,60.73597713469159,101.13555713271882,-40.809084457061886,142.5262782825576,0.6666666666666599,非鉄,4,2
58030,2025-03-31,2025-03-31,-29.62962962962945,61.44107242599173,63.30292310556595,-3.6995930447647485,1.0485651214128033,非鉄,0,2
58030,2025-04-01,2025-04-01,-288.0733944954128,-120.9829867674861,-60.49149338374305,-60.85964244960107,0.5461496450027248,非鉄,1,0
58030,2025-04-02,2025-04-02,70.03596441415905,16.87605475342302,91.88074254640854,-76.16570685491375,-0.5975013579576305,非鉄,2,2
58030,2025-04-03,2025-04-03,40.379567938622074,-193.7436932391523,-195.7618567103936,0.0,0.21857923497268228,非鉄,3,2
58030,2025-04-04,2025-04-04,-660.9071274298051,-18.604651162790198,-195.34883720930262,177.8515532368985,0.4362050163576825,非鉄,4,0
58030,2025-04-07,2025-04-07,242.204899777283,-212.53405994550388,2.724795640327571,-215.20021792427178,0.8686210640608039,非鉄,0,4
58030,2025-04-09,2025-04-09,-7.475703962123159,113.49306431273743,-262.2950819672132,383.221128948732,0.9594882729211163,非鉄,2,2
58030,2025-04-11,2025-04-11,160.00000000000014,129.8701298701288,-95.2380952380949,227.27272727272708,1.4507772020725396,非鉄,4,3
58030,2025-04-14,2025-04-14,-37.62541806020092,-267.7824267782425,-56.48535564853563,-212.49737008205315,-1.0725229826353377,非鉄,0,2
58030,2025-04-15,2025-04-15,162.21985058697985,-104.79983232026812,-20.959966464053625,-84.0159630329762,-0.722767165720184,非鉄,1,3
58030,2025-04-16,2025-04-16,17.086715079026593,-282.1718683197949,-115.43394613082513,-170.81081081081084,0.6240249609984483,非鉄,2,2
58030,2025-04-17,2025-04-17,131.9261213720324,-41.0189982728848,-125.21588946459383,85.26453869698302,-0.2583979328165342,非鉄,3,3
58030,2025-04-18,2025-04-18,294.7646282446104,4.27715996578204,-40.633019674936044,47.25085910652904,,非鉄,4,4
58030,2025-04-21,2025-04-21,-188.84120171673845,-10.960105217010518,48.224462954844505,-56.731398647174025,-0.10362694300518616,非鉄,0,1
58030,2025-04-22,2025-04-22,-93.66636931311345,-13.547076089410748,0.0,-13.547076089410748,-1.4522821576763434,非鉄,1,1
58030,2025-04-23,2025-04-23,-67.12862711130363,186.87527162103424,134.72403302911883,49.30332261521953,-0.6315789473684164,非鉄,2,1
58030,2025-04-24,2025-04-24,146.96750155247295,-77.83695206882379,-71.69192953707548,-6.189395502372852,1.0063559322033955,非鉄,3,3
58030,2025-04-25,2025-04-25,231.68316831683188,142.41724403387224,100.0769822940728,41.92073170731669,0.10487676979549221,非鉄,4,4
58030,2025-04-28,2025-04-28,-206.57276995305173,-38.31417624521105,-21.072796934865636,-15.36098310291889,-0.41906757464641453,非鉄,0,0
58030,2025-04-30,2025-04-30,250.9803921568632,5.7262836419158525,-41.992746707386615,47.920260686218356,1.2466124661246525,非鉄,2,4
58030,2025-05-01,2025-05-01,202.6646650403463,185.28710328380217,155.93469088240664,30.713640469737236,-0.6959314775160652,非鉄,3,3
58030,2025-05-02,2025-05-02,-98.90307498651273,16.333938294010864,-39.927404718693715,56.486880466473096,-0.6469002695417836,非鉄,4,1
58030,2025-05-07,2025-05-07,57.24508050089394,92.36234458259274,33.74777975133192,60.1983002832851,-1.3392857142857095,非鉄,2,2
58030,2025-05-08,2025-05-08,-12.1212121212122,204.11693478636917,24.21726344923103,177.7087646652875,-0.39592760180995334,非鉄,3,2
58030,2025-05-09,2025-05-09,-45.22613065326642,112.8326035702254,50.52206130010006,63.68359309535832,0.5110732538330387,非鉄,4,2
58030,2025-05-12,2025-05-12,56.52535328345864,89.49287371561087,36.46005966191579,54.50041288191487,-0.5649717514124242,非鉄,0,2
58030,2025-05-13,2025-05-13,-191.9354838709675,-547.9901558654632,3.2813781788343377,-551.0907003444321,-1.2499999999999956,非鉄,1,1
58030,2025-05-14,2025-05-14,-67.30607437321234,238.09523809523725,-49.31972789115613,287.08133971291795,0.9205983889528202,非鉄,2,1
58030,2025-05-15,2025-05-15,-273.3254597604184,19.127108328986786,45.20952877760331,-25.96503375454362,2.2234891676168766,非鉄,3,0
58030,2025-05-16,2025-05-16,45.59803577692145,95.9023539668702,29.642545771577655,64.31427081522668,-1.171221416620194,非鉄,4,2
58030,2025-05-19,2025-05-19,389.51965065502134,-230.6397306397301,-181.81818181818187,-51.431510372020874,0.9029345372460584,非鉄,0,4
58030,2025-05-20,2025-05-20,472.184065934067,31.14754098360706,36.065573770491795,-4.900359359686357,1.6778523489932917,非鉄,1,4
58030,2025-05-21,2025-05-21,-186.88524590163902,86.73894912426982,75.06255212677226,13.247226361980946,1.2101210121012063,非鉄,2,1
58030,2025-05-22,2025-05-22,37.41496598639537,130.73005093378498,71.30730050933786,59.002022926499805,0.5978260869565322,非鉄,3,2
58030,2025-05-23,2025-05-23,473.0859244399865,-55.82137161084577,-149.92025518341333,97.16599190283448,-0.8103727714748765,非鉄,4,4
58030,2025-05-26,2025-05-26,-109.52380952380936,113.85503527902463,72.16164207825449,42.993630573249234,,非鉄,0,1
58030,2025-05-27,2025-05-27,-97.53028157936106,284.12698412698444,82.5396825396818,201.54306408439516,-0.16339869281045694,非鉄,1,1
58030,2025-05-28,2025-05-28,-40.902893500984746,-107.90273556230967,-71.42857142857117,-38.26140189776561,-1.6366612111292977,非鉄,2,2
58030,2025-05-29,2025-05-29,311.1111111111109,-96.29203794193741,-186.83529749928152,92.26713532513253,-0.8319467554076532,非鉄,3,4
58030,2025-05-30,2025-05-30,29.940119760478723,17.90243174697892,-77.5772042369094,94.7083583884556,-0.7829977628635354,非鉄,4,2
58030,2025-06-02,2025-06-02,157.37410071942514,51.591981132075304,-26.533018867924696,78.33284067395807,-1.183765501691092,非鉄,0,3
58030,2025-06-03,2025-06-03,-172.13712618526665,-66.6666666666671,-32.59259259259295,-35.66651805617438,0.0,非鉄,1,1
58030,2025-06-04,2025-06-04,-317.06604324956203,152.52189670794226,98.15765629719087,53.835800807537915,-0.057045065601823985,非鉄,2,0
58030,2025-06-05,2025-06-05,100.44977511244335,223.04832713754718,84.75836431226736,137.12769094662346,0.05707762557076723,非鉄,3,3
58030,2025-06-06,2025-06-06,74.67057101024909,4.360465116279855,-37.790697674419114,39.38156359393208,0.855675984027382,非鉄,4,2
58030,2025-06-09,2025-06-09,131.67310719908397,19.80198019801982,15.558698727016207,2.824060999717659,-2.0361990950226283,非鉄,0,3
58030,2025-06-10,2025-06-10,-152.54237288135576,-137.5949548516553,-21.499211695571454,-116.34587762137328,1.385681293302543,非鉄,1,1
58030,2025-06-11,2025-06-11,-296.4881980426026,-56.37982195845659,-44.51038575667643,-11.922503725781963,-0.5694760820045608,非鉄,2,0
58030,2025-06-12,2025-06-12,-50.59523809523792,82.21225710014934,-2.989536621823552,85.22727272727293,0.45819014891179677,非鉄,3,2
58030,2025-06-13,2025-06-13,-63.98809523809557,151.24288709194468,68.88289907157841,83.29614755317571,1.425313568985187,非鉄,4,1
58030,2025-06-16,2025-06-16,76.41440117560627,-21.849963583393528,-10.196649672250535,-11.665208515602155,-2.360876897133224,非鉄,0,3
58030,2025-06-17,2025-06-17,76.82272793158474,-82.00258955545992,30.211480362538623,-113.29413451885873,-0.8059873344847479,非鉄,1,3
58030,2025-06-18,2025-06-18,-30.724213606437843,-68.94528384920106,-13.202288396655382,-55.816686251468624,0.4643064422518828,非鉄,2,2
58030,2025-06-19,2025-06-19,159.29203539823078,7.2516316171133965,-14.503263234227903,23.242300987798004,,非鉄,3,3
58030,2025-06-20,2025-06-20,-7.2822604136324465,20.39032915817085,20.39032915817085,-1.4532771399511368,-0.8665511265164683,非鉄,4,2
58030,2025-06-23,2025-06-23,-108.18020154119701,23.91986844072269,92.6894902078046,-68.13805362168578,-2.447552447552448,非鉄,0,1
58030,2025-06-24,2025-06-24,161.17322491650876,135.81129378127167,94.35310936383168,41.0706698767882,-0.8363201911589013,非鉄,1,3
58030,2025-06-25,2025-06-25,62.93706293706292,-20.862308762169548,55.632823365785455,-77.4443368828659,-1.0843373493975905,非鉄,2,2
58030,2025-06-26,2025-06-26,372.39255214895684,44.59459459459359,27.02702702702675,18.87046771802181,-0.3654080389768555,非鉄,3,4
58030,2025-06-27,2025-06-27,31.910650179496347,35.78054598462721,82.16273522396067,-46.004206098843035,2.0782396088019572,非鉄,4,2
58030,2025-06-30,2025-06-30,-70.9769002451932,-193.65739537301806,59.78684689368352,-251.93798449612447,0.8383233532934131,非鉄,0,1
58030,2025-07-01,2025-07-01,493.28546735806447,-17.73948302077999,0.0,-17.73948302077999,-0.23752969121140222,非鉄,1,4
58030,2025-07-02,2025-07-02,-83.11345646437984,69.08462867012189,167.39736946990826,-96.69410688618818,2.440476190476182,非鉄,2,1
58030,2025-07-03,2025-07-03,15.635179153095091,-18.184179763606203,-28.575139628522763,9.116957541026594,0.6391632771644451,非鉄,3,2
58030,2025-07-04,2025-07-04,-223.0769230769236,-135.1174078446804,-59.031877213695516,-76.53734494589615,,非鉄,4,0
58030,2025-07-07,2025-07-07,-17.5202156334231,-13.513513513513375,59.459459459458856,-73.8750839489588,-2.944572748267893,非鉄,0,2
58030,2025-07-08,2025-07-08,246.03174603174517,94.23002452562335,15.489867045308525,78.61837865704268,-1.903628792385481,非鉄,1,4
58030,2025-07-09,2025-07-09,-289.37682447011,48.302872062662146,54.8302872062667,-6.491820306413487,0.363856882959368,非鉄,2,0
58030,2025-07-10,2025-07-10,28.314028314029294,-91.03731247595891,71.80407744582729,-160.42780748663054,-1.3293051359516639,非鉄,3,2
58030,2025-07-11,2025-07-11,-284.31119152235726,-21.253985122210437,35.86609989373102,-58.231868713605195,0.3674219228414044,非鉄,4,0
58030,2025-07-14,2025-07-14,-136.60477453580899,165.45601291364065,165.45601291364065,0.0,0.7321537522879895,非鉄,0,1
58030,2025-07-15,2025-07-15,233.28964613368308,39.697784607504175,-33.29491612242275,71.94244604316502,-2.9073288915808626,非鉄,1,4
58030,2025-07-16,2025-07-16,211.35727018079865,-83.50990901159206,-11.217748971705799,-73.61197754210846,1.3724266999376233,非鉄,2,3
58030,2025-07-17,2025-07-17,-18.934612471598335,119.99494758115459,8.841732979663064,111.05502271580025,-1.1076923076923095,非鉄,3,2
58030,2025-07-18,2025-07-18,1.2373174956703537,14.851485148514865,44.55445544554459,-29.571217348447476,1.8046048537647685,非鉄,4,2
58030,2025-07-22,2025-07-22,253.056234718827,86.00095556617227,2.3889154323941675,84.79636928221623,-1.2376237623762387,非鉄,1,4
58030,2025-07-23,2025-07-23,-410.7994879553123,103.99032648125805,-37.484885126964905,142.00752518509495,0.0,非鉄,2,0
58030,2025-07-24,2025-07-24,264.0303102060137,64.70996071181068,-41.5992604575921,106.75330703179498,0.6892230576441172,非鉄,3,4
58030,2025-07-25,2025-07-25,132.25401892600576,-27.03920684993255,-5.633168093736041,-21.418103934167654,-0.5600497822028649,非鉄,4,3
58030,2025-07-28,2025-07-28,-50.47672462142438,-40.57709648331853,-68.75563570784449,28.373623879240917,-1.689612015018771,非鉄,0,2
58030,2025-07-29,2025-07-29,103.99999999999964,102.82485875706237,91.52542372881322,12.3180291153413,-0.8911521323997418,非鉄,1,3
58030,2025-07-30,2025-07-30,394.3150245779004,35.0370981038739,38.12860676009944,-2.053388090349495,0.6422607578676853,非鉄,2,4
58030,2025-07-31,2025-07-31,423.354735152488,-43.310875842156314,-134.7449470644846,97.6085895558798,0.574345883854499,非鉄,3,4
58030,2025-08-01,2025-08-01,103.49926071956617,9.72289742343202,68.06028196402636,-53.140096618357056,-1.07868020304569,非鉄,4,3
58030,2025-08-04,2025-08-04,458.61297539149916,-29.12621359223322,-63.106796116504384,34.19638495359089,-0.7055805003207238,非鉄,0,4
58030,2025-08-05,2025-08-05,81.10687022900854,94.60737937559082,18.92147587511772,75.54296506137925,-1.6149870801033583,非鉄,1,3
58030,2025-08-06,2025-08-06,303.3175355450246,50.597976080957174,-68.99724011039554,125.11584800741326,-0.13131976362442677,非鉄,2,4
58030,2025-08-07,2025-08-07,-136.98630136986355,715.281003251278,69.67022758941121,636.237897648686,1.183431952662728,非鉄,3,1
58030,2025-08-08,2025-08-08,-260.64291920069536,-138.02315227070318,35.61887800534347,-177.383592017738,-0.3898635477582846,非鉄,4,0
58030,2025-08-12,2025-08-12,121.84508268059169,-12.853470437017567,-64.26735218509006,51.746442432083484,-3.57142857142857,非鉄,1,3
58030,2025-08-13,2025-08-13,-75.12520868113492,75.72570466975125,46.2768195204033,29.31323283082099,0.40404040404040664,非鉄,2,1
58030,2025-08-14,2025-08-14,-112.78195488721776,88.68243243243201,25.337837837837718,67.42520016856268,1.0731052984574108,非鉄,3,1
58030,2025-08-15,2025-08-15,277.3109243697469,0.0,-40.79967360261172,40.96681687832948,1.9907100199070937,非鉄,4,4
58030,2025-08-18,2025-08-18,209.4455852156063,-68.30052229811146,-48.21213338690234,-24.21307506053294,-0.3253090435914152,非鉄,0,3
58030,2025-08-19,2025-08-19,-286.98464025869066,24.999999999999467,45.83333333333384,-16.597510373443924,-0.9791122715404721,非鉄,1,0
58030,2025-08-20,2025-08-20,44.091710758378255,-30.755711775043437,26.36203866432263,-56.967572304995606,0.19775873434411118,非鉄,2,2
58030,2025-08-21,2025-08-21,191.45146927871838,17.452006980802626,34.90401396160525,-17.391304347825766,2.1710526315789513,非鉄,3,3
58030,2025-08-22,2025-08-22,-30.487804878048806,0.0,26.200873362445254,-26.13240418118501,0.0,非鉄,4,2
58030,2025-08-25,2025-08-25,-224.86211285532409,21.748586341887588,-52.19660722053043,78.74015748031482,0.3219575016097931,非鉄,0,0
58030,2025-08-26,2025-08-26,-142.85714285714235,127.6408450704225,70.42253521126752,52.42463958060384,-0.6418485237484006,非鉄,1,1
58030,2025-08-27,2025-08-27,-136.75213675213627,108.31889081455826,-38.99480069324057,147.89038712483605,-1.0981912144702788,非鉄,2,1
58030,2025-08-28,2025-08-28,672.5274725274733,119.29247223364969,24.68120115178829,94.37833401723327,1.1757021554539504,非鉄,3,4
58030,2025-08-29,2025-08-29,246.76375404530714,63.041765169424835,-7.880220646178104,70.97791798107211,2.840542285345382,非鉄,4,4
58030,2025-09-01,2025-09-01,-269.2003167062551,109.97963340122263,146.63951120162943,-36.130068245684434,,非鉄,0,0
58030,2025-09-02,2025-09-02,32.00000000000092,-99.52229299363013,-103.50318471337604,4.022526146418848,1.381042059008153,非鉄,1,2
58030,2025-09-03,2025-09-03,116.00000000000054,-98.85330170027684,-126.53222617635463,28.033640368441137,-1.3622291021671784,非鉄,2,3
58030,2025-09-04,2025-09-04,438.0132968322248,-123.59550561797717,-56.179775280899015,-67.79661016949157,0.5021971123666091,非鉄,3,4
58030,2025-09-05,2025-09-05,-70.39644312708427,-78.27059262020097,-186.35855385762179,113.98176291793405,-0.7495315427857641,非鉄,4,1
58030,2025-09-08,2025-09-08,18.587360594795044,37.06449221645647,-22.238695329873657,59.435364041604544,1.636249213341734,非鉄,0,2
58030,2025-09-09,2025-09-09,-282.7111272200078,-358.208955223881,-115.67164179104527,-241.69184290030233,-0.6811145510835948,非鉄,1,0
58030,2025-09-10,2025-09-10,183.65817091454238,40.4411764705892,-36.764705882352814,77.49077490774914,-0.5610972568578565,非鉄,2,3
58030,2025-09-11,2025-09-11,153.57142857142847,-147.6793248945152,-130.09845288326272,-17.812611328821284,-0.4388714733542298,非鉄,3,3
58030,2025-09-12,2025-09-12,-59.649122807017285,-66.94855532064837,7.047216349542751,-70.44734061289137,0.37783375314861534,非鉄,4,1
58030,2025-09-16,2025-09-16,-292.6829268292686,21.489971346704273,21.489971346704273,3.575259206292092,1.2389380530973382,非鉄,1,0
58030,2025-09-17,2025-09-17,-64.9350649350644,-214.46746637586278,-189.02217375499797,-22.238695329873657,-0.4662004662004615,非鉄,2,1
58030,2025-09-18,2025-09-18,-51.2820512820511,25.716385011020915,3.6737692872890193,22.034520749174558,-0.5854800936768156,非鉄,3,1
58030,2025-09-19,2025-09-19,-78.57142857142895,46.863734679163386,-43.25883201153569,94.16877942774349,-0.05889281507656108,非鉄,4,1
58030,2025-09-22,2025-09-22,35.211267605634866,-10.530010530011014,-59.67005967005945,45.88775150017543,-0.5892751915144379,非鉄,0,2
58030,2025-09-24,2025-09-24,95.84664536741228,203.7947997189038,196.76739283204458,6.89179875947632,-0.41103934233704953,非鉄,2,3
58030,2025-09-25,2025-09-25,154.1155866900179,-24.07980736154114,61.91950464396356,-82.07934336525335,0.1768867924528239,非鉄,3,3
58030,2025-09-26,2025-09-26,-62.283737024221296,-191.43752175426408,-66.13296206056441,-126.13875262789121,-0.7651559741024161,非鉄,4,1
58030,2025-09-29,2025-09-29,239.94354269583516,82.67309679641733,72.33895969686488,10.259917920656392,0.0,非鉄,0,4
58030,2025-09-30,2025-09-30,-118.92626571525678,-72.01646090534975,-34.29355281207136,-41.27966976264163,-1.3048635824436494,非鉄,1,1
58030,2025-10-01,2025-10-01,-278.35051546391765,109.57935666313202,95.44008483563182,17.513134851139256,0.5408653846153744,非鉄,2,0
58030,2025-10-02,2025-10-02,-327.1983640081799,3.5211267605639307,49.295774647888365,-45.55010511562707,0.7172743574417106,非鉄,3,0
58030,2025-10-03,2025-10-03,-99.8929718159114,172.6618705035965,61.15107913668982,114.44921316166034,-0.4154302670623111,非鉄,4,1
58030,2025-10-06,2025-10-06,-82.53094910591452,27.72002772002846,-90.09009009009029,122.4204267226292,0.5363528009535212,非鉄,0,1
58030,2025-10-07,2025-10-07,649.6598639455775,-265.0063856960405,38.31417624521105,-302.1628498727735,-0.5927682276229973,非鉄,1,4
58030,2025-10-08,2025-10-08,630.420280186792,21.9780219780219,-91.05180533751978,110.86474501108556,0.655933214072757,非鉄,2,4
58030,2025-10-09,2025-10-09,161.290322580645,60.15037593984918,15.037593984963404,45.04504504504459,-0.8293838862559189,非鉄,3,3
58030,2025-10-10,2025-10-10,-297.84724270126793,127.54327361068852,-27.330701488005317,158.3917148949121,-1.194743130227005,非鉄,4,0
58030,2025-10-14,2025-10-14,-61.01281269066505,-322.18471923903036,-202.51610923596175,-119.04761904761862,0.6699147381242332,非鉄,1,1
58030,2025-10-15,2025-10-15,307.9365079365082,-85.94229588704705,-42.971147943523526,-43.15659679408168,0.9679370840895318,非鉄,2,4
58030,2025-10-16,2025-10-16,-84.54106280193274,188.73668188736704,27.3972602739736,160.89860352155537,1.1384062312762122,非鉄,3,1
58030,2025-10-17,2025-10-17,63.63636363636349,-96.29852542882955,24.07463135720711,-120.08405884118889,0.23696682464455776,非鉄,4,2
58030,2025-10-20,2025-10-20,110.25029797377739,100.1767825574551,-20.624631703005658,118.06375442739103,0.23640661938533203,非鉄,0,3
58030,2025-10-21,2025-10-21,-68.59102600743073,-365.6780881082633,-198.67549668874162,-173.27459618208474,-1.0023584905660354,非鉄,1,1
58030,2025-10-22,2025-10-22,-235.1190476190479,318.6646433990892,103.18664643399033,213.2772604385691,0.9529481834425146,非鉄,2,0
58030,2025-10-23,2025-10-23,347.2222222222232,35.03649635036466,-14.598540145985828,52.64697279906416,0.943952802359882,非鉄,3,4
58030,2025-10-24,2025-10-24,131.42857142857122,98.61932938856066,-11.270780501549948,110.0141043723557,-0.8766803039158333,非鉄,4,3
58030,2025-10-27,2025-10-27,192.9347826086958,332.5352487363653,90.44958765629163,239.9156340627462,0.9433962264151052,非鉄,0,3
58030,2025-10-28,2025-10-28,-2.573340195574092,-77.37941707505857,-28.372452927520886,-51.719679337988154,0.8761682242990565,非鉄,1,2
58030,2025-10-29,2025-10-29,227.61760242792084,4.945598417409602,-39.56478733926794,44.68718967229446,0.6369426751592355,非鉄,2,4
58030,2025-10-30,2025-10-30,130.86419753086443,94.63722397476282,-24.265954865323458,119.19241060569297,-1.1507479861910253,非鉄,3,3
58030,2025-10-31,2025-10-31,228.8605155384249,-4.699248120301203,-35.24436090225569,30.653147842489847,0.34924330616996624,非鉄,4,4
58030,2025-11-04,2025-11-04,-235.34840793724032,-174.6518763275906,70.80481472740097,-243.73095851886518,-0.9200690051753835,非鉄,1,0
58030,2025-11-05,2025-11-05,-361.19711042311707,448.9904357066954,387.88522848034023,56.25159805676239,0.9866511897852481,非鉄,2,0
58030,2025-11-06,2025-11-06,416.0548213411652,49.15730337078594,44.4756554307113,4.660918200884989,-1.4367816091954033,非鉄,3,4
58030,2025-11-07,2025-11-07,-208.53307766059424,88.25692571708731,-26.967393969109523,115.53588987217367,-0.4664723032069995,非鉄,4,0
58030,2025-11-10,2025-11-10,-71.80469123982735,-153.62457993278954,40.80652904464799,-193.64092756394945,0.5858230814294041,非鉄,0,1
58030,2025-11-11,2025-11-11,-140.40932889100466,-626.8151016456924,-321.8780251694098,-312.6563281640815,0.6406523005241693,非鉄,1,1
58030,2025-11-12,2025-11-12,682.3655338506818,161.08733954190768,25.169896803423075,135.57619884509097,0.810185185185186,非鉄,2,4
58030,2025-11-13,2025-11-13,445.22261130565346,-91.12709832134303,-69.54436450839374,-24.14292612264557,1.5499425947187229,非鉄,3,4
58030,2025-11-14,2025-11-14,-25.57544757033292,-87.00102354145312,-2.558853633571889,-79.3854033290653,-2.713397399660822,非鉄,4,2
58030,2025-11-17,2025-11-17,185.75851393188847,42.9401363980797,63.14725940894217,-17.574692442882125,1.0459035444509102,非鉄,0,3
58030,2025-11-18,2025-11-18,-279.7927461139893,-391.4209115281497,-337.80160857908805,-58.25242718446644,0.17251293847038163,非鉄,1,0
58030,2025-11-19,2025-11-19,356.7415730337076,-247.61904761904762,-258.50340136054473,11.173184357542443,-1.320321469575203,非鉄,2,4
58030,2025-11-20,2025-11-20,-370.4637096774188,-156.65796344647487,-357.70234986945206,202.97699594046037,-0.7562536358347915,非鉄,3,0
58030,2025-11-21,2025-11-21,-210.46643913538165,43.680838672102155,5.824111822947398,37.83469150174579,-0.17584994138335475,非鉄,4,0
58030,2025-11-25,2025-11-25,-216.78710394663736,-76.901167758473,-37.026488180005316,-37.174721189591196,-0.11785503830288313,非鉄,1,0
58030,2025-11-26,2025-11-26,219.74885844748826,58.56107083100915,-36.25209146681519,92.33351986569716,2.2418879056047114,非鉄,2,4
58030,2025-11-27,2025-11-27,-100.89991818925559,-57.819383259911646,8.259911894272776,-66.02475928473184,,非鉄,3,1
58030,2025-11-28,2025-11-28,-117.87280701754388,-2.777777777778212,-44.44444444444473,44.655316773654086,0.461627236006934,非鉄,4,1
58030,2025-12-01,2025-12-01,-799.8877350547295,-60.91989034419765,0.0,-60.91989034419765,-0.5743825387708235,非鉄,0,0
58030,2025-12-02,2025-12-02,75.43753771876993,39.15662650602503,30.120481927711218,9.009009009008917,1.1554015020219577,非鉄,1,3
58030,2025-12-03,2025-12-03,56.047197640118895,2.9299736302368373,23.43978904189914,-23.378141437755406,-1.3135351227869796,非鉄,2,2
58030,2025-12-04,2025-12-04,80.26159334125981,-11.78203240058906,-26.509572901325384,11.80986123413108,1.215277777777768,非鉄,3,3
58030,2025-12-05,2025-12-05,11.695906432749315,102.3391812865504,93.56725146198785,11.590843233846293,-0.05717552887364308,非鉄,4,2
58030,2025-12-08,2025-12-08,296.61016949152463,120.51492741714576,117.775951794028,0.0,-0.5148741418764313,非鉄,0,4
58030,2025-12-09,2025-12-09,-70.21334053470163,27.15177844148764,2.715177844148098,21.70963364993117,1.5526164462334568,非鉄,1,1
58030,2025-12-10,2025-12-10,-246.68435013262547,21.780560849442576,-19.057990743261975,40.916530278232166,-1.5855039637599044,非鉄,2,0
58030,2025-12-11,2025-12-11,-10.752688172043223,-89.4308943089428,-113.82113821138185,24.67105263157965,0.690448791714604,非鉄,3,2
58030,2025-12-12,2025-12-12,-56.756756756757284,24.456521739131265,-21.73913043478248,46.296296296295395,-1.1428571428571455,非鉄,4,1
58030,2025-12-15,2025-12-15,142.85714285714235,-98.23182711198419,-78.58546168958758,-19.80198019801982,1.6184971098266,非鉄,0,3
58030,2025-12-16,2025-12-16,-259.85401459854063,-36.05769230769273,-93.14903846153855,54.5785324439052,-0.7963594994311762,非鉄,1,0
58030,2025-12-17,2025-12-17,87.85216601030044,-72.07207207207244,-144.14414414414378,70.05787389582795,1.089449541284404,非鉄,2,3
58030,2025-12-18,2025-12-18,101.26582278481067,56.58597925180864,6.2873310279787376,47.11055276381826,0.7373794668179334,非鉄,3,3
58030,2025-12-19,2025-12-19,251.00712736287667,60.240963855422436,111.44578313253106,-50.64045278522444,-0.16891891891891442,非鉄,4,4
58030,2025-12-22,2025-12-22,181.81818181818076,65.19274376417306,28.344671201814275,33.907883582933174,0.7896221094190636,非鉄,0,3
58030,2025-12-23,2025-12-23,-8.426966292134352,25.280898876405278,-14.044943820225031,39.38115330520464,0.11191941801902416,非鉄,1,2
58030,2025-12-24,2025-12-24,170.96412556053764,-13.80452788514619,27.60905577029238,-44.040737682355946,0.7266629401900593,非鉄,2,3
58030,2025-12-25,2025-12-25,-148.16885658372914,0.0,-42.613636363636466,39.93154592127679,,非鉄,3,1
58030,2025-12-26,2025-12-26,-84.79366873940131,-202.79920022850618,-145.67266495287058,-60.851926977687484,-0.2219755826859071,非鉄,4,1
58030,2025-12-29,2025-12-29,189.49181739879472,25.387870239774735,124.11847672778586,-97.52020061298383,-1.5572858731924377,非鉄,0,3
58030,2025-12-30,2025-12-30,156.65052691540947,-185.49747048903888,-123.66498032602591,-62.6067159931698,-0.4519774011299438,非鉄,1,3
58030,2026-01-05,2026-01-05,215.46961325966896,10.834236186347823,-24.377031419284823,35.29731197393416,1.7162471395880896,非鉄,0,3
58030,2026-01-06,2026-01-06,-243.70648098553826,106.87859687585677,54.80953685941259,51.78522758244819,-0.16872890888638414,非鉄,1,0
58030,2026-01-07,2026-01-07,29.77801840822858,-162.03078584931086,-153.92924655684536,-8.228195282501405,0.5633802816901401,非鉄,2,2
58030,2026-01-08,2026-01-08,16.556291390728006,-251.38121546961378,-168.50828729281787,-84.29334082607487,-0.11204481792717047,非鉄,3,2
58030,2026-01-09,2026-01-09,-185.1851851851849,88.33922261484162,-32.39104829210859,121.1225997045795,-0.11217049915872579,非鉄,4,1
58030,2026-01-13,2026-01-13,-355.83168596441726,26.315789473683182,134.50292397660712,-106.75129832660168,-0.3556609365737984,非鉄,1,0
58030,2026-01-14,2026-01-14,-112.71676300578015,87.77062609713226,8.777062609712782,78.92429114294109,0.4759071980963814,非鉄,2,1
58030,2026-01-15,2026-01-15,58.80623346074643,102.30926629640535,125.6942414498674,-23.09468822170868,-0.4736530491415092,非鉄,3,2
58030,2026-01-16,2026-01-16,14.450867052022698,239.26203516863697,100.89362928797918,139.8801027690544,1.1302795954788891,非鉄,4,2
58030,2026-01-19,2026-01-19,167.64705882353016,20.26635784597497,14.475969889982121,5.782017924256255,,非鉄,0,3
58030,2026-01-20,2026-01-20,-201.81339572974522,8.928571428572507,0.0,8.928571428572507,-0.23529411764705577,非鉄,1,0
58030,2026-01-21,2026-01-21,731.1893203883502,84.60236886632887,45.1212633953757,39.30376193149954,-0.5306603773584939,非鉄,2,4
58030,2026-01-22,2026-01-22,-41.062140706268345,-32.98515667949475,49.477735019241024,-79.34336525307839,0.5334914048606976,非鉄,3,2
58030,2026-01-23,2026-01-23,-158.4266593826822,-66.55574043261225,-16.638935108153063,-50.00000000000004,1.5919811320754818,非鉄,4,1
58030,2026-01-26,2026-01-26,157.0979720079979,101.2373453318327,73.11586051743424,25.118615685180146,-0.5223447475333765,非鉄,0,3
58030,2026-01-27,2026-01-27,161.55988857938786,38.356164383561705,-8.219178082191636,46.61365505895354,-0.4667444574095736,非鉄,1,3
58030,2026-01-28,2026-01-28,498.2115482881966,-234.4894968246214,-168.53932584269705,-67.08074534161446,0.9964830011723436,非鉄,2,4
58030,2026-01-29,2026-01-29,-446.8297553669498,177.40673102008887,156.53535090007776,20.54970459799632,0.05803830528148257,非鉄,3,0
58030,2026-01-30,2026-01-30,-223.0769230769236,197.7621649752792,65.05334374186766,131.85108583247063,-0.6380510440835319,非鉄,4,0
58030,2026-02-02,2026-02-02,287.9318978467693,-332.1934538348803,-268.68588177821226,-65.26104417670653,-0.6421482778750764,非鉄,0,4
58030,2026-02-03,2026-02-03,45.238095238095966,284.36018957346045,113.74407582938284,166.31529632232355,0.763807285546414,非鉄,1,2
58030,2026-02-04,2026-02-04,515.9090909090902,-162.16216216216162,-82.16216216216266,-82.82476024411456,0.05830903790087216,非鉄,2,4
58030,2026-02-05,2026-02-05,-277.7777777777779,-22.98322224775884,-87.33624454148492,64.92000927428742,1.4568764568764658,非鉄,3,0
58030,2026-02-06,2026-02-06,485.91549295774695,-95.8110516934041,11.140819964350346,-109.03426791277204,-1.0338885697874778,非鉄,4,4
58030,2026-02-09,2026-02-09,340.61696658097776,-868.3937823834198,58.03108808290158,-919.2085737840061,-0.5223447475333765,非鉄,0,4
58030,2026-02-10,2026-02-10,-40.948275862069394,26.041666666667407,-182.2916666666663,212.20159151193573,0.05834305717620225,非鉄,1,2
58030,2026-02-12,2026-02-12,-470.5882352941182,275.04472271914216,348.8372093023262,-71.30509939498708,0.8182349503214503,非鉄,3,0
58030,2026-02-13,2026-02-13,-90.36808463742551,-244.49877750611248,-66.68148477439462,-176.8128916741274,0.1159420289855051,非鉄,4,1
58030,2026-02-16,2026-02-16,-109.66415352981484,-87.71929824561431,-78.48568790397081,-9.306654257794644,,非鉄,0,1
58030,2026-02-17,2026-02-17,-77.10280373831813,84.9457291175093,-94.38414346389811,181.03858980466958,-1.2159814707585426,非鉄,1,1
58030,2026-02-18,2026-02-18,254.62962962963022,128.93010631078948,72.38181406921562,56.14192679092689,0.0,非鉄,2,4
58030,2026-02-19,2026-02-19,81.49779735682871,-52.27619255064209,-6.534524068830816,-45.771578029643045,-0.058616647127784915,非鉄,3,3
58030,2026-02-20,2026-02-20,-93.64111498257887,8.752735229760056,-13.129102844638973,21.91060473269113,0.4105571847507372,非鉄,4,1
58030,2026-02-24,2026-02-24,525.641025641026,202.51113811259546,228.83758606723427,-23.762376237623783,0.23378141437755406,非鉄,1,4
58030,2026-02-25,2026-02-25,7.928642220020876,625.8665082194503,362.44800950683276,258.1261950286806,0.5830903790087438,非鉄,2,2
58030,2026-02-26,2026-02-26,-36.596523330283404,32.99725022914757,-3.6663611365717053,36.67705849990766,0.5797101449275255,非鉄,3,2
58030,2026-02-27,2026-02-27,-166.25732098998645,248.80382775119614,86.12440191387627,161.290322580645,1.037463976945241,非鉄,4,1
58030,2026-03-02,2026-03-02,764.4787644787643,171.70452512967228,148.45287068502967,22.911526260134263,-1.197946377638337,非鉄,0,4
58030,2026-03-03,2026-03-03,-274.9140893470792,-302.49110320284655,12.45551601423589,-314.55482495112875,0.34642032332563577,非鉄,1,0
58030,2026-03-04,2026-03-04,-458.31761599396503,181.49182289589172,81.77104108496147,98.91196834816984,-0.6329113924050667,非鉄,2,0
58030,2026-03-05,2026-03-05,-31.62790697674445,-127.6276276276278,-65.69069069069067,-60.468631897203636,2.316155182397228,非鉄,3,2
58030,2026-03-06,2026-03-06,-406.6615027110765,124.79871175523405,-38.24476650563624,163.66942816730568,1.2450481041312855,非鉄,4,0
58030,2026-03-09,2026-03-09,-356.19469026548666,305.37830446672797,-86.5998176845939,395.4022988505757,-1.8446059250978197,非鉄,0,0
58030,2026-03-10,2026-03-10,115.70247933884392,-127.51953928424543,-183.05224187577073,52.35602094240788,-0.5694760820045608,非鉄,1,3
58030,2026-03-11,2026-03-11,218.25396825396749,-85.12284774617962,110.27278003482354,-193.26444699579005,1.9473081328751363,非鉄,2,4
58030,2026-03-12,2026-03-12,51.23152709359591,146.94201747418535,77.44241461477452,68.96551724137944,1.1235955056179803,非鉄,3,2
58030,2026-03-13,2026-03-13,390.6882591093108,374.75728155339726,-66.01941747572782,441.66503810826765,0.7777777777777883,非鉄,4,4
58030,2026-03-16,2026-03-16,-734.0823970037458,267.28295819935744,215.03215434083512,51.15089514066584,0.2756339581036382,非鉄,0,0
58030,2026-03-17,2026-03-17,-400.6901840490795,-203.5115722266556,-83.79888268156388,-120.72434607645843,-0.05497526113249496,非鉄,1,0
58030,2026-03-18,2026-03-18,220.0000000000002,50.88062622309097,27.3972602739736,23.419203747072626,1.980198019801982,非鉄,2,4
58030,2026-03-19,2026-03-19,241.20205614867496,-204.23892100192685,-198.45857418111734,-7.861635220125507,1.4023732470334505,非鉄,3,4
58030,2026-03-23,2026-03-23,164.13879077498362,4.098360655737654,22.540983606558207,-20.4415372035982,-1.2332439678284235,非鉄,0,3
58030,2026-03-24,2026-03-24,-55.511498810467685,213.82893685051974,37.969624300560056,175.194107107306,0.3800217155266017,非鉄,1,1
58030,2026-03-25,2026-03-25,215.61338289962873,49.450549450549275,7.3260073260073,42.09370424597347,1.1357490535424564,非鉄,2,3
58030,2026-03-26,2026-03-26,236.76125067775277,-140.5693950177933,145.90747330960772,-282.3570676955456,-0.2673796791443861,非鉄,3,4
58030,2026-03-27,2026-03-27,-192.72727272727218,245.52335240908275,280.5981170389504,-34.11743580535087,-0.965147453083115,非鉄,4,1
58030,2026-03-30,2026-03-30,-479.19010123734563,409.34320074005547,289.0841813135991,116.88019779725778,-1.4076881429344934,非鉄,0,0
58030,2026-03-31,2026-03-31,35.29411764705781,-374.3565746373423,-489.003275620028,120.54120541205471,0.7138934651290452,非鉄,1,2
58030,2026-04-01,2026-04-01,98.39816933638446,31.53153153153232,-2.2522522522527844,31.53153153153232,-1.199563794983638,非鉄,2,3
58030,2026-04-02,2026-04-02,-586.5490628445424,157.2769953051645,192.48826291079712,-32.25063349458601,-0.22075055187638082,非鉄,3,0
58030,2026-04-03,2026-04-03,340.85778781038465,60.882800608828006,56.53402913676997,6.48788927335664,0.0,非鉄,4,4
58030,2026-04-06,2026-04-06,96.1743962385131,-155.71672354948828,-27.73037542662116,-128.34224598930467,0.38716814159291957,非鉄,0,3
58030,2026-04-07,2026-04-07,-500.3262997607139,48.05491990846677,-50.343249427917684,96.57392504023976,-1.1019283746556474,非鉄,1,0
58030,2026-04-08,2026-04-08,8.273009307135926,43.388429752067026,51.65289256198413,-10.275380189066485,-0.3342618384401086,非鉄,2,2
58030,2026-04-09,2026-04-09,511.8601747815221,-59.52380952380931,-170.63492063492114,113.03996770286595,-0.6148686416992732,非鉄,3,4
58030,2026-04-10,2026-04-10,811.437403400308,5.35523027490159,53.552302749018125,-49.70708325936491,-0.8436445444319429,非鉄,4,4
58030,2026-04-13,2026-04-13,-262.08995603652306,-112.8472222222221,-163.19444444444443,49.408858302453226,0.05672149744753163,非鉄,0,0
58030,2026-04-14,2026-04-14,-154.6998486631912,93.79263301500629,15.347885402454686,78.32453601225976,0.45351473922903285,非鉄,1,1
58030,2026-04-15,2026-04-15,-427.8523489932884,-92.852137351086,78.83672039243228,-172.054223149114,1.975169300225743,非鉄,2,0
58030,2026-04-16,2026-04-16,560.7142857142856,72.74572830316295,-21.99289460328213,94.94743981010467,-0.6640841173215284,非鉄,3,4
58030,2026-04-17,2026-04-17,6.776215483652592,-199.6953799289225,-77.84735149771515,-122.80402524304957,-0.16713091922005985,非鉄,4,2
58030,2026-04-20,2026-04-20,182.71257905832837,-413.4232831690021,-276.76872513406005,-140.54438711972983,0.8928571428571397,非鉄,0,3
58030,2026-04-21,2026-04-21,374.7534516765283,202.94882914136946,166.5221162185593,37.54266211604129,0.38716814159291957,非鉄,1,4
58030,2026-04-22,2026-04-22,106.29178810217743,147.4826241735894,-13.561620613663505,159.53835709436424,0.11019283746556141,非鉄,2,3
58030,2026-04-23,2026-04-23,-451.054093806178,125.42955326460437,116.83848797250818,8.491847826086474,0.27517886626307053,非鉄,3,0
58030,2026-04-24,2026-04-24,21.71371304493075,94.9525237381299,38.31417624521105,58.091286307053736,-0.1097694840834218,非鉄,4,2
58030,2026-04-27,2026-04-27,460.4936226602607,60.20278833966941,57.034220532319324,3.15059861373701,1.318681318681314,非鉄,0,4
58030,2026-04-28,2026-04-28,-17.65366714812977,75.56270096463092,22.508038585209444,52.93551491819093,0.9219088937093334,非鉄,1,2
58030,2026-04-30,2026-04-30,-10.031767262999036,43.65345869711268,36.937541974479956,8.365400702694537,-0.32171581769436797,非鉄,3,2
58030,2026-05-01,2026-05-01,-193.8826675580807,-92.15017064846398,0.0,-92.15017064846398,0.6455083378160253,非鉄,4,0
58030,2026-05-07,2026-05-07,141.2698412698421,191.28253370962688,128.56694888679908,60.36217303822866,0.0,非鉄,3,3
58030,2026-05-08,2026-05-08,-224.01991288114488,382.35760748849714,107.88513406314371,271.54292889656205,0.993926007730539,非鉄,4,0
58030,2026-05-11,2026-05-11,-106.19469026548644,123.51190476190376,165.1785714285725,-39.53147877013174,0.8201202843083566,非鉄,0,1
58030,2026-05-12,2026-05-12,40.000000000000036,435.31827515400414,-112.25188227241611,553.7865152983534,1.3557483731019504,非鉄,1,2
58030,2026-05-13,2026-05-13,550.2457673402516,96.53752091646206,95.25035397091042,2.550369803622221,0.48154093097914075,非鉄,2,4
58030,2026-05-14,2026-05-14,217.95875750456827,-1852.5641025641025,-93.5897435897437,-1774.5275692467,-3.833865814696491,非鉄,3,4
58030,2026-05-15,2026-05-15,-758.803365534434,-138.98305084745766,145.7627118644078,-279.03091060985764,0.8305647840531671,非鉄,4,0
58030,2026-05-18,2026-05-18,-215.6795617939067,-7.031112673581141,-77.342239409387,72.64351523742052,4.83250961010433,非鉄,0,0
58030,2026-05-19,2026-05-19,-480.35714285714295,-1199.6233521657252,-120.52730696798464,-1092.2607701105603,-0.41906757464641453,非鉄,1,0
58030,2026-05-20,2026-05-20,88.88888888888945,-16.286644951140072,216.37971149371714,-227.73855613755444,-1.9989479221462436,非鉄,2,3
58030,2026-05-21,2026-05-21,-96.70329670329659,-46.44990046449915,106.17120106171107,-151.01772816808912,-0.7514761137949577,非鉄,3,1
58030,2026-05-22,2026-05-22,449.46236559139766,-42.85714285714337,-46.938775510203534,2.0500205002060845,0.21633315305571443,非鉄,4,4
58030,2026-05-25,2026-05-25,91.41791044776193,192.83746556473912,192.83746556473912,,,非鉄,0,3
58030,2026-05-26,2026-05-26,-651.3274336283181,15.034767900770074,58.259725615485976,-41.11381050270979,-0.2698327037236936,非鉄,1,0
58030,2026-05-27,2026-05-27,-505.4545454545456,-143.8159156279961,-166.8264621284754,27.311744049940412,-1.406926406926412,非鉄,2,0
58030,2026-05-28,2026-05-28,126.05042016806678,38.000000000000256,-305.9999999999996,354.85867546936277,0.2195389681668436,非鉄,3,3
58030,2026-05-29,2026-05-29,-681.9984139571767,186.87619452113057,146.52792524952218,39.76559229803334,-0.383351588170866,非鉄,4,0
68450,2024-05-10,2024-05-10,40.92181779022263,21.43622722400762,-2.143622722400318,19.288469781397755,2.8232636928289034,半導体,4,3
68450,2024-05-13,2024-05-13,53.682628301481294,166.0634447519693,70.25761124121787,93.00359332065078,1.3728720483251022,半導体,0,3
68450,2024-05-14,2024-05-14,235.02824858756986,-155.55555555555546,-55.55555555555536,-102.77033065236863,-1.2459371614301218,半導体,1,4
68450,2024-05-15,2024-05-15,-388.9388489208634,196.7213114754096,28.10304449648804,170.52090633029593,1.5907844212835975,半導体,2,0
68450,2024-05-16,2024-05-16,-129.633841255401,211.98156682027624,142.85714285714235,68.15084052703257,-1.2419006479481687,半導体,3,0
68450,2024-05-17,2024-05-17,70.42253521126752,51.87189896256106,4.510599909788304,45.07550146495287,-0.9841443411700346,半導体,4,3
68450,2024-05-20,2024-05-20,-13.434841021048305,124.68827930174564,13.602357742008575,110.93502377178987,1.656543346217565,半導体,0,2
68450,2024-05-21,2024-05-21,71.36485280999194,42.3634336677825,20.066889632106566,17.79359430605032,-0.4888647474198815,半導体,1,3
68450,2024-05-22,2024-05-22,-139.31888544891692,-119.07436531116589,35.94697820714421,-147.84946236559128,0.6550218340611424,半導体,2,0
68450,2024-05-23,2024-05-23,-96.19789280806201,180.05540166204926,64.63527239150446,110.04126547455195,0.759219088937102,半導体,3,0
68450,2024-05-24,2024-05-24,-32.080659945004086,-112.82523601197303,-6.907667510936966,-108.26998387468367,0.10764262648008671,半導体,4,1
68450,2024-05-27,2024-05-27,-147.1962616822431,201.51730678046542,78.23613086771041,122.32415902140747,,半導体,0,0
68450,2024-05-28,2024-05-28,-69.97742663656936,36.3636363636366,52.27272727272636,-18.08318264014508,-0.37634408602150726,半導体,1,1
68450,2024-05-29,2024-05-29,72.76034561164212,-90.70294784580545,-11.337868480725266,-79.45516458569779,-1.6729627630868826,半導体,2,3
68450,2024-05-30,2024-05-30,-115.15430677107364,187.61726078799336,164.16510318949307,23.073373327180402,-1.5367727771679496,半導体,3,0
68450,2024-05-31,2024-05-31,452.26130653266415,-61.8840247536101,-6.876002750401122,-55.045871559632474,-0.6131549609810438,半導体,4,4
68450,2024-06-03,2024-06-03,-150.63731170335993,-164.70588235294125,-141.17647058823567,-26.24671916010457,-0.6169377453729696,半導体,0,0
68450,2024-06-04,2024-06-04,-76.628352490421,164.13227130098963,48.27419744146688,110.4441776710674,-0.22573363431150906,半導体,1,1
68450,2024-06-05,2024-06-05,-153.80918048546022,-46.33016337478701,-41.45330407217762,-2.449179524859346,-0.6221719457013553,半導体,2,0
68450,2024-06-06,2024-06-06,-131.8359375,-39.67270022315894,-12.397718819736614,-27.308838133068836,3.1872509960159334,半導体,3,0
68450,2024-06-07,2024-06-07,96.27252530239438,46.511627906977715,-7.343941248469932,56.35873560401849,-0.9376723662437914,半導体,4,4
68450,2024-06-10,2024-06-10,139.53488372093094,171.08433734939865,62.6506024096396,100.5025125628145,0.44543429844097204,半導体,0,4
68450,2024-06-11,2024-06-11,201.3263855992431,16.263940520446774,37.17472118959009,-18.522806205140128,-0.388026607538805,半導体,1,4
68450,2024-06-12,2024-06-12,-120.17564132193237,-2.336448598130314,-4.672897196261738,0.0,0.8903728436282732,半導体,2,0
68450,2024-06-13,2024-06-13,-226.6944251677072,-18.966334755808887,18.96633475580778,-40.21764845043796,1.103143960286812,半導体,3,0
68450,2024-06-14,2024-06-14,109.62821734985751,-96.0637300843481,-86.6916588566069,-9.454029780193718,-2.127659574468088,半導体,4,4
68450,2024-06-17,2024-06-17,-125.89073634204252,-72.16742843396685,-48.111618955978265,-21.760154738877937,-1.0590858416945403,半導体,0,0
68450,2024-06-18,2024-06-18,180.81002892960552,7.100591715976101,4.733727810650734,0.0,0.9577464788732337,半導体,1,4
68450,2024-06-19,2024-06-19,-90.13068949977443,-93.47925216598219,-52.43958048335662,-38.97294818890451,,半導体,2,0
68450,2024-06-20,2024-06-20,-114.41647597253967,44.02224281742306,23.169601482855295,23.121387283238093,-1.8415178571428603,半導体,3,0
68450,2024-06-21,2024-06-21,-134.88797439414668,25.445292620864812,9.252833680315486,13.863216266174483,-1.023308698123937,半導体,4,0
68450,2024-06-24,2024-06-24,103.424500114917,-18.140589569161094,-54.421768707483274,36.47970816233581,-0.4595060310166543,半導体,0,4
68450,2024-06-25,2024-06-25,18.219084491004622,-49.77375565610842,-45.24886877828038,-2.273243919072021,-2.1927293710328866,半導体,1,2
68450,2024-06-26,2024-06-26,38.645146624232126,18.13236627379977,-18.13236627379866,36.33060853769354,-1.1209439528023557,半導体,2,3
68450,2024-06-27,2024-06-27,184.00726942298996,53.5236396074934,40.14272970561894,15.552099533437946,-0.9546539379474916,半導体,3,4
68450,2024-06-28,2024-06-28,-46.25550660792954,-64.30155210643052,-24.390243902439046,-37.79457536682962,-4.0963855421686795,半導体,4,1
68450,2024-07-01,2024-07-01,-50.80627347028965,-104.44444444444478,-117.77777777777776,13.492241960872953,0.18844221105527303,半導体,0,1
68450,2024-07-02,2024-07-02,-105.9990978800185,68.61848124428249,45.74565416285425,22.768670309654127,0.940438871473348,半導体,1,0
68450,2024-07-03,2024-07-03,-34.075420263516286,22.77904328018332,-6.833712984054552,29.633006610438883,0.31055900621117516,半導体,2,1
68450,2024-07-04,2024-07-04,-60.83821541234769,117.86038077969074,27.198549410698547,88.13559322033981,,半導体,3,1
68450,2024-07-05,2024-07-05,-4.435573297848494,-35.555555555555344,-6.666666666667043,-22.251891410769442,2.0433436532507843,半導体,4,2
68450,2024-07-08,2024-07-08,24.55357142857162,-37.81979977753092,-15.572858731924821,-22.28163992869847,-3.3373786407767003,半導体,0,3
68450,2024-07-09,2024-07-09,-24.42273534635886,84.27589265912694,95.36482590374762,-8.789277081959757,0.37664783427495685,半導体,1,2
68450,2024-07-10,2024-07-10,-26.666666666667062,60.3486812695575,-46.93786320965621,110.06289308176153,1.5009380863039379,半導体,2,2
68450,2024-07-11,2024-07-11,19.706590759798193,0.0,-17.48251748251772,17.513134851139256,0.800985828712264,半導体,3,2
68450,2024-07-12,2024-07-12,343.98579671549135,-47.20017163698742,-64.36387041407477,21.602937999567473,-2.200488997555017,半導体,4,4
68450,2024-07-16,2024-07-16,-107.29613733905575,6.5245759025667205,-10.874293170943794,19.599303135888757,1.6035920461834552,半導体,1,0
68450,2024-07-17,2024-07-17,-32.258064516128556,-43.18721658389091,-17.27488663355592,-28.114186851211365,0.7575757575757569,半導体,2,1
68450,2024-07-18,2024-07-18,118.65524060646004,-30.342436064152434,4.334633723450665,-34.662045060658286,-1.8796992481203034,半導体,3,4
68450,2024-07-19,2024-07-19,82.82476024411567,-99.65337954939369,-138.64818024263425,37.33801888864407,0.0,半導体,4,4
68450,2024-07-22,2024-07-22,-94.09190371991284,30.911901081915882,26.495915213071708,8.812513769553831,2.298850574712641,半導体,0,0
68450,2024-07-23,2024-07-23,-67.56756756756799,-90.03074220465534,-74.65963987703161,-13.277273733126593,0.3745318352059934,半導体,1,1
68450,2024-07-24,2024-07-24,15.597147950088264,-71.46047342563632,-4.4662795891026175,-64.80446927374261,0.43532338308458485,半導体,2,2
68450,2024-07-25,2024-07-25,-165.15837104072452,-55.68445475638062,51.04408352668122,-113.03344867358733,0.6811145510835948,半導体,3,0
68450,2024-07-26,2024-07-26,86.36788048552724,-69.41230911615025,11.568718186025784,-80.88745088976168,-2.890528905289058,半導体,4,4
68450,2024-07-29,2024-07-29,29.9953853253343,39.00871959614527,36.7140890316664,-9.134505594884379,0.5066497783407176,半導体,0,3
68450,2024-07-30,2024-07-30,-80.4967801287948,46.17871161394671,18.471484645579128,27.656141968195325,-2.2684310018903586,半導体,1,1
68450,2024-07-31,2024-07-31,183.52941176470682,136.29013629013588,-6.930006930007115,140.9752715507273,-1.3539651837524147,半導体,2,4
68450,2024-08-01,2024-08-01,-150.53265400648442,7.073803348267571,4.715868898843567,2.356823002591657,0.2614379084967311,半導体,3,0
68450,2024-08-02,2024-08-02,-236.3547758284601,-191.11442045172456,-69.4961528915361,-127.4044466650015,0.9126466753585305,半導体,4,0
68450,2024-08-05,2024-08-05,-338.2157123834884,-847.1302428256067,-115.89403973509937,-734.6368715083795,1.0981912144702788,半導体,0,0
68450,2024-08-06,2024-08-06,343.0487490327572,34.9737696727459,19.98501124156782,14.958863126401933,-0.8945686900958427,半導体,1,4
68450,2024-08-07,2024-08-07,-27.869267798328323,134.645261522528,274.4691869497662,-136.08870967741882,-0.9671179883945835,半導体,2,1
68450,2024-08-08,2024-08-08,-90.06928406466552,-287.7030162412997,-317.8654292343386,31.152647975076775,-1.3671875,半導体,3,0
68450,2024-08-09,2024-08-09,38.140643623361115,-42.85714285714337,-154.76190476190422,118.55794822163146,-0.46204620462045876,半導体,4,3
68450,2024-08-13,2024-08-13,70.55503292568099,165.38551129746003,-16.305613789890927,165.38551129746003,-1.5645371577574951,半導体,1,3
68450,2024-08-14,2024-08-14,-64.073226544622,159.72222222222277,46.296296296295395,115.23392486748163,0.9271523178807861,半導体,2,1
68450,2024-08-15,2024-08-15,34.1763499658243,-4.543389368468764,-74.96592457973628,64.04391582799596,-1.5748031496062964,半導体,3,3
68450,2024-08-16,2024-08-16,-80.00000000000007,2.2371364653239745,-17.89709172259513,24.66367713004569,-1.2666666666666715,半導体,4,1
68450,2024-08-19,2024-08-19,15.730337078652123,-137.20197930724208,-11.246063877642376,-121.64902004956124,2.160702228224176,半導体,0,2
68450,2024-08-20,2024-08-20,-13.39285714285765,2.227171492203972,-17.81737193763955,22.316447221601976,-0.7270323859881023,半導体,1,2
68450,2024-08-21,2024-08-21,15.76576576576505,54.04188245890617,4.503490204907923,44.99437570303799,0.13315579227697327,半導体,2,2
68450,2024-08-22,2024-08-22,-20.156774916013642,-2.246686137946652,-8.986744551786607,4.496402877698369,-1.3962765957446832,半導体,3,2
68450,2024-08-23,2024-08-23,55.80357142857206,272.1238938053094,37.61061946902622,235.89065255732012,-0.8091706001348564,半導体,4,3
68450,2024-08-26,2024-08-26,-93.35879482283093,-55.61497326203258,-10.695187165775666,-44.96788008565345,-1.5635622025832796,半導体,0,0
68450,2024-08-27,2024-08-27,38.5109114249027,2.131287297528761,-31.969309462915874,27.77777777777768,1.4502762430939287,半導体,1,3
68450,2024-08-28,2024-08-28,66.59505907626206,25.6191289496166,-17.07941929974366,32.04443494979614,-0.5445881552076259,半導体,2,3
68450,2024-08-29,2024-08-29,64.21232876712368,55.17826825127248,31.833616298810874,19.031507718334506,1.4373716632443578,半導体,3,3
68450,2024-08-30,2024-08-30,86.29762155335729,-25.015634771732298,-41.6927246195542,10.460251046024993,2.1592442645074206,半導体,4,4
68450,2024-09-02,2024-09-02,-90.7778007014648,60.316139767055965,10.399334442596775,45.6905503634486,,半導体,0,0
68450,2024-09-03,2024-09-03,135.36026655560195,84.55351618890549,-41.24561765312396,122.1279238252948,1.7833553500660404,半導体,1,4
68450,2024-09-04,2024-09-04,141.05263157894842,-89.56467402624457,-49.98958550301968,-37.688442211055715,1.5574302401038187,半導体,2,4
68450,2024-09-05,2024-09-05,143.58108108108115,-108.44629822732044,-68.82168925964494,-37.80718336483968,-0.31948881789137795,半導体,3,4
68450,2024-09-06,2024-09-06,33.89830508474523,-8.447729672650395,-116.15628299894377,111.13485787561439,-1.7948717948717996,半導体,4,3
68450,2024-09-09,2024-09-09,196.46365422396838,27.67134951042971,4.257130693912092,34.07880724174639,0.32637075718016106,半導体,0,4
68450,2024-09-10,2024-09-10,-38.143674507310486,-14.903129657227732,4.258037044921892,-14.903129657227732,-0.8458035133376729,半導体,1,1
68450,2024-09-11,2024-09-11,-160.43909647456167,-165.59139784946274,-103.2258064516134,-58.69565217391348,0.0,半導体,2,0
68450,2024-09-12,2024-09-12,-121.27659574468042,27.963002796300707,-30.114003011399994,56.08283002588532,1.7060367454068137,半導体,3,0
68450,2024-09-13,2024-09-13,-136.09850939727775,92.20636663007653,10.97694840834329,78.93005919754393,1.6774193548387162,半導体,4,0
68450,2024-09-17,2024-09-17,-184.70230334637128,229.98673153471927,-33.17116320212254,264.0337253161751,0.48750761730651515,半導体,1,0
68450,2024-09-18,2024-09-18,-111.51619129315837,54.34782608695565,-39.13043478260825,98.25327510917026,0.0,半導体,2,0
68450,2024-09-19,2024-09-19,-143.6114044350578,-27.83725910064261,17.130620985010836,-44.89097905087669,-1.5767131594906059,半導体,3,0
68450,2024-09-20,2024-09-20,-23.270573302306417,-61.37566137566108,-23.2804232804229,-42.40882103477506,-1.0474430067775709,半導体,4,2
68450,2024-09-24,2024-09-24,-61.026936026935545,-38.151759220008685,-16.956337431114356,-21.23142250530785,-0.3026634382566562,半導体,1,1
68450,2024-09-25,2024-09-25,59.880239520957446,-59.56179536268924,-61.68900233992747,4.281738385785161,0.7893139040680008,半導体,2,3
68450,2024-09-26,2024-09-26,74.29420505200568,208.99303356554765,14.777285201603707,191.78082191780854,-0.48192771084337727,半導体,3,3
68450,2024-09-27,2024-09-27,-231.98011599005807,4.257130693912092,119.19965942954525,-113.588557004628,1.0895883777239712,半導体,4,0
68450,2024-09-30,2024-09-30,-13.077593722754521,135.37117903930084,122.27074235807933,12.942191544433879,1.556886227544907,半導体,0,2
68450,2024-10-01,2024-10-01,137.87160706592027,29.787234042553123,4.255319148935843,25.52105487026779,1.0613207547169878,半導体,1,4
68450,2024-10-02,2024-10-02,21.25850340136015,25.391451544647392,46.55099449851985,-25.2631578947371,0.7584597432905404,半導体,2,2
68450,2024-10-03,2024-10-03,-107.0399341292716,-220.28262676641708,-141.31338320864552,-75.91733445803439,-0.8685581933989606,半導体,3,0
68450,2024-10-04,2024-10-04,206.5767284991571,-37.15937241948852,-16.515276630884035,-20.678246484697738,-0.6425233644859807,半導体,4,4
68450,2024-10-07,2024-10-07,-12.2149837133545,-8.130081300813385,-40.650406504064705,36.74969375255132,0.29394473838917357,半導体,0,2
68450,2024-10-08,2024-10-08,158.33333333333366,0.0,-57.5421290587752,57.87515502273743,-1.348182883939042,半導体,1,4
68450,2024-10-09,2024-10-09,73.64975450081745,24.410089503661414,40.6834825061031,-12.16051884880387,0.11883541295305555,半導体,2,3
68450,2024-10-10,2024-10-10,-92.03681472588987,-44.552450384771625,-64.80356419603095,16.299918500406463,-0.7121661721068206,半導体,3,0
68450,2024-10-11,2024-10-11,-44.95300367797328,12.295081967212962,20.49180327868827,-4.091653027823439,-0.4184100418409997,半導体,4,1
68450,2024-10-15,2024-10-15,-44.71544715447195,-61.34969325153339,0.0,-65.41291905151292,-1.5328019619865074,半導体,1,1
68450,2024-10-16,2024-10-16,312.1098626716612,-68.54838709677402,-28.22580645161277,-36.407766990291805,0.7471980074719831,半導体,2,4
68450,2024-10-17,2024-10-17,-36.086607858861754,-64.25702811244993,-8.032128514056103,-56.2700964630225,0.5562422744128659,半導体,3,1
68450,2024-10-18,2024-10-18,-140.78841512469853,-57.259713701431906,-65.43967280163598,8.233841086866533,-0.6760909649661917,半導体,4,0
68450,2024-10-21,2024-10-21,123.30456226880449,0.0,49.09983633387904,-48.859934853420214,1.3613861386138515,半導体,0,4
68450,2024-10-22,2024-10-22,-135.35684987694862,-45.73804573804519,4.158004158003603,-49.87531172069848,1.7094017094017033,半導体,1,0
68450,2024-10-23,2024-10-23,-33.61344537815114,-16.92763436309752,-4.231908590774935,-12.701100762065876,0.6002400960384069,半導体,2,1
68450,2024-10-24,2024-10-24,86.20689655172376,12.776831345826523,-21.29471890971013,42.71678769756537,0.5966587112171906,半導体,3,4
68450,2024-10-25,2024-10-25,-136.40238704177298,64.68305304010435,-8.624407072014284,77.72020725388629,-1.3641755634638209,半導体,4,0
68450,2024-10-28,2024-10-28,143.10494362532512,25.542784163474774,25.542784163474774,0.0,-1.3229104028863459,半導体,0,4
68450,2024-10-29,2024-10-29,-12.782275244993535,38.36317135549771,12.787723785165905,29.81260647359374,0.8531383302864182,半導体,1,2
68450,2024-10-30,2024-10-30,-25.46689303904892,-46.55099449851874,-33.85526872619504,-8.49617672047609,-0.5438066465256797,半導体,2,2
68450,2024-10-31,2024-10-31,157.0458404074704,41.806020066890156,-54.347826086956765,92.43697478991564,-0.060753341433783525,半導体,3,4
68450,2024-11-01,2024-11-01,128.04097311139628,-29.573299535277098,-33.79805661174462,4.239084357777756,0.8510638297872353,半導体,4,4
68450,2024-11-05,2024-11-05,204.51640391989878,-145.46965918536992,-62.34413965087282,-79.49790794979039,0.540540540540535,半導体,1,4
68450,2024-11-06,2024-11-06,88.57022353437438,-136.42000826787904,-62.009094667218044,-83.1255195344971,1.9115890083632125,半導体,2,4
68450,2024-11-07,2024-11-07,66.14303431169866,8.186655751125649,32.746623004502595,-24.47980416156681,0.4103165298944944,半導体,3,3
68450,2024-11-08,2024-11-08,-88.88888888888835,127.62453684643793,57.636887608070175,73.71007371007377,0.7005253940455258,半導体,4,1
68450,2024-11-11,2024-11-11,-212.4430955993928,-100.38610038610062,-92.66409266409315,-3.8986354775827348,-0.40579710144927894,半導体,0,0
68450,2024-11-12,2024-11-12,-30.76923076923088,-85.40372670807427,-77.6397515527949,-11.732499022292231,-0.11641443538998875,半導体,1,1
68450,2024-11-13,2024-11-13,-272.2967640094709,20.30869212022779,-60.92607636068226,77.61437908496704,-0.6993006993006978,半導体,2,0
68450,2024-11-14,2024-11-14,24.193548387096975,32.297133629390906,121.11425111021478,-83.79888268156388,-1.7018779342723,半導体,3,3
68450,2024-11-15,2024-11-15,11.990407673860837,-39.85651654045408,-55.79912315663571,16.032064128257417,1.2537313432835928,半導体,4,2
68450,2024-11-18,2024-11-18,-40.485829959514554,8.136696501219731,16.273393002441683,-4.06338886631441,1.2382075471698117,半導体,0,1
68450,2024-11-19,2024-11-19,-52.35602094240788,-431.97416229309613,-72.66855066612843,-361.93574623830773,-0.4659289458357585,半導体,1,1
68450,2024-11-20,2024-11-20,-170.94017094017144,74.34944237918239,33.0441966129702,41.169205434334884,0.702165008777067,半導体,2,0
68450,2024-11-21,2024-11-21,32.69309358397976,-61.24948958758702,-61.24948958758702,-8.210180623974273,-0.755374782103424,半導体,3,3
68450,2024-11-22,2024-11-22,94.03107113654885,28.432168968317573,-32.493907392363575,57.026476578412314,-0.23419203747072626,半導体,4,4
68450,2024-11-25,2024-11-25,-16.044925792217946,8.061265618701796,-16.1225312374047,20.177562550443007,-0.17605633802817433,半導体,0,2
68450,2024-11-26,2024-11-26,-121.55591572123203,45.193097781430765,0.0,45.193097781430765,-1.3521457965902428,半導体,1,0
68450,2024-11-27,2024-11-27,-177.10049423393716,67.0016750418756,46.063651591290444,16.66666666666705,-1.0727056019070313,半導体,2,0
68450,2024-11-28,2024-11-28,-12.396694214875659,37.1900826446292,24.793388429751317,12.366034624897715,,半導体,3,2
68450,2024-11-29,2024-11-29,-95.08061182306737,-58.091286307053736,-8.298755186721962,-49.83388704318914,1.9879518072289049,半導体,4,0
68450,2024-12-02,2024-12-02,91.47609147609037,74.16563658838137,152.4515863205611,-77.11038961038975,0.4725339633786074,半導体,0,4
68450,2024-12-03,2024-12-03,-8.130081300813385,48.74086108854536,109.66693744922873,-60.265166733628476,-0.4115226337448541,半導体,1,2
68450,2024-12-04,2024-12-04,-174.6547522339559,112.03319502074649,103.73443983402453,8.21355236139576,-0.2951593860684776,半導体,2,0
68450,2024-12-05,2024-12-05,-81.76614881439059,-24.67105263157854,-53.45394736842146,28.937577511367607,0.82889283599763,半導体,3,1
68450,2024-12-06,2024-12-06,-32.98969072164981,49.79253112033177,16.597510373443924,33.14001657000798,1.2918379330593144,半導体,4,1
68450,2024-12-09,2024-12-09,107.70505385252704,-32.80032800327959,-4.100041000409949,-28.712059064807114,0.521739130434784,半導体,0,4
68450,2024-12-10,2024-12-10,-166.6666666666672,45.4357703428343,0.0,45.4357703428343,1.6147635524798254,半導体,1,0
68450,2024-12-11,2024-12-11,-78.51239669421473,99.9583506872126,4.164931278634043,91.55222638368654,-0.2270147559591429,半導体,2,1
68450,2024-12-12,2024-12-12,57.18954248365993,28.34008097166052,4.048582995952454,24.28166734115722,-1.5358361774744034,半導体,3,3
68450,2024-12-13,2024-12-13,12.300123001229846,138.8888888888884,73.52941176470563,64.88240064882467,-0.17331022530329143,半導体,4,2
68450,2024-12-16,2024-12-16,-32.31017770597755,-12.16051884880387,-20.267531414673854,8.123476848092004,3.009259259259256,半導体,0,1
68450,2024-12-17,2024-12-17,-56.818181818182325,28.455284552846294,81.30081300812941,-48.406615570795175,-0.3370786516853963,半導体,1,1
68450,2024-12-18,2024-12-18,93.49593495934894,-12.135922330097637,16.181229773462036,-32.297133629390906,-1.3528748590755368,半導体,2,4
68450,2024-12-19,2024-12-19,225.94142259414252,-65.14657980456029,-40.71661237785018,-24.52984464431762,0.6857142857142895,半導体,3,4
68450,2024-12-20,2024-12-20,-23.980815347721673,-23.990403838464182,-31.987205117952612,8.022462896108973,1.2485811577752637,半導体,4,2
68450,2024-12-23,2024-12-23,19.88071570576455,27.733755942946914,7.923930269413404,19.794140934283888,0.39237668161435924,半導体,0,2
68450,2024-12-24,2024-12-24,-225.1184834123221,-8.064516129032695,-4.032258064515792,-8.064516129032695,0.16750418760469454,半導体,1,0
68450,2024-12-25,2024-12-25,-52.37711522965371,44.67912266449936,0.0,44.67912266449936,,半導体,2,1
68450,2024-12-26,2024-12-26,-28.259991925716488,16.148566814695453,4.037141703674418,12.10653753026536,1.17056856187292,半導体,3,1
68450,2024-12-27,2024-12-27,12.048192771083599,-31.999999999999808,0.0,-35.985605757696824,0.0,半導体,4,2
68450,2024-12-30,2024-12-30,-226.46007151370662,-4.078303425775198,53.01794453507425,-56.79513184584151,-0.22038567493113392,半導体,0,0
68450,2025-01-06,2025-01-06,16.3198694410438,32.70645952575535,24.529844644316512,8.156606851550396,1.2749445676274895,半導体,0,2
68450,2025-01-07,2025-01-07,28.58309514087276,93.91588403429907,73.49938750510488,24.330900243310083,0.21893814997262506,半導体,1,3
68450,2025-01-08,2025-01-08,28.62985685071484,32.69309358397976,12.25991009399241,24.499795835035698,-0.8192244675040983,半導体,2,3
68450,2025-01-09,2025-01-09,-57.377049180328264,-12.401818933444053,-57.87515502273632,41.56275976724855,0.6057268722466924,半導体,3,1
68450,2025-01-10,2025-01-10,58.2120582120571,-41.49377593360981,45.64315352697079,-86.74101610904539,3.1198686371100237,半導体,4,3
68450,2025-01-14,2025-01-14,-223.15789473684177,56.03448275862011,4.310344827587187,47.37295434969813,-0.26274303730950965,半導体,1,0
68450,2025-01-15,2025-01-15,-12.864493996569415,-60.16330038676409,-47.27116458960068,-12.953367875647714,0.8956796628029506,半導体,2,2
68450,2025-01-16,2025-01-16,43.15925766076756,-8.55431993156519,12.831479897348341,-21.358393848782686,-0.8877284595300239,半導体,3,3
68450,2025-01-17,2025-01-17,17.353579175705125,56.52173913043512,65.21739130434855,-8.639308855291628,2.16016859852477,半導体,4,2
68450,2025-01-20,2025-01-20,29.876227059326688,-17.05756929637481,4.264392324093702,-21.31287297527762,,半導体,0,3
68450,2025-01-21,2025-01-21,-105.04201680672232,76.33587786259443,0.0,76.33587786259443,0.979886539453334,半導体,1,0
68450,2025-01-22,2025-01-22,-20.833333333333258,-79.16666666666683,-29.166666666666785,-50.14625992478039,-1.0725229826353377,半導体,2,2
68450,2025-01-23,2025-01-23,-25.22068095838548,42.034468263976166,21.017234131988083,20.97315436241587,1.032524522457412,半導体,3,2
68450,2025-01-24,2025-01-24,41.753653444676075,-82.91873963515717,-87.06467661691586,0.0,-0.7153806847215116,半導体,4,3
68450,2025-01-27,2025-01-27,-54.14410662224034,-112.87625418060165,-8.361204013378476,-100.46044370029317,-0.7205352547606791,半導体,0,1
68450,2025-01-28,2025-01-28,111.49228130360234,-101.78117048346036,-89.05852417302795,-12.836970474967568,0.6220839813374734,半導体,1,4
68450,2025-01-29,2025-01-29,111.11111111111072,-4.224757076468633,29.573299535277098,-37.894736842105644,2.266872746007209,半導体,2,4
68450,2025-01-30,2025-01-30,102.60795211628925,25.38071065989911,42.30118443316444,-16.849199663016012,-1.2594458438287104,半導体,3,4
68450,2025-01-31,2025-01-31,-55.13146734520746,21.32196162046851,17.05756929637481,8.517887563883608,-1.479591836734695,半導体,4,1
68450,2025-02-03,2025-02-03,21.72024326672517,4.347826086956719,21.739130434783593,-17.353579175705125,1.0875194199896354,半導体,0,2
68450,2025-02-04,2025-02-04,-144.00677678949592,-77.6866637893825,21.57962883038378,-103.3146792940165,1.2295081967213184,半導体,1,0
68450,2025-02-05,2025-02-05,48.39419269687673,0.0,-21.82453077258839,17.490161783997316,-0.15182186234817818,半導体,2,3
68450,2025-02-06,2025-02-06,-25.684931506849694,-72.24819379515468,-38.24904377390581,-34.129692832765016,0.4561581348200727,半導体,3,2
68450,2025-02-07,2025-02-07,75.63025210084007,-54.461667364893444,-8.37871805613788,-46.12159329140497,-1.6145307769929396,半導体,4,3
68450,2025-02-10,2025-02-10,46.53130287648022,29.44888514934796,12.620950778292617,12.599748005039935,0.8717948717948731,半導体,0,3
68450,2025-02-12,2025-02-12,-191.66666666666666,59.52380952380931,55.27210884353817,4.2283298097256505,1.499482936918306,半導体,2,0
68450,2025-02-13,2025-02-13,-20.842017507294308,8.354218880535225,12.531328320801727,-4.171881518565401,0.5094243504839557,半導体,3,2
68450,2025-02-14,2025-02-14,-25.188916876573984,-42.176296921130344,-42.176296921130344,4.237288135593431,0.6588950836289964,半導体,4,2
68450,2025-02-17,2025-02-17,58.997050147493454,16.715419974926427,4.178854993732717,16.715419974926427,,半導体,0,3
68450,2025-02-18,2025-02-18,-50.125313283208015,-125.47051442910906,-58.55290673358438,-63.13131313131271,1.1077542799597273,半導体,1,1
68450,2025-02-19,2025-02-19,-8.445945945946276,46.68930390492321,67.9117147707986,-21.07925801011823,-0.8466135458167323,半導体,2,2
68450,2025-02-20,2025-02-20,-88.3095037846926,4.239084357777756,12.717253073335488,-4.235493434985305,-0.050226017076848706,半導体,3,1
68450,2025-02-21,2025-02-21,-12.82599401453588,0.0,-8.55431993156519,8.561643835616195,-1.4070351758794009,半導体,4,2
68450,2025-02-25,2025-02-25,-81.89655172413768,56.472632493484994,69.50477845351966,-12.942191544434989,-0.46607975142413105,半導体,1,1
68450,2025-02-26,2025-02-26,-99.1379310344831,-56.325823223569714,-12.998266897746857,-47.701647875108,-0.3121748178980255,半導体,2,0
68450,2025-02-27,2025-02-27,231.6602316602312,50.293378038557265,46.102263202012495,4.171881518564291,-3.131524008350728,半導体,3,4
68450,2025-02-28,2025-02-28,-329.3918918918914,21.91060473269113,-30.674846625766694,52.74725274725167,-2.370689655172409,半導体,4,0
68450,2025-03-03,2025-03-03,8.760402978535975,0.0,30.567685589519833,-26.13240418118501,-2.759381898454749,半導体,0,2
68450,2025-03-04,2025-03-04,-22.084805653710404,-17.69911504424737,-48.672566371681384,26.66666666666595,-0.7945516458569779,半導体,1,2
68450,2025-03-05,2025-03-05,17.667844522968323,-21.96836555360293,26.36203866432263,-52.56241787122251,0.97254004576659,半導体,2,2
68450,2025-03-06,2025-03-06,13.100436681223737,-34.90401396160525,-26.17801047120394,-8.748906386701893,1.8130311614730887,半導体,3,2
68450,2025-03-07,2025-03-07,105.72687224669642,26.21231979030192,-4.36871996504995,21.834061135370675,1.3912075681691727,半導体,4,4
68450,2025-03-10,2025-03-10,-26.14379084967311,-122.43113248797566,-65.5881066899866,-57.21830985915499,0.5488474204171201,半導体,0,2
68450,2025-03-11,2025-03-11,35.74620196604039,89.16629514043706,-8.91662951404415,98.17045961624248,0.4366812227074135,半導体,1,3
68450,2025-03-12,2025-03-12,429.07180385288956,-138.8888888888884,-63.13131313131271,-76.23888182973326,-2.336956521739131,半導体,2,4
68450,2025-03-13,2025-03-13,37.68844221105461,24.999999999999467,-4.166666666666208,29.17882451021203,1.2799109627156469,半導体,3,3
68450,2025-03-14,2025-03-14,-16.604400166043696,45.586406962287995,8.288437629506706,33.11258278145601,-2.5824175824175843,半導体,4,2
68450,2025-03-17,2025-03-17,16.501650165017256,-37.09810387469092,16.488046166529546,-57.589469354175634,3.891708967851093,半導体,0,2
68450,2025-03-18,2025-03-18,-16.47446457990087,-24.793388429752426,4.132231404958553,-24.793388429752426,-0.5971769815418027,半導体,1,2
68450,2025-03-19,2025-03-19,54.03158769742289,-91.09730848861241,-62.11180124223614,-29.166666666666785,0.928454396504641,半導体,2,3
68450,2025-03-21,2025-03-21,103.60547036883494,41.15226337448652,57.613168724279795,-12.279983626688473,-1.0154997327632254,半導体,4,4
68450,2025-03-24,2025-03-24,-115.7024793388428,-25.15723270440251,-29.35010482180256,8.413967185527671,0.3239740820734305,半導体,0,0
68450,2025-03-25,2025-03-25,45.83333333333384,20.746887966804906,-16.597510373443924,37.406483790523026,-1.2917115177610294,半導体,1,3
68450,2025-03-26,2025-03-26,4.145936981758691,-8.257638315442017,-12.386457473162471,4.133939644481721,-1.526717557251911,半導体,2,2
68450,2025-03-27,2025-03-27,155.13626834381623,99.42004971002393,53.85252692626352,45.32344458178849,-0.33222591362126463,半導体,3,4
68450,2025-03-28,2025-03-28,-45.66210045662156,45.738045738046296,0.0,49.91680532445919,0.6666666666666599,半導体,4,1
68450,2025-03-31,2025-03-31,-73.1497418244409,0.0,0.0,0.0,1.0485651214128033,半導体,0,1
68450,2025-04-01,2025-04-01,-141.0859341598969,-155.64202334630295,-168.61219195849597,13.192612137202797,0.5461496450027248,半導体,1,0
68450,2025-04-02,2025-04-02,-113.09264897781613,-21.997360316762247,-4.399472063352228,-21.997360316762247,-0.5975013579576305,半導体,2,0
68450,2025-04-03,2025-04-03,13.544018058690988,58.584948174853494,-27.03920684993255,76.74943566591486,0.21857923497268228,半導体,3,2
68450,2025-04-04,2025-04-04,-62.86484059272568,-31.61698283649539,-94.85094850948505,59.252506836828815,0.4362050163576825,半導体,4,1
68450,2025-04-07,2025-04-07,333.3333333333344,-180.52256532066545,-161.52019002375283,-24.131274131273805,0.8686210640608039,半導体,0,4
68450,2025-04-08,2025-04-08,173.87218045112672,4.644681839294229,-46.446818392940074,56.022408963585235,0.9687836383207804,半導体,1,4
68450,2025-04-09,2025-04-09,37.07136237256714,-27.726432532347857,-203.32717190388206,174.44601603017418,0.9594882729211163,半導体,2,3
68450,2025-04-10,2025-04-10,31.138790035587505,191.96428571428558,133.92857142857207,57.26872246696102,1.9007391763463666,半導体,3,3
68450,2025-04-11,2025-04-11,54.029716343988454,53.23868677906019,-35.49245785270605,89.04719501335646,1.4507772020725396,半導体,4,3
68450,2025-04-14,2025-04-14,162.4945103205966,-43.25259515570945,0.0,-47.557284911370346,-1.0725229826353377,半導体,0,4
68450,2025-04-15,2025-04-15,-26.07561929595881,21.739130434783593,-8.695652173913437,39.198606271777514,-0.722767165720184,半導体,1,2
68450,2025-04-16,2025-04-16,-107.34220695577501,52.08333333333259,17.361111111111605,39.01170351105377,0.6240249609984483,半導体,2,0
68450,2025-04-17,2025-04-17,43.10344827586299,47.1900471900466,-4.290004290004035,55.81794761700287,-0.2583979328165342,半導体,3,3
68450,2025-04-18,2025-04-18,34.27592116538092,8.528784648187404,-29.850746268657026,38.49443969204502,,半導体,4,3
68450,2025-04-21,2025-04-21,-21.60760587726851,108.64841373315892,99.95654063450709,8.60585197934638,-0.10362694300518616,半導体,0,2
68450,2025-04-22,2025-04-22,-55.793991416308586,0.0,4.325259515571833,-4.323389537397304,-1.4522821576763434,半導体,1,1
68450,2025-04-23,2025-04-23,-84.35259384226069,4.24628450106157,8.49256900212314,-8.481764206954567,-0.6315789473684164,半導体,2,1
68450,2025-04-24,2025-04-24,-33.61344537815114,-80.23648648648685,-33.783783783783996,-46.610169491525525,1.0063559322033955,半導体,3,1
68450,2025-04-25,2025-04-25,50.39899202015974,-16.66666666666705,4.166666666667318,-16.66666666666705,0.10487676979549221,半導体,4,3
68450,2025-04-28,2025-04-28,-12.47401247401192,-20.81598667776907,-24.979184013321778,4.173622704508606,-0.41906757464641453,半導体,0,2
68450,2025-04-30,2025-04-30,103.09278350515427,85.95988538681931,53.213262382316714,28.49002849002913,1.2466124661246525,半導体,2,4
68450,2025-05-01,2025-05-01,32.38866396761075,64.51612903225711,12.096774193548487,52.35602094240788,-0.6959314775160652,半導体,3,3
68450,2025-05-02,2025-05-02,-59.35892362485151,111.68727562824054,51.85480654168239,55.53351844506116,-0.6469002695417836,半導体,4,1
68450,2025-05-07,2025-05-07,-93.93346379647727,-19.84126984126977,47.61904761904745,-67.14060031595581,-1.3392857142857095,半導体,2,0
68450,2025-05-08,2025-05-08,-35.657686212361426,-19.84126984126977,-55.55555555555536,39.92015968063978,-0.39592760180995334,半導体,3,1
68450,2025-05-09,2025-05-09,123.30946698488444,-11.79245283018826,11.79245283018826,-19.638648860957897,0.5110732538330387,半導体,4,4
68450,2025-05-12,2025-05-12,19.646365422396617,74.7149036570982,62.91781360597825,11.723329425556983,-0.5649717514124242,半導体,0,2
68450,2025-05-13,2025-05-13,-184.75750577367168,179.92802878848525,167.9328268692526,7.861635220125507,-1.2499999999999956,半導体,1,0
68450,2025-05-14,2025-05-14,-114.12829594647734,-31.758634378721283,0.0,-31.758634378721283,0.9205983889528202,半導体,2,0
68450,2025-05-15,2025-05-15,83.26724821570153,-7.8678206136895135,-15.735641227380137,3.938558487592836,2.2234891676168766,半導体,3,4
68450,2025-05-16,2025-05-16,-106.04870384917531,39.635354736424766,-11.890606420927874,51.587301587301404,-1.171221416620194,半導体,4,0
68450,2025-05-19,2025-05-19,62.94256490952055,-3.9093041438620357,-11.727912431587217,7.827788649705791,0.9029345372460584,半導体,0,3
68450,2025-05-20,2025-05-20,132.81249999999912,-130.71895424836555,-19.22337562475951,-111.71032357473077,1.6778523489932917,半導体,1,4
68450,2025-05-21,2025-05-21,-246.67188723570877,-28.180354267310914,44.28341384863144,-68.16359262229344,1.2101210121012063,半導体,2,0
68450,2025-05-22,2025-05-22,68.52075775896749,8.01924619085792,8.01924619085792,0.0,0.5978260869565322,半導体,3,3
68450,2025-05-23,2025-05-23,8.032128514057213,-32.10272873194198,-4.012841091493025,-24.096385542168306,-0.8103727714748765,半導体,4,2
68450,2025-05-26,2025-05-26,-4.001600640256564,64.15396952686558,40.0962309542896,23.961661341853624,,半導体,0,2
68450,2025-05-27,2025-05-27,56.0672807368845,3.990422984836428,3.990422984836428,3.990422984836428,-0.16339869281045694,半導体,1,3
68450,2025-05-28,2025-05-28,43.789808917198414,-11.885895404120106,31.695721077653616,-43.44391785150115,-1.6366612111292977,半導体,2,3
68450,2025-05-29,2025-05-29,31.758634378722395,-11.871784724970524,0.0,-11.871784724970524,-0.8319467554076532,半導体,3,3
68450,2025-05-30,2025-05-30,156.00000000000057,82.93838862559299,31.595576619274368,51.18110236220552,-0.7829977628635354,半導体,4,4
68450,2025-06-02,2025-06-02,59.00865460267468,-11.732499022292231,-27.375831052014465,19.61553550411832,-1.183765501691092,半導体,0,3
68450,2025-06-03,2025-06-03,-7.9020150138287,11.867088607595555,27.68987341772222,-15.779092702169484,0.0,半導体,1,2
68450,2025-06-04,2025-06-04,110.4536489151875,-50.58365758754846,35.01945525291816,-89.1472868217058,-0.057045065601823985,半導体,2,4
68450,2025-06-05,2025-06-05,-90.01956947162438,3.965107057890549,-19.825535289452745,19.857029388403724,0.05707762557076723,半導体,3,0
68450,2025-06-06,2025-06-06,43.40962904498813,-82.54716981132115,-58.962264150943525,-23.724792408066353,0.855675984027382,半導体,4,3
68450,2025-06-09,2025-06-09,23.538642604943316,-15.710919088767206,31.42183817753441,-46.98512137823019,-2.0361990950226283,半導体,0,2
68450,2025-06-10,2025-06-10,47.16981132075526,-90.16072128577024,-35.28028224225821,-55.07474429582992,1.385681293302543,半導体,1,3
68450,2025-06-11,2025-06-11,27.591643673630095,102.52365930599305,11.829652996846463,86.61417322834541,-0.5694760820045608,半導体,2,3
68450,2025-06-12,2025-06-12,-77.88161993769415,-31.372549019608176,-39.215686274509665,7.874015748030594,0.45819014891179677,半導体,3,1
68450,2025-06-13,2025-06-13,11.815675462780728,119.00039666798978,111.06703689012232,3.9215686274518546,1.425313568985187,半導体,4,2
68450,2025-06-16,2025-06-16,-3.9016777214206932,27.343749999999556,39.0625,-15.55814858031912,-2.360876897133224,半導体,0,2
68450,2025-06-17,2025-06-17,-74.30582714118117,-23.52941176470558,-47.058823529412265,23.640661938533203,-0.8059873344847479,半導体,1,1
68450,2025-06-18,2025-06-18,83.26724821570153,31.38485680659109,-7.846214201647772,39.26187671770664,0.4643064422518828,半導体,2,4
68450,2025-06-19,2025-06-19,-100.1540832049308,85.76998050682238,46.78362573099504,42.7018633540377,,半導体,3,0
68450,2025-06-20,2025-06-20,172.21135029354295,30.79291762894565,0.0,26.933435936897787,-0.8665511265164683,半導体,4,4
68450,2025-06-23,2025-06-23,-38.4319754035356,65.51059730250498,42.389210019266876,23.0237912509601,-2.447552447552448,半導体,0,1
68450,2025-06-24,2025-06-24,-94.58948164964065,-49.58047292143441,-15.255530129671957,-34.37738731856377,-0.8363201911589013,半導体,1,0
68450,2025-06-25,2025-06-25,-23.041474654378334,138.35511145272815,96.07993850883956,41.872858774267826,-1.0843373493975905,半導体,2,2
68450,2025-06-26,2025-06-26,53.03030303030365,41.50943396226347,7.547169811321641,26.375282592312477,-0.3654080389768555,半導体,3,3
68450,2025-06-27,2025-06-27,-48.489369638194944,63.694267515923556,11.2401648557503,52.395209580837765,2.0782396088019572,半導体,4,1
68450,2025-06-30,2025-06-30,102.0036429872495,-75.949367088608,-32.54972875226025,-39.927404718693715,0.8383233532934131,半導体,0,4
68450,2025-07-01,2025-07-01,76.64233576642366,14.477017734346731,21.715526601520097,-7.222824124232252,-0.23752969121140222,半導体,1,4
68450,2025-07-02,2025-07-02,54.924935920908084,36.40334910811838,0.0,32.75109170305601,2.440476190476182,半導体,2,3
68450,2025-07-03,2025-07-03,-228.26086956521775,77.69145394006749,25.89715131335657,51.660516605165355,0.6391632771644451,半導体,3,0
68450,2025-07-04,2025-07-04,-40.30780505679732,-33.222591362126465,-22.14839424141801,-11.098779134295356,,半導体,4,1
68450,2025-07-07,2025-07-07,-3.7369207772797175,22.46349681767068,48.67090977162203,-26.08047690014881,-2.944572748267893,半導体,0,2
68450,2025-07-08,2025-07-08,-89.6525961897643,60.30908405578516,45.23181304183943,11.252813203301848,-1.903628792385481,半導体,1,0
68450,2025-07-09,2025-07-09,41.04477611940327,48.2733011511316,25.993316004455647,22.222222222221255,0.363856882959368,半導体,2,3
68450,2025-07-10,2025-07-10,-36.77822728944457,25.830258302583786,-3.6900369003689537,25.830258302583786,-1.3293051359516639,半導体,3,1
68450,2025-07-11,2025-07-11,-58.6080586080584,40.456050018389256,40.456050018389256,0.0,0.3674219228414044,半導体,4,1
68450,2025-07-14,2025-07-14,-7.296607077709183,40.23408924652472,47.54937820043992,-3.6416605972322547,0.7321537522879895,半導体,0,2
68450,2025-07-15,2025-07-15,7.241129616220032,18.096272167933414,-3.6192544335866828,21.723388848660097,-2.9073288915808626,半導体,1,2
68450,2025-07-16,2025-07-16,61.261261261260636,7.147962830593713,10.721944245890569,-3.57015351660106,1.3724266999376233,半導体,2,3
68450,2025-07-17,2025-07-17,97.4729241877248,93.15657470440719,35.82945180938823,60.714285714285054,-1.1076923076923095,半導体,3,4
68450,2025-07-18,2025-07-18,-49.33051444679371,77.95889440113335,31.89227498228142,45.92016955139444,1.8046048537647685,半導体,4,1
68450,2025-07-22,2025-07-22,-21.149101163200346,-95.60906515580724,-38.95184135977337,-56.87877710629174,-1.2376237623762387,半導体,1,2
68450,2025-07-23,2025-07-23,39.1598433606255,-35.37318712416027,-56.59709939865532,21.34471718249653,0.0,半導体,2,3
68450,2025-07-24,2025-07-24,95.74468085106425,-24.561403508771562,-45.614035087718776,21.149101163200346,0.6892230576441172,半導体,3,4
68450,2025-07-25,2025-07-25,-3.4965034965039887,-31.46853146853146,-17.48251748251772,-14.010507880910517,-0.5600497822028649,半導体,4,2
68450,2025-07-28,2025-07-28,-31.402651779484092,-14.040014040014315,-3.510003510003301,-10.53370786516905,-1.689612015018771,半導体,0,1
68450,2025-07-29,2025-07-29,-42.523033309709305,-35.47357218871894,-14.189428875487353,-17.768301350390423,-0.8911521323997418,半導体,1,1
68450,2025-07-30,2025-07-30,46.39543183440509,53.28596802841812,21.31438721136858,31.903580290677525,0.6422607578676853,半導体,2,3
68450,2025-07-31,2025-07-31,-17.48251748251772,-7.012622720897754,7.012622720896644,-10.51524710830698,0.574345883854499,半導体,3,2
68450,2025-08-01,2025-08-01,87.99718409010949,-59.1715976331364,-20.88409328228291,-38.36763167073598,-1.07868020304569,半導体,4,4
68450,2025-08-04,2025-08-04,198.6520042568296,97.3236009732359,24.330900243310083,72.81553398058361,-0.7055805003207238,半導体,0,4
68450,2025-08-05,2025-08-05,-10.25290498974707,47.91238877481119,-3.422313483915085,51.35227661759778,-1.6149870801033583,半導体,1,2
68450,2025-08-06,2025-08-06,474.34996486296563,-30.191211003018914,-83.86447500838612,54.12719891745521,-0.13131976362442677,半導体,2,4
68450,2025-08-07,2025-08-07,70.99391480730245,6.720430107527431,16.801075268817467,-13.413816230717357,1.183431952662728,半導体,3,3
68450,2025-08-08,2025-08-08,-9.973404255319007,-56.5912117177092,3.328894806924332,-63.20691949434409,-0.3898635477582846,半導体,4,2
68450,2025-08-12,2025-08-12,-43.56568364611291,-73.9247311827962,33.602150537634934,-107.16677829872734,-3.57142857142857,半導体,1,1
68450,2025-08-13,2025-08-13,141.8918918918921,-56.5912117177092,-19.973368841544882,-36.691127418279066,0.40404040404040664,半導体,2,4
68450,2025-08-14,2025-08-14,-77.93968146391106,17.064846416381396,30.716723549488734,-13.610071452875294,1.0731052984574108,半導体,3,1
68450,2025-08-15,2025-08-15,-149.60897653859217,51.741979993100706,13.797861331492633,37.891836031691554,1.9907100199070937,半導体,4,0
68450,2025-08-18,2025-08-18,158.07560137456989,-47.265361242403436,-16.88048615800186,-27.063599458727605,-0.3253090435914152,半導体,0,4
68450,2025-08-19,2025-08-19,-27.05444707473803,47.48982360922582,57.666214382632305,-10.118043844856706,-0.9791122715404721,半導体,1,2
68450,2025-08-20,2025-08-20,50.847457627118956,23.632680621201718,-3.3760972315999283,27.01789935832588,0.19775873434411118,半導体,2,3
68450,2025-08-21,2025-08-21,16.846361185984815,-6.729475100941684,-16.82368775235532,13.486176668915384,2.1710526315789513,半導体,3,2
68450,2025-08-22,2025-08-22,30.415680973301384,-30.323450134770447,0.0,-33.68137420006745,0.0,半導体,4,3
68450,2025-08-25,2025-08-25,10.046885465506694,-157.45393634840843,-93.80234505862673,-67.61325219743041,0.3219575016097931,半導体,0,2
68450,2025-08-26,2025-08-26,81.63265306122547,40.62288422477911,91.40148950575578,-46.97986577181234,-0.6418485237484006,半導体,1,4
68450,2025-08-27,2025-08-27,-57.58807588075898,54.421768707482165,44.217687074830096,10.159160176093085,-1.0981912144702788,半導体,2,1
68450,2025-08-28,2025-08-28,23.616734143050433,255.54808338937417,33.6247478143914,221.17962466488007,1.1757021554539504,半導体,3,2
68450,2025-08-29,2025-08-29,-66.5778961384822,-63.694267515923556,6.70465973851897,-73.67716008037539,2.840542285345382,半導体,4,1
68450,2025-09-01,2025-09-01,-121.99254490003364,51.45797598627766,-10.291595197255976,61.81318681318659,,半導体,0,0
68450,2025-09-02,2025-09-02,-27.238678924071948,6.811989100816707,-27.24795640327016,30.72721065209949,1.381042059008153,半導体,1,1
68450,2025-09-03,2025-09-03,-27.37850787132068,-30.85361672951703,-13.712718546451397,-17.164435290079048,-1.3622291021671784,半導体,2,1
68450,2025-09-04,2025-09-04,61.91950464396356,54.813292223363504,44.53579993148438,6.818956699625733,0.5021971123666091,半導体,3,3
68450,2025-09-05,2025-09-05,6.802721088434716,40.774719673801755,3.397893306149591,37.36413043478271,-0.7495315427857641,半導体,4,2
68450,2025-09-08,2025-09-08,-23.728813559321658,0.0,-6.798096532970588,3.400204012240504,1.636249213341734,半導体,0,2
68450,2025-09-09,2025-09-09,-13.619339462036528,-23.956194387405596,13.68925393566034,-37.59398496240629,-0.6811145510835948,半導体,1,2
68450,2025-09-10,2025-09-10,41.222947440742175,58.179329226557556,13.68925393566034,40.997608472839175,-0.5610972568578565,半導体,2,3
68450,2025-09-11,2025-09-11,-98.94234049812378,27.56719503790528,-3.44589937973816,27.56719503790528,-0.4388714733542298,半導体,3,0
68450,2025-09-12,2025-09-12,3.401360544217358,-6.784260515604323,10.176390773406485,-16.94340901389313,0.37783375314861534,半導体,4,2
68450,2025-09-16,2025-09-16,33.78378378378288,-26.872690628149122,-3.3590863285182238,-20.16806722689113,1.2389380530973382,半導体,1,3
68450,2025-09-17,2025-09-17,-84.71704506946787,27.38788086271926,20.54091064703778,6.832934745473196,-0.4662004662004615,半導体,2,1
68450,2025-09-18,2025-09-18,78.74015748031482,-3.3967391304345895,13.586956521738358,-20.345879959308142,-0.5854800936768156,半導体,3,4
68450,2025-09-19,2025-09-19,10.094212651412526,-26.86366689053088,-67.15916722632609,43.96347649644916,-0.05889281507656108,半導体,4,2
68450,2025-09-22,2025-09-22,-74.2741390952062,-47.61904761904745,-23.809523809523725,-23.866348448687845,-0.5892751915144379,半導体,0,1
68450,2025-09-24,2025-09-24,-467.0329670329665,172.97297297297342,61.261261261260636,107.4113856068748,-0.41103934233704953,半導体,2,0
68450,2025-09-25,2025-09-25,-46.2633451957295,46.511627906977715,35.778175313059265,10.695187165774556,0.1768867924528239,半導体,3,1
68450,2025-09-26,2025-09-26,127.61432116270788,-6.995452955579351,-17.488632388946712,7.005253940455258,-0.7651559741024161,半導体,4,4
68450,2025-09-29,2025-09-29,-99.4671403197156,-68.07595843783542,25.080616266570654,-96.46302250803873,0.0,半導体,0,0
68450,2025-09-30,2025-09-30,7.142857142856673,-14.21464108031234,-49.7512437810943,32.131381649411765,-1.3048635824436494,半導体,1,2
68450,2025-10-01,2025-10-01,-85.62254727078167,54.015124234785276,61.217140799423305,-7.158196134574579,0.5408653846153744,半導体,2,1
68450,2025-10-02,2025-10-02,-82.20157255182326,57.636887608070175,68.44380403458139,-10.733452593917336,0.7172743574417106,半導体,3,1
68450,2025-10-03,2025-10-03,60.714285714285054,-31.982942430703876,-7.10732054015617,-24.893314366998265,-0.4154302670623111,半導体,4,3
68450,2025-10-06,2025-10-06,91.03641456582601,27.748872702046956,3.468609087755592,24.271844660195274,0.5363528009535212,半導体,0,4
68450,2025-10-07,2025-10-07,-86.62508662508617,20.957038071951484,34.928396786586546,-17.397355601947993,-0.5927682276229973,半導体,1,1
68450,2025-10-08,2025-10-08,-55.3633217993077,-38.32752613240453,31.35888501742068,-69.4685654741234,0.655933214072757,半導体,2,1
68450,2025-10-09,2025-10-09,27.7392510402219,-31.12033195020736,-58.782849239280566,27.826086956521667,-0.8293838862559189,半導体,3,3
68450,2025-10-10,2025-10-10,-135.41666666666674,-28.21869488536133,-7.05467372134061,-21.17896223085114,-1.194743130227005,半導体,4,0
68450,2025-10-14,2025-10-14,-113.3455210237655,-110.7828655834564,-110.7828655834564,0.0,0.6699147381242332,半導体,1,0
68450,2025-10-15,2025-10-15,136.33014001473765,-10.893246187363426,-43.57298474945481,29.16514764855993,0.9679370840895318,半導体,2,4
68450,2025-10-16,2025-10-16,0.0,-3.6536353671901,-3.6536353671901,0.0,1.1384062312762122,半導体,3,2
68450,2025-10-17,2025-10-17,54.76451259583737,18.208302986162384,18.208302986162384,3.6363636363634377,0.23696682464455776,半導体,4,3
68450,2025-10-20,2025-10-20,7.163323782235498,-39.412396990325945,-3.5829451809388235,-32.269630692004505,0.23640661938533203,半導体,0,2
68450,2025-10-21,2025-10-21,75.32281205165026,-31.948881789137793,-35.49875754348619,7.1275837491091565,-1.0023584905660354,半導体,1,3
68450,2025-10-22,2025-10-22,103.94265232974931,42.55319148936066,-10.638297872340718,53.24813631522929,0.9529481834425146,半導体,2,4
68450,2025-10-23,2025-10-23,-28.288543140028153,-38.92427459306403,-21.23142250530785,-17.730496453900457,0.943952802359882,半導体,3,1
68450,2025-10-24,2025-10-24,46.11564384533473,10.593220338983578,10.593220338983578,0.0,-0.8766803039158333,半導体,4,3
68450,2025-10-27,2025-10-27,76.60167130919326,-41.39358399448123,-55.191445325974975,17.34906315058904,0.9433962264151052,半導体,0,3
68450,2025-10-28,2025-10-28,-62.71777003484358,-101.82584269662898,-35.11235955056202,-66.94855532064837,0.8761682242990565,半導体,1,1
68450,2025-10-29,2025-10-29,-87.90436005625901,3.5511363636353543,3.5511363636353543,-3.5486160397446564,0.6369426751592355,半導体,2,1
68450,2025-10-30,2025-10-30,-42.628774422734935,21.459227467810482,-7.153075822603494,25.04472271914082,-1.1507479861910253,半導体,3,1
68450,2025-10-31,2025-10-31,297.9452054794529,52.980132450330956,-69.53642384106007,130.13013013013054,0.34924330616996624,半導体,4,4
68450,2025-11-04,2025-11-04,89.8801597869503,-6.620324395895105,26.48129758358264,-33.0141961043251,-0.9200690051753835,半導体,1,4
68450,2025-11-05,2025-11-05,-373.4578192730909,264.6957717428666,158.12994156067407,104.90693739424684,0.9866511897852481,半導体,2,0
68450,2025-11-06,2025-11-06,282.793867120954,0.0,-16.452780519907726,16.47989452867593,-1.4367816091954033,半導体,3,4
68450,2025-11-07,2025-11-07,-403.8397881496192,-34.48275862068972,-27.58620689655156,0.0,-0.4664723032069995,半導体,4,0
68450,2025-11-10,2025-11-10,-61.770761839395895,155.1724137931032,-24.137931034482474,179.74421016246023,0.5858230814294041,半導体,0,1
68450,2025-11-11,2025-11-11,23.648648648648685,-104.80054090601709,-33.80662609871577,-71.23473541383984,0.6406523005241693,半導体,1,3
68450,2025-11-12,2025-11-12,118.84550084889645,87.16057660073773,-20.11397921555469,107.49076251259649,0.810185185185186,半導体,2,4
68450,2025-11-13,2025-11-13,-72.70323859881023,-119.84021304926817,-53.26231691078598,-66.9344042838016,1.5499425947187229,半導体,3,1
68450,2025-11-14,2025-11-14,71.23473541384095,-77.59784075573539,-30.364372469635637,-44.00812457684533,-2.713397399660822,半導体,4,3
68450,2025-11-17,2025-11-17,-107.45466756212241,78.09847198641862,74.70288624787713,6.743088334457692,1.0459035444509102,半導体,0,0
68450,2025-11-18,2025-11-18,-122.69938650306788,-93.49030470914177,-103.87811634348986,10.496850944716751,0.17251293847038163,半導体,1,0
68450,2025-11-19,2025-11-19,24.492652204337606,-80.44770898915755,-45.47044421126301,-35.13703443429384,-1.320321469575203,半導体,2,3
68450,2025-11-20,2025-11-20,-68.8705234159781,-13.86481802426398,-10.398613518197708,-3.46981263011803,-0.7562536358347915,半導体,3,1
68450,2025-11-21,2025-11-21,76.57500870170475,34.51846738004916,-93.19986192613095,128.91986062717686,-0.17584994138335475,半導体,4,3
68450,2025-11-25,2025-11-25,-10.238907849828838,-17.08817498291215,17.088174982911042,-27.313076135199175,-0.11785503830288313,半導体,1,2
68450,2025-11-26,2025-11-26,-6.842285323297448,54.75701574264136,-17.111567419575422,71.99177236887122,2.2418879056047114,半導体,2,2
68450,2025-11-27,2025-11-27,-63.887020847344104,0.0,20.332090816672643,-16.91474966170503,,半導体,3,1
68450,2025-11-28,2025-11-28,37.54266211604129,0.0,20.338983050847137,-16.920473773265332,0.461627236006934,半導体,4,3
68450,2025-12-01,2025-12-01,-210.31207598371736,69.32409012131657,34.662045060658286,34.54231433505983,-0.5743825387708235,半導体,0,0
68450,2025-12-02,2025-12-02,69.34812760055476,-41.37931034482789,0.0,-41.37931034482789,1.1554015020219577,半導体,1,3
68450,2025-12-03,2025-12-03,27.672085783465583,-13.793103448276334,-20.68965517241339,6.910850034553828,-1.3135351227869796,半導体,2,3
68450,2025-12-04,2025-12-04,124.22360248447228,-54.533060668030544,-6.8166325835039565,-51.14217524718745,1.215277777777768,半導体,3,4
68450,2025-12-05,2025-12-05,-90.05888465535183,-10.485844110450504,17.47640685075158,-31.391698639693377,-0.05717552887364308,半導体,4,0
68450,2025-12-08,2025-12-08,118.9227002448412,13.840830449827202,10.380622837369291,0.0,-0.5148741418764313,半導体,0,4
68450,2025-12-09,2025-12-09,-27.62430939226568,17.325017325018344,41.58004158004047,-20.711080428028605,1.5526164462334568,半導体,1,1
68450,2025-12-10,2025-12-10,48.543689320388324,-6.920415224913601,20.761245674740803,-27.62430939226568,-1.5855039637599044,半導体,2,3
68450,2025-12-11,2025-12-11,-10.387811634349209,-55.729710902124864,6.966213862764636,-59.19220055710328,0.690448791714604,半導体,3,2
68450,2025-12-12,2025-12-12,38.39441535776533,-27.874564459929864,-66.2020905923344,42.10526315789443,-1.1428571428571455,半導体,4,3
68450,2025-12-15,2025-12-15,45.80690627202344,70.07708479327191,-17.51927119831853,87.75008775008698,1.6184971098266,半導体,0,3
68450,2025-12-16,2025-12-16,-91.45269081955676,14.204545454545858,14.204545454545858,0.0,-0.7963594994311762,半導体,1,0
68450,2025-12-17,2025-12-17,-42.628774422734935,50.07153075822668,25.03576537911334,28.55103497501732,1.089449541284404,半導体,2,1
68450,2025-12-18,2025-12-18,35.97122302158251,50.323508267433596,-7.189072609633529,57.553956834532904,0.7373794668179334,半導体,3,3
68450,2025-12-19,2025-12-19,67.47159090909172,35.285815102328314,-31.7572335920957,63.694267515923556,-0.16891891891891442,半導体,4,3
68450,2025-12-22,2025-12-22,-52.0652551197498,27.874564459930973,20.90592334494712,6.954102920724292,0.7896221094190636,半導体,0,1
68450,2025-12-23,2025-12-23,55.55555555555536,13.840830449827202,13.840830449827202,0.0,0.11191941801902416,半導体,1,3
68450,2025-12-24,2025-12-24,-44.93605254061506,-45.23312456506612,17.397355601949105,-62.521708926710495,0.7266629401900593,半導体,2,1
68450,2025-12-25,2025-12-25,-48.275862068966056,-13.855213023900026,-20.782819535850592,3.4698126301169196,,半導体,3,1
68450,2025-12-26,2025-12-26,-48.459674627898686,-10.456605088881021,-17.427675148135037,6.983240223463749,-0.2219755826859071,半導体,4,1
68450,2025-12-29,2025-12-29,-115.14305652477353,17.618040873854657,45.80690627202344,-31.55680224403934,-1.5572858731924377,半導体,0,0
68450,2025-12-30,2025-12-30,-10.55594651653724,3.5161744022493835,-3.5161744022504937,3.5161744022493835,-0.4519774011299438,半導体,1,2
68450,2026-01-05,2026-01-05,-125.87412587412584,74.41530829199073,-10.63075832742788,85.13657325292634,1.7162471395880896,半導体,0,0
68450,2026-01-06,2026-01-06,-100.86956521739077,14.059753954305254,17.574692442883233,-3.5087719298243503,-0.16872890888638414,半導体,1,0
68450,2026-01-07,2026-01-07,177.87264318747776,-17.51927119831853,28.03083391730965,-45.42278127183774,0.5633802816901401,半導体,2,4
68450,2026-01-08,2026-01-08,60.049452490285034,-31.72365174480052,-10.574550581600173,-17.649135192375766,-0.11204481792717047,半導体,3,3
68450,2026-01-09,2026-01-09,46.09929078014163,3.5236081747713754,-3.5236081747713754,0.0,-0.11217049915872579,半導体,4,3
68450,2026-01-13,2026-01-13,-114.26592797783908,-28.03083391730854,10.511562718991119,-35.01400560224077,-0.3556609365737984,半導体,1,0
68450,2026-01-14,2026-01-14,143.30653617616207,-13.764624913971124,58.499655884376445,-71.8439958946293,0.4759071980963814,半導体,2,4
68450,2026-01-15,2026-01-15,41.899441340782495,76.65505226480906,45.296167247386165,31.217481789802548,-0.4736530491415092,半導体,3,3
68450,2026-01-16,2026-01-16,-171.8092566619911,57.22460658083017,64.37768240343367,-7.10732054015617,1.1302795954788891,半導体,4,0
68450,2026-01-19,2026-01-19,-32.385750269881,3.6205648081111264,18.10282404055119,-21.668472372697867,,半導体,0,1
68450,2026-01-20,2026-01-20,65.5260283946113,50.48683736025961,14.424810674360522,36.01008282319018,-0.23529411764705577,半導体,1,3
68450,2026-01-21,2026-01-21,-39.8984403336955,36.3636363636366,14.545454545453751,18.14882032667775,-0.5306603773584939,半導体,2,1
68450,2026-01-22,2026-01-22,-32.177332856632155,43.16546762589857,79.13669064748107,-32.13138164941065,0.5334914048606976,半導体,3,1
68450,2026-01-23,2026-01-23,60.155697098371874,-14.079549454417695,-42.238648363251976,31.824611032531536,1.5919811320754818,半導体,4,3
68450,2026-01-26,2026-01-26,-36.469730123996904,-14.619883040936088,14.619883040936088,-36.469730123996904,-0.5223447475333765,半導体,0,1
68450,2026-01-27,2026-01-27,-43.76367614879695,-3.6603221083453263,0.0,-7.317965605562193,-0.4667444574095736,半導体,1,1
68450,2026-01-28,2026-01-28,14.847809948033142,-14.842300556586752,3.7105751391464104,-18.545994065282123,0.9964830011723436,半導体,2,2
68450,2026-01-29,2026-01-29,-96.90644800596337,222.9054573405076,211.37586471944746,7.524454477050302,0.05803830528148257,半導体,3,0
68450,2026-01-30,2026-01-30,-70.55328629780865,48.36309523809534,7.440476190476719,40.89219330855043,-0.6380510440835319,半導体,4,1
68450,2026-02-02,2026-02-02,14.550745725718794,-123.50163458045738,-61.75081729022924,-62.13450292397616,-0.6421482778750764,半導体,0,2
68450,2026-02-03,2026-02-03,43.62050163576825,0.0,3.6088054853844476,-3.607503607503393,0.763807285546414,半導体,1,3
68450,2026-02-04,2026-02-04,-10.944910616563774,36.45643456070103,72.91286912139982,-36.19254433586683,0.05830903790087216,半導体,2,2
68450,2026-02-05,2026-02-05,0.0,14.383315354189463,-14.383315354189463,25.197984161267062,1.4568764568764658,半導体,3,2
68450,2026-02-06,2026-02-06,307.1798667653591,-78.57142857142895,-35.71428571428559,-39.440659734671925,-1.0338885697874778,半導体,4,4
68450,2026-02-09,2026-02-09,-338.46153846153857,-63.61829025844923,-95.42743538767384,32.115616218386656,-0.5223447475333765,半導体,0,0
68450,2026-02-10,2026-02-10,-23.7060450414861,-31.658092599921027,-7.9145231499799795,-23.762376237623783,0.05834305717620225,半導体,1,2
68450,2026-02-12,2026-02-12,98.73617693522796,15.624999999999112,74.21874999999912,-58.16207832493259,0.8182349503214503,半導体,3,4
68450,2026-02-13,2026-02-13,-46.87499999999956,27.440219521757125,23.520188161505473,3.9108330074300035,0.1159420289855051,半導体,4,1
68450,2026-02-16,2026-02-16,150.1154734411081,-26.565464895635937,-53.130929791271875,26.707363601679024,,半導体,0,4
68450,2026-02-17,2026-02-17,26.89204763734132,84.48540706605279,0.0,88.35958509412211,-1.2159814707585426,半導体,1,3
68450,2026-02-18,2026-02-18,83.42813803564609,45.09582863585049,22.547914317925244,26.256564141036165,0.0,半導体,2,4
68450,2026-02-19,2026-02-19,169.17293233082776,-40.515653775322626,-47.882136279926435,7.401924500369805,-0.058616647127784915,半導体,3,4
68450,2026-02-20,2026-02-20,3.7230081906169943,78.21229050279265,22.346368715084886,55.7413600891854,0.4105571847507372,半導体,4,2
68450,2026-02-24,2026-02-24,33.14917127071881,-32.93084522502765,-14.635931211123276,-18.321729571271206,0.23378141437755406,半導体,1,3
68450,2026-02-25,2026-02-25,65.47835576573347,18.044027426922238,0.0,14.430014430013571,0.5830903790087438,半導体,2,3
68450,2026-02-26,2026-02-26,84.507042253521,-55.78800557880071,-48.81450488145034,-10.507880910682887,0.5797101449275255,半導体,3,4
68450,2026-02-27,2026-02-27,172.17146872803957,41.450777202072246,44.90500863557845,-6.875214850463607,1.037463976945241,半導体,4,4
68450,2026-03-02,2026-03-02,221.20786516854008,-92.7516317416699,-13.740982480247022,-79.11936704506405,-1.197946377638337,半導体,0,4
68450,2026-03-03,2026-03-03,-93.65244536940654,-140.25245441795286,-84.15147265077194,-56.57708628005631,0.34642032332563577,半導体,1,0
68450,2026-03-04,2026-03-04,-7.264802034144813,18.135654697135628,-3.6271309394264595,25.40834845734974,-0.6329113924050667,半導体,2,2
68450,2026-03-05,2026-03-05,31.701303275801784,10.578279266573176,21.156558533146352,-10.55594651653724,2.316155182397228,半導体,3,3
68450,2026-03-06,2026-03-06,49.261083743843415,31.66783954961394,0.0,35.19887363604424,1.2450481041312855,半導体,4,3
68450,2026-03-09,2026-03-09,-76.81053401609405,69.85294117647145,-3.676470588235281,73.55645457888915,-1.8446059250978197,半導体,0,1
68450,2026-03-10,2026-03-10,78.68383404864065,60.649304316804376,24.973242953978403,35.58718861210064,-0.5694760820045608,半導体,1,4
68450,2026-03-11,2026-03-11,-10.593220338983578,24.752475247524774,49.50495049504955,-24.630541871921707,1.9473081328751363,半導体,2,2
68450,2026-03-12,2026-03-12,7.14030703320212,53.64806866952732,17.882689556509845,35.70153516601282,1.1235955056179803,半導体,3,2
68450,2026-03-13,2026-03-13,217.47009786154513,60.34788782392609,-28.399006034788286,85.40925266903976,0.7777777777777883,半導体,4,4
68450,2026-03-16,2026-03-16,25.008931761343334,31.937544357700798,28.38892831795503,0.0,0.2756339581036382,半導体,0,3
68450,2026-03-17,2026-03-17,76.81564245810124,-17.331022530329143,-13.86481802426398,-3.471017007983246,-0.05497526113249496,半導体,1,4
68450,2026-03-18,2026-03-18,13.797861331492633,72.18975592987232,24.063251976624844,48.01097393690057,1.980198019801982,半導体,2,2
68450,2026-03-19,2026-03-19,-86.71522719389534,-49.05395935529078,-14.015416958654825,-38.58295334970174,1.4023732470334505,半導体,3,1
68450,2026-03-23,2026-03-23,-216.76300578034713,22.222222222221255,-18.518518518518825,40.816326530612734,-1.2332439678284235,半導体,0,0
68450,2026-03-24,2026-03-24,-57.824358511022744,7.275372862858287,3.6376864314302537,0.0,0.3800217155266017,半導体,1,1
68450,2026-03-25,2026-03-25,14.28061406640424,14.306151645206988,28.612303290413976,-14.265335235378318,1.1357490535424564,半導体,2,2
68450,2026-03-26,2026-03-26,17.81895937277289,-10.65719360568429,-28.41918294849033,14.245014245013454,-0.2673796791443861,半導体,3,2
68450,2026-03-27,2026-03-27,144.4564824846517,56.69737774627981,7.087172218285254,53.13496280552555,-0.965147453083115,半導体,4,4
68450,2026-03-30,2026-03-30,108.0879612374197,-10.948905109489093,-25.54744525547492,14.635931211124387,-1.4076881429344934,半導体,0,4
68450,2026-03-31,2026-03-31,133.72956909361022,-3.681885125184081,-62.59204712812938,55.55555555555536,0.7138934651290452,半導体,1,4
68450,2026-04-01,2026-04-01,-57.16327259735587,82.67433501078392,64.70165348670065,17.857142857142794,-1.199563794983638,半導体,2,1
68450,2026-04-02,2026-04-02,-135.03909026297057,0.0,-7.2202166064982976,14.461315979754641,-0.22075055187638082,半導体,3,0
68450,2026-04-03,2026-04-03,138.24884792626779,27.97202797202747,-27.97202797202747,63.15789473684275,0.0,半導体,4,4
68450,2026-04-06,2026-04-06,31.446540880504248,10.522623640827344,49.10557699052909,-38.39441535776644,0.38716814159291957,半導体,0,3
68450,2026-04-07,2026-04-07,-45.24886877828038,55.94405594405494,20.979020979021712,34.89183531053763,-1.1019283746556474,半導体,1,1
68450,2026-04-08,2026-04-08,-117.44966442952975,-40.60913705583702,-50.76142131979711,6.800408024481008,-0.3342618384401086,半導体,2,0
68450,2026-04-09,2026-04-09,-40.5679513184587,67.93478260869622,27.173913043478937,44.05286343612369,-0.6148686416992732,半導体,3,1
68450,2026-04-10,2026-04-10,-13.513513513513375,106.09171800136875,88.9801505817922,20.35968781812114,-0.8436445444319429,半導体,4,2
68450,2026-04-13,2026-04-13,-6.832934745473196,3.4199726402195374,-27.35978112175075,30.864197530864335,0.05672149744753163,半導体,0,2
68450,2026-04-14,2026-04-14,-16.954899966090675,23.874488403818894,3.410641200545239,23.874488403818894,0.45351473922903285,半導体,1,2
68450,2026-04-15,2026-04-15,-214.7651006711404,3.4317089910773646,3.4317089910773646,0.0,1.975169300225743,半導体,2,0
68450,2026-04-16,2026-04-16,-60.87250591816029,-3.4059945504083533,-3.4059945504083533,0.0,-0.6640841173215284,半導体,3,1
68450,2026-04-17,2026-04-17,-77.18120805369155,77.67646065518497,37.14961161769725,43.756311006395435,-0.16713091922005985,半導体,4,1
68450,2026-04-20,2026-04-20,6.7181726570364475,6.713662302786361,-3.3568311513931803,6.713662302786361,0.8928571428571397,半導体,0,2
68450,2026-04-21,2026-04-21,-96.82804674457479,-158.62301721228488,-114.74856564292924,-44.38374871969963,0.38716814159291957,半導体,1,0
68450,2026-04-22,2026-04-22,-127.8507256392536,45.64606741572996,0.0,42.12004212004183,0.11019283746556141,半導体,2,0
68450,2026-04-23,2026-04-23,-98.45288326300938,74.73309608540868,14.2348754448407,60.41222459132855,0.27517886626307053,半導体,3,0
68450,2026-04-24,2026-04-24,-127.38853503184711,-14.28061406640535,28.5612281328107,-42.71982912068317,-0.1097694840834218,半導体,4,0
68450,2026-04-27,2026-04-27,17.857142857142794,-32.119914346895314,7.137758743753775,-42.780748663101555,1.318681318681314,半導体,0,2
68450,2026-04-28,2026-04-28,10.744985673352137,14.388489208632116,0.0,14.388489208632116,0.9219088937093334,半導体,1,2
68450,2026-04-30,2026-04-30,-47.0332850940669,123.86156648451774,69.21675774134827,54.2691751085389,-0.32171581769436797,半導体,3,1
68450,2026-05-01,2026-05-01,139.88522238163492,-10.600706713781438,-3.5335689045934426,-3.5360678925033806,0.6455083378160253,半導体,4,4
68450,2026-05-07,2026-05-07,96.85230024213176,-10.31282227569652,-34.37607425232025,24.14625733011322,0.0,半導体,3,4
68450,2026-05-08,2026-05-08,-83.44923504867819,24.552788495264544,31.567870922484254,-6.993006993006867,0.993926007730539,半導体,4,1
68450,2026-05-11,2026-05-11,-117.76931070315189,21.037868162692153,31.55680224403934,-13.976240391334604,0.8201202843083566,半導体,0,0
68450,2026-05-12,2026-05-12,75.21489971346718,-120.78152753108307,-31.97158081705176,-89.09479686386335,1.3557483731019504,半導体,1,3
68450,2026-05-13,2026-05-13,57.36823234134158,39.28571428571503,21.42857142857224,17.81895937277289,0.48154093097914075,半導体,2,3
68450,2026-05-14,2026-05-14,463.81578947368496,-267.6322418136023,-358.9420654911835,91.41364675155029,-3.833865814696491,半導体,3,4
68450,2026-05-15,2026-05-15,0.0,-181.70019467877995,-35.691109669045986,-149.7395833333337,0.8305647840531671,半導体,4,2
68450,2026-05-18,2026-05-18,-125.2059308072484,63.54515050167153,20.066889632106566,43.39118825100074,4.83250961010433,半導体,0,0
68450,2026-05-19,2026-05-19,78.97334649555665,91.47337471414608,-26.13524991832761,121.23197903014527,-0.41906757464641453,半導体,1,4
68450,2026-05-20,2026-05-20,28.93890675241151,19.323671497584183,-54.750402576489996,71.22045969569335,-1.9989479221462436,半導体,2,3
68450,2026-05-21,2026-05-21,99.13655260633148,-120.25316455696155,-47.46835443038,-69.97455470737934,-0.7514761137949577,半導体,3,4
68450,2026-05-22,2026-05-22,212.5634517766506,68.36544437538893,37.29024238657619,30.95975232198178,0.21633315305571443,半導体,4,4
68450,2026-05-25,2026-05-25,-101.1339258351207,21.77293934681135,43.5458786936227,-21.678538247135172,,半導体,0,0
68450,2026-05-26,2026-05-26,-77.25587144623015,6.2266500622665255,9.339975093398678,0.0,-0.2698327037236936,半導体,1,1
68450,2026-05-27,2026-05-27,-89.06633906633931,163.16284907436528,75.30593034201338,90.3426791277262,-1.406926406926412,半導体,2,0
68450,2026-05-28,2026-05-28,164.59627329192594,120.18489984591652,15.408320493066618,101.50722854506355,0.2195389681668436,半導体,3,4
68450,2026-05-29,2026-05-29,-56.954436450838976,30.11141222523328,27.100271002709064,9.014423076922906,-0.383351588170866,半導体,4,1
79560,2024-05-10,2024-05-10,34.10641200545683,33.99048266485405,10.197144799455327,27.173913043478937,2.8232636928289034,半導体,4,3
79560,2024-05-13,2024-05-13,-37.26287262872607,37.36413043478271,3.3967391304345895,37.36413043478271,1.3728720483251022,半導体,0,1
79560,2024-05-14,2024-05-14,101.14632501685873,10.010010010010895,-13.34668001334638,26.73796791443861,-1.2459371614301218,半導体,1,4
79560,2024-05-15,2024-05-15,26.525198938991412,-92.40924092409286,0.0,-95.67799406136612,1.5907844212835975,半導体,2,3
79560,2024-05-16,2024-05-16,213.33333333333425,32.61578604044413,-22.831050228310225,55.57371690094737,-1.2419006479481687,半導体,3,4
79560,2024-05-17,2024-05-17,45.57291666666741,-35.610229847846675,-71.22045969569446,32.59452411994879,-0.9841443411700346,半導体,4,3
79560,2024-05-20,2024-05-20,-64.72491909385147,-68.33712984054662,-52.0663846404168,-16.35590448151758,1.656543346217565,半導体,0,1
79560,2024-05-21,2024-05-21,-130.76168682575994,-72.89595758780632,-36.44797879390316,-36.58131027602263,-0.4888647474198815,半導体,1,0
79560,2024-05-22,2024-05-22,136.8491321762355,-26.289845547157185,0.0,-26.289845547157185,0.6550218340611424,半導体,2,4
79560,2024-05-23,2024-05-23,26.315789473683182,-3.2743942370661028,-42.56712508185934,42.76315789473628,0.759219088937102,半導体,3,3
79560,2024-05-24,2024-05-24,-6.605019815059121,-36.303630363035964,19.80198019801982,-59.26901547579799,0.10764262648008671,半導体,4,2
79560,2024-05-27,2024-05-27,-117.9941002949858,13.258203513424327,3.3145508783549715,9.940357852882276,,半導体,0,0
79560,2024-05-28,2024-05-28,-55.97629239381008,-16.556291390728006,-16.556291390728006,0.0,-0.37634408602150726,半導体,1,1
79560,2024-05-29,2024-05-29,9.966777408638716,-43.232457598936236,26.604589291652214,-66.35700066357053,-1.6729627630868826,半導体,2,2
79560,2024-05-30,2024-05-30,36.78929765886352,-103.05851063829752,-43.21808510638348,-60.10016694490861,-1.5367727771679496,半導体,3,3
79560,2024-05-31,2024-05-31,40.000000000000036,-19.893899204244114,23.209549071618873,-43.00363876943436,-0.6131549609810438,半導体,4,3
79560,2024-06-03,2024-06-03,-69.490403706155,66.60006660006657,23.31002331002363,43.18936877076407,-0.6169377453729696,半導体,0,1
79560,2024-06-04,2024-06-04,6.5919578114703725,59.230009871669154,32.90556103981545,22.95081967213175,-0.22573363431150906,半導体,1,2
79560,2024-06-05,2024-06-05,71.84846505551957,-38.96103896103842,-58.44155844155874,22.868343678537073,-0.6221719457013553,半導体,2,4
79560,2024-06-06,2024-06-06,-29.60526315789469,-42.8477257745552,-56.03164139749484,6.624710168929848,3.1872509960159334,半導体,3,1
79560,2024-06-07,2024-06-07,6.600660066007347,-16.469038208168918,-9.881422924901129,-6.594131223210953,-0.9376723662437914,半導体,4,2
79560,2024-06-10,2024-06-10,-16.501650165016144,0.0,-13.20567844173004,13.223140495868257,0.44543429844097204,半導体,0,2
79560,2024-06-11,2024-06-11,-72.89595758780632,-43.39118825100186,-20.026702269693164,-26.746907388832675,-0.388026607538805,半導体,1,0
79560,2024-06-12,2024-06-12,26.66666666666595,-46.57351962741196,-33.26679973386537,-13.35113484646211,0.8903728436282732,半導体,2,3
79560,2024-06-13,2024-06-13,30.110404817664804,0.0,-6.684491978609097,0.0,1.103143960286812,半導体,3,3
79560,2024-06-14,2024-06-14,110.6268856855519,-23.18648559125558,3.3123550844660343,-26.490066225165478,-2.127659574468088,半導体,4,4
79560,2024-06-17,2024-06-17,-95.20682862770857,-13.253810470510441,-23.194168323392717,9.963467286615568,-1.0590858416945403,半導体,0,0
79560,2024-06-18,2024-06-18,36.50846332558855,-19.8281559814939,-9.91407799074695,-6.618133686300265,0.9577464788732337,半導体,1,3
79560,2024-06-19,2024-06-19,-79.31262392597449,0.0,-26.648900732845206,30.070163715336662,,半導体,2,0
79560,2024-06-20,2024-06-20,-9.963467286615568,43.146365748423236,6.637902422834685,39.81420039814276,-1.8415178571428603,半導体,3,2
79560,2024-06-21,2024-06-21,16.534391534390736,-36.31561571475706,3.301419610433065,-42.89013526888819,-1.023308698123937,半導体,4,3
79560,2024-06-24,2024-06-24,102.17534607778411,-32.573289902280145,3.2573289902271263,-35.81895148160208,-0.4595060310166543,半導体,0,4
79560,2024-06-25,2024-06-25,-19.48051948051921,25.940337224383825,19.45525291828787,3.2351989647372292,-2.1927293710328866,半導体,1,2
79560,2024-06-26,2024-06-26,22.72727272727204,-3.2446463335500386,-16.223231667747974,16.254876462937773,-1.1209439528023557,半導体,2,3
79560,2024-06-27,2024-06-27,47.29729729729737,-13.440860215053752,-36.96236559139754,23.608768971332683,-0.9546539379474916,半導体,3,3
79560,2024-06-28,2024-06-28,-101.72939979654072,-24.005486968450285,54.869684499314616,-81.82748039549992,-4.0963855421686795,半導体,4,0
79560,2024-07-01,2024-07-01,-3.4246575342467,44.52054794520599,54.794520547944984,-6.814310051107553,0.18844221105527303,半導体,0,2
79560,2024-07-02,2024-07-02,-129.2517006802718,-86.23663332183563,-100.03449465332825,13.937282229965486,0.940438871473348,半導体,1,0
79560,2024-07-03,2024-07-03,10.387811634349209,38.02281368821214,41.47943311441304,0.0,0.31055900621117516,半導体,2,3
79560,2024-07-04,2024-07-04,-24.162927166033743,20.775623268698418,24.23822714681334,-6.906077348066697,,半導体,3,1
79560,2024-07-05,2024-07-05,-27.643400138217533,41.62330905306932,13.874436351022368,24.23822714681334,2.0433436532507843,半導体,4,1
79560,2024-07-08,2024-07-08,-34.53038674033127,-20.790020790020236,-31.185031185031463,10.427528675704956,-3.3373786407767003,半導体,0,1
79560,2024-07-09,2024-07-09,103.8062283737018,44.42925495557137,30.758714969241208,13.628620102215105,0.37664783427495685,半導体,1,4
79560,2024-07-10,2024-07-10,-44.52054794520599,85.94018563080175,-10.31282227569652,96.35237439779675,1.5009380863039379,半導体,2,1
79560,2024-07-11,2024-07-11,47.48982360922582,23.632680621201718,3.3760972315999283,16.86909581646523,0.800985828712264,半導体,3,3
79560,2024-07-12,2024-07-12,26.93602693602637,10.077258985556892,-3.3590863285182238,13.440860215054862,-2.200488997555017,半導体,4,3
79560,2024-07-16,2024-07-16,114.20893516963292,43.1606905710491,-9.960159362549792,53.17381189763992,1.6035920461834552,半導体,1,4
79560,2024-07-17,2024-07-17,-65.61679790026199,-13.175230566534468,-19.762845849802257,3.2992411745302874,0.7575757575757569,半導体,2,1
79560,2024-07-18,2024-07-18,0.0,-75.83250906693095,-95.61490273656491,23.31002331002363,-1.8796992481203034,半導体,3,2
79560,2024-07-19,2024-07-19,-139.4422310756971,63.951531470884944,13.463480309658937,50.42016806722671,0.0,半導体,4,0
79560,2024-07-22,2024-07-22,43.333333333333,16.583747927032544,-19.900497512437276,36.55699567962856,2.298850574712641,半導体,0,3
79560,2024-07-23,2024-07-23,-26.640026640026846,-20.00666888962943,-70.02334111370412,50.369375419745396,0.3745318352059934,半導体,1,1
79560,2024-07-24,2024-07-24,26.675558519506648,-73.06542676851491,-69.74427100631009,-3.3444816053507243,0.43532338308458485,半導体,2,3
79560,2024-07-25,2024-07-25,40.05340453938633,-83.19467554076532,-69.8835274542431,-16.750418760469454,0.6811145510835948,半導体,3,3
79560,2024-07-26,2024-07-26,-66.6666666666671,0.0,6.700167504187782,-6.695681285571187,-2.890528905289058,半導体,4,1
79560,2024-07-29,2024-07-29,33.22259136212536,46.41909814323553,19.893899204244114,26.47253474520106,0.5066497783407176,半導体,0,3
79560,2024-07-30,2024-07-30,-3.3003300330036733,108.83905013192586,42.875989445909646,65.68144499178973,-2.2684310018903586,半導体,1,2
79560,2024-07-31,2024-07-31,-39.215686274509665,9.823182711199419,-3.2743942370661028,16.38269986893759,-1.3539651837524147,半導体,2,1
79560,2024-08-01,2024-08-01,-10.010010010009784,-70.0700700700696,-10.010010010009784,-56.79919812896728,0.2614379084967311,半導体,3,2
79560,2024-08-02,2024-08-02,-20.283975659228794,-98.03921568627416,-13.522650439485862,-84.63100880162445,0.9126466753585305,半導体,4,2
79560,2024-08-05,2024-08-05,20.6896551724145,-471.60068846815784,-127.36660929432043,-345.30868503662384,1.0981912144702788,半導体,0,3
79560,2024-08-06,2024-08-06,174.27675148135256,-27.51031636863854,68.7757909215958,-92.24461906388814,-0.8945686900958427,半導体,1,4
79560,2024-08-07,2024-08-07,168.77637130801705,6.951685783802564,107.75112964894085,-103.12822275696077,-0.9671179883945835,半導体,2,4
79560,2024-08-08,2024-08-08,-506.9930069930073,-165.929203539823,-224.92625368731532,67.95016987542368,-1.3671875,半導体,3,0
79560,2024-08-09,2024-08-09,-159.85130111524137,237.55656108597202,124.43438914027105,111.73184357541999,-0.46204620462045876,半導体,4,0
79560,2024-08-13,2024-08-13,149.4768310911798,66.20080912099979,18.3891136447234,51.413881748072484,-1.5645371577574951,半導体,1,4
79560,2024-08-14,2024-08-14,-136.73983447283211,-32.65602322206074,-21.770682148040123,-10.909090909091423,0.9271523178807861,半導体,2,0
79560,2024-08-15,2024-08-15,401.36054421768597,140.43109079033388,130.63357282821596,12.899064817801786,-1.5748031496062964,半導体,3,4
79560,2024-08-16,2024-08-16,-32.206119162641045,-48.465266558965766,61.38933764135768,-112.35955056179803,-1.2666666666666715,半導体,4,1
79560,2024-08-19,2024-08-19,-103.89610389610394,-39.51267698386607,52.683569311819944,-88.46657929226787,2.160702228224176,半導体,0,0
79560,2024-08-20,2024-08-20,85.05070330389275,84.27876823338786,32.414910858995505,54.94505494505475,-0.7270323859881023,半導体,1,4
79560,2024-08-21,2024-08-21,-61.073609771777896,3.232062055591456,-9.696186166774368,16.181229773462036,0.13315579227697327,半導体,2,1
79560,2024-08-22,2024-08-22,103.52636687156247,12.824623276690428,-51.298493106765044,64.45375443119516,-1.3962765957446832,半導体,3,4
79560,2024-08-23,2024-08-23,-22.392834293025743,48.015364916773606,6.40204865556937,44.800000000000395,-0.8091706001348564,半導体,4,1
79560,2024-08-26,2024-08-26,6.3694267515934655,-12.710517953606892,-41.30918334922185,28.71729419272606,-1.5635622025832796,半導体,0,2
79560,2024-08-27,2024-08-27,50.906776964683154,82.30452674897082,85.47008547008517,-3.138731952291307,1.4502762430939287,半導体,1,3
79560,2024-08-28,2024-08-28,-82.22643896268144,98.82052916799555,60.56742110296387,38.02281368821214,-0.5445881552076259,半導体,2,0
79560,2024-08-29,2024-08-29,-63.25110689437086,-6.3512226103523695,-47.63416957764388,38.2775119617218,1.4373716632443578,半導体,3,1
79560,2024-08-30,2024-08-30,28.61685214626375,-3.168567807351197,-60.20278833967052,57.37966209754531,2.1592442645074206,半導体,4,3
79560,2024-09-02,2024-09-02,102.17113665389465,-34.788108791903305,-79.06388361796357,44.628626075868816,,半導体,0,4
79560,2024-09-03,2024-09-03,139.24050632911468,12.499999999999734,-6.249999999999867,18.76172607879978,1.7833553500660404,半導体,1,4
79560,2024-09-04,2024-09-04,-69.24771797293006,-85.49715009499637,-94.99683343888509,12.791813239527716,1.5574302401038187,半導体,2,1
79560,2024-09-05,2024-09-05,144.23076923076871,0.0,-41.06127605811749,41.23057405645447,-0.31948881789137795,半導体,3,4
79560,2024-09-06,2024-09-06,-9.416195856873921,-62.87331027978627,-78.5916378497331,15.842839036754874,-1.7948717948717996,半導体,4,2
79560,2024-09-09,2024-09-09,-89.57133717210519,87.04061895551175,-41.90844616376532,132.77202072538907,0.32637075718016106,半導体,0,0
79560,2024-09-10,2024-09-10,-60.60606060606099,61.01477199743188,48.169556840076396,9.58466453674145,-0.8458035133376729,半導体,1,1
79560,2024-09-11,2024-09-11,-102.10593490746601,-99.93552546744056,-61.25080593165744,-38.92312682452159,0.0,半導体,2,0
79560,2024-09-12,2024-09-12,-71.08239095314994,-58.57468272046806,-29.287341360234585,-32.62642740619937,1.7060367454068137,半導体,3,1
79560,2024-09-13,2024-09-13,39.30560104814962,6.52315720808927,-9.784735812132794,16.32386549134779,1.6774193548387162,半導体,4,3
79560,2024-09-17,2024-09-17,-235.48387096774204,86.03573792190566,26.47253474520106,62.72697259821713,0.48750761730651515,半導体,1,0
79560,2024-09-18,2024-09-18,-9.826400262037405,49.22874958976031,-13.127666557269935,65.74621959237304,0.0,半導体,2,2
79560,2024-09-19,2024-09-19,35.66796368352776,84.00646203554186,148.62681744749696,-63.67398917542233,-1.5767131594906059,半導体,3,3
79560,2024-09-20,2024-09-20,0.0,16.03077909586359,6.412311638346324,6.406149903908087,-1.0474430067775709,半導体,4,2
79560,2024-09-24,2024-09-24,118.40000000000073,-15.812776723592714,-22.137887413029578,6.339144215530279,-0.3026634382566562,半導体,1,4
79560,2024-09-25,2024-09-25,110.75949367088667,6.267627702913892,-12.535255405828893,18.826482585503346,0.7893139040680008,半導体,2,4
79560,2024-09-26,2024-09-26,118.38006230529663,52.388289676426055,-18.489984591679722,74.11982705373576,-0.48192771084337727,半導体,3,4
79560,2024-09-27,2024-09-27,396.3414634146334,137.66842413591053,99.58992384299981,37.70301624129946,1.0895883777239712,半導体,4,4
79560,2024-09-30,2024-09-30,-85.97687518529517,56.801195814648594,-14.94768310911776,74.87271638215054,1.556886227544907,半導体,0,0
79560,2024-10-01,2024-10-01,167.91604197901046,-35.39823008849585,-56.04719764011779,20.765351527736176,1.0613207547169878,半導体,1,4
79560,2024-10-02,2024-10-02,168.29052258636068,75.31865585167941,283.8933951332567,-202.8169014084502,0.7584597432905404,半導体,2,4
79560,2024-10-03,2024-10-03,-96.70079635949902,-22.98190175237025,-43.09106578569421,23.088023088022602,-0.8685581933989606,半導体,3,0
79560,2024-10-04,2024-10-04,79.4117647058834,99.27007299270096,58.39416058394109,40.63860667634201,-0.6425233644859807,半導体,4,4
79560,2024-10-07,2024-10-07,-43.27755337564909,92.69988412514473,2.8968713789101486,89.7770055024627,0.29394473838917357,半導体,0,1
79560,2024-10-08,2024-10-08,-146.55172413793105,-233.64485981308357,-166.47196261682205,-65.35947712418277,-1.348182883939042,半導体,1,0
79560,2024-10-09,2024-10-09,8.852168781352532,159.38606847697656,0.0,159.38606847697656,0.11883541295305555,半導体,2,2
79560,2024-10-10,2024-10-10,-14.675667742882759,49.89727032580049,38.156736131493844,11.695906432749315,-0.7121661721068206,半導体,3,2
79560,2024-10-11,2024-10-11,-14.649868151186407,-52.754982415005315,-49.82415005861718,0.0,-0.4184100418409997,半導体,4,2
79560,2024-10-15,2024-10-15,-120.80141426045965,154.54545454545388,109.09090909090979,41.953850764160364,-1.5328019619865074,半導体,1,0
79560,2024-10-16,2024-10-16,-92.09744503862139,-53.908355795148076,-26.954177897574596,-24.031240612796267,0.7471980074719831,半導体,2,0
79560,2024-10-17,2024-10-17,-12.019230769231282,48.13477737665384,15.042117930204046,33.042955842594864,0.5562422744128659,半導体,3,2
79560,2024-10-18,2024-10-18,-18.105009052504784,0.0,-15.128593040847349,15.151515151514694,-0.6760909649661917,半導体,4,2
79560,2024-10-21,2024-10-21,-33.21256038647302,39.382005452892614,24.235080278702803,15.110305228165366,1.3613861386138515,半導体,0,1
79560,2024-10-22,2024-10-22,-157.384987893463,61.3873542050336,39.90178023327129,24.464831804280607,1.7094017094017033,半導体,1,0
79560,2024-10-23,2024-10-23,-33.55704697986628,-27.49770852429001,-30.55300947143347,0.0,0.6002400960384069,半導体,2,1
79560,2024-10-24,2024-10-24,-12.31148045552466,30.750307503075724,-12.300123001229846,43.10344827586299,0.5966587112171906,半導体,3,2
79560,2024-10-25,2024-10-25,-206.18556701030965,55.67584287039962,12.372409526755224,43.24992276799611,-1.3641755634638209,半導体,4,0
79560,2024-10-28,2024-10-28,-12.285012285012664,0.0,-52.16324025774766,49.337033610854505,-1.3229104028863459,半導体,0,2
79560,2024-10-29,2024-10-29,149.48139109213,-60.04202942059389,-75.05253677574264,15.124016938898865,0.8531383302864182,半導体,1,4
79560,2024-10-30,2024-10-30,-18.066847335139748,-48.19277108433773,-12.04819277108471,-33.18250377073895,-0.5438066465256797,半導体,2,2
79560,2024-10-31,2024-10-31,-60.1684717208184,3.0284675953962115,24.227740763174133,-24.161884627000862,-0.060753341433783525,半導体,3,1
79560,2024-11-01,2024-11-01,-245.60339599757452,-52.92652552926547,3.1133250311321525,-56.022408963585235,0.8510638297872353,半導体,4,0
79560,2024-11-05,2024-11-05,-62.46096189881367,62.912865681030716,28.310789556464933,37.65296517100669,0.540540540540535,半導体,1,1
79560,2024-11-06,2024-11-06,-52.7458889233634,-74.74307069448739,-31.142946122703073,-43.73633239612595,1.9115890083632125,半導体,2,1
79560,2024-11-07,2024-11-07,-34.700315457413254,-18.927444794952784,-31.54574132492094,12.658227848101333,0.4103165298944944,半導体,3,1
79560,2024-11-08,2024-11-08,-393.3333333333333,34.65003465003447,62.370062370062925,-24.112986565621995,0.7005253940455258,半導体,4,0
79560,2024-11-11,2024-11-11,17.289073305670755,-20.661157024793873,-48.209366391184226,24.21307506053294,-0.40579710144927894,半導体,0,3
79560,2024-11-12,2024-11-12,41.49377593360981,-82.75862068965468,-72.41379310344853,-10.420284821118786,-0.11641443538998875,半導体,1,3
79560,2024-11-13,2024-11-13,-117.2413793103444,-13.971358714635063,3.4928396786582105,-20.94240837696382,-0.6993006993006978,半導体,2,0
79560,2024-11-14,2024-11-14,-136.173184357542,-10.623229461755868,24.78753541076406,-35.3232073472276,-1.7018779342723,半導体,3,0
79560,2024-11-15,2024-11-15,67.51954513148473,14.104372355430161,14.104372355430161,-3.5198873636044237,1.2537313432835928,半導体,4,4
79560,2024-11-18,2024-11-18,73.94366197183145,41.91407614390519,31.435557107928336,10.445682451254434,1.2382075471698117,半導体,0,4
79560,2024-11-19,2024-11-19,-13.769363166953319,-13.764624913971124,-10.323468685478066,0.0,-0.4659289458357585,半導体,1,2
79560,2024-11-20,2024-11-20,3.4317089910773646,-24.02196293754266,-48.04392587508532,24.137931034482474,0.702165008777067,半導体,2,2
79560,2024-11-21,2024-11-21,-10.316368638239037,41.29387474191226,10.323468685478066,27.491408934707806,-0.755374782103424,半導体,3,2
79560,2024-11-22,2024-11-22,-34.01360544217691,13.642564802183177,-17.053206002728416,30.74820635462938,-0.23419203747072626,半導体,4,1
79560,2024-11-25,2024-11-25,104.8005409060182,-97.31543624161066,-26.845637583892135,-70.65948855989213,-0.17605633802817433,半導体,0,4
79560,2024-11-26,2024-11-26,95.10869565217294,-13.481631277384443,-50.55611729019249,40.66418163334529,-1.3521457965902428,半導体,1,4
79560,2024-11-27,2024-11-27,-115.4107264086901,44.73503097040643,58.499655884376445,-17.099863201094358,-1.0727056019070313,半導体,2,0
79560,2024-11-28,2024-11-28,65.11309115832864,20.408163265306367,-17.0068027210879,37.47870528109098,,半導体,3,4
79560,2024-11-29,2024-11-29,13.605442176871652,6.784260515604323,-23.74491180461291,30.601836110166758,1.9879518072289049,半導体,4,3
79560,2024-12-02,2024-12-02,3.401360544217358,47.53820033955858,64.51612903225711,-16.869095816464117,0.4725339633786074,半導体,0,2
79560,2024-12-03,2024-12-03,94.08602150537737,23.333333333332984,56.66666666666708,-26.533996683250074,-0.4115226337448541,半導体,1,4
79560,2024-12-04,2024-12-04,-103.60962566844934,60.81081081081186,40.54054054054124,16.818028927010342,-0.2951593860684776,半導体,2,0
79560,2024-12-05,2024-12-05,20.10723860589758,40.13377926421313,43.47826086956496,0.0,0.82889283599763,半導体,3,3
79560,2024-12-06,2024-12-06,-99.90009990009985,-6.727211570803915,13.45442314160783,-20.154517971111563,1.2918379330593144,半導体,4,0
79560,2024-12-09,2024-12-09,3.3344448149374983,-26.666666666667062,-10.000000000000009,-16.683350016682972,0.521739130434784,半導体,0,2
79560,2024-12-10,2024-12-10,-16.4473684210531,-3.291639236340238,16.45819618169897,-19.71738416036817,1.6147635524798254,半導体,1,2
79560,2024-12-11,2024-12-11,42.98941798941858,-19.743336623889718,-29.615004935834577,9.90099009900991,-0.2270147559591429,半導体,2,3
79560,2024-12-12,2024-12-12,-92.19624629568601,93.02325581395321,106.31229235880335,-9.865175928970293,-1.5358361774744034,半導体,3,0
79560,2024-12-13,2024-12-13,-6.622516556291647,-13.27580484566826,19.913707268504055,-36.42384105960295,-0.17331022530329143,半導体,4,2
79560,2024-12-16,2024-12-16,-135.31353135313506,-113.75041820006703,-16.728002676480447,-93.86523633925559,3.009259259259256,半導体,0,0
79560,2024-12-17,2024-12-17,16.954899966090675,40.62288422477911,20.311442112390665,23.65664075701268,-0.3370786516853963,半導体,1,3
79560,2024-12-18,2024-12-18,-20.297699594046257,-6.784260515604323,0.0,-6.784260515604323,-1.3528748590755368,半導体,2,2
79560,2024-12-19,2024-12-19,54.794520547944984,-20.43596730245234,-6.811989100817817,-13.633265167007913,0.6857142857142895,半導体,3,3
79560,2024-12-20,2024-12-20,-74.32432432432412,-33.99048266485405,-47.58667573079522,13.66120218579292,1.2485811577752637,半導体,4,0
79560,2024-12-23,2024-12-23,68.1431005110733,-37.16216216216206,-30.40540540540593,-6.777363605557918,0.39237668161435924,半導体,0,4
79560,2024-12-24,2024-12-24,-13.559322033898091,3.3967391304345895,-3.3967391304345895,6.795786612301402,0.16750418760469454,半導体,1,2
79560,2024-12-25,2024-12-25,-64.62585034013645,-13.675213675213849,-6.837606837606369,-6.842285323297448,,半導体,2,1
79560,2024-12-26,2024-12-26,0.0,23.93980848153232,23.93980848153232,0.0,1.17056856187292,半導体,3,2
79560,2024-12-27,2024-12-27,90.97270818754444,31.185031185030354,20.790020790020236,10.373443983402453,0.0,半導体,4,4
79560,2024-12-30,2024-12-30,0.0,-6.879944960440643,-20.639834881320816,17.241379310344307,-0.22038567493113392,半導体,0,2
79560,2025-01-06,2025-01-06,-92.71978021977989,-52.04718945176934,-13.87925052047212,-38.22098679638675,1.2749445676274895,半導体,0,0
79560,2025-01-07,2025-01-07,13.976240391335715,0.0,3.4891835310535413,0.0,0.21893814997262506,半導体,1,3
79560,2025-01-08,2025-01-08,-45.66210045662156,-3.5223670306450128,-10.567101091933928,3.5248501938678345,-0.8192244675040983,半導体,2,1
79560,2025-01-09,2025-01-09,42.477876106195026,-28.278543655001485,-35.34817956875269,3.5460992907809796,0.6057268722466924,半導体,3,3
79560,2025-01-10,2025-01-10,85.40925266903976,7.077140835103357,0.0,3.5373187124165817,3.1198686371100237,半導体,4,4
79560,2025-01-14,2025-01-14,-67.32813607370657,0.0,-50.00000000000004,43.041606886657924,-0.26274303730950965,半導体,1,1
79560,2025-01-15,2025-01-15,-14.27551748750866,-10.737294201861314,10.737294201861314,-21.45155523775477,0.8956796628029506,半導体,2,2
79560,2025-01-16,2025-01-16,28.74595759971177,25.080616266570654,14.331780723755294,7.153075822603494,-0.8877284595300239,半導体,3,3
79560,2025-01-17,2025-01-17,61.32756132756212,35.8808754933615,39.4689630426992,-3.5739814152968563,2.16016859852477,半導体,4,4
79560,2025-01-20,2025-01-20,35.68879371877331,0.0,7.112375533429027,-7.10732054015617,,半導体,0,3
79560,2025-01-21,2025-01-21,95.71074087203036,56.140350877194045,-24.561403508771562,84.44757213230014,0.979886539453334,半導体,1,4
79560,2025-01-22,2025-01-22,-41.666666666666515,0.0,-10.431154381085328,13.927576601671099,-1.0725229826353377,半導体,2,1
79560,2025-01-23,2025-01-23,-3.4965034965039887,24.492652204337606,31.490552834150254,-6.975933031042603,1.032524522457412,半導体,3,2
79560,2025-01-24,2025-01-24,122.37762237762296,65.60773480662974,41.43646408839796,20.62564455139304,-0.7153806847215116,半導体,4,4
79560,2025-01-27,2025-01-27,61.64383561643838,13.605442176871652,30.61224489795844,-13.568521031207537,-0.7205352547606791,半導体,0,4
79560,2025-01-28,2025-01-28,87.92695299289832,-36.85092127303169,-16.750418760469454,-20.1342281879191,0.6220839813374734,半導体,1,4
79560,2025-01-29,2025-01-29,-50.4880511612249,-33.85240352065,-40.62288422478022,6.798096532971698,2.266872746007209,半導体,2,1
79560,2025-01-30,2025-01-30,85.14986376021882,-3.374957813027102,0.0,0.0,-1.2594458438287104,半導体,3,4
79560,2025-01-31,2025-01-31,-63.973063973064015,-37.21244925575129,-10.148849797022574,-27.091093802912305,-1.479591836734695,半導体,4,1
79560,2025-02-03,2025-02-03,-95.43285616905206,-65.47208821502393,-13.78359751895264,-48.325854332067486,1.0875194199896354,半導体,0,0
79560,2025-02-04,2025-02-04,-51.70630816959676,-69.39625260235948,-13.87925052047212,-59.0482806530046,1.2295081967213184,半導体,1,1
79560,2025-02-05,2025-02-05,-27.92321116928398,3.498950314906324,-3.4989503149052137,7.000350017500878,-0.15182186234817818,半導体,2,1
79560,2025-02-06,2025-02-06,-17.325017325017235,13.86001386001423,6.930006930006005,10.391409767924742,0.4561581348200727,半導体,3,2
79560,2025-02-07,2025-02-07,34.662045060658286,-34.542314335060944,-13.81692573402371,-24.204702627939056,-1.6145307769929396,半導体,4,3
79560,2025-02-10,2025-02-10,62.262193012798676,-17.176228100309608,10.305736860185544,-27.453671928620025,0.8717948717948731,半導体,0,4
79560,2025-02-12,2025-02-12,-30.82191780821919,3.434065934067032,-27.472527472527375,30.991735537189147,1.499482936918306,半導体,2,1
79560,2025-02-13,2025-02-13,37.17472118959009,6.729475100941684,6.729475100941684,0.0,0.5094243504839557,半導体,3,3
79560,2025-02-14,2025-02-14,-83.89261744966458,20.3252032520318,-3.387533875338633,23.720772619451047,0.6588950836289964,半導体,4,0
79560,2025-02-17,2025-02-17,-117.46987951807175,-191.95612431444187,-152.34613040828737,-43.303433343643285,,半導体,0,0
79560,2025-02-18,2025-02-18,-129.62962962962953,322.8840125391841,128.52664576802565,195.04643962848345,1.1077542799597273,半導体,1,0
79560,2025-02-19,2025-02-19,6.097560975608651,149.57264957264903,91.57509157509125,57.47126436781657,-0.8466135458167323,半導体,2,2
79560,2025-02-20,2025-02-20,-165.21477921297657,51.987767584098506,24.464831804280607,27.455765710799884,-0.050226017076848706,半導体,3,0
79560,2025-02-21,2025-02-21,24.271844660195274,78.71631849833527,105.96427490160431,-26.96225284601561,-1.4070351758794009,半導体,4,3
79560,2025-02-25,2025-02-25,-224.34938677834305,27.48930971288921,9.163103237630477,21.36752136752129,-0.46607975142413105,半導体,1,0
79560,2025-02-26,2025-02-26,-134.43324167430438,96.03469640644403,-6.195786864932051,105.42635658914668,-0.3121748178980255,半導体,2,0
79560,2025-02-27,2025-02-27,-116.92307692307668,-56.004978220286496,-31.113876789048422,-28.081123244929618,-3.131524008350728,半導体,3,0
79560,2025-02-28,2025-02-28,-125.117297466375,3.161555485298173,-15.807777426494196,15.827793605571738,-2.370689655172409,半導体,4,0
79560,2025-03-03,2025-03-03,18.91551071878883,47.3335437046396,28.400126222782873,15.72821642025879,-2.759381898454749,半導体,0,3
79560,2025-03-04,2025-03-04,-127.80548628428923,-3.1565656565657463,-15.782828282828731,15.812776723591604,-0.7945516458569779,半導体,1,0
79560,2025-03-05,2025-03-05,160.1758793969843,-6.172839506173311,24.691358024691024,-30.788177339901026,0.97254004576659,半導体,2,4
79560,2025-03-06,2025-03-06,15.370427297878297,-39.86507206378387,6.133088009812049,-45.96996628869143,1.8130311614730887,半導体,3,3
79560,2025-03-07,2025-03-07,54.216867469878416,74.98500299939926,35.99280143971262,41.853512705529724,1.3912075681691727,半導体,4,3
79560,2025-03-10,2025-03-10,-11.834319526626835,2.9673590504453173,2.9673590504453173,2.9673590504453173,0.5488474204171201,半導体,0,2
79560,2025-03-11,2025-03-11,2.989536621824662,0.0,35.7888458097233,-35.661218424962726,0.4366812227074135,半導体,1,2
79560,2025-03-12,2025-03-12,200.24271844660157,41.803523439831736,23.887727679905435,20.858164481525332,-2.336956521739131,半導体,2,4
79560,2025-03-13,2025-03-13,56.46359583952432,-79.74010632014195,-5.906674542233148,-70.94295004433926,1.2799109627156469,半導体,3,3
79560,2025-03-14,2025-03-14,295.3337271116352,192.08715596330305,-22.935779816514177,215.5172413793105,-2.5824175824175843,半導体,4,4
79560,2025-03-17,2025-03-17,273.7430167597776,-2.7472527472527375,82.41758241758212,-79.06215921483107,3.891708967851093,半導体,0,4
79560,2025-03-18,2025-03-18,-206.34920634920672,62.330623306232624,70.46070460704712,-8.073196986005948,-0.5971769815418027,半導体,1,0
79560,2025-03-19,2025-03-19,-24.278392230914214,-16.255757247358726,-13.546464372798939,-5.424464334147228,0.928454396504641,半導体,2,1
79560,2025-03-21,2025-03-21,-179.4453507340943,-80.33240997229908,-74.7922437673132,-2.7917364600782424,-1.0154997327632254,半導体,4,0
79560,2025-03-24,2025-03-24,-69.91051454138697,39.325842696629195,84.26966292134796,-47.34057365636368,0.3239740820734305,半導体,0,1
79560,2025-03-25,2025-03-25,-36.51685393258441,-45.095828635851596,-45.095828635851596,-2.830455703368706,-1.2917115177610294,半導体,1,1
79560,2025-03-26,2025-03-26,69.75446428571396,91.38742730545601,16.615895873719477,77.43362831858391,-1.526717557251911,半導体,2,4
79560,2025-03-27,2025-03-27,-5.502063273727931,162.98342541436472,96.6850828729271,62.910284463895124,-0.33222591362126463,半導体,3,2
79560,2025-03-28,2025-03-28,-70.36535859269333,19.089173711481777,-35.45132260703521,57.48699698877591,0.6666666666666599,半導体,4,1
79560,2025-03-31,2025-03-31,177.67906718489712,76.52364033889026,90.18857611369225,-16.246953696181787,1.0485651214128033,半導体,0,4
79560,2025-04-01,2025-04-01,54.64480874316946,21.733224667210838,5.433306166802154,16.291067064893028,0.5461496450027248,半導体,1,3
79560,2025-04-02,2025-04-02,-75.69613409029508,-165.80592552324026,-51.64446860559946,-117.45424747336753,-0.5975013579576305,半導体,2,0
79560,2025-04-03,2025-04-03,134.32409259788614,14.108352144468483,8.465011286682422,2.818489289739823,0.21857923497268228,半導体,3,4
79560,2025-04-04,2025-04-04,-65.9025787965617,-37.55054881571351,-69.32409012131768,31.99534613147259,0.4362050163576825,半導体,4,1
79560,2025-04-07,2025-04-07,255.37215820616632,-191.19878603945372,-127.46585735963545,-70.66052227342578,0.8686210640608039,半導体,0,4
79560,2025-04-08,2025-04-08,57.280675309014924,18.050541516245744,-66.18531889289957,84.79709267110947,0.9687836383207804,半導体,1,3
79560,2025-04-09,2025-04-09,-78.14848211602055,179.33130699088196,15.19756838905817,157.71913861085895,0.9594882729211163,半導体,2,0
79560,2025-04-10,2025-04-10,-17.647058823528905,174.34988179668932,85.69739952718703,90.85580304806662,1.9007391763463666,半導体,3,2
79560,2025-04-11,2025-04-11,5.899705014749124,-5.854800936767601,-40.98360655737654,29.37720329024618,1.4507772020725396,半導体,4,2
79560,2025-04-14,2025-04-14,222.54335260115664,-14.100394811055184,33.840947546530664,-47.77965148960117,-1.0725229826353377,半導体,0,4
79560,2025-04-15,2025-04-15,-90.24252679075029,11.383039271486428,8.537279453613156,0.0,-0.722767165720184,半導体,1,0
79560,2025-04-16,2025-04-16,-134.20902341519158,-29.052876234747504,-17.431725740848503,-11.641443538998875,0.6240249609984483,半導体,2,0
79560,2025-04-17,2025-04-17,-45.766590389015875,-28.661507595300062,-17.196904557179593,-14.351320321469574,-0.2583979328165342,半導体,3,1
79560,2025-04-18,2025-04-18,-37.410071942446386,-25.899280575539805,-31.6546762589931,8.663008951776963,,半導体,4,1
79560,2025-04-21,2025-04-21,-22.96870513924798,75.14450867051936,40.46242774566444,34.54231433505983,-0.10362694300518616,半導体,0,1
79560,2025-04-22,2025-04-22,-34.68208092485603,-29.069767441860517,-37.790697674419114,8.754012255616228,-1.4522821576763434,半導体,1,1
79560,2025-04-23,2025-04-23,-83.98494063133532,-69.95045176333426,-5.829204313611003,-64.1586468358124,-0.6315789473684164,半導体,2,0
79560,2025-04-24,2025-04-24,-8.810572687224516,-97.00176366843061,-17.636684303351522,-79.50530035335635,1.0063559322033955,半導体,3,2
79560,2025-04-25,2025-04-25,11.743981209630938,-81.63265306122436,-49.56268221574356,-29.308323563892458,0.10487676979549221,半導体,4,3
79560,2025-04-28,2025-04-28,8.818342151675207,8.807985907222093,14.679976512037562,-5.863383172090009,-0.41906757464641453,半導体,0,2
79560,2025-04-30,2025-04-30,40.923706518560806,46.5657741559955,17.4621653084972,29.052876234747504,1.2466124661246525,半導体,2,3
79560,2025-05-01,2025-05-01,-23.255813953488857,-46.64723032069995,8.746355685131935,-58.241118229469535,-0.6959314775160652,半導体,3,1
79560,2025-05-02,2025-05-02,58.85815185403098,55.58806319485132,90.69631363370468,-34.79269353435788,-0.6469002695417836,半導体,4,4
79560,2025-05-07,2025-05-07,-81.87134502923965,-55.948174322733024,-17.667844522968323,-38.348082595870416,-1.3392857142857095,半導体,2,0
79560,2025-05-08,2025-05-08,-26.470588235294468,-17.657445556209517,-58.858151854032094,41.444641799881495,-0.39592760180995334,半導体,3,1
79560,2025-05-09,2025-05-09,55.60433128475317,-52.386495925494934,-2.9103608847491635,-49.49053857350783,0.5110732538330387,半導体,4,3
79560,2025-05-12,2025-05-12,-41.116005873714776,32.457952198288176,35.408675125405686,-5.878894767783471,-0.5649717514124242,半導体,0,1
79560,2025-05-13,2025-05-13,-116.44832605531286,511.46384479717756,-5.878894767783471,517.6470588235294,-1.2499999999999956,半導体,1,0
79560,2025-05-14,2025-05-14,-357.92349726775916,167.09147550268978,113.2823562730101,53.20638476617123,0.9205983889528202,半導体,2,0
79560,2025-05-15,2025-05-15,182.62313226341976,-51.57437567861023,-2.714440825190012,-46.170559478544426,2.2234891676168766,半導体,3,4
79560,2025-05-16,2025-05-16,-81.96721311475419,44.06499586890655,-5.508124483613042,49.60044089280746,-1.171221416620194,半導体,4,0
79560,2025-05-19,2025-05-19,-41.65509580672078,106.32344711807518,67.15165081141672,38.91050583657574,0.9029345372460584,半導体,0,1
79560,2025-05-20,2025-05-20,-19.1675794085433,-10.961907371882518,-54.8095368594137,41.322314049587746,1.6778523489932917,半導体,1,2
79560,2025-05-21,2025-05-21,-77.07129094412291,2.773155851358844,-38.824181919023815,38.964653492903345,1.2101210121012063,半導体,2,0
79560,2025-05-22,2025-05-22,-11.089548100914337,-11.098779134295356,-16.648168701443034,5.558643690939391,0.5978260869565322,半導体,3,2
79560,2025-05-23,2025-05-23,50.391937290033,38.953811908737364,-25.041736227044975,61.34969325153339,-0.8103727714748765,半導体,4,3
79560,2025-05-26,2025-05-26,41.94630872483174,72.54464285714191,22.321428571427937,52.910052910053466,,半導体,0,3
79560,2025-05-27,2025-05-27,-36.05102606766497,11.117287381878782,33.351862145636346,-22.160664819944607,-0.16339869281045694,半導体,1,1
79560,2025-05-28,2025-05-28,38.32466465918394,87.26479410962718,21.816198527406794,68.04572672836073,-1.6366612111292977,半導体,2,3
79560,2025-05-29,2025-05-29,-26.511134676564517,-169.67126193001116,-100.74231177094384,-69.63042313872569,-0.8319467554076532,半導体,3,1
79560,2025-05-30,2025-05-30,-61.56316916488214,56.787452677122815,32.44997295835495,21.557531662623752,-0.7829977628635354,半導体,4,1
79560,2025-06-02,2025-06-02,29.56989247311803,32.1113192400313,8.027829810008935,24.06417112299497,-1.183765501691092,半導体,0,3
79560,2025-06-03,2025-06-03,-32.39740820734305,-27.092928745597877,5.4185857491195755,-32.493907392363575,0.0,半導体,1,1
79560,2025-06-04,2025-06-04,-10.914051841746097,-76.25272331154731,-62.6361655773422,-16.438356164383272,-0.057045065601823985,半導体,2,2
79560,2025-06-05,2025-06-05,8.27357970215159,-38.546255506607395,-66.07929515418553,24.937655860348684,0.05707762557076723,半導体,3,2
79560,2025-06-06,2025-06-06,-63.013698630136616,-30.278007156619992,-33.03055326176696,0.0,0.855675984027382,半導体,4,1
79560,2025-06-09,2025-06-09,-121.07870115575126,-16.717748676511324,25.076623014768096,-38.92132332499298,-2.0361990950226283,半導体,0,0
79560,2025-06-10,2025-06-10,27.816411682892728,19.40133037694025,55.432372505543896,-35.832414553472745,1.385681293302543,半導体,1,3
79560,2025-06-11,2025-06-11,0.0,-33.25020781379862,-19.395954558049098,-16.652789342215257,-0.5694760820045608,半導体,2,2
79560,2025-06-12,2025-06-12,41.7827298050133,-97.03354588300516,5.544774050456613,-102.5214740925462,0.45819014891179677,半導体,3,3
79560,2025-06-13,2025-06-13,-106.08598548296987,2.8176951253877647,0.0,0.0,1.425313568985187,半導体,4,0
79560,2025-06-16,2025-06-16,-50.647158131682524,62.19960418433645,22.61803788521366,39.4922425952049,-2.360876897133224,半導体,0,1
79560,2025-06-17,2025-06-17,-8.403361344537785,56.05381165919354,42.04035874439516,11.160714285713969,-0.8059873344847479,半導体,1,2
79560,2025-06-18,2025-06-18,-63.888888888888886,41.84100418409997,11.157601115761029,33.44481605351169,0.4643064422518828,半導体,2,1
79560,2025-06-19,2025-06-19,47.83342712436634,-53.19148936170248,5.599104143336753,-58.7576944599888,,半導体,3,3
79560,2025-06-20,2025-06-20,31.06467099689425,-53.521126760562865,-11.267605633802358,-45.10854243022222,-0.8665511265164683,半導体,4,3
79560,2025-06-23,2025-06-23,19.796380090497667,16.88713763017269,14.072614691809093,2.8105677346834668,-2.447552447552448,半導体,0,3
79560,2025-06-24,2025-06-24,50.05561735261344,-13.842746400886119,-88.59357696566983,72.6054174811508,-0.8363201911589013,半導体,1,3
79560,2025-06-25,2025-06-25,25.076623014768096,-27.74694783573839,-27.74694783573839,2.7831895352070646,-1.0843373493975905,半導体,2,3
79560,2025-06-26,2025-06-26,-187.74157923798995,16.901408450704647,39.43661971830936,-22.446689113355678,-0.3654080389768555,半導体,3,0
79560,2025-06-27,2025-06-27,25.71428571428669,56.99629524080984,0.0,56.99629524080984,2.0782396088019572,半導体,4,3
79560,2025-06-30,2025-06-30,45.50625711035261,-36.921329167850516,-11.360408974723235,-22.753128555176303,0.8383233532934131,半導体,0,3
79560,2025-07-01,2025-07-01,139.2045454545454,-39.215686274509665,-25.210084033613356,-8.429334082606932,-0.23752969121140222,半導体,1,4
79560,2025-07-02,2025-07-02,48.281738142572635,-135.6315343317316,-59.33879627013305,-73.9266420244522,2.440476190476182,半導体,2,3
79560,2025-07-03,2025-07-03,-20.000000000000018,68.63025450386084,17.157563625964656,54.25471159337558,0.6391632771644451,半導体,3,2
79560,2025-07-04,2025-07-04,59.98286203941827,-11.350737797957144,-62.42905788876318,51.39920045688085,,半導体,4,4
79560,2025-07-07,2025-07-07,-68.78761822871837,-66.5124349334878,-37.59398496240629,-31.921067904817633,-2.944572748267893,半導体,0,1
79560,2025-07-08,2025-07-08,-5.858230814294041,70.3399765533419,55.68581477139567,14.573010784026952,-1.903628792385481,半導体,1,2
79560,2025-07-09,2025-07-09,78.74015748031482,-60.74631183106693,-52.06826728377245,-11.627906976744429,0.363856882959368,半導体,2,4
79560,2025-07-10,2025-07-10,-40.89979550102263,-20.53388090349051,-49.86799647990647,29.48113207547065,-1.3293051359516639,半導体,3,1
79560,2025-07-11,2025-07-11,5.8548009367687115,40.98360655737654,26.34660421545698,11.675423234092097,0.3674219228414044,半導体,4,2
79560,2025-07-14,2025-07-14,76.3807285546414,-99.12536443148711,-58.30903790087439,-41.05571847507372,0.7321537522879895,半導体,0,4
79560,2025-07-15,2025-07-15,23.39181286549641,5.832604257800522,2.9163021289013713,0.0,-2.9073288915808626,半導体,1,3
79560,2025-07-16,2025-07-16,-17.584994138335475,-11.733646230566164,-11.733646230566164,2.9377203290237297,1.3724266999376233,半導体,2,2
79560,2025-07-17,2025-07-17,8.797653958945162,23.5017626321965,35.252643948295855,-11.709601873536313,-1.1076923076923095,半導体,3,2
79560,2025-07-18,2025-07-18,-38.01169590643249,-14.641288433382416,-5.856515373352522,-8.789920890711622,1.8046048537647685,半導体,4,1
79560,2025-07-22,2025-07-22,-250.00000000000023,-21.154427319431957,-27.198549410698547,9.093664746893104,-1.2376237623762387,半導体,1,0
79560,2025-07-23,2025-07-23,74.6268656716409,-148.10426540284305,-50.355450236966306,-98.2435248585889,0.0,半導体,2,4
79560,2025-07-24,2025-07-24,15.09206157561227,9.052504526252392,-12.070006035003189,21.14803625377748,0.6892230576441172,半導体,3,3
79560,2025-07-25,2025-07-25,-41.94128220491366,-45.04504504504459,-21.021021021021546,-21.071643588199684,-0.5600497822028649,半導体,4,1
79560,2025-07-28,2025-07-28,-15.096618357487435,-3.018412315122232,3.018412315123342,-6.0350030175015945,-1.689612015018771,半導体,0,2
79560,2025-07-29,2025-07-29,153.52197471402818,-2.9682398337782523,-29.682398337785855,23.809523809523725,-0.8911521323997418,半導体,1,4
79560,2025-07-30,2025-07-30,-157.73809523809578,102.84331518451317,9.074410163338875,93.6838924146266,0.6422607578676853,半導体,2,0
79560,2025-07-31,2025-07-31,5.963029218842841,-47.61904761904745,-38.690476190476055,-5.97728631201444,0.574345883854499,半導体,3,2
79560,2025-08-01,2025-08-01,62.874251497007094,14.827995255042303,-17.79359430605032,26.722090261281917,-1.07868020304569,半導体,4,4
79560,2025-08-04,2025-08-04,98.21428571428648,35.3877912120315,35.3877912120315,0.0,-0.7055805003207238,半導体,0,4
79560,2025-08-05,2025-08-05,-8.823529411764452,-82.35294117647007,-38.2352941176467,-41.3467217956287,-1.6149870801033583,半導体,1,2
79560,2025-08-06,2025-08-06,0.0,-47.46366063482665,-5.932957579353193,-41.55535767289997,-0.13131976362442677,半導体,2,2
79560,2025-08-07,2025-08-07,-41.903621670158486,234.9397590361435,57.22891566265042,176.69961066187457,1.183431952662728,半導体,3,1
79560,2025-08-08,2025-08-08,-153.40909090909128,-34.59210147016445,-112.42432977803362,75.77965607694637,-0.3898635477582846,半導体,4,0
79560,2025-08-12,2025-08-12,60.00000000000006,28.409090909091717,-22.727272727273153,51.25284738040969,-3.57142857142857,半導体,1,4
79560,2025-08-13,2025-08-13,56.44933672029451,-56.100981767180926,-81.34642356241284,19.7851893725276,0.40404040404040664,半導体,2,3
79560,2025-08-14,2025-08-14,93.14140558848382,-39.19372900335949,-58.79059350503923,16.891891891892552,1.0731052984574108,半導体,3,4
79560,2025-08-15,2025-08-15,-11.36363636363602,-17.045454545454586,-19.886363636363313,5.694760820045275,1.9907100199070937,半導体,4,2
79560,2025-08-18,2025-08-18,-14.347202295552641,-20.114942528736137,25.86206896551646,-43.00458715596367,-0.3253090435914152,半導体,0,2
79560,2025-08-19,2025-08-19,141.12903225806494,96.3172804532575,48.158640226629856,50.761421319796,-0.9791122715404721,半導体,1,4
79560,2025-08-20,2025-08-20,565.4008438818558,-85.19701810436598,-63.89776357827448,-18.76172607879978,0.19775873434411118,半導体,2,4
79560,2025-08-21,2025-08-21,-221.80652057723128,51.997810618500395,43.78762999452724,5.448106782892648,2.1710526315789513,半導体,3,0
79560,2025-08-22,2025-08-22,-43.54926510615087,101.23119015047921,71.1354309165535,24.43660059733954,0.0,半導体,4,1
79560,2025-08-25,2025-08-25,-118.02575107296099,43.53741496598617,68.02721088435382,-27.019724398811285,0.3219575016097931,半導体,0,0
79560,2025-08-26,2025-08-26,-157.39484396200766,-82.53094910591452,-13.755158184318717,-66.13392119041106,-0.6418485237484006,半導体,1,0
79560,2025-08-27,2025-08-27,-99.5024875621886,-13.966480446927498,-2.7932960893850556,-11.176306230791244,-1.0981912144702788,半導体,2,0
79560,2025-08-28,2025-08-28,41.899441340782495,11.120378092854821,-8.340283569641116,22.265516281658737,1.1757021554539504,半導体,3,3
79560,2025-08-29,2025-08-29,-55.46311702717688,13.927576601671099,30.640668523675973,-19.433647973348123,2.840542285345382,半導体,4,1
79560,2025-09-01,2025-09-01,-104.64180305876036,0.0,-2.710761724044053,2.7114967462038564,,半導体,0,0
79560,2025-09-02,2025-09-02,29.69762419006372,-45.735808447673335,-10.761366693570196,-32.32758620689613,1.381042059008153,半導体,1,3
79560,2025-09-03,2025-09-03,-10.845986984815426,43.36043360433584,37.94037940379358,8.101539292466597,-1.3622291021671784,半導体,2,2
79560,2025-09-04,2025-09-04,2.6881720430105283,-42.98764105319708,-8.06018269747466,-37.63440860215073,0.5021971123666091,半導体,3,2
79560,2025-09-05,2025-09-05,-16.251354279522843,29.818378964487913,-21.686093792355756,48.886474741987044,-0.7495315427857641,半導体,4,2
79560,2025-09-08,2025-09-08,-10.695187165775666,-16.07717041800627,-13.39764201500504,0.0,1.636249213341734,半導体,0,2
79560,2025-09-09,2025-09-09,-29.538131041890736,-8.086253369272711,-21.563342318059455,16.211834639285883,-0.6811145510835948,半導体,1,1
79560,2025-09-10,2025-09-10,-51.212938005390505,-21.633315305570335,24.337479718767874,-45.85918532506117,-0.5610972568578565,半導体,2,1
79560,2025-09-11,2025-09-11,-54.4959128065392,19.178082191779744,-8.219178082191636,32.921810699588775,-0.4388714733542298,半導体,3,1
79560,2025-09-12,2025-09-12,-129.2059219380892,-21.780560849441464,-35.39341138034335,10.925976509150725,0.37783375314861534,半導体,4,0
79560,2025-09-16,2025-09-16,79.27829414980935,-43.26663061114067,-35.15413737155249,-8.141112618724744,1.2389380530973382,半導体,1,4
79560,2025-09-17,2025-09-17,21.733224667210838,-48.859934853420214,-21.715526601520097,-29.915692140332073,-0.4662004662004615,半導体,2,3
79560,2025-09-18,2025-09-18,-115.65357719203861,10.872519706441874,-29.899429192715708,38.15753611338346,-0.5854800936768156,半導体,3,0
79560,2025-09-19,2025-09-19,-103.31702011962984,-191.8333790079474,-178.13099479309423,-13.950892857143016,-0.05889281507656108,半導体,4,0
79560,2025-09-22,2025-09-22,92.28187919463116,-47.16981132075526,-8.324084350721517,-38.878089419606134,-0.5892751915144379,半導体,0,4
79560,2025-09-24,2025-09-24,39.008080245193085,44.44444444444473,5.555555555556424,41.65509580672078,-0.41103934233704953,半導体,2,3
79560,2025-09-25,2025-09-25,-50.05561735261455,-22.402688322599175,39.20470456454828,-55.8191459670665,0.1768867924528239,半導体,3,1
79560,2025-09-26,2025-09-26,53.19148936170137,22.33389168062594,-13.958682300391212,36.34330444506561,-0.7651559741024161,半導体,4,3
79560,2025-09-29,2025-09-29,-175.5852842809369,-22.497187851518994,-16.872890888638416,-5.633802816901179,0.0,半導体,0,0
79560,2025-09-30,2025-09-30,-16.86340640809414,8.453085376163294,14.088475626936603,-5.627462014631268,-1.3048635824436494,半導体,1,2
79560,2025-10-01,2025-10-01,-91.11617312072883,-2.8686173264491632,17.21170395869276,-20.04581901489111,0.5408653846153744,半導体,2,0
79560,2025-10-02,2025-10-02,-74.71264367816089,-8.670520231214285,14.450867052022698,-23.088023088022602,0.7172743574417106,半導体,3,0
79560,2025-10-03,2025-10-03,34.70213996529692,-14.425851125215994,5.7703404500863975,-17.30602826651273,-0.4154302670623111,半導体,4,3
79560,2025-10-06,2025-10-06,-11.448196908986352,-2.86368843069873,8.59106529209619,-11.444921316166035,0.5363528009535212,半導体,0,2
79560,2025-10-07,2025-10-07,5.757052389177009,-14.384349827387677,23.014959723819395,-37.31343283582045,-0.5927682276229973,半導体,1,2
79560,2025-10-08,2025-10-08,56.88282138794021,-11.29943502824804,25.423728813558366,-36.6300366300365,0.655933214072757,半導体,2,3
79560,2025-10-09,2025-10-09,45.584045584046166,8.510638297871687,-34.04255319148896,42.69854824936026,-0.8293838862559189,半導体,3,3
79560,2025-10-10,2025-10-10,-8.568980291345785,-22.922636103152037,48.710601719197385,-74.11630558722959,-1.194743130227005,半導体,4,2
79560,2025-10-14,2025-10-14,219.29824561403467,-74.45589919816697,-168.95761741122618,90.24745269286649,0.6699147381242332,半導体,1,4
79560,2025-10-15,2025-10-15,60.41426927502869,-14.293882218410214,-34.305317324184735,20.080321285140812,0.9679370840895318,半導体,2,4
79560,2025-10-16,2025-10-16,71.77720356014828,-28.490028490028017,5.698005698004938,-34.168564920273866,1.1384062312762122,半導体,3,4
79560,2025-10-17,2025-10-17,114.12268188302433,33.907883582933174,0.0,33.907883582933174,0.23696682464455776,半導体,4,4
79560,2025-10-20,2025-10-20,36.15127919911032,-41.528239202658355,-33.222591362126465,-8.333333333333526,0.23640661938533203,半導体,0,3
79560,2025-10-21,2025-10-21,-22.321428571429045,36.35346756152069,27.964205816555232,8.365867261572735,-1.0023584905660354,半導体,1,1
79560,2025-10-22,2025-10-22,-13.858093126385418,-13.892747985551068,-13.892747985551068,0.0,0.9529481834425146,半導体,2,2
79560,2025-10-23,2025-10-23,25.034770514602567,-24.958402662229595,-11.092623405435376,-13.881177123820088,0.943952802359882,半導体,3,3
79560,2025-10-24,2025-10-24,-97.41163373225726,-11.213905242500877,-8.41042893187538,-2.805836139169182,-0.8766803039158333,半導体,4,0
79560,2025-10-27,2025-10-27,78.47533632286962,2.780867630700623,13.904338153503115,-8.333333333333526,0.9433962264151052,半導体,0,4
79560,2025-10-28,2025-10-28,-44.692737430167554,-36.4758698092027,-19.640852974186494,-14.060742407199234,0.8761682242990565,半導体,1,1
79560,2025-10-29,2025-10-29,-99.37535491198135,-74.64829170255483,-22.96870513924798,-51.79856115107961,0.6369426751592355,半導体,2,0
79560,2025-10-30,2025-10-30,136.86662783925385,2.868617326448053,-20.080321285140812,20.114942528735025,-1.1507479861910253,半導体,3,4
79560,2025-10-31,2025-10-31,-68.63025450386084,20.143884892085406,23.021582733813162,-5.740528128588274,0.34924330616996624,半導体,4,1
79560,2025-11-04,2025-11-04,109.47853644482919,42.8449014567267,5.712653527563116,34.24657534246478,-0.9200690051753835,半導体,1,4
79560,2025-11-05,2025-11-05,-170.45454545454587,-2.874389192296656,-5.748778384593312,0.0,0.9866511897852481,半導体,2,0
79560,2025-11-06,2025-11-06,46.216060080879195,305.4755043227675,17.291066282421053,290.64748201438783,-1.4367816091954033,半導体,3,3
79560,2025-11-07,2025-11-07,-354.54545454545405,87.82936010037545,-9.410288582183401,100.5025125628145,-0.4664723032069995,半導体,4,0
79560,2025-11-10,2025-11-10,96.24340266997766,119.77886977887042,39.92628992629088,79.5350260018357,0.5858230814294041,半導体,0,4
79560,2025-11-11,2025-11-11,64.31852986217513,27.42230347349217,0.0,24.367956137678615,0.6406523005241693,半導体,1,4
79560,2025-11-12,2025-11-12,57.2634116937909,-45.031522065446254,3.002101471030194,-51.005100510050916,0.810185185185186,半導体,2,3
79560,2025-11-13,2025-11-13,-95.63658099222994,72.22389407162133,39.121275955462664,29.967036260114543,1.5499425947187229,半導体,3,0
79560,2025-11-14,2025-11-14,102.71903323262777,-29.940119760478723,65.86826347305453,-95.18143961927406,-2.713397399660822,半導体,4,4
79560,2025-11-17,2025-11-17,-260.7640994542149,34.23591658885839,-3.112356053532883,34.23591658885839,1.0459035444509102,半導体,0,0
79560,2025-11-18,2025-11-18,-6.211180124223725,46.7726847521055,-46.77268475210439,90.82367679298375,0.17251293847038163,半導体,1,2
79560,2025-11-19,2025-11-19,111.66253101736912,33.82533825338152,92.25092250922495,-54.86132276744882,-1.320321469575203,半導体,2,4
79560,2025-11-20,2025-11-20,3.073140749847436,-30.76923076923088,-30.76923076923088,0.0,-0.7562536358347915,半導体,3,2
79560,2025-11-21,2025-11-21,-3.0665440049060244,52.3076923076915,52.3076923076915,0.0,-0.17584994138335475,半導体,4,2
79560,2025-11-25,2025-11-25,-181.59433671899095,-150.5646173149311,-100.37641154328702,-53.84859043395585,-0.11785503830288313,半導体,1,0
79560,2025-11-26,2025-11-26,144.97321147179275,-3.106554830692998,9.319664492077884,-15.513496742165511,2.2418879056047114,半導体,2,4
79560,2025-11-27,2025-11-27,-61.72839506172867,6.209251785160852,-12.418503570319483,18.65091700341992,,半導体,3,1
79560,2025-11-28,2025-11-28,74.74307069448739,18.575851393189957,40.247678018576764,-18.507094386180924,0.461627236006934,半導体,4,4
79560,2025-12-01,2025-12-01,-42.81345565749217,-70.74746231928609,-21.53183635804412,-46.253469010175685,-0.5743825387708235,半導体,0,1
79560,2025-12-02,2025-12-02,37.128712871286055,24.691358024691024,-12.345679012345512,37.08281829418958,1.1554015020219577,半導体,1,3
79560,2025-12-03,2025-12-03,-49.597024178549276,6.22277535780924,-9.33416303671386,15.571473061350982,-1.3135351227869796,半導体,2,1
79560,2025-12-04,2025-12-04,71.65109034267925,77.32755954222182,43.30343334364439,33.87742531567595,1.215277777777768,半導体,3,4
79560,2025-12-05,2025-12-05,-9.26784059314234,6.1881188118806385,9.282178217822068,-3.0911901081920323,-0.05717552887364308,半導体,4,2
79560,2025-12-08,2025-12-08,-58.389674247080194,3.0892801977144835,-6.178560395427857,9.273570324574987,-0.5148741418764313,半導体,0,1
79560,2025-12-09,2025-12-09,-77.39938080495334,-6.238303181534954,9.357454772302987,-12.468827930174342,1.5526164462334568,半導体,1,0
79560,2025-12-10,2025-12-10,-3.1152647975074554,9.3545369504211,24.94543186778886,-15.552099533436836,-1.5855039637599044,半導体,2,2
79560,2025-12-11,2025-12-11,-49.859769398566954,0.0,3.132832080201542,0.0,0.690448791714604,半導体,3,1
79560,2025-12-12,2025-12-12,50.267043669494086,-12.503907471084208,-31.25976867771163,15.673981191222097,-1.1428571428571455,半導体,4,3
79560,2025-12-15,2025-12-15,46.74353381115548,6.197706848465323,-12.395413696931756,18.6161960905995,1.6184971098266,半導体,0,3
79560,2025-12-16,2025-12-16,-18.65671641791078,15.576323987538387,18.691588785046953,-6.216972334472937,-0.7963594994311762,半導体,1,2
79560,2025-12-17,2025-12-17,-46.641791044775836,24.999999999999467,9.375000000000355,15.610365282547889,1.089449541284404,半導体,2,1
79560,2025-12-18,2025-12-18,34.257240734973934,3.1017369727037725,0.0,0.0,0.7373794668179334,半導体,3,3
79560,2025-12-19,2025-12-19,9.316770186336143,-3.1017369727048827,-24.813895781637953,21.766169154229242,-0.16891891891891442,半導体,4,2
79560,2025-12-22,2025-12-22,-43.209876543209845,37.17472118959009,34.07682775712573,6.176652254477055,0.7896221094190636,半導体,0,1
79560,2025-12-23,2025-12-23,74.16563658838137,12.277470841006721,9.208103130755596,3.0665440049060244,0.11191941801902416,半導体,1,4
79560,2025-12-24,2025-12-24,-73.48438456827976,0.0,-3.0845157310299687,3.08546744831828,0.7266629401900593,半導体,2,0
79560,2025-12-25,2025-12-25,52.3076923076915,18.348623853210455,24.464831804280607,-6.101281269066394,,半導体,3,3
79560,2025-12-26,2025-12-26,-27.42230347349217,-39.68253968253954,-15.262515262515208,-24.45735249159253,-0.2219755826859071,半導体,4,1
79560,2025-12-29,2025-12-29,37.45318352059934,3.109452736318463,9.32835820895539,-6.213109661385996,-1.5572858731924377,半導体,0,3
79560,2025-12-30,2025-12-30,12.376237623761277,-18.53568118628357,-24.714241581711427,6.1938680706097315,-0.4519774011299438,半導体,1,3
79560,2026-01-05,2026-01-05,-74.16563658838027,28.019925280198255,49.813200498132204,-21.685254027261625,1.7162471395880896,半導体,0,0
79560,2026-01-06,2026-01-06,96.27329192546608,12.307692307691465,-3.0769230769234213,15.389350569405824,-0.16872890888638414,半導体,1,4
79560,2026-01-07,2026-01-07,18.455859735466706,27.69230769230857,15.384615384614886,12.288786482335112,0.5633802816901401,半導体,2,3
79560,2026-01-08,2026-01-08,-49.07975460122671,9.250693802034249,-24.668516805427252,34.003091190109025,-0.11204481792717047,半導体,3,1
79560,2026-01-09,2026-01-09,-39.8773006134967,0.0,9.247842170161391,-9.239297813365965,-0.11217049915872579,半導体,4,1
79560,2026-01-13,2026-01-13,39.963110974485794,-36.80981595092003,-3.0674846625766694,-33.75268487265992,-0.3556609365737984,半導体,1,3
79560,2026-01-14,2026-01-14,-12.25114854517595,-6.153846153845732,-3.0769230769234213,0.0,0.4759071980963814,半導体,2,2
79560,2026-01-15,2026-01-15,3.0525030525030417,42.72200183094377,-6.103143118706411,51.92425167990233,-0.4736530491415092,半導体,3,2
79560,2026-01-16,2026-01-16,9.157509157509125,-9.146341463414087,-27.43902439024337,21.40672782874553,1.1302795954788891,半導体,4,2
79560,2026-01-19,2026-01-19,-36.4741641337385,36.618858712236246,6.103143118705301,30.49710277523543,,半導体,0,1
79560,2026-01-20,2026-01-20,48.323769254001725,18.028846153845812,-6.009615384615641,21.039975954313395,-0.23529411764705577,半導体,1,3
79560,2026-01-21,2026-01-21,-6.069802731411,-9.113001215066419,-9.113001215066419,3.0413625304137604,-0.5306603773584939,半導体,2,2
79560,2026-01-22,2026-01-22,6.095702529715918,-30.487804878048806,-33.536585365853135,3.0590394616081262,0.5334914048606976,半導体,3,2
79560,2026-01-23,2026-01-23,-48.4848484848488,-27.388922702373808,-36.51856360316508,9.163103237630477,1.5919811320754818,半導体,4,1
79560,2026-01-26,2026-01-26,-67.56756756756799,-37.08281829419069,-18.54140914709479,-18.57585139318885,-0.5223447475333765,半導体,0,1
79560,2026-01-27,2026-01-27,80.74534161490732,12.322858903266454,-30.807147258163916,40.160642570281624,-0.4667444574095736,半導体,1,4
79560,2026-01-28,2026-01-28,-55.60704355885071,-77.54342431761762,-37.22084367245637,-40.47322540473242,0.9964830011723436,半導体,2,1
79560,2026-01-29,2026-01-29,-12.554927809165228,12.574662055957475,-15.718327569946844,25.180988353792344,0.05803830528148257,半導体,3,2
79560,2026-01-30,2026-01-30,6.2421972534321135,56.07476635514086,31.152647975076775,27.95899347623587,-0.6380510440835319,半導体,4,2
79560,2026-02-02,2026-02-02,-124.62006079027366,0.0,43.22321704229637,-46.09711124769489,-0.6421482778750764,半導体,0,0
79560,2026-02-03,2026-02-03,49.38271604938205,-6.138735420503361,12.277470841006721,-24.50980392156854,0.763807285546414,半導体,1,3
79560,2026-02-04,2026-02-04,0.0,-27.50611246943757,21.393643031784038,-48.79536444037824,0.05830903790087216,半導体,2,2
79560,2026-02-05,2026-02-05,115.01210653753091,-38.945476333133165,-26.96225284601561,-12.015620306398134,1.4568764568764658,半導体,3,4
79560,2026-02-06,2026-02-06,-57.09134615384581,15.078407720143794,18.09408926417344,-6.018657839301778,-1.0338885697874778,半導体,4,1
79560,2026-02-09,2026-02-09,-167.6646706586826,60.91989034419765,33.50593968930893,27.32240437158362,-0.5223447475333765,半導体,0,0
79560,2026-02-10,2026-02-10,85.57457212713837,45.509708737863086,21.237864077670032,24.220405691794955,0.05834305717620225,半導体,1,4
79560,2026-02-12,2026-02-12,-32.85543608124275,-53.95683453237376,-29.976019184652092,-27.051397655545316,0.8182349503214503,半導体,3,1
79560,2026-02-13,2026-02-13,-105.64443102927812,-70.07921998781197,-48.75076173065152,-18.37672281776448,0.1159420289855051,半導体,4,0
79560,2026-02-16,2026-02-16,55.38461538461492,12.247397428046813,-33.68034292712818,49.170251997541214,,半導体,0,3
79560,2026-02-17,2026-02-17,18.404907975460016,-6.127450980392135,-30.637254901960674,24.585125998770607,-1.2159814707585426,半導体,1,3
79560,2026-02-18,2026-02-18,12.1212121212122,-24.2424242424244,-24.2424242424244,0.0,0.0,半導体,2,3
79560,2026-02-19,2026-02-19,-27.355623100303596,24.397682220189676,36.596523330283404,-12.154360376784856,-0.058616647127784915,半導体,3,1
79560,2026-02-20,2026-02-20,0.0,39.6946564885492,73.2824427480927,-30.32140691328067,0.4105571847507372,半導体,4,2
79560,2026-02-24,2026-02-24,230.8153477218222,-29.316915860451154,-64.49721489299343,32.448377581120184,0.23378141437755406,半導体,1,4
79560,2026-02-25,2026-02-25,-225.17321016166326,-64.87761722205887,-5.897965202005251,-61.94690265486691,0.5830903790087438,半導体,2,0
79560,2026-02-26,2026-02-26,0.0,-26.308097047647028,-2.9231218941827564,-23.39181286549752,0.5797101449275255,半導体,3,2
79560,2026-02-27,2026-02-27,40.816326530612734,-29.019152640742398,-5.803830528148257,-26.12481857764859,1.037463976945241,半導体,4,3
79560,2026-03-02,2026-03-02,20.51582649472472,-23.419203747072626,-2.9274004683843557,-20.497803806734936,-1.197946377638337,半導体,0,3
79560,2026-03-03,2026-03-03,-101.7050553395149,0.0,15.082956259426794,-9.04159132007254,0.34642032332563577,半導体,1,0
79560,2026-03-04,2026-03-04,-246.15384615384593,160.83254493850507,75.6859035004731,84.507042253521,-0.6329113924050667,半導体,2,0
79560,2026-03-05,2026-03-05,-73.84615384615434,-34.161490683229935,-15.527950310558758,-21.766169154229242,2.316155182397228,半導体,3,0
79560,2026-03-06,2026-03-06,101.41364474492987,-3.0413625304137604,-69.95133819951316,64.29883649724522,1.2450481041312855,半導体,4,4
79560,2026-03-09,2026-03-09,-49.53560371517063,77.5915580384856,-6.207324643079382,80.72027320707775,-1.8446059250978197,半導体,0,1
79560,2026-03-10,2026-03-10,-24.51731535396906,-9.239297813365965,3.079765937787915,-9.239297813365965,-0.5694760820045608,半導体,1,1
79560,2026-03-11,2026-03-11,-21.45265093472237,-58.33589192508426,-36.843721215842336,-21.57164869029282,1.9473081328751363,半導体,2,2
79560,2026-03-12,2026-03-12,-161.2403100775195,-18.91551071878994,12.610340479193294,-31.486146095718315,1.1235955056179803,半導体,3,0
79560,2026-03-13,2026-03-13,-47.24409448818911,56.746532156368716,63.05170239596425,-6.265664160400863,0.7777777777777883,半導体,4,1
79560,2026-03-16,2026-03-16,53.324968632371124,-12.47271593389443,-24.94543186778886,12.503907471084208,0.2756339581036382,半導体,0,3
79560,2026-03-17,2026-03-17,80.74534161490732,-40.01231148045514,-33.85657125269282,-9.262117937635095,-0.05497526113249496,半導体,1,4
79560,2026-03-18,2026-03-18,55.62422744128659,82.97480024585191,33.804548248310695,52.08333333333259,1.980198019801982,半導体,2,3
79560,2026-03-19,2026-03-19,-64.81481481481532,-62.03473945409432,-34.11910669975149,-28.011204481792618,1.4023732470334505,半導体,3,1
79560,2026-03-23,2026-03-23,-15.797788309637184,-3.15756236185627,-28.41806125670976,25.332488917035878,-1.2332439678284235,半導体,0,2
79560,2026-03-24,2026-03-24,-18.79699248120259,18.808777429466517,-12.539184952977678,34.53689167974838,0.3800217155266017,半導体,1,2
79560,2026-03-25,2026-03-25,-12.330456226880004,-3.093102381689361,12.372409526755224,-15.446400988570197,1.1357490535424564,半導体,2,2
79560,2026-03-26,2026-03-26,-6.163328197226203,-49.382716049383156,-77.16049382716083,24.875621890547706,-0.2673796791443861,半導体,3,2
79560,2026-03-27,2026-03-27,-3.059975520195435,42.944785276073375,46.01226993865115,-3.053435114503955,-0.965147453083115,半導体,4,2
79560,2026-03-30,2026-03-30,-46.497210167389945,27.889680818098395,12.395413696932867,12.376237623761277,-1.4076881429344934,半導体,0,1
79560,2026-03-31,2026-03-31,64.65517241379226,-6.116207951070152,-30.581039755351867,24.539877300613355,0.7138934651290452,半導体,1,4
79560,2026-04-01,2026-04-01,49.489638107020895,107.52688172043001,33.794162826421555,70.40097949188917,-1.199563794983638,半導体,2,3
79560,2026-04-02,2026-04-02,-15.151515151514694,-39.525691699604515,-85.13225904530297,45.99816007359703,-0.22075055187638082,半導体,3,2
79560,2026-04-03,2026-04-03,76.14986293024594,-36.21001810500957,-33.19251659625877,-3.027550711474092,0.0,半導体,4,4
79560,2026-04-06,2026-04-06,-44.69606674612603,23.988005997002126,-8.995502248875242,33.01320528211305,0.38716814159291957,半導体,0,1
79560,2026-04-07,2026-04-07,77.1513353115738,-32.41968759210123,-8.841732979664174,-23.598820058997603,-1.1019283746556474,半導体,1,4
79560,2026-04-08,2026-04-08,26.470588235294468,2.9359953024066243,-35.23194362889059,38.30288744843813,-0.3342618384401086,半導体,2,3
79560,2026-04-09,2026-04-09,-67.64705882352895,-41.45691442108412,-11.844832691738638,-26.69039145907437,-0.6148686416992732,半導体,3,1
79560,2026-04-10,2026-04-10,-65.47619047619024,2.9922202274090814,5.984440454818163,-5.979073243647104,-0.8436445444319429,半導体,4,1
79560,2026-04-13,2026-04-13,90.06304413089251,-35.661218424962726,-47.548291233283635,8.955223880597885,0.05672149744753163,半導体,0,4
79560,2026-04-14,2026-04-14,-41.84100418409997,-6.011421701231923,0.0,-6.011421701231923,0.45351473922903285,半導体,1,1
79560,2026-04-15,2026-04-15,17.921146953405742,23.845007451563927,26.825633383009695,-2.9726516052319685,1.975169300225743,半導体,2,3
79560,2026-04-16,2026-04-16,-29.5857988165682,-41.506077675659284,-8.894159501926513,-35.59774547612027,-0.6640841173215284,半導体,3,1
79560,2026-04-17,2026-04-17,85.97687518529406,-17.647058823528905,23.529411764706687,-44.00117336462284,-0.16713091922005985,半導体,4,4
79560,2026-04-20,2026-04-20,-179.19075144508633,17.67304860088359,23.56406480117812,-2.9394473838917357,0.8928571428571397,半導体,0,0
79560,2026-04-21,2026-04-21,-20.570085218925005,-41.23711340206171,-2.945508100147265,-38.30288744843813,0.38716814159291957,半導体,1,2
79560,2026-04-22,2026-04-22,-29.700029700029383,8.949880668258636,8.949880668258636,0.0,0.11019283746556141,半導体,2,1
79560,2026-04-23,2026-04-23,71.83478000598598,124.81426448736954,65.378900445765,56.080283353010515,0.27517886626307053,半導体,3,4
79560,2026-04-24,2026-04-24,-122.30634828188647,-26.501766784452485,-2.944640753828054,-20.624631703005658,-0.1097694840834218,半導体,4,0
79560,2026-04-27,2026-04-27,247.13150926743089,-25.83979328165342,14.355440712030543,-40.137614678898984,1.318681318681314,半導体,0,4
79560,2026-04-28,2026-04-28,-91.45470134324097,31.72771848860778,2.8843380444198985,25.94407610262417,0.9219088937093334,半導体,1,0
79560,2026-04-30,2026-04-30,-78.32898172323799,-125.7309941520468,-90.64327485380107,-35.408675125405686,-0.32171581769436797,半導体,3,0
79560,2026-05-01,2026-05-01,-68.43201428146428,2.9922202274090814,35.90664272890454,-29.82403817476942,0.6455083378160253,半導体,4,1
79560,2026-05-07,2026-05-07,94.70257472625087,99.70674486803554,137.8299120234594,-40.485829959514554,0.0,半導体,3,4
79560,2026-05-08,2026-05-08,72.04610951008661,25.8249641319952,14.347202295552641,11.461318051575464,0.993926007730539,半導体,4,4
79560,2026-05-11,2026-05-11,203.90329158170627,17.13306681895954,-22.844089091947907,40.0686891814539,0.8201202843083566,半導体,0,4
79560,2026-05-12,2026-05-12,11.527377521614035,-11.471178663607917,77.43045597935262,-85.3970964987194,1.3557483731019504,半導体,1,3
79560,2026-05-13,2026-05-13,-98.03921568627416,-58.20721769499437,-5.820721769499437,-55.31295487627319,0.48154093097914075,半導体,2,0
79560,2026-05-14,2026-05-14,-80.55235903337122,17.391304347826875,-11.59420289855051,26.109660574411553,-3.833865814696491,半導体,3,0
79560,2026-05-15,2026-05-15,259.8120508568269,-18.86284020479634,-105.09296685529468,89.89376191773424,0.8305647840531671,半導体,4,4
79560,2026-05-18,2026-05-18,13.524479307547299,145.78833693304594,110.69114470842356,32.03416978109885,4.83250961010433,半導体,0,3
79560,2026-05-19,2026-05-19,-71.84672698243743,91.10396570203739,-61.62915326902496,150.94339622641508,-0.41906757464641453,半導体,1,0
79560,2026-05-20,2026-05-20,-13.455328310010284,-94.54349000540208,-64.8298217179899,-29.90755845568294,-1.9989479221462436,半導体,2,2
79560,2026-05-21,2026-05-21,-118.40688912809428,32.63530051672569,27.19608376393845,8.13890396093253,-0.7514761137949577,半導体,3,0
79560,2026-05-22,2026-05-22,-2.6881720430105283,5.370569280342963,34.9087003222337,-29.435375970029433,0.21633315305571443,半導体,4,2
79560,2026-05-25,2026-05-25,-282.66666666666663,0.0,41.20879120879106,-43.76367614879695,,半導体,0,0
79560,2026-05-26,2026-05-26,-117.45424747336753,8.285004142503105,57.99502899751508,-49.42339373970373,-0.2698327037236936,半導体,1,0
79560,2026-05-27,2026-05-27,-5.457025920873049,152.71338969184535,46.3594218707386,108.60711376595277,-1.406926406926412,半導体,2,2
79560,2026-05-28,2026-05-28,26.66666666666595,0.0,21.333333333333204,-21.287919105907882,0.2195389681668436,半導体,3,3
79560,2026-05-29,2026-05-29,74.86631016042855,-21.2709385801646,23.929805902684897,-45.092838196286735,-0.383351588170866,半導体,4,4
