section,st_date,en_date,pub_date,FrgnBal,IndBal,InvTrBal,TotBal,ret_week,ret_pub_1w,ret_pub_2w,frgn_next,date,period,frgn_ma4,signal,strat_ret
TSE1st,2016-04-25,2016-04-28,2016-05-10,-80094185.0,86181645.0,-12888509.0,6209112.0,,0.0007116637950406179,-0.0062926061877295325,-310003782.0,2016-04-28,IS,,0,0.0
TSE1st,2016-05-02,2016-05-06,2016-05-13,-310003782.0,257833593.0,-10731095.0,-19696096.0,,0.0175808027632387,0.022527060498867657,57140196.0,2016-05-06,IS,,0,0.0
TSE1st,2016-05-09,2016-05-13,2016-05-19,57140196.0,-10504072.0,25053834.0,-9147847.0,-0.011019552026369062,0.004721074998503605,-0.0035538995630574055,1830353.0,2016-05-13,IS,,0,0.0
TSE1st,2016-05-16,2016-05-20,2016-05-26,1830353.0,-133944909.0,-26928859.0,3932833.0,0.016456701849960176,-0.008236091356572106,-0.004065918517801248,-67242768.0,2016-05-20,IS,-82781854.5,0,-0.0
TSE1st,2016-05-23,2016-05-27,2016-06-02,-67242768.0,-114923802.0,-27843675.0,7814294.0,0.008403800758956637,0.004204803988556938,-0.0677649214227255,-158466670.0,2016-05-27,IS,-79569000.25,0,0.0
TSE1st,2016-05-30,2016-06-03,2016-06-09,-158466670.0,43754712.0,-23961158.0,918873.0,-0.021068659819474256,-0.07166837394665815,-0.028936526570012222,234512790.0,2016-06-03,IS,-41684722.25,0,-0.0
TSE1st,2016-06-06,2016-06-10,2016-06-16,234512790.0,21441462.0,-21415786.0,-5093950.0,-0.0012833694828245923,0.046030799961338964,0.003431167241212618,-217208127.0,2016-06-10,IS,2658426.25,1,0.046030799961338964
TSE1st,2016-06-13,2016-06-17,2016-06-23,-217208127.0,200037101.0,53382224.0,-23867039.0,-0.026242857365282535,-0.04072502714231818,-0.05591702535593024,-121857986.0,2016-06-17,IS,-52101193.75,0,-0.0
TSE1st,2016-06-20,2016-06-24,2016-06-30,-121857986.0,38212493.0,19485155.0,2611092.0,-0.05840414637387725,-0.015836958790194422,0.05244738405227101,11092258.0,2016-06-24,IS,-65754998.25,0,-0.0
TSE1st,2016-06-27,2016-07-01,2016-07-07,11092258.0,-9047252.0,55447238.0,-1768847.0,0.023397728756037184,0.06938316110562859,0.08271823438736159,-165316256.0,2016-07-01,IS,-23365266.25,0,0.0
TSE1st,2016-07-04,2016-07-08,2016-07-14,-165316256.0,160423899.0,-37126273.0,-8761756.0,-0.04127673399526133,0.012469874004698012,0.00883187406571273,363305474.0,2016-07-08,IS,-123322527.75,0,0.0
TSE1st,2016-07-11,2016-07-15,2016-07-22,363305474.0,-505123062.0,-47476295.0,16672154.0,0.048821857157645754,-0.0035931932716137815,-0.0358641366166732,-126460533.0,2016-07-15,IS,21805872.5,1,-0.0035931932716137815
TSE1st,2016-07-19,2016-07-22,2016-07-28,-126460533.0,41377940.0,-10675278.0,-7307863.0,-0.002914247515754309,-0.018370313695485807,0.012410099464422286,83261949.0,2016-07-22,IS,20655235.75,1,-0.018370313695485807
TSE1st,2016-07-25,2016-07-29,2016-08-04,83261949.0,-104861126.0,-36729154.0,24799057.0,-0.0019768213919235667,0.03135644081403588,0.009883163547650398,-450825270.0,2016-07-29,IS,38697658.5,1,0.03135644081403588
TSE1st,2016-08-01,2016-08-05,2016-08-12,-450825270.0,213495156.0,-2113934.0,-15440832.0,-0.03172117443241551,-0.02082042290775532,-0.02669246232674838,39182710.0,2016-08-05,IS,-32679595.0,0,-0.0
TSE1st,2016-08-08,2016-08-12,2016-08-18,39182710.0,-203382030.0,-477768.0,4839275.0,0.013550052469112117,0.01044321694466177,0.03609417488514799,-154532791.0,2016-08-12,IS,-113710286.0,0,0.0
TSE1st,2016-08-15,2016-08-19,2016-08-25,-154532791.0,74224920.0,-27840214.0,764134.0,-0.015919430667689527,0.02538584802226551,0.03195657340888003,177048480.0,2016-08-19,IS,-120728350.5,0,0.0
TSE1st,2016-08-22,2016-08-26,2016-09-01,177048480.0,18509759.0,-36389084.0,4008376.0,-0.012104197349042667,0.0064080515635047686,-0.027120190222674312,-65638823.0,2016-08-26,IS,-97281717.75,0,0.0
TSE1st,2016-08-29,2016-09-02,2016-09-08,-65638823.0,-313546759.0,22433709.0,8103395.0,0.02095580396576402,-0.03331475909209114,-0.007511423158364061,-345413262.0,2016-09-02,IS,-985106.0,0,-0.0
TSE1st,2016-09-05,2016-09-09,2016-09-15,-345413262.0,-88622883.0,-11118388.0,360780.0,7.441306693500849e-06,0.02669259324730433,0.02275749168018093,-472248725.0,2016-09-09,IS,-97134099.0,0,0.0
TSE1st,2016-09-12,2016-09-16,2016-09-26,-472248725.0,165620985.0,7136147.0,724742.0,-0.008767288942634677,-0.00383279434662831,0.015353635165888058,-113069966.0,2016-09-16,IS,-176563082.5,0,-0.0
TSE1st,2016-09-20,2016-09-23,2016-09-29,-113069966.0,-195322179.0,35990510.0,11720287.0,0.024746197711413176,0.007950865438302701,0.002933184440722103,-191752142.0,2016-09-23,IS,-249092694.0,0,0.0
TSE1st,2016-09-26,2016-09-30,2016-10-06,-191752142.0,54538951.0,-32730748.0,11312487.0,-0.009776619954485533,-0.004978100788076145,0.008390389458834635,281492540.0,2016-09-30,IS,-280621023.75,0,-0.0
TSE1st,2016-10-03,2016-10-07,2016-10-14,281492540.0,-287845770.0,-43225492.0,11069417.0,0.014946795719610328,0.013435372887268926,0.0335661636443263,116018970.0,2016-10-07,IS,-123894573.25,0,0.0
TSE1st,2016-10-11,2016-10-14,2016-10-20,116018970.0,-16592708.0,-50368234.0,5904644.0,-0.006753419102738856,0.008177706448789124,-0.017332944266121975,67615894.0,2016-10-14,IS,23172350.5,1,0.008177706448789124
TSE1st,2016-10-17,2016-10-21,2016-10-27,67615894.0,-182740466.0,-67621228.0,10691571.0,0.009411782102087818,-0.025303724285641982,-0.002698967445966427,10578005.0,2016-10-21,IS,68343815.5,1,-0.025303724285641982
TSE1st,2016-10-24,2016-10-28,2016-11-04,10578005.0,-286920212.0,-91192075.0,14558770.0,0.01813382470148661,0.023191590450172272,0.06044363938710062,-53782038.0,2016-10-28,IS,118926352.25,1,0.023191590450172272
TSE1st,2016-10-31,2016-11-04,2016-11-10,-53782038.0,115286905.0,19875146.0,-2251492.0,-0.03300742272185608,0.03395211973698542,0.06406800595778694,398296280.0,2016-11-04,IS,35107707.75,1,0.03395211973698542
TSE1st,2016-11-07,2016-11-11,2016-11-17,398296280.0,-413912651.0,-85218976.0,24635382.0,0.01135896683299098,0.029126964049807524,0.03857829496584886,482414552.0,2016-11-11,IS,105677035.25,1,0.029126964049807524
TSE1st,2016-11-14,2016-11-18,2016-11-25,482414552.0,-433793816.0,-163989525.0,31877896.0,0.020328571428571474,0.009183833721398749,0.04153550968570108,305158930.0,2016-11-18,IS,209376699.75,1,0.009183833721398749
TSE1st,2016-11-21,2016-11-25,2016-12-01,305158930.0,-439850836.0,-67601630.0,33753886.0,0.014969541141981901,0.019834554733797694,0.040080362981790296,416530504.0,2016-11-25,IS,283021931.0,1,0.019834554733797694
TSE1st,2016-11-28,2016-12-02,2016-12-08,416530504.0,-306421084.0,54092756.0,29693488.0,0.005715918833952616,0.019852051643099333,0.020579233021967402,566487565.0,2016-12-02,IS,400600066.5,1,0.019852051643099333
TSE1st,2016-12-05,2016-12-09,2016-12-15,566487565.0,-378286240.0,38109453.0,32803177.0,0.03981021977422694,0.0007130263430823458,-0.015628241028832313,89200020.0,2016-12-09,IS,442647887.75,1,0.0007130263430823458
TSE1st,2016-12-12,2016-12-16,2016-12-22,89200020.0,-487482799.0,-173663540.0,13175630.0,0.01256342111621156,-0.016329623919887015,0.004262154914433047,-192310766.0,2016-12-16,IS,344344254.75,1,-0.016329623919887015
TSE1st,2016-12-19,2016-12-22,2016-12-29,-192310766.0,-201580011.0,-52745218.0,12058753.0,-0.0033826966031011985,0.015753528408379847,-0.006118322697067469,12766177.0,2016-12-22,IS,219976830.75,1,0.015753528408379847
TSE1st,2016-12-26,2016-12-30,2017-01-10,12766177.0,-186084945.0,-78469060.0,15308581.0,-0.012697153705124475,-0.021532636110768943,-0.023328643398538573,222260039.0,2016-12-30,IS,119035749.0,1,-0.021532636110768943
TSE1st,2017-01-04,2017-01-06,2017-01-13,222260039.0,-239910460.0,-44315467.0,6546353.0,-0.0007462302506304752,-0.007398585012525216,0.002822207406352417,118667551.0,2017-01-06,IS,32978867.5,1,-0.007398585012525216
TSE1st,2017-01-10,2017-01-13,2017-01-19,118667551.0,-2661762.0,-57750900.0,-855001.0,0.001672815452146592,0.01103294833622348,-0.011608808035860396,-95007313.0,2017-01-13,IS,40345750.25,1,0.01103294833622348
TSE1st,2017-01-16,2017-01-20,2017-01-26,-95007313.0,-1031370.0,-103851141.0,-1974372.0,0.001842366591752409,-0.022394677057106405,-0.020362327751923925,-204483393.0,2017-01-20,IS,64671613.5,1,-0.022394677057106405
TSE1st,2017-01-23,2017-01-27,2017-02-02,-204483393.0,-138844328.0,-44575772.0,-377862.0,0.02285706740259985,0.0020789057275838463,0.026919842956548035,-241670328.0,2017-01-27,IS,10359221.0,1,0.0020789057275838463
TSE1st,2017-01-30,2017-02-03,2017-02-09,-241670328.0,197537541.0,-77101415.0,-9804955.0,-0.01864267345524262,0.024789402398335048,0.028211819893627643,141603400.0,2017-02-03,IS,-105623370.75,0,0.0
TSE1st,2017-02-06,2017-02-10,2017-02-16,141603400.0,-174491517.0,-25696610.0,8666115.0,0.01719261782928383,0.003339630061828247,0.00878103502743266,-91491442.0,2017-02-10,IS,-99889408.5,0,0.0
TSE1st,2017-02-13,2017-02-17,2017-02-23,-91491442.0,25375253.0,-11065260.0,-4314959.0,-0.006215416291339704,0.005423293172690746,-0.0010088353413654216,-73091032.0,2017-02-17,IS,-99010440.75,0,0.0
TSE1st,2017-02-20,2017-02-24,2017-03-02,-73091032.0,-45013737.0,-54277323.0,3556147.0,0.0020232577682111064,-0.006397433357406279,0.005112833852072951,-79743382.0,2017-02-24,IS,-66162350.5,0,-0.0
TSE1st,2017-02-27,2017-03-03,2017-03-09,-79743382.0,-87282354.0,-59130173.0,13404724.0,0.015677966101694807,0.01158437749247443,-0.006921038413049585,-93732725.0,2017-03-03,IS,-25680614.0,0,0.0
TSE1st,2017-03-06,2017-03-10,2017-03-16,-93732725.0,-108377743.0,-50461708.0,15514825.0,0.012290179432760784,-0.01829349712912265,-0.03820841996833457,-387964019.0,2017-03-10,IS,-84514645.25,0,-0.0
TSE1st,2017-03-13,2017-03-17,2017-03-24,-387964019.0,108871965.0,-58344423.0,-8305870.0,-0.007322175732217717,-0.0202860251826521,-0.03507306078035133,-375127010.0,2017-03-17,IS,-158632789.5,0,-0.0
TSE1st,2017-03-21,2017-03-24,2017-03-30,-375127010.0,329813395.0,-48713633.0,-28205062.0,-0.012472656100088297,-0.03103581458375604,-0.03880622418319046,-73803870.0,2017-03-24,IS,-234141784.0,0,-0.0
TSE1st,2017-03-27,2017-03-31,2017-04-06,-73803870.0,78887674.0,-30593608.0,-6850509.0,-0.007734241237478678,-0.008019294950614153,-0.00497912416057511,106718908.0,2017-03-31,IS,-232656906.0,0,-0.0
TSE1st,2017-04-03,2017-04-07,2017-04-13,106718908.0,-3575956.0,-2164639.0,-23158730.0,-0.01796932163503684,0.003064747907458143,0.04655692598974337,101310202.0,2017-04-07,IS,-182543997.75,0,0.0
TSE1st,2017-04-10,2017-04-14,2017-04-20,101310202.0,-48466449.0,-2718076.0,-11990261.0,-0.027059647251025387,0.04335929278046735,0.07398102946069085,288372494.0,2017-04-14,IS,-60225442.5,0,0.0
TSE1st,2017-04-17,2017-04-21,2017-04-27,288372494.0,-98951587.0,18268423.0,-2210337.0,0.015617217829145158,0.029349177116752445,0.030950041323120736,277015438.0,2017-04-21,IS,105649433.5,1,0.029349177116752445
TSE1st,2017-04-24,2017-04-28,2017-05-09,277015438.0,-438047711.0,54982222.0,10685429.0,0.019032856791223907,0.001555219785430273,-0.01046296237758959,155592329.0,2017-04-28,IS,193354260.5,1,0.001555219785430273
TSE1st,2017-05-01,2017-05-02,2017-05-11,155592329.0,-185915076.0,-17471499.0,2863365.0,0.00683868369951357,-0.02007108377550626,-0.005318679656680425,560613204.0,2017-05-02,IS,205572615.75,1,-0.02007108377550626
TSE1st,2017-05-08,2017-05-12,2017-05-18,560613204.0,-514592122.0,-171435390.0,20158891.0,-0.003247449333484531,0.015054565565494782,0.020019163863898015,30606994.0,2017-05-12,IS,320398366.25,1,0.015054565565494782
TSE1st,2017-05-15,2017-05-19,2017-05-25,30606994.0,23178610.0,-178848347.0,-4930567.0,-0.012829113924050617,0.004890966916283324,0.007596203798735379,19286138.0,2017-05-19,IS,255956991.25,1,0.004890966916283324
TSE1st,2017-05-22,2017-05-26,2017-06-01,19286138.0,-80986019.0,45519060.0,-3985237.0,0.001129078557075891,0.002692070056867557,0.0012293996746817193,439296568.0,2017-05-26,IS,191524666.25,1,0.002692070056867557
TSE1st,2017-05-29,2017-06-02,2017-06-08,439296568.0,-338930683.0,53897457.0,19968880.0,0.02674164602186968,-0.001458743342911628,0.012556510585320702,-33967550.0,2017-06-02,IS,262450726.0,1,-0.001458743342911628
TSE1st,2017-06-05,2017-06-09,2017-06-15,-33967550.0,-1922067.0,-167034621.0,2810252.0,-0.011372882724522748,0.014035728453677176,0.02265614669193816,-189691002.0,2017-06-09,IS,113805537.5,1,0.014035728453677176
TSE1st,2017-06-12,2017-06-16,2017-06-22,-189691002.0,31383100.0,-50838048.0,8003852.0,0.00282114919418186,0.008501099119462285,0.003198002955824064,-10597204.0,2017-06-16,IS,58731038.5,1,0.008501099119462285
TSE1st,2017-06-19,2017-06-23,2017-06-29,-10597204.0,-221440476.0,-87161348.0,10550333.0,0.003281301562198413,-0.005258394034739822,-0.0030540555517927226,8038267.0,2017-06-23,IS,51260203.0,1,-0.005258394034739822
TSE1st,2017-06-26,2017-06-30,2017-07-06,8038267.0,-155167856.0,-24077066.0,4894183.0,-0.00019228264307991072,0.0022159910369972113,0.008950623015357317,21645088.0,2017-06-30,IS,-56554372.25,0,0.0
TSE1st,2017-07-03,2017-07-07,2017-07-13,21645088.0,-89424532.0,45538392.0,8777720.0,-0.004552746823917153,0.006719741092328535,0.001303185083163072,189409453.0,2017-07-07,IS,-42651212.75,0,0.0
TSE1st,2017-07-10,2017-07-14,2017-07-21,189409453.0,-164257429.0,5471117.0,10324367.0,0.006190110679178851,-0.005380401106755195,0.0008957110166321058,75510935.0,2017-07-14,IS,52123901.0,1,-0.005380401106755195
TSE1st,2017-07-18,2017-07-21,2017-07-27,75510935.0,-86438785.0,19147531.0,-705959.0,0.005868631516587675,0.004290526419316043,-0.005894863662068706,-120751524.0,2017-07-21,IS,73650935.75,1,0.004290526419316043
TSE1st,2017-07-24,2017-07-28,2017-08-03,-120751524.0,43857985.0,-11682479.0,-9181857.0,-0.00021584020424647576,-0.010141876094061697,-0.02231579978210574,-19693228.0,2017-07-28,IS,41453488.0,1,-0.010141876094061697
TSE1st,2017-07-31,2017-08-04,2017-08-10,-19693228.0,-137579330.0,109451514.0,8103846.0,0.007932732406200405,-0.012298655124439728,-0.012527438553099346,-279035821.0,2017-08-04,IS,31118909.0,1,-0.012298655124439728
TSE1st,2017-08-07,2017-08-10,2017-08-17,-279035821.0,49346985.0,8758693.0,-4700716.0,-0.013432808506225302,-0.01400775318611358,0.0016038939324507506,-214099233.0,2017-08-10,IS,-85992409.5,0,-0.0
TSE1st,2017-08-14,2017-08-18,2017-08-24,-214099233.0,123273414.0,-26691380.0,-12324696.0,-0.0010631245856941307,0.015833438010300238,0.003793493279738769,-159271709.0,2017-08-18,IS,-158394951.5,0,0.0
TSE1st,2017-08-21,2017-08-25,2017-08-31,-159271709.0,20518783.0,34738804.0,-3206377.0,0.0011283922291387416,-0.011852282352650234,0.009100970069432002,-62486499.0,2017-08-25,IS,-168024997.75,0,-0.0
TSE1st,2017-08-28,2017-09-01,2017-09-07,-62486499.0,-87407834.0,16964276.0,-8613409.0,0.012167837412194071,0.02120457503253581,0.04152692962258486,-292958493.0,2017-09-01,IS,-178723315.5,0,0.0
TSE1st,2017-09-04,2017-09-08,2017-09-14,-292958493.0,62130063.0,47409043.0,-13657293.0,-0.00624239967571949,0.019900375582827312,0.02611311598953514,-427557303.0,2017-09-08,IS,-182203983.5,0,0.0
TSE1st,2017-09-11,2017-09-15,2017-09-22,-427557303.0,-424646997.0,47195140.0,14475802.0,0.01654819942192942,0.006091516931894025,0.01354671664834406,-58817240.0,2017-09-15,IS,-235568501.0,0,0.0
TSE1st,2017-09-19,2017-09-22,2017-09-28,-58817240.0,-328751097.0,-73790346.0,24388389.0,-0.001960572703072261,0.003770500605547067,0.019359611495253892,183095663.0,2017-09-22,IS,-210454883.75,0,0.0
TSE1st,2017-09-25,2017-09-29,2017-10-05,183095663.0,-215958757.0,-184324829.0,22712130.0,0.0011537403904784416,0.015530552930477892,0.02861829787992809,658926771.0,2017-09-29,IS,-149059343.25,0,0.0
TSE1st,2017-10-02,2017-10-06,2017-10-13,658926771.0,-380123600.0,-3307176.0,5567710.0,0.008090247487482438,0.012887593496506033,0.03653825894581586,454764905.0,2017-10-06,IS,88911972.75,1,0.012887593496506033
TSE1st,2017-10-10,2017-10-13,2017-10-19,454764905.0,-343891488.0,-29860411.0,20031547.0,0.0079521455455005,0.013791588633788932,0.03701648516797307,456052090.0,2017-10-13,IS,309492524.75,1,0.013791588633788932
TSE1st,2017-10-16,2017-10-20,2017-10-26,456052090.0,-506558994.0,-108206172.0,-8482606.0,0.006665968659477217,0.022908945777980305,0.026535150236615568,667897142.0,2017-10-20,IS,438209857.25,1,0.022908945777980305
TSE1st,2017-10-23,2017-10-27,2017-11-02,667897142.0,-592476917.0,-79664551.0,36668323.0,0.014782982380747711,0.0035449924195132265,-0.016900026754659736,47211581.0,2017-10-27,IS,559410227.0,1,0.0035449924195132265
TSE1st,2017-10-30,2017-11-02,2017-11-09,47211581.0,-130325444.0,-37089150.0,19057753.0,0.013123715298954064,-0.02834907975798484,-0.017952578718334777,65933617.0,2017-11-02,IS,406481429.5,1,-0.02834907975798484
TSE1st,2017-11-06,2017-11-10,2017-11-16,65933617.0,-128176816.0,-77041523.0,17260768.0,0.0043399194493098925,0.010699831413796712,0.019764887524053254,-317303362.0,2017-11-10,IS,309273607.5,1,0.010699831413796712
TSE1st,2017-11-13,2017-11-17,2017-11-24,-317303362.0,238617923.0,11841380.0,-15587050.0,-0.011062579549086404,0.008969088376690415,0.013012760030552295,-285438843.0,2017-11-17,IS,115934744.5,1,0.008969088376690415
TSE1st,2017-11-20,2017-11-24,2017-11-30,-285438843.0,-40889423.0,82996898.0,-1872524.0,0.011883044923706398,-0.0032532029820097064,0.008961653497611799,-198066416.0,2017-11-24,IS,-122399251.75,0,-0.0
TSE1st,2017-11-27,2017-12-01,2017-12-07,-198066416.0,-71418778.0,37598977.0,-5390423.0,0.011144068035098265,0.01225472358292512,0.02035549335199427,-205892707.0,2017-12-01,IS,-183718751.0,0,0.0
TSE1st,2017-12-04,2017-12-08,2017-12-14,-205892707.0,-79171378.0,174469566.0,12383529.0,0.00943549334870486,0.008002698906057981,0.006022763724047753,-6513684.0,2017-12-08,IS,-251675332.0,0,0.0
TSE1st,2017-12-11,2017-12-15,2017-12-21,-6513684.0,-84767652.0,21258350.0,10307790.0,-0.010957680302645878,-0.0019642161515628365,0.03813212919933506,116838171.0,2017-12-15,IS,-173977912.5,0,-0.0
TSE1st,2017-12-18,2017-12-22,2017-12-28,116838171.0,-324065339.0,8487091.0,12420664.0,0.006149953242752471,0.040175258242030054,0.03946608906944915,-16994765.0,2017-12-22,IS,-73408659.0,0,0.0
TSE1st,2017-12-25,2017-12-29,2018-01-10,-16994765.0,-94865002.0,26407882.0,-625888.0,-0.007844186186153457,-0.0006817785435307977,0.004820015749612994,481979330.0,2017-12-29,IS,-28140746.25,0,-0.0
TSE1st,2018-01-04,2018-01-05,2018-01-12,481979330.0,-566547996.0,41566053.0,11405874.0,0.008863516863216292,0.007195241546923636,0.001678889694282315,-21979669.0,2018-01-05,IS,143827263.0,1,0.007195241546923636
TSE1st,2018-01-09,2018-01-12,2018-01-18,-21979669.0,167244053.0,17762198.0,-17596966.0,-0.006907356731894021,0.004102596890551258,-0.0034206067580958566,-199120712.0,2018-01-12,IS,139960766.75,1,0.004102596890551258
TSE1st,2018-01-15,2018-01-19,2018-01-25,-199120712.0,-41158770.0,-11713882.0,-7073908.0,0.003099952226763625,-0.007492465084688149,-0.06307573120516186,-358861679.0,2018-01-19,IS,60971046.0,1,-0.007492465084688149
TSE1st,2018-01-22,2018-01-26,2018-02-01,-358861679.0,189570912.0,81055415.0,-20055699.0,-0.006622901602604703,-0.056002865635893184,-0.07114368811616523,-331711422.0,2018-01-26,IS,-24495682.5,0,-0.0
TSE1st,2018-01-29,2018-02-02,2018-02-08,-331711422.0,254716008.0,127093506.0,-25322134.0,-0.008641548565502921,-0.016039055553353165,-0.0029223702915007754,-639346153.0,2018-02-02,IS,-227918370.5,0,-0.0
TSE1st,2018-02-05,2018-02-09,2018-02-16,-639346153.0,746691797.0,100503136.0,-46544649.0,-0.050319672760371525,0.013330493792341302,-0.016709163851108322,-28615757.0,2018-02-09,IS,-382259991.5,0,0.0
TSE1st,2018-02-13,2018-02-16,2018-02-22,-28615757.0,80928858.0,-9997451.0,-15743954.0,0.011993382961124954,-0.003418911102584521,-0.02074253938619952,-111597901.0,2018-02-16,IS,-339633752.75,0,-0.0
TSE1st,2018-02-19,2018-02-23,2018-03-01,-111597901.0,74181865.0,37598876.0,-27313008.0,-0.008235923724755678,-0.017383059418457636,0.0019537984139752496,-348611391.0,2018-02-23,IS,-277817808.25,0,-0.0
TSE1st,2018-02-26,2018-03-02,2018-03-08,-348611391.0,335911663.0,42602890.0,-16991531.0,-0.037451896259317885,0.019678937980642575,-0.026322407087926547,-370658262.0,2018-03-02,IS,-282042800.5,0,0.0
TSE1st,2018-03-05,2018-03-09,2018-03-15,-370658262.0,76353854.0,88863191.0,-10885836.0,0.012208002171360421,-0.04511355815554019,-0.01565726083964214,-176140187.0,2018-03-09,IS,-214870827.75,0,-0.0
TSE1st,2018-03-12,2018-03-16,2018-03-23,-176140187.0,-76646100.0,74361590.0,475344.0,-0.002681904324355333,0.030847958484990334,0.032649825218926676,-444032692.0,2018-03-16,IS,-251751935.25,0,0.0
TSE1st,2018-03-19,2018-03-23,2018-03-29,-444032692.0,441429601.0,-47037301.0,-14686695.0,-0.03199474409437375,0.012095070422535104,0.00852112676056338,9520949.0,2018-03-23,IS,-334860633.0,0,0.0
TSE1st,2018-03-26,2018-03-30,2018-04-05,9520949.0,-35581935.0,67153236.0,12961024.0,0.026912859296843283,-0.0035312331483638992,0.01482654049321308,179224815.0,2018-03-30,IS,-245327548.0,0,-0.0
TSE1st,2018-04-02,2018-04-06,2018-04-12,179224815.0,-147203953.0,-55186003.0,45822401.0,0.0061564390968995575,0.018422828945837244,0.03119544724530421,82060908.0,2018-04-06,IS,-107856778.75,0,0.0
TSE1st,2018-04-09,2018-04-13,2018-04-19,82060908.0,-159314000.0,-10766949.0,28631453.0,0.002016362667160987,0.012541567153092847,0.01693540093018986,119258380.0,2018-04-13,IS,-43306505.0,0,0.0
TSE1st,2018-04-16,2018-04-20,2018-04-26,119258380.0,-253037699.0,31651515.0,7117854.0,0.008587621384386734,0.0043394107655758685,0.01863294453567166,-134083950.0,2018-04-20,IS,97516263.0,1,0.0043394107655758685
TSE1st,2018-04-23,2018-04-27,2018-05-08,-134083950.0,-270260294.0,45362346.0,17929866.0,0.015101754065307782,0.01423177624703631,0.016715173444505682,2529814.0,2018-04-27,IS,61615038.25,1,0.01423177624703631
TSE1st,2018-05-01,2018-05-02,2018-05-10,2529814.0,-53091923.0,-20108602.0,2331128.0,-0.0014992841763519227,0.017298410233908212,-0.001108223354822635,-804877.0,2018-05-02,IS,17441288.0,1,0.017298410233908212
TSE1st,2018-05-07,2018-05-11,2018-05-17,-804877.0,-293099061.0,-32602196.0,16239461.0,0.012283016952593595,-0.018093642340892502,-0.0336877961921509,-97513054.0,2018-05-11,IS,-3275158.25,0,-0.0
TSE1st,2018-05-14,2018-05-18,2018-05-24,-97513054.0,-349872243.0,-8454216.0,14059399.0,0.005166341809160979,-0.015881508180103032,0.0075240052938359,-340446175.0,2018-05-18,IS,-57468016.75,0,-0.0
TSE1st,2018-05-21,2018-05-25,2018-05-31,-340446175.0,159993292.0,-81238226.0,-3246569.0,-0.02318401102687795,0.02378322698789659,0.020853243297376256,-303421572.0,2018-05-25,IS,-109058573.0,0,0.0
TSE1st,2018-05-28,2018-06-01,2018-06-07,-303421572.0,219357159.0,-140278564.0,6684361.0,-0.012002801595101698,-0.0028619180440577763,-0.02145320596307443,20265031.0,2018-06-01,IS,-185546419.5,0,-0.0
TSE1st,2018-06-04,2018-06-08,2018-06-14,20265031.0,-299688507.0,5851030.0,17419733.0,0.003803481171359424,-0.018644647371754974,-0.03189097982498923,16580602.0,2018-06-08,IS,-180278942.5,0,-0.0
TSE1st,2018-06-11,2018-06-15,2018-06-21,16580602.0,-126811438.0,-9983915.0,12718803.0,0.0012312238364935446,-0.013497997863626265,-0.04251612276723238,-390096414.0,2018-06-15,IS,-151755528.5,0,-0.0
TSE1st,2018-06-18,2018-06-22,2018-06-28,-390096414.0,189892149.0,27804230.0,-6056899.0,-0.015016116922486389,-0.029415170816444625,-0.010028951939779929,-285755895.0,2018-06-22,IS,-164168088.25,0,-0.0
TSE1st,2018-06-25,2018-06-29,2018-07-05,-285755895.0,74752659.0,62024642.0,2509207.0,0.0015159668338859955,0.01997375014914682,0.04103328958358188,-36201265.0,2018-06-29,IS,-159751669.0,0,0.0
TSE1st,2018-07-02,2018-07-06,2018-07-12,-36201265.0,72347851.0,2362300.0,2570905.0,-0.002212010924384611,0.020647138645828456,0.0386505076973469,324625544.0,2018-07-06,IS,-173868243.0,0,0.0
TSE1st,2018-07-09,2018-07-13,2018-07-20,324625544.0,-235310940.0,467998.0,-7029665.0,0.010678880002804148,0.017639170649520253,-0.0013753739297872603,25779876.0,2018-07-13,IS,-96857007.5,0,0.0
TSE1st,2018-07-17,2018-07-20,2018-07-26,25779876.0,-81098122.0,13668119.0,12894830.0,-4.0113463797508686e-05,-0.0077529477058297935,-0.014509168752619206,95494144.0,2018-07-20,IS,7112065.0,1,-0.0077529477058297935
TSE1st,2018-07-23,2018-07-27,2018-08-02,95494144.0,-229583452.0,78998346.0,21423036.0,0.021314775406913178,-0.006809010952633643,-0.037064306057337126,-50127935.0,2018-07-27,IS,102424574.75,1,-0.006809010952633643
TSE1st,2018-07-30,2018-08-03,2018-08-09,-50127935.0,55642173.0,51305448.0,982537.0,-0.01446144275089789,-0.030462716072085283,-0.02410123207061421,-36701558.0,2018-08-03,IS,98942907.25,1,-0.030462716072085283
TSE1st,2018-08-06,2018-08-10,2018-08-16,-36701558.0,35999209.0,-3008698.0,-2329406.0,-0.007351837959489904,0.006561360874848043,0.030815280206265117,-345539304.0,2018-08-10,IS,8611131.75,1,0.006561360874848043
TSE1st,2018-08-13,2018-08-17,2018-08-23,-345539304.0,223947414.0,49230245.0,10507160.0,0.008333828333828341,0.024095817974114198,-0.0034212292871359518,-91874123.0,2018-08-17,IS,-84218663.25,0,0.0
TSE1st,2018-08-20,2018-08-24,2018-08-30,-91874123.0,-36943187.0,12445758.0,124706.0,0.010075938894306136,-0.026869602217187816,-0.01674390790850655,35284464.0,2018-08-24,IS,-131060730.0,0,-0.0
TSE1st,2018-08-27,2018-08-31,2018-09-06,35284464.0,-228077951.0,-18980022.0,14560458.0,0.0037016686428177348,0.01040528004443364,0.06594737681767415,-508022025.0,2018-08-31,IS,-109707630.25,0,0.0
TSE1st,2018-09-03,2018-09-07,2018-09-13,-508022025.0,347046310.0,42751019.0,735918.0,-0.020926460928553547,0.05497011730856949,0.06312206874773407,-292728334.0,2018-09-07,IS,-227537747.0,0,0.0
TSE1st,2018-09-10,2018-09-14,2018-09-21,-292728334.0,-211996034.0,11812475.0,22693909.0,0.02429471264095384,0.00772718706001041,-0.023780224166029207,264848681.0,2018-09-14,IS,-214335004.5,0,0.0
TSE1st,2018-09-18,2018-09-21,2018-09-28,264848681.0,-658395905.0,-223454642.0,89912499.0,0.025081255540150282,-0.01353693768056119,-0.07803549319025993,372503705.0,2018-09-21,IS,-125154303.5,0,-0.0
TSE1st,2018-09-25,2018-09-28,2018-10-04,372503705.0,-332489050.0,-135633943.0,31762139.0,-0.0028478303812471406,-0.05481931389803407,-0.0601491236349303,595718561.0,2018-09-28,IS,-40849493.25,0,-0.0
TSE1st,2018-10-01,2018-10-05,2018-10-12,595718561.0,-5667918.0,-124373400.0,2466400.0,-0.013922198508217964,-0.005638932127228435,-0.06252165996064496,-317730705.0,2018-10-05,IS,235085653.25,1,-0.005638932127228435
TSE1st,2018-10-09,2018-10-12,2018-10-18,-317730705.0,589596976.0,105158134.0,-22567225.0,-0.03331402743708545,-0.060845691758963816,-0.04258377135348235,-212797128.0,2018-10-12,IS,228835060.5,1,-0.060845691758963816
TSE1st,2018-10-15,2018-10-19,2018-10-25,-212797128.0,275582607.0,157418393.0,-29547665.0,0.010391300195769393,0.01944506908527588,0.05017739799615217,-308723232.0,2018-10-19,IS,109423608.25,1,0.01944506908527588
TSE1st,2018-10-22,2018-10-26,2018-11-01,-308723232.0,322216777.0,149998598.0,23002456.0,-0.0585733582648601,0.03014613522870002,0.00424006617444328,7418835.0,2018-10-26,IS,-60883126.0,0,0.0
TSE1st,2018-10-29,2018-11-02,2018-11-08,7418835.0,-144212703.0,99547086.0,-13834086.0,0.04353405973980218,-0.025147955390334542,-0.031101858736059418,204506724.0,2018-11-02,IS,-207958057.5,0,-0.0
TSE1st,2018-11-05,2018-11-09,2018-11-15,204506724.0,-171167865.0,-26012265.0,-80644720.0,0.019867226696090423,-0.006107494340958031,0.017376767115932612,-39234237.0,2018-11-09,IS,-77398700.25,0,-0.0
TSE1st,2018-11-12,2018-11-16,2018-11-22,-39234237.0,116578672.0,26293742.0,-1730697.0,-0.025509136038757152,0.023628572831745354,-0.005224192122581295,-97024926.0,2018-11-16,IS,-34007977.5,0,0.0
TSE1st,2018-11-19,2018-11-22,2018-11-29,-97024926.0,-22256114.0,14061310.0,-771615.0,-0.005282087920811307,-0.02944916147926757,-0.025803419163949903,-213514306.0,2018-11-22,IS,18916599.0,1,-0.02944916147926757
TSE1st,2018-11-26,2018-11-30,2018-12-06,-213514306.0,-337264734.0,80016279.0,-16393797.0,0.02159661806151214,0.003756364087917685,-0.05801564634297762,-555188978.0,2018-11-30,IS,-36316686.25,0,0.0
TSE1st,2018-12-03,2018-12-07,2018-12-13,-555188978.0,203678594.0,104072892.0,15306076.0,-0.040614546638642945,-0.06154084062722298,-0.07581109083598814,-141125026.0,2018-12-07,IS,-226240611.75,0,-0.0
TSE1st,2018-12-10,2018-12-14,2018-12-20,-141125026.0,26451431.0,124562192.0,29619682.0,0.0014781640573402477,-0.015206042869572167,0.0031967623717998883,-326760433.0,2018-12-14,IS,-251713309.0,0,-0.0
TSE1st,2018-12-17,2018-12-21,2018-12-28,-326760433.0,-88864317.0,205389480.0,40263034.0,-0.06649730272236853,0.018686959955558358,0.04250078643187494,-73168924.0,2018-12-21,IS,-309147185.75,0,0.0
TSE1st,2018-12-25,2018-12-28,2019-01-09,-73168924.0,-142888463.0,73073071.0,-5728210.0,0.05548373423757558,0.005269980652852224,0.011393320348378921,-203269343.0,2018-12-28,IS,-274060840.25,0,0.0
TSE1st,2019-01-04,2019-01-04,2019-01-11,-203269343.0,41661955.0,21226170.0,-10194294.0,,0.023951939231106056,0.016852647199179005,-286184031.0,2019-01-04,IS,-186080931.5,0,0.0
TSE1st,2019-01-07,2019-01-11,2019-01-18,-286184031.0,-176376270.0,134336876.0,-13012513.0,0.011371675272556558,0.005463568718340417,0.004519803029038538,-51681637.0,2019-01-11,IS,-222345682.75,0,0.0
TSE1st,2019-01-15,2019-01-18,2019-01-24,-51681637.0,-91229144.0,-18074569.0,19466054.0,0.009638819746940364,0.009590364549787456,0.010582249130490773,139972315.0,2019-01-18,IS,-153575983.75,0,0.0
TSE1st,2019-01-21,2019-01-25,2019-01-31,139972315.0,-88965928.0,-18889031.0,-13492844.0,-0.00017237306638917538,0.0009824624080536637,0.00625203350579584,-106970311.0,2019-01-25,IS,-100290674.0,0,0.0
TSE1st,2019-01-28,2019-02-01,2019-02-07,-106970311.0,-21402307.0,64813361.0,11022225.0,0.0058630288458447755,0.005264399023600541,0.025805752598739407,-141172916.0,2019-02-01,IS,-76215916.0,0,0.0
TSE1st,2019-02-04,2019-02-08,2019-02-15,-141172916.0,20200927.0,26235529.0,3492498.0,-0.026515654543959766,0.02043378199316548,0.024364574681891238,-61407267.0,2019-02-08,IS,-39963137.25,0,0.0
TSE1st,2019-02-12,2019-02-15,2019-02-21,-61407267.0,-237499866.0,-17696668.0,4354503.0,0.0029823222688540874,-0.0036194607995041483,-0.007338084908583786,-711267.0,2019-02-15,IS,-42394544.75,0,-0.0
TSE1st,2019-02-18,2019-02-22,2019-02-28,-711267.0,-236416612.0,-45493648.0,19591833.0,0.00471921895677796,-0.003732132416058076,-0.0120485674831744,-190011768.0,2019-02-22,IS,-77565440.25,0,-0.0
TSE1st,2019-02-25,2019-03-01,2019-03-07,-190011768.0,-86297796.0,17102047.0,53061865.0,-0.003177306014671033,-0.008347589376022424,0.009646242023900076,-550731127.0,2019-03-01,IS,-98325804.5,0,-0.0
TSE1st,2019-03-04,2019-03-08,2019-03-14,-550731127.0,166813470.0,-28904446.0,517596.0,-0.03388445493029568,0.018145300921116325,0.002109186609498437,-498292775.0,2019-03-08,IS,-200715357.25,0,0.0
TSE1st,2019-03-11,2019-03-15,2019-03-22,-498292775.0,-131565663.0,-140650812.0,11242634.0,0.013399180493727236,-0.015750320015335828,0.0053428647401847496,-383863775.0,2019-03-15,IS,-309936734.25,0,-0.0
TSE1st,2019-03-18,2019-03-22,2019-03-28,-383863775.0,39040.0,-11326855.0,19428530.0,0.0021255763224430346,0.02350191110970723,0.014954038601257214,-78519628.0,2019-03-22,IS,-405724861.25,0,0.0
TSE1st,2019-03-25,2019-03-29,2019-04-04,-78519628.0,75101303.0,-107267043.0,16393444.0,0.009021116894149195,-0.008351594086602243,-0.0031357056880959577,630784803.0,2019-03-29,IS,-377851826.25,0,-0.0
TSE1st,2019-04-01,2019-04-05,2019-04-11,630784803.0,-551773014.0,57667359.0,51177893.0,0.0061517133821427095,0.005259816248786242,0.008565097228792729,141153416.0,2019-04-05,IS,-82472843.75,0,0.0
TSE1st,2019-04-08,2019-04-12,2019-04-18,141153416.0,-27087508.0,-61247993.0,-8535879.0,-0.009097979186983851,0.003287986773748086,-0.040588989269150444,546501361.0,2019-04-12,IS,77388704.0,1,0.003287986773748086
TSE1st,2019-04-15,2019-04-19,2019-04-25,546501361.0,-309400338.0,-79329359.0,9657995.0,-0.0067570472931882675,-0.04373318191917441,-0.04075221566642806,301659418.0,2019-04-19,IS,309979988.0,1,-0.04373318191917441
TSE1st,2019-04-22,2019-04-26,2019-05-10,301659418.0,-32064112.0,-57421002.0,4145043.0,-0.0004262890610519099,0.0031172955041240957,-0.005298756954215111,-8312811.0,2019-04-26,IS,405024749.5,1,0.0031172955041240957
TSE1st,2019-05-07,2019-05-10,2019-05-16,-8312811.0,358638924.0,3557154.0,-10367286.0,-0.031515651565156455,0.001970667620565081,-0.003622646418002584,-118856192.0,2019-05-10,IS,245250346.0,1,0.001970667620565081
TSE1st,2019-05-13,2019-05-17,2019-05-23,-118856192.0,-33711596.0,42566824.0,-1977037.0,0.008506689852965987,-0.005582313154785856,-0.010171493852964342,-62306633.0,2019-05-17,IS,180247944.0,1,-0.005582313154785856
TSE1st,2019-05-20,2019-05-24,2019-05-30,-62306633.0,50141682.0,-29550822.0,14985133.0,-0.008817173873897022,-0.0046149427538217935,0.006214180341779896,-270088547.0,2019-05-24,IS,28045945.5,1,-0.0046149427538217935
TSE1st,2019-05-27,2019-05-31,2019-06-06,-270088547.0,117495251.0,56235492.0,26966033.0,-0.022443438914027114,0.010879330583444258,0.02294561646261095,-98687699.0,2019-05-31,IS,-114891045.75,0,0.0
TSE1st,2019-06-03,2019-06-07,2019-06-13,-98687699.0,-95662862.0,54671834.0,17531890.0,0.02230212947643695,0.011936425559520014,0.0076354200454102905,-179240650.0,2019-06-07,IS,-137484767.75,0,0.0
TSE1st,2019-06-10,2019-06-14,2019-06-20,-179240650.0,-77548053.0,-571934.0,-26650703.0,-0.004011745463443517,-0.004250272453362514,0.01915507404320782,-88111818.0,2019-06-14,IS,-152580882.25,0,-0.0
TSE1st,2019-06-17,2019-06-21,2019-06-27,-88111818.0,-86379337.0,54930143.0,-11282711.0,0.0040006754387105214,0.023505250214064466,0.016326845944362622,6241629.0,2019-06-21,IS,-159032178.5,0,0.0
TSE1st,2019-06-24,2019-06-28,2019-07-04,6241629.0,-4835797.0,26893201.0,-21118285.0,0.002196751392352869,-0.007013549044521783,-0.016241240926417433,41039809.0,2019-06-28,IS,-89949634.5,0,-0.0
TSE1st,2019-07-01,2019-07-05,2019-07-11,41039809.0,-307258800.0,-4615055.0,20627157.0,0.004877433195570546,-0.009292867866441235,-0.004503905284962362,-8522559.0,2019-07-05,IS,-55017757.5,0,-0.0
TSE1st,2019-07-08,2019-07-12,2019-07-19,-8522559.0,35551518.0,-219357700.0,-2511672.0,-0.0013241256969083182,0.004833883219519608,-0.019501777539067455,-138850960.0,2019-07-12,IS,-12338234.75,0,0.0
TSE1st,2019-07-16,2019-07-19,2019-07-25,-138850960.0,45163430.0,-1951487.0,-11731946.0,-0.0030470313754987766,-0.006654624964350209,-0.05018854770732317,129331405.0,2019-07-19,IS,-25023020.25,0,-0.0
TSE1st,2019-07-22,2019-07-26,2019-08-01,129331405.0,-120579649.0,33887219.0,-9027775.0,0.009734189170955476,-0.04382556544485905,-0.05235588732574081,-192252183.0,2019-07-26,IS,5749423.75,1,-0.04382556544485905
TSE1st,2019-07-29,2019-08-02,2019-08-08,-192252183.0,236185262.0,-25682833.0,-4804329.0,-0.022383444793665497,-0.008921303030707484,0.0023954732894719832,-167584323.0,2019-08-02,IS,-52573574.25,0,-0.0
TSE1st,2019-08-05,2019-08-09,2019-08-16,-167584323.0,249220573.0,54800478.0,-14887389.0,-0.001354689616702598,0.011418645517037085,0.017888762463895924,-297863238.0,2019-08-09,IS,-92339015.25,0,0.0
TSE1st,2019-08-13,2019-08-16,2019-08-22,-297863238.0,88018716.0,49942861.0,-17058254.0,-0.0008610425341557537,-0.0052668117431877715,0.024298092199244392,-34576930.0,2019-08-16,IS,-132092084.75,0,-0.0
TSE1st,2019-08-19,2019-08-23,2019-08-29,-34576930.0,-118977322.0,-17372011.0,-14094048.0,0.005300034129007702,0.029721441177852137,0.0704147848903145,11672497.0,2019-08-23,IS,-173069168.5,0,0.0
TSE1st,2019-08-26,2019-08-30,2019-09-05,11672497.0,-63830494.0,15097089.0,6099279.0,0.022888574656806604,0.03951878836854661,0.05328910496200612,142755979.0,2019-08-30,IS,-122087998.5,0,0.0
TSE1st,2019-09-02,2019-09-06,2019-09-12,142755979.0,-223448829.0,-24685819.0,1999496.0,0.021186412527155696,0.013246818381292824,-0.004576515578960549,-316800365.0,2019-09-06,IS,-44502923.0,0,0.0
TSE1st,2019-09-09,2019-09-13,2019-09-20,-316800365.0,-498713808.0,-80513473.0,37294572.0,0.03788254862646756,-0.017590318209660838,-0.02690211170439849,-71886488.0,2019-09-13,IS,-49237204.75,0,-0.0
TSE1st,2019-09-17,2019-09-20,2019-09-27,-71886488.0,-246560247.0,-101488943.0,937538.0,0.0010219375936777464,-0.01954184198223463,-0.005597631291880956,-284039400.0,2019-09-20,IS,-58564594.25,0,-0.0
TSE1st,2019-09-24,2019-09-27,2019-10-03,-284039400.0,79886061.0,-138401589.0,-7931412.0,-0.011516137380309877,0.007999388094616089,0.03385876458852555,135188784.0,2019-09-27,IS,-132492568.5,0,0.0
TSE1st,2019-09-30,2019-10-04,2019-10-10,135188784.0,130501285.0,-4102998.0,-29420826.0,-0.00938405340723003,0.025654158920463743,0.04237331006310785,83820642.0,2019-10-04,IS,-134384367.25,0,0.0
TSE1st,2019-10-07,2019-10-11,2019-10-18,83820642.0,-118771249.0,-7364670.0,7248086.0,0.014318868224447723,0.016300963631095122,0.04449472561483114,564578395.0,2019-10-11,IS,-34229115.5,0,0.0
TSE1st,2019-10-15,2019-10-18,2019-10-25,564578395.0,-353728694.0,-66829341.0,-2182980.0,0.0011048018763115675,0.010955812768435491,0.0337227924583241,158724427.0,2019-10-18,IS,124887105.25,1,0.010955812768435491
TSE1st,2019-10-21,2019-10-25,2019-10-31,158724427.0,-167853261.0,-73439385.0,41145926.0,0.012182242416799882,0.021451580974319207,0.017792334779035635,265690010.0,2019-10-25,IS,235578062.0,1,0.021451580974319207
TSE1st,2019-10-28,2019-11-01,2019-11-08,265690010.0,-282985730.0,15367647.0,33087882.0,0.010961945608852108,-0.0035823980925198118,-0.00671259183565609,475812411.0,2019-11-01,IS,268203368.5,1,-0.0035823980925198118
TSE1st,2019-11-05,2019-11-08,2019-11-14,475812411.0,-374468607.0,-118778992.0,-13260746.0,0.005082164612551399,0.0029565423889812426,0.01404654476371392,197273140.0,2019-11-08,IS,366201310.75,1,0.0029565423889812426
TSE1st,2019-11-11,2019-11-15,2019-11-21,197273140.0,-134704384.0,-158215564.0,63432321.0,-0.004319172784516656,0.011057310966153144,0.013040286969183912,-32104804.0,2019-11-15,IS,274374997.0,1,0.011057310966153144
TSE1st,2019-11-18,2019-11-22,2019-11-28,-32104804.0,35745470.0,-34216787.0,-19643074.0,-0.005515311162331282,0.0019612894160627725,0.002792641944662444,377387086.0,2019-11-22,IS,226667689.25,1,0.0019612894160627725
TSE1st,2019-11-25,2019-11-29,2019-12-05,377387086.0,-193606030.0,-103575278.0,18227636.0,-0.002113966270493761,0.0008297251973516939,0.014432543925768648,-232948613.0,2019-11-29,IS,254591958.25,1,0.0008297251973516939
TSE1st,2019-12-02,2019-12-06,2019-12-12,-232948613.0,-57037749.0,-22448779.0,15949029.0,-0.0006590881253317749,0.013591541483976899,0.010724940595389088,304759066.0,2019-12-06,IS,77401702.25,1,0.013591541483976899
TSE1st,2019-12-09,2019-12-13,2019-12-19,304759066.0,-394110124.0,69163988.0,17042255.0,0.010400274088742112,-0.002828161810023433,-0.019992972795502495,1973603.0,2019-12-13,IS,104273183.75,1,-0.002828161810023433
TSE1st,2019-12-16,2019-12-20,2019-12-26,1973603.0,-61354933.0,-89700027.0,-14895133.0,-0.0021878436497837495,-0.017213493530499058,-0.0014325323475046225,129832981.0,2019-12-20,IS,112792785.5,1,-0.017213493530499058
TSE1st,2019-12-23,2019-12-27,2020-01-08,129832981.0,-87504313.0,-68776780.0,8987903.0,0.0021741393068195336,0.016057364523333728,0.017103561772657816,-64875970.0,2019-12-27,IS,50904259.25,1,0.016057364523333728
TSE1st,2019-12-30,2019-12-30,2020-01-10,-64875970.0,70162818.0,-3934838.0,-12186461.0,,0.005186841559279731,-0.018782129601881192,-28991714.0,2019-12-30,IS,92922420.0,1,0.005186841559279731
TSE1st,2020-01-06,2020-01-10,2020-01-17,-28991714.0,-30518480.0,1941719.0,54719870.0,0.022191588757518588,-0.002881113723320894,-0.029387359977873007,77707799.0,2020-01-10,IS,9484725.0,1,-0.002881113723320894
TSE1st,2020-01-14,2020-01-17,2020-01-23,77707799.0,153970584.0,-68312775.0,-24573141.0,-0.0029243965918426262,-0.03220456515457959,0.003744582490609716,-47909751.0,2020-01-17,IS,28418274.0,1,-0.03220456515457959
TSE1st,2020-01-20,2020-01-24,2020-01-30,-47909751.0,161249288.0,-72899095.0,341654.0,-0.007866250802678665,0.03714539906972303,0.016778423305886747,-239043268.0,2020-01-24,IS,-16017409.0,0,0.0
TSE1st,2020-01-27,2020-01-31,2020-02-06,-239043268.0,318961148.0,-43817253.0,-18392408.0,-0.01064860769307574,-0.01963753180808081,-0.036258333429285305,273429773.0,2020-01-31,IS,-59559233.5,0,-0.0
TSE1st,2020-02-03,2020-02-07,2020-02-14,273429773.0,-315233939.0,-45388083.0,18280074.0,0.03556012578766765,-0.016953731054043963,-0.10394216822188429,-47524852.0,2020-02-07,IS,16046138.25,1,-0.016953731054043963
TSE1st,2020-02-10,2020-02-14,2020-02-20,-47524852.0,56672900.0,-100553904.0,7539061.0,-0.009752041124886701,-0.0977079451531222,-0.12124360995652383,-48259221.0,2020-02-14,IS,-15262024.5,0,-0.0
TSE1st,2020-02-17,2020-02-21,2020-02-28,-48259221.0,115296146.0,-97173622.0,-12090468.0,-0.008158694608862538,-0.02608430904048653,-0.16491822592281258,-388667906.0,2020-02-21,IS,-15349392.0,0,-0.0
TSE1st,2020-02-25,2020-02-28,2020-03-05,-388667906.0,353488912.0,72868240.0,-33740718.0,-0.06636140051660433,-0.12392212230571809,-0.15338686160281323,-135804577.0,2020-02-28,IS,-52755551.5,0,-0.0
TSE1st,2020-03-02,2020-03-06,2020-03-12,-135804577.0,533108341.0,-9652674.0,75171256.0,-0.03565834573063231,-0.03363255715877944,0.09911287164502802,-694746165.0,2020-03-06,IS,-155064139.0,0,-0.0
TSE1st,2020-03-09,2020-03-13,2020-03-19,-694746165.0,204761853.0,96832461.0,-4743309.0,-0.09162904886354639,0.137365377721669,0.03266002711927807,-401788195.0,2020-03-13,IS,-316869467.25,0,0.0
TSE1st,2020-03-16,2020-03-19,2020-03-26,-401788195.0,234732806.0,-71985750.0,51623998.0,0.03791837196887604,-0.04963124946402542,0.012620415630449244,-952495753.0,2020-03-19,IS,-405251710.75,0,-0.0
TSE1st,2020-03-23,2020-03-27,2020-04-02,-952495753.0,-125336105.0,-164671921.0,145075528.0,0.1296274796634702,0.06550264311549259,0.06945791693924974,-49944186.0,2020-03-27,IS,-546208672.5,0,0.0
TSE1st,2020-03-30,2020-04-03,2020-04-09,-49944186.0,16071775.0,-65502062.0,49333589.0,-0.07691182412193309,0.0037121201428389483,0.0063515363660742175,60804428.0,2020-04-03,IS,-524743574.75,0,0.0
TSE1st,2020-04-06,2020-04-10,2020-04-16,60804428.0,-158696995.0,-12784739.0,66275667.0,0.03904671946523286,0.0026296546293171907,0.006342108223647225,-296663147.0,2020-04-10,IS,-335855926.5,0,0.0
TSE1st,2020-04-13,2020-04-17,2020-04-23,-296663147.0,-22430315.0,-9501197.0,2137562.0,0.026054299350598553,0.003702716728144928,0.034158964361351574,-331456286.0,2020-04-17,IS,-309574664.5,0,0.0
TSE1st,2020-04-20,2020-04-24,2020-05-01,-331456286.0,164793671.0,-26478655.0,-7956361.0,-0.007763140441633398,0.03034389279376226,0.04431759428755089,-143990039.0,2020-04-24,IS,-154314797.75,0,0.0
TSE1st,2020-04-27,2020-05-01,2020-05-12,-143990039.0,-1216695.0,-25226741.0,-12267094.0,-0.011048540335118373,0.00631805623273185,0.039283005579933805,-119456670.0,2020-05-01,IS,-177826261.0,0,0.0
TSE1st,2020-05-07,2020-05-08,2020-05-14,-119456670.0,14557072.0,-6852432.0,-12703242.0,0.022113504307051723,0.030873457536898297,0.09041512564377308,-123927995.0,2020-05-08,IS,-222891535.5,0,0.0
TSE1st,2020-05-11,2020-05-15,2020-05-21,-123927995.0,195070303.0,-24222391.0,-26667502.0,-0.01813429509259623,0.05775846460257106,0.07551585625096391,68795903.0,2020-05-15,IS,-179707747.5,0,0.0
TSE1st,2020-05-18,2020-05-22,2020-05-28,68795903.0,-71104774.0,-53129664.0,28440283.0,0.012684250560203836,0.01678775660288845,0.007341473620145367,-34730519.0,2020-05-22,IS,-79644700.25,0,0.0
TSE1st,2020-05-25,2020-05-29,2020-06-04,-34730519.0,-320322401.0,-52359867.0,41610373.0,0.04091998402343222,-0.009290319362521893,-0.012925390629871192,263328716.0,2020-05-29,IS,-52329820.25,0,-0.0
TSE1st,2020-06-01,2020-06-05,2020-06-11,263328716.0,-308242946.0,-150065280.0,36780196.0,0.027875697211155348,-0.0036691589255596346,-0.017036729350754065,-288650914.0,2020-06-05,IS,43366526.25,1,-0.0036691589255596346
TSE1st,2020-06-08,2020-06-12,2020-06-18,-288650914.0,93821979.0,-102112800.0,27709244.0,-0.03681809262166402,-0.013416798792235451,-0.025475494128571308,-317263942.0,2020-06-12,IS,2185796.5,1,-0.013416798792235451
TSE1st,2020-06-15,2020-06-19,2020-06-25,-317263942.0,8919927.0,3065315.0,-10710077.0,0.033982675498765325,-0.012222684636808867,-0.0029516278771968274,-475600526.0,2020-06-19,IS,-94329164.75,0,-0.0
TSE1st,2020-06-22,2020-06-26,2020-07-02,-475600526.0,140605066.0,49607464.0,-12274615.0,-0.001089234939110506,0.009385776141460855,0.02352925924965632,-102195157.0,2020-06-26,IS,-204546666.5,0,0.0
TSE1st,2020-06-29,2020-07-03,2020-07-09,-102195157.0,68520011.0,22824569.0,19873589.0,0.0020074618194962923,0.014011969895455945,0.012490046492512397,109555391.0,2020-07-03,IS,-295927634.75,0,0.0
TSE1st,2020-07-06,2020-07-10,2020-07-16,109555391.0,98366585.0,-250550101.0,24409719.0,-0.026598611419332396,-0.0015008929363038437,-0.03573011791825509,-41703798.0,2020-07-10,IS,-196376058.5,0,-0.0
TSE1st,2020-07-13,2020-07-17,2020-07-27,-41703798.0,-224766457.0,-12587026.0,30610842.0,0.000527647455213387,-0.034280676607322924,0.005879405590192066,70942433.0,2020-07-17,IS,-127486022.5,0,-0.0
TSE1st,2020-07-20,2020-07-22,2020-07-30,70942433.0,-9612968.0,-74405485.0,2420679.0,-0.002580800618884771,0.006762067464776811,0.054505771466803576,-448681098.0,2020-07-22,IS,9149717.25,1,0.006762067464776811
TSE1st,2020-07-27,2020-07-31,2020-08-06,-448681098.0,271014610.0,-20929156.0,-1270076.0,-0.051138778073051894,0.047423026298810234,0.03495754510026572,163138806.0,2020-07-31,IS,-77471768.0,0,0.0
TSE1st,2020-08-03,2020-08-07,2020-08-14,163138806.0,-116156135.0,-89017446.0,19013443.0,0.015827772815635965,-0.011901095245722026,-0.011402136283556685,343053359.0,2020-08-07,IS,-64075914.25,0,-0.0
TSE1st,2020-08-11,2020-08-14,2020-08-20,343053359.0,-516629494.0,-43304767.0,-2075296.0,0.02359454210698897,0.010436468234117147,0.02003501750875425,-19201894.0,2020-08-14,IS,32113375.0,1,0.010436468234117147
TSE1st,2020-08-17,2020-08-21,2020-08-27,-19201894.0,102183807.0,-41286583.0,3645690.0,-0.0035780397808450326,0.00949940899442403,0.005551120435177914,-132746475.0,2020-08-21,IS,9577293.25,1,0.00949940899442403
TSE1st,2020-08-24,2020-08-28,2020-09-03,-132746475.0,-36338542.0,-51660794.0,43002278.0,-0.0014062334720901237,-0.003911135087418249,0.004389298938231034,11513116.0,2020-08-28,IS,88560949.0,1,-0.003911135087418249
TSE1st,2020-08-31,2020-09-04,2020-09-10,11513116.0,34534429.0,17433556.0,-16179259.0,-0.0009764055914670555,0.008333025614514655,0.02281427322969365,-453617495.0,2020-09-04,IS,50654526.5,1,0.008333025614514655
TSE1st,2020-09-07,2020-09-11,2020-09-17,-453617495.0,-57413458.0,-61576928.0,11443973.0,0.0167107731683378,0.014361572265624956,-0.000701904296875,-538937021.0,2020-09-11,IS,-148513187.0,0,0.0
TSE1st,2020-09-14,2020-09-18,2020-09-28,-538937021.0,-43461190.0,-209386034.0,14812557.0,-0.0028344739870388436,-0.014850204280565382,-0.011179772914623465,-184249442.0,2020-09-18,IS,-278446968.75,0,-0.0
TSE1st,2020-09-23,2020-09-25,2020-10-01,-184249442.0,114744274.0,-47281283.0,18548028.0,-0.00609396381328875,0.018443669293566778,0.0038757543879075484,-61264977.0,2020-09-25,IS,-291322710.5,0,0.0
TSE1st,2020-09-28,2020-10-02,2020-10-08,-61264977.0,28809015.0,-42289128.0,17589934.0,-0.031716137262098876,-0.014304094909602716,-0.02155279165433388,385949102.0,2020-10-02,IS,-309517233.75,0,-0.0
TSE1st,2020-10-05,2020-10-09,2020-10-15,385949102.0,-241248459.0,24733762.0,-4960546.0,0.006187204153305981,-0.0073538874487526495,-0.012783507681748185,111586456.0,2020-10-09,IS,-99625584.5,0,-0.0
TSE1st,2020-10-12,2020-10-16,2020-10-22,111586456.0,106254109.0,-17957372.0,-2453502.0,-0.015614446100952195,-0.005469844856431982,0.023891985998184984,16054789.0,2020-10-16,IS,63005284.75,1,-0.005469844856431982
TSE1st,2020-10-19,2020-10-23,2020-10-29,16054789.0,-32099589.0,-58013343.0,684341.0,-0.007729032100514122,0.02952331882825443,0.0572898884495292,-119142662.0,2020-10-23,IS,113081342.5,1,0.02952331882825443
TSE1st,2020-10-26,2020-10-30,2020-11-06,-119142662.0,96588662.0,-79536285.0,20504091.0,-0.02449072873043523,0.02697031637212155,0.04154381395124496,349252824.0,2020-10-30,IS,98611921.25,1,0.02697031637212155
TSE1st,2020-11-02,2020-11-06,2020-11-12,349252824.0,-428064111.0,-72362742.0,-6115816.0,0.031431325600920434,0.00010427347456598568,0.03492582100878794,392061126.0,2020-11-06,IS,89437851.75,1,0.00010427347456598568
TSE1st,2020-11-09,2020-11-13,2020-11-19,392061126.0,-713159569.0,-146722555.0,61730627.0,0.012676140079671772,0.03481791694904457,0.028689592854536317,369285491.0,2020-11-13,IS,159556519.25,1,0.03481791694904457
TSE1st,2020-11-16,2020-11-20,2020-11-27,369285491.0,-257575907.0,-81516765.0,49906929.0,-0.002552243028969614,-0.005922127935875321,-0.0025244609632133486,424416744.0,2020-11-20,IS,247864194.75,1,-0.005922127935875321
TSE1st,2020-11-24,2020-11-27,2020-12-03,424416744.0,-497311913.0,-126637353.0,52891619.0,0.013685882886972145,0.0005407689057879139,0.00976200535135896,197198432.0,2020-11-27,IS,383754046.25,1,0.0005407689057879139
TSE1st,2020-11-30,2020-12-04,2020-12-10,197198432.0,104597492.0,123260726.0,30402987.0,0.011977753971690985,0.009216252582746387,-0.001092213195511782,251085890.0,2020-12-04,IS,345740448.25,1,0.009216252582746387
TSE1st,2020-12-07,2020-12-11,2020-12-17,251085890.0,-85964957.0,46222951.0,-28132152.0,0.012074400113587958,-0.01021432795189059,0.0011212888685581124,170007257.0,2020-12-11,IS,310496639.25,1,-0.01021432795189059
TSE1st,2020-12-14,2020-12-18,2020-12-24,170007257.0,-126539457.0,-23416149.0,-18885269.0,0.0015191117664141718,0.011452597406257148,0.047157422489249035,-57940662.0,2020-12-18,IS,260677080.75,1,0.011452597406257148
TSE1st,2020-12-21,2020-12-25,2021-01-04,-57940662.0,-21449747.0,-45293483.0,-4622576.0,-0.005947290461417953,0.03530054218512313,0.0341303584662791,-33000511.0,2020-12-25,IS,140087729.25,1,0.03530054218512313
TSE1st,2020-12-28,2020-12-30,2021-01-07,-33000511.0,-230214347.0,-15051675.0,13282335.0,0.009306279501577253,0.016596397087006443,0.016612823741992022,379899310.0,2020-12-30,IS,82537993.5,1,0.016596397087006443
TSE1st,2021-01-04,2021-01-08,2021-01-15,379899310.0,-308565755.0,-83042844.0,38215106.0,0.03362885115820324,1.615848239544526e-05,-0.025762007098959927,271106676.0,2021-01-08,IS,114741348.5,1,1.615848239544526e-05
TSE1st,2021-01-12,2021-01-15,2021-01-21,271106676.0,27858789.0,-24605970.0,9213858.0,-0.0007158465827745708,-0.011711024163728712,0.002407773669274915,-149384242.0,2021-01-15,IS,140016203.25,1,-0.011711024163728712
TSE1st,2021-01-18,2021-01-22,2021-01-28,-149384242.0,188596720.0,-163633645.0,-21774935.0,0.006041755848040342,0.014286102727248062,0.05167903852951583,-32236931.0,2021-01-22,IS,117155308.25,1,0.014286102727248062
TSE1st,2021-01-25,2021-01-29,2021-02-04,-32236931.0,384753031.0,-108576048.0,32076399.0,-0.02858216970998928,0.03686626061593912,0.03422299905636117,403802923.0,2021-01-29,IS,117346203.25,1,0.03686626061593912
TSE1st,2021-02-01,2021-02-05,2021-02-12,403802923.0,-394516502.0,-106260928.0,-26638690.0,0.03339636252349942,-0.0025492791693383365,-0.016236788218503828,316972877.0,2021-02-05,IS,123322106.5,1,-0.0025492791693383365
TSE1st,2021-02-08,2021-02-12,2021-02-18,316972877.0,-411864781.0,-128841564.0,-24169478.0,0.005161256789417701,-0.03986796504472401,-0.02354898012781237,-28183916.0,2021-02-12,IS,134788656.75,1,-0.03986796504472401
TSE1st,2021-02-15,2021-02-19,2021-02-26,-28183916.0,-17326367.0,-138830282.0,-6348870.0,-0.012789543179422047,0.01699660496972366,0.04643092749223654,-358512153.0,2021-02-19,IS,165088738.25,1,0.01699660496972366
TSE1st,2021-02-22,2021-02-26,2021-03-04,-358512153.0,445578820.0,-6082283.0,27371486.0,-0.038104573477442116,0.021318590362596535,0.06566953532052167,51167354.0,2021-02-26,IS,83519932.75,1,0.021318590362596535
TSE1st,2021-03-01,2021-03-05,2021-03-11,51167354.0,45003176.0,-97862571.0,17776600.0,-0.0033114671376308635,0.04342518130623607,0.015912349604139342,276846347.0,2021-03-05,IS,-4638959.5,0,0.0
TSE1st,2021-03-08,2021-03-12,2021-03-18,276846347.0,-300940187.0,-66480267.0,26358176.0,0.030355200202790478,-0.02636780498976854,-0.025327232625179774,408985597.0,2021-03-12,IS,-14670592.0,0,-0.0
TSE1st,2021-03-15,2021-03-19,2021-03-25,408985597.0,-333721984.0,-257803904.0,55914178.0,0.022085303723720306,0.00106875303623033,-0.001886937178798842,-353755683.0,2021-03-19,IS,94621786.25,1,0.00106875303623033
TSE1st,2021-03-22,2021-03-26,2021-04-01,-353755683.0,280911106.0,-7257180.0,24009615.0,-0.003024852023435054,-0.0029525346846203115,0.0007611205328865722,82103728.0,2021-03-26,IS,95810903.75,1,-0.0029525346846203115
TSE1st,2021-03-29,2021-04-02,2021-04-08,82103728.0,-55709480.0,62671303.0,-3691544.0,-0.01089628462781067,0.0037246523828553535,-0.01504206244300299,441727119.0,2021-04-02,IS,103544997.25,1,0.0037246523828553535
TSE1st,2021-04-05,2021-04-09,2021-04-15,441727119.0,107059029.0,-30374293.0,-23480054.0,-0.012134869979934848,-0.01869707472194293,-0.031080122299183888,-3002902.0,2021-04-09,IS,144765190.25,1,-0.01869707472194293
TSE1st,2021-04-12,2021-04-16,2021-04-22,-3002902.0,8101793.0,-48929469.0,-6727914.0,0.0032129500304411973,-0.01261898569570874,-0.023172951885565674,19803937.0,2021-04-16,IS,41768065.5,1,-0.01261898569570874
TSE1st,2021-04-19,2021-04-23,2021-04-30,19803937.0,368013498.0,-64905341.0,10165489.0,-0.02125158441346031,-0.010688848617666835,-0.0015804113283883758,37880371.0,2021-04-23,IS,135157970.5,1,-0.010688848617666835
TSE1st,2021-04-26,2021-04-30,2021-05-11,37880371.0,124751661.0,8281666.0,24982951.0,-0.010379793029742235,0.0009549194089992774,0.007135661517797098,226547740.0,2021-04-30,IS,124102131.25,1,0.0009549194089992774
TSE1st,2021-05-06,2021-05-07,2021-05-13,226547740.0,-164867731.0,-86482705.0,-4268476.0,0.002931410189892958,0.02535369705360635,0.033520096915155895,-394967528.0,2021-05-07,IS,70307286.5,1,0.02535369705360635
TSE1st,2021-05-10,2021-05-14,2021-05-20,-394967528.0,428142522.0,45897934.0,30696125.0,-0.03526663832359245,0.007964471074728863,0.03311321152791247,-231960756.0,2021-05-14,IS,-27683870.0,0,0.0
TSE1st,2021-05-17,2021-05-21,2021-05-27,-231960756.0,-103737245.0,125508805.0,13307241.0,0.013747698072235304,0.024950026687318827,0.02391916358803159,379849665.0,2021-05-21,IS,-90625043.25,0,0.0
TSE1st,2021-05-24,2021-05-28,2021-06-03,379849665.0,-333461247.0,-122411406.0,84138792.0,0.017981850876092498,-0.0010057691325879858,0.002486342982590539,74913470.0,2021-05-28,IS,-5132719.75,0,-0.0
TSE1st,2021-05-31,2021-06-04,2021-06-10,74913470.0,75091241.0,14938032.0,-23893171.0,0.018830149039511523,0.0034956279098290466,-0.004921476136206859,-219177692.0,2021-06-04,IS,-43041287.25,0,0.0
TSE1st,2021-06-07,2021-06-11,2021-06-17,-219177692.0,153091856.0,-36037188.0,-26413088.0,-0.0034831833133589507,-0.008387783476015653,-0.01240597483155681,140222594.0,2021-06-11,IS,906171.75,1,-0.008387783476015653
TSE1st,2021-06-14,2021-06-18,2021-06-24,140222594.0,103762940.0,-42520947.0,38438801.0,-0.006730450312539937,-0.00405218016537412,-0.013753787684248397,-118903547.0,2021-06-18,IS,93952009.25,1,-0.00405218016537412
TSE1st,2021-06-21,2021-06-25,2021-07-01,-118903547.0,-26355180.0,706801.0,-26582347.0,0.0332727894916951,-0.009741080130568736,0.00020626956337888025,-259110772.0,2021-06-25,IS,-30736293.75,0,-0.0
TSE1st,2021-06-28,2021-07-02,2021-07-08,-259110772.0,142267147.0,86426681.0,-19953618.0,-0.004761735184441007,0.010045200799866594,0.0027599566738876202,27318655.0,2021-07-02,IS,-114242354.25,0,0.0
TSE1st,2021-07-05,2021-07-09,2021-07-15,27318655.0,450668371.0,-150796412.0,-23013924.0,-0.018784088168743773,-0.007212790200091801,0.00022684972752262667,116328700.0,2021-07-09,IS,-52618267.5,0,-0.0
TSE1st,2021-07-12,2021-07-16,2021-07-26,116328700.0,-221314632.0,226069159.0,7286842.0,-0.010822544065774764,0.007493690343889359,0.00553587935314348,-306542682.0,2021-07-16,IS,-58591741.0,0,0.0
TSE1st,2021-07-19,2021-07-21,2021-07-29,-306542682.0,236189235.0,45217650.0,-981497.0,-0.0014262268434768188,0.0008041796589239869,0.01502518898221994,-53216643.0,2021-07-21,IS,-105501524.75,0,0.0
TSE1st,2021-07-26,2021-07-30,2021-08-05,-53216643.0,-12712859.0,37786217.0,-37607634.0,-0.012743947403953015,0.014209582266275556,-0.025039139856297132,62319243.0,2021-07-30,IS,-54027992.5,0,0.0
TSE1st,2021-08-02,2021-08-06,2021-08-13,62319243.0,-184891860.0,-12270012.0,7798365.0,-0.005520476276384634,-0.038698827943303704,-0.014117839490081274,163117185.0,2021-08-06,IS,-45277845.5,0,-0.0
TSE1st,2021-08-10,2021-08-13,2021-08-19,163117185.0,-166800521.0,1284187.0,7444237.0,0.010385894602020329,0.020113958011585442,0.04553049510064877,-373739087.0,2021-08-13,IS,-33580724.25,0,0.0
TSE1st,2021-08-16,2021-08-20,2021-08-26,-373739087.0,410122852.0,-101203149.0,13298620.0,-0.023013226111440077,0.02491538998114029,0.06695429767225569,-5985547.0,2021-08-20,IS,-50379825.5,0,0.0
TSE1st,2021-08-23,2021-08-27,2021-09-02,-5985547.0,-228935148.0,-30492631.0,-23820890.0,0.007116973171674035,0.041016954279405216,0.053736444894810775,363621678.0,2021-08-27,IS,-38572051.5,0,0.0
TSE1st,2021-08-30,2021-09-03,2021-09-09,363621678.0,-493737839.0,-22047970.0,16821616.0,0.033489903288994594,0.012218331856285625,0.011046379296150377,274504800.0,2021-09-03,IS,36753557.25,1,0.012218331856285625
TSE1st,2021-09-06,2021-09-10,2021-09-16,274504800.0,-560988475.0,-188713054.0,9823351.0,0.02470581319015097,-0.0011578061009683838,-0.05561296742833077,-48186945.0,2021-09-10,IS,64600461.0,1,-0.0011578061009683838
TSE1st,2021-09-13,2021-09-17,2021-09-27,-48186945.0,-68452178.0,-213467029.0,-1693378.0,0.001172707380905802,-0.05451828292795069,-0.04366444097445077,-278018873.0,2021-09-17,IS,145988496.5,1,-0.05451828292795069
TSE1st,2021-09-21,2021-09-24,2021-09-30,-278018873.0,-15110790.0,-137789734.0,16806303.0,0.012690416797849213,-0.04459747015013604,-0.02127418528588887,-472492173.0,2021-09-24,IS,77980165.0,1,-0.04459747015013604
TSE1st,2021-09-27,2021-10-01,2021-10-07,-472492173.0,527463303.0,129576740.0,-31463918.0,-0.048583635893358346,0.024411998226456788,0.03154741650426374,475294430.0,2021-10-01,IS,-131048297.75,0,0.0
TSE1st,2021-10-04,2021-10-08,2021-10-14,475294430.0,216827711.0,33566192.0,-50089192.0,-0.006114736159520184,0.0069653794470978525,0.006386608756045575,481801238.0,2021-10-08,IS,-80850890.25,0,0.0
TSE1st,2021-10-11,2021-10-15,2021-10-21,481801238.0,-161775022.0,-15111645.0,-27290188.0,0.013698424305562673,-0.0005747672192760733,0.02029677980417932,-109414398.0,2021-10-15,IS,51646155.5,1,-0.0005747672192760733
TSE1st,2021-10-18,2021-10-22,2021-10-28,-109414398.0,34020080.0,37125653.0,-18269801.0,-0.008419050826305119,0.020883550203534496,0.020473480491683516,-136189171.0,2021-10-22,IS,93797274.25,1,0.020883550203534496
TSE1st,2021-10-25,2021-10-29,2021-11-05,-136189171.0,9683369.0,32253321.0,-6812036.0,0.0028866103376732344,-0.0004016811827062261,0.0015234493636782087,123606002.0,2021-10-29,IS,177873024.75,1,-0.0004016811827062261
TSE1st,2021-11-01,2021-11-05,2021-11-11,123606002.0,-318857770.0,41782529.0,-17896078.0,-0.0016139129073907688,0.010534677059027997,-0.014555925135282699,-26826566.0,2021-11-05,IS,89950917.75,1,0.010534677059027997
TSE1st,2021-11-08,2021-11-12,2021-11-18,-26826566.0,-69739241.0,5808418.0,-15204789.0,0.002643448865478959,-0.02482903631504474,-0.03815241314258766,-140591926.0,2021-11-12,IS,-37206033.25,0,-0.0
TSE1st,2021-11-15,2021-11-19,2021-11-26,-140591926.0,115147101.0,-37369863.0,-9140072.0,-0.0019477476422001816,-0.013662606172354486,-0.004785942427631529,-225339255.0,2021-11-19,IS,-45000415.25,0,-0.0
TSE1st,2021-11-22,2021-11-26,2021-12-02,-225339255.0,390904459.0,-24051694.0,-7214179.0,-0.028313801509677772,0.03344113539974147,0.04501212124358256,-125405112.0,2021-11-26,IS,-67287936.25,0,0.0
TSE1st,2021-11-29,2021-12-03,2021-12-09,-125405112.0,212395565.0,168832641.0,37753986.0,0.004814008868451181,0.01119656015953474,-0.0006831458868087337,-251513173.0,2021-12-03,IS,-129540714.75,0,0.0
TSE1st,2021-12-06,2021-12-10,2021-12-16,-251513173.0,-117673917.0,69883512.0,37232187.0,0.014346303541904248,-0.011748166987899045,-0.010307588372046816,-453713162.0,2021-12-10,IS,-185712366.5,0,-0.0
TSE1st,2021-12-13,2021-12-17,2021-12-23,-453713162.0,-198719638.0,142054034.0,638182.0,0.003205047191033872,0.001457703965457302,-0.001311933568911794,56939305.0,2021-12-17,IS,-263992675.5,0,0.0
TSE1st,2021-12-20,2021-12-24,2021-12-30,56939305.0,-215836761.0,72721354.0,-41039297.0,0.02341178470430072,-0.002765606099391138,-0.007001852102814232,101817551.0,2021-12-24,IS,-193423035.5,0,-0.0
TSE1st,2021-12-27,2021-12-30,2022-01-07,101817551.0,-123012572.0,-32940243.0,9423560.0,0.0072956165630213565,-0.0044947085705123735,-0.03297622865389249,325924278.0,2021-12-30,IS,-136617369.75,0,-0.0
TSE1st,2022-01-04,2022-01-07,2022-01-14,325924278.0,-38386482.0,-31053045.0,21941728.0,-0.01701293455881625,-0.02552511554058834,-0.05095415794423708,-49490891.0,2022-01-07,OOS,7741993.0,1,-0.02552511554058834
TSE1st,2022-01-11,2022-01-14,2022-01-20,-49490891.0,144670581.0,7420264.0,36312.0,-0.004610382420148662,-0.04956848746214915,-0.009600057775737247,-285966118.0,2022-01-14,OOS,108797560.75,1,-0.04956848746214915
TSE1st,2022-01-17,2022-01-21,2022-01-27,-285966118.0,304404980.0,26389027.0,-4542176.0,-0.02996411152105738,0.04205292981046882,0.06522329085343337,-201691958.0,2022-01-21,OOS,23071205.0,1,0.04205292981046882
TSE1st,2022-01-24,2022-01-28,2022-02-03,-201691958.0,175338304.0,-5224825.0,11825633.0,-0.027452626342706954,0.022235301470894475,0.002286553606400288,-160628269.0,2022-01-28,OOS,-52806172.25,0,0.0
TSE1st,2022-01-31,2022-02-04,2022-02-10,-160628269.0,-58541289.0,121251090.0,6185024.0,0.01826544228953586,-0.01951482974202723,-0.03856089594978107,6752245.0,2022-02-04,OOS,-174444309.0,0,-0.0
TSE1st,2022-02-07,2022-02-10,2022-02-17,6752245.0,-186913120.0,-11377337.0,13049071.0,0.019013598201444326,-0.028479111865951423,-0.04468631552784741,25401570.0,2022-02-10,OOS,-160383525.0,0,-0.0
TSE1st,2022-02-14,2022-02-18,2022-02-25,25401570.0,-13184894.0,-146498228.0,3378725.0,-0.0032838681273147374,-0.016682300771756253,-0.04087963160363284,-265794537.0,2022-02-18,OOS,-82541603.0,0,-0.0
TSE1st,2022-02-21,2022-02-25,2022-03-03,-265794537.0,169764778.0,-21784701.0,4486751.0,-0.01802499633638288,-0.02751089382506111,0.009145498990328349,-241204467.0,2022-02-25,OOS,-98567247.75,0,-0.0
TSE1st,2022-02-28,2022-03-04,2022-03-10,-241204467.0,268214159.0,-108492353.0,6575807.0,-0.02225307775063201,0.03769337114692117,0.0827527417583318,-985532208.0,2022-03-04,OOS,-118711297.25,0,0.0
TSE1st,2022-03-07,2022-03-11,2022-03-17,-985532208.0,182644106.0,28496790.0,4473673.0,0.0030712975814228827,0.043422625473273024,0.023833471124427907,-214310802.0,2022-03-11,OOS,-366782410.5,0,0.0
TSE1st,2022-03-14,2022-03-18,2022-03-25,-214310802.0,-339273682.0,-107911674.0,14321215.0,0.053518220142582784,-0.01877394055928172,-0.04273594856344032,-168732078.0,2022-03-18,OOS,-426710503.5,0,-0.0
TSE1st,2022-03-22,2022-03-25,2022-03-31,-168732078.0,-357341562.0,-18046794.0,52871496.0,0.024682739147972255,-0.027486642005754236,-0.01970304151253599,366225647.0,2022-03-25,OOS,-402444888.75,0,-0.0
TSE1st,2022-03-28,2022-04-01,2022-04-07,366225647.0,83130918.0,-53752048.0,45664379.0,-0.014746347618540878,0.008003592371493395,0.018542976385440335,712541299.0,2022-04-01,OOS,-250587360.25,0,0.0
TSEPrime,2022-04-04,2022-04-08,2022-04-14,712541299.0,263311496.0,-127237279.0,51499843.0,-0.02909455731126165,0.010455700846413896,-0.004418123214800507,105552785.0,2022-04-08,OOS,173931016.5,1,0.010455700846413896
TSEPrime,2022-04-11,2022-04-15,2022-04-21,105552785.0,-4164642.0,-13803166.0,44561111.0,0.003529772866789349,-0.014719917012448236,-0.039859958506224036,266437255.0,2022-04-15,OOS,253896913.25,1,-0.014719917012448236
TSEPrime,2022-04-18,2022-04-22,2022-04-28,266437255.0,6645402.0,-21532125.0,53738792.0,0.013334538955789288,-0.025515629441677734,-0.00785946663016801,150669962.0,2022-04-22,OOS,362689246.5,1,-0.025515629441677734
TSEPrime,2022-04-25,2022-04-28,2022-05-10,150669962.0,56359389.0,-8917079.0,-5835820.0,0.012310020676571387,0.002324982012263943,0.008526723869457298,59176365.0,2022-04-28,OOS,308800325.25,1,0.002324982012263943
TSEPrime,2022-05-02,2022-05-06,2022-05-12,59176365.0,-135421946.0,28792644.0,19372667.0,0.009250138277978381,0.016892815359887958,0.026459943799953978,-340547682.0,2022-05-06,OOS,145459091.75,1,0.016892815359887958
TSEPrime,2022-05-09,2022-05-13,2022-05-19,-340547682.0,269932100.0,-39010418.0,-2876932.0,-0.007554341750115823,0.00940819749688182,0.03564900434389928,37359871.0,2022-05-13,OOS,33933975.0,1,0.00940819749688182
TSEPrime,2022-05-16,2022-05-20,2022-05-26,37359871.0,-37363236.0,49813253.0,8653347.0,0.007572748838057919,0.02599622918863642,0.04871696545553328,-15753785.0,2022-05-20,OOS,-23335371.0,0,0.0
TSEPrime,2022-05-23,2022-05-27,2022-06-02,-15753785.0,-168671802.0,-3381371.0,5724155.0,-0.0038372823384725807,0.022145048510426202,-0.03040921101126981,-27981266.0,2022-05-27,OOS,-64941307.75,0,0.0
TSEPrime,2022-05-30,2022-06-03,2022-06-09,-27981266.0,-214716973.0,47540724.0,10253494.0,0.005565843407336457,-0.05141565729666586,-0.05957695335313984,181149671.0,2022-06-03,OOS,-86730715.5,0,-0.0
TSEPrime,2022-06-06,2022-06-10,2022-06-16,181149671.0,-59330.0,20451234.0,5843643.0,0.0020524879970709176,-0.008603658830394934,0.0016115129483191826,-773891895.0,2022-06-10,OOS,43693622.75,1,-0.008603658830394934
TSEPrime,2022-06-13,2022-06-17,2022-06-23,-773891895.0,672080429.0,4732611.0,-695939.0,-0.03427561465708595,0.010303822350870018,0.01651959778370604,-179721463.0,2022-06-17,OOS,-159119318.75,0,0.0
TSEPrime,2022-06-20,2022-06-24,2022-06-30,-179721463.0,-82683259.0,68148192.0,-4127065.0,0.02626804622472423,0.0061523823777809294,0.011925252028522237,-344622002.0,2022-06-24,OOS,-200111238.25,0,0.0
TSEPrime,2022-06-27,2022-07-01,2022-07-07,-344622002.0,122250841.0,78156350.0,461695.0,-0.022453931822275952,0.005737569926633546,0.03912172679604531,411883278.0,2022-07-01,OOS,-279271422.25,0,0.0
TSEPrime,2022-07-04,2022-07-08,2022-07-14,411883278.0,-280625552.0,-276845526.0,-638913.0,0.00947740558696264,0.03319370566205171,0.02492169053366644,-130816108.0,2022-07-08,OOS,-221588020.5,0,0.0
TSEPrime,2022-07-11,2022-07-15,2022-07-22,-130816108.0,-26852653.0,44644858.0,6785589.0,-0.01157385645493203,-0.008006257764689662,-0.004499046508893212,179094207.0,2022-07-15,OOS,-60819073.75,0,-0.0
TSEPrime,2022-07-19,2022-07-22,2022-07-28,179094207.0,-550488596.0,18930656.0,15464759.0,0.027948433615900825,-0.009297791004951539,0.012484285604330791,-295681791.0,2022-07-22,OOS,28884843.75,1,-0.009297791004951539
TSEPrime,2022-07-25,2022-07-29,2022-08-04,-295681791.0,26820.0,113143162.0,-11368027.0,-0.0014923760170028055,0.021986502514592887,0.03303931673512084,-81227852.0,2022-07-29,OOS,41119896.5,1,0.021986502514592887
TSEPrime,2022-08-01,2022-08-05,2022-08-12,-81227852.0,-3307521.0,9784844.0,-2000610.0,-0.006601670314421049,0.010815029546214605,0.0032485632329537495,114450814.0,2022-08-05,OOS,-82157886.0,0,0.0
TSEPrime,2022-08-08,2022-08-12,2022-08-18,114450814.0,-269071909.0,-64687169.0,14103472.0,0.011156035891995986,-0.00698317005777449,-0.027636272293393604,-48042823.0,2022-08-12,OOS,-20841155.5,0,-0.0
TSEPrime,2022-08-15,2022-08-19,2022-08-25,-48042823.0,-164599108.0,-102760671.0,20234261.0,0.0048162179590520715,-0.020798340584842645,-0.009602347465344496,-111885902.0,2022-08-19,OOS,-77625413.0,0,-0.0
TSEPrime,2022-08-22,2022-08-26,2022-09-01,-111885902.0,161029550.0,-22072469.0,3560358.0,-0.00652417205747291,0.011433797126308987,0.007718975556577412,-395461349.0,2022-08-26,OOS,-31676440.75,0,0.0
TSEPrime,2022-08-29,2022-09-02,2022-09-08,-395461349.0,649679844.0,34626482.0,-6809982.0,-0.007165269276271702,-0.003672827208549112,-0.047680346543251484,-22588462.0,2022-09-02,OOS,-110234815.0,0,-0.0
TSEPrime,2022-09-05,2022-09-09,2022-09-15,-22588462.0,-103882352.0,1422815.0,-5300743.0,0.019048211573058804,-0.04416974718395439,-0.052731961669990834,-54268946.0,2022-09-09,OOS,-144494634.0,0,-0.0
TSEPrime,2022-09-12,2022-09-16,2022-09-26,-54268946.0,254942246.0,-64924126.0,10001030.0,-0.021038066477462092,-0.008957881863239425,0.003733344776535752,-170624306.0,2022-09-16,OOS,-146051164.75,0,-0.0
TSEPrime,2022-09-20,2022-09-22,2022-09-29,-170624306.0,202200739.0,-26141531.0,4656597.0,-0.01599675443056181,0.028718964041095862,0.01572666952054802,-555972754.0,2022-09-22,OOS,-160735765.75,0,0.0
TSEPrime,2022-09-26,2022-09-30,2022-10-06,-555972754.0,617226543.0,-86228487.0,-17710207.0,-0.015201579161928436,-0.012629585897309226,-0.021061446992670874,393491867.0,2022-09-30,OOS,-200863617.0,0,-0.0
TSEPrime,2022-10-03,2022-10-07,2022-10-14,393491867.0,-448026471.0,168691265.0,4461019.0,0.03205273925892249,-0.008539714148741662,0.00045306318124094247,169999292.0,2022-10-07,OOS,-96843534.75,0,-0.0
TSEPrime,2022-10-11,2022-10-14,2022-10-20,169999292.0,-28930367.0,20436951.0,-4870515.0,0.014402214574293026,0.005355041917052272,0.010546530829741219,-485897673.0,2022-10-14,OOS,-40776475.25,0,0.0
TSEPrime,2022-10-17,2022-10-21,2022-10-27,-485897673.0,135699755.0,12985731.0,-7369046.0,0.0012875353806209855,0.005163836352568341,0.03788912445685266,50129337.0,2022-10-21,OOS,-119594817.0,0,0.0
TSEPrime,2022-10-24,2022-10-28,2022-11-04,50129337.0,-99710052.0,-66770424.0,-22648943.0,0.006284475860935945,0.03255716821551635,0.026955205179074904,403891956.0,2022-10-28,OOS,31930705.75,1,0.03255716821551635
TSEPrime,2022-10-31,2022-11-04,2022-11-10,403891956.0,-106021931.0,195486971.0,11859181.0,-0.00727157761618713,0.01529437278613699,0.04200014457881096,503098487.0,2022-11-04,OOS,34530728.0,1,0.01529437278613699
TSEPrime,2022-11-07,2022-11-11,2022-11-17,503098487.0,-632947829.0,-21473781.0,26331668.0,0.022579094044227643,0.026303476615741506,-0.006255467176597418,-41881312.0,2022-11-11,OOS,117805526.75,1,0.026303476615741506
TSEPrime,2022-11-14,2022-11-18,2022-11-25,-41881312.0,10787870.0,356693.0,1166454.0,0.005176554754969587,-0.0317244796828543,-0.027968285431119955,394328906.0,2022-11-18,OOS,228809617.0,1,-0.0317244796828543
TSEPrime,2022-11-21,2022-11-25,2022-12-01,394328906.0,-530902378.0,61191677.0,-3055497.0,0.02303086835955126,-0.02263322694642733,-0.006322805392507291,22669170.0,2022-11-25,OOS,314859509.25,1,-0.02263322694642733
TSEPrime,2022-11-28,2022-12-02,2022-12-08,22669170.0,481128274.0,-63798873.0,-20179916.0,-0.025110886040582536,0.016688127736286473,-0.017167138810198268,-49988889.0,2022-12-02,OOS,219553812.75,1,0.016688127736286473
TSEPrime,2022-12-05,2022-12-09,2022-12-15,-49988889.0,24915123.0,161381622.0,-8518677.0,0.007012680322398435,-0.03329955924818884,-0.039834844723643625,-6963461.0,2022-12-09,OOS,81281968.75,1,-0.03329955924818884
TSEPrime,2022-12-12,2022-12-16,2022-12-22,-6963461.0,111094650.0,-137053827.0,-32410779.0,-0.00363760837467364,-0.0067604039472374255,-0.014301660753496814,-224405014.0,2022-12-16,OOS,90011431.5,1,-0.0067604039472374255
TSEPrime,2022-12-19,2022-12-23,2022-12-29,-224405014.0,262186568.0,136364923.0,-46344215.0,-0.01936023891578531,-0.007592585752953296,0.004020535332696751,177047107.0,2022-12-23,OOS,-64672048.5,0,-0.0
TSEPrime,2022-12-26,2022-12-30,2023-01-10,177047107.0,-22982177.0,56223996.0,1209535.0,-0.005681937640602985,0.011701969290970116,0.04893454127855046,-52508301.0,2022-12-30,OOS,-26077564.25,0,0.0
TSEPrime,2023-01-04,2023-01-06,2023-01-13,-52508301.0,226930813.0,15017709.0,-19635018.0,0.004073548697909546,0.012500788195977108,0.04181642390230578,171660629.0,2023-01-06,OOS,-26707417.25,0,0.0
TSEPrime,2023-01-10,2023-01-13,2023-01-19,171660629.0,-60206319.0,-21556944.0,-69048373.0,0.011802985836416813,0.03277267934141448,0.02586629916162919,104809449.0,2023-01-13,OOS,17948605.25,1,0.03277267934141448
TSEPrime,2023-01-16,2023-01-20,2023-01-26,104809449.0,-21161693.0,-11517609.0,-17587518.0,0.021502298137633824,-0.006687221997573767,0.0033360291144357568,313940024.0,2023-01-20,OOS,100252221.0,1,-0.006687221997573767
TSEPrime,2023-01-23,2023-01-27,2023-02-02,313940024.0,-402779728.0,71943186.0,9800657.0,0.019163351119061645,0.010090730064065578,0.018278316888615143,-29101797.0,2023-01-27,OOS,134475450.25,1,0.010090730064065578
TSEPrime,2023-01-30,2023-02-03,2023-02-09,-29101797.0,76556198.0,-16204673.0,-11337483.0,-0.006123890234059792,0.008105793450881471,0.0017128463476070444,198207967.0,2023-02-03,OOS,140327076.25,1,0.008105793450881471
TSEPrime,2023-02-06,2023-02-10,2023-02-16,198207967.0,-87000355.0,-70561063.0,11486418.0,0.003910631460878555,-0.006341543858596976,0.009209980560594522,214820463.0,2023-02-10,OOS,146963910.75,1,-0.006341543858596976
TSEPrime,2023-02-13,2023-02-17,2023-02-24,214820463.0,-60754412.0,-30452161.0,-4418363.0,0.007210505291580516,0.015650774492053765,0.021715952524642868,-221497868.0,2023-02-17,OOS,174466664.25,1,0.015650774492053765
TSEPrime,2023-02-20,2023-02-24,2023-03-02,-221497868.0,74887542.0,42302473.0,7470486.0,-0.005655820093913633,0.03836415869084586,-0.028813227913785933,-111917048.0,2023-02-24,OOS,40607191.25,1,0.03836415869084586
TSEPrime,2023-02-27,2023-03-03,2023-03-09,-111917048.0,-198069885.0,-19167173.0,-769924.0,0.013418440570459378,-0.06469540193810996,-0.05589810196563172,-1116420508.0,2023-03-03,OOS,19903378.5,1,-0.06469540193810996
TSEPrime,2023-03-06,2023-03-10,2023-03-16,-1116420508.0,-209079878.0,4341411.0,-2833061.0,-0.0024110111024361336,0.009405812812967929,0.03427804449950966,-563378675.0,2023-03-10,OOS,-308753740.25,0,0.0
TSEPrime,2023-03-13,2023-03-17,2023-03-24,-563378675.0,751807446.0,7873749.0,-72987354.0,-0.02077471651532492,0.02464046805637965,0.005175623427367437,-447363334.0,2023-03-17,OOS,-503303524.75,0,0.0
TSEPrime,2023-03-20,2023-03-24,2023-03-30,-447363334.0,201460622.0,9657402.0,-7303710.0,0.013486756854817816,-0.011112679749107568,0.012408486779743155,17603639.0,2023-03-24,OOS,-559769891.25,0,-0.0
TSEPrime,2023-03-27,2023-03-31,2023-04-06,17603639.0,-296429492.0,15922442.0,2018117.0,0.021235166986094622,0.02378548702887917,0.03999938815467452,724452469.0,2023-03-31,OOS,-527389719.5,0,0.0
TSEPrime,2023-04-03,2023-04-07,2023-04-13,724452469.0,152903574.0,-6852921.0,-1677714.0,-0.025891122477300632,0.015837205480270677,0.012241462600787845,1048794998.0,2023-04-07,OOS,-67171475.25,0,0.0
TSEPrime,2023-04-10,2023-04-14,2023-04-20,1048794998.0,-426029079.0,-12467385.0,3061782.0,0.021345489317136535,-0.0035396841738857265,0.028346889049040813,298836416.0,2023-04-14,OOS,335871943.0,1,-0.0035396841738857265
TSEPrime,2023-04-17,2023-04-21,2023-04-27,298836416.0,-286137170.0,-101857959.0,24647661.0,0.00399117895183454,0.0319998425592003,0.04657787661561308,158243797.0,2023-04-21,OOS,522421880.5,1,0.0319998425592003
TSEPrime,2023-04-24,2023-04-28,2023-05-09,158243797.0,-133944714.0,-76658704.0,12611853.0,0.009885438856548356,0.014126004147696047,0.030483182760839833,160979703.0,2023-04-28,OOS,557581920.0,1,0.014126004147696047
TSEPrime,2023-05-01,2023-05-02,2023-05-11,160979703.0,-281065973.0,-23190256.0,9651715.0,-0.001217481689652744,0.03588899183424621,0.03027233580882238,588395171.0,2023-05-02,OOS,416713728.5,1,0.03588899183424621
TSEPrime,2023-05-08,2023-05-12,2023-05-18,588395171.0,-331370715.0,-73327780.0,7643907.0,0.012157144857353863,-0.005422063628148344,-0.003966911509140969,716672132.0,2023-05-12,OOS,301613771.75,1,-0.005422063628148344
TSEPrime,2023-05-15,2023-05-19,2023-05-25,716672132.0,-887691417.0,20946940.0,51773920.0,0.02214814289429512,0.0014630850592922684,0.021130862241688586,409634603.0,2023-05-19,OOS,406072700.75,1,0.0014630850592922684
TSEPrime,2023-05-22,2023-05-26,2023-06-01,409634603.0,-77535526.0,-323365717.0,30475629.0,-0.013814973114573248,0.019639043591139327,0.06731525294399532,529795300.0,2023-05-26,OOS,468920402.25,1,0.019639043591139327
TSEPrime,2023-05-29,2023-06-02,2023-06-08,529795300.0,45011318.0,-1299368.0,1644874.0,0.010205262305324592,0.04675792835957093,0.047912388774811854,986392978.0,2023-06-02,OOS,561124301.5,1,0.04675792835957093
TSEPrime,2023-06-05,2023-06-09,2023-06-15,986392978.0,-485891460.0,-77340471.0,19690041.0,0.002040733582906684,0.0011028914937860623,0.0009939101208822354,599784189.0,2023-06-09,OOS,660623753.25,1,0.0011028914937860623
TSEPrime,2023-06-12,2023-06-16,2023-06-22,599784189.0,-553011152.0,-91163970.0,11041500.0,0.027510642004314967,-0.00010886131069021143,-0.008456346614413301,-335329877.0,2023-06-16,OOS,631401767.5,1,-0.00010886131069021143
TSEPrime,2023-06-19,2023-06-23,2023-06-29,-335329877.0,317645400.0,-139749629.0,15476832.0,-0.011250818598559253,-0.0083483941208492,-0.023194338595536323,340777279.0,2023-06-23,OOS,445160647.5,1,-0.0083483941208492
TSEPrime,2023-06-26,2023-06-30,2023-07-06,340777279.0,-141552286.0,79348534.0,-5415633.0,0.012578699832313411,-0.014970927679308632,-0.006534684771725252,90918234.0,2023-06-30,OOS,397906142.25,1,-0.014970927679308632
TSEPrime,2023-07-03,2023-07-07,2023-07-13,90918234.0,304941907.0,-191642388.0,-23962570.0,-0.028399567392419,0.008564460831301135,0.021230589525588872,303155705.0,2023-07-07,OOS,174037456.25,1,0.008564460831301135
TSEPrime,2023-07-10,2023-07-14,2023-07-21,303155705.0,158042785.0,41279933.0,-13591539.0,-0.0018855897259877352,0.012558571302272226,0.0054946512244717916,39388813.0,2023-07-14,OOS,99880335.25,1,0.012558571302272226
TSEPrime,2023-07-18,2023-07-21,2023-07-27,39388813.0,-4764736.0,-14640803.0,-13473027.0,0.004404425737474682,-0.01167249056702424,0.003646836358566441,83361072.0,2023-07-21,OOS,193560007.75,1,-0.01167249056702424
TSEPrime,2023-07-24,2023-07-28,2023-08-03,83361072.0,-139141927.0,24692392.0,25970113.0,0.004133825476288822,0.015500253488218485,-0.013692772279410126,23747153.0,2023-07-28,OOS,129205956.0,1,0.015500253488218485
TSEPrime,2023-07-31,2023-08-04,2023-08-10,23747153.0,254920672.0,97312742.0,-1386354.0,-0.020636711215210712,-0.028747433264887157,-0.016110197047115138,175670829.0,2023-08-04,OOS,112413185.75,1,-0.028747433264887157
TSEPrime,2023-08-07,2023-08-10,2023-08-17,175670829.0,-239729403.0,-74923253.0,6091066.0,0.0085729422530465,0.014881982725715392,0.03503679440405505,-736581700.0,2023-08-10,OOS,80541966.75,1,0.014881982725715392
TSEPrime,2023-08-14,2023-08-18,2023-08-24,-736581700.0,355028975.0,53416694.0,-3490463.0,-0.019115345325728117,0.01985926641855329,0.04232940754573411,-209454087.0,2023-08-18,OOS,-113450661.5,0,0.0
TSEPrime,2023-08-21,2023-08-25,2023-08-31,-209454087.0,-110415908.0,277793.0,-6692810.0,0.011113143489375421,0.022032590051457968,0.03154802744425389,335306921.0,2023-08-25,OOS,-186654451.25,0,0.0
TSEPrime,2023-08-28,2023-09-01,2023-09-07,335306921.0,-915873704.0,5417957.0,21696139.0,0.021714837312647672,0.009310307210767865,-0.0029831583717242482,-749035097.0,2023-09-01,OOS,-108764509.25,0,0.0
TSEPrime,2023-09-04,2023-09-08,2023-09-14,-749035097.0,175313315.0,-40196635.0,15554563.0,-0.006196997973653251,-0.012180065431477871,-0.034162381472998216,-267380609.0,2023-09-08,OOS,-339940990.75,0,-0.0
TSEPrime,2023-09-11,2023-09-15,2023-09-22,-267380609.0,-351896896.0,39633.0,21549804.0,0.028765335863892183,-0.022253363464589504,-0.04721264839433237,-864444137.0,2023-09-15,OOS,-222640718.0,0,-0.0
TSEPrime,2023-09-19,2023-09-22,2023-09-28,-864444137.0,639389547.0,-142823511.0,12156623.0,-0.02223182323169992,-0.03485382709943674,-0.01567249766575296,-57544343.0,2023-09-22,OOS,-386388230.5,0,-0.0
TSEPrime,2023-09-25,2023-09-29,2023-10-05,-57544343.0,563173589.0,-139778261.0,14457784.0,-0.026036470341647466,0.019874014913241478,-0.0035825352510867603,541479079.0,2023-09-29,OOS,-484601046.5,0,0.0
TSEPrime,2023-10-02,2023-10-06,2023-10-13,541479079.0,385469872.0,69661933.0,-723851.0,-0.021759043224278907,-0.022999458581483445,-0.023432593394694057,474964772.0,2023-10-06,OOS,-161972502.5,0,-0.0
TSEPrime,2023-10-10,2023-10-13,2023-10-19,474964772.0,-172802720.0,47986422.0,5838483.0,-0.0014877670087666273,-0.017626846159282006,0.025718147127411495,-63582673.0,2023-10-13,OOS,23613842.75,1,-0.017626846159282006
TSEPrime,2023-10-16,2023-10-20,2023-10-26,-63582673.0,307044603.0,62032643.0,-3769181.0,-0.007868786122082638,0.0441227380015734,0.0505653591098123,76576356.0,2023-10-20,OOS,223829208.75,1,0.0441227380015734
TSEPrime,2023-10-23,2023-10-27,2023-11-02,76576356.0,126743062.0,1265791.0,8370820.0,0.007075187264663052,0.006170367595451198,0.029564371186579397,39293252.0,2023-10-27,OOS,257359383.5,1,0.006170367595451198
TSEPrime,2023-10-30,2023-11-02,2023-11-09,39293252.0,-373921112.0,10163909.0,21119720.0,0.0408517237052044,0.014346157799170811,0.023904553085066338,69334899.0,2023-11-02,OOS,131812926.75,1,0.014346157799170811
TSEPrime,2023-11-06,2023-11-10,2023-11-16,69334899.0,-235009271.0,-44933676.0,15332761.0,-0.010057361700685608,0.009423208450490161,0.005868395943629645,322394363.0,2023-11-10,OOS,30405458.5,1,0.009423208450490161
TSEPrime,2023-11-13,2023-11-17,2023-11-24,322394363.0,-514288299.0,-83177809.0,8464024.0,0.023294331127868606,-0.003521627477059308,-0.02780078128267549,-10774153.0,2023-11-17,OOS,126899717.5,1,-0.003521627477059308
TSEPrime,2023-11-20,2023-11-24,2023-11-30,-10774153.0,-73041433.0,-34669689.0,190016.0,0.0077299165472477505,-0.006324396929593745,-0.022560664945914133,-362466959.0,2023-11-24,OOS,105062090.25,1,-0.006324396929593745
TSEPrime,2023-11-27,2023-12-01,2023-12-07,-362466959.0,34351355.0,136081844.0,-12491600.0,0.00031909176407363127,-0.016339606171421717,-0.014377666944925815,-546818669.0,2023-12-01,OOS,4622037.5,1,-0.016339606171421717
TSEPrime,2023-12-04,2023-12-08,2023-12-14,-546818669.0,377536928.0,74402376.0,4939793.0,-0.016159820540494918,0.001994529045598492,0.017519977599241843,252891679.0,2023-12-08,OOS,-149416354.5,0,0.0
TSEPrime,2023-12-11,2023-12-15,2023-12-21,252891679.0,-328681607.0,13751805.0,9079235.0,-0.01113819931737714,0.01549454423511798,0.050946267809697465,55764008.0,2023-12-15,OOS,-166792025.5,0,0.0
TSEPrime,2023-12-18,2023-12-22,2023-12-28,55764008.0,-201025618.0,-27550592.0,-3459758.0,0.008446777103493286,0.03491079669096786,0.05688351495753641,-226298455.0,2023-12-22,OOS,-150157485.25,0,0.0
TSEPrime,2023-12-25,2023-12-29,2024-01-10,-226298455.0,-251803426.0,25379652.0,-4813527.0,0.012402669632925356,0.021231509359863843,0.03466585940568123,159151902.0,2023-12-29,OOS,-116115359.25,0,0.0
TSEPrime,2024-01-04,2024-01-05,2024-01-12,159151902.0,-55097411.0,4331979.0,-18855801.0,0.006200631413449731,0.006334620303660943,0.0013711646480076833,958873334.0,2024-01-05,OOS,60377283.5,1,0.006334620303660943
TSEPrime,2024-01-09,2024-01-12,2024-01-18,958873334.0,-1068212212.0,-116504740.0,21988126.0,0.033624937321028225,0.015982568847834555,0.016833260436019515,389396179.0,2024-01-12,OOS,236872697.25,1,0.015982568847834555
TSEPrime,2024-01-15,2024-01-19,2024-01-25,389396179.0,-206621719.0,-238723394.0,-10379898.0,-0.005771211280994892,0.0008373092356788181,0.012129135201744079,405492743.0,2024-01-19,OOS,320280740.0,1,0.0008373092356788181
TSEPrime,2024-01-22,2024-01-26,2024-02-01,405492743.0,289684841.0,-148208095.0,-4548139.0,-0.018574257736981847,0.01128237912582275,0.0357887010465503,177461665.0,2024-01-26,OOS,478228539.5,1,0.01128237912582275
TSEPrime,2024-01-29,2024-02-02,2024-02-08,177461665.0,50284879.0,-201606261.0,-23542262.0,0.004032449357180168,0.024232916964212592,0.043310973492076466,377699333.0,2024-02-02,OOS,482805980.25,1,0.024232916964212592
TSEPrime,2024-02-05,2024-02-09,2024-02-16,377699333.0,206874624.0,-278930948.0,-7733012.0,0.00045761936238375434,0.018626677791620416,0.031069862423944716,263790082.0,2024-02-09,OOS,337512480.0,1,0.018626677791620416
TSEPrime,2024-02-13,2024-02-16,2024-02-22,263790082.0,-277994301.0,-97097275.0,12874250.0,0.004862118735236454,0.01830714358197616,0.02483923464037807,-63352892.0,2024-02-16,OOS,306110955.75,1,0.01830714358197616
TSEPrime,2024-02-19,2024-02-22,2024-02-29,-63352892.0,-113767225.0,-67096336.0,30705571.0,0.007963056267970892,0.015999372133959744,-0.005284539172487501,388858513.0,2024-02-22,OOS,188899547.0,1,0.015999372133959744
TSEPrime,2024-02-26,2024-03-01,2024-03-07,388858513.0,-102041583.0,-159945683.0,-1109119.0,0.01339008535244357,-0.020948744546705145,0.034827517711712774,184565632.0,2024-03-01,OOS,241748759.0,1,-0.020948744546705145
TSEPrime,2024-03-04,2024-03-08,2024-03-14,184565632.0,308033694.0,-235818401.0,-43766987.0,0.0075823639830321365,0.056969706077945714,0.04021280512776193,-50270373.0,2024-03-08,OOS,193465333.75,1,0.056969706077945714
TSEPrime,2024-03-11,2024-03-15,2024-03-22,-50270373.0,454951969.0,-175501085.0,5770174.0,0.001488658819647437,-0.015853719225655927,-0.039314379963173884,82860737.0,2024-03-15,OOS,114950220.0,1,-0.015853719225655927
TSEPrime,2024-03-18,2024-03-22,2024-03-28,82860737.0,-873017132.0,9259541.0,18348694.0,0.033515920337694016,-0.006837985902334198,-0.0013995877577877014,-183237845.0,2024-03-22,OOS,151503627.25,1,-0.006837985902334198
TSEPrime,2024-03-25,2024-03-29,2024-04-04,-183237845.0,411313120.0,-125151874.0,-10505969.0,-0.003247361069109056,0.005475841874085008,-0.019967057101024976,1211008420.0,2024-03-29,OOS,8479537.75,1,0.005475841874085008
TSEPrime,2024-04-01,2024-04-05,2024-04-11,1211008420.0,583648389.0,-82283754.0,-29644686.0,-0.006835169519553652,-0.025304336430090113,-0.030371756414363404,613788467.0,2024-04-05,OOS,265090234.75,1,-0.025304336430090113
TSEPrime,2024-04-08,2024-04-12,2024-04-18,613788467.0,-237189064.0,18427350.0,-1447326.0,0.011479591836734526,-0.0051989766382191105,0.02568488673924807,-561772560.0,2024-04-12,OOS,431104944.75,1,-0.0051989766382191105
TSEPrime,2024-04-15,2024-04-19,2024-04-25,-561772560.0,875241423.0,48265962.0,1245408.0,-0.04608455615284024,0.031045266995302967,0.025312273561776788,202956224.0,2024-04-19,OOS,269946620.5,1,0.031045266995302967
TSEPrime,2024-04-22,2024-04-26,2024-05-07,202956224.0,-192124900.0,-141231904.0,7619182.0,0.009021731781885922,-0.005560370254386049,0.0049158479655673215,190884295.0,2024-04-26,OOS,366495137.75,1,-0.005560370254386049
TSEPrime,2024-04-30,2024-05-02,2024-05-10,190884295.0,-291298929.0,144587856.0,-4697741.0,-0.005336891260840471,0.006381473566917428,0.005252528214470198,270089002.0,2024-05-02,OOS,111464106.5,1,0.006381473566917428
TSEPrime,2024-05-07,2024-05-10,2024-05-16,270089002.0,-52788516.0,-49908461.0,-9163735.0,-0.006558105322952867,0.0062866661309057825,-0.004142405225129209,38398605.0,2024-05-10,OOS,25539240.25,1,0.0062866661309057825
TSEPrime,2024-05-13,2024-05-17,2024-05-23,38398605.0,-109344865.0,37445153.0,-17221048.0,0.007907256761915837,-0.010363916870859469,0.0009002631817769391,-101703587.0,2024-05-17,OOS,175582031.5,1,-0.010363916870859469
TSEPrime,2024-05-20,2024-05-24,2024-05-30,-101703587.0,71493384.0,-125812023.0,-6339781.0,-0.009212294620019934,0.011382143643166476,0.0020468050766635493,-110178128.0,2024-05-24,OOS,99417078.75,1,0.011382143643166476
TSEPrime,2024-05-27,2024-05-31,2024-06-06,-110178128.0,-86496374.0,79309681.0,-10007430.0,0.002215908269350253,-0.009230278214004572,-0.011493419119913861,-194089038.0,2024-05-31,OOS,24151473.0,1,-0.009230278214004572
TSEPrime,2024-06-03,2024-06-07,2024-06-13,-194089038.0,281063670.0,1503180.0,7928351.0,-0.01538203118578163,-0.002284224937586621,0.022666539765281213,-269426268.0,2024-06-07,OOS,-91893037.0,0,-0.0
TSEPrime,2024-06-10,2024-06-14,2024-06-20,-269426268.0,97491660.0,-56987732.0,-29297828.0,-0.012894925049146466,0.025007888345061735,0.06344797728156615,-18456098.0,2024-06-14,OOS,-168849255.25,0,0.0
TSEPrime,2024-06-17,2024-06-21,2024-06-27,-18456098.0,190982555.0,18600276.0,17023639.0,0.009140706886270777,0.03750223717650436,0.04849124816551531,114075232.0,2024-06-21,OOS,-148037383.0,0,0.0
TSEPrime,2024-06-24,2024-06-28,2024-07-04,114075232.0,-472230751.0,-8516149.0,9529719.0,0.02534130844941407,0.010591794981490432,-0.012986161664602314,192389821.0,2024-06-28,OOS,-91974043.0,0,0.0
TSEPrime,2024-07-01,2024-07-05,2024-07-11,192389821.0,-510376887.0,103248871.0,-17662631.0,0.021208945288710535,-0.023330841159782567,-0.07839422088851111,125814298.0,2024-07-05,OOS,4645671.75,1,-0.023330841159782567
TSEPrime,2024-07-08,2024-07-12,2024-07-19,125814298.0,-71460294.0,-146308193.0,-8120524.0,0.009398070169932327,-0.05637874323185932,-0.11298469325335658,-217747990.0,2024-07-12,OOS,103455813.25,1,-0.05637874323185932
TSEPrime,2024-07-16,2024-07-19,2024-07-25,-217747990.0,224263372.0,-60096357.0,21001592.0,-0.01503529006713722,-0.002276870391828334,-0.09157668661849705,-552451051.0,2024-07-19,OOS,53632840.25,1,-0.002276870391828334
TSEPrime,2024-07-22,2024-07-26,2024-08-01,-552451051.0,488209114.0,46896377.0,22531117.0,-0.04526565589047693,-0.08950360433333715,-0.009279910048859197,-567004046.0,2024-07-26,OOS,-112998730.5,0,-0.0
TSEPrime,2024-07-29,2024-08-02,2024-08-08,-567004046.0,479560721.0,314453078.0,-16547723.0,-0.08046976631263891,0.08810984279156675,0.09059592964211727,455374941.0,2024-08-02,OOS,-302847197.25,0,0.0
TSEPrime,2024-08-05,2024-08-09,2024-08-16,455374941.0,20363601.0,64138029.0,-61385751.0,0.11501245987023778,0.002284775629059821,0.012704397819756741,184870202.0,2024-08-09,OOS,-220457036.5,0,0.0
TSEPrime,2024-08-13,2024-08-16,2024-08-22,184870202.0,-391789023.0,45111914.0,-4256743.0,0.048971040316422076,0.008093134685932535,-0.018956352474358007,-408854431.0,2024-08-16,OOS,-119802488.5,0,0.0
TSEPrime,2024-08-19,2024-08-23,2024-08-29,-408854431.0,-29111849.0,-25208279.0,-9966244.0,0.016500450563014413,-0.026832329503679753,-0.03732612457389839,-237009201.0,2024-08-23,OOS,-83903333.5,0,-0.0
TSEPrime,2024-08-26,2024-08-30,2024-09-05,-237009201.0,-105679808.0,-50349571.0,-6528582.0,0.01924543756880759,-0.010783131610677898,0.008238068346586358,-237009201.0,2024-08-30,OOS,-1404622.25,0,-0.0
TSEPrime,2024-08-26,2024-08-30,2024-09-10,-237009201.0,-105679808.0,-50583589.0,-6528582.0,0.01924543756880759,-0.004335271332872814,0.05611401336676325,-798478420.0,2024-08-30,OOS,-174500657.75,0,-0.0
TSEPrime,2024-09-02,2024-09-06,2024-09-12,-798478420.0,449874878.0,170820075.0,26902186.0,-0.0436562726666887,0.019228543876566917,0.020613307618129184,-1533681074.0,2024-09-06,OOS,-420337813.25,0,0.0
TSEPrime,2024-09-09,2024-09-13,2024-09-20,-1533681074.0,215201250.0,26693006.0,-169319174.0,-0.0033298058323933954,0.0013586390902038392,0.03672488504550864,-545527257.0,2024-09-13,OOS,-701544474.0,0,0.0
TSEPrime,2024-09-17,2024-09-20,2024-09-27,-545527257.0,-320402248.0,-64316777.0,52702431.0,0.03388033305161664,-0.017099973001962754,-0.01267448393616799,-67269398.0,2024-09-20,OOS,-778673988.0,0,-0.0
TSEPrime,2024-09-24,2024-09-27,2024-10-03,-67269398.0,-575977133.0,47101050.0,24288503.0,0.03169686042616293,0.01079103181789387,0.0019636995055352102,420226829.0,2024-09-27,OOS,-736239037.25,0,0.0
TSEPrime,2024-09-30,2024-10-04,2024-10-10,420226829.0,137054339.0,292313094.0,-18390984.0,0.01819013280724424,-0.00873309322549376,-0.034781230300773736,264571531.0,2024-10-04,OOS,-431562725.0,0,-0.0
TSEPrime,2024-10-07,2024-10-11,2024-10-18,264571531.0,-207221550.0,48203619.0,899491.0,-0.012115836007286274,-0.026277621997932266,-0.016630841434298382,-45657323.0,2024-10-11,OOS,18000426.25,1,-0.026277621997932266
TSEPrime,2024-10-15,2024-10-18,2024-10-24,-45657323.0,63011531.0,69607631.0,17350920.0,-0.012700242696167208,0.022742708408427736,0.0404390701062769,-9016115.0,2024-10-18,OOS,142967909.75,1,0.022742708408427736
TSEPrime,2024-10-21,2024-10-25,2024-10-31,-9016115.0,9004304.0,6793496.0,19096088.0,-0.02298211507102843,0.01730284806956739,0.005984025286494887,-210573497.0,2024-10-25,OOS,157531230.5,1,0.01730284806956739
TSEPrime,2024-10-28,2024-11-01,2024-11-08,-210573497.0,-40779047.0,-115174072.0,-26895043.0,-0.005086952268434586,-0.011126306000765918,-0.01663658078515029,175962474.0,2024-11-01,OOS,-168851.0,0,-0.0
TSEPrime,2024-11-05,2024-11-08,2024-11-14,175962474.0,-724225975.0,4350474.0,24132408.0,0.029235134709074906,-0.0068154389498078505,-0.005160631122233528,135528387.0,2024-11-08,OOS,-22321115.25,0,-0.0
TSEPrime,2024-11-11,2024-11-15,2024-11-21,135528387.0,21080419.0,22185348.0,56265629.0,-0.010234771944168664,0.0016661634629362432,0.022152146443467746,-353170006.0,2024-11-15,OOS,22975312.25,1,0.0016661634629362432
TSEPrime,2024-11-18,2024-11-22,2024-11-28,-353170006.0,202850972.0,-38214790.0,19001648.0,0.0017720747763545486,0.02045190676073938,0.03190958887797324,-193016862.0,2024-11-22,OOS,-63063160.5,0,0.0
TSEPrime,2024-11-25,2024-11-29,2024-12-05,-193016862.0,151811594.0,-165415543.0,21915648.0,-0.01284798939460885,0.011228047143940767,-0.010360143532294752,128762011.0,2024-11-29,OOS,-58674001.75,0,0.0
TSEPrime,2024-12-02,2024-12-06,2024-12-12,128762011.0,-483804050.0,352958313.0,20723182.0,0.004604526433665379,-0.021348488837120483,-0.002253852284324398,-513291551.0,2024-12-06,OOS,-70474117.5,0,-0.0
TSEPrime,2024-12-09,2024-12-13,2024-12-19,-513291551.0,-331249526.0,208776839.0,525984.0,0.00438827453045465,0.019511170559688873,0.020697685558785928,-442057219.0,2024-12-13,OOS,-232679102.0,0,0.0
TSEPrime,2024-12-16,2024-12-20,2024-12-26,-442057219.0,131654832.0,-85139725.0,5729728.0,-0.013270862167817699,0.00116380774763436,-0.028361488806482704,466310766.0,2024-12-20,OOS,-254900905.25,0,0.0
TSEPrime,2024-12-23,2024-12-27,2025-01-08,466310766.0,-843274704.0,-121444451.0,20994357.0,0.027483368417964282,-0.029490974729241892,-0.0065920577617328835,-58453661.0,2024-12-27,OOS,-90068998.25,0,-0.0
TSEPrime,2024-12-30,2024-12-30,2025-01-10,-58453661.0,124759923.0,-43996911.0,2141269.0,,-0.0010500641091771845,0.016193093894153687,378615859.0,2024-12-30,OOS,-136872916.25,0,-0.0
TSEPrime,2025-01-06,2025-01-10,2025-01-17,378615859.0,678311071.0,-118256010.0,-58660370.0,-0.01533170317590471,0.026729665375342382,0.04077001739182351,8063521.0,2025-01-10,OOS,86103936.25,1,0.026729665375342382
TSEPrime,2025-01-14,2025-01-17,2025-01-23,8063521.0,432394205.0,89102500.0,-25760711.0,-0.0011779704612723263,0.010971240015408501,0.0001671669561804645,389069186.0,2025-01-17,OOS,198634121.25,1,0.010971240015408501
TSEPrime,2025-01-20,2025-01-24,2025-01-30,389069186.0,-455534361.0,-30194089.0,-62745080.0,0.01466840263050151,-0.010686825333491523,-0.008166991980387617,-335422021.0,2025-01-24,OOS,179323726.25,1,-0.010686825333491523
TSEPrime,2025-01-27,2025-01-31,2025-02-06,-335422021.0,116961992.0,-45675284.0,-43501565.0,0.011091089058653303,0.00254705326647775,-0.00569362691664832,-282093776.0,2025-01-31,OOS,110081636.25,1,0.00254705326647775
TSEPrime,2025-02-03,2025-02-07,2025-02-14,-282093776.0,505052450.0,27697673.0,536429.0,0.006190288892401474,-0.008219744057175737,-0.010745829422189712,96878048.0,2025-02-07,OOS,-55095772.5,0,-0.0
TSEPrime,2025-02-10,2025-02-14,2025-02-20,96878048.0,-113347813.0,-3220051.0,27059639.0,0.00958649986644744,-0.01920207708622823,-0.009511445915307504,-146489956.0,2025-02-14,OOS,-32892140.75,0,-0.0
TSEPrime,2025-02-17,2025-02-21,2025-02-28,-146489956.0,161814179.0,47126861.0,-14716863.0,-0.010976182731576856,0.009880354499662625,0.01258719878900405,-607714080.0,2025-02-21,OOS,-166781926.25,0,0.0
TSEPrime,2025-02-25,2025-02-28,2025-03-06,-607714080.0,518027006.0,7375043.0,-17262828.0,-0.015638418908503593,-0.01928102318447622,0.019171988180605615,-73953965.0,2025-02-28,OOS,-234854941.0,0,-0.0
TSEPrime,2025-03-03,2025-03-07,2025-03-13,-73953965.0,-464321958.0,261165227.0,10834983.0,-0.00768255689561681,0.039209001022843415,0.021824367393527888,-792161132.0,2025-03-07,OOS,-182819988.25,0,0.0
TSEPrime,2025-03-10,2025-03-14,2025-03-21,-792161132.0,-143040469.0,-76086588.0,-14593442.0,0.005587316162857681,-0.01672871733424619,-0.11486505762866595,227275420.0,2025-03-14,OOS,-405079783.25,0,-0.0
TSEPrime,2025-03-17,2025-03-21,2025-03-27,227275420.0,-445189566.0,-125853042.0,21674850.0,0.020392122614733,-0.08767985451807325,-0.09805467648385513,-827138241.0,2025-03-21,OOS,-311638439.25,0,-0.0
TSEPrime,2025-03-24,2025-03-28,2025-04-03,-827138241.0,457373306.0,-181646843.0,-284482.0,-0.012049962735767972,-0.011371909320605278,-0.014941933574968647,621750486.0,2025-03-28,OOS,-366494479.5,0,-0.0
TSEPrime,2025-03-31,2025-04-04,2025-04-10,621750486.0,703805463.0,247705776.0,-69641341.0,-0.06644901889247878,-0.003611089233677256,0.020934078916279297,132692788.0,2025-04-04,OOS,-192568366.75,0,-0.0
TSEPrime,2025-04-07,2025-04-11,2025-04-17,132692788.0,-82258481.0,65707562.0,-21710982.0,0.07788400199243228,0.024634124170529903,0.062267066630306456,167950271.0,2025-04-11,OOS,38645113.25,1,0.024634124170529903
TSEPrime,2025-04-14,2025-04-18,2025-04-24,167950271.0,-244488527.0,69287245.0,657838.0,0.028386464189414484,0.036728176011355584,0.06926744221927361,306180686.0,2025-04-18,OOS,23813826.0,1,0.036728176011355584
TSEPrime,2025-04-21,2025-04-25,2025-05-02,306180686.0,-378409953.0,-57950695.0,8226739.0,0.03918653343508938,0.03138649740678168,0.018993369993079767,386993183.0,2025-04-25,OOS,307143557.75,1,0.03138649740678168
TSEPrime,2025-04-28,2025-05-02,2025-05-12,386993183.0,-161662725.0,175230960.0,21820109.0,0.014023187115418834,-0.0013456937799043445,0.003584869879799335,363985893.0,2025-05-02,OOS,248454232.0,1,-0.0013456937799043445
TSEPrime,2025-05-07,2025-05-09,2025-05-15,363985893.0,-371454547.0,31454739.0,11331940.0,0.013845617470773286,-0.007984782545199631,0.02667435815053887,597828622.0,2025-05-09,OOS,306277508.25,1,-0.007984782545199631
TSEPrime,2025-05-12,2025-05-16,2025-05-22,597828622.0,-222531257.0,9608273.0,15478443.0,-0.0005944392577897917,0.034938113938073334,0.014493447033406825,283322651.0,2025-05-16,OOS,413747096.0,1,0.034938113938073334
TSEPrime,2025-05-19,2025-05-23,2025-05-29,283322651.0,-61280351.0,73864988.0,-14023103.0,-0.0010480610869890716,-0.019754482542798435,-0.010330651986828032,611564165.0,2025-05-23,OOS,408032587.25,1,-0.019754482542798435
TSEPrime,2025-05-26,2025-05-30,2025-06-05,611564165.0,-360996165.0,-264318473.0,38878221.0,0.01804564829518429,0.009613745116036077,0.01291869673894519,393216039.0,2025-05-30,OOS,464175332.75,1,0.009613745116036077
TSEPrime,2025-06-02,2025-06-06,2025-06-12,393216039.0,189024477.0,-23656783.0,47588417.0,-0.002866103287737287,0.003273481208924345,0.007804611619960156,96873927.0,2025-06-06,OOS,471482869.25,1,0.003273481208924345
TSEPrime,2025-06-09,2025-06-13,2025-06-19,96873927.0,-18805758.0,-1213391.0,-66068614.0,-0.01038985284033589,0.004516346236497659,0.013219535256869364,97075374.0,2025-06-13,OOS,346244195.5,1,0.004516346236497659
TSEPrime,2025-06-16,2025-06-20,2025-06-26,97075374.0,-251053180.0,46050350.0,-18042861.0,-0.002113692913187304,0.008664059129529278,0.0027275741704073653,366091354.0,2025-06-20,OOS,299682376.25,1,0.008664059129529278
TSEPrime,2025-06-23,2025-06-27,2025-07-03,366091354.0,-606083384.0,120490101.0,-84097146.0,0.028741335226244002,-0.005885492702342399,0.0038246865489097726,577500603.0,2025-06-27,OOS,238314173.5,1,-0.005885492702342399
TSEPrime,2025-06-30,2025-07-04,2025-07-10,577500603.0,-98086218.0,-156009472.0,-83313968.0,-0.008724639306796123,0.00976766678282126,0.04960993336509811,400343944.0,2025-07-04,OOS,284385314.5,1,0.00976766678282126
TSEPrime,2025-07-07,2025-07-11,2025-07-17,400343944.0,-74300101.0,-446468021.0,-38822713.0,0.004097136272459556,0.03945686507195911,0.038326507759322004,200238561.0,2025-07-11,OOS,360252818.75,1,0.03945686507195911
TSEPrime,2025-07-14,2025-07-18,2025-07-25,200238561.0,-101075253.0,58806838.0,-88043143.0,0.004134178354193274,-0.0010874499468132015,0.024509969985026414,571534383.0,2025-07-18,OOS,386043615.5,1,-0.0010874499468132015
TSEPrime,2025-07-22,2025-07-25,2025-07-31,571534383.0,-1178803529.0,-22184550.0,-17155091.0,0.04078358643109237,0.01523918901011534,0.05593139137023573,-199357862.0,2025-07-25,OOS,437404372.75,1,0.01523918901011534
TSEPrime,2025-07-28,2025-08-01,2025-08-07,-199357862.0,17417393.0,62441474.0,-20430900.0,0.006114517543410747,0.04008139441484371,0.03780221692682528,-37324415.0,2025-08-01,OOS,243189756.5,1,0.04008139441484371
TSEPrime,2025-08-04,2025-08-08,2025-08-15,-37324415.0,-543235232.0,-41249156.0,21515074.0,0.03703792606817102,-0.002191345312258619,-0.01045796220975137,555031880.0,2025-08-08,OOS,133772666.75,1,-0.002191345312258619
TSEPrime,2025-08-12,2025-08-15,2025-08-21,555031880.0,-1104050310.0,11608929.0,26822548.0,0.013471955439167571,0.0022154105645568745,-0.0009017337290581073,-187549994.0,2025-08-15,OOS,222470996.5,1,0.0022154105645568745
TSEPrime,2025-08-18,2025-08-22,2025-08-28,-187549994.0,121544586.0,-289313063.0,-5693931.0,-0.006437121911206822,-0.003110253804478047,0.018765090071137802,-286690236.0,2025-08-22,OOS,32699902.25,1,-0.003110253804478047
TSEPrime,2025-08-25,2025-08-29,2025-09-04,-286690236.0,380988457.0,-210777508.0,-32011102.0,-0.009760134471532678,0.021943594022407975,0.02191762142998588,163179673.0,2025-08-29,OOS,10866808.75,1,0.021943594022407975
TSEPrime,2025-09-01,2025-09-05,2025-09-11,163179673.0,113773735.0,-87822522.0,-1300173.0,0.013750371344905199,-2.5414898213504955e-05,-0.005143340025923204,-653313300.0,2025-09-05,OOS,60992830.75,1,-2.5414898213504955e-05
TSEPrime,2025-09-08,2025-09-12,2025-09-19,-653313300.0,-522179592.0,-102714204.0,-38135820.0,0.007102797782168047,-0.005118055202561811,0.02490087937782759,-289347197.0,2025-09-12,OOS,-241093464.25,0,-0.0
TSEPrime,2025-09-16,2025-09-19,2025-09-26,-289347197.0,-35358724.0,-45401058.0,-5172868.0,-0.006527036069133629,-0.01815175304830219,0.0033165778689812075,-531265005.0,2025-09-19,OOS,-266542765.0,0,-0.0
TSEPrime,2025-09-22,2025-09-26,2025-10-02,-531265005.0,104086626.0,-275847389.0,-2085810.0,0.007539904589383362,0.0551823540843428,0.026896417697739095,1278636968.0,2025-09-26,OOS,-327686457.25,0,0.0
TSEPrime,2025-09-29,2025-10-03,2025-10-09,1278636968.0,378178372.0,62124211.0,-43366034.0,-0.000766388744304014,-0.026806680643507663,0.003585274589673171,1071607049.0,2025-10-03,OOS,-48822133.5,0,-0.0
TSEPrime,2025-10-06,2025-10-10,2025-10-17,1071607049.0,-446720797.0,-42182940.0,27401847.0,-0.008825006354500453,0.031229103846784678,0.05090460630070259,183252322.0,2025-10-10,OOS,382407953.75,1,0.031229103846784678
TSEPrime,2025-10-14,2025-10-17,2025-10-23,183252322.0,315779132.0,-148168710.0,4367453.0,0.01163054125890639,0.014447811468507377,0.013851581852491579,650182808.0,2025-10-17,OOS,500557833.5,1,0.014447811468507377
TSEPrime,2025-10-20,2025-10-24,2025-10-30,650182808.0,-530704169.0,-113614776.0,2669437.0,0.006464621588757824,-0.0005877380869427906,0.017880567985239848,371650523.0,2025-10-24,OOS,795919786.75,1,-0.0005877380869427906
TSEPrime,2025-10-27,2025-10-31,2025-11-07,371650523.0,-223949046.0,-328822940.0,-9925989.0,0.002039067081697876,0.018479166982433348,-0.0003395122542704243,-321370409.0,2025-10-31,OOS,569173175.5,1,0.018479166982433348
TSEPrime,2025-11-04,2025-11-07,2025-11-13,-321370409.0,519484986.0,263826259.0,-35739255.0,-0.003410731872367956,-0.024292371929077405,-0.0009699206321043263,521885223.0,2025-11-07,OOS,220928811.0,1,-0.024292371929077405
TSEPrime,2025-11-10,2025-11-14,2025-11-20,521885223.0,-245564259.0,-41798997.0,41413682.0,0.012778002182418868,0.023903114648272217,0.019090366320459795,-403243124.0,2025-11-14,OOS,305587036.25,1,0.023903114648272217
TSEPrime,2025-11-17,2025-11-21,2025-11-28,-403243124.0,131485072.0,-119669343.0,39781603.0,-0.01487664038858505,-0.004700394264808616,0.013435194942044149,-138828994.0,2025-11-21,OOS,42230553.25,1,-0.004700394264808616
TSEPrime,2025-11-25,2025-11-28,2025-12-04,-138828994.0,-426982623.0,33755653.0,14776886.0,0.026603745491341257,-0.012056347312261573,-0.012159342712781185,48916475.0,2025-11-28,OOS,-85389326.0,0,-0.0
TSEPrime,2025-12-01,2025-12-05,2025-12-11,48916475.0,163456839.0,168649897.0,-83427248.0,0.007258120078003083,-0.0001042523024865627,0.01809224243724028,202055472.0,2025-12-05,OOS,7182395.0,1,-0.0001042523024865627
TSEPrime,2025-12-08,2025-12-12,2025-12-18,202055472.0,-268853381.0,137607272.0,31493170.0,0.0116774172578753,0.018198391963990534,0.05408279687448814,-432227807.0,2025-12-12,OOS,-72775042.75,0,0.0
TSEPrime,2025-12-15,2025-12-19,2025-12-25,-432227807.0,251955658.0,-74963913.0,17577978.0,-0.013932804308357638,0.03524303828577113,0.0661735879086478,-37471712.0,2025-12-19,OOS,-80021213.5,0,0.0
TSEPrime,2025-12-22,2025-12-26,2026-01-06,-37471712.0,-358147946.0,50327531.0,1354535.0,0.005253775876094213,0.02987757316783668,0.014486609918495041,-2002089.0,2025-12-26,OOS,-54681893.0,0,0.0
TSEPrime,2025-12-29,2025-12-30,2026-01-08,-2002089.0,173327563.0,-18183476.0,498145.0,-0.005121814552373927,0.05003530080302143,0.04171808721307335,1212766146.0,2025-12-30,OOS,-67411534.0,0,0.0
TSEPrime,2026-01-05,2026-01-09,2026-01-16,1212766146.0,-551495620.0,-30267878.0,-3259422.0,0.01052186615749151,-0.007920889501131567,-0.025244077098844353,750493712.0,2026-01-09,OOS,185266134.5,1,-0.007920889501131567
TSEPrime,2026-01-13,2026-01-16,2026-01-22,750493712.0,-640167423.0,-43976512.0,14274920.0,0.016613455815543077,-0.01965501413015225,0.009963001675708849,212782519.0,2026-01-16,OOS,480946514.25,1,-0.01965501413015225
TSEPrime,2026-01-19,2026-01-23,2026-01-29,212782519.0,446246434.0,130528659.0,-24213632.0,-0.007302264522481172,0.030211829746424668,0.07715849152398935,187026279.0,2026-01-23,OOS,543510072.0,1,0.030211829746424668
TSEPrime,2026-01-26,2026-01-30,2026-02-05,187026279.0,793592059.0,-93210776.0,-52502038.0,0.0038930440339031147,0.045569911373586125,0.04273069014705366,248667393.0,2026-01-30,OOS,590767164.0,1,0.045569911373586125
TSEPrime,2026-02-02,2026-02-06,2026-02-13,248667393.0,-417040317.0,-55715237.0,192489347.0,0.046058827022762205,-0.002715477172447134,0.020836115584534687,1191806644.0,2026-02-06,OOS,349742475.75,1,-0.002715477172447134
TSEPrime,2026-02-09,2026-02-13,2026-02-19,1191806644.0,-1138162022.0,-164455387.0,-13782790.0,0.009324526835766234,0.022478706364596812,-0.035087446035788394,523389703.0,2026-02-13,OOS,460070708.75,1,0.022478706364596812
TSEPrime,2026-02-16,2026-02-20,2026-02-27,523389703.0,558485275.0,-301452783.0,-53343329.0,0.005571133606873335,-0.056300588014258635,-0.07861770948642688,745409937.0,2026-02-20,OOS,537722504.75,1,-0.056300588014258635
TSEPrime,2026-02-24,2026-02-27,2026-03-05,745409937.0,-414743641.0,-355135784.0,27407061.0,0.03215425657367166,-0.014265381467967742,-0.025189930509605274,226130451.0,2026-02-27,OOS,677318419.25,1,-0.014265381467967742
TSEPrime,2026-03-02,2026-03-06,2026-03-12,226130451.0,842566489.0,-188169229.0,-9024752.0,-0.04655475808147924,-0.011082647232077969,-4.38374179760892e-05,-472897397.0,2026-03-06,OOS,671684183.75,1,-0.011082647232077969
TSEPrime,2026-03-09,2026-03-13,2026-03-19,-472897397.0,404898876.0,-111846727.0,-47308093.0,0.014874826614166281,0.011162520086440919,0.009915775475148214,-491896033.0,2026-03-13,OOS,255508173.5,1,0.011162520086440919
TSEPrime,2026-03-16,2026-03-19,2026-03-26,-491896033.0,309202366.0,5603495.0,19852475.0,-0.00036834656703765845,-0.008545624245086203,0.027086307236191765,-1508629733.0,2026-03-19,OOS,1686739.5,1,-0.008545624245086203
TSEPrime,2026-03-23,2026-03-27,2026-04-02,-1508629733.0,-4516517.0,352895026.0,-823085.0,0.04682426773442261,0.03593905312500856,0.056148540702777305,1909324265.0,2026-03-27,OOS,-561823178.0,0,0.0
TSEPrime,2026-03-30,2026-04-03,2026-04-09,1909324265.0,-450353357.0,100788538.0,14072920.0,0.029034480032972487,0.019508375050448112,-0.006705920400270404,1635174762.0,2026-04-03,OOS,-141024724.5,0,0.0
TSEPrime,2026-04-06,2026-04-10,2026-04-16,1635174762.0,-785711849.0,-149154920.0,-24692745.0,0.026078248463564435,-0.025712682791273145,-0.02247500301484351,984959388.0,2026-04-10,OOS,385993315.25,1,-0.025712682791273145
TSEPrime,2026-04-13,2026-04-17,2026-04-23,984959388.0,334129262.0,-88707287.0,-14517627.0,0.010153075065605366,0.0033231262680351037,0.05464995506379866,826535901.0,2026-04-17,OOS,755207170.5,1,0.0033231262680351037
TSEPrime,2026-04-20,2026-04-24,2026-05-01,826535901.0,112359047.0,-103062900.0,9769112.0,-0.015999385759143392,0.05115682819619538,0.01687437813947379,388671302.0,2026-04-24,OOS,1338998579.0,1,0.05115682819619538
TSEPrime,2026-04-27,2026-05-01,2026-05-12,388671302.0,270105836.0,133017356.0,-36365760.0,-0.0017535499346769123,-0.005739884840817,0.016927883498153884,1209653731.0,2026-05-01,OOS,958835338.25,1,-0.005739884840817
TSEPrime,2026-05-07,2026-05-08,2026-05-14,1209653731.0,-468397642.0,-269429150.0,-4584014.0,-0.0028668216816082337,-0.0065630904783632316,0.005861927630714137,534638487.0,2026-05-08,OOS,852455080.5,1,-0.0065630904783632316
TSEPrime,2026-05-11,2026-05-15,2026-05-21,534638487.0,167111685.0,34269909.0,6443126.0,0.005998547226843565,0.012507103360051453,,464294285.0,2026-05-15,OOS,739874855.25,1,0.012507103360051453
TSEPrime,2026-05-18,2026-05-22,2026-05-28,464294285.0,-145419890.0,37411101.0,-29012622.0,0.01723502617267436,,,,2026-05-22,OOS,649314451.25,1,
