doc_type,entry,N,net,wr,sharpe
2QFinancialStatements_Consolidated_JP,-3,910,0.5404839828009644,57.25274725274725,2.0883057468480346
3QFinancialStatements_Consolidated_JP,-3,1290,0.5079956963486953,60.46511627906976,2.232993940763863
DividendForecastRevision,-2,107,0.18963226385420454,52.336448598130836,1.8030355456022
FYFinancialStatements_Consolidated_IFRS,-5,488,1.3834499002767209,64.95901639344262,2.7537058690241114
FYFinancialStatements_Consolidated_JP,-5,1164,1.4718329948803548,64.17525773195877,2.6906395535359353
