sym,N,spearman_r,p
5711.T,2010,-0.014863584339504621,0.5054100258519618
5706.T,2010,-0.028636919349602934,0.1993715134242558
5713.T,2010,0.0064805017685830866,0.7715386988628194
8035.T,2010,0.037701525596282086,0.09106188470720156
6857.T,2010,0.02063856513098186,0.35506361363530514
6146.T,2010,-0.048183002654557064,0.03076488788171701
4063.T,2010,0.04013835688125114,0.07199820109379995
6963.T,2010,-0.006302862389736759,0.7776342075621189
