code,date,period,c30,n_open_09:00,n_close_09:05,n_close_09:15,n_close_09:30,n_close_10:00,n_close_11:30,n_close_15:30,alt,ret_open
13060,2024-11-05,IS,2776.0,2806.5,2807.5,2807.5,2810.5,2821.0,2848.5,2847.5,51.66577587742749,109.87031700288253
13570,2024-11-12,IS,118.0,119.0,119.0,119.0,120.0,120.0,121.0,122.0,84.03361344537785,84.74576271186419
13570,2024-11-20,IS,124.0,125.0,126.0,126.0,126.0,127.0,127.0,127.0,160.00000000000014,80.6451612903225
13570,2024-11-29,IS,125.0,126.0,124.0,126.0,126.0,127.0,125.0,124.0,79.36507936507908,80.00000000000007
13570,2024-12-05,IS,118.0,118.0,119.0,,119.0,120.0,120.0,120.0,169.49152542372838,0.0
13570,2024-12-09,IS,119.0,118.0,118.0,119.0,119.0,118.0,119.0,118.0,0.0,-84.03361344537785
13570,2024-12-12,IS,114.0,115.0,117.0,116.0,116.0,117.0,117.0,117.0,173.91304347825985,87.71929824561431
13570,2026-03-02,OOS,4271.0,4320.0,4313.0,4336.0,4349.0,4364.0,4471.0,4533.0,101.85185185185075,114.72723015687248
13570,2026-05-15,OOS,3500.0,3476.0,3517.0,3525.0,3528.0,3535.0,3566.0,3568.0,169.73532796317636,-68.57142857142895
13600,2025-04-25,IS,311.8,307.3,307.2,307.9,306.5,309.5,309.2,310.2,71.5912788805717,-144.32328415651008
13600,2026-03-10,OOS,118.3,114.3,114.6,113.0,113.2,113.8,113.0,114.8,-43.744531933508355,-338.1234150464918
13600,2026-03-26,OOS,119.7,122.3,121.5,122.6,123.2,123.7,121.4,120.2,114.47260834014816,217.2096908939003
13600,2026-03-30,OOS,125.7,129.9,130.3,131.4,131.0,128.2,125.9,128.7,-130.86989992301957,334.1288782816232
13600,2026-05-15,OOS,85.8,85.4,86.3,86.5,86.6,86.8,87.5,87.6,163.93442622950616,-46.62004662004615
14580,2026-04-17,OOS,68000.0,68580.0,68700.0,68600.0,68440.0,68890.0,68910.0,68340.0,45.202682997957936,85.29411764705897
15420,2025-06-26,IS,15375.0,15680.0,15700.0,15690.0,,,15675.0,15585.0,,198.37398373983683
15420,2025-09-24,OOS,19710.0,19900.0,19890.0,19825.0,19705.0,19720.0,19760.0,19860.0,-90.45226130653283,96.39776763064489
15420,2025-09-30,OOS,22800.0,22795.0,22235.0,22320.0,22255.0,22560.0,23225.0,22005.0,-103.09278350515427,-2.1929824561406353
15420,2025-10-02,OOS,21420.0,20920.0,20945.0,21160.0,20960.0,21100.0,21045.0,21100.0,86.04206500955947,-233.4267040149396
15420,2025-10-07,OOS,22100.0,22265.0,22230.0,22270.0,22370.0,22420.0,22695.0,22740.0,69.61598922075041,74.66063348416263
15420,2026-02-09,OOS,38790.0,39410.0,39670.0,39410.0,39060.0,38510.0,38620.0,37600.0,-228.368434407511,159.8350090229439
15700,2026-04-17,OOS,57070.0,57570.0,57670.0,57580.0,57450.0,57810.0,57860.0,57370.0,41.688379364253066,87.61170492377789
16050,2025-05-30,IS,1951.5,1953.0,1948.5,1945.0,1947.0,1940.5,1941.0,1951.0,-64.0040962621613,7.68639508070823
16050,2025-07-14,IS,2077.5,2072.0,2062.5,2065.5,2068.0,2072.5,2070.5,2071.0,2.4131274131278246,-26.474127557160053
16050,2025-12-02,OOS,3172.0,3174.0,3183.0,3166.0,3159.0,3167.0,3174.0,3133.0,-22.05419029615574,6.305170239595537
16050,2025-12-16,OOS,3121.0,3070.0,3061.0,3080.0,3054.0,3068.0,3111.0,3105.0,-6.514657980456473,-163.40916372957426
16050,2026-02-25,OOS,3620.0,3690.0,3709.0,3717.0,3712.0,3676.0,3674.0,3685.0,-37.94037940379358,193.3701657458564
16050,2026-04-02,OOS,4567.0,4550.0,4596.0,4577.0,4621.0,4624.0,4619.0,4675.0,162.6373626373634,-37.223560324064486
16050,2026-04-06,OOS,4512.0,4567.0,4622.0,4619.0,4559.0,4509.0,4534.0,4480.0,-126.99802934092452,121.89716312056787
16050,2026-04-17,OOS,3985.0,3915.0,3900.0,3896.0,3945.0,3901.0,3874.0,3843.0,-35.75989782886313,-175.65872020075312
18010,2024-11-12,IS,6971.0,6980.0,6973.0,6980.0,6982.0,6834.0,6841.0,6905.0,-209.16905444126056,12.910629751829994
18010,2025-03-14,IS,6673.0,6750.0,6750.0,6769.0,6807.0,6824.0,6850.0,6922.0,109.62962962963063,115.39037913981699
18010,2025-03-31,IS,6609.0,6652.0,6705.0,6685.0,6669.0,6661.0,6641.0,6600.0,13.529765484066036,65.06279316084162
18010,2025-10-21,OOS,10665.0,10940.0,11025.0,10965.0,10970.0,10985.0,11010.0,11090.0,41.13345521023825,257.85278949835845
18010,2026-03-12,OOS,17410.0,17010.0,17045.0,17340.0,17250.0,17220.0,17400.0,17340.0,123.45679012345734,-229.75301550832828
18010,2026-05-26,OOS,14880.0,15130.0,14990.0,14800.0,14750.0,14715.0,14570.0,14320.0,-274.28949107732967,168.01075268817246
18020,2025-10-16,OOS,2453.5,2455.0,2477.0,2479.0,2487.0,2477.0,2471.5,2485.5,89.61303462321712,6.113715100877215
18020,2025-11-11,OOS,2863.0,2850.0,2852.0,2828.0,2845.5,2843.0,2838.5,2847.0,-24.561403508771562,-45.4069158225634
18020,2026-02-16,OOS,4005.0,3956.0,4002.0,4021.0,3996.0,3998.0,3995.0,3990.0,106.16784630940401,-122.34706616729096
18020,2026-02-18,OOS,4016.0,4018.0,3999.0,4005.0,4022.0,4030.0,4055.0,4094.0,29.865604778496202,4.980079681276006
18020,2026-05-26,OOS,3385.0,3441.0,3415.0,3395.0,3383.0,3374.0,3368.0,3320.0,-194.71083987212978,165.43574593796075
18030,2024-11-12,IS,1236.0,1216.0,1212.0,1224.5,1216.5,1206.5,1214.0,1200.5,-78.125,-161.81229773462812
18030,2024-11-15,IS,1200.0,1191.0,1203.0,1202.5,1208.5,1199.0,1199.5,1196.0,67.17044500419877,-74.99999999999952
18030,2024-12-12,IS,1234.0,1220.5,1221.5,1225.5,1214.0,1218.0,1215.0,1215.0,-20.48340843916474,-109.40032414910816
18030,2025-01-16,IS,1261.5,1255.0,1258.5,1250.5,1249.5,1254.0,1250.5,1267.5,-7.968127490040056,-51.52596115735264
18030,2025-03-06,IS,1386.0,1376.0,1381.5,1381.5,1383.5,1366.5,1363.0,1362.5,-69.04069767441845,-72.1500721500723
18030,2025-10-06,OOS,2056.0,2075.0,2065.5,2051.5,2047.0,2057.0,2065.0,2046.5,-86.7469879518068,92.41245136186737
18030,2025-11-19,OOS,2485.0,2529.0,2500.5,2503.0,2533.5,2539.0,2538.5,2539.5,39.54132068010985,177.06237424547356
18030,2025-11-25,OOS,2574.0,2581.0,2622.5,2643.5,2655.5,2653.5,2642.0,2651.5,280.89887640449393,27.19502719502609
18030,2025-12-16,OOS,2659.0,2656.5,2618.0,2597.0,2591.5,2633.0,2654.5,2664.0,-88.46226237530618,-9.40203083866109
18030,2025-12-19,OOS,2700.0,2715.0,2704.0,2697.5,2700.5,2714.0,2690.0,2657.5,-3.6832412523024605,55.55555555555536
18030,2026-02-16,OOS,3220.0,3280.0,3258.0,3290.0,3314.0,3285.0,3295.0,3271.0,15.243902439023849,186.3354037267073
18030,2026-02-17,OOS,3271.0,3278.0,3313.0,3342.0,3331.0,3381.0,3420.0,3407.0,314.2159853569249,21.400183430144715
18030,2026-02-25,OOS,3463.0,3472.0,3453.0,3435.0,3427.0,3435.0,3417.0,3416.0,-106.56682027649799,25.989026855328667
18030,2026-05-14,OOS,2932.5,2956.5,2957.0,2945.0,2936.0,2887.0,2802.5,2782.0,-235.07525790630868,81.8414322250649
18120,2025-10-22,OOS,4772.0,4734.0,4754.0,4763.0,4773.0,4790.0,4819.0,4834.0,118.29319814110617,-79.63118189438401
18120,2025-12-01,OOS,5720.0,5720.0,5669.0,5698.0,5679.0,5571.0,5691.0,5697.0,-260.48951048950994,0.0
18120,2026-04-03,OOS,6065.0,6100.0,6081.0,6094.0,6092.0,6121.0,6099.0,5993.0,34.42622950819762,57.7081615828523
18120,2026-04-06,OOS,5993.0,6027.0,6051.0,6090.0,6082.0,6044.0,6042.0,6029.0,28.206404513024808,56.73285499749659
186A0,2024-11-05,IS,1066.0,1060.0,1047.0,1035.0,1029.0,1032.0,1025.0,1016.0,-264.15094339622635,-56.285178236398224
186A0,2025-01-06,IS,793.0,793.0,787.0,789.0,788.0,784.0,,789.0,-113.49306431273631,0.0
186A0,2025-01-14,IS,731.0,719.0,722.0,716.0,714.0,715.0,711.0,708.0,-55.632823365785455,-164.1586867305067
186A0,2025-01-29,IS,590.0,585.0,581.0,591.0,592.0,603.0,611.0,605.0,307.6923076923066,-84.74576271186419
186A0,2025-03-03,IS,780.0,766.0,774.0,778.0,772.0,752.0,756.0,778.0,-182.76762402088752,-179.48717948717996
186A0,2025-03-25,IS,760.0,763.0,752.0,753.0,754.0,753.0,749.0,753.0,-131.06159895150736,39.473684210527
186A0,2025-05-20,IS,717.0,719.0,705.0,709.0,703.0,702.0,701.0,707.0,-236.4394993045893,27.89400278939924
186A0,2025-05-26,IS,675.0,681.0,677.0,681.0,680.0,680.0,669.0,692.0,-14.68428781204123,88.88888888888945
186A0,2025-06-20,IS,695.0,690.0,676.0,675.0,678.0,699.0,704.0,701.0,130.4347826086949,-71.94244604316502
186A0,2025-12-04,OOS,649.0,653.0,649.0,655.0,655.0,657.0,656.0,655.0,61.25574272588086,61.63328197226426
19110,2024-11-29,IS,5675.0,5700.0,5640.0,5639.0,5613.0,5630.0,5629.0,5640.0,-122.80701754386003,44.05286343612369
19110,2025-06-20,IS,4243.0,4273.0,4258.0,4257.0,4216.0,4217.0,4203.0,4230.0,-131.05546454481586,70.70469007777413
19110,2025-10-17,OOS,1657.5,1697.5,1687.5,1689.0,1689.5,1689.0,1686.0,1693.5,-50.073637702503504,241.3273001508287
19250,2025-04-07,IS,4749.0,4817.0,4789.0,4791.0,4815.0,4830.0,4852.0,4869.0,26.98775171268375,143.18803958728088
19250,2025-11-21,OOS,5277.0,5297.0,5292.0,5278.0,5282.0,5304.0,5339.0,5340.0,13.215027373985055,37.90032215273742
19250,2025-12-01,OOS,5140.0,5141.0,5140.0,5166.0,5158.0,5149.0,5156.0,5165.0,15.561174868703453,1.9455252918287869
19250,2026-03-09,OOS,5306.0,5376.0,5325.0,5327.0,5359.0,5381.0,5371.0,5335.0,9.300595238095344,131.9261213720324
19280,2024-11-27,IS,3544.0,3550.0,3530.0,3553.0,3533.0,3539.0,3542.0,3544.0,-30.98591549295815,16.930022573362624
19280,2024-12-04,IS,3626.0,3679.0,3644.0,3655.0,3655.0,3677.0,3680.0,3602.0,-5.436259853220937,146.16657473800254
19280,2025-03-21,IS,3348.0,3344.0,3339.0,3347.0,3341.0,3344.0,3355.0,3365.0,0.0,-11.947431302270495
19280,2025-06-05,IS,3035.0,3045.0,3054.0,3065.0,3075.0,3078.0,3059.0,3065.0,108.37438423645374,32.94892915980174
24130,2025-05-01,IS,1783.0,1772.0,1783.0,1790.5,1795.0,1802.0,1783.0,1785.5,169.30022573363513,-61.69377453729696
24130,2026-01-05,OOS,2072.5,2089.0,2086.0,2084.0,2115.5,2106.0,2096.0,2085.5,81.37865007180389,79.61399276236403
24130,2026-02-13,OOS,1624.5,1652.5,1649.5,1640.0,1626.5,1629.5,1635.5,1638.0,-139.1830559757945,172.36072637734745
24130,2026-02-18,OOS,1590.0,1617.5,1603.5,1592.0,1605.5,1613.0,1615.0,1602.0,-27.82071097372496,172.9559748427678
24130,2026-02-20,OOS,1598.0,1558.0,1553.0,1545.5,1549.5,1552.0,1510.5,1495.0,-38.51091142490382,-250.31289111389188
24130,2026-02-24,OOS,1495.0,1514.5,1523.0,1526.5,1535.5,1539.5,1541.0,1530.0,165.0709805216244,130.4347826086949
24130,2026-03-13,OOS,1664.5,1655.0,1668.0,1683.0,1673.0,1659.5,1662.0,1655.5,27.19033232628343,-57.07419645539225
24130,2026-05-13,OOS,1341.0,1327.0,1317.5,1325.0,1322.5,1314.5,1318.0,1313.5,-94.19743782969059,-104.39970171513768
24320,2025-02-13,IS,3731.0,3710.0,3763.0,3713.0,3741.0,3802.0,3834.0,3681.0,247.97843665768093,-56.285178236398224
24320,2025-12-19,OOS,2593.5,2607.0,2577.0,2586.5,2540.0,2554.0,2572.0,2557.0,-203.29881089374723,52.053209947946485
24320,2026-02-16,OOS,2651.5,2664.5,2637.0,2662.5,2650.0,2691.0,2685.0,2696.0,99.45580784387343,49.028851593437835
24320,2026-03-05,OOS,2581.5,2576.5,2577.5,2592.0,2585.5,2569.5,2611.0,2602.0,-27.16863962740179,-19.368584156498336
25020,2024-11-15,IS,1675.5,1644.5,1642.0,1639.0,1641.5,1648.5,1649.0,1656.5,24.323502584371326,-185.0193971948677
25020,2025-12-18,OOS,1632.5,1642.5,1654.0,1656.5,1652.0,1659.0,1657.0,1640.0,100.45662100456542,61.25574272588086
25020,2025-12-19,OOS,1640.0,1677.5,1649.0,1642.5,1642.0,1637.0,1640.0,1645.0,-241.43070044709393,228.65853658536662
25020,2026-03-06,OOS,1648.0,1620.0,1619.0,1623.0,1613.5,1625.5,1612.5,1627.0,33.95061728395099,-169.90291262135915
25020,2026-04-17,OOS,1652.0,1663.0,1663.5,1664.5,1657.0,1660.0,1653.0,1643.0,-18.03968731208694,66.58595641646502
25030,2025-11-28,OOS,2453.5,2449.0,2435.0,2448.0,2450.5,2453.0,2454.0,2445.5,16.333197223357132,-18.341145302629425
25030,2025-12-19,OOS,2401.0,2390.0,2367.0,2371.5,2363.0,2363.0,2368.0,2371.5,-112.97071129707126,-45.814244064973366
28020,2024-11-15,IS,6253.0,6212.0,6146.0,6144.0,6142.0,6130.0,6116.0,6137.0,-132.00257566001295,-65.56852710698836
28020,2025-06-20,IS,3676.0,3676.0,3662.0,3655.0,3653.0,3662.0,3671.0,3714.0,-38.08487486398282,0.0
28020,2025-10-07,OOS,4270.0,4294.0,4306.0,4309.0,4305.0,4289.0,4251.0,4193.0,-11.644154634373738,56.20608899297386
28020,2025-12-11,OOS,3303.0,3368.0,3372.0,3348.0,3338.0,3369.0,3363.0,3366.0,2.969121140141695,196.79079624583818
28020,2025-12-16,OOS,3338.0,3380.0,3356.0,3347.0,3350.0,3357.0,3357.0,3331.0,-68.04733727810653,125.82384661473878
28020,2026-01-06,OOS,3361.0,3326.0,3336.0,3331.0,3335.0,3339.0,3349.0,3338.0,39.08598917618855,-104.13567390657575
28020,2026-01-16,OOS,3444.0,3449.0,3533.0,3542.0,3558.0,3575.0,3603.0,3653.0,365.3232821107566,14.518002322880807
28020,2026-02-10,OOS,4305.0,4295.0,4298.0,4298.0,4270.0,4301.0,4312.0,4356.0,13.969732246799094,-23.228803716608404
28020,2026-03-09,OOS,4345.0,4415.0,4417.0,4405.0,4400.0,4419.0,4406.0,4373.0,9.060022650055899,161.10471806674244
28020,2026-04-03,OOS,4612.0,4615.0,4624.0,4650.0,4605.0,4642.0,4693.0,4657.0,58.50487540628446,6.50477016478801
28020,2026-04-17,OOS,4574.0,4599.0,4612.0,4601.0,4594.0,4597.0,4619.0,4607.0,-4.348771472059143,54.656755574988836
28020,2026-04-24,OOS,4758.0,4755.0,4761.0,4748.0,4784.0,4773.0,4790.0,4786.0,37.85488958990557,-6.305170239596647
28020,2026-05-12,OOS,5439.0,5371.0,5483.0,5474.0,5420.0,5461.0,5489.0,5483.0,167.5665611617938,-125.02298216583884
28020,2026-05-21,OOS,5176.0,5243.0,5269.0,5220.0,5199.0,5226.0,5275.0,5300.0,-32.424184627122266,129.44358578052652
285A0,2024-12-23,IS,1580.0,1603.0,1616.0,1636.0,1628.0,1602.0,1569.0,1554.0,-6.238303181534954,145.56962025316534
285A0,2025-01-14,IS,1950.0,1971.0,1968.0,1959.0,1952.0,1918.0,1875.0,1846.0,-268.89903602232425,107.69230769230865
285A0,2025-03-25,IS,2676.0,2710.0,2666.0,2667.0,2667.0,2645.0,2625.0,2660.0,-239.85239852398533,127.05530642750374
285A0,2025-04-14,IS,1946.0,1980.0,1978.0,1979.0,1987.0,1960.0,1948.0,1944.0,-101.01010101010056,174.7173689619741
285A0,2025-07-14,IS,2437.0,2421.0,2391.0,2434.0,2462.0,2437.0,2426.0,2450.0,66.0883932259404,-65.65449322938011
285A0,2025-07-28,IS,2454.0,2429.0,2443.0,2406.0,2408.0,2431.0,2417.0,2428.0,8.233841086866533,-101.87449062754706
285A0,2025-08-15,OOS,2560.0,2570.0,2607.0,2598.0,2584.0,2516.0,2494.0,2442.0,-210.1167315175101,39.0625
285A0,2025-08-18,OOS,2442.0,2469.0,2466.0,2480.0,2457.0,2431.0,2435.0,2473.0,-153.9084649655731,110.56511056511064
285A0,2025-08-20,OOS,2358.0,2358.0,2369.0,2366.0,2355.0,2320.0,2326.0,2305.0,-161.15351993214566,0.0
285A0,2025-10-28,OOS,9380.0,9530.0,9500.0,9410.0,9480.0,9710.0,9950.0,10080.0,188.87722980063026,159.91471215351714
285A0,2026-02-19,OOS,21250.0,21270.0,21130.0,21140.0,21235.0,20460.0,20330.0,20560.0,-380.81805359661547,9.41176470588223
285A0,2026-04-03,OOS,21850.0,22120.0,22240.0,22210.0,21990.0,22165.0,22425.0,22800.0,20.34358047016349,123.56979405034218
30380,2025-08-04,IS,4139.0,4120.0,4123.0,4121.0,4129.0,4078.0,4097.0,4057.0,-101.94174757281571,-45.90480792461938
30380,2025-09-24,OOS,4056.0,4059.0,4074.0,4076.0,4082.0,4097.0,4106.0,4121.0,93.61911800936262,7.396449704142327
30380,2025-10-15,OOS,3744.0,3762.0,3772.0,3759.0,3759.0,3785.0,3777.0,3807.0,61.137692716639606,48.07692307692291
30380,2025-12-16,OOS,3776.0,3793.0,3851.0,3826.0,3821.0,3803.0,3778.0,3814.0,26.364355391510497,45.02118644067687
30380,2026-03-13,OOS,3763.0,3773.0,3656.0,3624.0,3607.0,3588.0,3567.0,3598.0,-490.32600053008247,26.574541589157175
30380,2026-03-23,OOS,3548.0,3533.0,3562.0,3559.0,3552.0,3539.0,3553.0,3588.0,16.982734220210016,-42.277339346110665
30990,2024-11-05,IS,2216.0,2231.0,2252.5,2258.5,2257.5,2279.5,2321.0,2307.0,217.39130434782706,67.68953068592154
30990,2024-11-06,IS,2307.0,2342.0,2340.0,2342.0,2320.5,2303.0,2328.0,2307.5,-166.52433817250233,151.71218032076217
30990,2025-03-21,IS,2228.5,2222.5,2223.0,2209.0,2213.0,2226.0,2236.5,2231.0,15.748031496063408,-26.923939869867297
30990,2025-11-10,OOS,2473.0,2460.5,2457.5,2456.0,2460.0,2432.0,2438.5,2436.5,-115.8301158301156,-50.545895673271836
30990,2026-03-03,OOS,3005.0,2951.5,2943.0,2946.5,2940.5,2937.0,2929.0,2960.5,-49.12756225648018,-178.036605657238
30990,2026-03-05,OOS,3032.0,3020.0,3011.0,3023.0,3021.0,3017.0,3055.0,3043.0,-9.93377483443747,-39.5778364116095
30990,2026-03-31,OOS,2853.5,2898.5,2891.0,2884.5,2882.0,2881.5,2886.0,2961.0,-58.651026392961825,157.7010688628011
30990,2026-05-14,OOS,3363.0,3331.0,3302.0,3344.0,3297.0,3295.0,3269.0,3301.0,-108.07565295707033,-95.15313707998851
31030,2024-12-06,IS,174.0,175.0,177.0,177.0,175.0,173.0,173.0,170.0,-114.28571428571455,57.47126436781657
31030,2024-12-11,IS,164.0,165.0,164.0,163.0,,,160.0,155.0,,60.97560975609761
31030,2024-12-12,IS,155.0,153.0,152.0,151.0,,,150.0,152.0,,-129.03225806451647
31030,2024-12-13,IS,152.0,153.0,154.0,153.0,154.0,154.0,152.0,154.0,65.35947712418277,65.78947368421018
31030,2024-12-17,IS,150.0,150.0,145.0,144.0,143.0,142.0,143.0,143.0,-533.3333333333335,0.0
31030,2024-12-24,IS,140.0,141.0,141.0,,142.0,,142.0,141.0,,71.42857142857117
31030,2025-01-07,IS,142.0,141.0,,141.0,,,140.0,137.0,,-70.42253521126752
31030,2025-01-08,IS,137.0,137.0,134.0,,134.0,133.0,136.0,138.0,-291.9708029197077,0.0
31030,2025-01-14,IS,137.0,140.0,139.0,139.0,,138.0,137.0,137.0,-142.85714285714235,218.97810218978185
31030,2025-01-15,IS,137.0,138.0,137.0,138.0,,,136.0,135.0,,72.99270072992803
31030,2025-01-17,IS,136.0,137.0,139.0,141.0,141.0,144.0,147.0,145.0,510.94890510948954,73.52941176470563
31030,2025-01-20,IS,145.0,147.0,145.0,,144.0,142.0,142.0,147.0,-340.1360544217691,137.9310344827589
31030,2025-02-03,IS,139.0,142.0,140.0,141.0,144.0,,145.0,142.0,,215.8273381294973
31030,2025-02-04,IS,142.0,144.0,,145.0,,,146.0,150.0,,140.84507042253503
31030,2025-02-05,IS,150.0,150.0,151.0,,,151.0,153.0,153.0,66.66666666666599,0.0
31030,2025-02-06,IS,153.0,153.0,,154.0,153.0,154.0,154.0,154.0,65.35947712418277,0.0
31030,2025-02-07,IS,154.0,154.0,156.0,155.0,,156.0,156.0,157.0,129.8701298701288,0.0
31030,2025-02-12,IS,155.0,154.0,155.0,155.0,155.0,155.0,156.0,155.0,64.93506493506551,-64.51612903225823
31030,2025-02-18,IS,151.0,152.0,,153.0,154.0,,152.0,150.0,,66.22516556291424
31030,2025-02-19,IS,150.0,151.0,,150.0,151.0,,147.0,148.0,,66.66666666666599
31030,2025-02-27,IS,156.0,155.0,,,155.0,155.0,153.0,151.0,0.0,-64.10256410256387
31030,2025-03-03,IS,148.0,148.0,148.0,,,,146.0,146.0,,0.0
31030,2025-03-10,IS,156.0,155.0,155.0,154.0,,152.0,154.0,159.0,-193.5483870967747,-64.10256410256387
31030,2025-03-14,IS,160.0,161.0,163.0,162.0,,164.0,163.0,159.0,186.3354037267073,62.50000000000089
31030,2025-03-17,IS,159.0,162.0,162.0,163.0,162.0,,167.0,168.0,,188.67924528301882
31030,2025-03-24,IS,169.0,170.0,170.0,,170.0,,172.0,172.0,,59.1715976331364
31030,2025-04-01,IS,160.0,161.0,159.0,,156.0,156.0,155.0,154.0,-310.5590062111796,62.50000000000089
31030,2025-04-16,IS,145.0,147.0,152.0,152.0,152.0,,150.0,150.0,,137.9310344827589
31030,2025-04-21,IS,156.0,156.0,157.0,,157.0,,155.0,155.0,,0.0
31030,2025-04-28,IS,157.0,156.0,155.0,154.0,155.0,155.0,155.0,157.0,-64.10256410256387,-63.694267515923556
31030,2025-05-01,IS,156.0,156.0,,,158.0,,156.0,157.0,,0.0
31030,2025-05-13,IS,164.0,164.0,163.0,163.0,,,150.0,151.0,,0.0
31030,2025-05-21,IS,144.0,141.0,142.0,,143.0,,144.0,145.0,,-208.3333333333337
31030,2025-05-27,IS,148.0,150.0,149.0,,,,150.0,152.0,,135.13513513513598
31030,2025-05-28,IS,152.0,154.0,152.0,152.0,154.0,,154.0,154.0,,131.57894736842036
31030,2025-05-30,IS,157.0,157.0,159.0,,159.0,,157.0,159.0,,0.0
31030,2025-06-11,IS,158.0,159.0,161.0,,,,159.0,160.0,,63.291139240506666
31030,2025-06-27,IS,181.0,182.0,184.0,186.0,186.0,187.0,182.0,175.0,274.7252747252737,55.24861878453136
31030,2025-06-30,IS,175.0,176.0,175.0,175.0,,173.0,172.0,174.0,-170.45454545454587,57.14285714285783
31030,2025-07-02,IS,171.0,171.0,170.0,,170.0,,169.0,170.0,,0.0
31030,2025-07-04,IS,168.0,167.0,168.0,169.0,170.0,174.0,173.0,169.0,419.16167664670655,-59.52380952380931
31030,2025-07-29,IS,181.0,183.0,,,,,182.0,184.0,,110.49723756906049
31030,2025-08-18,OOS,211.0,211.0,209.0,,211.0,207.0,209.0,205.0,-189.57345971563956,0.0
31030,2025-10-17,OOS,196.0,199.0,198.0,200.0,202.0,202.0,203.0,203.0,150.75376884422064,153.06122448979664
31030,2025-10-28,OOS,199.0,202.0,,199.0,199.0,,198.0,201.0,,150.75376884422064
31030,2025-11-04,OOS,195.0,193.0,192.0,,191.0,189.0,186.0,189.0,-207.25388601036232,-102.5641025641022
31030,2025-12-09,OOS,256.0,258.0,256.0,256.0,256.0,254.0,252.0,260.0,-155.03875968992276,78.125
31030,2026-03-05,OOS,1722.0,1700.0,1730.0,1746.0,1665.0,1708.0,1690.0,1661.0,47.05882352941116,-127.75842044134733
31030,2026-04-15,OOS,2081.0,2111.0,2189.0,2324.0,2460.0,2504.0,,2581.0,1861.6769303647552,144.16146083613634
31030,2026-05-13,OOS,2315.0,2304.0,2196.0,2228.0,2243.0,2232.0,,1815.0,-312.5,-47.51619870410395
31100,2024-11-14,IS,5480.0,5570.0,5700.0,5680.0,5700.0,5590.0,5590.0,5560.0,35.90664272890454,164.2335766423364
31100,2024-11-18,IS,5750.0,5780.0,5710.0,5760.0,5740.0,5720.0,5760.0,5720.0,-103.80622837370291,52.17391304347841
31100,2025-02-03,IS,5730.0,5780.0,5780.0,5800.0,5820.0,5890.0,5910.0,5810.0,190.31141868512069,87.26003490401312
31100,2025-02-13,IS,5850.0,5860.0,5860.0,5850.0,5840.0,5860.0,5780.0,5610.0,0.0,17.094017094017033
31100,2025-02-17,IS,5350.0,5270.0,5310.0,5300.0,5370.0,,5320.0,5260.0,,-149.5327102803734
31100,2025-04-14,IS,3450.0,3450.0,3485.0,3475.0,3500.0,3515.0,3525.0,3595.0,188.40579710144968,0.0
31100,2025-04-15,IS,3595.0,3570.0,3565.0,3575.0,3565.0,3585.0,3530.0,3530.0,42.016806722688926,-69.54102920723182
31100,2025-04-16,IS,3530.0,3545.0,3530.0,3535.0,3555.0,3545.0,3555.0,3600.0,0.0,42.492917847025694
31100,2025-04-25,IS,3815.0,3860.0,3830.0,3810.0,3800.0,3760.0,3725.0,3735.0,-259.06735751295315,117.95543905635641
31100,2025-05-30,IS,5200.0,5190.0,5240.0,5270.0,5300.0,5300.0,5430.0,5110.0,211.9460500963388,-19.230769230769162
31100,2025-06-02,IS,5110.0,5210.0,5380.0,5300.0,5400.0,5410.0,5350.0,5290.0,383.87715930902067,195.69471624266254
31100,2025-06-03,IS,5290.0,5350.0,5340.0,5290.0,5230.0,,5170.0,5180.0,,113.42155009451903
31100,2025-06-09,IS,5050.0,5100.0,5110.0,,5190.0,5130.0,5200.0,5190.0,58.8235294117645,99.0099009900991
31100,2025-06-11,IS,5100.0,5050.0,5040.0,5020.0,4965.0,4950.0,4910.0,4935.0,-198.0198019801982,-98.03921568627416
31100,2025-07-16,IS,6700.0,6600.0,6650.0,6630.0,6690.0,6640.0,6640.0,6640.0,60.60606060606099,-149.25373134328402
31100,2025-08-21,OOS,5450.0,5420.0,5440.0,5430.0,5480.0,5460.0,5450.0,5430.0,73.80073800737907,-55.045871559632474
31100,2025-09-03,OOS,6080.0,6110.0,6140.0,6240.0,6310.0,6380.0,6320.0,6380.0,441.89852700490917,49.34210526315708
31100,2025-09-24,OOS,6820.0,6760.0,6780.0,6780.0,6710.0,6760.0,6640.0,6560.0,0.0,-87.97653958944274
31100,2025-09-25,OOS,6560.0,6500.0,6550.0,6520.0,6450.0,6470.0,6410.0,6370.0,-46.15384615384577,-91.46341463414642
31100,2025-09-26,OOS,6370.0,6330.0,6460.0,6530.0,6510.0,6550.0,6650.0,6570.0,347.55134281200696,-62.794348508634634
31100,2025-10-24,OOS,7960.0,8110.0,8120.0,8100.0,8070.0,8010.0,8080.0,8120.0,-123.30456226880449,188.44221105527748
31100,2025-12-10,OOS,11760.0,11700.0,11660.0,11850.0,11770.0,11820.0,11430.0,11470.0,102.5641025641022,-51.020408163264804
31100,2026-01-16,OOS,14370.0,14360.0,14800.0,15060.0,15120.0,14970.0,15620.0,15530.0,424.7910863509752,-6.958942240778976
31100,2026-02-26,OOS,25470.0,24970.0,24800.0,24580.0,24460.0,24100.0,24490.0,25200.0,-348.41810172206664,-196.30938358853544
31100,2026-05-08,OOS,30400.0,30000.0,30250.0,29970.0,29470.0,29590.0,28840.0,29090.0,-136.66666666666717,-131.57894736842147
33500,2024-11-28,IS,2333.0,2290.0,2360.0,2332.0,2410.0,2345.0,2353.0,2310.0,240.17467248908187,-184.31204457779683
33500,2025-03-25,IS,4980.0,4935.0,4960.0,4985.0,5000.0,5000.0,4950.0,5050.0,131.7122593718345,-90.36144578313254
33500,2025-05-15,IS,593.0,599.0,601.0,601.0,598.0,593.0,610.0,623.0,-100.1669449081799,101.18043844856706
33500,2025-06-11,IS,1494.0,1464.0,1491.0,1536.0,1525.0,1524.0,1559.0,1608.0,409.8360655737698,-200.8032128514059
33500,2025-06-19,IS,1798.0,1798.0,1822.0,1773.0,1687.0,1743.0,1760.0,1781.0,-305.8954393770852,0.0
33500,2025-07-24,IS,1225.0,1210.0,1226.0,1220.0,1209.0,1189.0,1194.0,1181.0,-173.55371900826478,-122.44897959183709
33500,2025-07-31,IS,1151.0,1150.0,1149.0,1114.0,1127.0,1115.0,1081.0,1063.0,-304.34782608695696,-8.688097306689402
33500,2025-08-12,OOS,975.0,965.0,969.0,955.0,971.0,971.0,968.0,993.0,62.17616580310947,-102.5641025641022
33500,2025-09-09,OOS,614.0,610.0,583.0,577.0,577.0,584.0,637.0,714.0,-426.22950819672155,-65.14657980456029
33500,2025-10-06,OOS,591.0,599.0,608.0,604.0,601.0,611.0,616.0,624.0,200.3338898163598,135.36379018612487
33500,2025-11-11,OOS,413.0,407.0,413.0,412.0,417.0,422.0,421.0,425.0,368.55036855036883,-145.27845036319653
33500,2025-11-28,OOS,400.0,406.0,395.0,389.0,384.0,373.0,376.0,380.0,-812.8078817733985,149.99999999999903
33500,2026-01-07,OOS,531.0,521.0,525.0,509.0,506.0,510.0,507.0,494.0,-211.13243761996193,-188.3239171374762
33500,2026-01-19,OOS,541.0,538.0,549.0,544.0,533.0,541.0,531.0,521.0,55.76208178438735,-55.4528650646946
33500,2026-01-21,OOS,515.0,515.0,512.0,509.0,517.0,512.0,518.0,510.0,-58.25242718446644,0.0
33500,2026-02-13,OOS,325.0,331.0,330.0,332.0,333.0,334.0,331.0,326.0,90.63444108761365,184.6153846153853
33500,2026-02-19,OOS,310.0,306.0,308.0,306.0,309.0,312.0,307.0,319.0,196.07843137254832,-129.03225806451647
33500,2026-03-31,OOS,294.0,301.0,301.0,299.0,298.0,301.0,299.0,308.0,0.0,238.09523809523725
33500,2026-05-07,OOS,362.0,357.0,351.0,357.0,362.0,364.0,354.0,344.0,196.07843137254832,-138.12154696132617
33500,2026-05-11,OOS,347.0,350.0,352.0,352.0,353.0,348.0,343.0,340.0,-57.14285714285672,86.45533141210305
33820,2024-11-13,IS,2490.0,2440.0,2436.5,2410.5,2454.5,2433.0,2431.0,2413.0,-28.688524590163578,-200.8032128514059
33820,2024-12-04,IS,2620.0,2626.0,2618.0,2621.5,2616.5,2611.5,2622.0,2633.0,-55.21706016755501,22.900763358779663
33820,2025-01-08,IS,2396.5,2395.0,2385.5,2389.0,2379.0,2377.5,2387.5,2374.5,-73.06889352818425,-6.259127894846506
33820,2025-01-16,IS,2443.0,2458.0,2459.5,2446.0,2446.5,2443.5,2455.0,2463.0,-58.991049633848604,61.39991813344237
33820,2025-01-31,IS,2469.5,2441.0,2436.5,2428.5,2430.5,2435.0,2424.0,2420.0,-24.58009012699658,-115.40797732334518
33820,2025-04-03,IS,2065.5,2041.0,2046.0,2054.0,2051.0,2046.0,2016.0,2030.0,24.497795198432648,-118.61534737351742
33820,2025-05-07,IS,2194.0,2185.5,2194.5,2192.5,2193.5,2196.0,2197.0,2203.0,48.04392587508532,-38.74202370100277
33820,2025-05-13,IS,2255.0,2242.0,2240.0,2250.5,2244.0,2239.0,2217.0,2231.5,-13.38090990187335,-57.64966740576472
33820,2025-05-15,IS,2236.5,2260.0,2272.5,2279.0,2269.5,2249.0,2247.5,2240.0,-48.672566371681384,105.07489380728873
33820,2026-02-18,OOS,2313.0,2300.0,2285.5,2284.5,2288.0,2298.0,2299.0,2288.5,-8.695652173913437,-56.204063986164954
33820,2026-03-17,OOS,2052.0,2080.0,2094.5,2112.0,2098.5,2094.0,2108.0,2109.0,67.30769230769207,136.45224171539905
33820,2026-03-31,OOS,2123.5,2140.5,2124.0,2131.0,2132.0,2153.0,2169.0,2195.0,58.39757066105955,80.05651047798379
33820,2026-04-06,OOS,2194.5,2224.0,2232.5,2244.5,2231.0,2221.0,2223.0,2231.0,-13.489208633093996,134.42697653224033
33820,2026-05-07,OOS,1893.0,1911.0,1893.0,1901.5,1896.5,1892.5,1900.0,1898.5,-96.80795395081154,95.08716323296306
34070,2025-05-30,IS,1015.5,1009.5,1008.0,1009.0,1012.0,1006.5,1008.0,1007.0,-29.717682020802272,-59.08419497784312
34070,2025-08-21,OOS,1242.0,1236.5,1228.0,1229.0,1230.0,1235.0,1239.5,1243.0,-12.131014961584974,-44.28341384863144
34070,2025-08-26,OOS,1208.0,1205.5,1208.0,1213.0,1216.0,1229.5,1231.0,1222.5,199.08751555371308,-20.695364238411116
34070,2025-12-01,OOS,1247.0,1270.0,1277.0,1280.5,1284.0,1273.0,1278.5,1272.0,23.622047244094002,184.44266238973438
34070,2026-05-12,OOS,1654.5,1655.0,1679.5,1681.0,1699.5,1713.0,1743.5,1750.0,350.45317220543825,3.022061045632185
34360,2024-11-25,IS,1301.5,1302.0,1278.0,1280.5,1269.5,1253.0,1237.0,1232.5,-376.34408602150506,3.8417210910490773
34360,2024-11-29,IS,1203.0,1202.5,1216.0,1208.0,1198.0,1196.0,1203.5,1201.5,-54.0540540540535,-4.156275976724411
34360,2025-03-28,IS,1103.5,1073.5,1066.5,1054.0,1046.5,1044.0,1037.0,1007.5,-274.80204937121556,-271.8622564567286
34360,2025-05-07,IS,973.2,978.0,982.7,980.4,978.2,974.9,984.7,994.1,-31.69734151329262,49.32182490752002
34360,2025-07-10,IS,1151.0,1174.0,1173.0,1190.5,1191.0,1184.0,1198.5,1218.0,85.17887563884052,199.82623805386623
34360,2025-10-08,OOS,1663.0,1695.0,1689.0,1692.0,1707.5,1722.5,1728.5,1720.5,162.24188790560535,192.42333132892364
34360,2025-10-15,OOS,1685.0,1681.5,1701.5,1701.0,1692.5,1702.5,1690.0,1712.5,124.88849241748534,-20.771513353116113
34360,2025-11-18,OOS,1237.5,1222.0,1197.0,1182.0,1182.0,1199.5,1187.5,1160.0,-184.12438625204587,-125.25252525252495
34360,2025-11-25,OOS,1170.0,1191.5,1196.5,1209.5,1221.5,1236.5,1224.0,1234.5,377.6751993285776,183.7606837606831
34360,2026-01-22,OOS,1696.0,1700.0,1673.5,1670.5,1690.0,1664.5,1644.0,1666.0,-208.82352941176464,23.58490566037652
34360,2026-02-17,OOS,1540.5,1540.5,1548.0,1541.5,1540.5,1531.5,1543.0,1550.5,-58.42259006816008,0.0
34360,2026-03-05,OOS,1691.0,1670.0,1709.5,1720.0,1703.0,1698.0,1690.0,1700.0,167.6646706586826,-124.18687167356612
34360,2026-03-13,OOS,1567.0,1571.5,1590.5,1609.0,1590.0,1599.0,1600.5,1616.0,174.99204581610027,28.71729419272606
34360,2026-04-16,OOS,2327.5,2300.0,2270.5,2232.5,2188.0,2178.5,2180.0,2095.0,-528.2608695652169,-118.15252416756184
34360,2026-04-22,OOS,2241.0,2221.0,2183.0,2152.0,2178.0,2178.0,2134.0,2163.0,-193.6064835659612,-89.24587237840286
34360,2026-05-25,OOS,3427.0,3380.0,3393.0,3429.0,3410.0,3438.0,3417.0,3354.0,171.59763313609577,-137.14619200466905
34980,2025-06-19,IS,14130.0,14150.0,14030.0,14230.0,14100.0,14060.0,13910.0,13770.0,-63.604240282685296,14.154281670204494
34980,2025-09-04,OOS,8660.0,8690.0,8730.0,8650.0,8640.0,8670.0,8680.0,8620.0,-23.014959723820503,34.64203233256357
34980,2025-10-21,OOS,9680.0,9740.0,9800.0,9780.0,9830.0,9690.0,9820.0,10060.0,-51.33470225872738,61.98347107438052
34980,2025-11-18,OOS,7930.0,8020.0,7990.0,7870.0,7890.0,7980.0,8060.0,7930.0,-49.87531172069848,113.49306431273743
34980,2026-01-23,OOS,7450.0,7380.0,7420.0,7430.0,7440.0,7390.0,7330.0,7400.0,13.550135501354532,-93.95973154362468
34980,2026-03-03,OOS,7060.0,6930.0,6880.0,6910.0,6920.0,6930.0,6730.0,6750.0,0.0,-184.13597733711094
34980,2026-03-05,OOS,7200.0,7170.0,7230.0,7260.0,,7240.0,7240.0,7250.0,97.62900976290068,-41.666666666666515
34980,2026-05-26,OOS,5760.0,5730.0,5740.0,5720.0,5760.0,,5720.0,5820.0,,-52.083333333333705
35630,2025-02-07,IS,4140.0,4190.0,4171.0,4157.0,4171.0,4236.0,4266.0,4244.0,109.7852028639612,120.77294685990393
35630,2025-06-20,IS,6926.0,6854.0,6780.0,6897.0,6918.0,6882.0,6870.0,6777.0,40.85205719287943,-103.95610742131134
35630,2025-08-05,IS,7863.0,7798.0,7751.0,7766.0,7758.0,7780.0,8059.0,7713.0,-23.08284175429609,-82.6656492432909
35630,2025-08-08,OOS,7820.0,7837.0,7718.0,7711.0,7720.0,7789.0,7780.0,8035.0,-61.24792650248789,21.739130434783593
35630,2025-10-14,OOS,7087.0,7087.0,7093.0,7149.0,7153.0,7184.0,7096.0,7132.0,136.87032594892122,0.0
35630,2025-11-17,OOS,6763.0,6758.0,6776.0,6842.0,6712.0,6694.0,6695.0,6652.0,-94.70257472625087,-7.393168712109821
35630,2025-12-15,OOS,7800.0,7800.0,7792.0,7694.0,7681.0,7653.0,7651.0,7570.0,-188.46153846153845,0.0
35630,2026-01-21,OOS,8721.0,8773.0,8718.0,8702.0,8709.0,8748.0,8721.0,8670.0,-28.496523424141884,59.626189657149276
35630,2026-02-16,OOS,9336.0,9265.0,9185.0,9138.0,9155.0,9271.0,9216.0,9238.0,6.47598488936918,-76.04970008568968
35630,2026-05-20,OOS,10765.0,11000.0,11030.0,11035.0,10900.0,10785.0,10765.0,10600.0,-195.45454545454533,218.30004644681767
35630,2026-05-21,OOS,10600.0,10565.0,10750.0,10820.0,10795.0,10845.0,10750.0,10825.0,265.026029342168,-33.01886792452802
36590,2024-11-06,IS,2648.5,2660.0,2681.5,2679.5,2665.0,2660.0,2660.5,2650.5,0.0,43.42080422880868
36590,2024-12-10,IS,2194.5,2194.5,2193.0,2178.5,2192.5,2185.5,2187.0,2192.0,-41.01161995898828,0.0
36590,2025-01-17,IS,2151.0,2164.5,2191.0,2182.5,2167.0,2161.0,2148.0,2129.0,-16.170016170016233,62.76150627614996
36590,2025-01-28,IS,2133.0,2138.0,2138.0,2123.5,2122.0,2111.5,2098.0,2056.0,-123.94761459307735,23.441162681669958
36590,2025-02-17,IS,2015.5,1977.0,2003.0,2004.5,2010.5,2015.5,2017.0,2047.5,194.73950429944375,-191.01959811461123
36590,2025-05-07,IS,2252.0,2278.0,2283.5,2271.5,2268.5,2261.0,2265.5,2274.0,-74.62686567164201,115.45293072824148
36590,2025-11-04,OOS,3379.0,3320.0,3333.0,3322.0,3317.0,3269.0,3266.0,3298.0,-153.61445783132476,-174.6078721515243
36590,2025-11-10,OOS,3290.0,3273.0,3313.0,3273.0,3266.0,3232.0,3310.0,3416.0,-125.26733883287511,-51.67173252279667
36590,2025-12-03,OOS,3766.0,3775.0,3782.0,3785.0,3779.0,3775.0,3804.0,3828.0,0.0,23.898035050451405
36590,2025-12-15,OOS,3823.0,3825.0,3787.0,3791.0,3804.0,3798.0,3783.0,3792.0,-70.58823529411784,5.2314935914199445
36590,2025-12-19,OOS,3750.0,3754.0,3754.0,3773.0,3756.0,3757.0,3779.0,3772.0,7.991475759190347,10.666666666667712
36590,2026-02-04,OOS,3572.0,3642.0,3595.0,3620.0,3652.0,3661.0,3671.0,3623.0,52.16913783635313,195.96864501679744
36590,2026-02-05,OOS,3623.0,3620.0,3577.0,3559.0,3588.0,3564.0,3588.0,3626.0,-154.69613259668557,-8.280430582390252
36590,2026-03-09,OOS,3034.0,3079.0,3086.0,3069.0,3077.0,3081.0,3087.0,3096.0,6.495615459565229,148.3190507580745
36590,2026-03-23,OOS,2846.5,2881.0,2882.5,2864.0,2864.5,2854.5,2841.5,2870.5,-91.98195071155824,121.20147549622429
36970,2025-02-27,IS,1315.0,1297.5,1303.5,1292.0,1288.5,1274.0,1252.0,1250.0,-181.11753371868988,-133.0798479087447
36970,2025-03-21,IS,1241.5,1242.0,1251.5,1250.5,1244.0,1244.0,1241.5,1242.0,16.103059581320522,4.02738622633958
36970,2025-03-24,IS,1242.0,1253.5,1250.0,1247.0,1249.5,1243.0,1255.0,1240.5,-83.76545672118097,92.59259259259301
36970,2025-03-25,IS,1240.5,1252.0,1242.5,1253.0,1251.0,1246.0,1235.0,1236.0,-47.92332268370614,92.7045546150751
36970,2025-03-31,IS,1150.5,1160.0,1159.5,1160.5,1156.5,1157.5,1154.0,1149.5,-21.551724137931494,82.57279443720122
36970,2025-04-30,IS,1311.0,1312.0,1324.0,1324.5,1339.5,1350.5,1349.0,1353.5,293.4451219512191,7.627765064837089
36970,2025-07-10,IS,1563.5,1569.0,1570.5,1582.5,1552.0,1553.0,1539.5,1497.5,-101.97578075207159,35.177486408697334
36970,2025-09-30,OOS,1250.0,1235.0,1246.0,1223.5,1214.0,1213.0,1207.5,1179.0,-178.13765182186248,-120.00000000000011
36970,2026-01-26,OOS,842.3,841.1,850.7,854.4,866.8,863.6,863.0,850.4,267.5068362858157,-14.24670544936446
36970,2026-04-17,OOS,750.0,738.7,738.8,738.9,739.0,744.4,735.2,722.4,77.1625829159328,-150.6666666666656
36970,2026-04-20,OOS,722.4,728.4,705.8,695.6,684.1,675.4,678.6,676.7,-727.6221856123011,83.05647840531671
36970,2026-05-11,OOS,664.3,664.6,667.9,673.4,676.7,669.6,665.9,659.0,75.23322299127332,4.516031913293084
39050,2024-11-11,IS,1111.0,1113.0,1123.0,1121.0,1108.0,1100.0,,1093.0,-116.80143755615435,18.001800180018623
39050,2024-11-13,IS,1085.0,1098.0,1073.0,1066.0,1074.0,1086.0,1070.0,1075.0,-109.28961748633893,119.81566820276512
39050,2024-12-13,IS,682.0,680.0,,674.0,661.0,659.0,649.0,656.0,-308.8235294117647,-29.325513196480912
39050,2025-01-06,IS,672.0,679.0,685.0,695.0,683.0,682.0,,710.0,44.182621502208974,104.16666666666741
39050,2025-01-08,IS,722.0,722.0,712.0,,695.0,690.0,691.0,685.0,-443.21329639889217,0.0
39050,2025-01-20,IS,670.0,670.0,661.0,658.0,,653.0,,660.0,-253.73134328358194,0.0
39050,2025-01-23,IS,674.0,679.0,686.0,680.0,,693.0,701.0,718.0,206.18556701030855,74.18397626112849
39050,2025-01-31,IS,710.0,702.0,701.0,702.0,703.0,710.0,702.0,698.0,113.9601139601143,-112.67605633802802
39050,2025-02-13,IS,777.0,777.0,783.0,779.0,769.0,780.0,780.0,781.0,38.61003861003853,0.0
39050,2025-02-19,IS,603.0,610.0,608.0,609.0,606.0,615.0,621.0,630.0,81.96721311475308,116.08623548922114
39050,2025-03-28,IS,976.0,961.0,952.0,937.0,943.0,952.0,,965.0,-93.65244536940654,-153.68852459016423
39050,2025-05-02,IS,893.0,878.0,883.0,884.0,,880.0,,871.0,22.77904328018332,-167.97312430011146
39050,2025-05-08,IS,865.0,870.0,863.0,863.0,,,,850.0,,57.80346820809301
39050,2025-09-09,OOS,2666.0,2698.0,2692.0,2672.0,2633.0,2617.0,2653.0,2868.0,-300.22238695329827,120.03000750187454
39050,2025-10-10,OOS,1446.0,1428.0,1506.0,1519.0,1541.0,1535.0,1575.0,1556.0,749.2997198879548,-124.48132780082943
39050,2025-10-17,OOS,1553.0,1567.0,1573.0,1578.0,1565.0,1563.0,1471.0,1478.0,-25.526483726866502,90.14810045073985
39050,2025-10-29,OOS,1710.0,1715.0,1790.0,1841.0,1924.0,1974.0,1900.0,1915.0,1510.2040816326535,29.239766081872176
39050,2025-11-06,OOS,1926.0,1895.0,2104.0,2108.0,2157.0,2207.0,2215.0,2293.0,1646.4379947229556,-160.95534787123555
39050,2025-11-20,OOS,2260.0,2214.0,2241.0,2217.0,2199.0,2163.0,2227.0,2195.0,-230.3523035230348,-203.5398230088492
39050,2025-12-03,OOS,2200.0,2155.0,2133.0,2206.0,2160.0,2138.0,2130.0,2099.0,-78.88631090487208,-204.54545454545502
39050,2025-12-15,OOS,2023.0,1993.0,2029.0,2033.0,2029.0,,,1995.0,,-148.29461196243176
39050,2026-01-21,OOS,2032.0,2040.0,2017.0,2009.0,2017.0,2009.0,2015.0,2027.0,-151.96078431372496,39.37007874015741
39050,2026-03-13,OOS,1622.0,1606.0,1610.0,1614.0,1591.0,1592.0,1564.0,1595.0,-87.17310087173135,-98.64364981504336
39050,2026-03-17,OOS,1533.0,1552.0,1550.0,1560.0,1560.0,1569.0,1530.0,1543.0,109.53608247422642,123.93998695368502
39050,2026-05-11,OOS,2360.0,2336.0,2476.0,2464.0,2429.0,2330.0,2239.0,2250.0,-25.684931506849694,-101.69491525423679
40040,2024-11-05,IS,3620.0,3630.0,3644.0,3645.0,3678.0,3694.0,3704.0,3698.0,176.3085399449027,27.624309392264568
40040,2025-08-28,OOS,3940.0,3932.0,3939.0,3942.0,3957.0,3949.0,3863.0,3888.0,43.23499491353022,-20.304568527919066
40040,2025-11-18,OOS,5736.0,5720.0,5672.0,5600.0,5639.0,5789.0,5799.0,5746.0,120.6293706293704,-27.894002789400353
40040,2025-11-28,OOS,6526.0,6569.0,6539.0,6499.0,6409.0,6354.0,6419.0,6371.0,-327.29486984320323,65.8902850137899
40040,2026-01-22,OOS,8302.0,8250.0,8173.0,8138.0,8213.0,8327.0,8352.0,8249.0,93.33333333333415,-62.63550951577934
40040,2026-02-12,OOS,10135.0,9900.0,9993.0,9956.0,9964.0,10000.0,10225.0,10140.0,101.01010101010166,-231.86975826344326
40040,2026-03-13,OOS,11100.0,10950.0,10995.0,11065.0,10960.0,11030.0,10760.0,11060.0,73.05936073059405,-135.13513513513487
40040,2026-04-06,OOS,11845.0,11840.0,11710.0,11800.0,11775.0,11640.0,11650.0,11785.0,-168.91891891891885,-4.221190375686135
40040,2026-04-24,OOS,13770.0,13850.0,13840.0,13790.0,13750.0,13825.0,14030.0,13990.0,-18.050541516245744,58.097312999274564
40040,2026-05-15,OOS,17200.0,17200.0,17155.0,16935.0,17155.0,17310.0,17245.0,16690.0,63.95348837209269,0.0
40040,2026-05-18,OOS,16690.0,16540.0,16625.0,16275.0,16620.0,16530.0,15845.0,16300.0,-6.045949214026347,-89.874176153385
40620,2024-11-07,IS,5303.0,5403.0,5302.0,5294.0,5308.0,5319.0,5350.0,5327.0,-155.46918378678498,188.57250612860588
40620,2024-11-25,IS,4739.0,4712.0,4668.0,4655.0,4614.0,4570.0,4554.0,4503.0,-301.35823429541574,-56.9740451572065
40620,2024-11-29,IS,4404.0,4425.0,4430.0,4410.0,4391.0,4351.0,4367.0,4344.0,-167.23163841807943,47.683923705721384
40620,2025-10-24,OOS,10510.0,10700.0,10680.0,10720.0,10740.0,10665.0,10945.0,10855.0,-32.71028037383217,180.78020932445372
40620,2025-11-14,OOS,12465.0,12755.0,12680.0,12670.0,12790.0,13040.0,13125.0,13265.0,223.44178753429978,232.65142398716466
40620,2025-11-17,OOS,13265.0,13110.0,12825.0,12730.0,12580.0,12495.0,12570.0,12140.0,-469.10755148741436,-116.84885035808557
40620,2025-11-18,OOS,12140.0,12055.0,11960.0,11890.0,12000.0,12035.0,12035.0,11640.0,-16.590626296142386,-70.01647446458037
40620,2025-12-10,OOS,12610.0,12600.0,12530.0,12535.0,12565.0,12745.0,12640.0,12680.0,115.07936507936466,-7.930214115781098
40620,2026-01-15,OOS,7482.0,7632.0,7503.0,7414.0,7414.0,7420.0,7552.0,7835.0,-277.7777777777779,200.48115477145245
40620,2026-02-20,OOS,9157.0,9158.0,9314.0,9437.0,9503.0,9603.0,9840.0,9884.0,485.91395501201174,1.0920607185749276
40620,2026-03-11,OOS,7797.0,7785.0,7677.0,7633.0,7618.0,7705.0,7576.0,7666.0,-102.76172125883053,-15.390534821084767
40620,2026-05-28,OOS,19740.0,20000.0,20255.0,21195.0,20815.0,20500.0,21245.0,23000.0,249.99999999999912,131.7122593718345
40630,2025-05-07,IS,4354.0,4387.0,4407.0,4399.0,4393.0,4385.0,4391.0,4380.0,-4.558924093913674,75.79237482774559
40630,2025-10-20,OOS,4875.0,4905.0,4920.0,4915.0,4910.0,4934.0,4954.0,4923.0,59.12334352701221,61.53846153846176
40630,2025-10-27,OOS,4725.0,4734.0,4762.0,4744.0,4753.0,4751.0,4752.0,4672.0,35.91043514997949,19.047619047618536
40630,2026-04-06,OOS,6523.0,6571.0,6617.0,6626.0,6625.0,6590.0,6592.0,6574.0,28.914929234515885,73.58577341713968
40630,2026-04-08,OOS,6470.0,6485.0,6468.0,6505.0,6537.0,6530.0,6457.0,6506.0,69.39090208172738,23.183925811436357
40630,2026-04-21,OOS,6733.0,6710.0,6663.0,6673.0,6694.0,6693.0,6686.0,6642.0,-25.33532041728792,-34.16010693598648
40630,2026-05-07,OOS,7711.0,7651.0,7511.0,7499.0,7520.0,7568.0,7504.0,7480.0,-108.48255130048389,-77.8109194656984
41860,2025-04-14,IS,2974.5,3016.0,2993.0,2995.0,2994.5,3004.0,3026.0,2988.5,-39.78779840848823,139.51924693225814
41860,2025-05-30,IS,3744.0,3726.0,3730.0,3740.0,3737.0,3736.0,3735.0,3724.0,26.838432635534204,-48.07692307692291
41860,2025-11-10,OOS,5881.0,5919.0,5903.0,5873.0,5836.0,5836.0,5795.0,5765.0,-140.22638959283685,64.61486141812634
41860,2025-12-01,OOS,5870.0,5932.0,5973.0,5970.0,5945.0,5890.0,5922.0,5883.0,-70.80242751180022,105.6218057921643
41860,2026-03-13,OOS,8112.0,8169.0,8264.0,8325.0,8266.0,8361.0,8209.0,8383.0,235.03488799118566,70.26627218934989
41880,2025-05-14,IS,754.6,750.0,753.6,753.7,748.9,751.7,752.0,757.4,22.66666666666639,-60.9594487145515
41880,2025-05-27,IS,753.3,758.0,761.9,761.3,760.4,758.8,758.7,761.9,10.554089709762238,62.39214124518888
41880,2025-05-30,IS,770.6,759.0,751.5,752.0,754.5,752.0,752.5,751.3,-92.2266139657446,-150.53205294575656
41880,2025-06-26,IS,744.0,749.8,744.5,744.6,745.1,743.5,745.8,745.0,-84.02240597492616,77.95698924731198
41880,2025-10-31,OOS,806.1,817.0,817.3,818.7,828.4,832.1,834.4,833.1,184.82252141982957,135.21895546458217
41880,2026-04-06,OOS,917.5,917.3,921.9,925.9,922.3,913.7,921.6,920.0,-39.245612122532634,-2.1798365122616126
41880,2026-05-07,OOS,933.6,923.9,912.2,905.4,905.8,905.7,914.8,922.4,-196.99101634375938,-103.89888603256293
43070,2024-11-18,IS,4535.0,4574.0,4545.0,4558.0,4535.0,4498.0,4504.0,4482.0,-166.1565369479667,85.99779492833414
43070,2024-11-26,IS,4427.0,4430.0,4439.0,4430.0,4450.0,4469.0,4503.0,4528.0,88.03611738148919,6.776598147730795
43070,2025-03-24,IS,4887.0,4889.0,4917.0,4922.0,4921.0,4918.0,4878.0,4887.0,59.316833708324964,4.092490280336314
43070,2025-03-25,IS,4887.0,4875.0,4868.0,4873.0,4874.0,4859.0,4899.0,4890.0,-32.82051282051279,-24.554941682013443
43070,2025-05-30,IS,5578.0,5633.0,5643.0,5648.0,5660.0,5636.0,5744.0,5715.0,5.325758920646795,98.60164933668037
43070,2025-11-12,OOS,6195.0,6179.0,6187.0,6203.0,6208.0,6205.0,6244.0,6224.0,42.078006149861565,-25.82728006456869
43070,2026-02-06,OOS,4222.0,4278.0,4270.0,4288.0,4278.0,4270.0,4230.0,4224.0,-18.700327255727345,132.63855992420747
43070,2026-05-14,OOS,4174.0,4215.0,4347.0,4331.0,4324.0,4294.0,4321.0,4332.0,187.4258600237244,98.22712026832825
43850,2024-12-18,IS,1839.0,1799.5,1821.5,1824.0,1832.0,1845.0,1826.5,1833.0,252.848013337037,-214.79064709081007
43850,2025-01-15,IS,1684.5,1716.0,1719.0,1709.0,1707.0,1702.0,1706.5,1690.0,-81.5850815850816,186.99910952804987
43850,2025-02-14,IS,2389.5,2439.5,2398.5,2409.0,2418.0,2430.5,2389.0,2333.0,-36.89280590284949,209.248796819419
43850,2025-04-21,IS,2322.0,2309.0,2350.5,2343.0,2306.5,2315.5,2313.5,2320.0,28.150714595063242,-55.98621877691667
43850,2025-07-22,IS,2431.5,2414.0,2408.0,2391.5,2386.0,2410.0,2421.5,2448.5,-16.57000828500399,-71.97203372403816
43850,2025-08-06,OOS,2155.0,2144.0,2139.0,2124.5,2147.5,2177.0,2157.5,2134.0,153.9179104477606,-51.04408352668233
43850,2026-02-24,OOS,3400.0,3378.0,3381.0,3364.0,3380.0,3370.0,3430.0,3452.0,-23.68265245707546,-64.70588235294117
43850,2026-04-30,OOS,3774.0,3769.0,3819.0,3831.0,3847.0,3809.0,3853.0,3855.0,106.12894667020534,-13.248542660306839
44520,2025-01-22,IS,5983.0,6000.0,5978.0,5961.0,5965.0,5973.0,5995.0,5988.0,-44.99999999999949,28.413839211098857
44520,2025-04-09,IS,6120.0,6061.0,6112.0,6117.0,6086.0,6169.0,6159.0,6233.0,178.188417752847,-96.40522875816959
44520,2025-05-16,IS,6327.0,6268.0,6268.0,6263.0,6241.0,6255.0,6288.0,6279.0,-20.740268028078823,-93.25114588272454
44520,2025-11-21,OOS,6589.0,6509.0,6498.0,6494.0,6512.0,6508.0,6456.0,6383.0,-1.536334306344589,-121.4144786765825
44520,2026-03-09,OOS,6231.0,6322.0,6261.0,6259.0,6277.0,6287.0,6282.0,6294.0,-55.362227143309624,146.0439736799879
44520,2026-04-06,OOS,6056.0,6098.0,6103.0,6114.0,6079.0,6067.0,6068.0,6080.0,-50.83633978353541,69.35270805812354
44520,2026-04-17,OOS,6008.0,6079.0,6100.0,6096.0,6092.0,6077.0,6059.0,6055.0,-3.290014805066299,118.1757656458049
45020,2025-07-31,IS,4200.0,4195.0,4184.0,4188.0,4193.0,4213.0,4214.0,4217.0,42.90822407628126,-11.904761904761862
45020,2025-12-30,OOS,4835.0,4880.0,4951.0,4935.0,4916.0,4938.0,4912.0,4916.0,118.85245901639419,93.07135470527416
45020,2026-04-17,OOS,5586.0,5622.0,5599.0,5595.0,5585.0,5564.0,5565.0,5575.0,-103.16613304873657,64.44683136412444
45030,2025-12-03,OOS,1983.5,1976.5,1975.0,1989.0,1991.5,1988.5,1994.0,2000.0,60.71338224133527,-35.29115200403332
45030,2026-02-25,OOS,2532.0,2492.5,2519.0,2515.0,2526.5,2536.0,2504.0,2527.0,174.5235707121373,-156.00315955766163
45030,2026-04-16,OOS,2585.0,2557.0,2552.0,2565.0,2573.0,2567.0,2558.0,2553.5,39.10833007430669,-108.31721470019318
45060,2024-11-05,IS,585.0,595.0,589.0,590.0,586.0,594.0,599.0,590.0,-16.80672268907557,170.94017094017033
45060,2024-11-15,IS,599.0,593.0,594.0,594.0,591.0,597.0,597.0,585.0,67.45362563237877,-100.1669449081799
45060,2024-11-29,IS,564.0,567.0,575.0,572.0,571.0,565.0,568.0,571.0,-35.273368606701936,53.19148936170137
45060,2025-05-13,IS,868.0,879.0,887.0,912.0,932.0,947.0,941.0,867.0,773.6063708759943,126.72811059907917
45060,2025-08-21,OOS,1407.0,1425.0,1415.0,1409.0,1419.0,1447.0,1439.0,1440.0,154.3859649122803,127.9317697228155
45060,2025-11-18,OOS,2452.0,2424.5,2460.5,2415.0,2395.5,2467.5,2490.0,2438.0,177.3561559084347,-112.15334420880963
45060,2026-01-21,OOS,2274.0,2250.0,2286.0,2275.0,2238.0,2222.0,2227.5,2215.5,-124.4444444444448,-105.5408970976257
45060,2026-02-03,OOS,2173.5,2173.0,2234.5,2221.5,2252.0,2267.0,2282.5,2286.5,432.58168430740926,-2.3004370830459475
45060,2026-03-05,OOS,1845.0,1811.5,1818.0,1814.0,1864.0,1863.0,1964.0,1920.5,284.2947833287335,-181.57181571815673
45060,2026-03-09,OOS,1878.5,1909.5,1874.5,1888.5,1892.0,1927.0,1957.5,1907.5,91.647028017805,165.02528613255186
45060,2026-04-17,OOS,2204.0,2166.0,2097.5,2129.0,2132.0,2120.5,2077.5,2073.0,-210.06463527239117,-172.41379310344863
45060,2026-05-01,OOS,1729.5,1729.5,1662.0,1679.5,1691.0,1656.0,1680.0,1657.0,-424.9783174327837,0.0
45060,2026-05-20,OOS,1520.0,1553.5,1608.0,1598.0,1608.0,1601.0,1589.0,1570.5,305.76118442227295,220.3947368421044
45060,2026-05-25,OOS,1603.0,1585.5,1561.5,1575.0,1596.0,1596.5,1564.5,1544.5,69.3787448754346,-109.17030567685559
45070,2024-11-05,IS,2155.5,2162.0,2163.0,2154.5,2153.0,2168.0,2179.0,2148.0,27.752081406104967,30.155416376711486
45070,2024-11-18,IS,2070.5,2108.5,2088.5,2095.5,2093.5,2090.0,2103.5,2091.5,-87.74009959687024,183.53054817676906
45070,2025-04-07,IS,2253.5,2296.5,2267.0,2244.5,2241.5,2241.5,2266.5,2266.5,-239.49488351839742,190.8142888839581
45070,2025-05-12,IS,2252.5,2266.5,2319.0,2308.5,2276.0,2260.5,2252.0,2231.5,-26.472534745202168,62.153163152052215
45070,2025-05-30,IS,2408.0,2425.0,2416.5,2420.5,2423.0,2410.5,2407.5,2410.0,-59.793814432990146,70.59800664451777
45070,2025-12-10,OOS,2678.0,2673.5,2661.5,2671.5,2669.0,2661.5,2665.5,2661.0,-44.88498223302773,-16.803584764749637
45070,2026-02-25,OOS,3664.0,3657.0,3630.0,3643.0,3647.0,3639.0,3637.0,3648.0,-49.22067268252617,-19.10480349344934
45070,2026-03-16,OOS,3410.0,3447.0,3504.0,3505.0,3487.0,3469.0,3465.0,3474.0,63.82361473745269,108.50439882697849
45070,2026-04-06,OOS,3580.0,3582.0,3601.0,3609.0,3582.0,3568.0,3572.0,3618.0,-39.08431044109428,5.586592178770111
45070,2026-04-08,OOS,3606.0,3536.0,3522.0,3510.0,3512.0,3525.0,3519.0,3478.0,-31.108597285067763,-194.1209095951191
45070,2026-04-17,OOS,3220.0,3259.0,3237.0,3243.0,3238.0,3234.0,3213.0,3213.0,-76.71064743786427,121.11801242236098
45190,2025-01-08,IS,6717.0,6817.0,6833.0,6838.0,6859.0,6883.0,6942.0,6954.0,96.8167815754728,148.8759863034095
45190,2025-03-07,IS,6963.0,6924.0,6901.0,6852.0,6756.0,6733.0,6762.0,6707.0,-275.85210860774146,-56.01034037053032
45190,2025-04-23,IS,8194.0,8100.0,8147.0,8152.0,8094.0,8162.0,8274.0,8251.0,76.54320987654285,-114.71808640468595
45190,2025-06-20,IS,7189.0,7218.0,7244.0,7264.0,7258.0,7344.0,7483.0,7510.0,174.563591022443,40.339407428016116
45190,2025-07-31,IS,7360.0,7400.0,7465.0,7455.0,7405.0,7476.0,7439.0,7340.0,102.70270270270166,54.34782608695565
45190,2025-09-26,OOS,6286.0,6355.0,6373.0,6342.0,6324.0,6316.0,6312.0,6319.0,-61.369000786781754,109.76773783009763
45190,2025-09-30,OOS,6448.0,6504.0,6572.0,6648.0,6611.0,6674.0,6651.0,6697.0,261.37761377613697,86.84863523573227
45190,2025-11-10,OOS,7238.0,7377.0,7437.0,7417.0,7515.0,7500.0,7530.0,7521.0,166.7344448962993,192.04200055263908
45190,2025-12-01,OOS,8072.0,8155.0,8088.0,8130.0,8135.0,8150.0,8125.0,8150.0,-6.131207847945852,102.82457879088102
45190,2025-12-15,OOS,8514.0,8500.0,8452.0,8452.0,8431.0,8394.0,8333.0,8269.0,-124.70588235294122,-16.44350481559753
45190,2025-12-30,OOS,8243.0,8350.0,8389.0,8418.0,8445.0,8417.0,8515.0,8516.0,80.23952095808306,129.80710906223436
45230,2025-05-30,IS,4141.0,4110.0,4067.0,4056.0,4059.0,4035.0,4040.0,4061.0,-182.48175182481785,-74.86114465105054
45230,2025-11-17,OOS,4675.0,4657.0,4655.0,4666.0,4658.0,4635.0,4620.0,4579.0,-47.24071290530429,-38.50267379679195
45230,2025-11-28,OOS,4897.0,4845.0,4806.0,4832.0,4812.0,4812.0,4776.0,4790.0,-68.11145510835948,-106.18746171125126
45230,2026-02-09,OOS,4563.0,4530.0,4602.0,4664.0,4732.0,4755.0,4806.0,4836.0,496.6887417218535,-72.32084155161078
45230,2026-02-24,OOS,5077.0,5125.0,5125.0,5089.0,5112.0,5101.0,5132.0,5169.0,-46.82926829268297,94.54402206027224
45430,2024-11-15,IS,3044.0,3013.0,3004.0,3009.0,3024.0,3043.0,3044.0,3044.0,99.56853634251584,-101.83968462549319
45430,2024-11-18,IS,3044.0,3093.0,3072.0,3077.0,3071.0,3065.0,3062.0,3036.0,-90.52699644358175,160.97240473061714
45430,2024-11-25,IS,3108.0,3070.0,3065.0,3087.0,3096.0,3077.0,3081.0,3096.0,22.801302931596545,-122.26512226512276
45430,2025-01-10,IS,2992.0,2992.0,2987.0,2991.5,2983.0,2979.5,2971.0,2991.0,-41.77807486630991,0.0
45430,2025-02-07,IS,2824.5,2805.5,2784.5,2791.5,2801.0,2811.0,2812.0,2788.0,19.604348600963384,-67.26854310497465
45430,2025-03-03,IS,2711.5,2749.5,2743.0,2746.0,2750.0,2741.0,2699.0,2701.0,-30.914711765775984,140.14383182740175
45430,2025-03-04,IS,2701.0,2697.5,2666.5,2685.0,2669.0,2680.5,2687.5,2715.5,-63.021316033363696,-12.958163643095322
45430,2025-04-23,IS,2764.5,2767.0,2754.0,2751.0,2745.5,2744.0,2736.0,2719.0,-83.12251535959491,9.043226623259848
45430,2025-05-15,IS,2677.5,2706.5,2690.0,2685.5,2692.0,2679.5,2698.5,2718.5,-99.75983742841254,108.30999066293145
45430,2025-06-04,IS,2610.0,2595.0,2604.5,2593.5,2598.0,2589.5,2592.5,2598.0,-21.194605009633438,-57.47126436781657
45430,2025-06-19,IS,2618.0,2626.0,2609.0,2615.0,2614.5,2615.0,2622.0,2623.5,-41.88880426504227,30.557677616500634
45430,2025-07-23,IS,2475.5,2525.5,2554.0,2581.0,2545.0,2553.0,2585.0,2595.5,108.88932884577373,201.97939810139286
45430,2025-08-04,IS,2544.5,2555.5,2542.0,2545.0,2549.0,2555.0,2556.5,2549.0,-1.9565642731367294,43.230497150716914
45430,2025-08-13,OOS,2795.5,2760.0,2761.0,2752.5,2735.0,2732.0,2716.0,2749.5,-101.44927536231863,-126.98980504382007
45430,2025-08-15,OOS,2750.0,2750.0,2783.0,2794.0,2806.0,2786.5,2801.0,2788.5,132.72727272727326,0.0
45430,2025-10-06,OOS,2562.0,2562.0,2549.0,2561.5,2566.5,2563.5,2564.0,2572.5,5.8548009367687115,0.0
45430,2025-10-07,OOS,2572.5,2582.0,2578.0,2567.5,2566.0,2568.5,2563.0,2543.5,-52.28505034856723,36.92905733722051
45430,2025-11-11,OOS,2518.5,2565.0,2574.0,2592.5,2589.0,2581.0,2570.5,2544.5,62.37816764132597,184.6337105419882
45430,2025-12-15,OOS,2290.0,2296.5,2295.5,2290.0,2307.5,2313.5,2320.0,2317.0,74.02569126932379,28.384279475981433
45430,2026-04-08,OOS,2209.0,2201.0,2219.5,2214.0,2195.5,2198.0,2188.5,2171.0,-13.630168105406293,-36.21548211860559
45430,2026-04-09,OOS,2171.0,2183.0,2167.0,2144.5,2139.0,2133.0,2130.5,2139.0,-229.04260192395776,55.27406725011508
45430,2026-04-23,OOS,2054.0,2032.0,2053.0,2051.5,2055.5,2052.5,2051.0,2056.0,100.8858267716528,-107.10808179162589
45430,2026-05-19,OOS,2294.0,2320.0,2313.5,2323.5,2318.0,2344.5,2313.5,2342.5,105.60344827586165,113.33914559721103
45680,2024-11-05,IS,4844.0,4845.0,4865.0,4846.0,4846.0,4865.0,4883.0,4838.0,41.27966976264163,2.064409578861337
45680,2024-11-06,IS,4838.0,4863.0,4914.0,4930.0,4904.0,4857.0,4842.0,4866.0,-12.338062924120985,51.67424555601485
45680,2024-12-18,IS,4343.0,4333.0,4373.0,4365.0,4359.0,4339.0,4342.0,4352.0,13.847219016847045,-23.025558369790254
45680,2025-04-01,IS,3723.0,3716.0,3684.0,3664.0,3656.0,3633.0,3639.0,3582.0,-223.35844994617827,-18.802041364490705
45680,2025-05-30,IS,3842.0,3777.0,3813.0,3834.0,3823.0,3832.0,3845.0,3816.0,145.6182155149599,-169.18271733472156
45680,2025-08-29,OOS,3529.0,3554.0,3562.0,3587.0,3575.0,3574.0,3543.0,3565.0,56.2746201463149,70.84159818645519
45680,2025-09-19,OOS,3543.0,3531.0,3497.0,3506.0,3497.0,3480.0,3477.0,3442.0,-144.43500424808798,-33.86960203217604
45680,2025-10-02,OOS,3639.0,3640.0,3700.0,3686.0,3704.0,3729.0,3724.0,3728.0,244.50549450549363,2.748007694421961
45680,2025-10-24,OOS,4005.0,4075.0,4056.0,4057.0,4081.0,4055.0,4026.0,3999.0,-49.07975460122671,174.78152309613026
45680,2025-10-28,OOS,3979.0,3931.0,3927.0,3872.0,3867.0,3860.0,3882.0,3865.0,-180.61561943525817,-120.63332495601875
45680,2025-12-16,OOS,3406.0,3425.0,3419.0,3423.0,3408.0,3433.0,3412.0,3462.0,23.357664233576436,55.783910745743626
45680,2026-05-19,OOS,2636.0,2614.5,2605.0,2617.5,2607.5,2610.0,2558.5,2605.5,-17.21170395869165,-81.56297420333858
45780,2024-11-25,IS,8799.0,8724.0,8644.0,8652.0,8593.0,8529.0,8597.0,8613.0,-223.52132049518582,-85.23695874531168
45780,2025-02-18,IS,7483.0,7421.0,7411.0,7399.0,7381.0,7353.0,7311.0,7247.0,-91.63185554507459,-82.85447013229974
45780,2025-02-25,IS,7349.0,7349.0,7336.0,7319.0,7310.0,7276.0,7240.0,7378.0,-99.33324261804377,0.0
45780,2025-03-11,IS,7510.0,7440.0,7437.0,7470.0,7505.0,7517.0,7502.0,7578.0,103.4946236559131,-93.20905459387463
45780,2025-09-19,OOS,8141.0,8078.0,8066.0,8048.0,8014.0,7998.0,8072.0,8039.0,-99.03441445902494,-77.38607050730818
45780,2025-11-19,OOS,8270.0,8303.0,8293.0,8377.0,8406.0,8371.0,8396.0,8332.0,81.89810911718665,39.90326481257522
45780,2026-02-20,OOS,10620.0,10570.0,10470.0,10335.0,10325.0,10410.0,10510.0,10425.0,-151.3718070009462,-47.080979284369604
45780,2026-02-25,OOS,10390.0,10260.0,10320.0,10320.0,10375.0,10380.0,10315.0,10395.0,116.95906432748649,-125.12030798844998
45780,2026-02-26,OOS,10395.0,10450.0,10620.0,10530.0,10540.0,10590.0,10655.0,10710.0,133.9712918660285,52.910052910053466
45780,2026-02-27,OOS,10710.0,10525.0,10565.0,10525.0,10485.0,10590.0,10500.0,10445.0,61.75771971496546,-172.73576097105558
45780,2026-03-24,OOS,10610.0,10900.0,10985.0,10990.0,10985.0,10970.0,11010.0,10970.0,64.22018348623881,273.32704995287395
45780,2026-04-17,OOS,10530.0,10655.0,10615.0,10650.0,10655.0,10715.0,10690.0,10685.0,56.31159080244031,118.70845204178471
45920,2024-11-19,IS,957.0,960.0,955.0,959.0,955.0,974.0,959.0,947.0,145.83333333333394,31.347962382444194
45920,2024-12-20,IS,757.0,749.0,761.0,759.0,757.0,762.0,757.0,757.0,173.5647530040052,-105.6803170409515
45920,2025-01-20,IS,691.0,698.0,700.0,701.0,699.0,,694.0,691.0,,101.3024602026058
45920,2025-10-22,OOS,2918.0,2877.0,2833.0,2864.0,2880.0,2838.0,2793.0,2756.0,-135.55787278415,-140.50719671007573
45920,2025-12-04,OOS,1643.0,1643.0,1696.0,1683.0,1731.0,1756.0,1777.0,1745.0,687.7662811929408,0.0
45920,2026-05-19,OOS,1581.0,1588.0,1496.0,1462.0,1487.0,1485.0,1473.0,1429.0,-648.6146095717882,44.275774826059155
46610,2026-02-24,OOS,2709.5,2730.0,2743.5,2736.0,2744.0,2736.0,2730.0,2775.5,21.9780219780219,75.65971581472652
46840,2025-01-08,IS,4604.0,4612.0,4615.0,4606.0,4592.0,4575.0,4570.0,4564.0,-80.22549869904583,17.376194613378804
46840,2025-01-27,IS,4537.0,4500.0,4478.0,4538.0,4553.0,4545.0,4627.0,4626.0,100.00000000000009,-81.5516861362131
46840,2025-03-31,IS,4309.0,4360.0,4367.0,4390.0,4400.0,4393.0,4335.0,4349.0,75.68807339449535,118.35692736133608
46840,2025-09-26,OOS,5227.0,5225.0,5241.0,5189.0,5196.0,5147.0,5139.0,5145.0,-149.2822966507179,-3.826286588864969
46840,2025-11-07,OOS,4945.0,4942.0,4927.0,4934.0,4908.0,4896.0,4895.0,4902.0,-93.07972480776971,-6.066734074823277
46840,2025-12-19,OOS,4988.0,4970.0,4949.0,4917.0,4888.0,4883.0,4872.0,4888.0,-175.0503018108651,-36.086607858861754
46840,2026-01-05,OOS,4897.0,4923.0,4909.0,4893.0,4917.0,4903.0,4893.0,4912.0,-40.62563477554293,53.093730855626745
46840,2026-01-15,OOS,4855.0,4850.0,4872.0,4860.0,4835.0,4824.0,4799.0,4767.0,-53.60824742268066,-10.29866117404743
46840,2026-02-02,OOS,4221.0,4164.0,4207.0,4206.0,4202.0,4214.0,4195.0,4194.0,120.07684918347694,-135.03909026297057
46840,2026-02-04,OOS,3775.0,3775.0,3856.0,3843.0,3843.0,3842.0,3984.0,3917.0,177.48344370861037,0.0
46840,2026-03-04,OOS,4090.0,4150.0,4111.0,4112.0,4081.0,4049.0,4058.0,4042.0,-243.37349397590359,146.69926650366705
46840,2026-03-17,OOS,4040.0,4002.0,3992.0,4007.0,4000.0,3996.0,4024.0,4034.0,-14.992503748125774,-94.05940594059415
46840,2026-03-27,OOS,3917.0,3803.0,3794.0,3773.0,3789.0,3773.0,3757.0,3802.0,-78.88509071785398,-291.0390605054891
46890,2025-05-30,IS,522.0,519.8,516.4,516.7,517.2,515.1,515.6,522.0,-90.41939207387273,-42.14559386973238
46890,2025-12-16,OOS,412.4,413.0,412.7,412.7,411.7,411.5,414.2,415.5,-36.31961259079941,14.548981571289588
46890,2026-02-20,OOS,374.3,370.1,368.6,366.8,369.4,369.6,366.7,365.6,-13.509862199405642,-112.20945765428758
46890,2026-03-16,OOS,397.5,396.8,397.6,396.8,395.9,396.6,398.7,398.5,-5.040322580645018,-17.61006289308198
46890,2026-03-19,OOS,397.9,393.0,390.7,390.9,392.2,390.5,392.2,393.9,-63.61323155216314,-123.14651922593511
46890,2026-03-27,OOS,385.2,372.1,370.1,369.8,371.4,372.3,373.1,375.6,5.374899220640383,-340.0830737279326
46890,2026-05-14,OOS,404.8,407.3,415.5,412.9,412.1,408.6,411.4,417.3,31.91750552418382,61.758893280632336
47040,2024-11-05,IS,7850.0,7950.0,8005.0,7973.0,7989.0,8029.0,8098.0,8189.0,99.37106918239013,127.38853503184711
47040,2025-02-19,IS,11700.0,11510.0,11580.0,11505.0,11405.0,11310.0,11325.0,11480.0,-173.76194613379693,-162.39316239316292
47040,2025-02-20,IS,11480.0,11185.0,11220.0,11230.0,11230.0,11145.0,11145.0,11150.0,-35.76218149307087,-256.968641114983
47040,2025-03-06,IS,10880.0,10590.0,10390.0,10475.0,10505.0,10450.0,10370.0,10215.0,-132.20018885741314,-266.54411764705844
47040,2025-04-23,IS,9662.0,9762.0,,9762.0,9713.0,9762.0,9658.0,9706.0,0.0,103.49824052991119
47040,2025-04-28,IS,9947.0,9855.0,9895.0,10025.0,9991.0,10055.0,10245.0,10230.0,202.94266869609334,-92.49019804966285
47040,2025-05-07,IS,10035.0,10000.0,9968.0,9922.0,9875.0,9913.0,9998.0,10055.0,-87.00000000000041,-34.87792725460848
47040,2025-06-20,IS,10010.0,10035.0,10010.0,9990.0,9850.0,9858.0,9836.0,9829.0,-176.3826606875929,24.975024975024684
47040,2025-08-28,OOS,7849.0,7868.0,7888.0,7892.0,7928.0,7919.0,7834.0,7851.0,64.81952211489616,24.206905338259865
47040,2025-09-19,OOS,8442.0,8457.0,8498.0,8593.0,8579.0,8494.0,8400.0,8400.0,43.750739032752946,17.768301350391535
47040,2025-12-19,OOS,6921.0,6921.0,6850.0,6843.0,6844.0,6835.0,6787.0,6765.0,-124.25950007224351,0.0
47040,2026-03-23,OOS,5295.0,5351.0,5359.0,5340.0,5343.0,5323.0,5335.0,5363.0,-52.32666791254004,105.76015108592962
47040,2026-04-09,OOS,5356.0,5260.0,5190.0,5185.0,5167.0,5114.0,5130.0,5135.0,-277.5665399239546,-179.23823749066426
47040,2026-04-17,OOS,5978.0,5998.0,5965.0,5895.0,5798.0,5896.0,5871.0,5756.0,-170.0566855618535,33.456005352960894
47040,2026-05-08,OOS,5645.0,5715.0,5660.0,5637.0,5673.0,5673.0,5633.0,5645.0,-73.49081364829368,124.00354295837079
47550,2024-11-14,IS,936.9,929.7,923.7,921.5,925.2,913.8,900.0,900.1,-171.02291061632857,-76.8491834774243
47550,2025-11-14,OOS,951.9,952.0,947.4,941.1,939.3,941.2,957.6,954.1,-113.4453781512601,1.0505305179120406
485A0,2025-12-25,OOS,1983.0,2000.0,1953.0,1946.0,2020.0,2132.0,2383.0,2383.0,660.0000000000006,85.72869389813498
485A0,2026-01-09,OOS,2171.0,2201.0,2211.0,2173.0,2107.0,2095.0,2252.0,2310.0,-481.5992730577012,138.1851681252888
485A0,2026-01-22,OOS,2100.0,2124.0,2088.0,2153.0,2120.0,2190.0,2192.0,2217.0,310.7344632768361,114.28571428571344
485A0,2026-01-23,OOS,2217.0,2201.0,2267.0,2206.0,2189.0,2211.0,2220.0,2236.0,45.43389368468986,-72.16959855660843
485A0,2026-01-29,OOS,1948.0,1975.0,2023.0,1965.0,1955.0,1929.0,1883.0,1886.0,-232.91139240506297,138.6036960985626
485A0,2026-02-10,OOS,2420.0,2420.0,2423.0,2460.0,2425.0,2480.0,2487.0,2492.0,247.93388429751982,0.0
485A0,2026-03-27,OOS,4250.0,4180.0,4260.0,4235.0,4145.0,4195.0,4470.0,4725.0,35.88516746411585,-164.70588235294125
485A0,2026-04-28,OOS,9850.0,9820.0,10020.0,9960.0,9880.0,9710.0,9680.0,10690.0,-112.01629327902252,-30.456852791878042
485A0,2026-05-01,OOS,10480.0,10730.0,10430.0,10340.0,10450.0,10410.0,10730.0,11090.0,-298.2292637465056,238.5496183206115
49010,2025-02-06,IS,3216.0,3215.0,3170.0,3159.0,3128.0,3129.0,3140.0,3079.0,-267.49611197511626,-3.109452736318463
49010,2025-02-07,IS,3079.0,3071.0,3055.0,3062.0,3079.0,3078.0,3072.0,3080.0,22.793878215565666,-25.982461838258697
49010,2025-05-30,IS,3284.0,3249.0,3222.0,3218.0,3218.0,3210.0,3211.0,3232.0,-120.03693444136654,-106.57734470158387
49010,2025-09-26,OOS,3727.0,3762.0,3701.0,3686.0,3675.0,3660.0,3649.0,3630.0,-271.1323763955342,93.90931043735007
49010,2025-11-04,OOS,3556.0,3587.0,3587.0,3567.0,3545.0,3546.0,3499.0,3538.0,-114.30164482854721,87.17660292463458
49010,2026-04-17,OOS,3166.0,3190.0,3206.0,3205.0,3197.0,3206.0,3211.0,3180.0,50.15673981191293,75.8054327226776
49110,2024-11-06,IS,3118.0,3125.0,3136.0,3141.0,3130.0,3117.0,3165.0,3182.0,-25.600000000000065,22.450288646569394
49110,2024-11-14,IS,2802.5,2812.5,2804.0,2818.0,2820.0,2825.0,2839.5,2775.0,44.44444444444473,35.68242640499486
49110,2025-02-13,IS,2653.5,2670.0,2645.5,2633.5,2614.5,2616.0,2609.0,2556.0,-202.24719101123557,62.1820237422277
49110,2025-10-14,OOS,2483.5,2502.5,2498.0,2494.5,2490.5,2490.5,2513.0,2542.5,-47.952047952047884,76.50493255486168
49110,2025-11-11,OOS,2562.5,2607.0,2629.0,2623.0,2701.0,2689.5,2665.5,2701.5,316.4556962025311,173.658536585366
49110,2025-11-20,OOS,2185.5,2185.5,2163.5,2166.5,2171.5,2185.5,2195.0,2201.0,0.0,0.0
49110,2025-12-16,OOS,2349.0,2335.0,2312.5,2336.5,2334.5,2321.5,2336.0,2331.5,-57.81584582441157,-59.599829714772625
49110,2026-05-26,OOS,2570.0,2605.0,2598.0,2598.5,2605.5,2578.0,2599.0,2640.5,-103.64683301343547,136.18677042801508
50160,2025-03-25,IS,935.0,928.0,935.0,946.0,958.0,944.0,946.0,943.0,172.41379310344752,-74.86631016042745
50160,2025-03-26,IS,943.0,935.0,935.0,935.0,943.0,932.0,927.0,930.0,-32.085561497325884,-84.83563096500558
50160,2025-05-13,IS,811.3,814.0,813.6,807.8,803.7,799.2,792.4,798.8,-181.81818181818076,33.27992111426204
50160,2025-05-30,IS,784.8,780.0,776.0,776.5,777.0,776.5,772.3,770.6,-44.87179487179471,-61.162079510702625
50160,2025-07-04,IS,818.9,814.2,813.1,815.5,813.1,813.8,815.8,806.8,-4.912797838370064,-57.394065209426245
50160,2025-10-10,OOS,2102.0,2100.0,2140.0,2176.5,2155.0,2135.0,2067.0,2010.0,166.66666666666606,-9.514747859181716
50160,2025-10-14,OOS,2010.0,2014.0,2044.5,2073.5,2103.0,2092.5,2083.5,2041.0,389.77159880834165,19.900497512437276
50160,2025-10-28,OOS,1978.0,2015.5,2014.0,1997.5,1999.0,2001.5,1996.0,1995.0,-69.46167204167742,189.58543983822017
50160,2025-10-29,OOS,1995.0,2015.0,2052.0,2030.5,2034.0,2009.0,2005.0,2057.0,-29.776674937965765,100.25062656641603
50160,2025-11-12,OOS,1940.5,1936.0,1877.0,1873.0,1878.5,1875.0,1862.0,1867.5,-315.0826446280997,-23.189899510435154
50160,2026-01-15,OOS,2559.0,2583.0,2604.0,2636.5,2692.5,2638.0,2625.5,2609.5,212.9307007355785,93.78663540445586
50160,2026-04-17,OOS,4899.0,4898.0,4907.0,4903.0,4927.0,4945.0,4945.0,4817.0,95.95753368721871,-2.041232904674839
50160,2026-05-18,OOS,4050.0,4041.0,4000.0,3950.0,3994.0,3848.0,3833.0,3850.0,-477.6045533283846,-22.222222222222364
50160,2026-05-21,OOS,3928.0,3998.0,4054.0,4078.0,4084.0,4034.0,4075.0,3994.0,90.0450225112559,178.20773930753654
50200,2024-11-05,IS,766.7,776.0,781.0,779.4,778.8,775.8,780.7,775.2,-2.577319587629967,121.29907395330486
50200,2024-11-29,IS,808.8,814.4,816.3,815.8,817.0,815.5,818.2,819.7,13.506876227897813,69.2383778437189
50200,2025-03-21,IS,848.4,844.7,848.1,845.5,843.0,845.3,849.2,847.9,7.103113531430338,-43.611504007542436
50200,2025-08-08,OOS,833.7,838.0,830.8,841.9,841.1,840.2,841.3,835.0,26.25298329355763,51.577305985366365
50200,2025-12-19,OOS,1083.0,1103.0,1098.0,1097.5,1098.5,1102.5,1105.0,1096.0,-4.533091568449388,184.67220683287212
50200,2026-02-20,OOS,1456.0,1475.0,1451.0,1442.0,1442.0,1440.0,1456.0,1455.0,-237.28813559321992,130.49450549450503
50200,2026-04-06,OOS,1460.0,1472.0,1481.0,1483.5,1475.0,1464.0,1476.0,1471.5,-54.347826086956765,82.19178082191858
50200,2026-04-16,OOS,1406.5,1410.5,1402.5,1398.5,1393.5,1390.0,1391.5,1375.0,-145.33853243530626,28.439388553145317
50200,2026-04-21,OOS,1325.5,1320.0,1315.0,1317.0,1311.5,1318.5,1320.5,1319.0,-11.36363636363602,-41.49377593360981
50200,2026-05-18,OOS,1358.0,1370.0,1344.5,1358.5,1366.5,1359.5,1362.0,1360.0,-76.64233576642366,88.36524300441795
51080,2024-11-08,IS,5373.0,5400.0,5411.0,5392.0,5396.0,5391.0,5385.0,5449.0,-16.66666666666705,50.25125628140614
51080,2024-11-12,IS,5546.0,5461.0,5443.0,5488.0,5500.0,5516.0,5494.0,5434.0,100.71415491668122,-153.26361341507445
51080,2024-12-13,IS,5308.0,5330.0,5333.0,5346.0,5352.0,5352.0,5337.0,5320.0,41.27579737335907,41.446872645063415
51080,2025-12-03,OOS,7316.0,7256.0,7268.0,7278.0,7309.0,7315.0,7358.0,7344.0,81.3120176405735,-82.01202843083676
51080,2026-04-06,OOS,3307.0,3321.0,3327.0,3333.0,3328.0,3316.0,3313.0,3349.0,-15.05570611261664,42.3344420925309
51080,2026-05-21,OOS,3327.0,3345.0,3321.0,3331.0,3329.0,3332.0,3334.0,3313.0,-38.863976083707286,54.10279531109063
52010,2026-05-22,OOS,6495.0,6504.0,6524.0,6563.0,6583.0,6573.0,6552.0,6657.0,106.08856088560881,13.856812933026319
53440,2024-12-16,IS,46060.0,46360.0,,46640.0,,46350.0,46310.0,46060.0,-2.157031924072683,65.13243595310358
53440,2024-12-17,IS,46060.0,45500.0,45450.0,,45050.0,,,45420.0,,-121.58054711246203
53440,2025-01-08,IS,48990.0,49320.0,49450.0,,49390.0,,49330.0,48970.0,,67.36068585425636
53440,2025-03-19,IS,31140.0,31650.0,31510.0,31650.0,,,32880.0,32910.0,,163.77649325626243
53440,2025-04-14,IS,26815.0,26970.0,26910.0,26890.0,27095.0,26965.0,26820.0,26625.0,-1.8539117538007854,57.80346820809301
53440,2025-04-18,IS,25440.0,25780.0,25535.0,25450.0,,25490.0,25405.0,25525.0,-112.49030256012426,133.64779874213806
53440,2025-05-02,IS,30820.0,30980.0,30580.0,30550.0,30880.0,,30780.0,30930.0,,51.91434133679395
53440,2025-06-18,IS,39630.0,39260.0,39350.0,39170.0,39490.0,39760.0,39730.0,39630.0,127.35608762098893,-93.36361342417332
53440,2025-07-02,IS,40010.0,39880.0,40230.0,40300.0,40180.0,40220.0,40080.0,40210.0,85.25576730190609,-32.49187703074252
53440,2025-07-14,IS,42440.0,42230.0,,42100.0,,,43260.0,43850.0,,-49.48162111215848
53440,2025-07-25,IS,42900.0,43100.0,43280.0,43150.0,43910.0,43620.0,44580.0,44200.0,120.64965197215783,46.62004662004726
53440,2025-08-08,OOS,45840.0,45380.0,45990.0,45710.0,45540.0,45360.0,44980.0,45540.0,-4.407227853679974,-100.34904013961565
53440,2025-09-30,OOS,38700.0,38440.0,38350.0,38000.0,38280.0,,,38360.0,,-67.18346253229979
53440,2025-10-14,OOS,39220.0,38830.0,39240.0,39680.0,39650.0,,40420.0,40210.0,,-99.43906170321259
53440,2025-11-14,OOS,43650.0,43700.0,43450.0,43610.0,43910.0,,44310.0,46290.0,,11.45475372279492
53440,2025-12-03,OOS,46500.0,47200.0,48600.0,48880.0,48820.0,49420.0,49130.0,48400.0,470.3389830508464,150.5376344086029
53440,2025-12-04,OOS,48400.0,48630.0,47660.0,47770.0,47420.0,47600.0,47800.0,47730.0,-211.8034135307423,47.52066115702558
53440,2026-03-13,OOS,58860.0,58300.0,58700.0,58640.0,58450.0,58810.0,57590.0,58300.0,87.47855917667246,-95.1410125722052
54010,2025-11-21,OOS,623.0,627.2,625.6,621.6,623.4,626.3,626.0,624.0,-14.349489795919546,67.41573033707925
54010,2026-02-16,OOS,674.8,675.0,679.1,680.5,682.2,677.1,675.8,675.0,31.111111111110645,2.9638411381149865
54110,2024-11-05,IS,1833.5,1872.0,1861.0,1861.0,1871.5,1861.0,1879.0,1862.0,-58.76068376068355,209.98091082628844
54110,2025-07-04,IS,1790.0,1780.0,1774.5,1778.0,1772.0,1771.5,1761.0,1756.5,-47.75280898876355,-55.86592178770999
54110,2025-10-28,OOS,1754.0,1760.5,1764.0,1756.0,1766.5,1765.5,1761.0,1755.0,28.401022436808088,37.05815279361424
55950,2024-11-06,IS,1581.0,1596.0,1597.0,1600.0,1590.0,1590.0,1615.0,1562.0,-37.59398496240629,94.87666034155629
55950,2024-11-13,IS,1559.0,1568.0,1535.0,1528.0,1530.0,1557.0,1547.0,1534.0,-70.15306122448939,57.729313662604476
55950,2024-11-15,IS,1505.0,1482.0,1473.0,1474.0,1460.0,1479.0,1466.0,1461.0,-20.24291497975672,-152.82392026578106
55950,2024-11-22,IS,1529.0,1549.0,1526.0,1548.0,1539.0,1528.0,1522.0,1505.0,-135.5713363460298,130.80444735120932
55950,2025-02-20,IS,925.0,915.0,928.0,931.0,923.0,921.0,946.0,928.0,65.57377049180246,-108.10810810810811
55950,2025-03-07,IS,951.0,954.0,931.0,934.0,924.0,934.0,933.0,938.0,-209.64360587002128,31.54574132492094
55950,2025-03-13,IS,945.0,949.0,938.0,944.0,959.0,951.0,948.0,961.0,21.074815595363283,42.328042328041434
55950,2025-03-25,IS,936.0,930.0,917.0,922.0,919.0,921.0,913.0,913.0,-96.77419354838679,-64.10256410256387
55950,2025-03-31,IS,911.0,913.0,911.0,899.0,897.0,887.0,900.0,879.0,-284.775465498357,21.95389681668436
55950,2025-05-07,IS,1512.0,1521.0,1539.0,1517.0,1513.0,1506.0,1501.0,1528.0,-98.61932938856066,59.52380952380931
55950,2025-06-24,IS,2341.0,2368.0,2385.0,2316.0,2328.0,2336.0,2345.0,2316.0,-135.13513513513487,115.33532678342561
55950,2025-10-22,OOS,1920.0,1902.0,1928.0,1936.0,1914.0,1913.0,1912.0,1896.0,57.83385909568839,-93.75000000000023
55950,2025-11-17,OOS,1786.0,1768.0,1808.0,1815.0,1800.0,1794.0,1789.0,1683.0,147.05882352941126,-100.7838745800671
56310,2024-11-05,IS,5103.0,5133.0,5205.0,5214.0,5242.0,5282.0,5399.0,5483.0,290.27858951879983,58.78894767783693
56310,2025-01-28,IS,5157.0,5250.0,5263.0,5232.0,5285.0,5192.0,5279.0,5356.0,-110.47619047619084,180.33740546829603
56310,2025-02-14,IS,5535.0,5500.0,5507.0,5557.0,5491.0,5553.0,5603.0,5485.0,96.36363636363666,-63.23396567298967
56310,2025-05-28,IS,6802.0,6850.0,6768.0,6788.0,6773.0,6778.0,6831.0,6889.0,-105.10948905109507,70.5674801528966
56310,2025-08-19,OOS,9319.0,9200.0,9120.0,9086.0,9060.0,9044.0,8922.0,9029.0,-169.56521739130426,-127.69610473226778
56310,2025-10-10,OOS,9616.0,9466.0,9561.0,9474.0,9525.0,9525.0,9555.0,9245.0,62.32833298119633,-155.99001663893497
56310,2025-11-05,OOS,9082.0,9140.0,9238.0,9129.0,9103.0,9076.0,9050.0,9200.0,-70.02188183807489,63.86258533362721
56310,2025-12-01,OOS,8910.0,8895.0,8828.0,8799.0,8743.0,8668.0,8712.0,8554.0,-255.19955030916196,-16.835016835017313
56310,2026-01-22,OOS,9310.0,9290.0,9251.0,9235.0,9288.0,9348.0,9229.0,9005.0,62.43272335844985,-21.482277121375184
56310,2026-02-13,OOS,9338.0,9488.0,9455.0,9388.0,9359.0,9393.0,9315.0,9356.0,-100.1264755480602,160.63396872992186
56310,2026-03-12,OOS,9844.0,9744.0,9970.0,10125.0,10120.0,10020.0,10015.0,10040.0,283.25123152709295,-101.58472165786247
56310,2026-03-13,OOS,10040.0,10000.0,9927.0,9931.0,9930.0,9971.0,9670.0,9877.0,-29.000000000000135,-39.84063745019917
56310,2026-04-17,OOS,9061.0,9080.0,9280.0,9239.0,9235.0,9278.0,9223.0,9129.0,218.06167400881148,20.968987970422237
56310,2026-05-14,OOS,8076.0,8100.0,8197.0,8101.0,8059.0,7922.0,7963.0,7863.0,-219.75308641975278,29.717682020802272
57060,2024-11-29,IS,4675.0,4696.0,4736.0,4735.0,4727.0,4731.0,4789.0,4811.0,74.53151618398657,44.9197860962558
57060,2025-01-15,IS,4512.0,4547.0,4606.0,4563.0,4582.0,4545.0,4551.0,4587.0,-4.398504508467127,77.5709219858145
57060,2025-01-16,IS,4587.0,4550.0,4597.0,4563.0,4555.0,,4566.0,4629.0,,-80.66274253324623
57060,2025-04-21,IS,3655.0,3651.0,3679.0,3688.0,3685.0,3699.0,3720.0,3723.0,131.47082990961457,-10.943912448700965
57060,2025-05-21,IS,4615.0,4595.0,4668.0,4708.0,4673.0,4657.0,4663.0,4658.0,134.92927094668207,-43.33694474539573
57060,2025-07-08,IS,5118.0,5196.0,5147.0,5131.0,5171.0,5174.0,5188.0,5168.0,-42.34026173979943,152.40328253223856
57060,2025-08-27,OOS,10120.0,10045.0,10195.0,10270.0,10255.0,10270.0,10300.0,10400.0,223.99203583872486,-74.11067193675902
57060,2025-09-12,OOS,10325.0,10490.0,10405.0,10365.0,10295.0,10240.0,10575.0,10705.0,-238.32221163012423,159.80629539951607
57060,2025-10-10,OOS,13660.0,13665.0,14135.0,14180.0,14235.0,14130.0,13795.0,13195.0,340.28540065861756,3.6603221083453263
57060,2025-11-18,OOS,19425.0,19115.0,18925.0,18585.0,18955.0,19800.0,19720.0,19400.0,358.35731101229396,-159.58815958815987
57060,2025-12-03,OOS,17775.0,17650.0,17760.0,17645.0,17490.0,17610.0,17700.0,17525.0,-22.66288951841333,-70.32348804500654
57060,2026-01-22,OOS,21685.0,21800.0,22105.0,21875.0,21820.0,21930.0,21895.0,21815.0,59.6330275229362,53.03204980401155
57060,2026-01-30,OOS,20370.0,19985.0,19810.0,20115.0,20670.0,21005.0,20650.0,19795.0,510.3827870903177,-189.00343642611728
57060,2026-02-17,OOS,27460.0,27180.0,27535.0,28435.0,28915.0,28760.0,28700.0,28515.0,581.3097866077999,-101.96649672250535
57060,2026-03-25,OOS,31630.0,31980.0,32140.0,32060.0,31660.0,31930.0,31280.0,30890.0,-15.634771732332409,110.65444198545605
57130,2024-11-14,IS,3704.0,3755.0,3744.0,3762.0,3760.0,3756.0,3719.0,3707.0,2.6631158455403536,137.68898488121016
57130,2024-11-29,IS,3696.0,3687.0,3698.0,3708.0,3695.0,3682.0,3685.0,3707.0,-13.561160835366959,-24.35064935064957
57130,2025-04-30,IS,3181.0,3131.0,3137.0,3135.0,3144.0,3137.0,3155.0,3131.0,19.163206643244557,-157.1832756994651
57130,2025-05-30,IS,3319.0,3283.0,3266.0,3262.0,3248.0,3244.0,3234.0,3271.0,-118.79378617118519,-108.4664055438389
57130,2026-02-16,OOS,9667.0,9727.0,9834.0,9769.0,9551.0,9479.0,9398.0,9320.0,-254.96041945101246,62.066825281887894
57130,2026-04-03,OOS,9440.0,9439.0,9559.0,9531.0,9504.0,9607.0,9530.0,9476.0,177.98495603347897,-1.0593220338983578
57130,2026-04-17,OOS,10150.0,10170.0,10075.0,10050.0,10140.0,10185.0,10130.0,10070.0,14.74926253687281,19.704433497536034
58010,2024-11-29,IS,6155.0,6133.0,6178.0,6165.0,6183.0,6185.0,6221.0,6418.0,84.7872166965602,-35.743298131600824
58010,2025-02-13,IS,7340.0,7370.0,7388.0,7422.0,7448.0,7382.0,7223.0,7189.0,16.282225237449488,40.87193460490468
58010,2025-09-17,OOS,8695.0,8760.0,8658.0,8721.0,8674.0,8657.0,8697.0,8826.0,-117.57990867579893,74.75560667050019
58010,2025-11-07,OOS,10300.0,10495.0,10490.0,10530.0,10640.0,10625.0,10525.0,9456.0,123.86850881372035,189.32038834951425
58010,2025-12-10,OOS,9957.0,9930.0,9976.0,9989.0,9932.0,9993.0,9900.0,9583.0,63.44410876133022,-27.11660138595917
58010,2025-12-11,OOS,9583.0,9700.0,9729.0,9700.0,9716.0,9743.0,9822.0,9815.0,44.3298969072159,122.09120317228317
58010,2025-12-16,OOS,9050.0,9143.0,9048.0,9084.0,8975.0,9082.0,9213.0,9203.0,-66.7177075358194,102.76243093922722
58010,2026-03-25,OOS,31240.0,31740.0,32430.0,32890.0,32760.0,33960.0,33480.0,32210.0,699.4328922495274,160.05121638924535
58010,2026-04-16,OOS,45720.0,45910.0,44990.0,45400.0,45860.0,46000.0,45540.0,44960.0,19.603572206490227,41.55730533683233
58010,2026-05-13,OOS,58130.0,57620.0,56650.0,57220.0,58010.0,59370.0,59100.0,57220.0,303.71398819854176,-87.73438843970416
58020,2025-01-29,IS,2765.5,2755.0,2742.0,2764.5,2784.0,2766.5,2796.0,2827.5,41.7422867513606,-37.96781775447511
58020,2025-02-04,IS,3009.0,3030.0,3015.0,3068.0,3080.0,3063.0,2980.0,2975.5,108.91089108910901,69.7906281156535
58020,2025-03-19,IS,2715.5,2743.0,2782.5,2820.5,2815.5,2796.5,2800.5,2781.5,195.0419248997437,101.27048425704332
58020,2025-03-21,IS,2781.5,2830.0,2806.5,2805.5,2782.5,2790.5,2781.0,2791.5,-139.5759717314493,174.3663490922165
58020,2025-06-20,IS,2862.0,2850.0,2820.5,2809.5,2792.5,2806.0,2798.5,2818.0,-154.3859649122803,-41.92872117400381
58020,2025-09-17,OOS,4140.0,4150.0,4129.0,4140.0,4135.0,4144.0,4196.0,4210.0,-14.457831325300763,24.154589371980784
58020,2025-11-07,OOS,5855.0,5825.0,5806.0,5896.0,5924.0,5929.0,6014.0,6030.0,178.5407725321897,-51.23825789923097
58020,2025-11-11,OOS,5860.0,5860.0,5807.0,5781.0,5858.0,5927.0,5898.0,5955.0,114.3344709897609,0.0
58020,2025-11-18,OOS,5941.0,5980.0,5931.0,5819.0,5934.0,6085.0,6074.0,5942.0,175.5852842809369,65.64551422319376
58020,2026-01-05,OOS,6710.0,6643.0,6588.0,6543.0,6491.0,6457.0,6433.0,6527.0,-279.9939786241157,-99.8509687034277
58020,2026-02-25,OOS,10715.0,10790.0,10630.0,10510.0,10430.0,10215.0,10370.0,10240.0,-532.900834105653,69.99533364442368
58020,2026-03-13,OOS,10390.0,10345.0,10225.0,10270.0,10230.0,10355.0,9929.0,10150.0,9.666505558241223,-43.310875842156314
58020,2026-03-16,OOS,10150.0,10225.0,10075.0,9995.0,9907.0,9775.0,9760.0,9525.0,-440.0977995110023,73.8916256157629
58020,2026-04-17,OOS,9976.0,10130.0,10145.0,10185.0,10235.0,10110.0,10090.0,9976.0,-19.743336623889718,154.3704891740183
58020,2026-04-24,OOS,10015.0,9962.0,10145.0,9983.0,10030.0,10125.0,10110.0,10060.0,163.62176269825392,-52.92061907139267
58020,2026-05-20,OOS,10525.0,10825.0,10635.0,10475.0,10550.0,10535.0,10550.0,10730.0,-267.898383371824,285.03562945368265
58030,2025-10-10,OOS,16560.0,16390.0,16480.0,16500.0,16650.0,16325.0,16295.0,15745.0,-39.658328248932676,-102.65700483091832
58030,2025-10-29,OOS,20110.0,20250.0,20720.0,20765.0,20925.0,20470.0,20515.0,20805.0,108.64197530864095,69.61710591745441
58030,2025-11-07,OOS,20415.0,20890.0,20505.0,21135.0,20640.0,20850.0,20740.0,20510.0,-19.147917663954182,232.67205486162234
58030,2025-11-12,OOS,20075.0,19990.0,20255.0,20550.0,20410.0,20585.0,20890.0,20705.0,297.64882441220664,-42.341220423411926
58030,2026-02-13,OOS,21795.0,21885.0,22115.0,21955.0,21900.0,21730.0,21655.0,21445.0,-70.82476582133901,41.29387474191226
58030,2026-03-13,OOS,26520.0,26700.0,26240.0,26015.0,25745.0,26070.0,24755.0,25630.0,-235.9550561797752,67.87330316742057
58030,2026-04-17,OOS,5762.0,5692.0,5757.0,5792.0,5855.0,5807.0,5798.0,5529.0,202.037947997189,-121.48559527941694
58030,2026-05-18,OOS,5653.0,5600.0,5558.0,5486.0,5544.0,5479.0,5328.0,4695.0,-216.07142857142824,-93.75552803820963
58380,2024-11-29,IS,4281.0,4310.0,4285.0,4284.0,4291.0,4352.0,4398.0,4466.0,97.44779582366635,67.74118196682943
58380,2026-01-16,OOS,7042.0,7120.0,7230.0,7217.0,7183.0,7266.0,7323.0,7315.0,205.05617977528036,110.76398750355042
58380,2026-01-21,OOS,7141.0,7185.0,7209.0,7161.0,7170.0,7200.0,7151.0,6936.0,20.876826722338038,61.6160201652427
58380,2026-01-22,OOS,6936.0,7026.0,6988.0,7050.0,7084.0,7174.0,7170.0,7133.0,210.6461713635066,129.75778546712834
58380,2026-02-12,OOS,8922.0,8847.0,8806.0,8874.0,8870.0,8786.0,8654.0,8518.0,-68.9499265287663,-84.0618695359785
58380,2026-04-17,OOS,6552.0,6513.0,6567.0,6548.0,6540.0,6534.0,6539.0,6549.0,32.24320589590101,-59.52380952380931
58380,2026-05-13,OOS,6156.0,6097.0,6152.0,6118.0,6135.0,6125.0,6093.0,6039.0,45.92422502870175,-95.84145549057843
60980,2024-11-22,IS,9824.0,9974.0,10020.0,9953.0,9996.0,10035.0,10115.0,10255.0,61.159013434930465,152.6872964169379
60980,2025-01-29,IS,11025.0,10980.0,10965.0,11005.0,11010.0,10985.0,11045.0,10955.0,4.5537340619317135,-40.816326530612734
60980,2025-04-14,IS,7248.0,7366.0,7314.0,7392.0,7437.0,7460.0,7507.0,7595.0,127.6133586749939,162.8035320088306
60980,2025-04-15,IS,7595.0,7595.0,7611.0,7627.0,7673.0,7678.0,7560.0,7569.0,109.28242264647724,0.0
60980,2025-04-17,IS,7691.0,7566.0,7461.0,7457.0,7493.0,7462.0,7458.0,7416.0,-137.45704467353903,-162.52762969704904
60980,2025-06-11,IS,8530.0,8530.0,8518.0,8496.0,8367.0,8297.0,8276.0,8226.0,-273.1535756154746,0.0
60980,2025-07-08,IS,8427.0,8413.0,8319.0,8331.0,8352.0,8327.0,8409.0,8338.0,-102.22275050517094,-16.61326688026543
60980,2025-07-11,IS,8218.0,8140.0,8175.0,8204.0,8144.0,8112.0,8148.0,8157.0,-34.39803439803435,-94.91360428328099
60980,2025-11-13,OOS,8219.0,8102.0,8097.0,8096.0,8106.0,8120.0,8148.0,8103.0,22.216736608244858,-142.35308431682637
60980,2025-12-12,OOS,8312.0,8301.0,8363.0,8385.0,8396.0,8443.0,8512.0,8620.0,171.06372726177543,-13.233878729547177
60980,2025-12-19,OOS,8849.0,8950.0,8873.0,8871.0,8880.0,8971.0,8981.0,8949.0,23.463687150837576,114.13719064301108
60980,2026-01-06,OOS,9000.0,9009.0,9049.0,9088.0,9122.0,9240.0,9299.0,9310.0,256.4102564102555,9.999999999998899
60980,2026-01-30,OOS,8100.0,8200.0,8163.0,8241.0,8321.0,8298.0,8276.0,8258.0,119.51219512195132,123.45679012345734
60980,2026-04-17,OOS,7524.0,7524.0,7506.0,7577.0,7554.0,7586.0,7609.0,7625.0,82.40297713981937,0.0
60980,2026-05-20,OOS,9653.0,9648.0,9580.0,9702.0,9694.0,9701.0,9590.0,9564.0,54.93366500829211,-5.179736869367346
61460,2024-11-15,IS,42580.0,41880.0,41720.0,42300.0,42720.0,42570.0,42340.0,42420.0,164.75644699140312,-164.39643024894312
61460,2025-03-05,IS,34180.0,34620.0,34510.0,34020.0,34120.0,33290.0,33440.0,33090.0,-384.1709994222997,128.7302516091282
61460,2025-05-30,IS,32870.0,32280.0,32220.0,32230.0,32030.0,32250.0,32370.0,31930.0,-9.293680297397522,-179.4949802251289
61780,2024-11-06,IS,1437.5,1456.5,1478.0,1481.5,1481.5,1478.0,1481.5,1505.0,147.61414349467873,132.17391304347848
61780,2025-05-07,IS,1375.0,1361.0,1359.0,1357.0,1356.5,1356.0,1360.0,1357.0,-36.737692872887976,-101.81818181818181
61780,2025-06-20,IS,1322.0,1315.5,1317.0,1315.5,1311.0,1315.0,1316.0,1332.0,-3.800836183960321,-49.16792738275389
61780,2025-11-21,OOS,1450.0,1470.0,1463.0,1455.0,1460.0,1466.0,1468.0,1477.0,-27.210884353741083,137.9310344827589
61780,2025-12-19,OOS,1606.0,1631.5,1631.5,1628.5,1626.5,1627.0,1630.0,1630.0,-27.581979773214638,158.7795765877953
61780,2026-02-16,OOS,1990.5,1990.0,1976.5,1988.0,1992.0,1977.5,1971.0,1974.0,-62.81407035175879,-2.5119316754584897
61780,2026-04-06,OOS,1849.5,1849.0,1857.5,1872.5,1865.0,1849.0,1848.0,1858.0,0.0,-2.703433360368157
62010,2024-11-22,IS,11515.0,11640.0,11645.0,11670.0,11695.0,11695.0,11660.0,11595.0,47.25085910652904,108.55405992184153
62010,2024-11-25,IS,11595.0,11560.0,11485.0,11475.0,11440.0,11330.0,11310.0,11440.0,-198.96193771626324,-30.185424752048327
62010,2025-12-16,OOS,17695.0,17660.0,17675.0,17710.0,17625.0,17615.0,17670.0,17700.0,-25.48131370328388,-19.779598756710648
62690,2024-11-08,IS,3530.0,3530.0,3530.0,3545.0,3530.0,3535.0,3555.0,3540.0,14.164305949009304,0.0
62690,2024-11-27,IS,3195.0,3215.0,3235.0,,3235.0,,3235.0,3225.0,,62.59780907668322
62690,2025-01-28,IS,3160.0,3145.0,3160.0,3155.0,3165.0,3160.0,3175.0,3165.0,47.69475357710551,-47.46835443038
62690,2025-02-03,IS,3160.0,3230.0,3230.0,3220.0,3220.0,,3185.0,3135.0,,221.51898734177112
62690,2025-04-14,IS,3630.0,3650.0,3635.0,3645.0,3650.0,3640.0,3545.0,3575.0,-27.397260273972492,55.09641873278292
62690,2025-05-15,IS,4875.0,4810.0,4810.0,4770.0,4775.0,4810.0,4855.0,4890.0,0.0,-133.3333333333331
62690,2025-09-05,OOS,7760.0,7840.0,7830.0,7780.0,7790.0,,7880.0,7880.0,,103.09278350515427
62690,2025-09-08,OOS,7880.0,7950.0,7970.0,7850.0,7910.0,7910.0,7800.0,7600.0,-50.31446540880502,88.83248730964466
62690,2025-10-10,OOS,7840.0,7910.0,8080.0,8050.0,8100.0,8080.0,7890.0,7700.0,214.91782553729522,89.28571428571396
62690,2025-11-04,OOS,10010.0,9722.0,9818.0,9736.0,9732.0,9590.0,9339.0,10125.0,-135.77453198930223,-287.7122877122873
62690,2025-12-03,OOS,13960.0,13830.0,14130.0,14040.0,13930.0,14115.0,14175.0,13845.0,206.07375271149752,-93.1232091690548
62690,2025-12-17,OOS,11815.0,11675.0,11765.0,11720.0,11630.0,11645.0,11480.0,11480.0,-25.695931477516254,-118.49344054168375
62690,2026-02-24,OOS,13755.0,13750.0,13620.0,13630.0,13530.0,13295.0,13160.0,13000.0,-330.9090909090906,-3.6350418029806875
62690,2026-03-31,OOS,14670.0,14970.0,14965.0,15005.0,15135.0,15050.0,15095.0,15410.0,53.44021376085584,204.49897750511204
62690,2026-04-13,OOS,14250.0,14400.0,14530.0,14850.0,14810.0,14780.0,14915.0,14690.0,263.88888888888795,105.26315789473716
62730,2024-11-14,IS,66000.0,65310.0,65990.0,66450.0,66870.0,66860.0,67700.0,66780.0,237.3296585515239,-104.54545454545494
62730,2024-11-27,IS,65030.0,65790.0,65070.0,65530.0,64860.0,,65630.0,65300.0,,116.86913732123605
62730,2025-11-07,OOS,53390.0,54350.0,54050.0,54290.0,54450.0,54570.0,54440.0,54090.0,40.47838086476574,179.80895298745025
62730,2025-11-10,OOS,54090.0,54200.0,54130.0,53960.0,53900.0,53420.0,53310.0,52360.0,-143.9114391143914,20.33647624329893
62730,2025-12-15,OOS,54590.0,54750.0,53880.0,53580.0,53750.0,53950.0,53670.0,53360.0,-146.118721461187,29.309397325516517
62730,2026-01-21,OOS,63500.0,63700.0,63220.0,63290.0,63340.0,62740.0,62170.0,61900.0,-150.70643642072224,31.496062992126816
62730,2026-01-29,OOS,60130.0,59820.0,60170.0,60530.0,60210.0,60040.0,59000.0,60150.0,36.7769976596466,-51.55496424413819
62730,2026-01-30,OOS,60150.0,61120.0,60620.0,60890.0,60970.0,,60280.0,59900.0,,161.2635078969249
62730,2026-04-06,OOS,62120.0,62930.0,62780.0,62430.0,62290.0,61760.0,61280.0,62130.0,-185.92086445256672,130.39278815196286
62730,2026-04-27,OOS,75480.0,76980.0,77080.0,77070.0,77810.0,77710.0,77170.0,77000.0,94.82982592881272,198.72813990461145
63010,2025-09-26,OOS,5311.0,5200.0,5114.0,5113.0,5116.0,5105.0,5059.0,5072.0,-182.69230769230816,-209.00018828845845
63010,2026-02-20,OOS,7541.0,7598.0,7616.0,7543.0,7518.0,7515.0,7508.0,7517.0,-109.23927349302475,75.58679220262654
63010,2026-02-25,OOS,7625.0,7750.0,7674.0,7720.0,7654.0,7564.0,7571.0,7531.0,-240.00000000000023,163.93442622950838
63010,2026-02-27,OOS,7533.0,7415.0,7443.0,7424.0,7377.0,7453.0,7469.0,7591.0,51.247471341875354,-156.6440992964291
63010,2026-04-06,OOS,6372.0,6447.0,6440.0,6447.0,6440.0,6390.0,6397.0,6407.0,-88.4132154490458,117.70244821092346
63010,2026-04-16,OOS,6812.0,6796.0,6790.0,6793.0,6749.0,6733.0,6747.0,6700.0,-92.70158917009996,-23.487962419259656
63010,2026-05-07,OOS,6575.0,6530.0,6557.0,6506.0,6475.0,6459.0,6471.0,6566.0,-108.72894333843752,-68.44106463878342
63010,2026-05-11,OOS,6615.0,6689.0,6693.0,6695.0,6686.0,6713.0,6685.0,6645.0,35.87980266108515,111.86696900982618
63010,2026-05-12,OOS,6645.0,6560.0,6615.0,6594.0,6572.0,6560.0,6591.0,6638.0,0.0,-127.91572610985736
63150,2024-11-15,IS,1680.0,1640.0,1658.0,1680.0,1701.0,1691.0,1682.0,1661.0,310.97560975609673,-238.09523809523836
63150,2024-12-20,IS,1411.0,1428.0,1429.0,1409.0,1412.0,1421.0,1445.0,1465.0,-49.01960784313708,120.48192771084265
63150,2025-01-14,IS,1750.0,1760.0,1729.0,1739.0,1710.0,1707.0,1705.0,1677.0,-301.13636363636397,57.14285714285783
63150,2025-03-28,IS,1575.0,1542.0,1515.0,1503.0,1513.0,1507.0,1506.0,1486.0,-226.97795071335958,-209.52380952380943
63150,2025-04-15,IS,1378.0,1361.0,1345.0,1349.0,1345.0,1341.0,1327.0,1279.0,-146.95077149155077,-123.36719883889735
63150,2025-05-30,IS,1543.0,1511.0,1496.0,1496.0,1497.0,1505.0,1497.0,1481.0,-39.7088021178027,-207.38820479585195
63150,2025-11-12,OOS,2499.0,2478.0,2458.0,2448.0,2423.0,2431.0,2508.0,2547.0,-189.66908797417247,-84.03361344537785
63150,2026-01-23,OOS,3000.0,2990.0,3035.0,3050.0,3065.0,3030.0,3005.0,3000.0,133.77926421404675,-33.333333333332995
63150,2026-02-20,OOS,2909.0,2870.0,2908.0,2889.0,2844.0,2818.0,2834.0,2830.0,-181.18466898954688,-134.06668958404921
63150,2026-03-11,OOS,2692.0,2650.0,2658.0,2646.0,2662.0,2662.0,2610.0,2615.0,45.283018867925406,-156.01783060921193
63150,2026-04-17,OOS,2635.0,2635.0,2645.0,2620.0,2633.0,2656.0,2634.0,2620.0,79.69639468690781,0.0
63260,2025-02-14,IS,1881.5,1889.0,1884.0,1911.0,1923.0,1936.5,1920.5,1909.0,251.45579671784103,39.861812383736876
63260,2025-02-17,IS,1909.0,1910.0,1905.5,1903.5,1877.5,1897.5,1889.0,1904.0,-65.44502617801041,5.238344683080598
63260,2025-08-07,OOS,1741.0,1753.0,1742.0,1757.0,1756.5,1784.5,1789.0,1800.0,179.6919566457511,68.92590465249926
63260,2025-08-26,OOS,1766.0,1760.0,1747.5,1749.0,1752.5,1749.0,1750.5,1751.0,-62.49999999999978,-33.97508493771184
63260,2025-11-06,OOS,1983.0,1967.0,1972.5,1965.0,1958.5,1957.0,1946.5,2067.5,-50.83884087442758,-80.68582955118475
63260,2025-11-12,OOS,2112.5,2110.0,2113.0,2119.0,2114.5,2101.0,2098.0,2104.5,-42.65402843601884,-11.834319526626835
63260,2025-11-17,OOS,2054.5,2032.0,2057.5,2055.0,2050.0,2045.0,2041.5,2004.5,63.976377952756906,-109.51569724993892
63260,2025-11-19,OOS,2008.0,2047.0,2061.5,2072.0,2081.0,2076.5,2070.5,2066.0,144.11333659013258,194.22310756972206
63260,2025-11-20,OOS,2066.0,2075.5,2107.5,2107.0,2107.0,2120.0,2118.0,2128.5,214.40616718862992,45.98257502420155
63260,2025-12-16,OOS,2251.0,2250.0,2247.5,2253.5,2239.5,2247.0,2255.5,2245.0,-13.333333333332975,-4.442470013327204
63260,2026-03-09,OOS,2670.0,2720.0,2705.0,2712.0,2727.0,2744.5,2755.0,2754.0,90.07352941176494,187.26591760299672
63260,2026-04-03,OOS,2520.0,2550.0,2532.5,2526.0,2517.0,2529.0,2532.5,2509.5,-82.35294117647007,119.04761904761862
63300,2024-11-05,IS,737.0,746.0,744.0,745.0,,744.0,,752.0,-26.80965147453085,122.11668928086894
63300,2024-11-14,IS,670.0,680.0,684.0,685.0,682.0,679.0,675.0,692.0,-14.705882352941124,149.25373134328402
63300,2025-01-14,IS,698.0,700.0,705.0,705.0,,699.0,,698.0,-14.285714285714457,28.65329512893977
63300,2025-06-20,IS,713.0,716.0,727.0,728.0,735.0,740.0,739.0,734.0,335.19553072625774,42.07573632538653
63300,2025-07-02,IS,928.0,932.0,927.0,942.0,945.0,954.0,981.0,968.0,236.05150214592197,43.10344827586299
63300,2025-09-11,OOS,1599.0,1618.0,1607.0,1584.0,1598.0,1593.0,1587.0,1576.0,-154.5117428924603,118.82426516572897
63300,2025-10-01,OOS,1458.0,1478.0,1473.0,1496.0,1484.0,1456.0,1471.0,1466.0,-148.84979702300404,137.17421124828545
63300,2025-11-17,OOS,2690.0,2672.0,2668.0,2738.0,2701.0,2669.0,2618.0,2505.0,-11.227544910179521,-66.91449814126393
63300,2025-11-26,OOS,2747.0,2789.0,2760.0,2758.0,2763.0,2764.0,2787.0,2757.0,-89.63786303334498,152.89406625409453
63300,2025-12-05,OOS,2490.0,2531.0,2497.0,2504.0,2541.0,2538.0,2520.0,2516.0,27.657052548399896,164.65863453815288
63300,2025-12-11,OOS,2370.0,2420.0,2394.0,2374.0,2340.0,2327.0,2341.0,2360.0,-384.2975206611565,210.97046413502073
63300,2026-02-06,OOS,6850.0,6850.0,6500.0,6450.0,6400.0,6290.0,6260.0,6220.0,-817.518248175182,0.0
63300,2026-02-20,OOS,3060.0,3030.0,2933.0,2872.0,2842.0,2765.0,2785.0,2921.0,-874.5874587458746,-98.03921568627416
63300,2026-03-25,OOS,2704.0,2737.0,2795.0,2792.0,2758.0,2792.0,2705.0,2650.0,200.94994519546992,122.04142011834395
63300,2026-04-01,OOS,2702.0,2730.0,2750.0,2702.0,2673.0,2669.0,2561.0,2570.0,-223.44322344322376,103.62694300518172
63300,2026-04-13,OOS,2336.0,2331.0,2178.0,2215.0,2339.0,2340.0,2354.0,2319.0,38.61003861003853,-21.404109589041596
63300,2026-04-15,OOS,2356.0,2350.0,2374.0,2426.0,2410.0,2416.0,2405.0,2493.0,280.85106382978785,-25.46689303904892
63300,2026-05-13,OOS,2133.0,2160.0,2114.0,2113.0,2089.0,2139.0,2125.0,2151.0,-97.22222222222187,126.58227848101333
63300,2026-05-14,OOS,2151.0,2148.0,2150.0,2170.0,2163.0,2156.0,2068.0,2099.0,37.24394785847407,-13.94700139469962
63300,2026-05-18,OOS,2077.0,2100.0,2087.0,2087.0,2134.0,2125.0,2102.0,2113.0,119.04761904761862,110.73663938372613
63300,2026-05-19,OOS,2113.0,2082.0,2026.0,1980.0,2015.0,1992.0,1979.0,2025.0,-432.2766570605185,-146.71083767155756
63300,2026-05-21,OOS,2016.0,2010.0,2035.0,2031.0,2112.0,2152.0,2163.0,2175.0,706.4676616915433,-29.761904761904656
63300,2026-05-26,OOS,2190.0,2169.0,2188.0,2146.0,2132.0,2096.0,2100.0,2098.0,-336.5606270170585,-95.89041095890427
63610,2024-11-15,IS,2327.0,2288.0,2253.5,2244.0,2218.5,2215.0,2204.5,2208.0,-319.0559440559437,-167.59776536312887
63610,2024-11-21,IS,2284.5,2316.0,2329.5,2325.0,2322.5,2315.5,2329.0,2293.0,-2.158894645941656,137.88575180564644
63610,2025-01-16,IS,2688.5,2707.0,2719.0,2694.0,2717.5,2727.5,2715.0,2749.0,75.7295899519761,68.81160498419136
63610,2025-02-17,IS,2639.5,2664.0,2675.5,2708.5,2716.0,2742.0,2709.0,2702.0,292.79279279279314,92.82060996400831
63610,2025-07-02,IS,2752.0,2748.0,2715.5,2735.0,2727.5,2729.5,2725.5,2738.0,-67.32168850072773,-14.534883720930258
63610,2025-07-30,IS,2793.0,2796.0,2823.5,2811.5,2819.0,2804.5,2822.5,2800.0,30.400572246065405,10.741138560688146
63610,2025-07-31,IS,2800.0,2800.0,2775.5,2770.0,2775.5,2784.0,2821.0,2760.0,-57.14285714285672,0.0
63610,2025-08-21,OOS,3129.0,3091.0,3119.0,3091.0,3094.0,3103.0,3141.0,3160.0,38.82238757683565,-121.44455097475193
63610,2025-08-29,OOS,3088.0,3045.0,3050.0,3047.0,3053.0,3040.0,2995.5,3027.0,-16.420361247947433,-139.24870466321292
63610,2025-10-09,OOS,4021.0,3989.0,4008.0,4030.0,4032.0,4039.0,4083.0,4059.0,125.34469791927849,-79.5821934842078
63610,2025-11-10,OOS,4491.0,4547.0,4554.0,4545.0,4528.0,4474.0,4448.0,4426.0,-160.54541455905013,124.69383210866214
63610,2025-12-03,OOS,4018.0,4017.0,3957.0,3912.0,3899.0,3899.0,3932.0,3892.0,-293.75155588747816,-2.488800398208202
63610,2025-12-15,OOS,3774.0,3770.0,3765.0,3727.0,3779.0,3786.0,3741.0,3704.0,42.440318302388036,-10.598834128245915
63610,2025-12-16,OOS,3704.0,3709.0,3683.0,3706.0,3688.0,3712.0,3713.0,3672.0,8.088433540038853,13.498920086392197
63610,2026-02-17,OOS,5542.0,5626.0,5614.0,5604.0,5649.0,5650.0,5719.0,5666.0,42.65908282971908,151.56983038614237
63610,2026-04-06,OOS,4527.0,4561.0,4582.0,4607.0,4642.0,4628.0,4542.0,4566.0,146.8976101732067,75.10492599955842
63610,2026-05-11,OOS,5902.0,5945.0,6024.0,5980.0,5972.0,5976.0,5910.0,5841.0,52.144659377628685,72.85665875974345
63670,2025-11-25,OOS,19730.0,20025.0,19870.0,19910.0,19950.0,20010.0,20175.0,20095.0,-7.490636704119424,149.51849974657927
63670,2025-12-15,OOS,19525.0,19525.0,19420.0,19390.0,19505.0,19575.0,19535.0,19695.0,25.6081946222797,0.0
63670,2026-02-20,OOS,19730.0,19560.0,19530.0,19865.0,19765.0,19950.0,20320.0,20465.0,199.38650306748463,-86.1632032437909
63670,2026-04-06,OOS,19485.0,19610.0,19705.0,19700.0,19670.0,19550.0,19480.0,19715.0,-30.59663437021909,64.15191172696844
63670,2026-04-17,OOS,21315.0,21660.0,21790.0,21730.0,21655.0,21705.0,22170.0,22240.0,20.775623268698418,161.85784658691028
63670,2026-04-21,OOS,21630.0,21500.0,21510.0,21530.0,21480.0,21510.0,21510.0,21235.0,4.65116279069866,-60.10171058714708
63670,2026-05-18,OOS,24020.0,24350.0,24225.0,24100.0,23995.0,23795.0,23720.0,23730.0,-227.92607802874733,137.38551207327143
63830,2025-04-21,IS,3476.0,3503.0,3520.0,3523.0,3500.0,3479.0,3516.0,3487.0,-68.51270339708782,77.67548906789435
63830,2025-08-25,OOS,4711.0,4681.0,4684.0,4674.0,4650.0,4606.0,4654.0,4640.0,-160.22217474898514,-63.68074718743344
63830,2025-11-25,OOS,4823.0,4829.0,4892.0,4905.0,4912.0,4937.0,4930.0,4898.0,223.6487885690619,12.44038979888007
63830,2025-12-15,OOS,5063.0,5063.0,5011.0,4950.0,4968.0,4989.0,4971.0,4955.0,-146.15840410823643,0.0
63830,2026-01-13,OOS,5330.0,5360.0,5389.0,5377.0,5331.0,5362.0,5399.0,5363.0,3.7313432835817117,56.285178236397115
65010,2024-11-29,IS,3751.0,3779.0,3860.0,3855.0,3860.0,3867.0,3880.0,3946.0,232.86583752315516,74.6467608637702
65010,2024-12-23,IS,3871.0,3850.0,3840.0,3834.0,3846.0,3845.0,3861.0,3860.0,-12.987012987012436,-54.249547920434125
65010,2025-01-16,IS,3688.0,3688.0,3670.0,3650.0,3638.0,3677.0,3668.0,3697.0,-29.82646420824242,0.0
65010,2025-01-28,IS,3632.0,3701.0,3697.0,3689.0,3688.0,3648.0,3683.0,3699.0,-143.20453931369937,189.97797356828272
65010,2025-08-29,OOS,4049.0,4010.0,4022.0,4032.0,4035.0,4022.0,3981.0,3982.0,29.925187032417977,-96.32007903185968
65010,2025-11-21,OOS,4710.0,4770.0,4791.0,4794.0,4787.0,4805.0,4779.0,4710.0,73.37526205450695,127.38853503184711
65010,2026-02-10,OOS,5650.0,5644.0,5714.0,5717.0,5721.0,5662.0,5553.0,5575.0,31.89227498228142,-10.6194690265482
65010,2026-02-16,OOS,5086.0,5060.0,4978.0,5001.0,4974.0,4925.0,4852.0,4897.0,-266.7984189723316,-51.120723554856085
65010,2026-02-20,OOS,4930.0,4900.0,5001.0,4908.0,4934.0,4931.0,4815.0,4813.0,63.26530612244863,-60.851926977687484
65010,2026-04-23,OOS,5203.0,5230.0,5123.0,5118.0,5177.0,5171.0,5168.0,5229.0,-112.81070745697951,51.893138573899655
65010,2026-05-07,OOS,4850.0,4844.0,4850.0,4833.0,4849.0,4893.0,4882.0,4938.0,101.15606936416111,-12.371134020618957
65010,2026-05-14,OOS,4671.0,4690.0,4775.0,4768.0,4785.0,4776.0,4772.0,4812.0,183.36886993603363,40.67651466495459
65030,2024-11-05,IS,2653.5,2655.0,2644.0,2646.5,2653.5,2677.5,2729.5,2729.5,84.74576271186419,5.652911249294235
65030,2024-11-06,IS,2729.5,2770.0,2797.5,2792.5,2770.5,2762.5,2818.0,2757.5,-27.075812274368616,148.37882396043335
65030,2024-11-08,IS,2739.5,2739.5,2742.5,2757.0,2745.5,2738.5,2737.5,2721.5,-3.650301149844548,0.0
65030,2025-07-24,IS,3347.0,3310.0,3309.0,3319.0,3311.0,3309.0,3312.0,3309.0,-3.0211480362540843,-110.54675829100691
65030,2025-10-30,OOS,4206.0,4220.0,4220.0,4286.0,4329.0,4331.0,4335.0,4317.0,263.0331753554493,33.28578221588163
65030,2025-10-31,OOS,4317.0,4387.0,4266.0,4335.0,4311.0,4398.0,4347.0,4332.0,25.07408251652521,162.14964095436545
65030,2026-02-05,OOS,5358.0,5285.0,5332.0,5302.0,5365.0,5387.0,5458.0,5479.0,192.9990539262061,-136.24486748786913
65030,2026-04-03,OOS,5306.0,5300.0,5360.0,5345.0,5339.0,5380.0,5393.0,5300.0,150.94339622641508,-11.307953260459858
65030,2026-04-17,OOS,5799.0,5883.0,5942.0,5975.0,5971.0,5999.0,6045.0,6088.0,197.1783103858571,144.85256078634157
65040,2024-11-05,IS,8197.0,8217.0,8205.0,8221.0,8277.0,8283.0,8303.0,8639.0,80.32128514056325,24.399170428206496
65040,2024-11-18,IS,8486.0,8481.0,8470.0,8421.0,8463.0,8414.0,8496.0,8498.0,-79.00011791062367,-5.892057506481363
65040,2025-03-04,IS,6483.0,6530.0,6510.0,6530.0,6510.0,6522.0,6539.0,6556.0,-12.25114854517595,72.49730063242366
65040,2025-03-24,IS,6607.0,6707.0,6766.0,6750.0,6778.0,6807.0,6764.0,6723.0,149.09795735798426,151.3546238837593
65040,2025-04-15,IS,6120.0,6138.0,6150.0,6123.0,6090.0,6072.0,6027.0,5905.0,-107.52688172043001,29.41176470588225
65040,2025-04-17,IS,5974.0,6000.0,6011.0,5988.0,6003.0,,5976.0,5942.0,,43.521928356209386
65040,2025-09-11,OOS,9865.0,9964.0,9887.0,9938.0,9990.0,9927.0,9856.0,9890.0,-37.133681252509156,100.35478966041511
65040,2025-11-04,OOS,10850.0,10580.0,10560.0,10500.0,10520.0,10480.0,10140.0,10250.0,-94.5179584120981,-248.8479262672816
65040,2025-11-05,OOS,10250.0,10525.0,10680.0,10720.0,10655.0,10680.0,10660.0,10810.0,147.26840855106894,268.2926829268295
65040,2025-11-07,OOS,10495.0,10505.0,10570.0,10620.0,10625.0,10625.0,10610.0,10570.0,114.2313184197996,9.52834683182413
65040,2025-11-28,OOS,10880.0,10895.0,10845.0,10785.0,10780.0,10515.0,10500.0,10545.0,-348.7838458008263,13.786764705883137
65040,2026-01-21,OOS,11290.0,11590.0,11440.0,11405.0,11325.0,11285.0,11380.0,11190.0,-263.1578947368418,265.7218777679371
65040,2026-01-30,OOS,10990.0,11020.0,10955.0,11105.0,11165.0,11195.0,10925.0,10710.0,158.8021778584392,27.297543221109777
65040,2026-02-18,OOS,11900.0,11900.0,11900.0,11875.0,11905.0,12040.0,12080.0,12030.0,117.647058823529,0.0
65040,2026-03-11,OOS,11265.0,11115.0,11100.0,11110.0,11175.0,11240.0,11125.0,11225.0,112.4606387764282,-133.1557922769644
65040,2026-04-02,OOS,10765.0,10770.0,10900.0,10865.0,10870.0,10815.0,10780.0,10790.0,41.7827298050133,4.644681839294229
65040,2026-04-06,OOS,10585.0,10695.0,10680.0,10740.0,10695.0,10550.0,10480.0,10465.0,-135.57737260402104,103.92064241851573
65040,2026-04-17,OOS,11960.0,12000.0,12045.0,12005.0,11840.0,11895.0,11930.0,11780.0,-87.50000000000036,33.44481605351169
65060,2025-01-16,IS,4149.0,4095.0,4118.0,4088.0,4118.0,4172.0,4207.0,4346.0,188.03418803418737,-130.15184381778732
65060,2025-02-07,IS,4179.0,4228.0,4208.0,4238.0,4223.0,4287.0,4301.0,4356.0,139.54588457899763,117.25293132328396
65060,2025-03-21,IS,4191.0,4150.0,4143.0,4119.0,4111.0,4094.0,4073.0,4039.0,-134.93975903614452,-97.82868050584592
65060,2025-05-30,IS,3412.0,3361.0,3364.0,3334.0,3330.0,3319.0,3301.0,3285.0,-124.96280868789067,-149.4724501758504
65060,2026-02-20,OOS,5198.0,5251.0,5304.0,5270.0,5281.0,5330.0,5252.0,5097.0,150.44753380308418,101.96229318968797
65060,2026-04-27,OOS,5462.0,5470.0,5426.0,5385.0,5383.0,5431.0,5468.0,5381.0,-71.29798903107832,14.646649578908821
65250,2024-12-06,IS,2287.5,2295.0,2258.5,2249.0,2228.0,2246.5,2264.0,2278.5,-211.32897603485802,32.78688524590123
65250,2024-12-20,IS,2113.5,2130.0,2091.5,2084.0,2095.0,2108.5,2114.0,2134.0,-100.93896713615047,78.069552874378
65250,2025-01-10,IS,2242.0,2196.5,2204.5,2197.0,2200.0,2205.5,2251.0,2254.5,40.97427725927582,-202.9438001784123
65250,2025-01-16,IS,2227.5,2223.0,2263.0,2238.0,2227.0,2225.0,2208.5,2249.0,8.996851102114345,-20.202020202020332
65250,2025-01-17,IS,2249.0,2260.0,2252.0,2275.5,2283.0,2262.0,2248.0,2233.5,8.849557522123686,48.91062694530879
65250,2025-03-24,IS,2803.0,2848.0,2867.5,2832.0,2815.5,2787.0,2736.0,2730.0,-214.185393258427,160.54227613271576
65250,2025-05-02,IS,2825.5,2797.0,2805.0,2785.0,2721.0,2708.0,2667.5,2669.5,-318.19806936002834,-100.86710316758118
65250,2025-05-08,IS,2886.0,2871.5,2893.5,2882.0,2870.5,2863.0,2863.0,2871.0,-29.601253700156647,-50.242550242550756
65250,2025-05-09,IS,2871.0,2900.0,2948.0,2968.0,2981.5,2984.0,2948.5,3010.0,289.6551724137941,101.01010101010166
65250,2025-07-10,IS,3257.0,3291.0,3241.0,3275.0,3229.0,3266.0,3241.0,3204.0,-75.96475235490784,104.39054344488774
65250,2025-09-26,OOS,4275.0,4293.0,4356.0,4389.0,4332.0,4352.0,4345.0,4206.0,137.43303051479083,42.10526315789443
65250,2025-11-10,OOS,5919.0,5905.0,5874.0,5864.0,5929.0,6066.0,5903.0,5442.0,272.6502963590183,-23.652644027707392
65250,2025-11-28,OOS,4296.0,4360.0,4358.0,4312.0,4298.0,4295.0,4341.0,4267.0,-149.08256880733938,148.97579143389183
65250,2025-12-05,OOS,4592.0,4650.0,4591.0,4604.0,4595.0,4577.0,4580.0,4600.0,-156.9892473118284,126.30662020906014
65250,2026-01-15,OOS,6250.0,6350.0,6182.0,6173.0,6126.0,6078.0,6069.0,6188.0,-428.3464566929129,160.00000000000014
65250,2026-04-16,OOS,7237.0,7093.0,7026.0,7006.0,7083.0,6992.0,6822.0,6717.0,-142.39390948822762,-198.97747685505007
65250,2026-04-27,OOS,6731.0,6673.0,6715.0,6601.0,6483.0,6563.0,6598.0,6512.0,-164.84339877116727,-86.16847422374119
65250,2026-05-27,OOS,7770.0,7741.0,7658.0,7534.0,7704.0,8093.0,8232.0,8124.0,454.7216121948061,-37.3230373230371
65260,2024-12-06,IS,2470.0,2489.5,2470.5,2465.0,2453.0,2482.5,2451.0,2490.0,-28.118096003213466,78.94736842105176
65260,2024-12-12,IS,2561.5,2575.0,2572.0,2596.5,2577.0,2594.0,2615.0,2606.0,73.78640776698919,52.70349404645769
65260,2025-01-14,IS,2606.0,2620.5,2572.5,2583.5,2542.0,2549.0,2563.5,2519.5,-272.8486929975193,55.64082885648469
65260,2025-09-04,OOS,2680.0,2730.0,2726.5,2719.0,2699.5,2670.0,2695.5,2603.0,-219.7802197802201,186.56716417910556
65260,2025-12-10,OOS,2317.5,2365.0,2343.0,2329.0,2305.0,2326.5,2303.0,2321.5,-162.79069767441868,204.9622437971954
65260,2026-01-28,OOS,2076.5,2081.5,2089.5,2087.0,2063.0,2055.5,2043.5,2043.0,-124.90992073024287,24.07897905128742
65260,2026-04-15,OOS,1841.5,1869.0,1874.0,1873.0,1850.5,1843.0,1875.0,1854.0,-139.11182450508264,149.33478142818313
65260,2026-04-17,OOS,1810.5,1819.0,1819.0,1821.0,1815.0,1816.0,1847.0,1842.5,-16.492578339747375,46.94835680751241
65320,2025-04-18,IS,7671.0,7681.0,7733.0,7780.0,7781.0,7799.0,7733.0,7756.0,153.62582997005657,13.036110024768899
65320,2025-06-16,IS,7545.0,7545.0,7493.0,7556.0,7592.0,7598.0,7473.0,7497.0,70.24519549370333,0.0
65320,2025-10-24,OOS,7522.0,7650.0,7722.0,7744.0,7782.0,7793.0,7759.0,7699.0,186.92810457516362,170.16750864131902
65320,2025-10-29,OOS,7103.0,7083.0,7114.0,7089.0,7098.0,7120.0,7112.0,7045.0,52.23775236481654,-28.15711671124932
65320,2025-10-31,OOS,7065.0,7003.0,7031.0,7017.0,7000.0,7008.0,6999.0,7020.0,7.139797229758216,-87.75654635527208
65320,2025-11-13,OOS,6770.0,6786.0,6796.0,6942.0,6880.0,6908.0,6899.0,6910.0,179.78190391983563,23.633677991137247
65320,2025-12-19,OOS,6686.0,6722.0,6681.0,6656.0,6675.0,6620.0,6581.0,6610.0,-151.740553406724,53.843852826802596
65320,2026-01-21,OOS,6246.0,6271.0,6261.0,6251.0,6277.0,6248.0,6139.0,6143.0,-36.67676606601833,40.02561639449232
65320,2026-01-29,OOS,5800.0,5742.0,5713.0,5729.0,5686.0,5590.0,5463.0,5441.0,-264.7161267850928,-100.00000000000009
65320,2026-03-02,OOS,4291.0,4361.0,4317.0,4296.0,4280.0,4319.0,4249.0,4259.0,-96.30818619582703,163.1321370309946
65320,2026-03-23,OOS,4506.0,4529.0,4508.0,4476.0,4466.0,4492.0,4534.0,4598.0,-81.6957385736361,51.04305370617013
65320,2026-04-03,OOS,4727.0,4722.0,4734.0,4735.0,4712.0,4710.0,4736.0,4766.0,-25.41296060991072,-10.577533319230392
65320,2026-04-16,OOS,5300.0,5338.0,5428.0,5552.0,5524.0,5601.0,5577.0,5618.0,492.69389284376075,71.69811320754782
65900,2024-11-05,IS,10530.0,10740.0,10870.0,10790.0,10820.0,10910.0,11190.0,11050.0,158.2867783985109,199.43019943019945
65900,2024-11-06,IS,11050.0,11220.0,11520.0,11260.0,11260.0,11160.0,11180.0,10710.0,-53.47593582887722,153.8461538461533
65900,2024-11-15,IS,8330.0,8210.0,8210.0,8200.0,8230.0,8170.0,8150.0,8000.0,-48.7210718635811,-144.05762304921964
65900,2025-01-16,IS,8450.0,8350.0,8510.0,8540.0,8540.0,8710.0,8520.0,8760.0,431.1377245508985,-118.34319526627168
65900,2025-01-17,IS,8760.0,8840.0,8840.0,8950.0,9130.0,9010.0,9140.0,9250.0,192.30769230769164,91.32420091324312
65900,2025-02-17,IS,9520.0,9560.0,9530.0,9610.0,9660.0,9600.0,,9310.0,41.84100418409997,42.016806722688926
65900,2025-05-14,IS,7360.0,7400.0,7320.0,7360.0,7270.0,7440.0,7420.0,7670.0,54.0540540540535,54.34782608695565
65900,2025-05-27,IS,7830.0,7920.0,7950.0,7880.0,7850.0,7870.0,7820.0,7820.0,-63.13131313131271,114.94252873563315
65900,2025-06-06,IS,7870.0,8000.0,7970.0,8020.0,7990.0,8040.0,8070.0,7970.0,49.999999999998934,165.18424396442245
65900,2025-08-05,IS,10230.0,10150.0,10090.0,9910.0,9970.0,9990.0,10080.0,10280.0,-157.63546798029603,-78.2013685239491
65900,2025-12-03,OOS,17200.0,17400.0,17600.0,17420.0,17350.0,17250.0,17330.0,17210.0,-86.20689655172376,116.27906976744207
65900,2026-04-27,OOS,4875.0,4845.0,4835.0,4785.0,4705.0,4725.0,4725.0,4640.0,-247.67801857585093,-61.53846153846176
65900,2026-05-11,OOS,4895.0,4910.0,4865.0,4830.0,4910.0,5050.0,4840.0,4885.0,285.13238289205714,30.64351378958108
65940,2024-11-05,IS,2965.0,3000.0,3031.0,3035.0,3027.0,3023.0,3024.0,2993.0,76.66666666666711,118.0438448566612
65940,2025-02-25,IS,2799.0,2819.0,2834.0,2831.0,2825.0,2806.5,2787.0,2782.5,-44.341965235898954,71.45409074669429
65940,2025-04-28,IS,2550.5,2502.5,2485.0,2484.0,2490.0,2503.5,2493.5,2533.0,3.9960039960029725,-188.19839247206426
65940,2025-05-07,IS,2621.5,2610.0,2597.0,2582.5,2580.5,2578.5,2571.0,2580.0,-120.68965517241348,-43.86801449551836
65940,2025-12-30,OOS,2132.0,2163.0,2149.0,2149.0,2124.0,2106.0,2094.0,2092.0,-263.5228848821081,145.4033771106933
65940,2026-01-14,OOS,2085.0,2120.0,2123.0,2116.0,2121.0,2110.0,2102.0,2139.0,-47.16981132075526,167.86570743405173
65940,2026-01-21,OOS,2296.0,2321.0,2279.0,2294.0,2298.0,2300.0,2310.0,2343.0,-90.47824213700983,108.88501742160273
65940,2026-03-05,OOS,2320.0,2295.0,2288.0,2313.0,2308.0,2299.0,2305.0,2307.0,17.429193899782813,-107.75862068965525
65940,2026-03-24,OOS,2171.0,2138.0,2163.0,2181.0,2186.0,2177.0,2194.0,2190.0,182.41347053320922,-152.003684937817
65940,2026-04-08,OOS,2188.0,2238.0,2238.0,2245.0,2247.0,2235.0,2238.0,2244.0,-13.404825737265424,228.51919561243105
65940,2026-04-13,OOS,2239.0,2230.0,2205.0,2188.0,2202.0,2212.0,2201.0,2217.0,-80.71748878923812,-40.19651630192023
65940,2026-04-15,OOS,2207.0,2201.0,2228.0,2235.0,2227.0,2262.0,2304.0,2306.0,277.1467514766024,-27.18622564567341
65940,2026-05-21,OOS,2630.0,2678.0,2705.0,2719.0,2765.0,2743.0,2726.0,2715.0,242.71844660194165,182.50950570342096
66450,2024-11-05,IS,6045.0,6039.0,6080.0,6059.0,6076.0,6105.0,6123.0,5928.0,109.28961748633893,-9.925558312655625
66450,2025-02-14,IS,4515.0,4528.0,4507.0,4496.0,4475.0,4468.0,4483.0,4463.0,-132.50883392226132,28.792912513841973
66450,2025-05-19,IS,3862.0,3920.0,3919.0,3944.0,3916.0,3883.0,3898.0,3853.0,-94.38775510204111,150.18125323666533
66450,2025-08-26,OOS,3819.0,3787.0,3796.0,3808.0,3809.0,3806.0,3789.0,3803.0,50.171639820437704,-83.7915684734225
66450,2025-11-06,OOS,4262.0,4211.0,4284.0,4244.0,4234.0,4229.0,4200.0,4248.0,42.74519116599373,-119.66213045518481
66450,2025-11-10,OOS,3864.0,3847.0,3855.0,3854.0,3840.0,3856.0,3871.0,3861.0,23.394853132310267,-43.995859213250554
66450,2026-04-03,OOS,4428.0,4461.0,4499.0,4493.0,4489.0,4514.0,4538.0,4507.0,118.80744227751538,74.52574525745214
66450,2026-05-14,OOS,5914.0,5970.0,5947.0,5917.0,5860.0,5944.0,5779.0,5700.0,-43.55108877721947,94.69056476158366
67010,2024-11-27,IS,12435.0,12330.0,12415.0,12510.0,12490.0,12560.0,12645.0,12715.0,186.5369018653684,-84.43908323281013
67010,2024-11-29,IS,12745.0,12845.0,12850.0,12785.0,12890.0,12895.0,12945.0,13060.0,38.92565200467102,78.46214201647771
67010,2025-01-08,IS,13280.0,13260.0,13330.0,13285.0,13285.0,13315.0,13250.0,13205.0,41.478129713423684,-15.060240963855609
67010,2025-01-16,IS,12790.0,12700.0,12655.0,12560.0,12530.0,12595.0,12595.0,12755.0,-82.67716535433122,-70.36747458952331
67010,2025-02-14,IS,15390.0,15400.0,15390.0,15415.0,15445.0,15410.0,15370.0,15450.0,6.493506493505663,6.4977257959708545
67010,2025-02-18,IS,15600.0,15600.0,15665.0,15740.0,15690.0,15705.0,15555.0,15640.0,67.30769230769207,0.0
67010,2025-06-20,IS,4094.0,4044.0,3988.0,4034.0,4017.0,4019.0,4019.0,3994.0,-61.819980217606705,-122.12994626282337
67010,2025-09-22,OOS,4675.0,4620.0,4521.0,4584.0,4611.0,4693.0,4732.0,4766.0,158.00865800865705,-117.647058823529
67010,2025-10-02,OOS,4490.0,4515.0,4518.0,4507.0,4492.0,4524.0,4486.0,4510.0,19.933554817275212,55.679287305121505
67010,2025-10-09,OOS,4931.0,4874.0,4886.0,4862.0,4845.0,4784.0,4772.0,4809.0,-184.65326220763245,-115.59521395254512
67010,2025-12-01,OOS,5697.0,5726.0,5751.0,5774.0,5739.0,5755.0,5847.0,5883.0,50.64617534055182,50.903984553274384
67010,2025-12-04,OOS,5727.0,5650.0,5646.0,5639.0,5666.0,5674.0,5690.0,5723.0,42.477876106195026,-134.45084686572352
67010,2025-12-08,OOS,5683.0,5704.0,5686.0,5654.0,5625.0,5621.0,5616.0,5625.0,-145.51192145862535,36.95231391870557
67010,2026-02-16,OOS,4200.0,4170.0,4091.0,4131.0,4110.0,4085.0,4029.0,4004.0,-203.83693045563533,-71.42857142857117
67010,2026-02-17,OOS,4004.0,3977.0,3998.0,3996.0,3995.0,3992.0,3979.0,4041.0,37.716872014081915,-67.4325674325671
67010,2026-04-17,OOS,4328.0,4331.0,4323.0,4316.0,4293.0,4301.0,4289.0,4327.0,-69.26806742091895,6.931608133087241
67010,2026-05-11,OOS,4101.0,4106.0,4125.0,4088.0,4093.0,4113.0,4109.0,4130.0,17.04822211398005,12.192148256522373
67020,2025-01-08,IS,2860.0,2860.0,2862.0,2858.5,2862.0,2862.0,2856.0,2843.0,6.9930069930079775,0.0
67020,2025-07-23,IS,3177.0,3240.0,3223.0,3214.0,3216.0,3229.0,3243.0,3250.0,-33.95061728395099,198.30028328611914
67020,2025-08-29,OOS,3576.0,3554.0,3553.0,3570.0,3570.0,3559.0,3527.0,3522.0,14.068655036578726,-61.5212527964204
67020,2025-09-09,OOS,3598.0,3649.0,3683.0,3679.0,3684.0,3676.0,3699.0,3738.0,73.99287476020922,141.74541411895447
67020,2025-11-21,OOS,4129.0,4149.0,4076.0,4085.0,4099.0,4084.0,4108.0,4124.0,-156.66425644733638,48.43787842092606
67020,2026-02-05,OOS,3944.0,3897.0,3857.0,3852.0,3908.0,3935.0,3898.0,3913.0,97.51090582499344,-119.16835699797178
67020,2026-02-16,OOS,3808.0,3751.0,3706.0,3732.0,3723.0,3719.0,3704.0,3700.0,-85.31058384430801,-149.6848739495793
67230,2024-11-05,IS,1954.0,1954.0,1966.5,1964.5,1966.5,1972.5,2000.0,2040.5,94.677584442171,0.0
67230,2024-12-02,IS,2017.5,2060.0,2071.0,2084.5,2087.5,2058.0,2059.5,2050.0,-9.70873786407811,210.65675340768308
67230,2024-12-10,IS,2045.0,2027.5,2020.0,2004.5,2006.0,2010.5,2020.5,2038.5,-83.8471023427867,-85.57457212713948
67230,2025-01-16,IS,2008.0,1996.0,1987.0,1971.5,1976.5,1979.5,1984.0,1998.5,-82.66533066132232,-59.76095617529875
67230,2025-04-21,IS,1560.5,1563.5,1574.0,1591.5,1590.5,1593.0,1596.0,1580.0,188.67924528301882,19.22460749759658
67230,2025-06-30,IS,1789.0,1775.0,1772.5,1772.0,1762.0,1755.0,1749.5,1772.0,-112.67605633802802,-78.25600894354356
67230,2025-08-29,OOS,1767.0,1732.0,1723.0,1731.0,1728.5,1735.5,1708.0,1728.0,20.207852193996345,-198.07583474816036
67230,2025-09-19,OOS,1765.5,1789.0,1824.0,1833.0,1827.0,1835.5,1858.0,1846.0,259.9217439910562,133.10676862078762
67230,2025-10-01,OOS,1688.0,1715.5,1697.5,1700.5,1704.0,1691.0,1687.0,1689.0,-142.81550568347456,162.9146919431279
67230,2025-10-03,OOS,1812.0,1841.5,1841.5,1840.0,1834.5,1821.0,1844.0,1815.0,-111.32229161010088,162.8035320088306
67230,2025-10-14,OOS,1710.5,1741.5,1755.0,1775.0,1796.0,1779.0,1784.5,1793.0,215.33161068044703,181.23355743934422
67230,2025-10-21,OOS,1995.5,1956.0,1944.0,1934.5,1957.5,1941.5,1967.5,1957.5,-74.13087934560303,-197.94537709847182
67230,2025-11-11,OOS,1871.0,1847.0,1879.5,1897.5,1897.0,1915.0,1884.0,1943.5,368.164591229021,-128.2736504543025
67230,2025-12-01,OOS,1809.5,1832.0,1838.0,1833.5,1837.5,1824.5,1826.5,1812.5,-40.93886462882112,124.34374136501836
67230,2026-01-15,OOS,2349.0,2349.0,2372.0,2378.0,2367.5,2348.0,2343.0,2328.0,-4.257130693912092,0.0
67230,2026-03-13,OOS,2461.5,2494.5,2496.0,2503.0,2484.0,2474.0,2424.0,2474.5,-82.18079775506149,134.06459475929333
67230,2026-05-15,OOS,3647.0,3636.0,3734.0,3695.0,3675.0,3689.0,3696.0,3700.0,145.7645764576454,-30.161776802851705
67230,2026-05-26,OOS,4589.0,4634.0,4613.0,4645.0,4577.0,4559.0,4650.0,4474.0,-161.84721622788055,98.06057964698134
67520,2025-05-30,IS,1668.0,1640.0,1641.0,1639.0,1651.5,1633.0,1635.5,1635.0,-42.68292682926833,-167.86570743405284
67520,2025-07-07,IS,1486.0,1467.5,1459.0,1469.5,1465.0,1471.5,1462.5,1463.0,27.25724020443021,-124.49528936742892
67520,2025-07-24,IS,1496.0,1490.0,1486.5,1479.0,1475.0,1475.5,1471.0,1467.0,-97.31543624161066,-40.10695187165791
67520,2025-09-10,OOS,1531.0,1550.0,1547.5,1542.0,1539.0,1543.0,1544.0,1547.0,-45.16129032258065,124.10189418680551
67520,2025-11-17,OOS,1786.0,1794.0,1776.5,1775.5,1767.5,1761.0,1771.5,1745.0,-183.94648829431426,44.79283314669624
67520,2025-11-20,OOS,1755.0,1730.0,1738.0,1742.0,1749.0,1752.0,1742.0,1737.5,127.16763005780285,-142.45014245014232
67520,2025-12-17,OOS,2026.0,1988.0,1965.5,1985.5,1990.0,1985.5,1983.5,1971.0,-12.575452716298008,-187.5616979269501
67520,2026-01-22,OOS,2304.0,2325.0,2340.5,2340.5,2337.5,2343.0,2315.0,2295.0,77.41935483871032,91.14583333333259
67520,2026-02-13,OOS,2430.0,2452.0,2465.0,2455.5,2451.0,2416.5,2404.0,2384.0,-144.7797716150079,90.53497942386856
67520,2026-02-27,OOS,2537.0,2511.5,2523.5,2524.5,2489.5,2538.0,2576.5,2592.5,105.51463268962723,-100.51241623965312
67520,2026-04-17,OOS,2897.0,2893.5,2929.5,2896.5,2900.0,2896.5,2926.5,2982.5,10.368066355623817,-12.081463583016872
67520,2026-04-21,OOS,3019.0,2977.0,2963.0,2984.0,2997.0,2987.0,2976.5,2985.0,33.59086328518668,-139.11891354753237
67520,2026-04-23,OOS,2904.5,2900.0,2883.0,2889.0,2893.5,2871.5,2855.0,2879.0,-98.275862068965,-15.49320020657552
67520,2026-05-14,OOS,3377.0,3400.0,3433.0,3423.0,3417.0,3395.0,3287.0,3293.0,-14.705882352941124,68.10778797749384
67580,2024-11-14,IS,2878.0,2906.0,2903.0,2907.5,2930.5,2921.0,2918.5,2889.5,51.61734342739255,97.2897845726206
67580,2025-05-30,IS,3810.0,3810.0,3810.0,3806.0,3817.0,3787.0,3790.0,3802.0,-60.367454068241955,0.0
67580,2025-06-20,IS,3607.0,3579.0,3537.0,3540.0,3539.0,3542.0,3508.0,3530.0,-103.38083263481401,-77.6268367064037
67580,2026-01-13,OOS,3835.0,3905.0,3893.0,3885.0,3882.0,3863.0,3842.0,3848.0,-107.5544174135723,182.52933507170832
67580,2026-03-24,OOS,3232.0,3288.0,3277.0,3272.0,3291.0,3295.0,3248.0,3266.0,21.289537712896323,173.2673267326734
67580,2026-03-27,OOS,3209.0,3176.0,3192.0,3156.0,3156.0,3147.0,3148.0,3188.0,-91.30982367758223,-102.83577438454317
67580,2026-04-17,OOS,3395.0,3430.0,3434.0,3418.0,3404.0,3404.0,3383.0,3384.0,-75.80174927113714,103.09278350515427
67580,2026-05-11,OOS,3372.0,3395.0,3430.0,3391.0,3383.0,3441.0,3468.0,3484.0,135.4933726067742,68.20877817319104
67620,2024-11-25,IS,1898.0,1898.0,1874.0,1865.0,1861.5,1846.0,1861.0,1848.5,-273.972602739726,0.0
67620,2024-12-13,IS,2025.0,2024.5,2006.0,2003.5,2013.5,2026.0,2027.5,2027.5,7.409236848605616,-2.4691358024686583
67620,2025-01-10,IS,1895.0,1883.0,1891.0,1889.5,1875.0,1848.5,1848.0,1850.5,-183.2182687201278,-63.32453825857564
67620,2025-01-16,IS,1873.5,1850.0,1854.0,1819.5,1820.0,1824.0,1820.0,1838.0,-140.5405405405402,-125.43368027755575
67620,2025-04-14,IS,1384.0,1368.5,1347.0,1359.0,1369.0,1371.0,1373.5,1364.0,18.26817683595161,-111.99421965317869
67620,2025-09-25,OOS,2143.0,2156.0,2152.5,2138.0,2126.0,2132.0,2138.5,2130.0,-111.31725417439675,60.66262249183385
67620,2026-01-07,OOS,2173.0,2159.0,2164.5,2150.5,2147.0,2149.0,2159.0,2116.5,-46.31773969430264,-64.4270593649332
67620,2026-02-16,OOS,2172.0,2191.5,2180.0,2186.0,2193.5,2184.5,2199.0,2280.0,-31.941592516541164,89.7790055248615
67620,2026-02-19,OOS,2383.5,2355.0,2382.5,2382.5,2410.5,2394.5,2397.5,2380.0,167.72823779193314,-119.57205789804858
67620,2026-02-24,OOS,2370.0,2390.0,2368.5,2387.0,2398.0,2426.0,2377.5,2378.0,150.62761506276166,84.3881856540074
67620,2026-03-05,OOS,2194.0,2150.5,2198.0,2227.0,2235.0,2218.0,2215.0,2238.0,313.88049290862693,-198.26800364630805
67620,2026-03-16,OOS,2070.5,2101.5,2108.5,2099.5,2090.5,2094.5,2091.5,2109.0,-33.30954080418724,149.72228930210107
67620,2026-04-06,OOS,2020.5,2019.0,2030.0,2049.0,2050.5,2043.5,2058.5,2076.5,121.34720158494261,-7.423904974016571
67620,2026-04-30,OOS,2890.5,2886.0,2851.5,2817.5,2821.5,2800.0,2800.0,2775.5,-297.9902979902982,-15.568240788791377
67620,2026-05-27,OOS,3608.0,3590.0,3660.0,3613.0,3751.0,3769.0,3910.0,3796.0,498.60724233983245,-49.88913525498906
67870,2024-11-15,IS,8610.0,8570.0,8510.0,8670.0,8770.0,8670.0,8530.0,8570.0,116.68611435239117,-46.45760743321681
67870,2025-01-06,IS,8920.0,9070.0,9100.0,9030.0,9030.0,9030.0,9010.0,8800.0,-44.101433296581675,168.1614349775784
67870,2025-03-21,IS,7400.0,7370.0,7400.0,7390.0,7370.0,7420.0,,7440.0,67.84260515603879,-40.54054054054013
67870,2025-04-15,IS,5950.0,5870.0,5830.0,5780.0,5780.0,,5720.0,5610.0,,-134.45378151260456
67870,2025-06-10,IS,5940.0,6010.0,6080.0,6070.0,6100.0,6140.0,6180.0,6260.0,216.30615640598984,117.84511784511676
67870,2025-11-14,OOS,9880.0,9990.0,9910.0,9870.0,10030.0,10000.0,10400.0,10380.0,10.010010010010895,111.33603238866473
67870,2025-12-16,OOS,10660.0,10660.0,10580.0,,10530.0,10810.0,10910.0,10900.0,140.71294559099502,0.0
67870,2025-12-30,OOS,10710.0,10890.0,10760.0,10650.0,10670.0,10740.0,10690.0,10720.0,-137.7410468319562,168.0672268907557
67870,2026-02-10,OOS,16840.0,17170.0,17910.0,18240.0,18140.0,17890.0,18530.0,18660.0,419.3360512521838,195.96199524940516
67870,2026-02-17,OOS,19360.0,19300.0,19230.0,19660.0,19700.0,19360.0,19560.0,19750.0,31.088082901553626,-30.99173553719026
67870,2026-02-20,OOS,21510.0,21850.0,21690.0,21400.0,21030.0,21030.0,22140.0,21650.0,-375.2860411899317,158.06601580660163
67870,2026-02-24,OOS,21650.0,21670.0,21480.0,21900.0,21920.0,22020.0,22550.0,22160.0,161.5136132902628,9.237875288683473
67870,2026-02-25,OOS,22160.0,22430.0,22320.0,22070.0,22040.0,21550.0,20940.0,21950.0,-392.3316986179226,121.84115523465655
67870,2026-03-11,OOS,23620.0,23270.0,23650.0,23690.0,23800.0,23610.0,23460.0,23150.0,146.11087236785502,-148.17950889077002
67870,2026-03-12,OOS,23150.0,22800.0,23030.0,23050.0,23110.0,23020.0,23370.0,23640.0,96.49122807017463,-151.18790496760238
67870,2026-03-13,OOS,23640.0,23450.0,24300.0,24400.0,24240.0,24500.0,24720.0,25800.0,447.76119402984983,-80.37225042301199
67870,2026-03-19,OOS,25210.0,24710.0,25150.0,25250.0,25270.0,24990.0,26200.0,25860.0,113.31444759206776,-198.33399444664778
67870,2026-04-21,OOS,27830.0,28070.0,28470.0,28600.0,28820.0,29280.0,29190.0,29330.0,431.0651941574628,86.23787279913753
67870,2026-04-22,OOS,29330.0,29390.0,29890.0,29600.0,29750.0,29620.0,,28170.0,78.25791085403155,20.45687009887498
67870,2026-05-18,OOS,39800.0,40000.0,39250.0,38600.0,39200.0,38600.0,37050.0,36850.0,-350.0000000000003,50.25125628140614
67870,2026-05-21,OOS,40050.0,40750.0,40750.0,41950.0,41650.0,42850.0,43350.0,43450.0,515.3374233128827,174.78152309613026
67870,2026-05-22,OOS,43450.0,44150.0,43250.0,44250.0,44200.0,42200.0,42450.0,42750.0,-441.6761041902606,161.10471806674244
68570,2025-11-18,OOS,19260.0,19000.0,18695.0,18365.0,18370.0,18935.0,19235.0,19150.0,-34.21052631578991,-134.9948078920038
68570,2026-02-13,OOS,27130.0,27440.0,27175.0,27410.0,27230.0,27275.0,27095.0,27100.0,-60.13119533527678,114.26465167710953
68570,2026-04-16,OOS,28625.0,28900.0,28540.0,28670.0,28685.0,28745.0,28785.0,27870.0,-53.63321799307985,96.06986899563408
68570,2026-04-17,OOS,27870.0,27885.0,27915.0,27585.0,27620.0,27730.0,27650.0,27100.0,-55.5854402008249,5.382131324003225
68570,2026-05-07,OOS,29715.0,29800.0,29725.0,29735.0,29730.0,30010.0,29400.0,29885.0,70.4697986577174,28.605081608614746
68610,2026-01-28,OOS,58300.0,58800.0,58540.0,58650.0,58440.0,58490.0,58580.0,58780.0,-52.7210884353746,85.76329331046351
68610,2026-04-17,OOS,62810.0,63060.0,64100.0,64290.0,64090.0,64100.0,64090.0,64030.0,164.92229622581567,39.80257920713326
68610,2026-04-21,OOS,63170.0,63170.0,62860.0,63020.0,63140.0,63250.0,63800.0,63800.0,12.664239354123197,0.0
68610,2026-05-12,OOS,79260.0,78980.0,79180.0,78500.0,78560.0,78910.0,78790.0,79440.0,-8.863003291972316,-35.32677264698414
68610,2026-05-14,OOS,77310.0,78340.0,78320.0,78790.0,77930.0,78020.0,78380.0,77180.0,-40.84758743936656,133.22985383520836
68710,2024-11-05,IS,3705.0,3760.0,3795.0,3815.0,3795.0,3825.0,3880.0,3800.0,172.8723404255317,148.4480431848856
68710,2025-02-20,IS,4835.0,4780.0,4855.0,4970.0,4945.0,5020.0,5040.0,5090.0,502.0920502092041,-113.75387797311288
68710,2025-11-27,OOS,6480.0,6440.0,6480.0,6470.0,6440.0,,6470.0,6590.0,,-61.72839506172867
68710,2025-12-03,OOS,6490.0,6460.0,6710.0,6590.0,6510.0,6540.0,6510.0,6530.0,123.83900928792491,-46.22496147919875
68710,2025-12-16,OOS,5840.0,5940.0,5950.0,5990.0,5960.0,6000.0,6030.0,6070.0,101.01010101010166,171.23287671232833
68710,2026-01-07,OOS,7680.0,7770.0,7650.0,7640.0,7700.0,7890.0,7800.0,7600.0,154.44015444015412,117.1875
68710,2026-02-17,OOS,12250.0,12300.0,12560.0,12350.0,12160.0,12070.0,11730.0,11880.0,-186.991869918699,40.816326530612734
69020,2025-04-24,IS,1805.0,1820.5,1820.5,1825.0,1820.5,1832.5,1800.0,1816.0,65.9159571546275,85.87257617728605
69020,2025-06-20,IS,1926.0,1927.0,1919.5,1913.5,1905.5,1912.0,1913.0,1915.0,-77.84120394395467,5.192107995846129
69020,2026-01-28,OOS,2096.5,2091.5,2070.5,2071.0,2082.0,2098.0,2093.0,2117.0,31.078173559646594,-23.849272597186165
69020,2026-02-20,OOS,2215.0,2224.0,2206.5,2195.5,2197.5,2217.0,2217.0,2223.0,-31.474820143885253,40.63205417607296
69020,2026-04-06,OOS,1907.5,1911.5,1914.5,1916.5,1909.0,1898.5,1897.0,1908.0,-68.00941668846482,20.969855832240203
69020,2026-04-17,OOS,1926.0,1953.0,1952.0,1953.0,1952.5,1955.0,1949.5,1962.5,10.240655401945187,140.18691588784992
69200,2024-11-14,IS,17835.0,18130.0,18510.0,18305.0,18615.0,18635.0,18210.0,18235.0,278.5438499724213,165.40510232688544
69200,2025-01-16,IS,14535.0,14600.0,14675.0,14590.0,14565.0,14405.0,14410.0,14615.0,-133.56164383561685,44.71964224286307
69200,2025-06-20,IS,16470.0,16125.0,16125.0,15805.0,15680.0,15850.0,15970.0,16200.0,-170.54263565891458,-209.47176684881552
69200,2025-07-02,IS,18785.0,18990.0,18780.0,18860.0,18850.0,19035.0,18910.0,18890.0,23.696682464455776,109.12962470055909
69200,2026-03-25,OOS,33410.0,33700.0,34380.0,34390.0,34790.0,34890.0,34650.0,34570.0,353.11572700296836,86.80035917389972
69200,2026-04-17,OOS,39950.0,40640.0,41910.0,42230.0,41890.0,41960.0,42200.0,42120.0,324.80314960629863,172.71589486858474
69540,2024-11-05,IS,4118.0,4177.0,4187.0,4188.0,4210.0,4257.0,4320.0,4337.0,191.5250179554695,143.27343370568178
69540,2025-03-10,IS,4361.0,4431.0,4384.0,4333.0,4286.0,4265.0,4295.0,4280.0,-374.6332656285267,160.5136436597121
69540,2025-05-30,IS,3868.0,3846.0,3816.0,3798.0,3810.0,3804.0,3800.0,3794.0,-109.20436817472678,-56.87693898655644
69540,2025-08-14,OOS,4510.0,4502.0,4511.0,4518.0,4514.0,4536.0,4564.0,4598.0,75.5219902265658,-17.738359201774358
69540,2025-09-05,OOS,4110.0,4178.0,4213.0,4190.0,4206.0,4238.0,4158.0,4175.0,143.6093824796547,165.45012165450012
69540,2025-11-04,OOS,5160.0,5122.0,5090.0,5006.0,4953.0,4942.0,4845.0,4982.0,-351.4252245216709,-73.64341085271286
69540,2025-11-13,OOS,5217.0,5140.0,5143.0,5137.0,5180.0,5183.0,5181.0,5153.0,83.65758754863784,-147.5944029135523
69540,2025-11-21,OOS,4814.0,4884.0,4902.0,4888.0,4862.0,4884.0,4855.0,4816.0,0.0,145.40922309929317
69540,2025-11-26,OOS,4935.0,4962.0,4994.0,4970.0,4972.0,4969.0,4979.0,4969.0,14.107214832728143,54.71124620060719
69540,2025-12-16,OOS,5708.0,5699.0,5624.0,5732.0,5777.0,5808.0,5829.0,5827.0,191.2616248464638,-15.767344078486678
69540,2026-01-16,OOS,6644.0,6544.0,6510.0,6476.0,6472.0,6512.0,6534.0,6597.0,-48.89975550122272,-150.51173991571298
69540,2026-04-17,OOS,6228.0,6250.0,6351.0,6379.0,6373.0,6414.0,6498.0,6503.0,262.40000000000043,35.32434168272314
69630,2025-01-20,IS,1484.5,1484.5,1469.0,1477.0,1472.0,1467.5,1479.0,1491.5,-114.51667228022933,0.0
69630,2025-05-22,IS,1505.0,1520.0,1503.5,1497.5,1495.5,1483.5,1478.0,1451.5,-240.13157894736793,99.66777408637827
69630,2025-10-23,OOS,2307.0,2325.0,2329.0,2309.5,2306.5,2315.0,2332.5,2347.0,-43.010752688171785,78.02340702210753
69630,2025-10-29,OOS,2388.0,2431.0,2434.0,2443.5,2448.0,2454.0,2420.0,2440.0,94.61127108185919,180.06700167504164
69630,2025-12-15,OOS,2077.5,2070.0,2067.0,2054.5,2061.0,2053.0,2046.0,2049.5,-82.12560386473444,-36.10108303249149
69630,2026-01-22,OOS,2648.5,2698.5,2695.5,2722.0,2744.0,2733.0,2718.0,2731.0,127.848804891606,188.7861053426465
69630,2026-02-16,OOS,2453.5,2449.0,2451.0,2467.5,2473.5,2476.5,2482.0,2490.5,112.29073091057585,-18.341145302629425
69630,2026-02-17,OOS,2490.5,2483.5,2505.5,2512.0,2527.5,2554.5,2576.5,2581.0,285.88685323132745,-28.10680586227687
69630,2026-04-06,OOS,3611.0,3600.0,3601.0,3602.0,3573.0,3561.0,3531.0,3550.0,-108.33333333333361,-30.46247576848571
69650,2024-11-05,IS,2012.5,2014.0,2049.0,2054.0,2054.5,2068.0,2073.0,2042.5,268.1231380337645,7.453416149068026
69650,2024-11-22,IS,1816.0,1822.5,1825.0,1823.0,1835.5,1843.5,1828.5,1791.0,115.22633744855959,35.79295154185091
69650,2024-11-25,IS,1791.0,1788.5,1766.0,1756.5,1758.0,1729.0,1753.0,1749.5,-332.681017612525,-13.958682300391212
69650,2024-11-29,IS,1778.0,1780.0,1785.5,1781.5,1785.5,1780.0,1799.0,1824.0,0.0,11.248593925758943
69650,2025-01-16,IS,1849.0,1850.0,1863.0,1858.0,1862.0,1871.0,1864.5,1913.0,113.51351351351457,5.408328826392861
69650,2025-01-20,IS,1910.5,1917.0,1904.5,1907.5,1898.0,1903.0,1907.0,1913.0,-73.03077725612894,34.022507197069004
69650,2025-03-03,IS,1532.5,1533.0,1550.0,1550.0,1555.5,1559.5,1557.5,1545.0,172.86366601435122,3.2626427406201586
69650,2025-04-28,IS,1297.5,1314.0,1303.5,1305.0,1300.5,1299.5,1309.0,1320.5,-110.35007610350034,127.16763005780285
69650,2025-06-20,IS,1670.0,1650.0,1643.5,1636.5,1632.0,1642.0,1648.5,1653.5,-48.4848484848488,-119.760479041916
69650,2026-04-01,OOS,1860.0,1880.0,1900.0,1895.0,1878.0,1890.0,1828.0,1818.5,53.19148936170137,107.52688172043001
69710,2024-12-20,IS,1521.0,1523.0,1521.0,1517.0,1518.5,1521.0,1520.0,1531.0,-13.131976362442677,13.149243918475495
69710,2025-04-08,IS,1570.0,1537.0,1531.0,1540.0,1522.0,1536.0,1531.5,1499.5,-6.506180871828082,-210.19108280254773
69710,2025-05-15,IS,1761.0,1793.0,1781.0,1770.0,1767.5,1766.0,1775.0,1796.0,-150.58561070831033,181.71493469619548
69710,2025-07-23,IS,1661.5,1678.5,1681.5,1683.5,1681.5,1687.0,1690.5,1679.5,50.64045278522444,102.31718326813022
69710,2025-07-29,IS,1665.0,1666.5,1657.5,1652.5,1657.0,1649.0,1649.0,1645.0,-105.01050105010457,9.009009009008917
69710,2025-10-06,OOS,2020.0,2013.5,2009.0,2024.0,2028.0,2033.0,2030.5,2034.5,96.84628755897594,-32.178217821782205
69710,2026-01-08,OOS,2195.5,2218.0,2232.5,2231.5,2221.5,2222.0,2248.5,2227.5,18.034265103696878,102.48235026189877
69710,2026-02-04,OOS,2553.5,2577.0,2569.0,2572.5,2570.5,2586.0,2578.0,2580.0,34.92433061699663,92.03054630898765
69710,2026-02-09,OOS,2670.0,2710.0,2753.5,2734.5,2739.5,2735.0,2738.5,2715.5,92.25092250922495,149.81273408239736
69710,2026-02-16,OOS,2598.5,2604.0,2606.5,2617.5,2613.5,2601.0,2588.0,2613.5,-11.520737327188613,21.16605734077348
69710,2026-02-24,OOS,2710.0,2736.0,2765.0,2773.5,2766.5,2782.5,2785.0,2779.5,169.95614035087758,95.94095940959502
69710,2026-04-10,OOS,2577.0,2577.0,2571.0,2604.0,2594.5,2586.0,2587.0,2575.5,34.92433061699663,0.0
69710,2026-04-17,OOS,2688.0,2729.0,2726.0,2726.0,2722.0,2712.0,2742.0,2754.0,-62.293880542323436,152.52976190476275
69760,2025-02-25,IS,2566.0,2564.0,2573.0,2565.5,2561.0,2523.5,2503.5,2502.5,-157.95631825272994,-7.7942322681212595
69760,2025-08-06,OOS,2772.5,2768.5,2763.5,2789.0,2779.0,2806.5,2757.0,2733.0,137.2584432002899,-14.427412082957947
69760,2025-10-01,OOS,3333.0,3372.0,3418.0,3388.0,3364.0,3361.0,3366.0,3382.0,-32.62158956109151,117.01170117011772
69760,2025-10-27,OOS,4125.0,4125.0,4207.0,4193.0,4231.0,4160.0,4131.0,4102.0,84.8484848484854,0.0
69760,2025-12-22,OOS,3489.0,3457.0,3471.0,3481.0,3503.0,3493.0,3469.0,3503.0,104.1365345675449,-91.7168243049582
69760,2026-01-22,OOS,3601.0,3601.0,3559.0,3565.0,3579.0,3618.0,3608.0,3581.0,47.209108580950065,0.0
69760,2026-04-16,OOS,6238.0,6221.0,6317.0,6172.0,6157.0,6126.0,6211.0,6203.0,-152.70856775438045,-27.252324462968545
69760,2026-04-17,OOS,6203.0,6124.0,6214.0,6191.0,6173.0,6199.0,6335.0,6222.0,122.46897452645288,-127.35773013058171
69760,2026-04-24,OOS,6508.0,6500.0,6416.0,6324.0,6331.0,6446.0,6487.0,6543.0,-83.07692307692349,-12.292562999385304
69760,2026-04-27,OOS,6543.0,6477.0,6542.0,6549.0,6520.0,6586.0,6592.0,6586.0,168.2877875559674,-100.87116001833985
69760,2026-05-26,OOS,11445.0,11745.0,11785.0,11635.0,11205.0,11265.0,11365.0,11120.0,-408.68454661558087,262.1231979030147
69810,2025-05-22,IS,2079.0,2100.0,2089.0,2078.5,2076.0,2075.0,2071.5,2053.0,-119.04761904761862,101.01010101010166
69810,2025-06-20,IS,2063.5,2049.0,2027.5,2026.5,2024.0,2032.0,2028.0,2050.5,-82.9673011224985,-70.26896050399856
69810,2025-10-30,OOS,3031.0,3100.0,3077.0,3083.0,3095.0,3079.0,3077.0,3392.0,-67.74193548387042,227.64764104256096
69810,2025-11-06,OOS,3350.0,3316.0,3324.0,3295.0,3272.0,3269.0,3235.0,3252.0,-141.73703256936122,-101.49253731343234
69810,2025-12-11,OOS,3307.0,3357.0,3373.0,3375.0,3369.0,3385.0,3389.0,3400.0,83.40780458742981,151.1944360447526
69810,2026-01-08,OOS,3187.0,3184.0,3200.0,3187.0,3178.0,3159.0,3198.0,3194.0,-78.5175879396982,-9.413241292751673
69810,2026-04-06,OOS,3807.0,3822.0,3851.0,3864.0,3843.0,3807.0,3784.0,3786.0,-39.24646781789609,39.40110323088941
69810,2026-04-17,OOS,4600.0,4662.0,4737.0,4704.0,4677.0,4723.0,4776.0,4738.0,130.84513084513193,134.78260869565162
69810,2026-04-24,OOS,4936.0,5001.0,4873.0,4782.0,4835.0,4892.0,4906.0,4916.0,-217.95640871825617,131.6855753646684
69880,2025-01-07,IS,2716.0,2703.5,2708.0,2710.0,2699.0,2699.5,2710.0,2681.5,-14.795635287589981,-46.023564064801015
69880,2025-01-10,IS,2659.5,2649.5,2654.0,2655.0,2646.5,2616.0,2609.5,2625.0,-126.43895074542333,-37.60105282947901
69880,2025-02-28,IS,2928.0,2966.0,2957.5,2957.5,2944.0,2937.5,2944.0,2894.0,-96.0890087660149,129.78142076502718
69880,2025-04-28,IS,2477.0,2500.0,2490.0,2493.5,2475.5,2469.5,2466.5,2500.5,-121.99999999999989,92.8542591844983
69880,2025-05-30,IS,2645.5,2619.0,2593.5,2584.5,2574.5,2574.0,2563.5,2585.0,-171.8213058419249,-100.17010017010053
69880,2025-06-20,IS,2583.0,2560.0,2540.0,2531.5,2526.0,2545.5,2550.0,2569.5,-56.64062499999956,-89.04374758033296
69880,2025-10-06,OOS,3859.0,3859.0,3867.0,3910.0,3922.0,3918.0,3905.0,3937.0,152.88934957242705,0.0
69880,2025-10-28,OOS,3914.0,3948.0,3921.0,3885.0,3903.0,3908.0,3941.0,3875.0,-101.31712259371817,86.867654573326
69880,2025-11-04,OOS,3843.0,3820.0,3802.0,3786.0,3760.0,3743.0,3679.0,3796.0,-201.57068062827244,-59.849076242518564
69880,2025-11-06,OOS,3796.0,3777.0,3815.0,3783.0,3783.0,3752.0,3708.0,3752.0,-66.190097961345,-50.05268703898835
69880,2025-11-26,OOS,3797.0,3833.0,3815.0,3805.0,3800.0,3801.0,3812.0,3840.0,-83.48552048004221,94.81169344219165
69880,2025-12-03,OOS,3745.0,3730.0,3721.0,3727.0,3719.0,3740.0,3781.0,3813.0,26.80965147453085,-40.05340453938633
69880,2026-01-08,OOS,3617.0,3655.0,3634.0,3631.0,3647.0,3614.0,3642.0,3630.0,-112.17510259917907,105.05944152612744
69880,2026-01-19,OOS,3736.0,3700.0,3714.0,3678.0,3673.0,3684.0,3677.0,3644.0,-43.2432432432428,-96.35974304068485
69880,2026-01-28,OOS,3379.0,3360.0,3316.0,3353.0,3370.0,3374.0,3385.0,3375.0,41.666666666666515,-56.22965374371125
69880,2026-04-06,OOS,3083.0,3090.0,3091.0,3103.0,3101.0,3087.0,3088.0,3094.0,-9.70873786407811,22.705157314304447
69880,2026-04-17,OOS,3374.0,3375.0,3397.0,3368.0,3349.0,3350.0,3372.0,3370.0,-74.07407407407418,2.9638411381149865
69880,2026-05-27,OOS,3095.0,3151.0,3114.0,3111.0,3114.0,3131.0,3136.0,3115.0,-63.471913678196934,180.9369951534734
70030,2025-09-26,OOS,4455.0,4495.0,4490.0,4445.0,4460.0,4370.0,4390.0,4485.0,-278.08676307007784,89.78675645342271
70030,2025-10-07,OOS,4765.0,4720.0,4855.0,4770.0,4760.0,4750.0,4780.0,4825.0,63.55932203389925,-94.43861490031513
70030,2025-10-27,OOS,6120.0,6040.0,6080.0,6140.0,6230.0,6260.0,6120.0,6160.0,364.2384105960272,-130.71895424836555
70030,2025-12-02,OOS,6283.0,6302.0,6336.0,6320.0,6339.0,6345.0,6321.0,6340.0,68.23230720406137,30.240331052044933
70030,2025-12-03,OOS,6340.0,6337.0,6362.0,6293.0,6292.0,6248.0,6345.0,6351.0,-140.4450055231177,-4.731861198737919
70030,2025-12-10,OOS,5750.0,5735.0,5763.0,5730.0,5716.0,5703.0,5827.0,5640.0,-55.79773321708781,-26.086956521739204
70030,2026-04-17,OOS,5644.0,5671.0,5753.0,5723.0,5664.0,5696.0,5713.0,5623.0,44.083935813790106,47.83841247342213
70110,2025-03-21,IS,2874.5,2860.0,2885.0,2860.0,2833.0,2849.0,2842.0,2811.5,-38.461538461538325,-50.4435554009397
70110,2025-05-08,IS,2892.5,2897.5,2885.0,2898.0,2893.0,2912.5,2932.5,2731.5,51.768766177739955,17.286084701815252
70110,2025-07-02,IS,3504.0,3544.0,3514.0,3509.0,3496.0,3498.0,3457.0,3463.0,-129.79683972911937,114.15525114155223
70110,2025-08-29,OOS,3753.0,3717.0,3787.0,3826.0,3829.0,3802.0,3723.0,3740.0,228.67904223836445,-95.9232613908878
70110,2025-11-10,OOS,4362.0,4400.0,4358.0,4349.0,4365.0,4380.0,4377.0,4336.0,-45.45454545454519,87.11600183402001
70110,2025-11-21,OOS,3855.0,3850.0,3894.0,3893.0,3891.0,3889.0,3874.0,3877.0,101.29870129870211,-12.970168612191912
70110,2025-12-16,OOS,3968.0,3938.0,3883.0,3892.0,3860.0,3915.0,3921.0,3909.0,-58.40528186896954,-75.6048387096775
70110,2026-03-13,OOS,4745.0,4790.0,4789.0,4811.0,4791.0,4775.0,4714.0,4792.0,-31.315240083507057,94.836670179137
70110,2026-03-25,OOS,4547.0,4573.0,4647.0,4630.0,4617.0,4597.0,4526.0,4511.0,52.481959326482475,57.18055861007265
70110,2026-04-16,OOS,4571.0,4509.0,4489.0,4490.0,4485.0,4482.0,4420.0,4371.0,-59.880239520958554,-135.63771603587793
70120,2025-03-21,IS,9535.0,9650.0,9731.0,9626.0,9555.0,9506.0,9520.0,9569.0,-149.22279792746073,120.60828526481382
70120,2025-10-14,OOS,9467.0,9592.0,9690.0,9727.0,9750.0,9793.0,9851.0,9873.0,209.5496246872397,132.03760430970712
70130,2024-11-29,IS,7717.0,7737.0,7837.0,7737.0,7743.0,7870.0,7940.0,7960.0,171.90125371591148,25.916807049370938
70130,2025-07-02,IS,15010.0,15020.0,14965.0,14940.0,14915.0,14960.0,14780.0,14910.0,-39.946737683089765,6.662225183211579
70130,2025-09-22,OOS,16145.0,16145.0,16300.0,16510.0,16570.0,16775.0,17060.0,17710.0,390.2136884484353,0.0
70130,2025-11-21,OOS,2679.0,2678.5,2674.0,2650.0,2636.0,2644.0,2639.0,2657.0,-128.80343475826007,-1.8663680477792877
70130,2025-12-09,OOS,3046.0,3035.0,3060.0,3038.0,3038.0,3029.0,2999.5,3002.0,-19.769357495881266,-36.11293499671709
70130,2025-12-16,OOS,2866.5,2890.5,2855.5,2851.5,2831.5,2859.0,2866.5,2812.0,-108.9776855215363,83.72579801151136
70130,2026-01-21,OOS,3667.0,3720.0,3582.0,3563.0,3535.0,3552.0,3557.0,3541.0,-451.6129032258065,144.53231524406806
70130,2026-03-25,OOS,3510.0,3521.0,3586.0,3584.0,3560.0,3546.0,3481.0,3487.0,71.0025560920191,31.339031339030488
70140,2025-02-14,IS,2134.0,2110.0,2018.0,2058.0,2033.0,2024.0,2041.0,2044.0,-407.58293838862534,-112.46485473289547
70140,2025-06-09,IS,2491.0,2499.0,2491.0,2511.0,2498.0,2486.0,2525.0,2564.0,-52.02080832332978,32.115616218386656
70140,2025-08-28,OOS,3425.0,3390.0,3395.0,3455.0,3560.0,3515.0,3540.0,3535.0,368.7315634218291,-102.18978102189746
70140,2025-10-27,OOS,5390.0,5410.0,5420.0,5500.0,5490.0,5430.0,5540.0,5430.0,36.96857670979714,37.10575139146633
70140,2025-11-18,OOS,4475.0,4485.0,4365.0,4240.0,4240.0,4385.0,4395.0,4345.0,-222.96544035674492,22.346368715084886
70140,2025-12-01,OOS,4380.0,4380.0,4420.0,4430.0,4415.0,4395.0,4380.0,4290.0,34.24657534246478,0.0
70140,2025-12-02,OOS,4290.0,4335.0,4330.0,4315.0,4310.0,4300.0,4325.0,4310.0,-80.73817762399128,104.89510489510411
70140,2025-12-10,OOS,4075.0,4145.0,4120.0,4120.0,4115.0,4105.0,4105.0,4005.0,-96.5018094089265,171.7791411042935
70140,2025-12-19,OOS,3590.0,3600.0,3600.0,3605.0,3605.0,3585.0,3575.0,3630.0,-41.666666666666515,27.855153203342198
70140,2026-01-05,OOS,3705.0,3765.0,3730.0,3695.0,3720.0,3680.0,3715.0,3740.0,-225.7636122177953,161.943319838056
70140,2026-02-18,OOS,5690.0,5750.0,5580.0,5600.0,5670.0,5750.0,5760.0,5730.0,0.0,105.44815465729273
70140,2026-02-24,OOS,5510.0,5580.0,5590.0,5570.0,5520.0,5490.0,5450.0,5500.0,-161.290322580645,127.04174228675092
70140,2026-04-03,OOS,4365.0,4420.0,4420.0,4430.0,4395.0,4425.0,4380.0,4340.0,11.312217194570096,126.00229095074411
70140,2026-04-21,OOS,4055.0,4050.0,4055.0,4030.0,4020.0,4000.0,4060.0,4390.0,-123.45679012345734,-12.330456226880004
70140,2026-05-20,OOS,3675.0,3730.0,3710.0,3725.0,3780.0,3775.0,3780.0,3755.0,120.64343163538771,149.65986394557927
71820,2025-12-19,OOS,2046.0,2070.5,2076.0,2069.5,2066.5,2079.0,2098.5,2081.0,41.05288577638255,119.74584555229706
71820,2026-04-06,OOS,2648.5,2665.0,2680.0,2682.0,2684.0,2674.0,2667.0,2665.5,33.77110694183783,62.29941476307399
71820,2026-05-22,OOS,3104.0,3087.0,3068.0,3097.0,3105.0,3122.0,3092.0,3093.0,113.3786848072571,-54.76804123711321
72010,2024-11-06,IS,401.2,404.2,407.9,411.6,410.5,409.2,413.2,410.0,123.70113805046934,74.77567298105781
72010,2025-02-06,IS,415.1,413.8,410.3,409.8,414.0,421.5,421.3,445.9,186.080231996133,-31.317754757890228
72010,2025-04-15,IS,318.2,320.0,321.4,321.5,319.1,318.0,318.0,316.1,-62.49999999999978,56.5681961030795
72010,2025-07-08,IS,315.5,317.4,309.5,307.7,307.1,304.2,306.8,305.5,-415.87901701323204,60.221870047543206
72010,2026-02-24,OOS,436.2,436.9,432.1,434.7,435.0,434.9,433.7,430.9,-45.7770656900891,16.047684548372576
72010,2026-03-16,OOS,352.8,359.0,359.6,359.3,361.2,361.9,362.6,357.0,80.77994428969282,175.73696145124717
72030,2025-05-07,IS,2706.0,2706.0,2691.5,2680.0,2688.5,2679.0,2695.5,2671.5,-99.77827050997811,0.0
72030,2025-06-20,IS,2502.5,2500.0,2478.0,2468.0,2469.5,2479.5,2476.5,2493.5,-81.99999999999986,-9.990009990009652
72030,2025-11-21,OOS,3097.0,3150.0,3127.0,3112.0,3112.0,3119.0,3095.0,3077.0,-98.41269841269873,171.13335485954062
72030,2026-02-18,OOS,3730.0,3730.0,3714.0,3722.0,3734.0,3746.0,3766.0,3774.0,42.8954423592498,0.0
72030,2026-03-09,OOS,3393.0,3463.0,3465.0,3447.0,3480.0,3493.0,3496.0,3473.0,86.63008951775852,206.30710285882702
72030,2026-03-16,OOS,3338.0,3377.0,3388.0,3371.0,3365.0,3370.0,3377.0,3379.0,-20.728457210541507,116.83642899940061
72030,2026-04-17,OOS,3343.0,3413.0,3386.0,3395.0,3400.0,3403.0,3395.0,3390.0,-29.299736302372814,209.392760993119
72030,2026-05-07,OOS,2978.0,3020.0,3035.0,3015.0,3001.0,2990.5,3008.0,2913.0,-97.68211920529791,141.0342511752849
72030,2026-05-21,OOS,2978.0,3020.0,2984.5,2994.5,2999.0,3007.0,3001.0,2987.0,-43.04635761589459,141.0342511752849
72590,2024-11-12,IS,1622.5,1603.0,1614.5,1620.5,1618.0,1607.5,1607.0,1567.0,28.07236431690674,-120.18489984591652
72590,2024-11-15,IS,1628.5,1610.5,1626.5,1618.0,1612.0,1614.0,1624.5,1616.0,21.73238124805854,-110.53116364752813
72590,2024-11-27,IS,1577.5,1594.5,1588.0,1600.0,1591.0,1591.5,1602.5,1599.5,-18.81467544684878,107.76545166402585
72590,2024-12-04,IS,1655.0,1664.0,1675.0,1679.5,1677.5,1684.0,1694.5,1676.5,120.19230769230838,54.38066465256908
72590,2025-03-21,IS,1865.5,1892.5,1884.5,1883.0,1872.0,1875.0,1872.5,1877.5,-92.47027741083214,144.73331546502212
72590,2025-07-29,IS,1989.0,1985.5,1998.0,2000.5,1993.5,1994.5,1999.5,2013.0,45.32863258625008,-17.596782302664593
72590,2025-10-30,OOS,2670.0,2681.0,2671.5,2677.5,2685.5,2696.5,2660.0,2774.5,57.814248414771455,41.19850187265905
72590,2026-02-05,OOS,2856.0,2827.5,2848.0,2840.0,2863.5,2867.0,2888.5,2893.5,139.69938107869064,-99.7899159663862
72590,2026-03-09,OOS,2398.5,2448.5,2439.0,2438.0,2444.5,2436.5,2439.5,2436.0,-49.00959771288571,208.4636230977699
72590,2026-03-19,OOS,2210.5,2181.0,2170.0,2160.5,2153.5,2126.0,2163.5,2189.5,-252.17790004585018,-133.45396969011492
72590,2026-04-06,OOS,2216.5,2220.0,2218.5,2225.5,2221.5,2205.5,2209.0,2213.5,-65.3153153153152,15.790660951950919
72590,2026-04-22,OOS,2281.5,2268.5,2270.0,2253.0,2265.5,2273.5,2258.0,2268.0,22.04099625302991,-56.98005698005715
72590,2026-05-01,OOS,2377.5,2361.5,2273.5,2258.5,2264.0,2276.0,2288.5,2257.0,-362.05801397416917,-67.29758149316534
72590,2026-05-07,OOS,2257.0,2295.0,2336.5,2333.5,2306.0,2307.5,2323.0,2291.0,54.466230936818235,168.36508639787252
72610,2024-11-06,IS,1062.5,1051.0,1084.0,1094.5,1089.5,1088.0,1095.0,1055.0,352.04567078972457,-108.23529411764676
72610,2025-02-17,IS,1018.5,1018.5,1022.0,1023.5,1021.5,1021.5,1029.0,1031.5,29.45508100147265,0.0
72610,2025-02-28,IS,1008.0,1009.0,1013.5,1016.0,1016.0,1018.0,1021.0,1024.0,89.19722497522375,9.920634920634885
72610,2025-07-08,IS,853.8,860.0,856.9,855.7,854.7,867.1,869.1,864.3,82.55813953488288,72.61653783087408
72610,2026-01-19,OOS,1257.0,1253.0,1256.5,1245.0,1247.0,1258.5,1257.0,1244.0,43.89465283320071,-31.821797931582687
72610,2026-02-16,OOS,1350.0,1369.0,1369.5,1379.0,1381.0,1364.5,1368.5,1379.5,-32.870708546384186,140.74074074074127
72610,2026-02-24,OOS,1309.5,1305.5,1308.5,1321.0,1319.0,1327.5,1329.5,1328.5,168.51780926848025,-30.54600992745349
72610,2026-03-09,OOS,1134.0,1154.0,1167.0,1160.5,1163.5,1164.5,1164.0,1159.0,90.98786828422911,176.3668430335108
72610,2026-03-16,OOS,1145.0,1163.5,1159.5,1156.5,1153.0,1149.5,1148.0,1140.0,-120.32660077352818,161.5720524017461
72610,2026-04-23,OOS,1052.5,1032.5,1034.0,1030.5,1022.5,1023.5,1020.0,1024.0,-87.16707021791726,-190.02375296912066
72610,2026-05-14,OOS,1068.5,1081.0,1090.5,1100.0,1097.0,1103.0,1078.5,1092.5,203.51526364477346,116.9864295741685
72610,2026-05-22,OOS,1066.0,1090.5,1097.5,1099.0,1103.5,1105.5,1087.0,1090.5,137.5515818431916,229.83114446529117
72670,2024-11-06,IS,1418.0,1412.5,1425.5,1435.5,1421.0,1423.0,1418.5,1420.0,74.33628318584073,-38.7870239774335
72670,2024-11-25,IS,1358.5,1359.5,1356.0,1361.5,1352.0,1344.5,1345.0,1333.0,-110.33468186833373,7.361059992638808
72670,2025-05-30,IS,1468.0,1464.5,1447.5,1442.5,1443.5,1436.0,1437.0,1437.0,-194.6056674632979,-23.841961852860692
72670,2025-09-19,OOS,1631.0,1635.0,1645.0,1649.0,1652.0,1646.5,1655.5,1661.5,70.33639143730896,24.524831391783408
72670,2025-11-21,OOS,1538.5,1538.5,1548.5,1546.0,1544.5,1553.5,1548.5,1541.5,97.49756256093534,0.0
72670,2025-11-25,OOS,1541.5,1558.5,1550.0,1554.0,1559.5,1562.0,1567.5,1570.0,22.457491177414468,110.28219266947747
72670,2026-02-16,OOS,1555.5,1580.0,1582.0,1592.0,1591.5,1586.5,1576.0,1570.5,41.13924050632933,157.50562520089994
72670,2026-03-11,OOS,1466.5,1458.5,1455.5,1447.5,1447.0,1446.5,1445.5,1448.5,-82.27631127871061,-54.5516535969992
72690,2024-11-12,IS,1681.5,1681.0,1670.5,1669.5,1663.5,1651.5,1644.0,1628.0,-175.49077929803647,-2.973535533750127
72690,2024-11-14,IS,1578.5,1596.0,1616.0,1610.5,1610.0,1617.0,1608.0,1597.0,131.57894736842036,110.86474501108556
72690,2025-08-29,OOS,1971.0,1958.5,1944.5,1962.5,1977.5,1979.5,1966.5,1977.0,107.22491702833904,-63.419583967528894
72690,2025-09-09,OOS,2091.0,2077.0,2085.5,2080.0,2097.0,2087.0,2081.5,2073.5,48.14636494944624,-66.95361071257788
72690,2025-10-09,OOS,2274.0,2255.5,2257.0,2251.0,2256.5,2266.5,2259.5,2237.0,48.76967412990485,-81.35444151275317
72690,2025-12-04,OOS,2356.0,2340.0,2314.5,2296.5,2288.0,2284.5,2312.0,2293.0,-237.17948717948744,-67.91171477079749
72690,2025-12-15,OOS,2324.0,2335.0,2349.0,2327.5,2326.0,2309.5,2303.5,2325.5,-109.20770877944297,47.33218588640176
72690,2026-02-05,OOS,2218.0,2201.5,2220.5,2204.0,2226.0,2280.5,2262.5,2308.0,358.8462411991822,-74.3913435527499
72690,2026-02-16,OOS,2349.5,2333.0,2339.0,2343.5,2347.0,2335.5,2328.5,2308.0,10.715816545221468,-70.22770802298406
72690,2026-02-17,OOS,2308.0,2322.5,2335.5,2322.5,2332.0,2344.0,2338.5,2330.0,92.57265877287368,62.82495667244259
72690,2026-04-17,OOS,1895.0,1931.0,1912.5,1911.5,1904.5,1903.0,1892.5,1894.0,-145.00258933195286,189.9736147757247
72690,2026-04-23,OOS,1805.5,1808.5,1813.0,1813.5,1816.0,1806.0,1796.5,1776.5,-13.823610727121682,16.615895873719477
72690,2026-04-24,OOS,1776.5,1787.0,1788.5,1785.5,1778.5,1786.0,1785.0,1776.0,-5.595970900951208,59.10498170559997
72690,2026-05-07,OOS,1785.0,1801.5,1789.0,1796.5,1800.5,1806.0,1808.0,1808.0,24.979184013322886,92.43697478991564
72690,2026-05-21,OOS,1779.5,1803.0,1786.5,1786.5,1785.0,1787.0,1783.5,1789.5,-88.740987243483,132.05956729418267
72700,2024-11-15,IS,2472.5,2450.0,2466.0,2454.0,2441.5,2444.5,2449.0,2453.0,-22.448979591837002,-91.00101112234582
72700,2025-02-06,IS,2664.5,2635.0,2654.5,2644.0,2648.0,2657.0,2657.0,2910.0,83.49146110056881,-110.71495590166958
72700,2025-02-28,IS,2753.5,2788.5,2774.5,2771.5,2784.5,2817.5,2851.5,2816.5,103.99856553702679,127.11094970038195
72700,2025-03-21,IS,2891.0,2941.0,2922.0,2931.5,2921.0,2907.5,2917.5,2930.5,-113.90683441006466,172.950536146661
72700,2025-11-21,OOS,3416.0,3486.0,3498.0,3482.0,3469.0,3484.0,3464.0,3440.0,-5.737234652897216,204.9180327868849
72700,2025-12-03,OOS,3263.0,3333.0,3337.0,3318.0,3331.0,3353.0,3360.0,3380.0,60.00600060005912,214.52650934722595
72700,2026-02-06,OOS,3342.0,3350.0,3211.0,3284.0,3282.0,3228.0,3112.0,3044.0,-364.17910447761216,23.93776181927043
72700,2026-02-09,OOS,3044.0,3069.0,3115.0,3121.0,3130.0,3136.0,3166.0,3160.0,218.3121537960253,82.12877792378448
72700,2026-02-10,OOS,3160.0,3200.0,3109.0,3143.0,3178.0,3158.0,3174.0,3146.0,-131.25000000000054,126.58227848101333
72700,2026-02-12,OOS,3146.0,3135.0,3148.0,3138.0,3138.0,3150.0,3150.0,3165.0,47.84688995215225,-34.96503496503544
72700,2026-02-16,OOS,3094.0,3100.0,3099.0,3121.0,3120.0,3088.0,3077.0,3072.0,-38.70967741935516,19.392372333548735
72700,2026-04-06,OOS,2523.0,2506.0,2517.5,2529.0,2526.0,2520.5,2515.0,2522.0,57.86113328012821,-67.38010305192277
72700,2026-04-17,OOS,2537.5,2576.0,2556.5,2556.5,2550.0,2555.0,2552.0,2569.0,-81.52173913043458,151.72413793103522
72720,2024-11-25,IS,1332.5,1332.0,1337.0,1349.0,1347.0,1331.5,1328.5,1343.0,-3.7537537537535304,-3.7523452157595116
72720,2025-03-04,IS,1213.5,1213.5,1222.0,1227.5,1218.0,1216.0,1217.0,1215.0,20.601565718993964,0.0
72720,2025-05-30,IS,1110.0,1110.0,1103.5,1101.0,1100.5,1093.0,1091.0,1091.0,-153.1531531531527,0.0
72720,2025-06-20,IS,1081.0,1085.0,1075.5,1075.0,1068.0,1074.0,1072.5,1078.5,-101.38248847926246,37.002775208141436
72720,2025-11-04,OOS,1112.0,1125.0,1121.5,1116.0,1110.5,1111.5,1097.0,1102.5,-120.00000000000011,116.90647482014427
72720,2026-03-09,OOS,1121.5,1137.0,1132.0,1123.5,1125.0,1131.0,1129.5,1129.0,-52.7704485488123,138.20775746767654
72720,2026-04-16,OOS,1128.0,1141.0,1135.0,1141.5,1142.0,1143.0,1136.0,1141.5,17.52848378615335,115.24822695035519
73090,2024-11-14,IS,20765.0,21000.0,21160.0,21110.0,21255.0,21050.0,21060.0,21095.0,23.809523809523725,113.17120154105575
73090,2024-11-15,IS,21095.0,20845.0,20870.0,,20830.0,21080.0,21010.0,20895.0,112.73686735428169,-118.51149561507457
73090,2025-01-24,IS,21645.0,21695.0,22020.0,21950.0,21975.0,21925.0,21970.0,21935.0,106.0152108780832,23.100023100022238
73090,2025-01-28,IS,22395.0,22485.0,22575.0,22560.0,22530.0,22450.0,22635.0,22450.0,-15.565932844118224,40.187541862022336
73090,2025-04-07,IS,20445.0,20945.0,21110.0,21225.0,21115.0,21260.0,21440.0,21160.0,150.39388875626614,244.5585717779397
73090,2025-04-23,IS,20105.0,19625.0,19925.0,19820.0,19955.0,19890.0,19590.0,19320.0,135.03184713375748,-238.74658045262342
73090,2026-03-13,OOS,16280.0,16315.0,16625.0,16640.0,16665.0,,16745.0,16630.0,,21.49877149877133
74530,2025-10-15,OOS,3139.0,3170.0,3209.0,3181.0,3143.0,3090.0,3084.0,3151.0,-252.36593059936862,98.75756610385534
74530,2025-11-19,OOS,2971.5,2975.0,3028.0,3036.0,3047.0,3010.0,2981.0,3002.0,117.647058823529,11.778563015312216
74530,2025-12-03,OOS,2951.0,2992.0,2985.5,2995.5,3002.0,2992.0,3011.0,3060.0,0.0,138.93595391392788
74530,2025-12-05,OOS,2922.5,2940.0,2920.5,2919.5,2933.0,2952.5,2945.0,2941.5,42.5170068027203,59.880239520957446
74530,2025-12-11,OOS,3041.0,3033.0,3036.0,3034.0,3036.0,3040.0,3051.0,3035.0,23.07945928123889,-26.30713581058819
74530,2026-01-20,OOS,3230.0,3199.0,3245.0,3172.0,3170.0,3140.0,3136.0,3134.0,-184.43263519849927,-95.9752321981422
75320,2024-11-05,IS,3717.0,3780.0,3822.0,3823.0,3850.0,3867.0,3873.0,3847.0,230.15873015872933,169.49152542372838
75320,2025-01-17,IS,4132.0,4112.0,4107.0,4124.0,4120.0,4143.0,4146.0,4152.0,75.38910505836549,-48.40271055179035
75320,2025-01-28,IS,4236.0,4260.0,4280.0,4292.0,4311.0,4322.0,4343.0,4354.0,145.53990610328694,56.657223796035
75320,2025-01-31,IS,4332.0,4300.0,4270.0,4272.0,4267.0,4296.0,4280.0,4266.0,-9.302325581395099,-73.86888273314906
75320,2025-06-20,IS,4778.0,4776.0,4794.0,4803.0,4787.0,4811.0,4856.0,4809.0,73.28308207705136,-4.185851820845965
75320,2025-08-19,OOS,5328.0,5321.0,5353.0,5455.0,5418.0,5412.0,5404.0,5475.0,171.02048487126487,-13.138138138137911
75320,2025-08-20,OOS,5475.0,5471.0,5453.0,5484.0,5475.0,5476.0,5435.0,5500.0,9.139097057211387,-7.305936073059849
75320,2025-10-14,OOS,974.9,959.9,957.3,958.4,959.6,962.4,960.1,956.3,26.0443796228782,-153.86193455739107
75320,2026-03-27,OOS,983.0,970.0,963.2,959.8,960.3,961.5,971.5,991.9,-87.62886597938113,-132.24821973550348
75320,2026-03-31,OOS,968.2,975.5,974.4,969.5,963.4,959.9,963.5,982.4,-159.9179907739623,75.39764511464541
75320,2026-04-06,OOS,992.1,995.5,996.6,994.8,994.7,1003.0,985.0,977.8,75.33902561526861,34.270738836810196
75320,2026-04-07,OOS,977.8,989.0,997.5,990.5,990.4,981.7,972.6,975.2,-73.81193124368023,114.54285129883557
75320,2026-05-19,OOS,884.8,895.0,884.9,882.0,891.6,887.9,871.9,872.1,-79.32960893854757,115.2802893309235
77330,2024-11-05,IS,2666.5,2708.0,2701.5,2707.5,2702.5,2714.5,2714.0,2701.0,24.00295420974974,155.63472717044834
77330,2024-11-12,IS,2561.0,2570.0,2562.5,2569.0,2562.5,2550.0,2538.5,2518.5,-77.82101167315147,35.14252245216731
77330,2025-02-05,IS,2242.0,2264.0,2274.0,2281.5,2293.0,2286.5,2292.0,2296.5,99.38162544169683,98.12667261373863
77330,2025-02-12,IS,2219.5,2237.5,2243.0,2248.5,2253.0,2261.5,2284.5,2287.0,107.26256983240256,81.09934669970676
77330,2025-02-25,IS,2078.0,2077.5,2060.5,2063.5,2057.0,2066.0,2075.0,2090.0,-55.35499398315324,-2.406159769008376
77330,2025-03-21,IS,1950.0,1950.0,1952.5,1948.0,1942.5,1956.5,1964.0,1968.5,33.3333333333341,0.0
77330,2025-08-14,OOS,1759.0,1760.0,1757.5,1762.0,1756.0,1747.0,1740.0,1737.5,-73.86363636363691,5.685048322909836
77330,2025-11-13,OOS,2089.0,2089.0,2094.0,2092.0,2105.0,2099.0,2103.0,2106.0,47.869794159884904,0.0
77330,2025-11-18,OOS,2024.5,2024.0,2022.5,2030.5,2003.0,2000.5,2017.0,1991.0,-116.1067193675891,-2.469745616201502
77330,2026-02-18,OOS,1525.5,1539.0,1536.5,1540.5,1538.5,1554.0,1549.5,1548.0,97.4658869395717,88.49557522123908
77330,2026-02-24,OOS,1441.0,1434.0,1439.0,1438.0,1445.5,1445.0,1436.0,1450.5,76.7085076708507,-48.577376821651306
77330,2026-04-09,OOS,1588.5,1598.0,1601.5,1581.5,1573.5,1553.0,1560.0,1568.5,-281.6020025031285,59.80484734025904
77330,2026-05-11,OOS,1551.0,1556.0,1560.0,1557.5,1557.5,1556.5,1537.5,1540.5,3.2133676092538366,32.23726627981982
77350,2024-11-15,IS,9521.0,9371.0,9327.0,9337.0,9428.0,9392.0,9299.0,9342.0,22.409561412870538,-157.54647621048167
77350,2025-01-16,IS,10585.0,10395.0,10545.0,10490.0,10510.0,10530.0,10615.0,10685.0,129.8701298701288,-179.49929145016586
77350,2025-03-21,IS,10855.0,10780.0,10620.0,10550.0,10585.0,10595.0,10500.0,10480.0,-171.61410018552868,-69.0925840626444
77350,2025-09-19,OOS,13775.0,13770.0,13770.0,13975.0,13900.0,13955.0,14135.0,13905.0,134.35003631081966,-3.629764065335994
77350,2025-11-18,OOS,12530.0,12565.0,12575.0,12350.0,12285.0,12400.0,12245.0,12195.0,-131.31715081575845,27.932960893854997
77350,2025-11-25,OOS,12370.0,12430.0,12430.0,12430.0,12520.0,12615.0,12590.0,12545.0,148.83346741753735,48.50444624090456
77350,2025-12-02,OOS,13005.0,13295.0,13575.0,13540.0,13750.0,13815.0,14035.0,14035.0,391.12448288830313,222.99115724721207
77350,2025-12-05,OOS,13615.0,13700.0,13625.0,13640.0,13625.0,13600.0,13625.0,13675.0,-72.99270072992692,62.431142122658656
77350,2025-12-16,OOS,12820.0,12935.0,12795.0,12900.0,12820.0,12850.0,12995.0,13100.0,-65.71318129107051,89.70358814352596
77350,2026-01-07,OOS,15990.0,15960.0,15885.0,15780.0,15715.0,15845.0,15710.0,15375.0,-72.05513784461104,-18.76172607879978
77350,2026-01-28,OOS,20475.0,20525.0,20715.0,20640.0,20360.0,20265.0,20040.0,19980.0,-126.67478684531108,24.420024420024333
77350,2026-02-03,OOS,20890.0,20700.0,20495.0,20570.0,20375.0,20400.0,20660.0,20965.0,-144.92753623188358,-90.95260890378154
77350,2026-02-05,OOS,20155.0,20185.0,20040.0,20050.0,20175.0,20145.0,20375.0,20160.0,-19.816695566013955,14.884644008930081
77350,2026-02-13,OOS,20830.0,20800.0,20475.0,20630.0,20675.0,20685.0,20950.0,20850.0,-55.288461538461895,-14.40230436869916
77350,2026-02-18,OOS,21060.0,21520.0,21735.0,21915.0,21820.0,21855.0,21760.0,21630.0,155.66914498141182,218.42355175688556
77350,2026-04-17,OOS,10510.0,10570.0,10630.0,10725.0,10765.0,10805.0,10685.0,10575.0,222.32734153263988,57.08848715509029
77410,2024-11-05,IS,20825.0,21160.0,21235.0,21280.0,21275.0,21325.0,21575.0,21695.0,77.97731568998101,160.86434573829632
77410,2025-06-20,IS,16885.0,16935.0,17180.0,17180.0,17115.0,17165.0,17105.0,17010.0,135.81340419249966,29.612081729346595
77410,2025-09-30,OOS,20475.0,20350.0,20580.0,20340.0,20435.0,20470.0,20385.0,20580.0,58.96805896805857,-61.05006105006083
77410,2025-11-21,OOS,23110.0,23500.0,23490.0,23380.0,23380.0,23285.0,23375.0,23165.0,-91.4893617021273,168.7581133708349
77410,2025-12-18,OOS,23635.0,24065.0,23875.0,23815.0,23780.0,23780.0,23935.0,23825.0,-118.42925410346928,181.93357309075563
77410,2025-12-19,OOS,23825.0,23950.0,24025.0,24035.0,24080.0,24095.0,24130.0,23970.0,60.54279749478031,52.46589716684235
77410,2026-01-16,OOS,25325.0,25325.0,25150.0,25150.0,25075.0,25065.0,25225.0,25195.0,-102.66535044422542,0.0
77410,2026-04-03,OOS,27575.0,27700.0,27945.0,27970.0,28115.0,28205.0,28415.0,27960.0,182.3104693140798,45.3309156844961
77410,2026-04-17,OOS,28995.0,29495.0,29690.0,29575.0,29465.0,29360.0,29575.0,29645.0,-45.77046957111364,172.44352474564684
77410,2026-04-21,OOS,28970.0,29090.0,28820.0,29015.0,29060.0,28975.0,28960.0,28675.0,-39.53248539016796,41.42216085605721
77410,2026-05-07,OOS,27510.0,27410.0,27775.0,27845.0,27730.0,27775.0,27670.0,27470.0,133.16307916818593,-36.350418029806875
77410,2026-05-12,OOS,27285.0,27370.0,27680.0,27580.0,27560.0,27675.0,27515.0,27680.0,111.43587869930639,31.152647975076775
77410,2026-05-14,OOS,27670.0,27740.0,28360.0,28415.0,28180.0,27950.0,27820.0,28005.0,75.70295602018717,25.298156848572173
77410,2026-05-22,OOS,26225.0,26055.0,25915.0,26190.0,26270.0,26310.0,26150.0,26300.0,97.86989061600471,-64.82364156339403
77510,2024-11-25,IS,5056.0,5025.0,5004.0,5018.0,5010.0,5005.0,5003.0,4980.0,-39.80099502487566,-61.31329113924
77510,2025-01-16,IS,4916.0,4850.0,4850.0,4831.0,4829.0,4861.0,4852.0,4882.0,22.680412371134384,-134.25549227013778
78320,2024-11-05,IS,3245.0,3259.0,3273.0,3298.0,3295.0,3285.0,3309.0,3348.0,79.77907333537982,43.14329738058564
78320,2024-12-02,IS,3179.0,3160.0,3182.0,3172.0,3168.0,3172.0,3172.0,3200.0,37.974683544304,-59.76722239698029
78320,2025-05-23,IS,4745.0,4749.0,4737.0,4727.0,4732.0,4742.0,4706.0,4767.0,-14.739945251631692,8.42992623814487
78320,2025-07-17,IS,4577.0,4622.0,4624.0,4602.0,4589.0,4576.0,4585.0,4548.0,-99.5240155776722,98.31767533318825
78320,2025-09-04,OOS,5076.0,5076.0,5070.0,5086.0,5089.0,5039.0,5034.0,5003.0,-72.89204097714719,0.0
78320,2025-09-19,OOS,4842.0,4901.0,4926.0,4883.0,4871.0,4837.0,4830.0,4808.0,-130.5855947765766,121.85047501032554
78320,2025-11-06,OOS,4472.0,4542.0,4526.0,4508.0,4562.0,4582.0,4550.0,4560.0,88.06693086745865,156.52951699463236
78320,2025-11-07,OOS,4560.0,4553.0,4545.0,4558.0,4538.0,4533.0,4522.0,4518.0,-43.92708104546506,-15.350877192982226
78320,2025-11-21,OOS,4544.0,4574.0,4512.0,4491.0,4480.0,4484.0,4504.0,4519.0,-196.76432006996092,66.0211267605626
79110,2024-11-05,IS,4456.0,4506.0,4498.0,4495.0,4493.0,4519.0,4568.0,4550.0,28.850421660009395,112.20825852782835
79110,2024-11-14,IS,4265.0,4295.0,4288.0,4336.0,4337.0,4303.0,4280.0,4167.0,18.62630966239731,70.3399765533419
79110,2024-11-15,IS,4167.0,4132.0,4119.0,4123.0,4117.0,4113.0,4119.0,4093.0,-45.98257502420155,-83.9932805375565
79110,2025-05-22,IS,4007.0,3984.0,3964.0,3971.0,3978.0,3982.0,3961.0,3918.0,-5.020080321285203,-57.399550786124685
79110,2025-06-04,IS,3723.0,3682.0,3695.0,3696.0,3677.0,3640.0,3642.0,3623.0,-114.06844106463865,-110.12624227773271
79110,2025-11-18,OOS,3982.0,4010.0,3925.0,3919.0,3915.0,3956.0,3951.0,3852.0,-134.66334164588534,70.31642390758375
79110,2025-11-28,OOS,5038.0,5050.0,5028.0,4964.0,4965.0,4919.0,4851.0,4816.0,-259.40594059405964,23.81897578404235
79110,2025-12-16,OOS,4750.0,4798.0,4775.0,4777.0,4751.0,4782.0,4755.0,4741.0,-33.347228011672,101.0526315789484
79110,2026-01-05,OOS,4660.0,4709.0,4727.0,4741.0,4753.0,4700.0,4682.0,4673.0,-19.11233807602497,105.15021459227557
79110,2026-02-20,OOS,4606.0,4631.0,4679.0,4684.0,4696.0,4743.0,4789.0,4847.0,241.84841286978954,54.277029960920764
79360,2025-01-07,IS,3078.0,3091.0,3065.0,3050.0,3041.0,3077.0,3079.0,3116.0,-45.292785506308995,42.235217673813885
79360,2025-01-31,IS,3486.0,3416.0,3377.0,3389.0,3373.0,3375.0,3381.0,3371.0,-120.02341920374748,-200.8032128514059
79360,2025-02-07,IS,3258.0,3268.0,3270.0,3290.0,3284.0,3295.0,3271.0,3295.0,82.61933904528674,30.693677102517913
79360,2025-03-25,IS,3313.0,3355.0,3319.0,3301.0,3317.0,3292.0,3306.0,3321.0,-187.7794336810734,126.77331723513375
79360,2025-09-19,OOS,3886.0,3880.0,3887.0,3873.0,3879.0,3894.0,3904.0,3846.0,36.082474226803996,-15.440041173443442
79360,2025-11-11,OOS,3768.0,3790.0,3764.0,3772.0,3793.0,3827.0,3750.0,3791.0,97.62532981530292,58.38641188959714
79360,2026-02-03,OOS,3799.0,3788.0,3797.0,3777.0,3791.0,3770.0,3768.0,3821.0,-47.51847940865916,-28.95498815477793
79360,2026-05-21,OOS,4520.0,4521.0,4536.0,4557.0,4565.0,4547.0,4556.0,4545.0,57.509400575093125,2.2123893805314765
79740,2024-12-20,IS,9131.0,9266.0,9230.0,9233.0,9242.0,9254.0,9200.0,9171.0,-12.950571983595394,147.84799036250183
79740,2025-04-03,IS,10080.0,9990.0,9935.0,10015.0,10050.0,10020.0,9938.0,9977.0,30.030030030030463,-89.28571428571396
79740,2025-05-30,IS,11835.0,11785.0,11630.0,11620.0,11620.0,11665.0,11620.0,11745.0,-101.82435299109005,-42.24757076468077
79740,2025-06-20,IS,12730.0,12715.0,12565.0,12675.0,12665.0,12640.0,12495.0,12670.0,-58.98545025560309,-11.783189316575404
79740,2025-09-22,OOS,12695.0,12800.0,12740.0,12780.0,12850.0,12985.0,12995.0,13100.0,144.53124999999955,82.7097282394651
79740,2025-11-21,OOS,13300.0,13285.0,13175.0,13135.0,13085.0,13070.0,13115.0,13120.0,-161.83665788483293,-11.278195488721998
79740,2025-12-03,OOS,12655.0,12705.0,12755.0,12835.0,12835.0,12760.0,12830.0,12875.0,43.29004329004293,39.51007506914239
79740,2026-02-16,OOS,8449.0,8444.0,8433.0,8482.0,8497.0,8474.0,8397.0,8409.0,35.52818569398486,-5.917860101787298
79740,2026-02-20,OOS,8587.0,8590.0,8713.0,8644.0,8662.0,8668.0,8538.0,8541.0,90.80325960419077,3.4936531966933693
79740,2026-05-19,OOS,7519.0,7635.0,7497.0,7562.0,7620.0,7508.0,7461.0,7500.0,-166.3392272429598,154.2758345524664
80010,2024-12-18,IS,7623.0,7505.0,7492.0,7479.0,7527.0,7533.0,7507.0,7500.0,37.308461025982176,-154.79470024924558
80010,2025-01-31,IS,7183.0,7101.0,7085.0,7091.0,7075.0,7085.0,7067.0,7103.0,-22.53203774116308,-114.15842962550494
80010,2025-06-20,IS,7527.0,7577.0,7606.0,7585.0,7533.0,7504.0,7477.0,7470.0,-96.34419955127372,66.4275275674231
80010,2025-09-26,OOS,8615.0,8480.0,8494.0,8452.0,8467.0,8447.0,8448.0,8441.0,-38.915094339622144,-156.70342426001181
80010,2025-10-23,OOS,8588.0,8720.0,8774.0,8768.0,8763.0,8763.0,8758.0,8750.0,49.31192660550421,153.7028411737307
80010,2025-12-16,OOS,9487.0,9460.0,9366.0,9400.0,9363.0,9379.0,9455.0,9433.0,-85.62367864693444,-28.45999789185205
80010,2025-12-19,OOS,9393.0,9416.0,9395.0,9403.0,9405.0,9405.0,9393.0,9393.0,-11.68224299065379,24.48631959970138
80010,2026-02-05,OOS,2033.5,2038.5,2039.5,2029.0,2038.0,2046.0,2060.0,2067.0,36.79175864606421,24.58814851241664
80010,2026-05-01,OOS,1987.0,1998.0,2001.5,1974.0,1985.5,1990.0,1989.0,2009.0,-40.040040040040246,55.35983895319507
80020,2025-04-22,IS,2372.5,2422.5,2414.5,2404.0,2408.0,2421.5,2416.0,2432.0,-4.1279669762639415,210.74815595363506
80020,2025-12-18,OOS,4240.0,4285.0,4311.0,4302.0,4314.0,4313.0,4331.0,4344.0,65.3442240373403,106.13207547169878
80020,2026-02-13,OOS,6033.0,6081.0,6013.0,5966.0,5987.0,5915.0,5834.0,5848.0,-272.9814175300116,79.56240676280535
80020,2026-02-20,OOS,5710.0,5715.0,5702.0,5697.0,5689.0,5727.0,5750.0,5798.0,20.997375328084544,8.756567425569628
80020,2026-04-06,OOS,5890.0,5930.0,5955.0,5970.0,5947.0,5883.0,5888.0,5919.0,-79.25801011804401,67.9117147707986
80020,2026-04-17,OOS,5853.0,5950.0,5905.0,5928.0,5925.0,5893.0,5893.0,5885.0,-95.79831932773119,165.72697761831455
80150,2024-11-15,IS,2735.0,2698.5,2708.0,2699.5,2700.5,2701.5,2712.5,2705.0,11.117287381878782,-133.4552102376596
80150,2025-01-08,IS,2730.0,2710.0,2709.0,2709.0,2708.0,2708.0,2692.5,2684.0,-7.380073800737907,-73.260073260073
80150,2025-01-09,IS,2684.0,2698.0,2693.0,2690.0,2681.0,2671.0,2670.5,2647.0,-100.07412898443313,52.16095380029762
80150,2025-01-15,IS,2610.0,2614.0,2611.5,2603.5,2616.0,2609.0,2591.5,2590.5,-19.127773527161107,15.325670498085309
80150,2025-05-13,IS,3065.0,3081.0,3086.0,3084.0,3073.0,3039.0,3040.0,3035.0,-136.31937682570538,52.202283849918096
80150,2025-06-18,IS,3108.0,3151.0,3161.0,3156.0,3142.0,3130.0,3121.0,3130.0,-66.64550936210767,138.352638352639
80150,2025-06-20,IS,3148.0,3175.0,3171.0,3150.0,3141.0,3143.0,3128.0,3125.0,-100.78740157480337,85.76874205844965
80150,2025-09-26,OOS,4190.0,4130.0,4093.0,4081.0,4090.0,4081.0,4082.0,4078.0,-118.64406779661051,-143.19809069212374
80150,2025-10-09,OOS,4410.0,4410.0,4399.0,4380.0,4394.0,4385.0,4358.0,4343.0,-56.68934240362855,0.0
80150,2025-12-16,OOS,5214.0,5204.0,5199.0,5204.0,5183.0,5203.0,5236.0,5214.0,-1.9215987701770576,-19.179133103183197
80150,2026-01-29,OOS,5567.0,5540.0,5564.0,5561.0,5582.0,5577.0,5521.0,5606.0,66.78700361010925,-48.500089814981216
80150,2026-02-16,OOS,6606.0,6606.0,6604.0,6695.0,6687.0,6648.0,6534.0,6554.0,63.57856494096259,0.0
80150,2026-04-17,OOS,6241.0,6339.0,6337.0,6330.0,6319.0,6316.0,6308.0,6284.0,-36.28332544565404,157.02611760935793
80150,2026-05-07,OOS,6840.0,6809.0,6855.0,6830.0,6784.0,6842.0,6787.0,6743.0,48.465266558965766,-45.32163742690054
80310,2025-06-12,IS,2940.0,2915.0,2895.5,2906.5,2900.5,2910.0,2904.0,2905.5,-17.152658662092925,-85.03401360544171
80310,2025-11-21,OOS,3988.0,4044.0,4032.0,3994.0,3991.0,4007.0,4000.0,3987.0,-91.49357072205765,140.42126379137488
80310,2026-04-21,OOS,5780.0,5753.0,5644.0,5626.0,5646.0,5655.0,5605.0,5614.0,-170.3459064835733,-46.71280276816625
80350,2024-11-05,IS,22930.0,23200.0,23365.0,23210.0,23225.0,23200.0,23500.0,23460.0,0.0,117.74967291757532
80350,2025-05-30,IS,23000.0,23020.0,22825.0,22675.0,22605.0,22595.0,22555.0,22605.0,-184.6220677671595,8.695652173913437
80350,2025-11-04,OOS,34790.0,34090.0,34430.0,33710.0,33570.0,33390.0,32660.0,33370.0,-205.3388090349073,-201.2072434607648
80350,2026-05-14,OOS,51200.0,52150.0,52320.0,52360.0,51670.0,51470.0,50100.0,50290.0,-130.39309683605006,185.546875
80530,2024-11-25,IS,3275.0,3274.0,3239.0,3250.0,3238.0,3232.0,3217.0,3224.0,-128.2834453268178,-3.053435114503955
80530,2024-12-18,IS,3286.0,3240.0,3259.0,3254.0,3276.0,3276.0,3284.0,3272.0,111.11111111111072,-139.98782714546576
80530,2025-01-16,IS,3212.0,3200.0,3208.0,3181.0,3181.0,3214.0,3202.0,3210.0,43.75000000000018,-37.35990037359915
80530,2025-07-15,IS,3687.0,3687.0,3681.0,3660.0,3656.0,3680.0,3659.0,3681.0,-18.985625169514186,0.0
80530,2026-01-29,OOS,6280.0,6322.0,6334.0,6325.0,6323.0,6302.0,6213.0,6249.0,-31.63555836760534,66.87898089172029
80530,2026-02-05,OOS,5950.0,5900.0,5948.0,5928.0,5971.0,5981.0,6070.0,6149.0,137.28813559322094,-84.03361344537785
80530,2026-05-07,OOS,7400.0,7389.0,7377.0,7333.0,7319.0,7257.0,7200.0,7180.0,-178.6439301664633,-14.864864864865268
80580,2024-11-05,IS,2715.0,2725.0,2742.0,2737.0,2748.5,2748.0,2780.0,2783.5,84.40366972477077,36.83241252302017
80580,2025-06-11,IS,2877.0,2855.0,2868.5,2863.5,2852.5,2857.5,2844.0,2857.0,8.756567425569628,-76.4685436218282
80580,2025-06-20,IS,2813.5,2827.5,2841.0,2825.5,2816.0,2817.0,2800.5,2808.0,-37.13527851458842,49.76008530300335
80580,2025-12-16,OOS,3617.0,3601.0,3580.0,3592.0,3577.0,3561.0,3606.0,3600.0,-111.080255484588,-44.23555432679027
80580,2025-12-19,OOS,3617.0,3649.0,3649.0,3646.0,3650.0,3647.0,3637.0,3605.0,-5.480953685941259,88.47110865358054
80580,2026-01-16,OOS,4055.0,4055.0,4050.0,4044.0,4038.0,4057.0,4068.0,4118.0,4.932182490751114,0.0
80580,2026-02-13,OOS,5058.0,5080.0,5067.0,5028.0,5025.0,4960.0,4908.0,4928.0,-236.22047244094446,43.49545274812128
80580,2026-02-16,OOS,4928.0,4943.0,4912.0,4966.0,4958.0,4918.0,4876.0,4890.0,-50.576572931417815,30.438311688312236
80580,2026-02-25,OOS,5161.0,5200.0,5209.0,5227.0,5226.0,5207.0,5185.0,5161.0,13.461538461538858,75.56675062972306
80580,2026-03-09,OOS,4918.0,4988.0,5053.0,5035.0,5072.0,5109.0,5142.0,5177.0,242.58219727345542,142.33428222854894
80580,2026-04-17,OOS,4952.0,5002.0,4957.0,4954.0,4944.0,4918.0,4907.0,4910.0,-167.9328268692526,100.96930533117998
81130,2024-11-14,IS,3957.0,3946.0,3952.0,3935.0,3931.0,3908.0,3937.0,3911.0,-96.30005068423708,-27.798837503159035
81130,2024-11-22,IS,3831.0,3828.0,3816.0,3820.0,3847.0,3854.0,3852.0,3890.0,67.92058516196464,-7.83085356303892
81130,2024-12-23,IS,3935.0,3950.0,3925.0,3929.0,3925.0,3926.0,3930.0,3905.0,-60.75949367088662,38.11944091486552
81130,2025-01-20,IS,1225.5,1239.5,1229.5,1227.5,1228.0,1229.5,1232.0,1238.0,-80.67769261799084,114.23908608731104
81130,2025-03-31,IS,1189.5,1189.5,1195.5,1199.5,1196.5,1200.0,1199.0,1199.0,88.27238335435084,0.0
81130,2025-04-23,IS,1341.0,1331.5,1337.5,1336.0,1334.5,1314.0,1315.5,1319.0,-131.43071723619948,-70.84265473527252
81130,2025-08-15,OOS,986.9,993.8,990.0,992.1,993.5,1001.5,998.3,997.3,77.4803783457445,69.91589826730093
81130,2026-02-19,OOS,1060.0,1065.0,1063.0,1062.0,1062.0,1064.0,1063.0,1065.0,-9.389671361502705,47.16981132075526
81130,2026-03-09,OOS,917.1,922.7,920.4,919.2,916.6,918.5,917.9,918.3,-45.51858675625908,61.06204339766607
81360,2024-12-05,IS,5003.0,5000.0,5011.0,5022.0,4985.0,4990.0,4983.0,4961.0,-20.000000000000018,-5.99640215870445
81360,2025-05-15,IS,5828.0,5907.0,5944.0,6025.0,5991.0,5945.0,6160.0,6261.0,64.33045539190773,135.55250514756256
81360,2025-06-20,IS,6910.0,6854.0,6751.0,6786.0,6806.0,6919.0,6844.0,6868.0,94.83513276918654,-81.04196816208442
81360,2025-07-02,IS,6579.0,6559.0,6586.0,6578.0,6524.0,6531.0,6522.0,6422.0,-42.68943436499417,-30.3997568019454
81360,2025-11-19,OOS,5453.0,5472.0,5429.0,5412.0,5390.0,5373.0,5386.0,5242.0,-180.92105263157853,34.8432055749126
81360,2025-12-01,OOS,5351.0,5400.0,5391.0,5357.0,5341.0,5348.0,5349.0,5315.0,-96.29629629629655,91.57166884694368
81360,2026-01-21,OOS,4509.0,4549.0,4562.0,4604.0,4571.0,4565.0,4590.0,4558.0,35.17256539898872,88.71146595697432
81360,2026-03-23,OOS,5313.0,5376.0,5353.0,5309.0,5299.0,5245.0,5240.0,5244.0,-243.67559523809535,118.57707509881354
81360,2026-04-02,OOS,990.0,1000.5,993.6,990.7,1008.5,996.4,1004.0,992.4,-40.97951024487734,106.06060606060508
81360,2026-04-17,OOS,1032.5,1020.0,1027.5,1035.5,1041.0,1039.0,1035.5,1045.5,186.27450980392092,-121.0653753026636
81360,2026-05-13,OOS,855.8,856.4,852.4,852.5,861.1,857.7,842.5,844.2,15.17982251284522,7.010983874737864
82670,2024-11-25,IS,3545.0,3551.0,3560.0,3562.0,3557.0,3559.0,3555.0,3557.0,22.528865108419893,16.92524682651575
82670,2024-11-27,IS,3533.0,3544.0,3555.0,3550.0,3531.0,3562.0,3569.0,3614.0,50.79006772009009,31.135012737051326
82670,2025-03-31,IS,3750.0,3797.0,3790.0,3786.0,3789.0,3768.0,3762.0,3750.0,-76.37608638398686,125.33333333333286
82670,2025-08-26,OOS,5426.0,5426.0,5439.0,5431.0,5423.0,5400.0,5408.0,5378.0,-47.91743457427167,0.0
82670,2025-12-08,OOS,2349.0,2350.0,2370.5,2350.0,2352.5,2356.0,2344.0,2366.5,25.53191489361728,4.257130693912092
82670,2026-01-30,OOS,2115.0,2150.0,2169.0,2199.5,2216.0,2207.0,2169.0,2175.0,265.1162790697681,165.4846335697391
82670,2026-03-09,OOS,2016.5,2016.0,2004.5,2004.0,2010.5,2014.5,2005.0,1988.5,-7.440476190476719,-2.4795437639468787
82670,2026-03-19,OOS,1934.0,1911.0,1915.5,1909.5,1912.0,1908.0,1905.5,1891.5,-15.698587127158659,-118.92450879007255
82670,2026-03-31,OOS,1884.5,1912.0,1905.5,1908.5,1914.0,1913.0,1924.0,1947.5,5.230125523012497,145.92730167153124
83030,2025-12-17,OOS,1623.0,1632.0,1641.0,1647.0,1677.0,1660.0,1700.0,1800.0,171.5686274509798,55.452865064695715
83030,2025-12-23,OOS,1681.0,1673.0,1690.0,1689.0,1687.0,1707.0,1715.0,1746.0,203.22773460848876,-47.59071980963703
83030,2025-12-29,OOS,1757.0,1752.0,1737.0,1732.0,1735.0,1722.0,1737.0,1740.0,-171.23287671232833,-28.45759817871385
83030,2026-03-05,OOS,1700.0,1700.5,1710.0,1730.5,1736.5,1742.5,1764.0,1763.5,246.98618053513587,2.9411764705877808
83030,2026-03-23,OOS,1652.0,1685.5,1696.0,1685.5,1693.0,1692.0,1684.0,1695.5,38.56422426579576,202.7845036319609
83030,2026-03-31,OOS,1682.5,1711.0,1720.0,1718.0,1718.5,1712.5,1731.5,1759.5,8.766803039157445,169.39078751857295
83030,2026-05-21,OOS,1500.0,1501.0,1513.5,1517.5,1527.5,1530.0,1516.0,1481.0,193.20453031312468,6.666666666665932
83060,2026-02-16,OOS,2911.0,2911.0,2931.0,2943.5,2931.0,2922.5,2891.5,2876.5,39.50532463071088,0.0
83060,2026-03-11,OOS,2684.5,2677.0,2665.5,2648.5,2651.0,2656.0,2632.0,2654.0,-78.4460216660443,-27.938163531383566
83060,2026-05-07,OOS,2863.0,2816.5,2822.5,2804.0,2805.0,2808.5,2791.5,2806.5,-28.404047576779945,-162.41704505763232
83060,2026-05-22,OOS,3091.0,3090.0,3052.0,3050.0,3067.0,3079.0,3057.0,3066.0,-35.598705501618255,-3.235198964736119
83080,2024-11-13,IS,1194.5,1214.5,1212.5,1214.0,1214.0,1220.5,1213.5,1224.0,49.40304652120142,167.43407283382084
83080,2024-11-29,IS,1250.0,1260.0,1272.5,1266.5,1267.5,1271.0,1291.5,1297.5,87.30158730158699,80.00000000000007
83080,2025-08-29,OOS,1495.0,1491.0,1495.5,1499.0,1502.5,1497.0,1487.0,1476.5,40.241448692153185,-26.755852842809126
83080,2025-10-14,OOS,1420.5,1435.5,1426.0,1428.0,1423.0,1422.0,1431.0,1433.5,-94.04388714733591,105.59662090813049
83080,2026-02-16,OOS,1970.5,1976.5,1984.5,1997.0,1983.0,1979.5,1923.5,1894.0,15.178345560333817,30.44912458766813
83080,2026-02-17,OOS,1894.0,1934.0,1950.5,1954.5,1949.0,1951.5,1958.0,1942.0,90.48603929679322,211.19324181626098
83080,2026-02-25,OOS,1830.0,1870.0,1883.5,1889.0,1884.5,1887.0,1885.5,1891.5,90.90909090909038,218.57923497267785
83080,2026-04-06,OOS,1849.5,1864.0,1882.5,1888.0,1880.5,1872.5,1862.0,1864.0,45.600858369099214,78.39956745066212
83090,2025-07-28,IS,3970.0,3986.0,3957.0,3960.0,3959.0,3952.0,3944.0,3967.0,-85.29854490717526,40.30226700251882
83160,2025-04-11,IS,3067.0,3096.0,3127.0,3154.0,3194.0,3151.0,3154.0,3120.0,177.64857881136908,94.55493968046902
83160,2026-02-16,OOS,5856.0,5804.0,5823.0,5873.0,5830.0,5818.0,5750.0,5716.0,24.12129565816601,-88.79781420765065
84110,2025-04-11,IS,3242.0,3252.0,3276.0,3301.0,3344.0,3318.0,3300.0,3292.0,202.95202952029578,30.845157310301907
84110,2025-12-03,OOS,5546.0,5563.0,5580.0,5595.0,5605.0,5595.0,5646.0,5664.0,57.52291928815323,30.652722683015554
84110,2026-01-28,OOS,6613.0,6649.0,6661.0,6615.0,6619.0,6625.0,6594.0,6673.0,-36.09565348172694,54.438227733253356
84110,2026-02-05,OOS,7111.0,7090.0,7072.0,7061.0,7114.0,7165.0,7279.0,7347.0,105.78279266572733,-29.531711432990715
84110,2026-02-17,OOS,7000.0,7119.0,7156.0,7140.0,7124.0,7118.0,7110.0,7033.0,-1.4046916701782042,169.99999999999903
84730,2025-03-21,IS,4346.0,4345.0,4365.0,4322.0,4309.0,4321.0,4316.0,4287.0,-55.23590333716966,-2.3009664058903923
84730,2025-04-11,IS,3436.0,3489.0,3472.0,3491.0,3505.0,3475.0,3455.0,3445.0,-40.12611063341942,154.24912689173453
84730,2025-06-20,IS,4776.0,4710.0,4697.0,4710.0,4685.0,4757.0,4783.0,4809.0,99.78768577494802,-138.19095477386912
84730,2025-11-17,OOS,6715.0,6623.0,6652.0,6596.0,6534.0,6518.0,6577.0,6350.0,-158.53842669485084,-137.0067014147436
84730,2026-02-03,OOS,3451.0,3489.0,3465.0,3452.0,3459.0,3452.0,3640.0,3593.0,-106.04757810260823,110.1130107215309
85910,2024-11-25,IS,3331.0,3331.0,3315.0,3320.0,3317.0,3298.0,3302.0,3313.0,-99.06934854398087,0.0
85910,2024-11-27,IS,3270.0,3283.0,3296.0,3302.0,3309.0,3320.0,3327.0,3335.0,112.70179713676498,39.7553516819582
85910,2025-11-19,OOS,3957.0,4020.0,3997.0,4007.0,3997.0,3975.0,3992.0,4027.0,-111.94029850746246,159.21152388172823
85910,2026-02-16,OOS,5331.0,5350.0,5351.0,5361.0,5370.0,5345.0,5264.0,5288.0,-9.345794392523477,35.64059275933174
85910,2026-05-07,OOS,5252.0,5275.0,5330.0,5290.0,5288.0,5303.0,5250.0,5277.0,53.080568720378366,43.79284082254298
86010,2025-01-09,IS,1015.0,1021.0,1017.0,1016.5,1016.5,1013.5,1013.5,1010.0,-73.45739471106727,59.11330049261032
86010,2025-01-16,IS,1010.0,1005.0,1011.5,1003.5,1004.0,1008.0,1005.5,1015.0,29.850746268655914,-49.50495049504955
86010,2025-05-30,IS,979.1,972.0,969.7,970.3,972.9,968.2,970.8,971.3,-39.09465020576097,-72.5155755285467
86010,2026-02-16,OOS,1609.5,1625.5,1610.5,1623.0,1625.0,1616.0,1598.0,1598.5,-58.44355582897531,99.40975458216927
86010,2026-04-06,OOS,1510.5,1512.0,1516.5,1520.0,1514.0,1506.5,1501.0,1504.5,-36.375661375661615,9.930486593843213
86040,2026-02-16,OOS,1427.5,1450.0,1445.0,1457.0,1468.5,1460.5,1451.0,1434.0,72.41379310344742,157.6182136602444
86040,2026-03-09,OOS,1180.5,1206.0,1207.0,1196.5,1199.5,1214.0,1222.0,1218.5,66.33499170812573,216.01016518424387
86040,2026-05-22,OOS,1287.0,1293.5,1267.0,1273.0,1271.5,1275.5,1275.5,1273.0,-139.15732508697377,50.505050505049724
86300,2024-11-05,IS,3296.0,3348.0,3329.0,3333.0,3352.0,3350.0,3371.0,3394.0,5.973715651135247,157.76699029126152
86300,2024-11-27,IS,3915.0,3905.0,3866.0,3869.0,3891.0,3878.0,3896.0,3888.0,-69.14212548015387,-25.542784163473662
86300,2024-11-29,IS,3946.0,3958.0,4018.0,4012.0,4040.0,4043.0,4054.0,4101.0,214.75492673067143,30.41054232133744
86300,2025-02-28,IS,4425.0,4490.0,4520.0,4520.0,4481.0,4511.0,4517.0,4526.0,46.7706013363034,146.8926553672323
86300,2025-04-14,IS,4286.0,4356.0,4338.0,4317.0,4318.0,4299.0,4266.0,4304.0,-130.85399449035862,163.3224451703219
86300,2025-04-15,IS,4304.0,4314.0,4377.0,4370.0,4367.0,4352.0,4356.0,4353.0,88.08530366249512,23.234200743493805
86300,2025-05-09,IS,4766.0,4786.0,4799.0,4780.0,4786.0,4754.0,4738.0,4778.0,-66.86167989970792,41.963911036508875
86300,2025-08-27,OOS,4672.0,4691.0,4770.0,4903.0,4948.0,4960.0,4860.0,4824.0,573.438499253891,40.66780821917915
86300,2025-08-29,OOS,4757.0,4757.0,4798.0,4808.0,4826.0,4809.0,4766.0,4730.0,109.31259196972798,0.0
86300,2025-10-16,OOS,4772.0,4702.0,4693.0,4658.0,4628.0,4647.0,4616.0,4547.0,-116.97150148872848,-146.68901927912813
86300,2025-10-28,OOS,4602.0,4605.0,4618.0,4601.0,4624.0,4588.0,4579.0,4551.0,-36.916395222583716,6.518904823988869
86300,2025-11-21,OOS,5028.0,4954.0,4946.0,4922.0,4896.0,4881.0,4903.0,4868.0,-147.35567218409406,-147.17581543357227
86300,2025-12-19,OOS,5263.0,5356.0,5308.0,5314.0,5319.0,5316.0,5310.0,5272.0,-74.68259895444307,176.70530115903472
86300,2026-02-20,OOS,5904.0,5906.0,5902.0,5849.0,5860.0,5846.0,5870.0,5904.0,-101.59160176092085,3.387533875338633
86300,2026-03-09,OOS,5770.0,5870.0,5865.0,5840.0,5870.0,5923.0,5905.0,5913.0,90.28960817717203,173.31022530329366
86970,2024-11-15,IS,1801.5,1812.0,1825.5,1830.0,1837.5,1837.0,1837.0,1821.5,137.96909492273636,58.28476269775118
86970,2024-11-19,IS,1853.0,1863.0,1839.0,1834.0,1833.0,1831.5,1815.5,1810.0,-169.08212560386437,53.96654074473872
86970,2024-12-18,IS,1796.5,1770.0,1772.5,1782.5,1791.5,1784.5,1785.5,1778.0,81.9209039548019,-147.50904536598998
86970,2024-12-23,IS,1782.0,1780.0,1780.5,1783.5,1781.0,1779.0,1767.0,1776.0,-5.617977528089568,-11.223344556677839
86970,2025-02-04,IS,1614.5,1613.5,1637.0,1645.0,1642.5,1621.5,1594.0,1597.5,49.58165478772925,-6.1938680706097315
86970,2025-03-25,IS,1650.0,1662.0,1662.0,1671.0,1667.5,1669.0,1660.0,1651.5,42.11793020457266,72.7272727272732
86970,2025-06-20,IS,1554.0,1545.0,1533.5,1522.5,1515.5,,1525.5,1526.0,,-57.9150579150578
86970,2025-07-01,IS,1540.5,1533.0,1565.5,1565.0,1552.5,1537.5,1527.5,1515.0,29.354207436398383,-48.685491723466924
86970,2025-12-04,OOS,1745.0,1748.0,1733.0,1724.5,1722.0,1723.0,1722.5,1737.0,-143.0205949656749,17.191977077364307
86970,2025-12-16,OOS,1676.5,1657.0,1654.5,1665.0,1661.5,1665.0,1670.0,1670.5,48.280024140012756,-116.31374888159907
86970,2026-03-09,OOS,1958.0,1986.5,1987.5,1970.0,1958.5,1978.0,1973.0,1963.5,-42.788824565819226,145.55669050051011
86970,2026-04-17,OOS,1900.0,1909.5,1910.5,1904.5,1897.0,1893.5,1893.5,1882.5,-83.7915684734225,49.999999999998934
87250,2024-11-05,IS,3401.0,3419.0,3429.0,3449.0,3457.0,3451.0,3487.0,3528.0,93.59461830944716,52.92561011467134
87250,2024-11-14,IS,3585.0,3655.0,3636.0,3654.0,3661.0,3657.0,3652.0,3624.0,5.471956224349928,195.25801952580136
87250,2024-11-18,IS,3647.0,3635.0,3663.0,3649.0,3676.0,3669.0,3657.0,3700.0,93.53507565337038,-32.903756512201454
87250,2025-01-28,IS,3231.0,3252.0,3239.0,3241.0,3238.0,3248.0,3248.0,3240.0,-12.300123001229846,64.9953574744666
87250,2025-05-08,IS,3189.0,3259.0,3246.0,3241.0,3244.0,3236.0,3265.0,3259.0,-70.57379564283539,219.50454687990063
87250,2025-07-04,IS,3120.0,3134.0,3126.0,3117.0,3112.0,3110.0,3107.0,3096.0,-76.5794511805995,44.87179487179471
87250,2025-12-19,OOS,3751.0,3795.0,3771.0,3755.0,3755.0,3752.0,3741.0,3724.0,-113.30698287219998,117.30205278592365
87250,2026-04-17,OOS,4055.0,4088.0,4086.0,4076.0,4067.0,4058.0,4052.0,4026.0,-73.38551859099817,81.38101109741002
87250,2026-05-21,OOS,4350.0,4299.0,4259.0,4269.0,4264.0,4268.0,4191.0,4245.0,-72.10979297511022,-117.2413793103444
87290,2025-10-03,OOS,145.3,147.0,149.0,149.4,150.9,153.4,159.0,161.0,435.374149659864,116.99931176875289
87290,2025-10-14,OOS,152.7,152.6,152.4,153.0,152.9,152.7,153.0,153.1,6.55307994757548,-6.5487884741322056
87290,2025-11-05,OOS,151.6,152.2,152.0,152.6,152.6,152.1,153.0,151.6,-6.570302233902536,39.57783641160839
87290,2025-12-15,OOS,170.4,170.0,167.5,164.4,165.3,164.3,165.4,165.7,-335.2941176470581,-23.474178403756206
87290,2025-12-19,OOS,162.4,163.6,163.3,161.4,161.1,160.9,160.7,160.9,-165.03667481662544,73.8916256157629
87290,2026-05-12,OOS,139.2,139.5,140.0,140.6,140.6,140.8,141.4,141.3,93.1899641577072,21.551724137931494
87500,2024-11-14,IS,4027.0,4097.0,4092.0,4062.0,4044.0,4039.0,4051.0,4003.0,-141.56700024408053,173.82666997765028
87500,2025-05-30,IS,1128.5,1109.0,1113.0,1118.5,1121.0,1113.5,1116.0,1127.0,40.57709648331853,-172.79574656623885
87500,2025-06-16,IS,1082.0,1080.0,1077.5,1075.0,1075.5,1078.5,1069.5,1078.0,-13.88888888888884,-18.48428835489857
87500,2025-11-13,OOS,1156.5,1148.0,1143.5,1145.5,1142.5,1133.5,1135.0,1219.0,-126.30662020905903,-73.49762213575417
87500,2025-11-19,OOS,1214.5,1225.0,1238.0,1245.5,1252.5,1249.5,1253.0,1237.0,200.00000000000017,86.45533141210305
87500,2025-11-25,OOS,1185.5,1188.0,1202.0,1212.0,1218.5,1223.0,1221.5,1222.0,294.6127946127941,21.08814846056406
87500,2025-12-01,OOS,1202.5,1225.0,1219.5,1222.5,1222.5,1215.5,1222.5,1216.5,-77.55102040816308,187.11018711018656
87500,2025-12-19,OOS,1310.0,1331.0,1327.5,1324.5,1325.0,1325.5,1319.0,1298.0,-41.32231404958664,160.30534351145099
87500,2026-01-30,OOS,1352.5,1382.0,1372.5,1380.0,1381.5,1379.5,1359.5,1347.0,-18.089725036180006,218.11460258780002
87500,2026-03-11,OOS,1472.5,1465.5,1450.0,1439.5,1439.5,1436.0,1422.5,1428.0,-201.29648584100934,-47.53820033955858
87500,2026-03-19,OOS,1400.0,1371.0,1355.5,1356.0,1360.5,1347.5,1361.0,1357.5,-171.40773158278665,-207.14285714285685
87500,2026-04-17,OOS,1459.5,1478.5,1470.5,1464.5,1459.0,1455.0,1451.0,1459.0,-158.94487656408552,130.18156903048973
87660,2025-01-09,IS,5257.0,5223.0,5255.0,5232.0,5239.0,5212.0,5235.0,5163.0,-21.06069308826397,-64.67567053452528
87660,2025-03-21,IS,5982.0,6010.0,6022.0,5987.0,5982.0,5981.0,5964.0,5949.0,-48.25291181364433,46.807087930458295
87660,2025-04-11,IS,4915.0,4929.0,4985.0,5009.0,5014.0,4985.0,4960.0,4960.0,113.61330898762345,28.48423194303118
87660,2025-08-29,OOS,6401.0,6410.0,6441.0,6464.0,6477.0,6454.0,6406.0,6380.0,68.6427457098282,14.060303077643166
87660,2025-12-19,OOS,5954.0,5997.0,5921.0,5922.0,5919.0,5926.0,5892.0,5820.0,-118.39252959813251,72.22035606315069
87660,2026-02-16,OOS,6252.0,6271.0,6276.0,6290.0,6286.0,6258.0,6248.0,6248.0,-20.730346037314273,30.39027511196446
87660,2026-03-11,OOS,6016.0,6000.0,5964.0,5949.0,5973.0,5947.0,5901.0,5878.0,-88.3333333333336,-26.595744680850686
87660,2026-03-31,OOS,7308.0,7453.0,7430.0,7427.0,7359.0,7373.0,7410.0,7490.0,-107.33932644572674,198.4126984126977
87660,2026-05-11,OOS,7150.0,7200.0,7214.0,7253.0,7220.0,7201.0,7188.0,7140.0,1.388888888889106,69.93006993007089
87660,2026-05-20,OOS,7817.0,7800.0,7752.0,7852.0,7901.0,7896.0,7790.0,7697.0,123.07692307692352,-21.74747345529027
87950,2024-11-25,IS,2505.5,2554.0,2531.5,2541.5,2530.5,2496.5,2508.5,2535.0,-225.1370399373531,193.57413689882196
87950,2024-11-29,IS,2833.0,2850.0,2841.5,2837.0,2846.5,2838.5,2873.0,2902.0,-40.35087719298281,60.00705965407693
87950,2025-05-15,IS,3037.0,3071.0,3050.0,3027.0,3013.0,3044.0,3032.0,3053.0,-87.91924454575107,111.95258478762015
87950,2025-05-27,IS,3312.0,3338.0,3344.0,3351.0,3340.0,3335.0,3357.0,3309.0,-8.987417615338167,78.50241545893644
87950,2025-06-13,IS,3226.0,3265.0,3261.0,3259.0,3253.0,3258.0,3255.0,3255.0,-21.439509954058742,120.89274643521497
87950,2025-07-17,IS,3373.0,3399.0,3394.0,3385.0,3383.0,3379.0,3377.0,3405.0,-58.840835539865076,77.08271568336755
87950,2025-12-10,OOS,3416.0,3473.0,3483.0,3491.0,3474.0,3460.0,3442.0,3435.0,-37.43161531816863,166.86182669789272
87950,2026-02-13,OOS,4110.0,4074.0,4092.0,4032.0,4043.0,3993.0,3964.0,3979.0,-198.8217967599415,-87.59124087591275
87950,2026-03-03,OOS,3969.0,3948.0,3884.0,3869.0,3880.0,3871.0,3787.0,3779.0,-195.03546099290725,-52.910052910053466
87950,2026-03-12,OOS,3733.0,3686.0,3732.0,3773.0,3746.0,3754.0,3727.0,3712.0,184.48182311448625,-125.90409858023067
87950,2026-04-06,OOS,3874.0,3919.0,3958.0,3973.0,3957.0,3932.0,3939.0,3963.0,33.17172748150021,116.15900877645745
87950,2026-04-17,OOS,4000.0,4034.0,4010.0,4006.0,4001.0,3992.0,3981.0,3921.0,-104.11502231036151,84.99999999999952
87950,2026-05-21,OOS,4075.0,4113.0,4103.0,4074.0,4122.0,4150.0,4101.0,4118.0,89.95866763919392,93.25153374233119
87950,2026-05-22,OOS,4118.0,4137.0,4096.0,4112.0,4105.0,4121.0,4052.0,4091.0,-38.67536862460774,46.13890237979534
88010,2024-11-05,IS,1332.0,1335.5,1344.0,1345.5,1349.5,1356.0,1367.0,1353.5,153.50056158742075,26.276276276275823
88010,2024-11-27,IS,1250.0,1246.0,1243.5,1255.0,1245.5,1249.5,1253.5,1256.5,28.089887640450062,-31.999999999999808
88010,2025-01-10,IS,1240.0,1243.5,1246.0,1248.5,1242.5,1235.0,1231.0,1231.0,-68.35544833132312,28.225806451613877
88010,2025-02-07,IS,1360.0,1372.0,1374.0,1366.5,1366.0,1357.0,1352.5,1331.0,-109.3294460641403,88.23529411764675
88010,2025-05-28,IS,1379.0,1380.0,1374.0,1379.5,1380.5,1378.5,1378.0,1378.5,-10.869565217391797,7.2516316171133965
88010,2025-07-18,IS,1330.5,1337.0,1338.0,1328.5,1323.0,1321.5,1315.0,1311.0,-115.93118922961887,48.853814355505065
88010,2025-10-27,OOS,1627.0,1635.0,1635.0,1633.0,1631.0,1631.5,1630.5,1623.5,-21.40672782874664,49.170251997541214
88010,2026-01-05,OOS,1770.5,1808.0,1830.5,1826.0,1822.5,1819.5,1859.5,1846.0,63.6061946902644,211.80457497882
88010,2026-01-14,OOS,1881.0,1880.0,1890.5,1874.0,1872.5,1866.0,1872.0,1887.5,-74.4680851063828,-5.316321105794941
88010,2026-01-19,OOS,1838.5,1828.0,1818.0,1822.0,1820.0,1820.5,1818.5,1815.5,-41.028446389497205,-57.111775904269415
88010,2026-01-27,OOS,1739.0,1714.0,1713.0,1725.5,1729.0,1724.5,1720.5,1727.0,61.2602100350057,-143.76078205865394
88010,2026-04-06,OOS,1650.0,1658.0,1667.0,1673.0,1672.5,1664.0,1665.0,1672.0,36.18817852834688,48.4848484848488
88010,2026-04-16,OOS,1759.0,1749.5,1756.5,1750.0,1737.5,1733.0,1733.5,1731.0,-94.31266076021738,-54.00795906765232
88010,2026-04-17,OOS,1731.0,1766.0,1772.5,1764.5,1761.5,1761.0,1751.0,1753.0,-28.312570781426906,202.19526285384148
88020,2024-11-08,IS,2197.0,2229.0,2224.5,2216.0,2220.0,2201.0,2193.5,2193.0,-125.61686855091958,145.65316340464207
88020,2024-12-04,IS,2151.5,2164.0,2162.0,2163.0,2161.0,2163.0,2171.0,2135.0,-4.6210720887240875,58.099000697187094
88020,2025-07-04,IS,2696.5,2707.5,2732.0,2727.0,2723.0,2707.5,2701.0,2699.5,0.0,40.793621361023824
88020,2025-08-29,OOS,3158.0,3151.0,3170.0,3183.0,3186.0,3189.0,3157.0,3172.0,120.59663598857462,-22.16592780240667
88020,2025-11-20,OOS,3355.0,3392.0,3478.0,3466.0,3458.0,3469.0,3476.0,3489.0,227.0047169811318,110.28315946348677
88020,2025-12-01,OOS,3615.0,3600.0,3599.0,3602.0,3583.0,3550.0,3606.0,3615.0,-138.8888888888884,-41.49377593360981
88020,2025-12-16,OOS,3819.0,3819.0,3796.0,3823.0,3797.0,3800.0,3793.0,3772.0,-49.7512437810943,0.0
88020,2026-01-30,OOS,3940.0,4005.0,3996.0,3988.0,3994.0,3980.0,3956.0,3923.0,-62.42197253433224,164.97461928933976
88020,2026-02-24,OOS,5059.0,5001.0,5121.0,5075.0,5092.0,5062.0,5099.0,5220.0,121.97560487902325,-114.6471634710422
88300,2024-11-13,IS,4648.0,4679.0,4698.0,4717.0,4718.0,4703.0,4694.0,4660.0,51.29301132720698,66.69535283993167
88300,2024-11-18,IS,4556.0,4604.0,4615.0,4595.0,4607.0,4604.0,4622.0,4628.0,0.0,105.35557506584637
88300,2024-11-22,IS,4567.0,4609.0,4580.0,4585.0,4629.0,4615.0,4560.0,4479.0,13.018008244738422,91.96409021239305
88300,2025-05-07,IS,5479.0,5550.0,5523.0,5508.0,5506.0,5524.0,5497.0,5479.0,-46.84684684684637,129.58569081949366
88300,2025-06-12,IS,5838.0,5845.0,5811.0,5868.0,5830.0,5830.0,5859.0,5809.0,-25.662959794696683,11.990407673860837
88300,2025-07-23,IS,5418.0,5502.0,5502.0,5514.0,5500.0,5502.0,5533.0,5487.0,0.0,155.03875968992276
88300,2025-07-24,IS,5487.0,5516.0,5520.0,5513.0,5509.0,5497.0,5501.0,5513.0,-34.44525018129085,52.852196099872906
88300,2025-10-02,OOS,6238.0,6192.0,6230.0,6225.0,6221.0,6251.0,6261.0,6315.0,95.28423772609872,-73.74158384097495
88300,2025-11-27,OOS,7574.0,7500.0,7462.0,7506.0,7526.0,7533.0,7531.0,7542.0,43.999999999999595,-97.70266701874863
88300,2026-01-05,OOS,3903.0,3948.0,3968.0,3980.0,3983.0,3961.0,4060.0,4018.0,32.92806484295863,115.29592621060792
88300,2026-01-22,OOS,4152.0,4208.0,4216.0,4210.0,4208.0,4211.0,4190.0,4200.0,7.1292775665399155,134.8747591522148
88300,2026-04-06,OOS,4553.0,4623.0,4647.0,4670.0,4688.0,4656.0,4665.0,4672.0,71.38221933809197,153.7447836591266
88300,2026-04-09,OOS,4919.0,4909.0,4898.0,4882.0,4848.0,4856.0,4844.0,4806.0,-107.96496231411656,-20.329335230737655
88300,2026-04-16,OOS,4745.0,4733.0,4732.0,4717.0,4682.0,4684.0,4691.0,4653.0,-103.52841749418972,-25.28977871443572
90200,2024-12-04,IS,2932.0,2929.5,2908.5,2908.0,2904.0,2891.5,2902.0,2883.5,-129.7149684246457,-8.526603001364208
90200,2025-03-21,IS,3020.0,3030.0,3026.0,3027.0,3018.0,3023.0,3014.0,3038.0,-23.102310231023495,33.11258278145601
90200,2025-07-04,IS,3146.0,3161.0,3164.0,3169.0,3168.0,3165.0,3161.0,3172.0,12.654223347041693,47.67959313413783
90200,2026-02-02,OOS,3796.0,3795.0,3779.0,3762.0,3805.0,3804.0,3762.0,3742.0,23.71541501976271,-2.6343519494209655
90200,2026-03-06,OOS,3709.0,3680.0,3676.0,3684.0,3690.0,3732.0,3785.0,3789.0,141.3043478260878,-78.18819088703188
90200,2026-03-31,OOS,3625.0,3666.0,3651.0,3639.0,3640.0,3658.0,3660.0,3684.0,-21.822149481723898,113.10344827586194
90210,2024-11-05,IS,2666.5,2701.5,2719.0,2716.0,2716.0,2728.0,2734.0,2688.0,98.09365167499529,131.25820363772743
90210,2025-05-14,IS,3147.0,3138.0,3153.0,3155.0,3157.0,3164.0,3152.0,3167.0,82.85532186105726,-28.59866539561495
90210,2025-05-30,IS,3119.0,3119.0,3130.0,3123.0,3115.0,3105.0,3103.0,3105.0,-44.88618146841983,0.0
90210,2026-03-19,OOS,3177.0,3177.0,3148.0,3144.0,3159.0,3150.0,3149.0,3140.0,-84.98583569405139,0.0
90210,2026-03-31,OOS,3128.0,3153.0,3146.0,3140.0,3139.0,3150.0,3157.0,3169.0,-9.514747859181716,79.92327365728968
90210,2026-04-27,OOS,2945.0,2950.0,2952.0,2951.0,2961.5,2958.5,2959.5,2963.5,28.813559322034,16.97792869269854
90220,2025-03-21,IS,2973.0,2977.5,2982.0,2979.0,2971.5,2967.0,2953.5,2952.5,-35.26448362720424,15.136226034309086
90220,2025-05-27,IS,3160.0,3181.0,3172.0,3157.0,3158.0,3157.0,3160.0,3143.0,-75.44797233574374,66.455696202532
90220,2026-02-09,OOS,4716.0,4696.0,4652.0,4653.0,4677.0,4682.0,4701.0,4717.0,-29.812606473594848,-42.40882103477506
90220,2026-03-09,OOS,4293.0,4334.0,4285.0,4301.0,4337.0,4347.0,4343.0,4336.0,29.9953853253343,95.50430934078813
90240,2025-01-09,IS,3230.0,3268.0,3282.0,3293.0,3293.0,3264.0,3270.0,3233.0,-12.23990208078285,117.647058823529
90240,2025-02-20,IS,3098.0,3098.0,3114.0,3123.0,3110.0,3111.0,3078.0,3059.0,41.962556488057686,0.0
90240,2025-02-25,IS,3055.0,3055.0,3046.0,3034.0,3023.0,3031.0,3036.0,3065.0,-78.55973813420624,0.0
90240,2025-04-07,IS,2971.0,3021.0,3075.0,3062.0,3071.0,3067.0,3108.0,3080.0,152.2674611055952,168.29350387075115
90240,2025-07-02,IS,5125.0,5130.0,5185.0,5102.0,5097.0,5001.0,4974.0,4966.0,-251.4619883040936,9.756097560975618
90240,2025-08-05,IS,4475.0,4497.0,4592.0,4656.0,4680.0,4712.0,4685.0,4580.0,478.0965087836342,49.16201117318497
90240,2026-01-08,OOS,4334.0,4323.0,4325.0,4323.0,4328.0,4320.0,4290.0,4252.0,-6.93962526023606,-25.380710659898
90240,2026-01-15,OOS,4228.0,4210.0,4199.0,4185.0,4163.0,4147.0,4169.0,4162.0,-149.64370546318273,-42.57332071901598
90240,2026-01-21,OOS,4243.0,4252.0,4251.0,4263.0,4265.0,4268.0,4260.0,4170.0,37.62935089369756,21.211407023331574
90240,2026-01-22,OOS,4170.0,4181.0,4165.0,4186.0,4198.0,4198.0,4168.0,4096.0,40.660129155705164,26.378896882492953
90240,2026-02-16,OOS,4404.0,4461.0,4465.0,4428.0,4455.0,4476.0,4471.0,4462.0,33.6247478143914,129.42779291553074
90240,2026-03-04,OOS,4504.0,4535.0,4540.0,4556.0,4570.0,4538.0,4450.0,4376.0,6.615214994487584,68.82770870337396
90240,2026-03-05,OOS,4376.0,4346.0,4257.0,4278.0,4272.0,4221.0,4289.0,4222.0,-287.62080073630904,-68.55575868372932
90240,2026-05-15,OOS,3414.0,3408.0,3421.0,3348.0,3333.0,3274.0,3209.0,3130.0,-393.1924882629112,-17.574692442882125
90240,2026-05-20,OOS,2978.5,2981.0,2940.0,2942.5,2934.5,2959.0,3023.0,2951.5,-73.80073800738019,8.393486654356686
90240,2026-05-22,OOS,2978.5,3000.0,2971.0,2974.5,2966.5,2990.0,2963.0,2942.5,-33.333333333332995,72.18398522746305
91010,2025-02-21,IS,5185.0,5183.0,5171.0,5206.0,5180.0,5206.0,5230.0,5236.0,44.3758441057307,-3.8572806171643936
91010,2025-11-06,OOS,4913.0,4939.0,4947.0,4916.0,4931.0,4981.0,4972.0,5030.0,85.03745697509669,52.92082230816231
91010,2026-01-30,OOS,5072.0,5139.0,5149.0,5165.0,5164.0,5196.0,5173.0,5118.0,110.91652072387603,132.09779179810698
91010,2026-03-25,OOS,5729.0,5749.0,5779.0,5730.0,5737.0,5758.0,5719.0,5785.0,15.654896503740634,34.910106475825046
91010,2026-05-11,OOS,5471.0,5400.0,5414.0,5414.0,5455.0,5452.0,5447.0,5301.0,96.29629629629655,-129.77517821239238
91040,2025-02-21,IS,5426.0,5450.0,5408.0,5470.0,5452.0,5494.0,5525.0,5502.0,80.73394495412778,44.23147806855931
91040,2025-11-04,OOS,4357.0,4328.0,4355.0,4375.0,4383.0,4395.0,4351.0,4403.0,154.80591497227357,-66.55955932981405
91040,2026-03-31,OOS,6496.0,6492.0,6351.0,6302.0,6246.0,6287.0,6320.0,6498.0,-315.7732593961804,-6.157635467980427
91040,2026-04-14,OOS,6408.0,6434.0,6338.0,6321.0,6301.0,6286.0,6289.0,6362.0,-230.02797637550532,40.57428214731651
91040,2026-04-17,OOS,6307.0,6252.0,6234.0,6267.0,6232.0,6162.0,6157.0,6106.0,-143.95393474088246,-87.20469319803415
91040,2026-04-23,OOS,5999.0,6088.0,6124.0,6169.0,6173.0,6161.0,6145.0,6122.0,119.908015768726,148.35805967661207
91040,2026-05-21,OOS,5709.0,5648.0,5621.0,5624.0,5661.0,5693.0,5630.0,5650.0,79.6742209631729,-106.84883517253496
91070,2025-02-21,IS,2104.0,2104.0,2112.0,2135.5,2117.0,2126.5,2130.0,2130.0,106.93916349809874,0.0
91070,2026-05-21,OOS,2529.5,2542.5,2511.5,2510.0,2525.5,2533.5,2499.0,2511.0,-35.39823008849585,51.39355603874351
92010,2026-03-11,OOS,2664.0,2670.0,2654.0,2658.0,2660.5,2659.0,2651.0,2653.0,-41.19850187265905,22.522522522523403
94320,2025-09-19,OOS,158.0,158.2,158.8,158.8,159.0,158.8,159.0,158.2,37.926675094817064,12.658227848101333
94320,2026-02-25,OOS,150.9,152.0,152.4,152.4,153.2,153.3,152.4,152.1,85.52631578947478,72.89595758780632
94320,2026-05-07,OOS,150.8,152.8,152.9,152.8,152.5,151.9,152.2,150.2,-58.900523560210246,132.62599469495927
94330,2025-08-29,OOS,2550.5,2552.0,2553.5,2566.5,2575.0,2581.0,2570.5,2583.0,113.63636363636465,5.881199764752321
94330,2026-02-05,OOS,2785.0,2784.5,2789.0,2773.5,2788.5,2797.0,2792.5,2799.0,44.891362901777754,-1.7953321364450048
94330,2026-02-09,OOS,2541.0,2562.0,2557.0,2572.0,2584.5,2575.0,2593.5,2580.0,50.741608118656245,82.64462809917327
94330,2026-04-09,OOS,2708.5,2695.0,2651.0,2643.5,2632.5,2620.5,2618.0,2582.0,-276.43784786641976,-49.8430865792876
94340,2025-05-30,IS,221.4,221.2,220.8,221.3,221.4,219.8,219.9,220.2,-63.29113924050556,-9.033423667570428
94340,2025-11-25,OOS,225.0,224.5,226.3,226.1,226.3,226.5,226.8,224.4,89.08685968819663,-22.222222222222364
94340,2026-01-30,OOS,209.0,213.3,211.1,210.8,211.5,211.4,210.6,210.9,-89.07641819034251,205.741626794258
94340,2026-03-19,OOS,215.6,215.5,215.7,217.0,216.1,215.8,216.0,216.3,13.921113689094877,-4.638218923932458
94340,2026-03-31,OOS,211.1,211.3,211.9,211.3,210.6,211.6,211.3,213.0,14.197823000472454,9.47418285172974
95010,2024-11-05,IS,626.3,627.7,625.3,627.0,625.8,626.9,633.8,629.3,-12.744941851203784,22.35350471020414
95010,2024-11-14,IS,565.7,575.7,576.3,580.8,582.9,586.5,587.5,580.6,187.59770713913326,176.77214071062375
95010,2024-11-18,IS,584.4,588.0,588.7,585.8,586.8,581.9,581.3,585.5,-103.7414965986394,61.60164271047375
95010,2025-01-10,IS,434.8,431.5,432.7,432.1,430.1,428.8,421.8,422.4,-62.57242178447253,-75.89696412143576
95010,2025-01-14,IS,422.4,424.8,420.8,422.1,419.9,419.3,425.3,424.3,-129.47269303201557,56.81818181818343
95010,2025-01-16,IS,421.9,420.0,421.0,419.7,419.6,421.6,421.5,421.8,38.095238095239296,-45.034368333727315
95010,2025-08-27,OOS,730.1,735.4,748.9,744.7,739.8,733.6,732.0,748.9,-24.476475387543715,72.59279550746456
95010,2025-10-02,OOS,643.1,639.8,660.0,665.8,673.2,685.4,685.4,697.5,712.7227258518287,-51.31394806406564
95010,2025-11-19,OOS,868.0,882.7,856.6,837.2,817.4,800.8,832.7,834.0,-927.835051546393,169.35483870967883
95010,2025-12-04,OOS,655.6,662.8,655.2,650.4,652.6,650.6,646.5,644.6,-184.0675920337953,109.82306284319509
95010,2026-02-20,OOS,703.3,705.1,696.1,692.7,695.7,698.5,687.2,686.1,-93.60374414976613,25.593630029860925
95010,2026-05-22,OOS,549.0,558.5,556.0,557.8,560.6,561.7,566.9,567.2,57.29632945389529,173.04189435336957
95020,2024-11-08,IS,1704.0,1690.5,1701.0,1695.0,1693.5,1690.0,1688.5,1682.0,-2.9577048210593926,-79.22535211267623
95020,2024-11-14,IS,1662.5,1686.5,1696.0,1705.0,1705.5,1714.0,1709.0,1700.5,163.05959086866383,144.36090225563802
95020,2024-11-26,IS,1594.5,1595.5,1601.5,1600.5,1602.5,1593.0,1587.5,1590.0,-15.66906925728584,6.271558482282558
95020,2025-01-14,IS,1578.5,1588.5,1580.5,1581.5,1580.0,1577.0,1580.5,1580.5,-72.3953415171541,63.351282863477465
95020,2025-01-16,IS,1563.0,1563.0,1569.0,1566.5,1569.5,1575.0,1566.0,1592.5,76.77543186180414,0.0
95020,2025-02-28,IS,1586.5,1610.5,1624.5,1610.0,1603.0,1601.0,1603.5,1610.5,-58.98789195901921,151.27639457926279
95020,2026-04-21,OOS,2684.0,2675.0,2656.5,2636.0,2622.0,2641.5,2635.5,2621.0,-125.23364485981348,-33.53204172876323
95020,2026-05-01,OOS,2652.0,2677.0,2690.0,2700.5,2723.0,2734.5,2772.5,2747.5,214.79267837131167,94.26847662141746
95030,2025-01-14,IS,1659.5,1673.0,1660.5,1662.5,1654.5,1660.0,1672.5,1686.0,-77.70472205618661,81.34980415787973
95030,2025-01-15,IS,1686.0,1705.0,1713.5,1705.0,1710.0,1705.0,1697.5,1699.5,0.0,112.69276393831574
95030,2025-01-16,IS,1699.5,1700.5,1709.0,1692.0,1689.5,1700.0,1698.5,1699.5,-2.9403116730375434,5.884083553986397
95030,2025-11-21,OOS,2542.5,2570.0,2591.5,2584.0,2588.0,2580.5,2582.5,2575.5,40.856031128404524,108.16125860373616
95030,2026-01-30,OOS,2468.0,2434.0,2426.5,2431.5,2441.5,2435.0,2406.5,2397.0,4.108463434675524,-137.7633711507298
95030,2026-04-06,OOS,2601.5,2613.0,2647.0,2650.0,2630.5,2602.5,2596.0,2578.0,-40.18369690011458,44.205266192580694
95310,2025-08-27,OOS,5697.0,5666.0,5697.0,5688.0,5677.0,,5732.0,5733.0,,-54.414604177637216
95310,2025-11-21,OOS,6081.0,6181.0,6181.0,6179.0,6203.0,6209.0,6229.0,6189.0,45.300113250283935,164.44663706627117
95310,2025-12-01,OOS,6178.0,6132.0,6108.0,6146.0,6110.0,6082.0,6150.0,6130.0,-81.53946510110922,-74.45775331822557
95310,2025-12-18,OOS,6356.0,6317.0,6346.0,6336.0,6387.0,6398.0,6409.0,6415.0,128.22542346050403,-61.359345500314745
95310,2026-02-16,OOS,7440.0,7497.0,7530.0,7555.0,7541.0,7524.0,7511.0,7541.0,36.01440576230574,76.61290322580561
95310,2026-02-20,OOS,7575.0,7662.0,7610.0,7582.0,7530.0,7565.0,7606.0,7625.0,-126.59879926912087,114.85148514851495
95310,2026-03-13,OOS,7584.0,7619.0,7582.0,7604.0,7571.0,7535.0,7439.0,7459.0,-110.25068906680646,46.149789029534816
95310,2026-04-06,OOS,7224.0,7247.0,7343.0,7400.0,7352.0,7275.0,7306.0,7369.0,38.63667724575581,31.838316722037074
96130,2024-11-05,IS,2310.0,2333.5,2344.5,2336.0,2346.0,2365.5,2400.0,2628.0,137.13306192414842,101.73160173160278
96130,2024-11-06,IS,2628.0,2635.0,2676.5,2718.0,2709.0,2744.0,2726.5,2689.5,413.6622390891831,26.636225266363223
96130,2024-11-15,IS,2720.0,2717.5,2740.0,2739.0,2744.0,2759.0,2773.0,2766.5,152.71389144434266,-9.191176470588758
96130,2024-11-18,IS,2766.5,2800.0,2814.0,2818.0,2838.0,2842.0,2841.5,2860.0,149.99999999999903,121.09163202602468
96130,2024-12-23,IS,3019.0,3009.0,2994.5,2998.5,3003.0,3003.0,2989.5,2979.0,-19.94017946161497,-33.12355084465035
96130,2025-07-03,IS,3931.0,3970.0,3967.0,3967.0,3966.0,3962.0,3963.0,3965.0,-20.15113350125941,99.21139659119893
96970,2025-01-08,IS,3378.0,3381.0,3388.0,3373.0,3372.0,3351.0,3346.0,3368.0,-88.73114463176623,8.88099467140302
96970,2025-01-22,IS,3290.0,3332.0,3352.0,3349.0,3346.0,3344.0,3339.0,3308.0,36.01440576230574,127.65957446808417
96970,2025-01-28,IS,3481.0,3482.0,3481.0,3475.0,3498.0,3490.0,3465.0,3433.0,22.975301550833827,2.872737719046281
96970,2025-01-31,IS,3557.0,3499.0,3502.0,3492.0,3500.0,3557.0,3590.0,3569.0,165.7616461846234,-163.05875737981478
96970,2025-03-21,IS,3666.0,3705.0,3724.0,3730.0,3714.0,3717.0,3761.0,3705.0,32.38866396761075,106.38297872340496
96970,2025-10-16,OOS,4140.0,4144.0,4113.0,4090.0,4073.0,4088.0,4083.0,4125.0,-135.13513513513487,9.661835748793202
96970,2025-11-04,OOS,3976.0,3936.0,4000.0,3960.0,3995.0,3978.0,3906.0,3961.0,106.70731707317138,-100.60362173038185
96970,2025-11-06,OOS,3957.0,3971.0,3991.0,4019.0,4029.0,4038.0,4011.0,4071.0,168.7232435154873,35.380338640385034
96970,2026-02-02,OOS,3645.0,3610.0,3624.0,3574.0,3567.0,3570.0,3553.0,3539.0,-110.80332409972304,-96.02194787380003
96970,2026-02-19,OOS,3147.0,3205.0,3146.0,3141.0,3160.0,3163.0,3127.0,3148.0,-131.04524180967192,184.3025103272966
96970,2026-04-21,OOS,3545.0,3600.0,3566.0,3547.0,3578.0,3535.0,3504.0,3499.0,-180.55555555555603,155.14809590973178
96970,2026-05-13,OOS,3296.0,3266.0,3203.0,3209.0,3206.0,3155.0,3072.0,3049.0,-339.86527862829183,-91.01941747572839
96970,2026-05-14,OOS,3049.0,3061.0,3139.0,3126.0,3129.0,3098.0,3030.0,3065.0,120.87553087226422,39.35716628402864
97350,2025-01-10,IS,5155.0,5155.0,5217.0,5224.0,5232.0,5176.0,5163.0,5143.0,40.73714839961218,0.0
97350,2025-05-30,IS,5268.0,5305.0,5356.0,5360.0,5343.0,5323.0,5315.0,5318.0,33.93025447690823,70.23538344722802
97350,2025-08-12,OOS,5809.0,5819.0,5811.0,5844.0,5870.0,5855.0,5854.0,5837.0,61.866300051556244,17.214666896194775
97350,2026-02-20,OOS,5985.0,5929.0,5903.0,5900.0,5878.0,5916.0,5949.0,5946.0,-21.926125822229192,-93.56725146198785
97350,2026-02-25,OOS,5980.0,6037.0,6025.0,6031.0,6085.0,6091.0,6042.0,6021.0,89.44840152393496,95.31772575250841
97350,2026-05-11,OOS,5622.0,5640.0,5610.0,5636.0,5605.0,5618.0,5600.0,5589.0,-39.007092198581894,32.01707577374702
97350,2026-05-20,OOS,6358.0,6359.0,6376.0,6354.0,6348.0,6375.0,6345.0,6430.0,25.161188866174022,1.572821642026323
97350,2026-05-22,OOS,6356.0,6443.0,6436.0,6423.0,6462.0,6480.0,6455.0,6479.0,57.42666459723766,136.87853996223964
97660,2024-12-13,IS,15125.0,15075.0,15075.0,14945.0,14960.0,14965.0,14930.0,15075.0,-72.96849087893852,-33.05785123966953
97660,2024-12-23,IS,14910.0,14950.0,14895.0,14770.0,14740.0,14815.0,14920.0,14915.0,-90.30100334448177,26.827632461434714
97660,2025-01-10,IS,14185.0,14130.0,14250.0,14380.0,14295.0,14185.0,14035.0,14105.0,38.92427459306403,-38.773352132533965
97660,2025-01-28,IS,14250.0,14260.0,14360.0,14390.0,14370.0,14370.0,14350.0,14345.0,77.13884992987418,7.0175438596487005
97660,2025-03-14,IS,17135.0,17470.0,17320.0,17350.0,17390.0,17490.0,17465.0,17420.0,11.448196908987462,195.50627370878314
97660,2025-04-14,IS,18835.0,19095.0,19045.0,18920.0,18975.0,18975.0,18820.0,18710.0,-62.843676355066606,138.04088133793525
97660,2025-04-16,IS,18810.0,18900.0,19000.0,19060.0,19020.0,19095.0,19195.0,19155.0,103.17460317460281,47.84688995215225
97660,2025-04-22,IS,19875.0,20275.0,20235.0,20195.0,20045.0,19840.0,19785.0,19735.0,-214.54993834771895,201.25786163522008
97660,2025-05-30,IS,19655.0,19500.0,19550.0,19540.0,19650.0,19890.0,19850.0,19885.0,200.00000000000017,-78.86034088018357
97660,2025-06-20,IS,21780.0,21905.0,21585.0,21800.0,21795.0,21885.0,21785.0,22020.0,-9.130335539830892,57.392102846647305
97660,2025-08-26,OOS,23045.0,22950.0,22840.0,22830.0,22680.0,22560.0,22660.0,22630.0,-169.93464052287632,-41.223692775005375
97660,2025-08-29,OOS,22405.0,22185.0,22040.0,22110.0,22045.0,21970.0,21695.0,21905.0,-96.91232814965089,-98.1923677750507
97660,2025-09-05,OOS,21840.0,21840.0,21820.0,21975.0,21985.0,21755.0,21755.0,21835.0,-38.919413919413785,0.0
97660,2025-11-04,OOS,25275.0,25550.0,25865.0,25490.0,25410.0,24965.0,24425.0,24910.0,-228.96281800391384,108.80316518298683
97660,2025-11-06,OOS,24630.0,24690.0,24935.0,24735.0,24685.0,24655.0,24330.0,24435.0,-14.175779667882082,24.360535931791105
97660,2025-11-10,OOS,24270.0,24025.0,24060.0,23860.0,24040.0,23895.0,24160.0,24415.0,-54.11030176899034,-100.94767202307398
97660,2025-12-03,OOS,22700.0,22700.0,22510.0,22735.0,22680.0,22490.0,22540.0,22710.0,-92.51101321585908,0.0
97660,2025-12-04,OOS,22710.0,22870.0,22400.0,22260.0,22280.0,22225.0,22535.0,22395.0,-282.0288587669439,70.45354469396692
97660,2026-02-02,OOS,21330.0,21045.0,21225.0,21045.0,20810.0,20910.0,21020.0,21130.0,-64.14825374198129,-133.61462728551322
97660,2026-02-19,OOS,19070.0,19050.0,18870.0,18835.0,18950.0,18980.0,18840.0,18795.0,-36.74540682414684,-10.48767697954922
97660,2026-03-04,OOS,19325.0,19725.0,19765.0,19750.0,19760.0,19565.0,19465.0,19425.0,-81.11533586818709,206.98576972833172
97660,2026-03-31,OOS,19335.0,19735.0,19580.0,19690.0,19580.0,19595.0,19620.0,19780.0,-70.93995439574341,206.87871735195262
97660,2026-04-09,OOS,19195.0,19375.0,19595.0,19620.0,19650.0,19680.0,19470.0,19455.0,157.41935483871038,93.77442042198592
97660,2026-04-17,OOS,20920.0,20890.0,20970.0,21045.0,20870.0,21065.0,21000.0,21300.0,83.77213977979858,-14.34034416825991
97660,2026-05-13,OOS,20160.0,19660.0,19410.0,19680.0,19610.0,19475.0,19330.0,19540.0,-94.09969481180114,-248.01587301587324
97660,2026-05-14,OOS,19540.0,19775.0,19860.0,19835.0,19720.0,19545.0,19485.0,19650.0,-116.3084702907713,120.26612077789211
98430,2024-11-05,IS,18995.0,19245.0,19115.0,18955.0,19010.0,19010.0,18780.0,18685.0,-122.10963886723825,131.61358252171684
98430,2025-10-02,OOS,2634.0,2584.0,2564.0,2534.0,2538.0,2530.5,2521.5,2563.0,-207.0433436532504,-189.82536066818545
98430,2025-10-03,OOS,2563.0,2524.5,2488.0,2501.0,2474.0,2476.0,2516.5,2531.0,-192.1172509407798,-150.2145922746778
98430,2025-11-20,OOS,2585.0,2600.0,2664.0,2676.0,2663.5,2671.0,2691.5,2691.5,273.0769230769225,58.02707930367524
98430,2026-01-22,OOS,2658.5,2658.5,2648.5,2654.0,2643.0,2654.0,2642.5,2637.5,-16.92683844273124,0.0
98430,2026-02-03,OOS,2636.0,2674.0,2727.0,2730.0,2746.0,2741.0,2742.0,2743.0,250.56095736724072,144.15781487101765
98430,2026-02-19,OOS,3317.0,3290.0,3286.0,3277.0,3277.0,3287.0,3264.0,3237.0,-9.118541033434902,-81.39885438649408
98430,2026-03-19,OOS,2684.0,2719.5,2688.0,2691.0,2689.5,2659.5,2650.0,2616.0,-220.6287920573635,132.26527570789904
99830,2026-01-14,OOS,65160.0,65160.0,65250.0,65080.0,64750.0,64980.0,64550.0,64010.0,-27.62430939226568,0.0
99830,2026-02-12,OOS,68300.0,67480.0,67910.0,67850.0,67770.0,67850.0,68450.0,69150.0,54.83106105512725,-120.05856515373337
99830,2026-03-09,OOS,63260.0,64020.0,64290.0,64210.0,64760.0,64460.0,64140.0,64250.0,68.72852233676952,120.13910844135279
99830,2026-04-03,OOS,64300.0,64310.0,64500.0,64420.0,64330.0,64710.0,65220.0,65130.0,62.19872492613909,1.5552099533433505
99830,2026-04-08,OOS,67760.0,68070.0,68540.0,69080.0,69040.0,68930.0,68330.0,67450.0,126.34053180549331,45.749704840614136
99830,2026-04-16,OOS,74840.0,74620.0,75410.0,75040.0,74750.0,74590.0,74540.0,74050.0,-4.020369874028207,-29.396044895777518
99830,2026-04-17,OOS,74050.0,74940.0,74940.0,75040.0,74820.0,75150.0,74810.0,74650.0,28.02241793434801,120.18906144496854
99840,2025-07-11,IS,10590.0,10570.0,10500.0,10500.0,10455.0,10400.0,10365.0,10260.0,-160.83254493850507,-18.885741265344258
99840,2026-02-13,OOS,4390.0,4409.0,4498.0,4480.0,4496.0,4543.0,4590.0,4688.0,303.92379224313925,43.280182232345865
99840,2026-04-17,OOS,4527.0,4575.0,4578.0,4607.0,4594.0,4671.0,4752.0,4774.0,209.83606557376964,106.03048376408131
