date,code,side,entry,exit,entry_ts,exit_ts,entry_z,exit_z,pnl
2025-04-01,58010,1,4871.0,4923.0,2025-04-01 10:00:00,2025-04-01 10:15:00,-5.025854639125174,-0.004159070725309635,0.009018845951657948
2025-04-01,58010,-1,4941.0,4927.0,2025-04-01 10:45:00,2025-04-01 12:41:00,1.9586634776780252,0.11028293180238273,0.0012374563017869048
2025-04-01,58010,-1,4938.0,4928.0,2025-04-01 12:52:00,2025-04-01 13:00:00,2.1202842254887595,0.2625948231300565,0.0004271646917690774
2025-04-01,58010,1,4918.0,4928.0,2025-04-01 13:04:00,2025-04-01 13:12:00,-1.5226603642036163,0.2373421452617065,0.000431282437217841
2025-04-01,58010,-1,4936.0,4928.0,2025-04-01 13:34:00,2025-04-01 13:39:00,1.8460276543902627,0.27424745549143836,2.2060371868054974e-05
2025-04-01,58010,-1,4936.0,4928.0,2025-04-01 14:23:00,2025-04-01 15:02:00,2.3797214073816697,-0.03972486321566138,2.2060371868054974e-05
2025-04-01,58010,1,4916.0,4914.0,2025-04-01 15:12:00,2025-04-01 15:24:00,,,-0.0020069176048009767
2025-04-02,58010,-1,4929.0,5058.0,2025-04-02 10:17:00,2025-04-02 15:24:00,,,-0.02743502052453271
2025-04-03,58010,1,4712.0,4653.0,2025-04-03 10:15:00,2025-04-03 15:24:00,,,-0.014200273486774086
2025-04-04,58010,1,4328.0,4383.0,2025-04-04 10:10:00,2025-04-04 10:22:00,-1.7093217173551103,0.09387583265759013,0.0110278798924918
2025-04-04,58010,1,4352.0,4345.0,2025-04-04 10:27:00,2025-04-04 15:24:00,,,-0.003209750836286123
2025-04-07,58010,-1,3777.0,3787.0,2025-04-07 10:00:00,2025-04-07 14:44:00,2.8110964750129934,0.04731183699955669,-0.004244105189337925
2025-04-07,58010,1,3769.0,3742.0,2025-04-07 15:10:00,2025-04-07 15:24:00,,,-0.00878948643310051
2025-04-08,58010,-1,4272.0,4253.0,2025-04-08 10:11:00,2025-04-08 10:17:00,1.6955459539900428,0.24673932725285058,0.0028574853863972014
2025-04-08,58010,-1,4268.0,4251.0,2025-04-08 10:37:00,2025-04-08 10:57:00,1.5326918121121735,-0.08838967321709058,0.0023910840628538835
2025-04-08,58010,1,4243.0,4251.0,2025-04-08 11:23:00,2025-04-08 11:26:00,-1.569468217953494,-0.2103920914622437,0.00028368315646526074
2025-04-08,58010,-1,4259.0,4253.0,2025-04-08 11:27:00,2025-04-08 11:30:00,1.5472725804423877,0.21395188910009366,-0.00019022533042000107
2025-04-08,58010,-1,4260.0,4252.0,2025-04-08 12:32:00,2025-04-08 12:41:00,1.5631746778276205,0.0208639707982947,0.0002796998015775192
2025-04-08,58010,1,4235.0,4236.0,2025-04-08 12:48:00,2025-04-08 15:20:00,-2.5217288926445853,-0.05696770748749932,-0.001363900364857761
2025-04-08,58010,-1,4250.0,4249.0,2025-04-08 15:21:00,2025-04-08 15:24:00,,,-0.0013646781963490013
2025-04-09,58010,-1,3991.0,3964.0,2025-04-09 10:01:00,2025-04-09 10:08:00,2.5021464199144465,-0.059584621273641954,0.005188209598855301
2025-04-09,58010,-1,4005.0,3971.0,2025-04-09 10:15:00,2025-04-09 10:23:00,2.7880278473322373,0.22309199328562926,0.006925628371208131
2025-04-09,58010,-1,3983.0,3966.0,2025-04-09 10:49:00,2025-04-09 10:51:00,1.8640879617788693,-0.22576697388494835,0.0026772741019029725
2025-04-09,58010,-1,3992.0,3972.0,2025-04-09 10:57:00,2025-04-09 12:36:00,2.762478603091009,-0.038713393387259175,0.003422612266291332
2025-04-09,58010,1,3956.0,3975.0,2025-04-09 13:00:00,2025-04-09 13:03:00,-1.5217689465801998,0.28363427464015445,0.0031913343458295886
2025-04-09,58010,1,3957.0,3955.0,2025-04-09 13:06:00,2025-04-09 14:56:00,-1.8264997167201673,-0.1488510073056244,-0.002105561183670023
2025-04-09,58010,-1,3995.0,3983.0,2025-04-09 15:08:00,2025-04-09 15:24:00,,,0.0014082750187307742
2025-04-10,58010,1,4450.0,4469.0,2025-04-10 10:07:00,2025-04-10 10:39:00,-1.9172721742191816,-0.13654848016752527,0.0026605737731656308
2025-04-10,58010,-1,4503.0,4471.0,2025-04-10 11:01:00,2025-04-10 11:07:00,1.7899556657989073,-0.17023524982407573,0.005531744067591057
2025-04-10,58010,-1,4489.0,4482.0,2025-04-10 11:10:00,2025-04-10 14:04:00,1.8527188983520475,0.1302879174782971,-3.9415578940221394e-05
2025-04-10,58010,-1,4492.0,4481.0,2025-04-10 14:20:00,2025-04-10 14:26:00,1.6064043316980932,-0.09719302273655213,0.0008518010721907893
2025-04-10,58010,-1,4489.0,4483.0,2025-04-10 14:30:00,2025-04-10 14:49:00,1.9374810968666334,0.25968591751007414,-0.0002625053735073573
2025-04-10,58010,-1,4491.0,4515.0,2025-04-10 14:52:00,2025-04-10 15:24:00,,,-0.006929792763347826
2025-04-11,58010,1,4132.0,4162.0,2025-04-11 10:00:00,2025-04-11 10:17:00,-4.5768289286869095,0.08151412305273391,0.005634176714050542
2025-04-11,58010,-1,4182.0,4159.0,2025-04-11 10:39:00,2025-04-11 10:47:00,2.039929236017482,-0.23441478250084213,0.003914940245667208
2025-04-11,58010,1,4150.0,4159.0,2025-04-11 11:09:00,2025-04-11 11:26:00,-1.654731016102948,-0.14571302156220028,0.0005663265181677331
2025-04-11,58010,-1,4198.0,4165.0,2025-04-11 12:30:00,2025-04-11 12:58:00,3.1000928809763817,0.057656905300969404,0.0062919457796352255
2025-04-11,58010,-1,4180.0,4168.0,2025-04-11 13:05:00,2025-04-11 13:51:00,1.503249913201738,0.05369577632400237,0.0012749420855990995
2025-04-11,58010,-1,4181.0,4169.0,2025-04-11 14:00:00,2025-04-11 14:04:00,1.9589392651392952,0.2865755081020816,0.0012742534757681043
2025-04-11,58010,-1,4174.0,4252.0,2025-04-11 14:06:00,2025-04-11 15:24:00,,,-0.02011465182469245
2025-04-14,58010,1,4329.0,4365.0,2025-04-14 10:01:00,2025-04-14 15:06:00,-1.6310915088884965,0.22809302678376686,0.006681620831722018
2025-04-14,58010,1,4340.0,4335.0,2025-04-14 15:19:00,2025-04-14 15:24:00,,,-0.002752737879808285
2025-04-15,58010,-1,4396.0,4382.0,2025-04-15 10:00:00,2025-04-15 10:21:00,2.866021950080567,-0.08745298764987147,0.0015897953681001493
2025-04-15,58010,-1,4393.0,4383.0,2025-04-15 10:25:00,2025-04-15 10:32:00,1.64498164231621,0.03169858697936031,0.000678943556970349
2025-04-15,58010,1,4372.0,4382.0,2025-04-15 10:52:00,2025-04-15 11:00:00,-1.5305273250867262,-0.008269842655540505,0.0006846708589827485
2025-04-15,58010,1,4374.0,4324.0,2025-04-15 11:16:00,2025-04-15 15:24:00,,,-0.013097022477614264
2025-04-16,58010,1,4273.0,4282.0,2025-04-16 10:00:00,2025-04-16 10:13:00,-2.5942364518302155,-0.2619180517559917,0.0005040335056030779
2025-04-16,58010,-1,4296.0,4287.0,2025-04-16 10:22:00,2025-04-16 10:41:00,1.7288953013577248,0.012418070239321542,0.0004971695907235367
2025-04-16,58010,1,4279.0,4280.0,2025-04-16 11:07:00,2025-04-16 12:31:00,-1.9998293538831164,-0.2655048725728001,-0.001366327840974409
2025-04-16,58010,1,4262.0,4161.0,2025-04-16 12:57:00,2025-04-16 15:24:00,,,-0.025583103675621197
2025-04-17,58010,1,4093.0,4102.0,2025-04-17 10:00:00,2025-04-17 11:15:00,-3.138723267677696,0.025961591468032716,0.0005964621399229518
2025-04-17,58010,-1,4128.0,4106.0,2025-04-17 11:20:00,2025-04-17 11:24:00,1.851661043928785,0.23367496673355975,0.0037437095825197907
2025-04-17,58010,-1,4133.0,4106.0,2025-04-17 12:30:00,2025-04-17 12:34:00,1.9339685655010344,0.18573315936770038,0.004954216932853512
2025-04-17,58010,1,4081.0,4101.0,2025-04-17 12:40:00,2025-04-17 13:05:00,-1.8543243368279654,-0.15220995896498146,0.0032887899862536537
2025-04-17,58010,1,4091.0,4100.0,2025-04-17 13:09:00,2025-04-17 13:12:00,-1.5840739465948022,-0.2645724528514631,0.0005975347630006067
2025-04-17,58010,1,4093.0,4101.0,2025-04-17 13:27:00,2025-04-17 13:30:00,-1.7904570799182584,-0.20738790350756747,0.0003526488996563532
2025-04-17,58010,1,4092.0,4102.0,2025-04-17 13:45:00,2025-04-17 13:53:00,-2.9364207964009674,0.08161875055673677,0.0008408115608088179
2025-04-17,58010,1,4092.0,4100.0,2025-04-17 14:09:00,2025-04-17 14:20:00,-1.8064427505431935,-0.29277554118875004,0.00035312562088207007
2025-04-17,58010,-1,4113.0,4135.0,2025-04-17 14:28:00,2025-04-17 15:24:00,,,-0.006934639227367625
2025-04-18,58010,-1,4180.0,4155.0,2025-04-18 10:00:00,2025-04-18 10:54:00,3.289075978758401,-0.05861730790787729,0.00439881822925338
2025-04-18,58010,-1,4169.0,4157.0,2025-04-18 11:07:00,2025-04-18 11:25:00,1.607510061576589,0.2288736352193445,0.0012825386281594406
2025-04-18,58010,1,4137.0,4148.0,2025-04-18 12:30:00,2025-04-18 14:21:00,-2.9307255200068076,-0.23524406613151896,0.001055402888006426
2025-04-18,58010,1,4141.0,4150.0,2025-04-18 14:46:00,2025-04-18 14:56:00,-2.4542265537623362,0.10354588329798582,0.0005710296791767292
2025-04-18,58010,1,4139.0,4147.0,2025-04-18 15:00:00,2025-04-18 15:22:00,-2.5735573667740086,-0.2459080384562412,0.00033096849764899195
2025-04-21,58010,1,4049.0,4071.0,2025-04-21 10:05:00,2025-04-21 10:35:00,-1.6682010346943008,-0.05625116375812923,0.003818732470817646
2025-04-21,58010,1,4054.0,4024.0,2025-04-21 10:42:00,2025-04-21 15:24:00,,,-0.009027615232370162
2025-04-22,58010,1,3985.0,3993.0,2025-04-22 10:02:00,2025-04-22 10:12:00,-1.8693889132770771,0.13831189666236404,0.00040551583890597004
2025-04-22,58010,-1,4003.0,3998.0,2025-04-22 10:22:00,2025-04-22 12:34:00,1.530497474936877,-0.03914245145528805,-0.00035015606777170807
2025-04-22,58010,-1,4012.0,4032.0,2025-04-22 12:39:00,2025-04-22 15:24:00,,,-0.006572660669378459
2025-04-23,58010,1,4202.0,4212.0,2025-04-23 10:00:00,2025-04-23 10:06:00,-1.5514647323363004,-0.0010412857156785872,0.0007769918489204115
2025-04-23,58010,1,4200.0,4212.0,2025-04-23 10:08:00,2025-04-23 10:24:00,-1.735747622614854,0.06152236337796674,0.0012530689824064806
2025-04-23,58010,1,4193.0,4207.0,2025-04-23 10:33:00,2025-04-23 12:40:00,-2.0725627212450237,0.2243496801831465,0.001733336419758217
2025-04-23,58010,1,4194.0,4204.0,2025-04-23 13:19:00,2025-04-23 14:28:00,-1.5248369143771927,-0.043011319322222165,0.0007815205349764119
2025-04-23,58010,1,4191.0,4191.0,2025-04-23 14:50:00,2025-04-23 15:24:00,,,-0.0016
2025-04-24,58010,-1,4297.0,4295.0,2025-04-24 10:04:00,2025-04-24 10:45:00,1.5108273222231952,0.2916118404335651,-0.0011344506433605913
2025-04-24,58010,-1,4308.0,4302.0,2025-04-24 10:58:00,2025-04-24 12:32:00,1.713430452561899,0.17187343706500252,-0.000206271551396197
2025-04-24,58010,1,4285.0,4246.0,2025-04-24 13:07:00,2025-04-24 15:24:00,,,-0.010743188768678752
2025-04-25,58010,1,4432.0,4442.0,2025-04-25 10:28:00,2025-04-25 12:30:00,-1.9889792103627646,-0.15310890243366368,0.0006537760272530464
2025-04-25,58010,-1,4459.0,4446.0,2025-04-25 12:58:00,2025-04-25 13:19:00,2.0199212912099673,0.2002050492938463,0.0013197101033347502
2025-04-25,58010,-1,4454.0,4443.0,2025-04-25 13:20:00,2025-04-25 13:25:00,1.6741481848291013,-0.2687717404289313,0.0008727448814045129
2025-04-25,58010,-1,4458.0,4472.0,2025-04-25 13:32:00,2025-04-25 15:24:00,,,-0.004735500889120864
2025-04-28,58010,1,4450.0,4447.0,2025-04-28 10:00:00,2025-04-28 15:24:00,,,-0.0022743846495894993
2025-04-30,58010,-1,4443.0,4429.0,2025-04-30 10:00:00,2025-04-30 10:37:00,2.7185670665427812,-0.2738648169159439,0.0015559990127103306
2025-04-30,58010,1,4417.0,4427.0,2025-04-30 10:43:00,2025-04-30 13:18:00,-1.7523792210777243,0.19608769221284994,0.0006614211356144987
2025-04-30,58010,1,4420.0,4426.0,2025-04-30 13:30:00,2025-04-30 13:43:00,-1.6938080649874898,0.025426243983591928,-0.000243454460748847
2025-04-30,58010,-1,4435.0,4457.0,2025-04-30 13:56:00,2025-04-30 15:24:00,,,-0.006548278202875924
2025-05-01,58010,1,4450.0,4464.0,2025-05-01 10:00:00,2025-05-01 10:15:00,-1.8676436257007343,-0.1417858520813533,0.0015411289008610567
2025-05-01,58010,-1,4484.0,4467.0,2025-05-01 10:17:00,2025-05-01 10:30:00,1.8510811596955286,-0.08220449011143595,0.0021984628399318784
2025-05-01,58010,1,4455.0,4465.0,2025-05-01 11:00:00,2025-05-01 11:27:00,-1.9040293477607422,-0.25469650557520945,0.0006421534056897267
2025-05-01,58010,-1,4486.0,4471.0,2025-05-01 12:33:00,2025-05-01 12:44:00,1.7136530737770241,0.2954399216185416,0.0017493388461730008
2025-05-01,58010,-1,4480.0,4480.0,2025-05-01 12:58:00,2025-05-01 14:54:00,2.2473605001820314,0.1427023172005697,-0.0016
2025-05-02,58010,1,4419.0,4413.0,2025-05-02 10:00:00,2025-05-02 13:11:00,-3.8114796619953566,0.0008421959086751973,-0.002958695861192737
2025-05-02,58010,1,4408.0,4413.0,2025-05-02 13:36:00,2025-05-02 14:06:00,-1.5927117136222093,-0.07010194418651775,-0.0004663415632031585
2025-05-02,58010,-1,4418.0,4413.0,2025-05-02 14:15:00,2025-05-02 14:21:00,1.868607807823364,-0.10277958305618173,-0.00046762528948469527
2025-05-02,58010,-1,4419.0,4414.0,2025-05-02 14:22:00,2025-05-02 14:28:00,2.464613173030227,0.2964235344106773,-0.00046788168594177936
2025-05-02,58010,-1,4419.0,4415.0,2025-05-02 14:30:00,2025-05-02 15:02:00,2.535717364706515,0.17736436854481416,-0.000694407907320474
2025-05-02,58010,-1,4423.0,4420.0,2025-05-02 15:06:00,2025-05-02 15:24:00,,,-0.0009214972034170255
2025-05-07,58010,1,4413.0,4428.0,2025-05-07 10:00:00,2025-05-07 10:08:00,-3.145853168867694,0.029297933257653796,0.001793284558980308
2025-05-07,58010,-1,4442.0,4498.0,2025-05-07 10:23:00,2025-05-07 15:24:00,,,-0.014128128064888217
2025-05-08,58010,-1,4574.0,4752.0,2025-05-08 10:07:00,2025-05-08 15:24:00,,,-0.03977748645975433
2025-05-09,58010,1,4806.0,4816.0,2025-05-09 10:01:00,2025-05-09 10:24:00,-1.9065153900451508,-0.14545460456764986,0.0004785706922428234
2025-05-09,58010,1,4808.0,4815.0,2025-05-09 10:29:00,2025-05-09 11:30:00,-1.5305743729772354,0.18857219591727903,-0.00014515198281746743
2025-05-09,58010,1,4777.0,4807.0,2025-05-09 12:30:00,2025-05-09 14:14:00,-5.667302169605198,0.018766594059129466,0.004660454503998764
2025-05-09,58010,-1,4819.0,4808.0,2025-05-09 14:30:00,2025-05-09 14:35:00,2.283485786999327,0.20511756205230855,0.0006852404252891927
2025-05-09,58010,-1,4821.0,4807.0,2025-05-09 14:42:00,2025-05-09 15:15:00,3.417963309347059,-0.1639414280769185,0.001308186511661608
2025-05-12,58010,-1,4942.0,4904.0,2025-05-12 10:00:00,2025-05-12 13:39:00,4.1725840374357865,-0.2925599770806704,0.006118908932508063
2025-05-12,58010,-1,4915.0,4936.0,2025-05-12 14:14:00,2025-05-12 15:24:00,,,-0.005863533003956873
2025-05-13,58010,1,5101.0,5133.0,2025-05-13 10:00:00,2025-05-13 10:09:00,-1.7002125765449898,0.1865213837372957,0.004653684637376578
2025-05-13,58010,1,5107.0,5066.0,2025-05-13 10:15:00,2025-05-13 14:01:00,-1.8930341031538345,-0.08025029210355215,-0.009660596086023342
2025-05-13,58010,-1,5303.0,5304.0,2025-05-13 14:02:00,2025-05-13 14:27:00,3.7058767254391847,0.2349517703626397,-0.0017885547285684186
2025-05-13,58010,-1,5544.0,5620.0,2025-05-13 14:36:00,2025-05-13 15:24:00,,,-0.01521540201799767
2025-05-14,58010,1,5410.0,5509.0,2025-05-14 10:00:00,2025-05-14 13:56:00,-5.513540179585252,0.038907610678963866,0.016534025632189402
2025-05-14,58010,-1,5539.0,5618.0,2025-05-14 14:12:00,2025-05-14 15:24:00,,,-0.01576174963108513
2025-05-15,58010,-1,5682.0,5661.0,2025-05-15 10:27:00,2025-05-15 10:42:00,1.7453671564906301,0.017976159623409718,0.002102728377473344
2025-05-15,58010,1,5642.0,5565.0,2025-05-15 10:46:00,2025-05-15 15:24:00,,,-0.015341627852296353
2025-05-16,58010,1,5364.0,5397.0,2025-05-16 10:00:00,2025-05-16 13:31:00,-4.82488170984887,-0.26743616818522464,0.004533278217073744
2025-05-16,58010,-1,5417.0,5404.0,2025-05-16 13:56:00,2025-05-16 15:09:00,1.68419404352321,-0.02256221608734803,0.0008027365778094126
2025-05-19,58010,-1,5354.0,5338.0,2025-05-19 10:00:00,2025-05-19 13:10:00,2.1816997480315323,0.18291997350720904,0.001392894115828358
2025-05-19,58010,1,5326.0,5337.0,2025-05-19 14:00:00,2025-05-19 14:11:00,-1.5923681637957996,0.28272115413151666,0.0004632099600673427
2025-05-19,58010,1,5322.0,5321.0,2025-05-19 14:22:00,2025-05-19 15:24:00,,,-0.00178791694126521
2025-05-20,58010,-1,5607.0,5709.0,2025-05-20 10:00:00,2025-05-20 15:24:00,,,-0.01962805984058667
2025-05-21,58010,1,5609.0,5652.0,2025-05-21 10:00:00,2025-05-21 11:06:00,-3.7300592774974217,-0.1449532526831542,0.00603701429608107
2025-05-21,58010,1,5634.0,5654.0,2025-05-21 12:30:00,2025-05-21 12:32:00,-3.191643082289315,-0.22769621883548463,0.001943589817217764
2025-05-21,58010,-1,5677.0,5655.0,2025-05-21 12:36:00,2025-05-21 12:41:00,2.83161952456399,-0.09837705318204337,0.0022828146205053695
2025-05-21,58010,1,5623.0,5652.0,2025-05-21 12:47:00,2025-05-21 13:59:00,-3.2865858912424883,-0.04147362272456752,0.0035441355122163036
2025-05-21,58010,1,5639.0,5651.0,2025-05-21 14:08:00,2025-05-21 14:13:00,-2.0349627253683895,-0.15243415841216765,0.0005257758226611443
2025-05-21,58010,1,5640.0,5612.0,2025-05-21 14:37:00,2025-05-21 15:24:00,,,-0.006576903269752974
2025-05-22,58010,-1,5988.0,6250.0,2025-05-22 10:00:00,2025-05-22 15:24:00,,,-0.04442399719092823
2025-05-23,58010,-1,6425.0,6373.0,2025-05-23 10:00:00,2025-05-23 10:06:00,2.3160461430041526,-0.04423639592045105,0.006526314449126463
2025-05-23,58010,-1,6414.0,6375.0,2025-05-23 10:08:00,2025-05-23 10:27:00,2.4915433523810377,-0.2949668018639273,0.004499010226473314
2025-05-23,58010,-1,6404.0,6519.0,2025-05-23 10:48:00,2025-05-23 15:24:00,,,-0.01939819480793409
2025-05-26,58010,1,6383.0,6427.0,2025-05-26 10:00:00,2025-05-26 10:34:00,-4.0683071880569495,-0.26031827660451207,0.005269660115228845
2025-05-26,58010,-1,6467.0,6497.0,2025-05-26 10:37:00,2025-05-26 15:24:00,,,-0.0062282094339381495
2025-05-27,58010,1,6607.0,6634.0,2025-05-27 10:06:00,2025-05-27 10:40:00,-1.7684856533064794,0.07599829334588042,0.0024782474771120463
2025-05-27,58010,1,6603.0,6629.0,2025-05-27 10:50:00,2025-05-27 13:05:00,-1.905524596046002,0.0310313770872572,0.0023298720468202397
2025-05-27,58010,-1,6657.0,6634.0,2025-05-27 13:15:00,2025-05-27 15:03:00,1.5839680491100692,-0.07844732930164976,0.0018609920937058763
2025-05-27,58010,-1,6667.0,6688.0,2025-05-27 15:10:00,2025-05-27 15:24:00,,,-0.004744892146477571
2025-05-28,58010,1,6712.0,6718.0,2025-05-28 10:00:00,2025-05-28 12:50:00,-3.7345485539683443,-0.17850890350526655,-0.0007064779748039683
2025-05-28,58010,1,6698.0,6724.0,2025-05-28 12:57:00,2025-05-28 13:09:00,-1.5967111456110679,0.29552613505184133,0.0022742411743562965
2025-05-28,58010,-1,6748.0,6725.0,2025-05-28 13:22:00,2025-05-28 13:37:00,1.6011262034171,0.2252242296754675,0.0018142391958190518
2025-05-28,58010,-1,6749.0,6725.0,2025-05-28 13:41:00,2025-05-28 13:57:00,2.455214684538374,0.15810104685760612,0.0019624202733666517
2025-05-28,58010,-1,6747.0,6721.0,2025-05-28 14:10:00,2025-05-28 14:22:00,1.9663185138846289,-0.22914164924383193,0.0022610086574595427
2025-05-28,58010,1,6704.0,6683.0,2025-05-28 14:44:00,2025-05-28 15:24:00,,,-0.004737374650848805
2025-05-29,58010,-1,6938.0,6848.0,2025-05-29 10:00:00,2025-05-29 10:07:00,2.479287538962758,0.06008157216213568,0.011456909708117012
2025-05-29,58010,1,6822.0,6846.0,2025-05-29 10:42:00,2025-05-29 10:45:00,-1.533681648210787,0.07038746291773168,0.0019118561115396492
2025-05-29,58010,-1,6868.0,6863.0,2025-05-29 10:46:00,2025-05-29 11:07:00,1.6914564387850313,0.28830339322753673,-0.000871720891268519
2025-05-29,58010,-1,6882.0,6864.0,2025-05-29 11:23:00,2025-05-29 13:32:00,1.5568916533090758,0.059033040963956826,0.0010189451896274947
2025-05-29,58010,1,6844.0,6864.0,2025-05-29 13:50:00,2025-05-29 14:14:00,-1.810152334911201,0.10676092579544377,0.001318006155714021
2025-05-29,58010,1,6847.0,6972.0,2025-05-29 14:24:00,2025-05-29 15:24:00,,,0.016491527518848546
2025-05-30,58010,1,6847.0,6858.0,2025-05-30 10:00:00,2025-05-30 10:29:00,-2.0089714382535346,-0.004697099712612528,5.253901802798654e-06
2025-05-30,58010,-1,6876.0,6863.0,2025-05-30 10:57:00,2025-05-30 11:05:00,1.580014149803248,0.2883162976800526,0.0002924235941052489
2025-05-30,58010,-1,6883.0,6851.0,2025-05-30 11:17:00,2025-05-30 13:37:00,1.7687245578034956,0.010954942686415017,0.0030599763954650867
2025-05-30,58010,-1,6865.0,6886.0,2025-05-30 14:12:00,2025-05-30 15:24:00,,,-0.004654325696397754
2025-06-02,58010,-1,6936.0,6876.0,2025-06-02 10:00:00,2025-06-02 12:31:00,5.593604364786756,0.2457089337749773,0.007088151957637927
2025-06-02,58010,1,6857.0,6874.0,2025-06-02 12:32:00,2025-06-02 12:36:00,-1.6693220713784422,0.006137763634449305,0.000876150125414819
2025-06-02,58010,1,6852.0,6875.0,2025-06-02 12:54:00,2025-06-02 13:04:00,-1.5462158714782743,0.18365127381858135,0.001751063090761614
2025-06-02,58010,1,6856.0,6872.0,2025-06-02 13:09:00,2025-06-02 13:13:00,-1.8407377677482868,-0.1669170753218611,0.0007310033864756083
2025-06-02,58010,1,6857.0,6821.0,2025-06-02 13:27:00,2025-06-02 15:24:00,,,-0.006863939629645068
2025-06-03,58010,1,6817.0,6815.0,2025-06-03 10:00:00,2025-06-03 15:01:00,-2.6789002067433336,-0.05775253347102946,-0.0018934272321522398
2025-06-03,58010,1,6801.0,6786.0,2025-06-03 15:05:00,2025-06-03 15:24:00,,,-0.00380799383146328
2025-06-04,58010,-1,7106.0,7071.0,2025-06-04 10:00:00,2025-06-04 11:27:00,3.0359335536588103,0.0417223906255362,0.0033375849767315847
2025-06-04,58010,-1,7111.0,7201.0,2025-06-04 12:30:00,2025-06-04 15:24:00,,,-0.014177024365348812
2025-06-05,58010,1,7190.0,7216.0,2025-06-05 10:09:00,2025-06-05 10:30:00,-2.0459537838609894,-0.20562590929794705,0.002009611027367234
2025-06-05,58010,1,7197.0,7219.0,2025-06-05 10:33:00,2025-06-05 11:02:00,-1.8383956312087162,0.1579939298942872,0.0014521666313568385
2025-06-05,58010,1,7195.0,7217.0,2025-06-05 11:10:00,2025-06-05 11:29:00,-1.9023086130891242,-0.03707481036979903,0.0014530137508050238
2025-06-05,58010,1,7192.0,7214.0,2025-06-05 12:36:00,2025-06-05 12:47:00,-1.7372632669020798,-0.2527354839994636,0.0014542853120281518
2025-06-05,58010,1,7200.0,7163.0,2025-06-05 12:53:00,2025-06-05 15:24:00,,,-0.006752138389695482
2025-06-06,58010,1,7108.0,7153.0,2025-06-06 10:01:00,2025-06-06 10:47:00,-1.6532282547540451,0.1889453630598549,0.0047109388338419725
2025-06-06,58010,1,7125.0,7144.0,2025-06-06 11:12:00,2025-06-06 13:11:00,-2.0984189992568303,0.19336203247260442,0.0010631174194836283
2025-06-06,58010,1,7107.0,7034.0,2025-06-06 13:33:00,2025-06-06 15:24:00,,,-0.011924679792967373
2025-06-09,58010,-1,7195.0,7165.0,2025-06-09 10:02:00,2025-06-09 10:23:00,2.1392511942415293,-0.10546626203128825,0.002578279059195967
2025-06-09,58010,-1,7186.0,7170.0,2025-06-09 10:48:00,2025-06-09 10:56:00,1.5246681047567026,0.18085312560725905,0.0006290340797979928
2025-06-09,58010,-1,7185.0,7170.0,2025-06-09 11:01:00,2025-06-09 11:13:00,1.6298517248003728,0.18047131438741418,0.000489864919459242
2025-06-09,58010,1,7144.0,7164.0,2025-06-09 11:25:00,2025-06-09 12:47:00,-1.9482626022043463,-0.29876544507396285,0.0011956406242674873
2025-06-09,58010,1,7153.0,7081.0,2025-06-09 13:09:00,2025-06-09 15:24:00,,,-0.011716708456609876
2025-06-10,58010,1,7078.0,7129.0,2025-06-10 10:00:00,2025-06-10 13:09:00,-3.233480595278398,-0.09955937902576775,0.005579590212219859
2025-06-10,58010,-1,7159.0,7132.0,2025-06-10 13:12:00,2025-06-10 13:30:00,1.6536514015835497,-0.07999356359928422,0.0021786064131540054
2025-06-10,58010,-1,7159.0,7138.0,2025-06-10 13:55:00,2025-06-10 14:22:00,1.9336922147026114,0.19337743947247915,0.0013376813460793224
2025-06-10,58010,1,7107.0,7012.0,2025-06-10 14:28:00,2025-06-10 15:24:00,,,-0.015057246785770013
2025-06-11,58010,1,6910.0,6810.0,2025-06-11 10:00:00,2025-06-11 15:24:00,,,-0.01617751761815753
2025-06-12,58010,-1,6821.0,6794.0,2025-06-12 10:17:00,2025-06-12 10:26:00,1.5738171880316767,0.12091006335433782,0.002366218934190099
2025-06-12,58010,-1,6801.0,6795.0,2025-06-12 10:49:00,2025-06-12 11:05:00,1.537633148510863,0.1719899240787116,-0.000717387409605403
2025-06-12,58010,1,6778.0,6794.0,2025-06-12 11:09:00,2025-06-12 12:40:00,-1.7892750157709394,0.2648786695716101,0.0007577965535326525
2025-06-12,58010,1,6775.0,6788.0,2025-06-12 13:18:00,2025-06-12 13:27:00,-2.474475415697449,-0.29591598258340557,0.00031698060621521465
2025-06-12,58010,1,6776.0,6791.0,2025-06-12 13:28:00,2025-06-12 14:14:00,-1.6013442183315998,0.06458085873567135,0.0006112487819011391
2025-06-12,58010,1,6772.0,6787.0,2025-06-12 14:35:00,2025-06-12 14:40:00,-1.6677711957671997,-0.29892101307299296,0.000612553450732361
2025-06-12,58010,1,6777.0,6787.0,2025-06-12 14:42:00,2025-06-12 15:06:00,-1.9169415041654947,-0.263744453178164,-0.0001255084323545791
2025-06-13,58010,1,6699.0,6704.0,2025-06-13 10:00:00,2025-06-13 12:46:00,-4.588886278898688,-0.26737386732789975,-0.00085389834634859
2025-06-13,58010,1,6688.0,6709.0,2025-06-13 13:14:00,2025-06-13 15:12:00,-1.547284320179017,0.2989290732521988,0.0015350327983505872
2025-06-16,58010,-1,6777.0,6749.0,2025-06-16 10:08:00,2025-06-16 10:25:00,2.0962595922908065,0.1694668231223306,0.0025401803927064884
2025-06-16,58010,-1,6766.0,6924.0,2025-06-16 10:33:00,2025-06-16 15:24:00,,,-0.024683566955446143
2025-06-17,58010,-1,6959.0,6942.0,2025-06-17 10:00:00,2025-06-17 10:54:00,2.298304695281158,0.15238366522987648,0.0008458684231184772
2025-06-17,58010,-1,6955.0,6943.0,2025-06-17 11:17:00,2025-06-17 12:35:00,1.867130141071585,0.2985184079668974,0.0001268676042698578
2025-06-17,58010,-1,6961.0,6924.0,2025-06-17 12:36:00,2025-06-17 15:24:00,,,0.0037295048725666273
2025-06-18,58010,1,6797.0,6828.0,2025-06-18 10:02:00,2025-06-18 10:11:00,-1.6160452791948505,-0.22585635174916327,0.002950466567693024
2025-06-18,58010,-1,6869.0,6872.0,2025-06-18 10:34:00,2025-06-18 13:39:00,1.9172902826136837,0.09541576680273932,-0.0020366494502096926
2025-06-18,58010,1,6848.0,6857.0,2025-06-18 13:51:00,2025-06-18 15:12:00,-1.8375528471873355,-0.27465262419018704,-0.0002866105372135259
2025-06-19,58010,-1,6827.0,6808.0,2025-06-19 10:00:00,2025-06-19 10:04:00,1.5920369780863577,-0.15981092021016316,0.0011869471650702015
2025-06-19,58010,-1,6829.0,6828.0,2025-06-19 10:31:00,2025-06-19 13:14:00,2.8670048372950876,0.2066314502237544,-0.001453554953241988
2025-06-19,58010,1,6810.0,6824.0,2025-06-19 13:38:00,2025-06-19 13:46:00,-1.5088213932716468,-0.1399310668440459,0.0004536900279569231
2025-06-19,58010,1,6813.0,6825.0,2025-06-19 13:50:00,2025-06-19 14:30:00,-2.0367868860676746,0.2713624021613174,0.00015978927949231018
2025-06-19,58010,1,6811.0,6822.0,2025-06-19 14:38:00,2025-06-19 15:14:00,-1.6259986035016483,-0.013987329947207907,1.3731737272762055e-05
2025-06-19,58010,-1,6838.0,6846.0,2025-06-19 15:16:00,2025-06-19 15:24:00,,,-0.0027692488908840707
2025-06-20,58010,-1,6882.0,6854.0,2025-06-20 10:00:00,2025-06-20 10:40:00,2.79917390659183,-0.02781417485565984,0.0024768839228715943
2025-06-20,58010,-1,6871.0,6858.0,2025-06-20 11:02:00,2025-06-20 11:14:00,1.9890904550646298,0.24290110620374933,0.0002938020082103121
2025-06-20,58010,1,6840.0,6850.0,2025-06-20 11:18:00,2025-06-20 12:32:00,-1.5014146562941628,-0.2764521572354626,-0.00013907936032513026
2025-06-20,58010,1,6824.0,6851.0,2025-06-20 12:45:00,2025-06-20 13:46:00,-2.424227512326624,-0.0005175017759037026,0.002348816831384058
2025-06-20,58010,1,6833.0,6788.0,2025-06-20 13:51:00,2025-06-20 15:24:00,,,-0.00820746842666139
2025-06-23,58010,-1,6643.0,6626.0,2025-06-23 10:07:00,2025-06-23 10:18:00,1.5861356486549236,0.16228579265334864,0.0009623648053999517
2025-06-23,58010,-1,6644.0,6627.0,2025-06-23 10:36:00,2025-06-23 10:39:00,1.5099952868012894,0.18748021738839213,0.0009619786449586345
2025-06-23,58010,-1,6639.0,6627.0,2025-06-23 10:49:00,2025-06-23 10:54:00,1.5593302465370562,0.2543967021042089,0.00020913663093247224
2025-06-23,58010,-1,6634.0,6625.0,2025-06-23 11:00:00,2025-06-23 11:08:00,1.6417572910878246,-0.08125115393657704,-0.000242431347425188
2025-06-23,58010,1,6608.0,6619.0,2025-06-23 11:09:00,2025-06-23 12:50:00,-2.6969448786790644,-0.16951936615686072,6.326491810869361e-05
2025-06-23,58010,1,6608.0,6619.0,2025-06-23 12:54:00,2025-06-23 13:01:00,-1.5073821905614062,-0.11061844040995521,6.326491810869361e-05
2025-06-23,58010,1,6606.0,6620.0,2025-06-23 13:05:00,2025-06-23 13:32:00,-1.547409643026907,0.013647467441213056,0.0005170429803189245
2025-06-23,58010,1,6605.0,6552.0,2025-06-23 13:38:00,2025-06-23 15:24:00,,,-0.00965659142352035
2025-06-24,58010,1,6786.0,6836.0,2025-06-24 10:21:00,2025-06-24 10:42:00,-1.9373649044408139,-0.17794049235067974,0.005741098891306149
2025-06-24,58010,1,6790.0,6834.0,2025-06-24 10:48:00,2025-06-24 11:01:00,-2.07656473393018,-0.22477612609034642,0.004859212122495306
2025-06-24,58010,1,6812.0,6975.0,2025-06-24 11:04:00,2025-06-24 15:24:00,,,0.022046564906987535
2025-06-25,58010,1,6960.0,6982.0,2025-06-25 10:00:00,2025-06-25 13:15:00,-2.2583591247396426,0.043715434772222145,0.0015559343365159166
2025-06-25,58010,1,6955.0,6919.0,2025-06-25 13:17:00,2025-06-25 15:24:00,,,-0.006789574858732183
2025-06-26,58010,-1,7131.0,7099.0,2025-06-26 10:00:00,2025-06-26 10:13:00,1.5281844448274517,0.24492862130998455,0.002897547988917743
2025-06-26,58010,-1,7129.0,7097.0,2025-06-26 10:22:00,2025-06-26 10:49:00,2.4250471941650784,0.03993812576743176,0.002898812592645598
2025-06-26,58010,1,7068.0,7092.0,2025-06-26 10:55:00,2025-06-26 11:08:00,-1.5850601803228894,-0.1689685285200651,0.001789833754511524
2025-06-26,58010,-1,7127.0,7105.0,2025-06-26 11:30:00,2025-06-26 13:59:00,1.5881410595842795,-0.01875165189717918,0.0014916269706696913
2025-06-26,58010,-1,7116.0,7105.0,2025-06-26 14:19:00,2025-06-26 15:06:00,1.8031341078688277,-0.09045050390690479,-5.2991745475220895e-05
2025-06-26,58010,1,7083.0,7105.0,2025-06-26 15:19:00,2025-06-26 15:24:00,-1.783309526665113,-0.10452539424728512,0.001501214777578496
2025-06-27,58010,-1,7271.0,7207.0,2025-06-27 10:00:00,2025-06-27 10:43:00,2.7236672483566395,-0.29631905652183904,0.007241057725615815
2025-06-27,58010,1,7190.0,7212.0,2025-06-27 11:11:00,2025-06-27 11:28:00,-1.5254758312357373,0.15260605485449352,0.0014551336081155858
2025-06-27,58010,-1,7229.0,7213.0,2025-06-27 12:32:00,2025-06-27 12:52:00,1.863018424368134,0.10858857875498963,0.0006157604966244951
2025-06-27,58010,1,7190.0,7212.0,2025-06-27 12:58:00,2025-06-27 13:33:00,-1.7673297417941711,0.021039236447123754,0.0014551336081155858
2025-06-27,58010,1,7194.0,7150.0,2025-06-27 13:39:00,2025-06-27 15:24:00,,,-0.007734988567515944
2025-06-30,58010,1,7194.0,7215.0,2025-06-30 10:06:00,2025-06-30 10:19:00,-1.8212757361039238,-0.10673964954834159,0.0013148469524019134
2025-06-30,58010,1,7188.0,7202.0,2025-06-30 10:24:00,2025-06-30 12:52:00,-2.181059201195604,0.19471032358130405,0.0003457963053708046
2025-06-30,58010,-1,7230.0,7209.0,2025-06-30 13:03:00,2025-06-30 13:45:00,1.752521076944772,0.023280354332328574,0.0013087907482317565
2025-06-30,58010,1,7175.0,7034.0,2025-06-30 13:57:00,2025-06-30 15:24:00,,,-0.021447227593894048
2025-07-01,58010,-1,7270.0,7222.0,2025-07-01 10:00:00,2025-07-01 10:33:00,2.8051200402187555,0.17168734050709128,0.005024368690161999
2025-07-01,58010,-1,7284.0,7238.0,2025-07-01 10:38:00,2025-07-01 12:33:00,2.0682691845238734,0.04527484114304663,0.004735236723810793
2025-07-01,58010,-1,7296.0,7245.0,2025-07-01 12:37:00,2025-07-01 12:46:00,1.8245051425255439,0.15552176043882632,0.005414676999384541
2025-07-01,58010,-1,7298.0,7290.0,2025-07-01 12:58:00,2025-07-01 14:56:00,2.2780671368624192,0.29521112262202664,-0.0005032080063108999
2025-07-02,58010,-1,7192.0,7202.0,2025-07-02 10:00:00,2025-07-02 15:24:00,,,-0.0029894680573642664
2025-07-03,58010,1,7223.0,7194.0,2025-07-03 10:04:00,2025-07-03 14:45:00,-1.6087887350027963,-0.26852148062511516,-0.005623033795277593
2025-07-03,58010,1,7160.0,7172.0,2025-07-03 15:11:00,2025-07-03 15:24:00,,,7.457477033216827e-05
2025-07-04,58010,1,7137.0,7162.0,2025-07-04 10:00:00,2025-07-04 11:28:00,-3.80591475682349,-0.1618307677926382,0.001896751587310692
2025-07-04,58010,1,7126.0,7161.0,2025-07-04 12:39:00,2025-07-04 13:51:00,-1.5316519143133926,-0.10763075989702224,0.00329956884115848
2025-07-04,58010,-1,7176.0,7179.0,2025-07-04 14:15:00,2025-07-04 15:24:00,,,-0.0020179728378509954
2025-07-07,58010,1,7007.0,6997.0,2025-07-07 10:00:00,2025-07-07 14:56:00,-8.378165386652972,0.23353308642854978,-0.003028163624637159
2025-07-07,58010,1,6973.0,6970.0,2025-07-07 15:11:00,2025-07-07 15:24:00,,,-0.0020303234664411406
2025-07-08,58010,-1,7436.0,7414.0,2025-07-08 10:00:00,2025-07-08 13:30:00,2.6830399655877004,0.10089068111508304,0.001362965130657072
2025-07-08,58010,-1,7443.0,7416.0,2025-07-08 14:00:00,2025-07-08 14:06:00,1.9057770621435752,0.19982179728629107,0.002034165114219573
2025-07-08,58010,1,7390.0,7412.0,2025-07-08 14:32:00,2025-07-08 14:43:00,-2.0586906917227656,0.05298255013225323,0.0013725734630030517
2025-07-08,58010,1,7398.0,7412.0,2025-07-08 14:49:00,2025-07-08 15:08:00,-1.8921883069833871,0.03337230896635375,0.0002906150128511105
2025-07-08,58010,1,7395.0,7412.0,2025-07-08 15:15:00,2025-07-08 15:20:00,-1.7340625714667202,0.04468338566344579,0.0006962122603501569
2025-07-09,58010,1,7177.0,7291.0,2025-07-09 10:00:00,2025-07-09 10:45:00,-4.607263041258527,-0.1843401130743138,0.014159242376358318
2025-07-09,58010,1,7266.0,7295.0,2025-07-09 11:07:00,2025-07-09 11:24:00,-1.6590288977475767,-0.1458433294456897,0.0023832481757387882
2025-07-09,58010,1,7273.0,7200.0,2025-07-09 12:30:00,2025-07-09 15:24:00,,,-0.011687835150393998
2025-07-10,58010,1,7272.0,7288.0,2025-07-10 10:17:00,2025-07-10 10:24:00,-1.609379361471389,0.19163176475190635,0.0005978030824794398
2025-07-10,58010,1,7268.0,7285.0,2025-07-10 10:33:00,2025-07-10 10:47:00,-1.6528828893928857,0.09908567889377577,0.0007362891132433773
2025-07-10,58010,1,7252.0,7273.0,2025-07-10 10:54:00,2025-07-10 12:41:00,-3.0337394132479343,-0.08833562228716221,0.0012915682797990742
2025-07-10,58010,-1,7318.0,7303.0,2025-07-10 12:58:00,2025-07-10 15:24:00,,,0.00045184395904237953
2025-07-11,58010,1,7270.0,7095.0,2025-07-11 10:01:00,2025-07-11 15:24:00,,,-0.025965980933421978
2025-07-14,58010,-1,7084.0,7057.0,2025-07-14 10:00:00,2025-07-14 10:14:00,2.1366486603990875,0.16423924532067488,0.0022186879018939254
2025-07-14,58010,-1,7079.0,7055.0,2025-07-14 10:20:00,2025-07-14 11:27:00,1.7601554442166671,-0.15704355527984168,0.0017960694872748383
2025-07-14,58010,-1,7073.0,7187.0,2025-07-14 12:30:00,2025-07-14 15:24:00,,,-0.017589120432452605
2025-07-15,58010,1,7431.0,7459.0,2025-07-15 10:06:00,2025-07-15 10:10:00,-1.533932365685147,-0.23065988215441835,0.0021609177976940567
2025-07-15,58010,-1,7481.0,7643.0,2025-07-15 10:36:00,2025-07-15 15:24:00,,,-0.023023723370479234
2025-07-16,58010,-1,7616.0,7595.0,2025-07-16 10:04:00,2025-07-16 11:01:00,1.7098374360930781,0.17058301509205612,0.0011611614413280567
2025-07-16,58010,-1,7614.0,7590.0,2025-07-16 12:36:00,2025-07-16 12:49:00,2.54654549673388,-0.25511654796510475,0.001557066552767056
2025-07-16,58010,-1,7613.0,7595.0,2025-07-16 13:03:00,2025-07-16 13:44:00,1.8588183090315944,0.015537728609385685,0.000767176276339341
2025-07-16,58010,1,7577.0,7547.0,2025-07-16 13:51:00,2025-07-16 15:24:00,,,-0.005567209646504949
2025-07-17,58010,-1,7560.0,7524.0,2025-07-17 10:00:00,2025-07-17 10:30:00,2.5072022186307827,0.09815091505370942,0.00317327875265766
2025-07-17,58010,1,7492.0,7514.0,2025-07-17 10:36:00,2025-07-17 12:37:00,-1.70568878289258,-0.11602090560669362,0.001332162569935131
2025-07-17,58010,-1,7536.0,7521.0,2025-07-17 12:39:00,2025-07-17 12:51:00,1.7468527125453928,0.28325831401923124,0.0003924294297959171
2025-07-17,58010,1,7482.0,7514.0,2025-07-17 13:00:00,2025-07-17 13:27:00,-2.300433071896534,-0.04073054664378367,0.0026678112258227546
2025-07-17,58010,1,7502.0,7510.0,2025-07-17 13:30:00,2025-07-17 14:33:00,-1.9518517621814364,-0.1678476363151275,-0.0005341858836521759
2025-07-17,58010,-1,7545.0,7622.0,2025-07-17 14:51:00,2025-07-17 15:24:00,,,-0.01175371023185636
2025-07-18,58010,1,7712.0,7728.0,2025-07-18 10:00:00,2025-07-18 13:32:00,-1.9453621470290035,0.11734458116163042,0.00047253960197237506
2025-07-18,58010,1,7685.0,7662.0,2025-07-18 13:38:00,2025-07-18 15:24:00,,,-0.004597330712101939
2025-07-22,58010,1,7815.0,7905.0,2025-07-22 10:00:00,2025-07-22 10:17:00,-3.3087330758280915,0.2803207063670798,0.009850506787995504
2025-07-22,58010,1,7850.0,7884.0,2025-07-22 10:33:00,2025-07-22 10:43:00,-1.585430821891588,-0.20270122319988657,0.0027218574961567496
2025-07-22,58010,1,7858.0,7604.0,2025-07-22 10:50:00,2025-07-22 15:24:00,,,-0.034457696510085234
2025-07-23,58010,1,7570.0,7591.0,2025-07-23 10:00:00,2025-07-23 14:13:00,-7.8589652186372945,-0.19079918292374845,0.001170267585273723
2025-07-23,58010,-1,7612.0,7555.0,2025-07-23 14:22:00,2025-07-23 15:24:00,,,0.0059163537092002194
2025-07-24,58010,-1,7989.0,7939.0,2025-07-24 10:00:00,2025-07-24 12:49:00,4.783473448490528,-0.25174688790022864,0.004678272756928564
2025-07-24,58010,-1,7990.0,8102.0,2025-07-24 13:04:00,2025-07-24 15:24:00,,,-0.015520185002315471
2025-07-25,58010,-1,8080.0,8056.0,2025-07-25 10:12:00,2025-07-25 10:15:00,1.5038799158771088,-0.11296939163428261,0.0013747171167428432
2025-07-25,58010,-1,8096.0,8108.0,2025-07-25 10:18:00,2025-07-25 14:44:00,2.9191570167126404,0.1341042127292443,-0.0030811160446438087
2025-07-25,58010,1,8072.0,8110.0,2025-07-25 14:55:00,2025-07-25 15:01:00,-1.7044496370066622,0.22417499037685099,0.0030965850760136257
2025-07-25,58010,-1,8140.0,8132.0,2025-07-25 15:04:00,2025-07-25 15:24:00,,,-0.00061671575165124
2025-07-28,58010,-1,8162.0,8144.0,2025-07-28 10:07:00,2025-07-28 12:31:00,1.8587554415995955,-0.15251505308326507,0.0006077771754470507
2025-07-28,58010,1,8119.0,8060.0,2025-07-28 12:45:00,2025-07-28 15:24:00,,,-0.008893437361772524
2025-07-29,58010,-1,8227.0,8182.0,2025-07-29 10:00:00,2025-07-29 10:24:00,2.4064006975538597,0.2750048580536557,0.003884808679586407
2025-07-29,58010,1,8143.0,8181.0,2025-07-29 10:34:00,2025-07-29 10:43:00,-1.5243696509357352,0.2446626797654927,0.0030557300465669157
2025-07-29,58010,1,8145.0,8175.0,2025-07-29 11:16:00,2025-07-29 12:33:00,-2.1692661680159513,0.000661429176349518,0.0020764747293086274
2025-07-29,58010,-1,8196.0,8181.0,2025-07-29 12:35:00,2025-07-29 13:20:00,1.7096321949116162,0.00824439702147463,0.00023183784509216415
2025-07-29,58010,1,8170.0,8136.0,2025-07-29 13:53:00,2025-07-29 15:24:00,,,-0.005770250125652716
2025-07-30,58010,-1,8944.0,8844.0,2025-07-30 10:21:00,2025-07-30 10:59:00,1.8446800887678487,-0.04666310448670023,0.009643653417543528
2025-07-30,58010,1,8813.0,8694.0,2025-07-30 11:12:00,2025-07-30 15:24:00,,,-0.015194771550923138
2025-07-31,58010,-1,9258.0,9172.0,2025-07-31 10:00:00,2025-07-31 12:42:00,7.570804626070146,0.20674012278327175,0.0077326776134207355
2025-07-31,58010,1,9120.0,9157.0,2025-07-31 13:10:00,2025-07-31 14:59:00,-2.69041239774178,0.22022338632487154,0.0024488100393550948
2025-07-31,58010,-1,9196.0,9168.0,2025-07-31 15:03:00,2025-07-31 15:24:00,,,0.0014494469285513607
2025-08-01,58010,-1,9100.0,9043.0,2025-08-01 10:00:00,2025-08-01 10:10:00,1.8324228265495552,0.02363399735504315,0.0046834357644612214
2025-08-01,58010,1,8974.0,9041.0,2025-08-01 10:25:00,2025-08-01 10:47:00,-1.94898587462206,0.21208640883629726,0.005838280201437835
2025-08-01,58010,-1,9064.0,9062.0,2025-08-01 11:07:00,2025-08-01 14:40:00,1.6873744594573463,0.08448261692623593,-0.0013793225192412944
2025-08-01,58010,1,9031.0,8986.0,2025-08-01 14:50:00,2025-08-01 15:24:00,,,-0.00659529262069355
2025-08-04,58010,-1,8929.0,9124.0,2025-08-04 10:00:00,2025-08-04 15:24:00,,,-0.023203897887062303
2025-08-05,58010,-1,9604.0,9751.0,2025-08-05 10:00:00,2025-08-05 15:24:00,,,-0.01679016549397524
2025-08-06,58010,-1,9700.0,9843.0,2025-08-06 10:00:00,2025-08-06 15:24:00,,,-0.016234657137737037
2025-08-07,58010,1,9865.0,9868.0,2025-08-07 10:06:00,2025-08-07 12:41:00,-2.427351896310149,-0.13433010859744104,-0.001295940807468432
2025-08-07,58010,1,9848.0,9872.0,2025-08-07 13:00:00,2025-08-07 13:43:00,-1.503077924891829,0.15063880370743646,0.0008340782808796971
2025-08-07,58010,1,9831.0,9103.0,2025-08-07 13:55:00,2025-08-07 15:24:00,,,-0.0785366288616355
2025-08-08,58010,-1,8597.0,8550.0,2025-08-08 10:01:00,2025-08-08 10:05:00,1.570017797201671,0.2601039009981692,0.0038820222436382118
2025-08-08,58010,-1,8585.0,8538.0,2025-08-08 10:07:00,2025-08-08 10:12:00,2.034312447362221,-0.25842453752281325,0.003889706013668554
2025-08-08,58010,1,8493.0,8110.0,2025-08-08 10:19:00,2025-08-08 15:24:00,,,-0.04774442667055069
2025-08-12,58010,1,8368.0,8399.0,2025-08-12 10:10:00,2025-08-12 10:28:00,-1.553580430332055,0.2925775296548047,0.0020977438209230587
2025-08-12,58010,1,8356.0,8390.0,2025-08-12 10:31:00,2025-08-12 11:09:00,-1.7153278810152321,0.04031493378337806,0.0024606767847955274
2025-08-12,58010,1,8365.0,8378.0,2025-08-12 12:37:00,2025-08-12 13:28:00,-2.160929679045888,-0.15887771654788788,-4.7111913944251514e-05
2025-08-12,58010,1,8343.0,8257.0,2025-08-12 13:31:00,2025-08-12 15:24:00,,,-0.011961538484645982
2025-08-13,58010,-1,8492.0,8661.0,2025-08-13 10:00:00,2025-08-13 15:24:00,,,-0.021305645507898003
2025-08-14,58010,1,8332.0,8227.0,2025-08-14 10:00:00,2025-08-14 15:24:00,,,-0.014282095211932286
2025-08-15,58010,-1,8443.0,8394.0,2025-08-15 10:00:00,2025-08-15 10:18:00,2.843041354481779,0.17766344290673836,0.004220530775963721
2025-08-15,58010,-1,8427.0,8612.0,2025-08-15 10:25:00,2025-08-15 13:16:00,1.710590388395734,0.26508927694778767,-0.02331574271190031
2025-08-15,58010,1,8552.0,8599.0,2025-08-15 13:54:00,2025-08-15 14:02:00,-2.027616893835567,0.19363244282981198,0.0038807437060153936
2025-08-15,58010,-1,8615.0,8743.0,2025-08-15 14:38:00,2025-08-15 15:24:00,,,-0.016348510218860964
2025-08-18,58010,-1,8794.0,8878.0,2025-08-18 10:10:00,2025-08-18 10:34:00,1.7080754398702158,0.25780223663499596,-0.01110663565322521
2025-08-18,58010,-1,8912.0,8931.0,2025-08-18 11:09:00,2025-08-18 15:11:00,1.5893614525482236,0.17040935287714845,-0.0037296875168209226
2025-08-19,58010,1,8607.0,8777.0,2025-08-19 10:00:00,2025-08-19 13:10:00,-3.054230403638866,-0.20580171157968002,0.017958837942643188
2025-08-19,58010,1,8753.0,8782.0,2025-08-19 13:25:00,2025-08-19 13:40:00,-1.734095353453629,0.10666569165485071,0.001707673389224708
2025-08-19,58010,-1,8802.0,8780.0,2025-08-19 13:43:00,2025-08-19 13:53:00,1.8911769381561458,-0.08968901605384683,0.0009025607418744134
2025-08-19,58010,-1,8811.0,8791.0,2025-08-19 13:59:00,2025-08-19 14:46:00,1.811762243716199,0.018198636890911137,0.0006724700155512095
2025-08-19,58010,1,8724.0,8643.0,2025-08-19 15:03:00,2025-08-19 15:24:00,,,-0.010928103568881452
2025-08-20,58010,1,8178.0,8230.0,2025-08-20 10:00:00,2025-08-20 10:03:00,-2.8938202625927985,-0.006960149021891068,0.004738392746527822
2025-08-20,58010,1,8202.0,8228.0,2025-08-20 10:09:00,2025-08-20 10:12:00,-1.5091583743706234,-0.05161475279291206,0.0015649448208432924
2025-08-20,58010,1,8182.0,8348.0,2025-08-20 10:26:00,2025-08-20 15:24:00,,,0.01848536970774752
2025-08-21,58010,1,8405.0,8437.0,2025-08-21 10:04:00,2025-08-21 10:11:00,-2.020418560560228,-0.254861862180172,0.0022000283229107413
2025-08-21,58010,-1,8500.0,8456.0,2025-08-21 10:31:00,2025-08-21 11:24:00,2.1799786960447913,0.18461218323550838,0.003589914928334305
2025-08-21,58010,-1,8489.0,8458.0,2025-08-21 12:30:00,2025-08-21 12:53:00,2.1809090793660295,0.18559490464578324,0.0020584687055338656
2025-08-21,58010,1,8433.0,8444.0,2025-08-21 13:22:00,2025-08-21 15:18:00,-2.8095509935744594,-0.19174717030056576,-0.0002964506064303909
2025-08-21,58010,-1,8469.0,8466.0,2025-08-21 15:22:00,2025-08-21 15:24:00,,,-0.0012457041592699681
2025-08-22,58010,1,8431.0,8464.0,2025-08-22 10:00:00,2025-08-22 11:20:00,-4.078741767680368,-0.29506475913493646,0.0023064861754050663
2025-08-22,58010,1,8446.0,8514.0,2025-08-22 12:31:00,2025-08-22 15:10:00,-1.5126744151562377,0.2953060936519986,0.006418910894208762
2025-08-25,58010,-1,8812.0,8775.0,2025-08-25 10:00:00,2025-08-25 10:05:00,1.5411693569007232,0.2456065426825089,0.0026076595881672094
2025-08-25,58010,-1,8810.0,8773.0,2025-08-25 10:22:00,2025-08-25 10:27:00,1.8857382079811447,0.19207844387092987,0.002608616801841269
2025-08-25,58010,-1,8793.0,8756.0,2025-08-25 10:35:00,2025-08-25 14:45:00,1.5113961216993372,0.09738100008788157,0.002616770736248614
2025-08-25,58010,-1,8783.0,8756.0,2025-08-25 14:53:00,2025-08-25 15:03:00,1.6856631742848962,0.1773942194139729,0.0014788552743637891
2025-08-25,58010,-1,8770.0,8769.0,2025-08-25 15:16:00,2025-08-25 15:24:00,,,-0.001485968413126888
2025-08-26,58010,1,8750.0,8784.0,2025-08-26 10:00:00,2025-08-26 10:05:00,-2.11748227770816,-0.26514201015682504,0.0022781843976517405
2025-08-26,58010,1,8759.0,8770.0,2025-08-26 10:24:00,2025-08-26 13:25:00,-1.9172681995968661,0.15746480997069262,-0.0003449367968603465
2025-08-26,58010,-1,8783.0,8811.0,2025-08-26 13:38:00,2025-08-26 15:10:00,2.1161754125468613,0.2745092458392372,-0.004782905949612351
2025-08-26,58010,-1,8862.0,8846.0,2025-08-26 15:19:00,2025-08-26 15:24:00,,,0.000207093331162683
2025-08-27,58010,1,8768.0,8791.0,2025-08-27 10:00:00,2025-08-27 12:44:00,-2.9174938588635975,0.2819393885256313,0.001019740663381742
2025-08-27,58010,-1,8812.0,8785.0,2025-08-27 12:59:00,2025-08-27 13:20:00,2.0806444773090575,0.11554329016220262,0.0014687073010361473
2025-08-27,58010,1,8763.0,8763.0,2025-08-27 13:21:00,2025-08-27 14:28:00,-1.5661733875395267,-0.2586271289818174,-0.0016
2025-08-27,58010,-1,8788.0,8876.0,2025-08-27 15:03:00,2025-08-27 15:24:00,,,-0.011563850547983779
2025-08-28,58010,-1,8843.0,8809.0,2025-08-28 10:00:00,2025-08-28 10:59:00,3.5185995005280906,-0.000643590747186973,0.0022522594659394133
2025-08-28,58010,-1,8856.0,8891.0,2025-08-28 11:11:00,2025-08-28 15:11:00,1.7787668464172026,0.033069875411617926,-0.005544333732666109
2025-08-29,58010,-1,9220.0,9332.0,2025-08-29 10:00:00,2025-08-29 15:24:00,,,-0.013674316590681171
2025-09-01,58010,1,8886.0,8871.0,2025-09-01 10:01:00,2025-09-01 15:17:00,-1.8283557811902074,-0.17240317870796784,-0.003289474975266926
2025-09-02,58010,-1,8771.0,8730.0,2025-09-02 10:08:00,2025-09-02 10:44:00,1.6386381921322373,-0.07192960554548958,0.0030854551177337437
2025-09-02,58010,1,8701.0,8589.0,2025-09-02 11:02:00,2025-09-02 15:24:00,,,-0.014555646799799697
2025-09-03,58010,1,8552.0,8599.0,2025-09-03 10:00:00,2025-09-03 11:16:00,-1.6415216809283621,0.049616867475004274,0.0038807437060153936
2025-09-03,58010,-1,8623.0,8600.0,2025-09-03 11:28:00,2025-09-03 12:57:00,1.7965499910159937,-0.2457009530711933,0.0010708487107253392
2025-09-03,58010,1,8579.0,8374.0,2025-09-03 13:22:00,2025-09-03 15:24:00,,,-0.025785688993876565
2025-09-04,58010,-1,8672.0,8621.0,2025-09-04 10:01:00,2025-09-04 10:29:00,1.5272400851268124,-0.25604782086165817,0.0042983574695024205
2025-09-04,58010,1,8587.0,8623.0,2025-09-04 10:55:00,2025-09-04 12:30:00,-1.7521797721982477,0.2908277275405007,0.0025836202798396454
2025-09-04,58010,1,8582.0,8499.0,2025-09-04 12:38:00,2025-09-04 15:24:00,,,-0.011318477052843723
2025-09-05,58010,-1,8746.0,8750.0,2025-09-05 10:00:00,2025-09-05 13:00:00,2.9586431313123263,0.2198392082134158,-0.002057247378794182
2025-09-05,58010,-1,8788.0,8749.0,2025-09-05 13:11:00,2025-09-05 13:19:00,1.857414600623413,0.148569428693835,0.002847746398236254
2025-09-05,58010,-1,8768.0,8752.0,2025-09-05 13:25:00,2025-09-05 13:37:00,1.6589605634187274,0.28715092310715656,0.00022648452603429847
2025-09-05,58010,1,8724.0,8744.0,2025-09-05 13:50:00,2025-09-05 13:59:00,-2.0979522786268046,-0.2560787629355061,0.0006899025348548196
2025-09-05,58010,-1,8766.0,8814.0,2025-09-05 14:02:00,2025-09-05 15:24:00,,,-0.007060764423177756
2025-09-08,58010,-1,8833.0,8810.0,2025-09-08 10:03:00,2025-09-08 11:06:00,1.5672189283954732,-0.0698340517686518,0.0010072678149069946
2025-09-08,58010,-1,8834.0,8815.0,2025-09-08 12:31:00,2025-09-08 12:39:00,2.0859410306117487,0.29922128521841007,0.0005530973245012197
2025-09-08,58010,1,8784.0,8806.0,2025-09-08 12:40:00,2025-09-08 13:58:00,-1.904870486849531,0.05682848639271205,0.0009014225663873372
2025-09-08,58010,-1,8829.0,8805.0,2025-09-08 14:16:00,2025-09-08 14:42:00,1.650752308472354,-0.2663780208492208,0.001122015971275919
2025-09-08,58010,-1,8823.0,8877.0,2025-09-08 14:48:00,2025-09-08 15:24:00,,,-0.007701713846214652
2025-09-09,58010,1,8905.0,8959.0,2025-09-09 10:00:00,2025-09-09 10:12:00,-5.519674301027595,-0.17803631612295293,0.004445696873816319
2025-09-09,58010,1,8924.0,8728.0,2025-09-09 10:20:00,2025-09-09 15:24:00,,,-0.02380802803951636
2025-09-10,58010,-1,9043.0,9235.0,2025-09-10 10:00:00,2025-09-10 15:24:00,,,-0.02260963589286023
2025-09-11,58010,1,9325.0,9384.0,2025-09-11 10:14:00,2025-09-11 10:42:00,-2.3077934140226333,0.017365409281288772,0.004707145821295175
2025-09-11,58010,1,9357.0,9250.0,2025-09-11 11:05:00,2025-09-11 15:24:00,,,-0.013101174769442028
2025-09-12,58010,1,9306.0,9114.0,2025-09-12 10:01:00,2025-09-12 15:24:00,,,-0.022447660580765947
2025-09-16,58010,1,8936.0,9048.0,2025-09-16 10:00:00,2025-09-16 11:07:00,-4.257186098356562,0.15169111019850634,0.010855677046919645
2025-09-16,58010,1,9026.0,9043.0,2025-09-16 11:23:00,2025-09-16 11:26:00,-1.6562988332057178,-0.2605004310863457,0.00028167635353363294
2025-09-16,58010,-1,9068.0,9045.0,2025-09-16 12:30:00,2025-09-16 12:44:00,2.0794957080811383,-0.01583366287014697,0.0009396137980240561
2025-09-16,58010,-1,9062.0,9046.0,2025-09-16 13:22:00,2025-09-16 13:38:00,2.2878962406829446,0.020665423587968062,0.00016717518929508664
2025-09-16,58010,1,9032.0,9048.0,2025-09-16 13:45:00,2025-09-16 14:00:00,-1.9116029355556297,0.23040327315946213,0.00016991196645841354
2025-09-16,58010,1,9034.0,9044.0,2025-09-16 14:22:00,2025-09-16 14:31:00,-1.8362559678560086,-0.26006295147487213,-0.0004936828166888997
2025-09-16,58010,-1,9060.0,9045.0,2025-09-16 14:35:00,2025-09-16 15:12:00,2.3256066900378145,-0.16778983684585025,5.7001207629458e-05
2025-09-16,58010,-1,9091.0,9104.0,2025-09-16 15:23:00,2025-09-16 15:24:00,,,-0.003028964244253917
2025-09-17,58010,1,8863.0,8747.0,2025-09-17 10:00:00,2025-09-17 15:24:00,,,-0.014774523318543054
2025-09-18,58010,1,8657.0,8680.0,2025-09-18 10:00:00,2025-09-18 10:31:00,-2.682984056676146,0.2816214129077908,0.0010532864386220222
2025-09-18,58010,1,8648.0,8677.0,2025-09-18 10:40:00,2025-09-18 10:59:00,-1.9621377419612913,0.1626372287978502,0.0017477664744453968
2025-09-18,58010,-1,8699.0,8834.0,2025-09-18 11:05:00,2025-09-18 15:24:00,,,-0.016999836648930965
2025-09-19,58010,1,8982.0,8963.0,2025-09-19 10:01:00,2025-09-19 11:15:00,-1.6257468581409884,-0.0865825700647158,-0.003717582290321676
2025-09-19,58010,-1,9007.0,8978.0,2025-09-19 12:37:00,2025-09-19 12:46:00,1.6264192383386087,0.21270972742419034,0.0016249124418654455
2025-09-19,58010,1,8916.0,8960.0,2025-09-19 12:48:00,2025-09-19 12:59:00,-1.9751359471436662,-0.2600210351904509,0.003322811463216652
2025-09-19,58010,1,8890.0,8912.0,2025-09-19 13:03:00,2025-09-19 13:49:00,-1.797905129450779,-0.2506366565294783,0.0008716336591149678
2025-09-19,58010,-1,8965.0,8925.0,2025-09-19 14:17:00,2025-09-19 14:42:00,1.9316021476506042,-0.23075669302913807,0.002871779391393401
2025-09-19,58010,1,8901.0,8899.0,2025-09-19 14:59:00,2025-09-19 15:24:00,,,-0.0018247191020692801
2025-09-22,58010,-1,9111.0,9098.0,2025-09-22 10:01:00,2025-09-22 10:28:00,1.507438015448873,0.28251786660372186,-0.00017213441609091628
2025-09-22,58010,-1,9126.0,9103.0,2025-09-22 10:34:00,2025-09-22 10:56:00,2.6930493549050514,0.24115791023071542,0.0009234529820590549
2025-09-22,58010,1,9076.0,8948.0,2025-09-22 11:23:00,2025-09-22 15:24:00,,,-0.015803523289712143
2025-09-24,58010,-1,8956.0,9215.0,2025-09-24 10:00:00,2025-09-24 15:24:00,,,-0.030108892385278165
2025-09-25,58010,-1,9248.0,9220.0,2025-09-25 10:00:00,2025-09-25 11:08:00,3.8691074787133624,0.1750931762618733,0.0014322743615191589
2025-09-25,58010,1,9161.0,9216.0,2025-09-25 11:18:00,2025-09-25 12:31:00,-1.8015520790659605,0.12274787706103267,0.004385760920463914
2025-09-25,58010,-1,9264.0,9221.0,2025-09-25 12:40:00,2025-09-25 12:44:00,1.756654306116199,0.1810872424289655,0.00305242927363522
2025-09-25,58010,-1,9256.0,9224.0,2025-09-25 13:09:00,2025-09-25 13:48:00,2.6775585339185928,0.18858417071021955,0.001863206924617591
2025-09-25,58010,-1,9244.0,9222.0,2025-09-25 13:50:00,2025-09-25 13:54:00,1.5429948330797714,0.01625937140108579,0.0007827586276204542
2025-09-25,58010,1,9192.0,9221.0,2025-09-25 14:08:00,2025-09-25 14:25:00,-1.8160415576322164,0.01263971411190118,0.0015499510105495406
2025-09-25,58010,1,9190.0,9196.0,2025-09-25 14:30:00,2025-09-25 15:24:00,,,-0.0009473294666605374
2025-09-26,58010,1,9113.0,8911.0,2025-09-26 10:00:00,2025-09-26 15:24:00,,,-0.02401549688340697
2025-09-29,58010,-1,9031.0,9311.0,2025-09-29 10:01:00,2025-09-29 15:24:00,,,-0.03213339363773095
2025-09-30,58010,1,9141.0,9161.0,2025-09-30 10:02:00,2025-09-30 12:34:00,-2.695478085248028,-0.2254048170551223,0.0005855543613899627
2025-09-30,58010,1,9133.0,9165.0,2025-09-30 12:50:00,2025-09-30 12:57:00,-1.8510889769694328,0.11643482233814505,0.0018976535821264358
2025-09-30,58010,1,9143.0,9123.0,2025-09-30 13:09:00,2025-09-30 15:24:00,,,-0.003789861818952177
2025-10-01,58010,-1,8973.0,8926.0,2025-10-01 10:01:00,2025-10-01 10:10:00,2.2797845222716724,0.2781014591504752,0.0036517021088425293
2025-10-01,58010,1,8867.0,8884.0,2025-10-01 10:34:00,2025-10-01 13:21:00,-1.5417145523822429,-0.14692541967279896,0.00031538563431093695
2025-10-01,58010,1,8851.0,8880.0,2025-10-01 13:39:00,2025-10-01 14:42:00,-1.653712517340153,-0.2790867121955891,0.0016711100173388471
2025-10-02,58010,1,8907.0,8829.0,2025-10-02 10:00:00,2025-10-02 15:24:00,,,-0.010395726530287051
2025-10-03,58010,-1,8778.0,8739.0,2025-10-03 10:02:00,2025-10-03 10:27:00,1.6596999107134869,0.10760324217544565,0.0028528246206349674
2025-10-03,58010,1,8704.0,8738.0,2025-10-03 10:48:00,2025-10-03 10:50:00,-1.9143718988200396,0.2775603804598415,0.002298640415657323
2025-10-03,58010,-1,8753.0,8734.0,2025-10-03 11:15:00,2025-10-03 11:26:00,1.568305664535699,-0.03119899637737132,0.0005730436869317115
2025-10-03,58010,1,8716.0,8733.0,2025-10-03 11:28:00,2025-10-03 12:30:00,-1.5922587997535542,-0.07101017562336451,0.0003485363492224348
2025-10-03,58010,1,8691.0,8716.0,2025-10-03 12:34:00,2025-10-03 13:32:00,-2.6928304537602545,-0.210456380467881,0.0012724096270504356
2025-10-03,58010,1,8686.0,8723.0,2025-10-03 13:46:00,2025-10-03 14:08:00,-1.7687557921749455,0.24724738600753135,0.002650681338451257
2025-10-03,58010,-1,8736.0,8884.0,2025-10-03 14:26:00,2025-10-03 15:24:00,,,-0.018399487029631723
2025-10-06,58010,-1,9021.0,9025.0,2025-10-06 10:12:00,2025-10-06 13:01:00,1.5574259710914657,-0.06865249320899831,-0.002043311544442937
2025-10-06,58010,-1,9043.0,9170.0,2025-10-06 13:46:00,2025-10-06 15:24:00,,,-0.015546308510030351
2025-10-07,58010,-1,9478.0,9465.0,2025-10-07 10:27:00,2025-10-07 14:33:00,1.5818847151424618,-0.015154326490388635,-0.0002274611158896466
2025-10-07,58010,1,9396.0,9279.0,2025-10-07 14:45:00,2025-10-07 15:24:00,,,-0.014130284425624098
2025-10-08,58010,-1,9571.0,9446.0,2025-10-08 10:00:00,2025-10-08 10:52:00,11.413231626789209,0.1521999437041584,0.011546321739844012
2025-10-08,58010,-1,9501.0,9676.0,2025-10-08 11:12:00,2025-10-08 15:24:00,,,-0.019851536523168446
2025-10-09,58010,-1,9937.0,9898.0,2025-10-09 10:02:00,2025-10-09 10:45:00,2.0400823986016676,0.15235483396270338,0.002332447719531996
2025-10-09,58010,1,9860.0,9889.0,2025-10-09 11:09:00,2025-10-09 11:26:00,-1.8252940100019228,-0.19557586422467732,0.0013368596733097057
2025-10-09,58010,-1,9941.0,9895.0,2025-10-09 12:30:00,2025-10-09 12:43:00,2.7240386835560026,-0.012163123504500575,0.0030380401754790147
2025-10-09,58010,-1,9925.0,9897.0,2025-10-09 13:07:00,2025-10-09 14:46:00,1.6089656898292872,-0.25213403370063453,0.0012251456587000205
2025-10-09,58010,1,9874.0,9821.0,2025-10-09 15:07:00,2025-10-09 15:24:00,,,-0.006982089661033968
2025-10-10,58010,1,9709.0,9706.0,2025-10-10 10:01:00,2025-10-10 13:44:00,-1.7386324106642521,-0.035396408879599765,-0.0019090394049834539
2025-10-10,58010,1,9662.0,9554.0,2025-10-10 13:53:00,2025-10-10 15:24:00,,,-0.012840751164444827
2025-10-14,58010,1,9406.0,9478.0,2025-10-14 10:01:00,2025-10-14 10:46:00,-1.7566825191616589,-0.026016459012614665,0.00602554002254023
2025-10-14,58010,1,9434.0,8864.0,2025-10-14 11:06:00,2025-10-14 15:24:00,,,-0.0639220548571419
2025-10-15,58010,-1,9017.0,9150.0,2025-10-15 10:00:00,2025-10-15 15:24:00,,,-0.01624219476966024
2025-10-16,58010,-1,9526.0,9447.0,2025-10-16 10:00:00,2025-10-16 10:21:00,3.0179960387339833,-0.26508533075008867,0.006727671591671351
2025-10-16,58010,1,9374.0,9426.0,2025-10-16 10:27:00,2025-10-16 11:04:00,-1.8979178646874844,-0.28449530546686014,0.0039319290010247894
2025-10-16,58010,1,9397.0,9433.0,2025-10-16 11:16:00,2025-10-16 12:36:00,-1.538924487953956,-0.07017336227758911,0.002223690266788191
2025-10-16,58010,1,9400.0,9429.0,2025-10-16 12:38:00,2025-10-16 13:55:00,-1.8722184143547305,0.004974217829049176,0.0014803572075819552
2025-10-16,58010,-1,9447.0,9436.0,2025-10-16 14:24:00,2025-10-16 14:52:00,1.9382655874100203,0.21847491537833097,-0.00043493075843125924
2025-10-16,58010,-1,9466.0,9537.0,2025-10-16 15:00:00,2025-10-16 15:24:00,,,-0.009072539112719118
2025-10-17,58010,-1,9340.0,9349.0,2025-10-17 10:03:00,2025-10-17 10:48:00,1.6967148889251291,0.2986532788919645,-0.0025631334684272653
2025-10-17,58010,1,9262.0,9102.0,2025-10-17 11:10:00,2025-10-17 15:24:00,,,-0.01902583846411003
2025-10-20,58010,-1,9329.0,9346.0,2025-10-20 10:00:00,2025-10-20 15:06:00,1.500561291237663,0.1683815442752564,-0.003420616299410429
2025-10-20,58010,-1,9384.0,9400.0,2025-10-20 15:20:00,2025-10-20 15:24:00,,,-0.0033035779247838288
2025-10-21,58010,1,9434.0,9436.0,2025-10-21 10:00:00,2025-10-21 10:36:00,-2.6354295158333185,-0.20957077718042208,-0.0013880233166414084
2025-10-21,58010,-1,9483.0,9442.0,2025-10-21 11:01:00,2025-10-21 12:36:00,1.9459141322614677,-0.26596011520522755,0.002732899777495347
2025-10-21,58010,1,9411.0,9213.0,2025-10-21 12:37:00,2025-10-21 15:24:00,,,-0.022863687749855775
2025-10-22,58010,1,8957.0,8984.0,2025-10-22 10:00:00,2025-10-22 10:11:00,-1.7639390010093627,-0.28846997819572257,0.0014098679430839015
2025-10-22,58010,1,8953.0,8989.0,2025-10-22 10:17:00,2025-10-22 10:22:00,-1.5505048893692126,0.022985874943066406,0.0024129359392432133
2025-10-22,58010,-1,9032.0,9352.0,2025-10-22 10:35:00,2025-10-22 15:24:00,,,-0.03641639732240636
2025-10-23,58010,-1,9260.0,9190.0,2025-10-23 10:00:00,2025-10-23 10:55:00,5.536043761233695,0.09667197139074007,0.005988112290492323
2025-10-23,58010,1,9137.0,9177.0,2025-10-23 11:10:00,2025-10-23 11:16:00,-1.5888728694260117,-0.2956616138622181,0.0027682498203925304
2025-10-23,58010,1,9156.0,9181.0,2025-10-23 11:25:00,2025-10-23 11:28:00,-1.9978359900919471,-0.2720584469028668,0.0011267290712426972
2025-10-23,58010,1,9165.0,9185.0,2025-10-23 12:40:00,2025-10-23 12:51:00,-1.8714216247802606,0.07856352187473334,0.0005798373754207422
2025-10-23,58010,-1,9206.0,9187.0,2025-10-23 13:08:00,2025-10-23 13:13:00,2.6214181798690444,0.29742902098608204,0.00046600410572028464
2025-10-23,58010,1,9171.0,9176.0,2025-10-23 13:17:00,2025-10-23 14:37:00,-1.5490502690352461,-0.0641619239039495,-0.001054951749737586
2025-10-23,58010,-1,9196.0,9264.0,2025-10-23 14:50:00,2025-10-23 15:24:00,,,-0.008967313929704382
2025-10-24,58010,-1,9495.0,9540.0,2025-10-24 10:05:00,2025-10-24 13:38:00,1.7074540184132196,0.29450293838023167,-0.006328141195945896
2025-10-24,58010,-1,9559.0,9614.0,2025-10-24 13:46:00,2025-10-24 15:24:00,,,-0.0073372503901433725
2025-10-27,58010,1,9634.0,9694.0,2025-10-27 10:00:00,2025-10-27 10:17:00,-2.3995219907636174,-0.2366117119236066,0.004608629215155102
2025-10-27,58010,-1,9725.0,9707.0,2025-10-27 10:59:00,2025-10-27 11:04:00,1.7686212708647027,0.09547931443300843,0.0002526147744207766
2025-10-27,58010,1,9690.0,9710.0,2025-10-27 11:05:00,2025-10-27 12:43:00,-1.508705738883663,0.09856325526493259,0.000461856400558777
2025-10-27,58010,-1,9729.0,9839.0,2025-10-27 12:46:00,2025-10-27 15:24:00,,,-0.012842963890337863
2025-10-28,58010,-1,10465.0,10370.0,2025-10-28 10:00:00,2025-10-28 10:46:00,4.989460902887027,0.24803534533640345,0.00751933365652712
2025-10-28,58010,-1,10415.0,10415.0,2025-10-28 11:07:00,2025-10-28 15:15:00,1.6744962177756364,0.09805959585446439,-0.0016
2025-10-29,58010,1,10515.0,10565.0,2025-10-29 10:00:00,2025-10-29 10:04:00,-1.8347548845444517,0.017363222009402754,0.003143841913357013
2025-10-29,58010,1,10515.0,10545.0,2025-10-29 10:07:00,2025-10-29 12:33:00,-1.6289104049870045,-0.0852272397626846,0.001249004776074871
2025-10-29,58010,-1,10595.0,10540.0,2025-10-29 12:48:00,2025-10-29 12:55:00,2.13281180472212,-0.2530932412377159,0.0036046486070460777
2025-10-29,58010,1,10490.0,10540.0,2025-10-29 13:10:00,2025-10-29 13:20:00,-1.7208683728738734,-0.2538282723909678,0.003155120705010511
2025-10-29,58010,-1,10585.0,10555.0,2025-10-29 13:32:00,2025-10-29 13:49:00,1.513720336925471,0.25628434325922195,0.001238223286544508
2025-10-29,58010,1,10520.0,10550.0,2025-10-29 14:07:00,2025-10-29 14:08:00,-1.6796053203790215,0.029434379045224293,0.001247652612511697
2025-10-29,58010,-1,10580.0,10550.0,2025-10-29 14:10:00,2025-10-29 14:13:00,2.1115401032123224,0.021223475128041187,0.001239566508077848
2025-10-29,58010,-1,10575.0,10555.0,2025-10-29 14:15:00,2025-10-29 14:24:00,1.7476266291098395,0.2531399447979607,0.0002930436320577371
2025-10-29,58010,1,10520.0,10455.0,2025-10-29 14:40:00,2025-10-29 15:24:00,,,-0.007797874428966859
2025-10-30,58010,1,10455.0,10490.0,2025-10-30 10:00:00,2025-10-30 12:32:00,-1.678519568503068,-0.06133183360861011,0.0017420895276089728
2025-10-30,58010,1,10470.0,10495.0,2025-10-30 12:59:00,2025-10-30 13:04:00,-1.9795799879510576,0.2674403530597247,0.0007849283901508561
2025-10-30,58010,1,10435.0,10485.0,2025-10-30 13:10:00,2025-10-30 13:12:00,-3.309630010107697,-0.29563256357888856,0.0031801238247192347
2025-10-30,58010,1,10445.0,10485.0,2025-10-30 13:13:00,2025-10-30 13:17:00,-2.448772416763405,-0.2056355042031683,0.0022222693453541895
2025-10-30,58010,1,10420.0,10485.0,2025-10-30 13:24:00,2025-10-30 13:40:00,-2.429091929672116,-0.10201594929275166,0.004618628028662307
2025-10-30,58010,1,10425.0,10475.0,2025-10-30 13:47:00,2025-10-30 14:29:00,-1.9882577764569065,-0.2093420248815428,0.0031846981233362532
2025-10-30,58010,-1,10510.0,10485.0,2025-10-30 14:53:00,2025-10-30 14:56:00,1.6580680004108481,0.25523109477996286,0.0007815205349765385
2025-10-30,58010,1,10460.0,10465.0,2025-10-30 15:06:00,2025-10-30 15:24:00,,,-0.001122102738813792
2025-10-31,58010,1,10570.0,10600.0,2025-10-31 10:01:00,2025-10-31 10:22:00,-2.0503977785239798,0.020470520829548915,0.0012342012358751134
2025-10-31,58010,1,10525.0,10550.0,2025-10-31 10:37:00,2025-10-31 13:51:00,-1.5781635703061223,-0.2561108555357391,0.0007724803536303955
2025-10-31,58010,1,10525.0,10990.0,2025-10-31 14:21:00,2025-10-31 15:24:00,,,0.041632388847084895
2025-11-04,58010,-1,11620.0,11505.0,2025-11-04 10:01:00,2025-11-04 11:07:00,2.546813527579111,-0.041098997855677874,0.008346027936436013
2025-11-04,58010,1,11430.0,11070.0,2025-11-04 12:31:00,2025-11-04 15:24:00,,,-0.03360273108617383
2025-11-05,58010,1,10130.0,10060.0,2025-11-05 10:00:00,2025-11-05 12:33:00,-6.222516742497542,-0.0839672860376134,-0.008534153588998852
2025-11-05,58010,-1,10110.0,10080.0,2025-11-05 13:36:00,2025-11-05 13:56:00,1.9975926026829491,0.024186312451796387,0.0013717703891574817
2025-11-05,58010,-1,10110.0,10405.0,2025-11-05 14:03:00,2025-11-05 15:24:00,,,-0.030361426813217726
2025-11-06,58010,1,10525.0,10585.0,2025-11-06 10:02:00,2025-11-06 10:12:00,-2.1841322033667714,-0.07970882683754607,0.004084525018383295
2025-11-06,58010,-1,10640.0,10595.0,2025-11-06 10:33:00,2025-11-06 10:59:00,1.6670321075321586,0.1110142405820512,0.002638292193235894
2025-11-06,58010,1,10550.0,10595.0,2025-11-06 11:01:00,2025-11-06 11:29:00,-1.645046863693055,0.29397014489785916,0.002656331798186989
2025-11-06,58010,1,10540.0,10585.0,2025-11-06 12:30:00,2025-11-06 12:31:00,-1.9209042888009837,-0.11545864505156649,0.0026603614736121035
2025-11-06,58010,-1,10625.0,10760.0,2025-11-06 13:07:00,2025-11-06 15:24:00,,,-0.014225839923157778
2025-11-07,58010,1,10205.0,10255.0,2025-11-07 10:04:00,2025-11-07 10:12:00,-1.8950843022443753,0.17282131639175885,0.0032875952625359183
2025-11-07,58010,1,10185.0,10225.0,2025-11-07 10:34:00,2025-11-07 14:22:00,-2.255127154479207,-0.09269916821607906,0.0023196522500962876
2025-11-07,58010,1,10120.0,10200.0,2025-11-07 14:29:00,2025-11-07 14:37:00,-1.6059148861265695,-0.2488569126753005,0.006274056430905866
2025-11-07,58010,1,10165.0,10215.0,2025-11-07 14:54:00,2025-11-07 14:59:00,-1.5301253904601013,-0.18107927280583597,0.0033067811892753905
2025-11-07,58010,-1,10275.0,10400.0,2025-11-07 15:07:00,2025-11-07 15:24:00,,,-0.013692045765028773
2025-11-10,58010,-1,10625.0,10570.0,2025-11-10 10:00:00,2025-11-10 11:27:00,1.8614611950689308,-0.020669557958545984,0.003589914928334305
2025-11-10,58010,1,10530.0,10575.0,2025-11-10 11:29:00,2025-11-10 12:36:00,-1.7993581216799222,0.1145503662893711,0.002664398786457518
2025-11-10,58010,-1,10615.0,9432.0,2025-11-10 12:40:00,2025-11-10 15:24:00,,,0.11655993192014961
2025-11-11,58010,-1,10285.0,10145.0,2025-11-11 10:00:00,2025-11-11 10:25:00,3.708475577829007,0.15195415752426533,0.012105549827142419
2025-11-11,58010,1,10070.0,9524.0,2025-11-11 10:52:00,2025-11-11 15:24:00,,,-0.057345778105854554
2025-11-12,58010,-1,9540.0,9662.0,2025-11-12 10:00:00,2025-11-12 15:24:00,,,-0.014307180672019802
2025-11-13,58010,-1,10485.0,10800.0,2025-11-13 10:00:00,2025-11-13 15:24:00,,,-0.031200469776290683
2025-11-14,58010,-1,10110.0,10025.0,2025-11-14 10:00:00,2025-11-14 10:23:00,1.867766886510619,-0.07120896187771543,0.006843059839747141
2025-11-14,58010,1,9977.0,10015.0,2025-11-14 10:50:00,2025-11-14 12:50:00,-1.6672424678369293,0.27238724397007774,0.0022015251864114906
2025-11-14,58010,1,9974.0,9829.0,2025-11-14 12:51:00,2025-11-14 15:24:00,,,-0.016244507539438544
2025-11-17,58010,-1,10135.0,10000.0,2025-11-17 10:00:00,2025-11-17 10:04:00,1.9677544205779025,0.09506296744961382,0.011809686909917676
2025-11-17,58010,-1,10070.0,10000.0,2025-11-17 10:26:00,2025-11-17 10:43:00,1.5279873653264906,-0.11723823818828057,0.005375613736425211
2025-11-17,58010,-1,10050.0,10005.0,2025-11-17 10:45:00,2025-11-17 10:59:00,1.7325442600992678,0.024553675847483764,0.002887666469388017
2025-11-17,58010,-1,10065.0,10005.0,2025-11-17 11:18:00,2025-11-17 11:28:00,2.445639904957127,0.012405531909582351,0.004379091056058071
2025-11-17,58010,-1,10040.0,10365.0,2025-11-17 12:39:00,2025-11-17 15:24:00,,,-0.03345763162415985
2025-11-18,58010,1,9648.0,9725.0,2025-11-18 10:00:00,2025-11-18 10:47:00,-2.6584021611521966,-0.09369352433741061,0.006349249519680429
2025-11-18,58010,1,9685.0,9722.0,2025-11-18 10:49:00,2025-11-18 10:55:00,-1.736056406236601,-0.16993034619826894,0.0022130617643044805
2025-11-18,58010,-1,9783.0,9367.0,2025-11-18 11:01:00,2025-11-18 15:24:00,,,0.041853311248298296
2025-11-19,58010,-1,9764.0,9611.0,2025-11-19 10:00:00,2025-11-19 12:47:00,7.676227884155613,0.2545260525913882,0.014193876689566357
2025-11-19,58010,1,9554.0,9593.0,2025-11-19 13:36:00,2025-11-19 13:45:00,-1.8561466651995155,-0.17748142971727526,0.0024737508680403707
2025-11-19,58010,1,9565.0,9599.0,2025-11-19 13:56:00,2025-11-19 14:38:00,-1.6202462161946818,0.07396770612825382,0.001948323489183787
2025-11-19,58010,-1,9627.0,9738.0,2025-11-19 14:49:00,2025-11-19 15:24:00,,,-0.013064106964679715
2025-11-20,58010,1,10175.0,10250.0,2025-11-20 10:00:00,2025-11-20 10:11:00,-1.8531340637509803,0.17768018854142306,0.005743974255758505
2025-11-20,58010,1,10215.0,9894.0,2025-11-20 10:41:00,2025-11-20 15:24:00,,,-0.03352871546406857
2025-11-21,58010,1,9159.0,9201.0,2025-11-21 10:00:00,2025-11-21 10:26:00,-1.6074177381025518,0.20776187025441722,0.0029751713793737195
2025-11-21,58010,-1,9251.0,9198.0,2025-11-21 10:28:00,2025-11-21 10:31:00,1.6461068281146685,0.012360774274935739,0.004145584671449456
2025-11-21,58010,1,9106.0,9204.0,2025-11-21 10:35:00,2025-11-21 10:42:00,-2.214018424081757,0.2737020249282961,0.009104635260529154
2025-11-21,58010,1,9136.0,8864.0,2025-11-21 10:57:00,2025-11-21 15:24:00,,,-0.03182452290872639
2025-11-25,58010,-1,9193.0,9174.0,2025-11-25 10:06:00,2025-11-25 10:17:00,1.6209523277940971,0.2785994032160522,0.00046892870663729964
2025-11-25,58010,-1,9214.0,9172.0,2025-11-25 10:20:00,2025-11-25 10:47:00,2.2637427442662235,-0.2152682349448639,0.0029687015180672608
2025-11-25,58010,-1,9225.0,9181.0,2025-11-25 10:57:00,2025-11-25 11:06:00,1.6579708489997498,0.16822453057373446,0.0031810587650278905
2025-11-25,58010,1,9136.0,9175.0,2025-11-25 11:11:00,2025-11-25 11:19:00,-1.7335382336586895,-0.05468832602369364,0.0026597410269796748
2025-11-25,58010,1,9122.0,9155.0,2025-11-25 11:25:00,2025-11-25 13:51:00,-1.82716177032541,-0.07216356416045541,0.0020110998369652763
2025-11-25,58010,1,9119.0,9023.0,2025-11-25 14:15:00,2025-11-25 15:24:00,,,-0.012183275939164856
2025-11-26,58010,-1,9131.0,9077.0,2025-11-26 10:00:00,2025-11-26 10:15:00,3.134868223520039,0.200554120288144,0.004331476089712857
2025-11-26,58010,-1,9106.0,9088.0,2025-11-26 10:16:00,2025-11-26 11:17:00,1.5009574902856182,0.2440019000935836,0.00037867493379475253
2025-11-26,58010,-1,9141.0,9194.0,2025-11-26 12:30:00,2025-11-26 15:24:00,,,-0.007381308712354662
2025-11-27,58010,-1,9424.0,9498.0,2025-11-27 10:00:00,2025-11-27 15:24:00,,,-0.0094216232176991
2025-11-28,58010,1,9651.0,9675.0,2025-11-28 10:00:00,2025-11-28 10:19:00,-1.8825054169362212,-0.2325322906927273,0.0008837019908464465
2025-11-28,58010,1,9664.0,9922.0,2025-11-28 10:54:00,2025-11-28 15:24:00,,,0.024746872686397924
2025-12-01,58010,1,9578.0,9680.0,2025-12-01 10:00:00,2025-12-01 12:45:00,-3.1874910523599485,0.19263587516474154,0.008993099368068079
2025-12-01,58010,-1,9700.0,9684.0,2025-12-01 13:13:00,2025-12-01 14:04:00,1.8674275388118213,0.006248398923297236,5.084643352509864e-05
2025-12-01,58010,-1,9724.0,9686.0,2025-12-01 14:11:00,2025-12-01 14:35:00,1.5565633303682196,0.07558240140445788,0.002315512472839491
2025-12-01,58010,-1,9698.0,9664.0,2025-12-01 14:55:00,2025-12-01 15:24:00,,,0.0019120374907013952
2025-12-02,58010,1,9693.0,9715.0,2025-12-02 10:00:00,2025-12-02 10:14:00,-1.7083205043979015,-0.020932975327595582,0.0006671073189324719
2025-12-02,58010,1,9677.0,9713.0,2025-12-02 10:23:00,2025-12-02 10:35:00,-2.091913509012934,-0.07124951813557853,0.002113258521388108
2025-12-02,58010,1,9692.0,9713.0,2025-12-02 10:38:00,2025-12-02 10:49:00,-1.5174684628358852,0.04356848758159867,0.0005643914659141313
2025-12-02,58010,-1,9743.0,9715.0,2025-12-02 10:57:00,2025-12-02 11:20:00,1.530077461644603,0.05059072407431445,0.0012779956138007913
2025-12-02,58010,1,9693.0,9721.0,2025-12-02 12:31:00,2025-12-02 12:50:00,-1.9204397301035225,0.20385878246927217,0.0012845183284610829
2025-12-02,58010,-1,9740.0,9715.0,2025-12-02 13:04:00,2025-12-02 13:12:00,1.5417419946498743,-0.18240501932516565,0.0009700348250403468
2025-12-02,58010,1,9700.0,9718.0,2025-12-02 13:37:00,2025-12-02 14:20:00,-1.6377945452658487,0.2568757077873163,0.0002539504743740604
2025-12-02,58010,-1,9736.0,9716.0,2025-12-02 14:30:00,2025-12-02 14:54:00,1.7671076375437158,0.048192296093177565,0.0004563445453000315
2025-12-02,58010,1,9698.0,9715.0,2025-12-02 15:22:00,2025-12-02 15:24:00,-2.458304661618813,-0.023473084990869992,0.00015140414624281598
2025-12-03,58010,1,9724.0,9793.0,2025-12-03 10:00:00,2025-12-03 10:43:00,-6.551441900579334,0.059604332667238455,0.005470788284780436
2025-12-03,58010,-1,9831.0,10090.0,2025-12-03 11:00:00,2025-12-03 15:24:00,,,-0.027604175980730422
2025-12-04,58010,1,9812.0,9833.0,2025-12-04 10:00:00,2025-12-04 15:24:00,-3.35167898585249,-0.20814074513600211,0.0005379494017763778
2025-12-05,58010,-1,9807.0,9736.0,2025-12-05 10:00:00,2025-12-05 10:17:00,4.229907583309606,-0.05528474148007556,0.005666060724957193
2025-12-05,58010,-1,9788.0,9755.0,2025-12-05 10:24:00,2025-12-05 12:45:00,2.070077276748478,-0.009312136313356228,0.0017771715053507425
2025-12-05,58010,-1,9777.0,9755.0,2025-12-05 13:02:00,2025-12-05 13:43:00,1.8878374835305285,-0.25994641752829745,0.0006527144484596581
2025-12-05,58010,1,9731.0,9757.0,2025-12-05 13:51:00,2025-12-05 14:02:00,-1.5416259825593874,-0.03709464646712655,0.00106831028596093
2025-12-05,58010,1,9750.0,9758.0,2025-12-05 14:35:00,2025-12-05 14:57:00,-1.5126407310551895,0.10537728969739002,-0.0007798236161104182
2025-12-05,58010,-1,9783.0,9758.0,2025-12-05 15:01:00,2025-12-05 15:03:00,2.485977482269188,0.04874423910787197,0.0009587240816462887
2025-12-05,58010,1,9736.0,9736.0,2025-12-05 15:12:00,2025-12-05 15:24:00,,,-0.0016
2025-12-08,58010,1,9805.0,9826.0,2025-12-08 10:00:00,2025-12-08 11:01:00,-2.318504390571664,-0.13146789258489422,0.0005394740981469503
2025-12-08,58010,-1,9862.0,9833.0,2025-12-08 11:27:00,2025-12-08 11:30:00,3.0409894551564802,0.21708116816873965,0.0013449120039151676
2025-12-08,58010,-1,9845.0,10135.0,2025-12-08 12:31:00,2025-12-08 15:24:00,,,-0.030631067812874536
2025-12-09,58010,1,10045.0,10070.0,2025-12-09 10:09:00,2025-12-09 11:13:00,-1.8522233085281383,-0.06301816837416371,0.0008857084635731057
2025-12-09,58010,-1,10140.0,10080.0,2025-12-09 12:32:00,2025-12-09 12:53:00,2.1524430798561136,0.13248401250300706,0.004334735519814578
2025-12-09,58010,1,10045.0,10075.0,2025-12-09 13:15:00,2025-12-09 13:44:00,-1.8701207162802378,-0.09002214317742804,0.0013821095658488865
2025-12-09,58010,1,10055.0,10070.0,2025-12-09 13:49:00,2025-12-09 14:45:00,-1.5830987837752857,-0.25621866808255256,-0.00010931649414449803
2025-12-09,58010,1,10055.0,10060.0,2025-12-09 15:07:00,2025-12-09 15:24:00,,,-0.0011028585530223139
2025-12-10,58010,1,9980.0,9980.0,2025-12-10 10:00:00,2025-12-10 11:09:00,-1.975310573445171,0.11414959685193908,-0.0016
2025-12-10,58010,-1,10030.0,9981.0,2025-12-10 12:31:00,2025-12-10 12:33:00,1.5118151598648504,0.1060279539653117,0.0032973162693947858
2025-12-10,58010,1,9933.0,9971.0,2025-12-10 12:49:00,2025-12-10 13:18:00,-1.7352423805639172,-0.10805279693567017,0.0022183326134368967
2025-12-10,58010,1,9941.0,9971.0,2025-12-10 13:24:00,2025-12-10 13:45:00,-2.7162107507640614,-0.008867111572927121,0.0014132606166477742
2025-12-10,58010,1,9946.0,9969.0,2025-12-10 14:03:00,2025-12-10 14:50:00,-1.6901924057834847,0.23087185362248716,0.0007098177480200105
2025-12-10,58010,-1,9997.0,9968.0,2025-12-10 15:04:00,2025-12-10 15:07:00,1.5495241495017873,0.1056178874897074,0.0013050859399463316
2025-12-10,58010,-1,9992.0,10010.0,2025-12-10 15:15:00,2025-12-10 15:24:00,,,-0.003399820503852684
2025-12-11,58010,-1,9993.0,9955.0,2025-12-11 10:00:00,2025-12-11 11:09:00,1.5391291659670212,-0.22995597693250353,0.0022099103634927227
2025-12-11,58010,1,9922.0,9639.0,2025-12-11 11:27:00,2025-12-11 15:24:00,,,-0.03053714507702606
2025-12-12,58010,1,9702.0,9760.0,2025-12-12 10:23:00,2025-12-12 13:41:00,-1.5823216532017526,-0.08191753934912407,0.004360350601976318
2025-12-12,58010,-1,9784.0,9838.0,2025-12-12 14:06:00,2025-12-12 15:24:00,,,-0.00710403998827689
2025-12-15,58010,1,9489.0,9531.0,2025-12-15 10:01:00,2025-12-15 10:10:00,-1.610073608257024,0.2002179813379868,0.0028164109638673662
2025-12-15,58010,1,9478.0,9419.0,2025-12-15 10:30:00,2025-12-15 15:24:00,,,-0.007844397704716519
2025-12-16,58010,-1,9197.0,9161.0,2025-12-16 10:01:00,2025-12-16 10:37:00,1.6841250625666848,0.12351722402527429,0.0023220008874888934
2025-12-16,58010,1,9119.0,9090.0,2025-12-16 10:49:00,2025-12-16 15:20:00,-1.5039853876494913,-0.2316479072083961,-0.0047852407621410496
2025-12-17,58010,-1,9082.0,9252.0,2025-12-17 10:00:00,2025-12-17 15:24:00,,,-0.020145311693433296
2025-12-18,58010,-1,9074.0,9012.0,2025-12-18 10:00:00,2025-12-18 10:06:00,2.3569036874626286,-0.20527173331335608,0.005256158671774106
2025-12-18,58010,-1,9068.0,9011.0,2025-12-18 11:00:00,2025-12-18 12:35:00,3.162405293563481,-0.2466212616381433,0.004705679392382312
2025-12-18,58010,-1,9029.0,9018.0,2025-12-18 13:43:00,2025-12-18 13:45:00,1.691318142598827,-0.06976610937979645,-0.0003809606735502957
2025-12-18,58010,1,9008.0,9020.0,2025-12-18 13:51:00,2025-12-18 13:54:00,-1.632226696827075,0.2750439080942728,-0.00026873732280219406
2025-12-18,58010,1,9008.0,9019.0,2025-12-18 13:56:00,2025-12-18 14:57:00,-1.7454101363325678,0.24743430859446774,-0.0003796082137635659
2025-12-18,58010,-1,9045.0,9045.0,2025-12-18 15:24:00,2025-12-18 15:24:00,,,-0.0016
2025-12-19,58010,1,9117.0,9172.0,2025-12-19 10:00:00,2025-12-19 12:32:00,-2.515844353534519,-0.27544154706603496,0.0044145623928922096
2025-12-19,58010,-1,9215.0,9274.0,2025-12-19 13:12:00,2025-12-19 15:24:00,,,-0.00798219484748253
2025-12-22,58010,-1,9692.0,9742.0,2025-12-22 10:01:00,2025-12-22 15:24:00,,,-0.0067456324300717236
2025-12-23,58010,1,9701.0,9733.0,2025-12-23 10:25:00,2025-12-23 11:03:00,-1.723402131127519,0.1429734084545322,0.0016932004652101572
2025-12-23,58010,-1,9760.0,9876.0,2025-12-23 11:14:00,2025-12-23 15:24:00,,,-0.013415171057932026
2025-12-24,58010,-1,10055.0,10145.0,2025-12-24 10:00:00,2025-12-24 15:24:00,,,-0.01051095005316259
2025-12-25,58010,1,10115.0,10090.0,2025-12-25 10:01:00,2025-12-25 14:40:00,-1.7198509563067161,-0.22241099622752547,-0.004074636254191158
2025-12-25,58010,-1,10105.0,10120.0,2025-12-25 15:18:00,2025-12-25 15:24:00,,,-0.0030833130037351887
2025-12-26,58010,1,10105.0,10140.0,2025-12-26 10:00:00,2025-12-26 10:35:00,-1.9764589474435525,0.2948589816377302,0.0018576473074527076
2025-12-26,58010,1,10095.0,9887.0,2025-12-26 10:44:00,2025-12-26 15:24:00,,,-0.022419488849804957
2025-12-29,58010,-1,10085.0,10010.0,2025-12-29 10:00:00,2025-12-29 14:46:00,5.140179869152797,0.07875169383862961,0.005864578079045881
2025-12-29,58010,-1,10025.0,10010.0,2025-12-29 15:05:00,2025-12-29 15:21:00,1.746041208097313,0.12779736298549868,-0.0001026201344963831
2025-12-30,58010,-1,9945.0,10045.0,2025-12-30 10:09:00,2025-12-30 15:24:00,,,-0.01160508596096218
2026-01-05,58010,-1,10520.0,10435.0,2026-01-05 10:00:00,2026-01-05 12:59:00,7.296171286529712,-0.21265767360976764,0.006512666780399758
2026-01-05,58010,-1,10485.0,10540.0,2026-01-05 13:22:00,2026-01-05 15:24:00,,,-0.0068318787593330535
2026-01-06,58010,1,10485.0,10515.0,2026-01-06 10:00:00,2026-01-06 13:53:00,-4.865085995285759,-0.24028500733903493,0.001257144800779744
2026-01-06,58010,-1,10550.0,10520.0,2026-01-06 14:14:00,2026-01-06 14:26:00,1.7348439459310923,-0.01187188823855788,0.0012476526125117296
2026-01-06,58010,-1,10535.0,10520.0,2026-01-06 14:50:00,2026-01-06 15:24:00,1.9983030913736686,-0.15416295881305325,-0.00017516005341143646
2026-01-07,58010,1,10285.0,10290.0,2026-01-07 10:08:00,2026-01-07 11:25:00,-2.307418301474497,-0.2648293334003843,-0.0011139732589621496
2026-01-07,58010,-1,10385.0,10305.0,2026-01-07 12:39:00,2026-01-07 13:02:00,1.9808024130830717,0.01578362590938301,0.0061332429856533295
2026-01-07,58010,1,10275.0,10120.0,2026-01-07 13:39:00,2026-01-07 15:24:00,,,-0.016800096522978775
2026-01-08,58010,1,9976.0,10045.0,2026-01-08 10:00:00,2026-01-08 10:30:00,-4.87667902750401,-0.020354918353319446,0.005292789889162346
2026-01-08,58010,-1,10090.0,9951.0,2026-01-08 10:55:00,2026-01-08 15:24:00,,,0.012271785732492473
2026-01-09,58010,1,9716.0,9737.0,2026-01-09 10:22:00,2026-01-09 11:10:00,-1.6813013940670116,-0.01397029808492509,0.0005590508566931912
2026-01-09,58010,1,9703.0,9731.0,2026-01-09 11:15:00,2026-01-09 13:09:00,-1.5389794376421775,-0.045786311860843636,0.0012815497966894632
2026-01-09,58010,-1,9762.0,10015.0,2026-01-09 13:18:00,2026-01-09 15:24:00,,,-0.027186671652825796
2026-01-13,58010,1,9999.0,9948.0,2026-01-13 10:00:00,2026-01-13 15:24:00,,,-0.006713562052554084
2026-01-14,58010,-1,10035.0,9981.0,2026-01-14 10:00:00,2026-01-14 10:47:00,4.063377100721132,0.19304888714742677,0.003795696543852092
2026-01-14,58010,1,9945.0,9974.0,2026-01-14 10:54:00,2026-01-14 11:15:00,-2.038693645591197,-0.2629757428335864,0.001311794817995271
2026-01-14,58010,-1,10000.0,9980.0,2026-01-14 11:29:00,2026-01-14 12:33:00,1.8162810898617805,0.13733070212727247,0.0004020026706730792
2026-01-14,58010,-1,9997.0,9976.0,2026-01-14 13:05:00,2026-01-14 13:10:00,2.0424435482138383,-0.2765394275485473,0.0005028396073083216
2026-01-14,58010,-1,9989.0,9980.0,2026-01-14 13:18:00,2026-01-14 13:22:00,1.5223484168529455,0.23132397637594349,-0.0006986027733599013
2026-01-14,58010,1,9967.0,9979.0,2026-01-14 13:23:00,2026-01-14 13:26:00,-1.503824780677819,0.08526883022603429,-0.0003967510831436906
2026-01-14,58010,-1,9990.0,9982.0,2026-01-14 13:36:00,2026-01-14 13:50:00,1.593073606404934,0.2202026172350477,-0.0007988783869553447
2026-01-14,58010,-1,10005.0,9986.0,2026-01-14 13:54:00,2026-01-14 14:58:00,2.134932380633755,0.2915174389748523,0.00030085595727914836
2026-01-14,58010,-1,10005.0,9987.0,2026-01-14 15:01:00,2026-01-14 15:12:00,1.5125771314117242,0.2703332397026699,0.00020072077469919665
2026-01-15,58010,-1,9886.0,9871.0,2026-01-15 10:01:00,2026-01-15 10:43:00,1.6968293847664981,-0.10941298042248739,-8.155055098333394e-05
2026-01-15,58010,1,9854.0,9862.0,2026-01-15 11:09:00,2026-01-15 12:50:00,-1.6147604495867653,-0.23693382217389683,-0.0007884763198370131
2026-01-15,58010,-1,9898.0,9825.0,2026-01-15 13:00:00,2026-01-15 15:23:00,1.6335089741776598,0.04499382335929063,0.005802558774369411
2026-01-16,58010,-1,9884.0,10390.0,2026-01-16 10:27:00,2026-01-16 15:24:00,,,-0.051526516984772376
2026-01-19,58010,1,10320.0,10365.0,2026-01-19 10:00:00,2026-01-19 11:06:00,-2.6629755941233832,-0.05101120887903996,0.0027509858343261325
2026-01-19,58010,-1,10420.0,10700.0,2026-01-19 11:28:00,2026-01-19 15:24:00,,,-0.028116705142639708
2026-01-20,58010,-1,11150.0,11170.0,2026-01-20 10:00:00,2026-01-20 11:23:00,1.5042127188938352,0.2611291282820053,-0.0033921151749815364
2026-01-20,58010,-1,11245.0,11165.0,2026-01-20 12:38:00,2026-01-20 14:04:00,1.6578121075563892,-0.10963223739065019,0.005539700119157751
2026-01-20,58010,1,11130.0,11165.0,2026-01-20 14:29:00,2026-01-20 14:33:00,-1.8846794425654487,-0.10493215087680124,0.0015397200046678463
2026-01-20,58010,-1,11205.0,11190.0,2026-01-20 14:40:00,2026-01-20 15:24:00,,,-0.0002604150709435279
2026-01-21,58010,-1,11495.0,12065.0,2026-01-21 10:00:00,2026-01-21 15:24:00,,,-0.049996540861850236
2026-01-22,58010,1,11875.0,11895.0,2026-01-22 10:01:00,2026-01-22 11:26:00,-1.8614720846353947,-0.2467381185478136,8.27938342160355e-05
2026-01-22,58010,-1,12015.0,11915.0,2026-01-22 12:30:00,2026-01-22 12:43:00,2.4214852734836354,0.047958715871591055,0.006757758637726772
2026-01-22,58010,1,11845.0,11905.0,2026-01-22 13:12:00,2026-01-22 14:00:00,-1.5398117911264413,0.04132011655843015,0.003452642328077327
2026-01-22,58010,1,11835.0,11815.0,2026-01-22 14:23:00,2026-01-22 15:24:00,,,-0.0032913323270760864
2026-01-23,58010,-1,12245.0,12175.0,2026-01-23 10:03:00,2026-01-23 10:20:00,1.6185176551011629,-0.015845355680370224,0.004133021435477584
2026-01-23,58010,1,12130.0,12170.0,2026-01-23 10:44:00,2026-01-23 11:16:00,-1.838948801329988,-0.052263463462993404,0.0016921840434770978
2026-01-23,58010,-1,12260.0,12255.0,2026-01-23 12:32:00,2026-01-23 13:54:00,2.3295126804301045,-0.13602643902638226,-0.0011920864720105246
2026-01-23,58010,-1,12325.0,12270.0,2026-01-23 14:13:00,2026-01-23 14:27:00,1.8826845202490277,0.12733026499873093,0.0028724612059337776
2026-01-23,58010,1,12200.0,12255.0,2026-01-23 14:50:00,2026-01-23 15:08:00,-1.9179034535309494,-0.24202454790730385,0.0028980652408649677
2026-01-23,58010,1,12210.0,12240.0,2026-01-23 15:10:00,2026-01-23 15:24:00,,,0.0008539889615667869
2026-01-26,58010,-1,12895.0,12735.0,2026-01-26 10:00:00,2026-01-26 10:47:00,4.80510097685677,0.28898343891933,0.01088553090188776
2026-01-26,58010,1,12670.0,12695.0,2026-01-26 11:13:00,2026-01-26 12:33:00,-1.5410641927473294,-0.28059627840221235,0.00037122082359409224
2026-01-26,58010,-1,12820.0,12710.0,2026-01-26 12:53:00,2026-01-26 13:27:00,1.60622090680571,-0.0876405012749836,0.007017366291161331
2026-01-26,58010,1,12665.0,12625.0,2026-01-26 13:47:00,2026-01-26 15:24:00,,,-0.004763308292215043
2026-01-27,58010,-1,12955.0,12785.0,2026-01-27 10:00:00,2026-01-27 10:20:00,3.3599286027030026,0.11727563231172632,0.011609205270923403
2026-01-27,58010,-1,12870.0,12785.0,2026-01-27 10:36:00,2026-01-27 10:56:00,1.8294458694406885,0.10461302634741416,0.00502641286488537
2026-01-27,58010,-1,12845.0,12885.0,2026-01-27 11:07:00,2026-01-27 15:24:00,,,-0.004709213542481437
2026-01-28,58010,-1,14380.0,14250.0,2026-01-28 10:00:00,2026-01-28 10:29:00,1.7048263415545508,0.1731433550656089,0.00748144557824115
2026-01-28,58010,1,14165.0,14250.0,2026-01-28 10:52:00,2026-01-28 10:57:00,-1.8751958571544838,0.28926241614313936,0.004382773432179657
2026-01-28,58010,-1,14315.0,14240.0,2026-01-28 11:06:00,2026-01-28 12:32:00,2.102049210516958,-0.21949437961048635,0.0036530325662486344
2026-01-28,58010,-1,14335.0,14260.0,2026-01-28 12:33:00,2026-01-28 12:40:00,2.3548341800981345,0.24576309484114672,0.003645684349183334
2026-01-28,58010,1,14155.0,14235.0,2026-01-28 12:44:00,2026-01-28 12:48:00,-1.7553716672176491,-0.2257273196484859,0.004035802166137855
2026-01-28,58010,-1,14335.0,14255.0,2026-01-28 13:09:00,2026-01-28 14:07:00,1.5173614034098748,-0.04892129590292991,0.003996376970697825
2026-01-28,58010,-1,14300.0,14260.0,2026-01-28 14:10:00,2026-01-28 14:14:00,2.2717801331823817,0.18835846211989926,0.0012011222797116675
2026-01-28,58010,-1,14300.0,14260.0,2026-01-28 14:24:00,2026-01-28 14:28:00,2.04115508558606,0.16950677806324915,0.0012011222797116675
2026-01-28,58010,1,14225.0,14255.0,2026-01-28 14:41:00,2026-01-28 14:44:00,-1.505717119312347,-0.06179878258081516,0.0005067423522407261
2026-01-28,58010,-1,14290.0,14380.0,2026-01-28 14:47:00,2026-01-28 15:24:00,,,-0.007878360351124691
2026-01-29,58010,1,14175.0,13885.0,2026-01-29 10:00:00,2026-01-29 15:24:00,,,-0.022270728855052872
2026-01-30,58010,-1,14105.0,13995.0,2026-01-30 10:00:00,2026-01-30 10:42:00,1.980494929412508,-0.004886155985206577,0.006229221486542797
2026-01-30,58010,1,13840.0,13875.0,2026-01-30 11:05:00,2026-01-30 14:11:00,-1.7300256382436128,-0.0641974886254611,0.0009257094429747923
2026-01-30,58010,1,13805.0,13595.0,2026-01-30 14:16:00,2026-01-30 15:24:00,,,-0.016928767297683705
2026-02-02,58010,-1,14075.0,13770.0,2026-02-02 10:00:00,2026-02-02 10:14:00,7.178703364265462,0.04424106122911339,0.020307861285190635
2026-02-02,58010,-1,13820.0,13090.0,2026-02-02 10:40:00,2026-02-02 15:24:00,,,0.05266823841771523
2026-02-03,58010,1,13735.0,13825.0,2026-02-03 10:04:00,2026-02-03 10:11:00,-1.6432956181073166,-0.24653879416239363,0.004931227861161211
2026-02-03,58010,-1,13920.0,13850.0,2026-02-03 10:43:00,2026-02-03 10:55:00,1.729687680443409,0.16848246090599922,0.0034414222729260407
2026-02-03,58010,-1,13885.0,13845.0,2026-02-03 11:02:00,2026-02-03 11:06:00,1.5080203869310986,-0.030558788506823725,0.0012849641358376742
2026-02-03,58010,1,13800.0,13850.0,2026-02-03 11:12:00,2026-02-03 12:37:00,-1.5558964466691496,0.15625345993384096,0.002016640470188515
2026-02-03,58010,-1,13885.0,14310.0,2026-02-03 13:00:00,2026-02-03 15:24:00,,,-0.03174947280959663
2026-02-04,58010,-1,14920.0,15280.0,2026-02-04 10:00:00,2026-02-04 15:24:00,,,-0.025442188962759658
2026-02-05,58010,-1,14880.0,14820.0,2026-02-05 10:27:00,2026-02-05 10:34:00,1.8501031661858283,-0.029225866741674097,0.0024404095370049745
2026-02-05,58010,1,14760.0,14815.0,2026-02-05 10:41:00,2026-02-05 10:49:00,-1.7538347946480848,-0.10160248500387611,0.0021193618532022156
2026-02-05,58010,1,14755.0,14385.0,2026-02-05 10:58:00,2026-02-05 15:24:00,,,-0.0269960113913915
2026-02-06,58010,1,14205.0,14250.0,2026-02-06 10:02:00,2026-02-06 10:48:00,-1.941712681744885,-0.24466457936105437,0.001562891408508217
2026-02-06,58010,-1,14405.0,14505.0,2026-02-06 11:04:00,2026-02-06 15:24:00,,,-0.00851804903687557
2026-02-09,58010,-1,15470.0,15345.0,2026-02-09 10:00:00,2026-02-09 12:38:00,3.0842934818029812,0.15740635509272194,0.006512976513275229
2026-02-09,58010,-1,15490.0,17500.0,2026-02-09 12:51:00,2026-02-09 14:14:00,,,-0.12360622650069117
2026-02-10,58010,-1,21160.0,21500.0,2026-02-10 10:00:00,2026-02-10 13:36:00,,,-0.017540328143518524
2026-02-12,58010,1,22065.0,22180.0,2026-02-12 10:17:00,2026-02-12 12:37:00,-2.0275066529169914,-0.2489528051017978,0.003598339200710417
2026-02-12,58010,1,22040.0,22180.0,2026-02-12 13:01:00,2026-02-12 13:15:00,-1.617374989524377,-0.2745137151465118,0.004731997637507326
2026-02-12,58010,1,22100.0,22180.0,2026-02-12 13:40:00,2026-02-12 15:18:00,-1.5038304878172688,-0.2667939896392631,0.002013373398513831
2026-02-13,58010,1,21540.0,21630.0,2026-02-13 10:00:00,2026-02-13 10:06:00,-1.7745507443993542,-0.23867710921638147,0.002569568236724831
2026-02-13,58010,-1,21920.0,21685.0,2026-02-13 10:18:00,2026-02-13 10:28:00,1.701566744744562,0.17113817996983274,0.009178684792485202
2026-02-13,58010,-1,21770.0,21680.0,2026-02-13 10:49:00,2026-02-13 10:55:00,2.2563178837955933,0.29346714612618957,0.002542698675010665
2026-02-13,58010,-1,21750.0,21660.0,2026-02-13 10:58:00,2026-02-13 11:16:00,2.330260710147857,-0.2858661359685941,0.0025465159618485774
2026-02-13,58010,-1,21860.0,21695.0,2026-02-13 12:30:00,2026-02-13 12:55:00,2.542561234477694,0.044456105472341724,0.005976663498078488
2026-02-13,58010,-1,21880.0,21730.0,2026-02-13 13:35:00,2026-02-13 14:04:00,1.744322691923331,0.24988280641252847,0.005279183285442175
2026-02-13,58010,1,21510.0,21570.0,2026-02-13 14:22:00,2026-02-13 15:24:00,,,0.0011855171214262266
2026-02-16,58010,1,21335.0,21510.0,2026-02-16 10:00:00,2026-02-16 10:10:00,-3.9703818655885637,-0.22208241995121042,0.006569026639675425
2026-02-16,58010,1,21325.0,21520.0,2026-02-16 10:17:00,2026-02-16 10:45:00,-2.7628907817054813,0.20724625346452863,0.00750264191584086
2026-02-16,58010,1,21400.0,21490.0,2026-02-16 11:00:00,2026-02-16 11:04:00,-1.7130177772104904,-0.25276446839469,0.002596788626613232
2026-02-16,58010,1,21395.0,21200.0,2026-02-16 11:10:00,2026-02-16 15:24:00,,,-0.0107560681908134
2026-02-17,58010,1,20920.0,20980.0,2026-02-17 10:12:00,2026-02-17 10:50:00,-2.253752992870968,-0.15908501963977886,0.0012639637714289395
2026-02-17,58010,1,20895.0,20835.0,2026-02-17 10:52:00,2026-02-17 14:08:00,-1.7646396633460926,-0.29531035890188617,-0.004475631025461963
2026-02-17,58010,-1,20985.0,21100.0,2026-02-17 14:22:00,2026-02-17 15:24:00,,,-0.007065143696466731
2026-02-18,58010,-1,21715.0,21595.0,2026-02-18 10:00:00,2026-02-18 10:09:00,1.5459617149256346,0.02911658552494088,0.003941459574120726
2026-02-18,58010,-1,21705.0,21660.0,2026-02-18 10:19:00,2026-02-18 13:53:00,1.625789656246618,-0.2871960173033863,0.00047540717871230663
2026-02-18,58010,-1,21725.0,21960.0,2026-02-18 13:57:00,2026-02-18 15:24:00,,,-0.012358945489874125
2026-02-19,58010,-1,22130.0,22855.0,2026-02-19 10:00:00,2026-02-19 15:24:00,,,-0.033835757720749406
2026-02-20,58010,-1,23060.0,23325.0,2026-02-20 10:00:00,2026-02-20 15:24:00,,,-0.013026231892494623
2026-02-24,58010,-1,25950.0,26895.0,2026-02-24 10:01:00,2026-02-24 15:24:00,,,-0.0373687861133082
2026-02-25,58010,-1,27570.0,28095.0,2026-02-25 10:00:00,2026-02-25 15:24:00,,,-0.02046339952845616
2026-02-26,58010,1,26925.0,27840.0,2026-02-26 10:00:00,2026-02-26 10:13:00,-4.337967684916077,-0.08172885942186678,0.0318186124237667
2026-02-26,58010,-1,28055.0,27870.0,2026-02-26 10:59:00,2026-02-26 11:07:00,1.6986377448202536,-0.14170012913886784,0.005016027709078504
2026-02-26,58010,1,27700.0,27880.0,2026-02-26 12:31:00,2026-02-26 13:11:00,-2.454869890780523,-0.2521491484164693,0.004877172699030411
2026-02-26,58010,1,27725.0,27880.0,2026-02-26 13:26:00,2026-02-26 14:58:00,-1.64337254205816,0.1615238734897121,0.003975052655892336
2026-02-26,58010,-1,27995.0,27940.0,2026-02-26 15:13:00,2026-02-26 15:24:00,,,0.0003665689720408268
2026-02-27,58010,1,26025.0,26265.0,2026-02-27 10:10:00,2026-02-27 10:57:00,-1.515938293755387,0.1624294205873471,0.007579639904892224
2026-02-27,58010,-1,26490.0,27985.0,2026-02-27 11:18:00,2026-02-27 15:24:00,,,-0.05650134905934459
2026-03-02,58010,-1,29045.0,29715.0,2026-03-02 10:00:00,2026-03-02 15:24:00,,,-0.02440561737412809
2026-03-03,58010,1,31280.0,31490.0,2026-03-03 10:02:00,2026-03-03 10:05:00,-2.2073601895674995,-0.2565708444328313,0.0050911194358230485
2026-03-03,58010,1,31310.0,29005.0,2026-03-03 10:10:00,2026-03-03 15:24:00,,,-0.07806930642028664
2026-03-04,58010,1,28320.0,27720.0,2026-03-04 10:01:00,2026-03-04 15:24:00,,,-0.023014094503816585
2026-03-05,58010,-1,29810.0,29495.0,2026-03-05 10:00:00,2026-03-05 10:16:00,3.1207156310414885,0.18984573190100543,0.00902315023494152
2026-03-05,58010,1,29045.0,28860.0,2026-03-05 10:34:00,2026-03-05 14:06:00,-1.6231315373957997,-0.08204481329564446,-0.00798979809877101
2026-03-05,58010,1,28685.0,28870.0,2026-03-05 14:18:00,2026-03-05 14:27:00,-1.5217868045574705,0.022805536394429306,0.0048286556210094264
2026-03-05,58010,-1,29120.0,28505.0,2026-03-05 14:34:00,2026-03-05 15:24:00,,,0.019745712844940012
2026-03-06,58010,1,27490.0,27640.0,2026-03-06 10:11:00,2026-03-06 11:17:00,-1.8023749967127898,-0.145051150723313,0.0038416967223148784
2026-03-06,58010,1,27465.0,27640.0,2026-03-06 12:35:00,2026-03-06 12:48:00,-1.50480071381405,-0.1543993652451864,0.004751532104885427
2026-03-06,58010,1,27545.0,27640.0,2026-03-06 13:04:00,2026-03-06 13:09:00,-1.8611418307825935,-0.2699335337423113,0.001842967974789302
2026-03-06,58010,1,27540.0,27620.0,2026-03-06 13:10:00,2026-03-06 14:04:00,-2.186092920629899,-0.20391000991469183,0.0013006546806373115
2026-03-06,58010,-1,27760.0,28210.0,2026-03-06 14:30:00,2026-03-06 15:24:00,,,-0.0176803893753012
2026-03-09,58010,1,23275.0,24050.0,2026-03-09 10:00:00,2026-03-09 12:34:00,-3.52288432387946,-0.2549651242073002,0.03115517338863941
2026-03-09,58010,1,23655.0,25255.0,2026-03-09 12:43:00,2026-03-09 15:24:00,,,0.06384964683690451
2026-03-10,58010,-1,27770.0,27585.0,2026-03-10 10:11:00,2026-03-10 13:42:00,1.9389381933756138,-0.07416605876062593,0.005084154594314129
2026-03-10,58010,1,27450.0,27590.0,2026-03-10 13:50:00,2026-03-10 14:22:00,-1.7120736099866873,0.10737415910911233,0.003487220273655187
2026-03-10,58010,1,27515.0,27595.0,2026-03-10 14:31:00,2026-03-10 15:03:00,-1.6134659620161478,0.12968468509499118,0.0013032863797424819
2026-03-10,58010,1,27480.0,27480.0,2026-03-10 15:24:00,2026-03-10 15:24:00,,,-0.0016
2026-03-11,58010,-1,29465.0,29720.0,2026-03-11 10:00:00,2026-03-11 14:42:00,3.557177646859127,0.2792616628931058,-0.010217101559681809
2026-03-11,58010,1,29490.0,29705.0,2026-03-11 15:00:00,2026-03-11 15:15:00,-1.6021386824320794,0.15149565842366342,0.005664158980519931
2026-03-12,58010,-1,30060.0,29735.0,2026-03-12 10:00:00,2026-03-12 10:50:00,4.568254851402252,0.21414289397725492,0.00927058116627144
2026-03-12,58010,1,29520.0,29510.0,2026-03-12 11:05:00,2026-03-12 13:14:00,-1.5600859360916899,-0.23284862620533692,-0.0019388107774236918
2026-03-12,58010,1,29415.0,29545.0,2026-03-12 13:29:00,2026-03-12 14:11:00,-1.5652196402627592,0.20970428313164435,0.0028097764812186716
2026-03-12,58010,1,29260.0,29050.0,2026-03-12 14:30:00,2026-03-12 15:24:00,,,-0.008802912294057998
2026-03-13,58010,-1,29330.0,30640.0,2026-03-13 10:00:00,2026-03-13 15:24:00,,,-0.04529546188303096
2026-03-16,58010,1,30430.0,29310.0,2026-03-16 10:00:00,2026-03-16 15:24:00,,,-0.03910020918607866
2026-03-17,58010,1,28155.0,27435.0,2026-03-17 10:00:00,2026-03-17 15:24:00,,,-0.02750538819564316
2026-03-18,58010,-1,28545.0,28470.0,2026-03-18 10:08:00,2026-03-18 10:51:00,1.6861764157540367,0.20928713608803542,0.0010308881262762997
2026-03-18,58010,-1,28670.0,28475.0,2026-03-18 11:12:00,2026-03-18 12:31:00,1.8583253691725827,0.06403109844210265,0.005224770562032588
2026-03-18,58010,-1,28640.0,28525.0,2026-03-18 12:40:00,2026-03-18 13:56:00,1.7993263960035861,-0.13660399829163142,0.0024234463443055096
2026-03-18,58010,1,28235.0,28515.0,2026-03-18 14:12:00,2026-03-18 14:22:00,-1.9707473232623367,-0.06800463142725398,0.008267921483702163
2026-03-18,58010,-1,28675.0,28715.0,2026-03-18 15:03:00,2026-03-18 15:24:00,,,-0.0029939713008254763
2026-03-19,58010,-1,29010.0,28855.0,2026-03-19 10:07:00,2026-03-19 10:12:00,1.8555961221338206,0.246452170823631,0.0037573099703828742
2026-03-19,58010,-1,28940.0,29225.0,2026-03-19 10:16:00,2026-03-19 13:52:00,1.5204318342708103,0.27807879863273627,-0.011399786154794207
2026-03-19,58010,-1,29445.0,29210.0,2026-03-19 14:00:00,2026-03-19 15:08:00,1.8787946995411982,-0.054668450364868164,0.0064129999968845245
2026-03-19,58010,-1,29350.0,29455.0,2026-03-19 15:16:00,2026-03-19 15:24:00,,,-0.005171128699545243
2026-03-23,58010,1,27010.0,27380.0,2026-03-23 10:00:00,2026-03-23 10:06:00,-3.4679061126022876,0.042451160492996444,0.012005652055778677
2026-03-23,58010,-1,27840.0,27525.0,2026-03-23 10:14:00,2026-03-23 10:29:00,1.656528339867825,0.08898051533075164,0.009779152857475257
2026-03-23,58010,-1,27930.0,27740.0,2026-03-23 10:36:00,2026-03-23 14:25:00,1.828496635103529,0.25584253700176485,0.005225965070399871
2026-03-23,58010,-1,27850.0,27740.0,2026-03-23 14:28:00,2026-03-23 14:32:00,1.6882456477687877,0.2671847840841429,0.0023575514866075306
2026-03-23,58010,-1,27885.0,27725.0,2026-03-23 14:34:00,2026-03-23 14:46:00,2.21645580354053,-0.03833271083717003,0.004154376605086317
2026-03-23,58010,-1,27985.0,27740.0,2026-03-23 15:01:00,2026-03-23 15:24:00,2.0037584116587612,0.0138732815854422,0.007193237456637399
2026-03-24,58010,1,28045.0,28030.0,2026-03-24 10:00:00,2026-03-24 15:15:00,-3.72236291496093,-0.23819977198041456,-0.00213499778360335
2026-03-25,58010,1,30650.0,30730.0,2026-03-25 10:06:00,2026-03-25 11:27:00,-1.5209074276870131,-0.11333644480727427,0.0010067137601728643
2026-03-25,58010,1,30450.0,30690.0,2026-03-25 12:30:00,2026-03-25 12:58:00,-2.859597314053901,-0.21507184879836094,0.006250874475738854
2026-03-25,58010,-1,30810.0,30700.0,2026-03-25 13:23:00,2026-03-25 13:28:00,1.6454060053200545,-0.2920690769676446,0.0019766580154250398
2026-03-25,58010,1,30630.0,30730.0,2026-03-25 13:34:00,2026-03-25 14:24:00,-1.5362992258476538,0.2467191645160499,0.0016594552977095172
2026-03-25,58010,-1,30860.0,31430.0,2026-03-25 14:31:00,2026-03-25 15:24:00,,,-0.019902003874461536
2026-03-26,58010,-1,33960.0,33330.0,2026-03-26 10:00:00,2026-03-26 12:30:00,2.8140445017926248,-0.06410653262277596,0.017125469123498268
2026-03-26,58010,-1,33510.0,33340.0,2026-03-26 12:32:00,2026-03-26 12:51:00,1.747695326158117,-0.18067825740730734,0.0034860244265710735
2026-03-26,58010,1,33040.0,33390.0,2026-03-26 13:11:00,2026-03-26 13:29:00,-1.5267224239748833,0.262387234996285,0.00893750530278592
2026-03-26,58010,1,33150.0,32240.0,2026-03-26 13:53:00,2026-03-26 15:24:00,,,-0.02943479899344399
2026-03-27,58010,1,29695.0,30050.0,2026-03-27 10:00:00,2026-03-27 12:31:00,-3.7996896814812815,-0.28486748897443126,0.01028397951339314
2026-03-27,58010,-1,30780.0,31060.0,2026-03-27 12:55:00,2026-03-27 15:24:00,,,-0.010655689309807955
2026-03-30,58010,-1,29810.0,29495.0,2026-03-30 10:00:00,2026-03-30 11:06:00,4.292531111912355,-0.058359681057014244,0.00902315023494152
2026-03-30,58010,1,29240.0,30820.0,2026-03-30 11:20:00,2026-03-30 15:24:00,,,0.05102619501039192
2026-03-31,58010,-1,29975.0,29905.0,2026-03-31 10:16:00,2026-03-31 12:33:00,2.5255732783988902,-0.12051074587769836,0.0007380104170576416
2026-03-31,58010,1,28835.0,28940.0,2026-03-31 12:55:00,2026-03-31 15:24:00,,,0.0020347941359618125
2026-04-01,58010,1,30480.0,32390.0,2026-04-01 10:06:00,2026-04-01 15:24:00,,,0.05917900236479237
2026-04-02,58010,1,32880.0,32250.0,2026-04-02 10:05:00,2026-04-02 15:24:00,,,-0.020946526946197634
2026-04-03,58010,1,34540.0,34930.0,2026-04-03 10:12:00,2026-04-03 10:21:00,-1.7730541490497742,-0.17317379727509236,0.009627986100208106
2026-04-03,58010,-1,35280.0,35740.0,2026-04-03 10:44:00,2026-04-03 15:24:00,,,-0.014554278592691353
2026-04-06,58010,-1,37490.0,37350.0,2026-04-06 10:22:00,2026-04-06 10:32:00,1.7887766681023858,0.24537278934122708,0.002141319168994322
2026-04-06,58010,-1,37510.0,37340.0,2026-04-06 10:37:00,2026-04-06 10:54:00,1.6650243443191932,0.18609468709850277,0.0029424259802193556
2026-04-06,58010,1,37200.0,37330.0,2026-04-06 11:01:00,2026-04-06 11:03:00,-1.6955185495413687,0.04614074287835644,0.0018885316473915318
2026-04-06,58010,-1,37480.0,37380.0,2026-04-06 11:07:00,2026-04-06 12:30:00,2.032189395820642,0.2200469159416501,0.0010716553428046732
2026-04-06,58010,-1,37560.0,37430.0,2026-04-06 12:33:00,2026-04-06 13:30:00,1.9926208908555205,0.26724298340402525,0.0018671324237245588
2026-04-06,58010,-1,37570.0,37390.0,2026-04-06 13:34:00,2026-04-06 15:24:00,,,0.0032025705968552007
2026-04-07,58010,1,36620.0,36460.0,2026-04-07 10:00:00,2026-04-07 14:47:00,-2.9570843324108527,-0.21692647873147552,-0.0059787699958476475
2026-04-07,58010,-1,36740.0,36600.0,2026-04-07 15:03:00,2026-04-07 15:24:00,,,0.0022178393796589866
2026-04-08,58010,-1,41960.0,42940.0,2026-04-08 10:00:00,2026-04-08 15:24:00,,,-0.02468700892253859
2026-04-09,58010,-1,44020.0,44640.0,2026-04-09 10:00:00,2026-04-09 15:24:00,,,-0.015586241974739871
2026-04-10,58010,-1,45460.0,45410.0,2026-04-10 10:00:00,2026-04-10 11:15:00,1.7473442391395602,-0.03449711834084602,-0.0004995266854626549
2026-04-10,58010,1,45010.0,45290.0,2026-04-10 11:17:00,2026-04-10 11:24:00,-1.5945029258471757,-0.286282393759527,0.004601570263281107
2026-04-10,58010,1,45130.0,45390.0,2026-04-10 12:40:00,2026-04-10 12:53:00,-1.6129413328911826,0.13743153580120487,0.004144602629464382
2026-04-10,58010,1,45140.0,45350.0,2026-04-10 13:05:00,2026-04-10 13:23:00,-2.3676654249095512,-0.21364272795317107,0.003041405171755971
2026-04-10,58010,-1,45500.0,45390.0,2026-04-10 13:53:00,2026-04-10 15:02:00,2.3589091302934957,-0.09819127699591983,0.000820509488530459
2026-04-10,58010,-1,45650.0,45840.0,2026-04-10 15:11:00,2026-04-10 15:24:00,,,-0.0057534653655065575
2026-04-13,58010,1,46600.0,45550.0,2026-04-13 10:20:00,2026-04-13 15:24:00,,,-0.024389917425632818
2026-04-14,58010,1,47180.0,47060.0,2026-04-14 10:00:00,2026-04-14 13:00:00,-2.0364927191575797,-0.030712760628026598,-0.004146690680312524
2026-04-14,58010,-1,47270.0,47070.0,2026-04-14 13:25:00,2026-04-14 13:32:00,1.6553905883645212,-0.1739141396135949,0.0026399893920940306
2026-04-14,58010,1,46930.0,47060.0,2026-04-14 13:34:00,2026-04-14 15:01:00,-1.688712499297444,0.19828438785373517,0.00116625349289011
2026-04-14,58010,-1,47170.0,47060.0,2026-04-14 15:03:00,2026-04-14 15:15:00,1.5069329850300408,0.10838993100540666,0.0007347139969538332
2026-04-14,58010,1,46880.0,46880.0,2026-04-14 15:24:00,2026-04-14 15:24:00,,,-0.0016
2026-04-15,58010,1,46230.0,44340.0,2026-04-15 10:00:00,2026-04-15 15:24:00,,,-0.04334173381196865
2026-04-16,58010,1,43590.0,44300.0,2026-04-16 10:00:00,2026-04-16 10:10:00,-3.707836717255574,0.11159389443945757,0.01455691080078867
2026-04-16,58010,-1,44450.0,44270.0,2026-04-16 10:41:00,2026-04-16 10:56:00,1.6584726047576142,-0.04784377835503474,0.0024577152158639396
2026-04-16,58010,-1,44390.0,44270.0,2026-04-16 11:01:00,2026-04-16 11:03:00,1.7823370363260385,-0.12407656459770457,0.0011069721018942414
2026-04-16,58010,-1,44470.0,44300.0,2026-04-16 11:08:00,2026-04-16 11:17:00,3.2001807790026464,0.2718332319311624,0.0022301274715151812
2026-04-16,58010,-1,44440.0,46050.0,2026-04-16 11:20:00,2026-04-16 15:24:00,,,-0.037187797929886496
2026-04-17,58010,-1,46000.0,45810.0,2026-04-17 10:00:00,2026-04-17 10:40:00,5.771106349647951,-0.11641485309870434,0.0025389885904442073
2026-04-17,58010,1,45720.0,45110.0,2026-04-17 11:15:00,2026-04-17 15:24:00,,,-0.015031887506305311
2026-04-20,58010,-1,45140.0,44880.0,2026-04-20 10:00:00,2026-04-20 10:06:00,2.251125859387369,-0.2699733283808217,0.004176510174948738
2026-04-20,58010,-1,45150.0,44920.0,2026-04-20 10:17:00,2026-04-20 10:33:00,2.1369877800965082,0.013749762281700642,0.0035071499927519694
2026-04-20,58010,1,44810.0,44920.0,2026-04-20 11:02:00,2026-04-20 11:22:00,-2.3025887412928476,-0.010268903073715224,0.0008518010721908682
2026-04-20,58010,-1,45020.0,43190.0,2026-04-20 11:30:00,2026-04-20 15:24:00,,,0.039897848505976385
2026-04-21,58010,-1,44560.0,44520.0,2026-04-21 10:03:00,2026-04-21 13:01:00,1.5454238161617573,-0.12750266020671072,-0.0007019307883155072
2026-04-21,58010,1,43800.0,44400.0,2026-04-21 13:16:00,2026-04-21 13:21:00,-1.766763344177998,-0.21711861073821265,0.012005652055778677
2026-04-21,58010,1,44140.0,44200.0,2026-04-21 13:28:00,2026-04-21 15:24:00,,,-0.00024161174493792762
2026-04-22,58010,-1,44210.0,43720.0,2026-04-22 10:00:00,2026-04-22 10:45:00,3.6973049930912807,0.14614693041021135,0.00954534452981402
2026-04-22,58010,-1,43870.0,43740.0,2026-04-22 11:07:00,2026-04-22 13:57:00,2.2682587083432026,-0.2819129638936357,0.0013676999295008337
2026-04-22,58010,-1,43910.0,44210.0,2026-04-22 14:15:00,2026-04-22 15:24:00,,,-0.00840892326452587
2026-04-23,58010,1,44250.0,42560.0,2026-04-23 10:11:00,2026-04-23 15:24:00,,,-0.04054052642054957
2026-04-24,58010,-1,43340.0,43320.0,2026-04-24 10:10:00,2026-04-24 10:36:00,1.5705960886453194,0.24012685293266317,-0.0011384260245768485
2026-04-24,58010,1,43180.0,43280.0,2026-04-24 11:03:00,2026-04-24 11:16:00,-1.7289093748559834,-0.08724673897318917,0.0007132094515647179
2026-04-24,58010,1,43140.0,43320.0,2026-04-24 11:24:00,2026-04-24 12:42:00,-1.969496659276287,0.2181533909045127,0.0025637811717795144
2026-04-24,58010,-1,43500.0,43330.0,2026-04-24 12:52:00,2026-04-24 13:19:00,1.5696936144075608,0.22216783992275987,0.0023157023428203184
2026-04-24,58010,1,43040.0,43280.0,2026-04-24 13:54:00,2026-04-24 14:30:00,-3.204768177346374,-0.29184267602505337,0.003960718684697179
2026-04-24,58010,1,43170.0,43290.0,2026-04-24 14:40:00,2026-04-24 15:00:00,-1.865473877774516,0.04842652741876704,0.001175851886502981
2026-04-24,58010,1,43160.0,43270.0,2026-04-24 15:04:00,2026-04-24 15:14:00,-1.5667902494542283,-0.17776496734671257,0.0009454138468595757
2026-04-24,58010,1,43170.0,43120.0,2026-04-24 15:17:00,2026-04-24 15:24:00,,,-0.0027588829666444505
2026-04-27,58010,-1,42640.0,42500.0,2026-04-27 10:29:00,2026-04-27 10:54:00,2.046208989002288,-0.053973378522442564,0.001688703927217992
2026-04-27,58010,1,42400.0,42670.0,2026-04-27 10:57:00,2026-04-27 14:14:00,-1.5644984857532611,-0.2547278680198586,0.0047477349619965605
2026-04-27,58010,-1,42770.0,42560.0,2026-04-27 14:21:00,2026-04-27 15:24:00,,,0.003322077205428332
2026-04-28,58010,-1,41940.0,41970.0,2026-04-28 10:00:00,2026-04-28 11:04:00,1.6132461968451148,-0.20911971520438535,-0.002315051871725587
2026-04-28,58010,-1,42410.0,42090.0,2026-04-28 11:08:00,2026-04-28 12:47:00,2.6632395300559506,0.27234336379093704,0.005974000704020076
2026-04-28,58010,-1,42290.0,42040.0,2026-04-28 12:55:00,2026-04-28 13:01:00,1.6864445717248662,-0.14926802740554662,0.0043291054756468845
2026-04-28,58010,-1,42260.0,42860.0,2026-04-28 13:20:00,2026-04-28 15:24:00,,,-0.015697977857520397
2026-04-30,58010,1,41970.0,42100.0,2026-04-30 10:00:00,2026-04-30 11:14:00,-2.224376223636336,-0.23681318478100874,0.0014926633428361997
2026-04-30,58010,1,41940.0,42080.0,2026-04-30 11:20:00,2026-04-30 12:46:00,-1.897869655174111,-0.22787053314479716,0.0017325429556804262
2026-04-30,58010,-1,42270.0,42110.0,2026-04-30 13:08:00,2026-04-30 13:16:00,1.9285141099822256,0.15307826825024015,0.0021923724048621166
2026-04-30,58010,-1,42190.0,42090.0,2026-04-30 13:28:00,2026-04-30 13:31:00,1.856140182240237,-0.19637818940302545,0.0007730433537680612
2026-04-30,58010,1,41940.0,42070.0,2026-04-30 13:32:00,2026-04-30 13:50:00,-2.490073719672862,-0.24460111330011303,0.0014948721286555295
2026-04-30,58010,-1,42300.0,42110.0,2026-04-30 14:01:00,2026-04-30 14:37:00,1.5503981895599384,0.08961001424791809,0.002901843878395831
2026-04-30,58010,-1,42260.0,42120.0,2026-04-30 14:40:00,2026-04-30 15:12:00,2.6479534913915224,0.05658489625236366,0.001718324922135922
2026-04-30,58010,-1,42280.0,42330.0,2026-04-30 15:14:00,2026-04-30 15:24:00,,,-0.002781893530795409
2026-05-01,58010,1,41510.0,41310.0,2026-05-01 10:00:00,2026-05-01 15:24:00,,,-0.006429760656274247
2026-05-07,58010,-1,45390.0,45290.0,2026-05-07 10:08:00,2026-05-07 10:22:00,2.179084809627022,0.2753050179224656,0.0006055589002517848
2026-05-07,58010,1,45010.0,45190.0,2026-05-07 10:42:00,2026-05-07 11:25:00,-2.484427092576866,-0.20269791944523025,0.002391136118346882
2026-05-07,58010,-1,45390.0,45210.0,2026-05-07 12:38:00,2026-05-07 13:05:00,1.6256937284133839,-0.25400374571359746,0.002373515161860495
2026-05-07,58010,-1,45320.0,46150.0,2026-05-07 13:06:00,2026-05-07 15:24:00,,,-0.019748524789055522
2026-05-08,58010,-1,45660.0,45300.0,2026-05-08 10:03:00,2026-05-08 10:42:00,2.28452614902327,-0.11754583971741778,0.006315608612661086
2026-05-08,58010,1,45020.0,44760.0,2026-05-08 10:56:00,2026-05-08 14:52:00,-1.8972953686318885,0.030638165132496786,-0.007391952034861655
2026-05-11,58010,1,45370.0,43650.0,2026-05-11 10:00:00,2026-05-11 15:24:00,,,-0.04024781139026131
2026-05-12,58010,1,45730.0,45860.0,2026-05-12 10:02:00,2026-05-12 10:08:00,-1.6679568724649076,-0.1417787168606646,0.00123873975979467
2026-05-12,58010,1,45700.0,45850.0,2026-05-12 10:11:00,2026-05-12 10:18:00,-1.635201208666627,-0.19873242323648235,0.001676900802314791
2026-05-12,58010,-1,46090.0,45890.0,2026-05-12 10:20:00,2026-05-12 10:25:00,2.0561946612250144,0.0853005761806362,0.0027487783256748017
2026-05-12,58010,1,45460.0,45420.0,2026-05-12 10:27:00,2026-05-12 12:30:00,-3.078101774852616,-0.29033658727007455,-0.0024802817469847037
2026-05-12,58010,1,45200.0,45470.0,2026-05-12 12:49:00,2026-05-12 13:00:00,-1.6652898488050956,-0.09505291268323468,0.0043556809987337144
2026-05-12,58010,1,45280.0,45470.0,2026-05-12 13:12:00,2026-05-12 13:19:00,-1.9539418640923318,-0.1479164535610635,0.0025873339419917275
2026-05-12,58010,-1,45750.0,45500.0,2026-05-12 13:32:00,2026-05-12 13:40:00,2.4613724969438895,0.08875540628676117,0.003879465764625596
2026-05-12,58010,1,45210.0,50430.0,2026-05-12 13:54:00,2026-05-12 14:16:00,,,0.10766793478212013
2026-05-13,58010,-1,54520.0,58440.0,2026-05-13 10:00:00,2026-05-13 15:24:00,,,-0.07103298005416685
2026-05-14,58010,-1,59370.0,58650.0,2026-05-14 10:00:00,2026-05-14 11:18:00,4.463630105978967,-0.040192445749293704,0.0106014731830996
2026-05-14,58010,-1,59070.0,58720.0,2026-05-14 11:23:00,2026-05-14 13:00:00,1.9607117819591868,0.044957467057586284,0.004342797012883701
2026-05-14,58010,-1,58970.0,58720.0,2026-05-14 13:10:00,2026-05-14 13:18:00,1.5866047071459979,0.028035317230280892,0.0026484557061526408
2026-05-14,58010,1,58480.0,58750.0,2026-05-14 13:24:00,2026-05-14 13:30:00,-2.089428962314713,0.29947850716898455,0.0030063375827451702
2026-05-14,58010,-1,58950.0,56940.0,2026-05-14 13:33:00,2026-05-14 15:24:00,,,0.03309154513348846
2026-05-15,58010,1,56780.0,54500.0,2026-05-15 10:00:00,2026-05-15 15:24:00,,,-0.04258344937562675
2026-05-18,58010,1,55020.0,55370.0,2026-05-18 10:30:00,2026-05-18 10:42:00,-1.5452238869432091,-0.0775670006175055,0.004741175338447247
2026-05-18,58010,-1,55890.0,55470.0,2026-05-18 11:26:00,2026-05-18 12:54:00,2.0622914120817804,-0.03004456792689848,0.005943139214463643
2026-05-18,58010,-1,55790.0,55470.0,2026-05-18 13:00:00,2026-05-18 13:20:00,1.5860970587665921,-0.15465435477881728,0.004152307790293821
2026-05-18,58010,1,55300.0,55480.0,2026-05-18 13:55:00,2026-05-18 14:35:00,-1.7936553536079982,0.12936366169190647,0.0016496869183417102
2026-05-18,58010,1,55260.0,55000.0,2026-05-18 14:46:00,2026-05-18 15:24:00,,,-0.006316134262799561
2026-05-19,58010,-1,53190.0,52740.0,2026-05-19 10:07:00,2026-05-19 10:15:00,1.5464175877882085,0.23771101969431835,0.006896227829085533
2026-05-19,58010,1,52210.0,52730.0,2026-05-19 10:30:00,2026-05-19 10:36:00,-1.5186774427228795,0.29990297163673585,0.008310506119917339
2026-05-19,58010,1,52350.0,50510.0,2026-05-19 10:55:00,2026-05-19 15:24:00,,,-0.037380600836584704
2026-05-20,58010,-1,51770.0,50410.0,2026-05-20 10:00:00,2026-05-20 14:12:00,4.38355792619678,0.28162472845986153,0.025021262819270546
2026-05-20,58010,-1,50680.0,50900.0,2026-05-20 14:57:00,2026-05-20 15:24:00,,,-0.005931568103538753
2026-05-21,58010,1,49810.0,50220.0,2026-05-21 10:00:00,2026-05-21 10:25:00,-2.287087405646616,0.24596432982708935,0.006597586644246991
2026-05-21,58010,1,49730.0,50130.0,2026-05-21 10:30:00,2026-05-21 10:46:00,-1.7079501980542713,-0.01265548647379609,0.006411258548764914
2026-05-21,58010,-1,50440.0,50180.0,2026-05-21 11:02:00,2026-05-21 11:08:00,1.6654926298356423,0.20069088149552602,0.0035679701584425613
2026-05-21,58010,-1,50360.0,50160.0,2026-05-21 11:12:00,2026-05-21 11:28:00,1.5011263470573166,0.022486791896681502,0.0023793128514812073
2026-05-21,58010,1,49790.0,50020.0,2026-05-21 12:30:00,2026-05-21 12:49:00,-2.227807819684396,-0.20542800380162057,0.0030087647953815997
2026-05-21,58010,-1,50330.0,50110.0,2026-05-21 13:38:00,2026-05-21 14:10:00,2.2434109656204706,0.12788593512096075,0.002780731816635333
2026-05-21,58010,1,49820.0,49600.0,2026-05-21 14:35:00,2026-05-21 15:24:00,,,-0.006025676103152571
