date,code,side,entry,exit,entry_ts,exit_ts,entry_z,exit_z,pnl
2025-04-01,57060,1,4327.0,4334.0,2025-04-01 10:04:00,2025-04-01 10:06:00,-1.564078769091622,-0.0328422031825603,1.644187141965482e-05
2025-04-01,57060,1,4326.0,4335.0,2025-04-01 10:13:00,2025-04-01 10:16:00,-1.6350207877851088,0.236372241154592,0.00047828270163814885
2025-04-01,57060,-1,4342.0,4337.0,2025-04-01 10:22:00,2025-04-01 10:35:00,1.545620710549201,0.2023887669132772,-0.0004477933971291125
2025-04-01,57060,-1,4351.0,4335.0,2025-04-01 10:45:00,2025-04-01 10:57:00,2.105976881213838,-0.26191917886801624,0.0020840935060378787
2025-04-01,57060,1,4324.0,4321.0,2025-04-01 11:03:00,2025-04-01 14:26:00,-1.6221270995855734,-0.244244743394438,-0.0022940428271657717
2025-04-01,57060,1,4311.0,4300.0,2025-04-01 14:31:00,2025-04-01 15:24:00,,,-0.004154873065480856
2025-04-02,57060,1,4246.0,4265.0,2025-04-02 10:00:00,2025-04-02 10:28:00,-4.026591709403148,0.028289904071325183,0.0028648176625779825
2025-04-02,57060,1,4258.0,4265.0,2025-04-02 11:20:00,2025-04-02 11:29:00,-1.7648782032920585,-0.0003989453465664838,4.2614472354756284e-05
2025-04-02,57060,-1,4271.0,4266.0,2025-04-02 12:31:00,2025-04-02 12:34:00,1.5584135463406767,0.21440185387886798,-0.0004286281898294075
2025-04-02,57060,-1,4272.0,4265.0,2025-04-02 12:53:00,2025-04-02 13:13:00,1.6966536022187182,-0.13963007076364717,3.992071425129259e-05
2025-04-02,57060,-1,4269.0,4266.0,2025-04-02 13:29:00,2025-04-02 13:45:00,1.8645454393476288,0.24439992518320344,-0.0008970122733337711
2025-04-02,57060,1,4261.0,4266.0,2025-04-02 13:56:00,2025-04-02 14:44:00,-1.6981741722899333,-0.021725600849171408,-0.00042725446861613305
2025-04-02,57060,1,4256.0,4263.0,2025-04-02 14:53:00,2025-04-02 15:24:00,-2.0598240725212116,-0.2873180749493301,4.3385743730063164e-05
2025-04-03,57060,-1,4034.0,4019.0,2025-04-03 10:09:00,2025-04-03 10:34:00,1.660350560992007,-0.12140833607655739,0.002125324064955918
2025-04-03,57060,-1,4033.0,4028.0,2025-04-03 10:39:00,2025-04-03 12:44:00,1.7785041586944912,0.2841197265387999,-0.0003594589650848239
2025-04-03,57060,-1,4037.0,4026.0,2025-04-03 13:07:00,2025-04-03 13:08:00,1.5576416473165644,-0.00905501666240102,0.0011285146532040624
2025-04-03,57060,1,4016.0,4026.0,2025-04-03 13:26:00,2025-04-03 13:37:00,-1.9425339983059495,0.02281348077609754,0.0008869448281717781
2025-04-03,57060,1,4014.0,4016.0,2025-04-03 13:47:00,2025-04-03 15:23:00,-2.301852957350101,-0.23935013676561048,-0.001101867984718301
2025-04-04,57060,1,3808.0,3782.0,2025-04-04 10:00:00,2025-04-04 15:01:00,-3.6904374917246696,0.2285117866463818,-0.008451146692853104
2025-04-07,57060,-1,3354.0,3345.0,2025-04-07 10:09:00,2025-04-07 12:35:00,1.5753584231210245,0.23746736026453366,0.0010869698208252974
2025-04-07,57060,-1,3360.0,3345.0,2025-04-07 12:53:00,2025-04-07 13:12:00,1.5354919489321934,0.05894411254870458,0.0028742803949210775
2025-04-07,57060,1,3301.0,3337.0,2025-04-07 13:33:00,2025-04-07 13:52:00,-1.5064402940158967,-0.24632618904069944,0.009246746898180938
2025-04-07,57060,-1,3355.0,3343.0,2025-04-07 14:19:00,2025-04-07 14:32:00,1.9503645596371495,0.23742911977099732,0.001983162985683533
2025-04-07,57060,1,3311.0,3338.0,2025-04-07 14:52:00,2025-04-07 15:01:00,-1.8883379653550916,-0.0664100047252388,0.006521566674534016
2025-04-07,57060,1,3324.0,3306.0,2025-04-07 15:10:00,2025-04-07 15:24:00,,,-0.007029877594369288
2025-04-08,57060,-1,3599.0,3585.0,2025-04-08 10:01:00,2025-04-08 10:30:00,1.5610180803809375,0.2780293141697185,0.0022975550453099673
2025-04-08,57060,-1,3600.0,3587.0,2025-04-08 10:35:00,2025-04-08 11:00:00,1.873487130617634,0.07221244991283668,0.002017646911918803
2025-04-08,57060,-1,3603.0,3590.0,2025-04-08 11:17:00,2025-04-08 12:31:00,1.6308857554334084,0.29319616174567914,0.002014629265768622
2025-04-08,57060,1,3565.0,3545.0,2025-04-08 12:45:00,2025-04-08 15:24:00,,,-0.007225893882168437
2025-04-09,57060,1,3355.0,3375.0,2025-04-09 10:00:00,2025-04-09 10:49:00,-4.064414608221405,0.23409359206315342,0.004343553900848137
2025-04-09,57060,-1,3393.0,3377.0,2025-04-09 11:00:00,2025-04-09 11:08:00,1.5747884881135639,0.2665834573464604,0.003126744398662497
2025-04-09,57060,-1,3390.0,3375.0,2025-04-09 11:14:00,2025-04-09 12:35:00,1.7855536156246594,-0.12601479188724937,0.0028345970678657533
2025-04-09,57060,1,3360.0,3377.0,2025-04-09 12:55:00,2025-04-09 13:01:00,-1.6207452077800348,0.1675996152787457,0.0034467674283178724
2025-04-09,57060,1,3360.0,3365.0,2025-04-09 13:06:00,2025-04-09 13:51:00,-2.302698521184549,-0.1961427298145649,-0.00011301087842163359
2025-04-09,57060,1,3340.0,3364.0,2025-04-09 13:56:00,2025-04-09 14:15:00,-1.8505737814570127,-0.23206156806383285,0.00555993512209254
2025-04-09,57060,1,3348.0,3364.0,2025-04-09 14:33:00,2025-04-09 14:42:00,-1.84555312327472,-0.290779171150109,0.0031675894834727056
2025-04-09,57060,-1,3394.0,3394.0,2025-04-09 14:56:00,2025-04-09 15:24:00,,,-0.0016
2025-04-10,57060,1,3681.0,3689.0,2025-04-10 10:03:00,2025-04-10 11:10:00,-1.5915459283947286,0.26627227683230625,0.0005709642176545866
2025-04-10,57060,-1,3708.0,3737.0,2025-04-10 11:30:00,2025-04-10 15:24:00,,,-0.009390502799738132
2025-04-11,57060,-1,3537.0,3643.0,2025-04-11 10:11:00,2025-04-11 15:24:00,,,-0.031128607803083116
2025-04-14,57060,1,3717.0,3727.0,2025-04-14 10:00:00,2025-04-14 10:06:00,-1.564221679872035,0.003157539358167748,0.0010867291820063033
2025-04-14,57060,1,3718.0,3728.0,2025-04-14 10:07:00,2025-04-14 10:11:00,-1.6225940678127755,0.23342364941109475,0.0010860075240925313
2025-04-14,57060,1,3717.0,3685.0,2025-04-14 10:19:00,2025-04-14 15:24:00,,,-0.01024636567381514
2025-04-15,57060,1,3700.0,3712.0,2025-04-15 10:00:00,2025-04-15 10:13:00,-2.470159982104634,-0.12945820548425596,0.0016379952737753474
2025-04-15,57060,1,3705.0,3678.0,2025-04-15 10:21:00,2025-04-15 15:24:00,,,-0.008914132565920841
2025-04-16,57060,1,3640.0,3559.0,2025-04-16 10:00:00,2025-04-16 15:24:00,,,-0.0241040751205937
2025-04-17,57060,-1,3607.0,3637.0,2025-04-17 10:00:00,2025-04-17 15:24:00,,,-0.009882764083450127
2025-04-18,57060,-1,3671.0,3705.0,2025-04-18 10:00:00,2025-04-18 15:24:00,,,-0.01081915423335291
2025-04-21,57060,1,3644.0,3648.0,2025-04-21 10:05:00,2025-04-21 13:05:00,-1.7053356263269057,-0.2286831028961141,-0.000502907185626851
2025-04-21,57060,1,3645.0,3649.0,2025-04-21 13:40:00,2025-04-21 13:49:00,-1.8758054532517423,-0.0350085815773552,-0.0005032080063108711
2025-04-21,57060,-1,3654.0,3650.0,2025-04-21 13:51:00,2025-04-21 14:00:00,2.1197373220533264,0.2813996713669173,-0.0005047096385852017
2025-04-21,57060,-1,3653.0,3676.0,2025-04-21 14:23:00,2025-04-21 15:24:00,,,-0.007876456680295088
2025-04-22,57060,-1,3699.0,3727.0,2025-04-22 10:00:00,2025-04-22 15:24:00,,,-0.009141107646804465
2025-04-23,57060,1,3746.0,3753.0,2025-04-23 10:08:00,2025-04-23 12:40:00,-1.867498330662679,0.004354250349428786,0.0002669161309870249
2025-04-23,57060,-1,3765.0,3755.0,2025-04-23 12:52:00,2025-04-23 13:23:00,1.5628537076018387,0.12307363765201516,0.001059576035758831
2025-04-23,57060,1,3745.0,3745.0,2025-04-23 13:40:00,2025-04-23 15:24:00,,,-0.0016
2025-04-24,57060,-1,3802.0,3801.0,2025-04-24 10:13:00,2025-04-24 12:41:00,2.3532679420468368,0.18796014114784096,-0.00133694594087425
2025-04-24,57060,1,3785.0,3796.0,2025-04-24 13:05:00,2025-04-24 13:24:00,-2.2108559359424196,-0.20944507275462154,0.0013019938582694123
2025-04-24,57060,-1,3806.0,3798.0,2025-04-24 13:56:00,2025-04-24 14:28:00,1.9251374156903156,0.056748594693586674,0.0005041564838636217
2025-04-24,57060,1,3794.0,3788.0,2025-04-24 14:53:00,2025-04-24 15:24:00,,,-0.003182696188990599
2025-04-25,57060,-1,3879.0,3862.0,2025-04-25 10:00:00,2025-04-25 10:26:00,5.354539327950922,0.14092915429914724,0.00279220445150739
2025-04-25,57060,-1,3871.0,3869.0,2025-04-25 10:40:00,2025-04-25 13:12:00,1.6028038049661903,0.11512124724882195,-0.0010832041228648471
2025-04-25,57060,1,3863.0,3862.0,2025-04-25 13:42:00,2025-04-25 15:19:00,-1.6226926747008008,-0.1792303260164336,-0.00185889967782156
2025-04-28,57060,1,3883.0,3895.0,2025-04-28 10:00:00,2025-04-28 10:05:00,-2.278568537059737,-0.03745296225941247,0.0014856285731813612
2025-04-28,57060,-1,3904.0,3896.0,2025-04-28 10:27:00,2025-04-28 11:18:00,1.5886338006894196,-0.16533063006110105,0.00045128277055736066
2025-04-28,57060,1,3893.0,3875.0,2025-04-28 12:39:00,2025-04-28 15:24:00,,,-0.006234405823008396
2025-04-30,57060,1,3857.0,3857.0,2025-04-30 10:00:00,2025-04-30 13:24:00,-6.55404606358776,-0.2473929935870206,-0.0016
2025-04-30,57060,1,3848.0,3856.0,2025-04-30 13:29:00,2025-04-30 14:26:00,-1.5306500785271102,-0.08790449137864763,0.000476843944839069
2025-04-30,57060,-1,3862.0,3866.0,2025-04-30 14:33:00,2025-04-30 15:24:00,,,-0.002635196779816428
2025-05-01,57060,1,3837.0,3851.0,2025-05-01 10:00:00,2025-05-01 10:15:00,-2.8572235810256865,-0.2594486270519442,0.002042043567956472
2025-05-01,57060,1,3841.0,3852.0,2025-05-01 10:16:00,2025-05-01 10:20:00,-1.7486584291115896,-0.09514340202556193,0.0012597445721113656
2025-05-01,57060,-1,3867.0,3857.0,2025-05-01 10:33:00,2025-05-01 12:44:00,1.800171398245343,-0.20117756805295378,0.0009893333990692334
2025-05-01,57060,-1,3864.0,3876.0,2025-05-01 13:40:00,2025-05-01 15:24:00,,,-0.004700777678248186
2025-05-02,57060,1,3890.0,3896.0,2025-05-02 10:00:00,2025-05-02 12:31:00,-2.9196080661332022,0.19816870413644563,-5.87718500661763e-05
2025-05-02,57060,-1,3906.0,3882.0,2025-05-02 12:47:00,2025-05-02 15:24:00,,,0.004563347707668688
2025-05-07,57060,1,3892.0,3896.0,2025-05-07 10:00:00,2025-05-07 10:49:00,-3.5625688846503842,-0.1558985881117218,-0.0005727785434699053
2025-05-07,57060,1,3892.0,3897.0,2025-05-07 11:04:00,2025-05-07 11:09:00,-1.553466560548951,0.06540960039440193,-0.00031613796718649146
2025-05-07,57060,-1,3903.0,3898.0,2025-05-07 11:17:00,2025-05-07 11:28:00,2.2638542286300396,0.1605956324009717,-0.0003181128868911221
2025-05-07,57060,-1,3906.0,3897.0,2025-05-07 12:30:00,2025-05-07 12:40:00,1.9359627598072695,-0.20466535717580872,0.0007068060979150595
2025-05-07,57060,1,3891.0,3896.0,2025-05-07 12:59:00,2025-05-07 14:23:00,-1.5152475675282486,0.27467858561937913,-0.0003158082221278323
2025-05-07,57060,-1,3901.0,3895.0,2025-05-07 14:46:00,2025-05-07 15:02:00,1.5317811582844814,-0.18878535044690842,-6.074879819209251e-05
2025-05-07,57060,-1,3902.0,3912.0,2025-05-07 15:05:00,2025-05-07 15:24:00,,,-0.004159509971651537
2025-05-08,57060,-1,3909.0,3905.0,2025-05-08 10:10:00,2025-05-08 12:58:00,1.602263736552572,0.18161062418323864,-0.0005761964808314963
2025-05-08,57060,1,3899.0,3903.0,2025-05-08 13:28:00,2025-05-08 13:45:00,-1.7036715559941966,-0.26276853678456014,-0.0005746218019823065
2025-05-08,57060,-1,3909.0,3904.0,2025-05-08 13:59:00,2025-05-08 14:00:00,1.5645775139539466,0.06731394854598598,-0.0003200817400282529
2025-05-08,57060,1,3897.0,3904.0,2025-05-08 14:02:00,2025-05-08 14:06:00,-1.935072841248297,0.08742647195298607,0.00019464219427383798
2025-05-08,57060,1,3899.0,3903.0,2025-05-08 14:12:00,2025-05-08 14:44:00,-1.8611775771065087,0.04580593281230469,-0.0005746218019823065
2025-05-08,57060,-1,3912.0,3904.0,2025-05-08 14:49:00,2025-05-08 15:01:00,1.9364173090945123,0.13783786958357272,0.0004470836217247995
2025-05-09,57060,1,3931.0,3944.0,2025-05-09 10:00:00,2025-05-09 10:18:00,-1.6176249542639698,-0.08050163217449781,0.0017015903006658117
2025-05-09,57060,1,3935.0,3943.0,2025-05-09 10:38:00,2025-05-09 11:02:00,-1.7431193865261232,-0.0639498370208005,0.00043097302612354915
2025-05-09,57060,-1,3952.0,3945.0,2025-05-09 11:27:00,2025-05-09 12:44:00,1.6630448154531363,0.15372651448638,0.00017282558778379856
2025-05-09,57060,-1,3952.0,3952.0,2025-05-09 12:52:00,2025-05-09 15:15:00,1.7840929343631693,0.061919639312880116,-0.0016
2025-05-12,57060,1,3993.0,3997.0,2025-05-12 10:20:00,2025-05-12 12:57:00,-2.029583239756364,0.04025880475968959,-0.000598748351897812
2025-05-12,57060,1,3992.0,3995.0,2025-05-12 12:59:00,2025-05-12 13:34:00,-1.5189230387190187,-0.25060993727854597,-0.0008487792309794541
2025-05-12,57060,-1,4004.0,4021.0,2025-05-12 13:55:00,2025-05-12 15:24:00,,,-0.005836766462162923
2025-05-13,57060,1,4064.0,4063.0,2025-05-13 10:00:00,2025-05-13 13:51:00,-8.4630789457804,0.1063739503839102,-0.001846093270591128
2025-05-13,57060,1,4055.0,4062.0,2025-05-13 13:59:00,2025-05-13 14:05:00,-2.0584865234419505,-0.10763321888898653,0.00012477559081666592
2025-05-13,57060,1,4056.0,4062.0,2025-05-13 14:18:00,2025-05-13 14:28:00,-1.6094780318382995,-0.07526433198528366,-0.00012180313068903487
2025-05-13,57060,1,4055.0,4062.0,2025-05-13 14:33:00,2025-05-13 14:40:00,-2.0264378618810124,-0.08015125557698591,0.00012477559081666592
2025-05-13,57060,1,4059.0,4062.0,2025-05-13 14:54:00,2025-05-13 14:59:00,-1.7136606342218186,-0.04181880486074965,-0.0008611746985677429
2025-05-13,57060,1,4059.0,4062.0,2025-05-13 15:00:00,2025-05-13 15:05:00,-1.7343791956281547,-0.039347381464815236,-0.0008611746985677429
2025-05-13,57060,1,4058.0,4052.0,2025-05-13 15:19:00,2025-05-13 15:24:00,,,-0.0030796550171860513
2025-05-14,57060,1,4281.0,4302.0,2025-05-14 10:00:00,2025-05-14 11:28:00,-3.2114609463477413,-0.28390461993868626,0.003293403682729357
2025-05-14,57060,-1,4323.0,4353.0,2025-05-14 12:31:00,2025-05-14 15:24:00,,,-0.00851565688466565
2025-05-15,57060,1,4368.0,4388.0,2025-05-15 10:17:00,2025-05-15 11:07:00,-1.5146929562220879,0.18218623073878382,0.0029683039703798783
2025-05-15,57060,-1,4433.0,4424.0,2025-05-15 11:26:00,2025-05-15 15:14:00,1.6354007139991404,0.01763501940438181,0.00043229154288284785
2025-05-16,57060,1,4389.0,4414.0,2025-05-16 10:00:00,2025-05-16 10:23:00,-3.6117977574919937,-0.1455466664272957,0.004079897128447744
2025-05-16,57060,-1,4436.0,4418.0,2025-05-16 10:37:00,2025-05-16 11:01:00,1.608479112926945,-0.007078917315957789,0.0024659644901951936
2025-05-16,57060,-1,4432.0,4559.0,2025-05-16 11:09:00,2025-05-16 15:24:00,,,-0.029852351786321635
2025-05-19,57060,1,4459.0,4475.0,2025-05-19 10:07:00,2025-05-19 10:30:00,-1.5370253213972127,0.2803401606927495,0.001981826081479181
2025-05-19,57060,1,4448.0,4461.0,2025-05-19 10:46:00,2025-05-19 13:31:00,-1.8215749545408353,0.08027861975088119,0.00131839919784647
2025-05-19,57060,1,4453.0,4436.0,2025-05-19 13:59:00,2025-05-19 15:24:00,,,-0.005424956851444765
2025-05-20,57060,1,4428.0,4444.0,2025-05-20 10:00:00,2025-05-20 12:37:00,-3.6495921630368735,-0.26648699319442865,0.0020068569309930626
2025-05-20,57060,1,4438.0,4440.0,2025-05-20 13:10:00,2025-05-20 15:02:00,-1.7125645599998536,-0.06017252981448155,-0.0011494480662688246
2025-05-20,57060,1,4421.0,4421.0,2025-05-20 15:24:00,2025-05-20 15:24:00,,,-0.0016
2025-05-21,57060,1,4500.0,4510.0,2025-05-21 10:49:00,2025-05-21 11:01:00,-2.5350378444334196,-0.1389923900972025,0.0006197567383128099
2025-05-21,57060,-1,4518.0,4510.0,2025-05-21 11:13:00,2025-05-21 11:17:00,1.864686427644872,-0.12638584068353292,0.00017226453122450784
2025-05-21,57060,-1,4515.0,4517.0,2025-05-21 12:30:00,2025-05-21 13:39:00,1.6447640241968764,-0.02330289180267982,-0.002042869803518355
2025-05-21,57060,-1,4533.0,4641.0,2025-05-21 13:41:00,2025-05-21 15:24:00,,,-0.025145888300326505
2025-05-22,57060,1,4657.0,4669.0,2025-05-22 10:00:00,2025-05-22 10:36:00,-1.7841492432417116,-0.22383236760089817,0.0009734519885597163
2025-05-22,57060,-1,4691.0,4673.0,2025-05-22 11:02:00,2025-05-22 11:13:00,1.639577008767733,0.07787378347852009,0.002244515628031807
2025-05-22,57060,1,4654.0,4668.0,2025-05-22 12:30:00,2025-05-22 12:45:00,-1.914775792875748,-0.27093666581143117,0.001403649544209452
2025-05-22,57060,1,4663.0,4671.0,2025-05-22 13:15:00,2025-05-22 13:34:00,-1.5025888436872084,0.21752912578050554,0.00011416369378711914
2025-05-22,57060,1,4658.0,4668.0,2025-05-22 14:01:00,2025-05-22 14:33:00,-2.6809494371040006,-0.14218629322242426,0.000544542962160276
2025-05-22,57060,1,4665.0,4656.0,2025-05-22 14:57:00,2025-05-22 15:24:00,,,-0.0035311238701704077
2025-05-23,57060,1,4729.0,4733.0,2025-05-23 10:27:00,2025-05-23 12:33:00,-1.6256334002501092,-0.14034396486524975,-0.0007545127376277835
2025-05-23,57060,-1,4744.0,4737.0,2025-05-23 12:38:00,2025-05-23 13:00:00,1.7630866731591155,0.20814198001258444,-0.00012336224619039935
2025-05-23,57060,1,4720.0,4755.0,2025-05-23 13:31:00,2025-05-23 15:24:00,,,0.005787896399889542
2025-05-26,57060,1,4753.0,4760.0,2025-05-26 10:01:00,2025-05-26 10:27:00,-1.5483273285252566,-0.06345313999511924,-0.00012832938854374942
2025-05-26,57060,1,4750.0,4750.0,2025-05-26 10:54:00,2025-05-26 13:10:00,-1.5253276398050455,-0.2908124668892851,-0.0016
2025-05-26,57060,-1,4765.0,4836.0,2025-05-26 13:38:00,2025-05-26 15:24:00,,,-0.016390395646380812
2025-05-27,57060,-1,4880.0,4860.0,2025-05-27 10:00:00,2025-05-27 10:08:00,2.7213624272830144,0.052197166892612425,0.0025067819526533594
2025-05-27,57060,1,4852.0,4858.0,2025-05-27 10:52:00,2025-05-27 11:29:00,-1.666038227582489,0.13407584802128422,-0.00036416050182286634
2025-05-27,57060,-1,4867.0,4861.0,2025-05-27 12:30:00,2025-05-27 12:40:00,1.5191835696148617,0.22110176447855362,-0.0003664472120011419
2025-05-27,57060,-1,4873.0,4904.0,2025-05-27 13:26:00,2025-05-27 15:24:00,,,-0.007941434772541093
2025-05-28,57060,1,4944.0,4956.0,2025-05-28 10:01:00,2025-05-28 10:03:00,-1.571814717841776,0.12918510817988768,0.0008242436115064756
2025-05-28,57060,1,4940.0,4942.0,2025-05-28 10:26:00,2025-05-28 14:07:00,-1.8811334518763136,-0.04795577907331124,-0.0011952236334127038
2025-05-28,57060,-1,4951.0,4941.0,2025-05-28 14:45:00,2025-05-28 14:51:00,1.5418684803111984,-0.23385336887533303,0.0004218365156730306
2025-05-28,57060,1,4934.0,4933.0,2025-05-28 15:01:00,2025-05-28 15:24:00,,,-0.0018026958555637709
2025-05-29,57060,1,4911.0,4928.0,2025-05-29 10:00:00,2025-05-29 10:32:00,-2.877131635648168,0.17090016549165085,0.0018556391741110418
2025-05-29,57060,-1,4940.0,4997.0,2025-05-29 10:55:00,2025-05-29 15:24:00,,,-0.013072401162236782
2025-05-30,57060,-1,4963.0,4972.0,2025-05-30 10:17:00,2025-05-30 15:24:00,,,-0.003411777043160861
2025-06-02,57060,-1,4892.0,4880.0,2025-06-02 10:22:00,2025-06-02 10:26:00,1.5749107152681672,-0.08891617236423624,0.00085599795987015
2025-06-02,57060,-1,4886.0,4928.0,2025-06-02 11:07:00,2025-06-02 15:24:00,,,-0.010159253395669912
2025-06-03,57060,-1,4923.0,4922.0,2025-06-03 10:00:00,2025-06-03 12:39:00,1.763438837693197,-0.009022587258129478,-0.001396851192800615
2025-06-03,57060,-1,4928.0,4942.0,2025-06-03 13:08:00,2025-06-03 15:24:00,,,-0.004436881335199757
2025-06-04,57060,-1,4972.0,4952.0,2025-06-04 10:00:00,2025-06-04 10:09:00,2.1380539221555384,0.07368912342018726,0.0024306382661697075
2025-06-04,57060,-1,4969.0,4972.0,2025-06-04 10:17:00,2025-06-04 14:24:00,1.830969500630791,0.15516166607407478,-0.0022035610282811614
2025-06-04,57060,-1,4983.0,4951.0,2025-06-04 14:46:00,2025-06-04 15:24:00,,,0.004842542919981483
2025-06-05,57060,1,5005.0,5044.0,2025-06-05 10:01:00,2025-06-05 10:40:00,-6.667682536619925,-0.24131192300266147,0.0061620053354891095
2025-06-05,57060,-1,5058.0,5040.0,2025-06-05 11:13:00,2025-06-05 12:38:00,2.3140527985675274,-0.20773185386432608,0.0019650661644961456
2025-06-05,57060,1,5019.0,5038.0,2025-06-05 12:49:00,2025-06-05 14:28:00,-1.509101272567243,-0.13931771852817884,0.002178467257621935
2025-06-05,57060,-1,5048.0,5039.0,2025-06-05 14:39:00,2025-06-05 15:01:00,2.062268471352009,-0.07943771630538053,0.00018447554045094325
2025-06-05,57060,-1,5052.0,5054.0,2025-06-05 15:08:00,2025-06-05 15:24:00,,,-0.001995804477757771
2025-06-06,57060,-1,5028.0,5039.0,2025-06-06 10:24:00,2025-06-06 15:11:00,1.7824353909802915,0.2630520192457269,-0.003785358970460068
2025-06-09,57060,-1,5024.0,5012.0,2025-06-09 10:02:00,2025-06-09 10:28:00,2.7728132275239874,0.0631920280142171,0.0007913921320756559
2025-06-09,57060,-1,5022.0,5010.0,2025-06-09 10:31:00,2025-06-09 10:37:00,1.7907973996313158,-0.27183486101425863,0.0007923456386198238
2025-06-09,57060,-1,5021.0,5102.0,2025-06-09 10:59:00,2025-06-09 15:24:00,,,-0.017603502667051216
2025-06-10,57060,1,5025.0,4942.0,2025-06-10 10:00:00,2025-06-10 15:24:00,,,-0.01825534637872112
2025-06-11,57060,1,4899.0,4907.0,2025-06-11 10:01:00,2025-06-11 10:05:00,-1.6403925835256283,0.15165344820715274,3.1654451328702376e-05
2025-06-11,57060,-1,4919.0,4906.0,2025-06-11 10:13:00,2025-06-11 10:32:00,1.5824738406338834,-0.18587976962626312,0.0010463119769052252
2025-06-11,57060,-1,4915.0,4914.0,2025-06-11 10:49:00,2025-06-11 13:24:00,1.6707686842049965,0.08052243898640943,-0.0013965204998575324
2025-06-11,57060,-1,4917.0,4958.0,2025-06-11 13:54:00,2025-06-11 15:24:00,,,-0.009903845183196362
2025-06-12,57060,1,4811.0,4819.0,2025-06-12 10:00:00,2025-06-12 12:33:00,-1.76449397590913,-0.1360657616394905,6.147494087899749e-05
2025-06-12,57060,1,4810.0,4819.0,2025-06-12 12:52:00,2025-06-12 13:28:00,-1.5290717021173739,0.14520742389191418,0.0002693535405259616
2025-06-12,57060,1,4812.0,4819.0,2025-06-12 13:35:00,2025-06-12 13:53:00,-2.446018795579479,0.16093561187516442,-0.00014636045423685289
2025-06-12,57060,-1,4829.0,4820.0,2025-06-12 14:00:00,2025-06-12 15:23:00,1.9519399583463541,0.022064873864360776,0.00026547882889592345
2025-06-13,57060,1,4740.0,4698.0,2025-06-13 10:00:00,2025-06-13 15:24:00,,,-0.010500249470264126
2025-06-16,57060,-1,4775.0,4759.0,2025-06-16 10:11:00,2025-06-16 10:21:00,1.6579359473947557,0.1386494172083942,0.001756411793720216
2025-06-16,57060,-1,4768.0,4766.0,2025-06-16 10:34:00,2025-06-16 13:29:00,1.7582646789772738,-0.20379583543894325,-0.0011804489135017935
2025-06-16,57060,-1,4773.0,4769.0,2025-06-16 13:55:00,2025-06-16 14:58:00,1.8294904265263927,0.11617119725842097,-0.0007616012923277465
2025-06-16,57060,1,4753.0,4756.0,2025-06-16 15:08:00,2025-06-16 15:24:00,,,-0.0009690188033370481
2025-06-17,57060,-1,4760.0,4756.0,2025-06-17 10:00:00,2025-06-17 10:13:00,1.6191273535793576,0.21277148359957535,-0.0007593105852067648
2025-06-17,57060,-1,4764.0,4796.0,2025-06-17 10:29:00,2025-06-17 15:24:00,,,-0.008294585672214203
2025-06-18,57060,1,4737.0,4743.0,2025-06-18 10:00:00,2025-06-18 10:03:00,-1.727596424186172,-0.20531647201300116,-0.0003341770461699732
2025-06-18,57060,-1,4749.0,4745.0,2025-06-18 10:43:00,2025-06-18 10:53:00,1.5304046996610763,0.25088404858317565,-0.0007573624949063975
2025-06-18,57060,1,4740.0,4744.0,2025-06-18 12:30:00,2025-06-18 12:32:00,-1.5394989542072808,0.16594698453037787,-0.0007564740115607199
2025-06-18,57060,-1,4748.0,4744.0,2025-06-18 12:48:00,2025-06-18 12:56:00,1.9933216648439518,0.14846109322808754,-0.0007571849480027247
2025-06-18,57060,-1,4748.0,4747.0,2025-06-18 13:05:00,2025-06-18 14:39:00,2.114554910969757,0.10897066770790251,-0.0013893628217594095
2025-06-18,57060,-1,4756.0,4769.0,2025-06-18 14:51:00,2025-06-18 15:24:00,,,-0.00432966048755196
2025-06-19,57060,1,4729.0,4739.0,2025-06-19 10:00:00,2025-06-19 10:16:00,-2.4966206820872943,-0.22750909843749317,0.0005123793237124372
2025-06-19,57060,-1,4759.0,4744.0,2025-06-19 10:44:00,2025-06-19 12:38:00,1.5084063481203491,0.1640653764599922,0.0015569004435490275
2025-06-19,57060,1,4730.0,4741.0,2025-06-19 13:05:00,2025-06-19 13:26:00,-1.5740926447055072,-0.06426638023982245,0.0007228814161397287
2025-06-19,57060,1,4736.0,4741.0,2025-06-19 13:40:00,2025-06-19 13:54:00,-1.7139838580121114,-0.003949683297326741,-0.0005448136617233206
2025-06-19,57060,-1,4745.0,4742.0,2025-06-19 13:58:00,2025-06-19 14:59:00,1.6926508470502546,-0.17546199962614129,-0.0009675555813225354
2025-06-19,57060,-1,4747.0,4747.0,2025-06-19 15:24:00,2025-06-19 15:24:00,,,-0.0016
2025-06-20,57060,-1,4734.0,4717.0,2025-06-20 10:01:00,2025-06-20 10:10:00,2.5376846993051365,0.0029943517927329567,0.001997506789667521
2025-06-20,57060,-1,4727.0,4717.0,2025-06-20 10:40:00,2025-06-20 10:50:00,1.9167229635387484,-0.10596579806083091,0.000517747508974665
2025-06-20,57060,1,4705.0,4716.0,2025-06-20 11:08:00,2025-06-20 12:40:00,-2.773636849392553,0.1861978560514119,0.0007352096377815944
2025-06-20,57060,-1,4725.0,4716.0,2025-06-20 13:01:00,2025-06-20 13:06:00,1.5430056958042169,0.11546848606290483,0.0003065782705815314
2025-06-20,57060,-1,4722.0,4717.0,2025-06-20 13:15:00,2025-06-20 13:40:00,2.0609035307431167,0.26068415868246625,-0.0005405656388034123
2025-06-20,57060,1,4711.0,4716.0,2025-06-20 14:13:00,2025-06-20 14:18:00,-1.8666629238238706,0.14756770023941787,-0.0005392170427795677
2025-06-20,57060,1,4712.0,4687.0,2025-06-20 14:22:00,2025-06-20 15:24:00,,,-0.006919727408716546
2025-06-23,57060,-1,4643.0,4632.0,2025-06-23 10:10:00,2025-06-23 10:13:00,1.8391731926165804,-0.12565215878747496,0.0007719687670905476
2025-06-23,57060,-1,4641.0,4632.0,2025-06-23 10:27:00,2025-06-23 10:40:00,2.3764563787794875,-0.2122345791430334,0.0003411199883446344
2025-06-23,57060,1,4627.0,4633.0,2025-06-23 11:21:00,2025-06-23 11:25:00,-1.7562804825735079,0.10935842258279538,-0.0003041034903512377
2025-06-23,57060,-1,4640.0,4657.0,2025-06-23 12:31:00,2025-06-23 15:24:00,,,-0.0052570977620762065
2025-06-24,57060,-1,4715.0,4700.0,2025-06-24 10:00:00,2025-06-24 10:20:00,3.6411931135731086,-0.030937857085439162,0.0015864073694078688
2025-06-24,57060,1,4686.0,4688.0,2025-06-24 10:50:00,2025-06-24 14:43:00,-2.029547728468707,0.22493826252973778,-0.001173287810892376
2025-06-24,57060,1,4678.0,4678.0,2025-06-24 14:54:00,2025-06-24 15:24:00,,,-0.0016
2025-06-25,57060,-1,4701.0,4688.0,2025-06-25 10:45:00,2025-06-25 11:21:00,1.789068982604536,0.2720999793179561,0.0011691997672820087
2025-06-25,57060,1,4669.0,4682.0,2025-06-25 11:27:00,2025-06-25 13:36:00,-1.6929656381334715,-0.008143554944871826,0.0011804530799190535
2025-06-25,57060,-1,4691.0,4727.0,2025-06-25 14:08:00,2025-06-25 15:24:00,,,-0.009244972464778232
2025-06-26,57060,1,4735.0,4757.0,2025-06-26 10:09:00,2025-06-26 13:56:00,-2.027810279897177,0.04409731051506359,0.0030354908121027636
2025-06-26,57060,-1,4763.0,4778.0,2025-06-26 14:34:00,2025-06-26 15:24:00,,,-0.004744327084894499
2025-06-27,57060,1,4991.0,5000.0,2025-06-27 10:01:00,2025-06-27 10:02:00,-2.1222094852263846,-0.1645235559602105,0.0002016219466282204
2025-06-27,57060,1,4994.0,5000.0,2025-06-27 10:03:00,2025-06-27 10:23:00,-1.503957671133454,-0.00280370992063945,-0.0003992794234811128
2025-06-27,57060,-1,5013.0,5000.0,2025-06-27 10:30:00,2025-06-27 10:38:00,2.4220674815065864,-0.03223207830574835,0.0009966258472660172
2025-06-27,57060,-1,5011.0,5003.0,2025-06-27 10:43:00,2025-06-27 10:58:00,1.7781253070912686,0.2832653866957236,-2.236528480386484e-06
2025-06-27,57060,-1,5010.0,5028.0,2025-06-27 11:00:00,2025-06-27 14:46:00,1.5283497070034264,0.14391109760981977,-0.0051863756312276535
2025-06-27,57060,-1,5036.0,5029.0,2025-06-27 15:00:00,2025-06-27 15:22:00,1.7094779657101191,0.23214299811725816,-0.00020904100772695892
2025-06-30,57060,1,5048.0,5063.0,2025-06-30 10:01:00,2025-06-30 10:09:00,-1.783922905158857,-0.1292746874380902,0.0013670677488600025
2025-06-30,57060,1,5053.0,5061.0,2025-06-30 10:40:00,2025-06-30 12:35:00,-1.6193107997024352,-0.09098280303495793,-1.803407783066151e-05
2025-06-30,57060,1,5055.0,5028.0,2025-06-30 12:37:00,2025-06-30 15:24:00,,,-0.006955561744433801
2025-07-01,57060,-1,5023.0,5005.0,2025-07-01 10:00:00,2025-07-01 10:25:00,2.252540441958646,-0.12772127552332205,0.0019899520007236994
2025-07-01,57060,-1,5016.0,5009.0,2025-07-01 10:42:00,2025-07-01 10:57:00,1.7491484037773402,0.02819981568851837,-0.00020349104486013674
2025-07-01,57060,-1,5037.0,5014.0,2025-07-01 11:05:00,2025-07-01 11:26:00,3.1980153013672745,0.1488805144051298,0.0029766670274118667
2025-07-01,57060,-1,5024.0,5014.0,2025-07-01 13:00:00,2025-07-01 13:03:00,1.9128280769535932,0.18932658857961945,0.0003924294297959171
2025-07-01,57060,-1,5020.0,5014.0,2025-07-01 13:08:00,2025-07-01 13:28:00,2.3274539997389567,0.22723159653740044,-0.00040406603246384435
2025-07-01,57060,-1,5025.0,5004.0,2025-07-01 13:31:00,2025-07-01 15:24:00,,,0.0025878613404747407
2025-07-02,57060,-1,5069.0,5024.0,2025-07-02 10:00:00,2025-07-02 10:38:00,12.025661916113346,0.2739887185001752,0.0073171303243147285
2025-07-02,57060,-1,5032.0,5092.0,2025-07-02 11:04:00,2025-07-02 15:24:00,,,-0.013453161297020656
2025-07-03,57060,1,5182.0,5192.0,2025-07-03 10:00:00,2025-07-03 10:07:00,-2.2459723510120844,0.23077120145760896,0.0003278972618707206
2025-07-03,57060,1,5180.0,5159.0,2025-07-03 10:13:00,2025-07-03 14:39:00,-2.272760941004933,-0.021689711760121463,-0.005662294008878793
2025-07-03,57060,1,5152.0,5140.0,2025-07-03 14:41:00,2025-07-03 15:24:00,,,-0.003931909334978714
2025-07-04,57060,1,5137.0,5048.0,2025-07-04 10:00:00,2025-07-04 15:24:00,,,-0.01907712624621877
2025-07-07,57060,-1,5025.0,5015.0,2025-07-07 10:00:00,2025-07-07 10:06:00,2.1751183706338804,0.26259033715352353,0.000392032531240541
2025-07-07,57060,-1,5024.0,5015.0,2025-07-07 10:19:00,2025-07-07 10:27:00,1.6072556859605742,0.1292784909391608,0.00019300775199867777
2025-07-07,57060,-1,5022.0,5015.0,2025-07-07 10:43:00,2025-07-07 11:06:00,1.6521569639412856,-0.04605160952435369,-0.00020516067850563928
2025-07-07,57060,-1,5022.0,5018.0,2025-07-07 11:22:00,2025-07-07 12:58:00,1.9665575396633075,0.09296255067029745,-0.0008031872088372443
2025-07-07,57060,1,5009.0,4999.0,2025-07-07 13:36:00,2025-07-07 15:24:00,,,-0.003598401944046453
2025-07-08,57060,-1,5089.0,5144.0,2025-07-08 10:00:00,2025-07-08 15:24:00,,,-0.012349639328622677
2025-07-09,57060,-1,5174.0,5164.0,2025-07-09 10:00:00,2025-07-09 10:22:00,2.2264454566894383,0.025478281061678158,0.0003346107794413222
2025-07-09,57060,1,5157.0,5164.0,2025-07-09 10:48:00,2025-07-09 11:02:00,-2.002982442290904,0.0906221911366173,-0.0002435420844259155
2025-07-09,57060,-1,5176.0,5173.0,2025-07-09 11:04:00,2025-07-09 12:55:00,1.7303820189483672,0.09791563449910057,-0.0010202338227785573
2025-07-09,57060,-1,5182.0,5173.0,2025-07-09 13:19:00,2025-07-09 13:35:00,1.9169985931572473,0.2403571032654531,0.000138291118540251
2025-07-09,57060,-1,5177.0,5172.0,2025-07-09 14:00:00,2025-07-09 14:21:00,1.7476854666462338,-0.10758109092896752,-0.0006337229898466979
2025-07-09,57060,1,5167.0,5172.0,2025-07-09 14:51:00,2025-07-09 14:56:00,-1.6074441654052154,-0.2763368261018165,-0.000632788395436482
2025-07-09,57060,1,5169.0,5173.0,2025-07-09 15:01:00,2025-07-09 15:18:00,-1.844392041741232,0.20111889167379046,-0.0008264551925241286
2025-07-10,57060,1,5169.0,5177.0,2025-07-10 10:32:00,2025-07-10 10:52:00,-1.50747185552235,-0.26662215313688487,-5.350829413797143e-05
2025-07-10,57060,1,5170.0,5177.0,2025-07-10 10:58:00,2025-07-10 11:06:00,-1.9762796184614306,-0.2737516238148944,-0.0002469506005734648
2025-07-10,57060,1,5172.0,5177.0,2025-07-10 11:07:00,2025-07-10 11:15:00,-1.9583195539491078,-0.21064854510621475,-0.0006337229898467807
2025-07-10,57060,1,5171.0,5177.0,2025-07-10 11:22:00,2025-07-10 11:25:00,-2.147625860933586,-0.20354986961474827,-0.00044035549432019146
2025-07-10,57060,-1,5182.0,5177.0,2025-07-10 12:34:00,2025-07-10 12:37:00,1.6581205955183786,-0.18706343441199338,-0.0006346557798460324
2025-07-10,57060,1,5173.0,5177.0,2025-07-10 12:46:00,2025-07-10 12:51:00,-1.5431713160801381,-0.1544904095574985,-0.0008270531016137695
2025-07-10,57060,-1,5183.0,5177.0,2025-07-10 12:57:00,2025-07-10 13:04:00,1.7082764119741154,-0.15970894503378477,-0.0004416987121948013
2025-07-10,57060,1,5172.0,5177.0,2025-07-10 13:13:00,2025-07-10 13:44:00,-1.8425044071822427,-0.28210886735959484,-0.0006337229898467807
2025-07-10,57060,-1,5189.0,5180.0,2025-07-10 14:00:00,2025-07-10 14:18:00,1.6743876945588163,0.07914775501943062,0.0001359441142108806
2025-07-10,57060,-1,5191.0,5181.0,2025-07-10 14:32:00,2025-07-10 14:38:00,1.9334302807472614,0.24719124816879254,0.0003282690124407168
2025-07-10,57060,-1,5187.0,5181.0,2025-07-10 14:46:00,2025-07-10 14:48:00,1.6657448423327863,0.23080616979420193,-0.00044259246338805764
2025-07-10,57060,-1,5187.0,5227.0,2025-07-10 14:56:00,2025-07-10 15:24:00,,,-0.009282004361521564
2025-07-11,57060,1,5206.0,5232.0,2025-07-11 10:00:00,2025-07-11 10:40:00,-4.459107310346942,-0.2739825339888084,0.003381807582523875
2025-07-11,57060,1,5223.0,5233.0,2025-07-11 11:02:00,2025-07-11 11:18:00,-1.5150299327239733,0.050751423744081745,0.0003127779359090876
2025-07-11,57060,1,5223.0,5231.0,2025-07-11 12:30:00,2025-07-11 12:44:00,-2.0329814152752244,-0.10247209161845804,-6.94850656877469e-05
2025-07-11,57060,-1,5242.0,5233.0,2025-07-11 13:14:00,2025-07-11 13:38:00,2.9246988086219297,0.21911355204679223,0.00011837751114382239
2025-07-11,57060,1,5221.0,5230.0,2025-07-11 13:49:00,2025-07-11 14:03:00,-1.8662077030192041,-0.2862336648434087,0.00012232364841622276
2025-07-11,57060,-1,5236.0,5233.0,2025-07-11 14:36:00,2025-07-11 14:50:00,1.718987782589585,0.2750618607146346,-0.0010268793424172478
2025-07-11,57060,1,5222.0,5230.0,2025-07-11 15:01:00,2025-07-11 15:21:00,-2.1293131537125207,-0.25060999956478414,-6.919220010566515e-05
2025-07-11,57060,-1,5242.0,5242.0,2025-07-11 15:24:00,2025-07-11 15:24:00,,,-0.0016
2025-07-14,57060,1,5220.0,5225.0,2025-07-14 10:00:00,2025-07-14 11:28:00,-3.2031738621431503,-0.021213217229950777,-0.0006426040436727531
2025-07-14,57060,1,5214.0,5171.0,2025-07-14 12:30:00,2025-07-14 15:24:00,,,-0.009881222097225542
2025-07-15,57060,-1,5185.0,5219.0,2025-07-15 10:32:00,2025-07-15 15:24:00,,,-0.00813597097978545
2025-07-16,57060,-1,5243.0,5229.0,2025-07-16 10:00:00,2025-07-16 12:32:00,3.1134108834999688,0.17801227368370448,0.0010737983844022042
2025-07-16,57060,-1,5231.0,5230.0,2025-07-16 13:03:00,2025-07-16 13:41:00,1.7278106434758533,0.10160270457690491,-0.0014088136883575082
2025-07-16,57060,1,5220.0,5208.0,2025-07-16 14:12:00,2025-07-16 15:24:00,,,-0.0039014969882792743
2025-07-17,57060,-1,5186.0,5217.0,2025-07-17 10:00:00,2025-07-17 15:24:00,,,-0.007559836923783067
2025-07-18,57060,-1,5253.0,5245.0,2025-07-18 10:05:00,2025-07-18 10:10:00,2.6380250662707208,0.05309133832315922,-7.58998764360517e-05
2025-07-18,57060,-1,5250.0,5245.0,2025-07-18 10:13:00,2025-07-18 10:16:00,1.5614617082117248,0.023857726261822254,-0.0006471652447281456
2025-07-18,57060,1,5239.0,5244.0,2025-07-18 10:20:00,2025-07-18 10:32:00,-1.6886831990014994,-0.17868834648804455,-0.0006460745246292737
2025-07-18,57060,-1,5256.0,5247.0,2025-07-18 12:30:00,2025-07-18 13:04:00,3.6552247616174953,-0.27263053046771446,0.00011379647773463028
2025-07-18,57060,-1,5258.0,5250.0,2025-07-18 13:23:00,2025-07-18 13:30:00,1.5915383922526165,0.20200238754466984,-7.735029584292558e-05
2025-07-18,57060,1,5237.0,5247.0,2025-07-18 13:44:00,2025-07-18 14:51:00,-2.1552339662885314,0.15291298645795595,0.00030766940722406154
2025-07-18,57060,-1,5252.0,5254.0,2025-07-18 15:01:00,2025-07-18 15:24:00,,,-0.0019807348227983525
2025-07-22,57060,-1,5363.0,5360.0,2025-07-22 10:07:00,2025-07-22 11:02:00,1.5476315476461946,0.17211545247032878,-0.0010404550819225278
2025-07-22,57060,1,5349.0,5348.0,2025-07-22 11:05:00,2025-07-22 13:03:00,-1.529283174056572,-0.28586041385920236,-0.0017869683094163104
2025-07-22,57060,1,5330.0,5349.0,2025-07-22 13:10:00,2025-07-22 13:40:00,-1.5657624287225693,-0.2150392114960449,0.0019583893713597767
2025-07-22,57060,-1,5359.0,5397.0,2025-07-22 14:05:00,2025-07-22 15:24:00,,,-0.008665853123792585
2025-07-23,57060,1,5477.0,5470.0,2025-07-23 10:00:00,2025-07-23 14:31:00,-2.6611364625436464,0.056790784262982286,-0.0028788893676944117
2025-07-23,57060,1,5465.0,5458.0,2025-07-23 14:57:00,2025-07-23 15:24:00,,,-0.0028816993423551023
2025-07-24,57060,-1,5500.0,5631.0,2025-07-24 10:00:00,2025-07-24 15:24:00,,,-0.025138954034056145
2025-07-25,57060,-1,5798.0,5731.0,2025-07-25 10:00:00,2025-07-25 12:34:00,6.679146775218552,-0.07393276117837656,0.01002299492986335
2025-07-25,57060,-1,5753.0,5815.0,2025-07-25 12:39:00,2025-07-25 15:24:00,,,-0.01231932808947144
2025-07-28,57060,1,5807.0,5848.0,2025-07-28 10:00:00,2025-07-28 10:41:00,-8.903173404569666,0.29563698333695865,0.005435636057564506
2025-07-28,57060,1,5804.0,5831.0,2025-07-28 10:59:00,2025-07-28 14:23:00,-3.8864413111290417,0.04908776786998552,0.0030411772180774293
2025-07-28,57060,-1,5843.0,5882.0,2025-07-28 14:49:00,2025-07-28 15:24:00,,,-0.00825247655950321
2025-07-29,57060,-1,6024.0,5967.0,2025-07-29 10:00:00,2025-07-29 14:34:00,5.269544609939582,0.00433501871815928,0.007907201957647606
2025-07-29,57060,1,5955.0,5965.0,2025-07-29 14:44:00,2025-07-29 14:49:00,-1.512289446832398,-0.2953495634165286,7.78527426159132e-05
2025-07-29,57060,-1,5981.0,5968.0,2025-07-29 14:51:00,2025-07-29 14:54:00,2.0761143127113777,0.15181503540187222,0.0005759151609602499
2025-07-29,57060,-1,5988.0,5968.0,2025-07-29 14:59:00,2025-07-29 15:17:00,2.136030944918284,0.049841640462547604,0.0017456036559221628
2025-07-29,57060,-1,5986.0,5980.0,2025-07-29 15:21:00,2025-07-29 15:24:00,,,-0.0005971585320332228
2025-07-30,57060,-1,6017.0,6021.0,2025-07-30 10:04:00,2025-07-30 11:08:00,1.9648083095029718,-0.04235177618051315,-0.002264562244095985
2025-07-30,57060,-1,6061.0,6130.0,2025-07-30 11:11:00,2025-07-30 15:24:00,,,-0.012919946978972002
2025-07-31,57060,-1,6151.0,6460.0,2025-07-31 10:00:00,2025-07-31 15:24:00,,,-0.05061464756827922
2025-08-01,57060,-1,6536.0,6601.0,2025-08-01 10:07:00,2025-08-01 15:24:00,,,-0.011495795148932064
2025-08-04,57060,-1,6611.0,6607.0,2025-08-04 10:00:00,2025-08-04 15:24:00,,,-0.0009947646963075726
2025-08-05,57060,-1,6690.0,6681.0,2025-08-05 10:00:00,2025-08-05 10:37:00,2.672001960145017,0.04415240013503864,-0.0002538028032031557
2025-08-05,57060,-1,6693.0,6693.0,2025-08-05 10:58:00,2025-08-05 13:10:00,2.189743358493658,0.12337868301437871,-0.0016
2025-08-05,57060,1,6680.0,6691.0,2025-08-05 13:35:00,2025-08-05 13:55:00,-1.738491239770278,0.11278107067957177,4.535225212560427e-05
2025-08-05,57060,-1,6700.0,6691.0,2025-08-05 13:59:00,2025-08-05 14:10:00,1.7501364171580096,0.013840448697888441,-0.00025581340375949624
2025-08-05,57060,-1,6703.0,6689.0,2025-08-05 14:19:00,2025-08-05 15:24:00,,,0.0004908012395496767
2025-08-06,57060,-1,6808.0,6805.0,2025-08-06 10:00:00,2025-08-06 14:24:00,4.447842964398393,0.2347569410907726,-0.001159244832356414
2025-08-06,57060,-1,6818.0,6806.0,2025-08-06 14:35:00,2025-08-06 14:48:00,2.360260713163113,0.23625839280149827,0.000161597636997315
2025-08-06,57060,-1,6823.0,6830.0,2025-08-06 14:49:00,2025-08-06 15:24:00,,,-0.0026254157494120366
2025-08-07,57060,-1,6859.0,6827.0,2025-08-07 10:00:00,2025-08-07 12:49:00,2.9887119131430695,-0.17601408034634433,0.0030763200810410484
2025-08-07,57060,-1,6841.0,6829.0,2025-08-07 12:50:00,2025-08-07 12:53:00,1.6096454846630674,0.08150746272223194,0.00015566979990875077
2025-08-07,57060,1,6821.0,6829.0,2025-08-07 13:36:00,2025-08-07 13:39:00,-1.5047465364257495,0.20302572961648205,-0.00042783869363015206
2025-08-07,57060,1,6823.0,6828.0,2025-08-07 13:45:00,2025-08-07 13:48:00,-1.532089239290253,-0.05463445797447042,-0.0008674529010923289
2025-08-07,57060,-1,6837.0,6862.0,2025-08-07 13:57:00,2025-08-07 15:24:00,,,-0.005249905504601003
2025-08-08,57060,1,6812.0,6744.0,2025-08-08 10:21:00,2025-08-08 12:30:00,-1.9702464907711335,-0.16330561882194947,-0.01163254210088748
2025-08-08,57060,-1,6777.0,6747.0,2025-08-08 12:58:00,2025-08-08 13:24:00,1.9985484827870768,-0.22144156728176745,0.002836564508687545
2025-08-08,57060,1,6725.0,6748.0,2025-08-08 13:28:00,2025-08-08 13:33:00,-1.5963547921697756,-0.11491041563547068,0.001814239195819044
2025-08-08,57060,1,6731.0,6747.0,2025-08-08 13:49:00,2025-08-08 14:22:00,-2.781439483284696,-0.13557484779437398,0.0007742406167123592
2025-08-08,57060,1,6740.0,6682.0,2025-08-08 14:32:00,2025-08-08 15:24:00,,,-0.010242580989650828
2025-08-12,57060,-1,7596.0,7521.0,2025-08-12 10:00:00,2025-08-12 15:24:00,,,0.008322685105773414
2025-08-13,57060,1,7542.0,7603.0,2025-08-13 10:00:00,2025-08-13 10:26:00,-9.024417801701295,0.2890232529950226,0.006455507410134185
2025-08-13,57060,-1,7642.0,7684.0,2025-08-13 10:35:00,2025-08-13 12:38:00,1.7425042905521912,-0.036419068135635196,-0.007080895881601968
2025-08-13,57060,-1,7776.0,7874.0,2025-08-13 12:49:00,2025-08-13 15:24:00,,,-0.01412412536340779
2025-08-14,57060,-1,7861.0,7810.0,2025-08-14 10:00:00,2025-08-14 10:17:00,3.2405433815637226,-0.16076809499759342,0.004908860960024873
2025-08-14,57060,-1,7852.0,7817.0,2025-08-14 10:19:00,2025-08-14 10:30:00,1.8864446142637121,0.09795454359522555,0.0028674271760212268
2025-08-14,57060,1,7780.0,7807.0,2025-08-14 10:41:00,2025-08-14 11:24:00,-1.8927750410250186,0.2652926237132794,0.0018644289478535606
2025-08-14,57060,1,7776.0,7683.0,2025-08-14 12:36:00,2025-08-14 15:24:00,,,-0.01363197127264004
2025-08-15,57060,-1,8107.0,8442.0,2025-08-15 10:00:00,2025-08-15 15:24:00,,,-0.04209136135473699
2025-08-18,57060,-1,8699.0,9046.0,2025-08-18 10:00:00,2025-08-18 15:24:00,,,-0.040714594530247714
2025-08-19,57060,1,8841.0,9092.0,2025-08-19 10:00:00,2025-08-19 15:07:00,-2.5962159770275557,0.18069994492036023,0.026394913566629388
2025-08-19,57060,-1,9136.0,9135.0,2025-08-19 15:19:00,2025-08-19 15:24:00,,,-0.0014905369163156297
2025-08-20,57060,-1,8661.0,8592.0,2025-08-20 10:02:00,2025-08-20 10:08:00,1.7691097899147616,-0.12600949805983355,0.006398651582398819
2025-08-20,57060,-1,8629.0,8604.0,2025-08-20 10:34:00,2025-08-20 11:04:00,1.6259092723410722,0.26547518911685536,0.0013014121206868406
2025-08-20,57060,-1,8632.0,8596.0,2025-08-20 11:21:00,2025-08-20 11:26:00,1.551131962819725,-0.21667666842789,0.002579249175569477
2025-08-20,57060,1,8547.0,8545.0,2025-08-20 12:32:00,2025-08-20 15:07:00,-2.668572967678653,-0.17613374018749917,-0.0018340276163267067
2025-08-21,57060,-1,9409.0,9348.0,2025-08-21 10:02:00,2025-08-21 14:16:00,2.0404247671181954,-0.11041480333559246,0.0049042613480171
2025-08-21,57060,1,9271.0,9249.0,2025-08-21 14:34:00,2025-08-21 15:24:00,,,-0.003975811052722397
2025-08-22,57060,-1,9429.0,9354.0,2025-08-22 10:08:00,2025-08-22 10:24:00,1.5484897634323056,-0.08904197275793466,0.006385987179845755
2025-08-22,57060,-1,9391.0,9362.0,2025-08-22 10:34:00,2025-08-22 10:44:00,1.6679306626085855,0.27117126485215926,0.0014928409445976647
2025-08-22,57060,-1,9414.0,9396.0,2025-08-22 10:52:00,2025-08-22 15:12:00,3.2058842935752216,0.22124615599510897,0.00031387618228416437
2025-08-22,57060,1,9344.0,9337.0,2025-08-22 15:23:00,2025-08-22 15:24:00,,,-0.0023494245840823833
2025-08-25,57060,1,9708.0,9724.0,2025-08-25 10:18:00,2025-08-25 10:54:00,-2.014160032746933,-0.05608424740398958,4.676858952196942e-05
2025-08-25,57060,1,9699.0,9724.0,2025-08-25 11:04:00,2025-08-25 11:23:00,-1.927112702194838,-0.06477272475483359,0.0009742690424712371
2025-08-25,57060,1,9700.0,9700.0,2025-08-25 11:25:00,2025-08-25 13:14:00,-1.5695484765670265,-0.23397144067624623,-0.0016
2025-08-25,57060,-1,9730.0,9848.0,2025-08-25 13:40:00,2025-08-25 15:24:00,,,-0.013654492684238788
2025-08-26,57060,-1,9829.0,9786.0,2025-08-26 10:27:00,2025-08-26 10:40:00,1.8039652664243349,-0.050210134730456636,0.0027844067175604933
2025-08-26,57060,-1,9825.0,9790.0,2025-08-26 10:43:00,2025-08-26 10:46:00,2.3203934090823064,0.1402334149089595,0.001968701212905894
2025-08-26,57060,1,9723.0,9793.0,2025-08-26 10:53:00,2025-08-26 12:42:00,-1.6266414768744135,0.1222449945237558,0.005573631911137305
2025-08-26,57060,-1,9818.0,9816.0,2025-08-26 13:01:00,2025-08-26 14:34:00,1.7513871756160433,0.06490352988665453,-0.0013962717727495834
2025-08-26,57060,1,9783.0,9810.0,2025-08-26 15:04:00,2025-08-26 15:24:00,-2.689115708538044,-0.1171469286978166,0.0011560881019799837
2025-08-27,57060,-1,9960.0,10110.0,2025-08-27 10:00:00,2025-08-27 14:09:00,1.750300622186381,0.10780568929850005,-0.016547961435873147
2025-08-27,57060,-1,10145.0,10105.0,2025-08-27 14:11:00,2025-08-27 14:16:00,1.5723918420115341,-0.11314797283488266,0.0023506224221937653
2025-08-27,57060,-1,10150.0,10265.0,2025-08-27 14:25:00,2025-08-27 15:24:00,,,-0.012866344983100532
2025-08-28,57060,-1,10270.0,10345.0,2025-08-28 10:00:00,2025-08-28 13:14:00,4.559319013966052,0.2208295393554996,-0.008876287257039513
2025-08-28,57060,-1,10405.0,10430.0,2025-08-28 13:21:00,2025-08-28 15:24:00,,,-0.003999809167083365
2025-08-29,57060,1,10305.0,10510.0,2025-08-29 10:00:00,2025-08-29 14:35:00,-3.0201895024328,0.1841870467475763,0.018097970546437435
2025-08-29,57060,-1,10535.0,10510.0,2025-08-29 14:57:00,2025-08-29 15:08:00,3.1832425248434126,0.17328580363969565,0.0007758623672926141
2025-08-29,57060,-1,10555.0,10530.0,2025-08-29 15:19:00,2025-08-29 15:24:00,,,0.0007713551543997519
2025-09-01,57060,-1,10405.0,10365.0,2025-09-01 10:04:00,2025-09-01 10:19:00,2.202767861734224,0.26253196292489306,0.002251713957854848
2025-09-01,57060,-1,10395.0,10365.0,2025-09-01 10:26:00,2025-09-01 10:36:00,1.6830863331054118,0.20989682603614465,0.0012901754222333858
2025-09-01,57060,-1,10410.0,10365.0,2025-09-01 10:41:00,2025-09-01 10:51:00,2.829984335857669,0.059561115141016543,0.00273213673913457
2025-09-01,57060,-1,10410.0,10360.0,2025-09-01 10:53:00,2025-09-01 11:00:00,2.4668259100273495,-0.23276605426505118,0.0032146457955405635
2025-09-01,57060,1,10325.0,10360.0,2025-09-01 11:01:00,2025-09-01 11:13:00,-1.661374043587938,-0.04100959535535992,0.0017840979842404941
2025-09-01,57060,-1,10430.0,10145.0,2025-09-01 11:20:00,2025-09-01 15:24:00,,,0.02610529573490298
2025-09-02,57060,-1,10665.0,10670.0,2025-09-02 10:00:00,2025-09-02 14:01:00,9.838215464066304,0.16627466271002284,-0.002068713390348126
2025-09-02,57060,-1,10700.0,10665.0,2025-09-02 14:27:00,2025-09-02 15:17:00,1.7983733950781624,-0.037316229014311954,0.0016763895445466375
2025-09-02,57060,-1,10685.0,10725.0,2025-09-02 15:18:00,2025-09-02 15:24:00,,,-0.0053365760429696625
2025-09-03,57060,1,10755.0,10820.0,2025-09-03 10:05:00,2025-09-03 10:10:00,-3.1356994207312336,0.2505957964649847,0.004425510698642125
2025-09-03,57060,-1,10860.0,10845.0,2025-09-03 10:16:00,2025-09-03 12:53:00,2.1861716095402377,0.22256896822647534,-0.00021782977304835266
2025-09-03,57060,1,10790.0,10690.0,2025-09-03 13:03:00,2025-09-03 15:24:00,,,-0.010911054233089423
2025-09-04,57060,-1,10995.0,10965.0,2025-09-04 10:09:00,2025-09-04 10:54:00,1.6373223878974592,0.2721919613496682,0.0011322421368729506
2025-09-04,57060,1,10895.0,10950.0,2025-09-04 11:14:00,2025-09-04 11:25:00,-1.8239123761205986,-0.12392326004297663,0.003435487865926531
2025-09-04,57060,1,10895.0,10665.0,2025-09-04 12:30:00,2025-09-04 15:24:00,,,-0.022936616473269257
2025-09-05,57060,1,10485.0,10570.0,2025-09-05 10:05:00,2025-09-05 12:37:00,-3.781064026538484,0.08640541050862602,0.006474135528262963
2025-09-05,57060,1,10525.0,10550.0,2025-09-05 12:41:00,2025-09-05 14:51:00,-1.593771045943736,-0.24826314424211712,0.0007724803536303955
2025-09-05,57060,1,10525.0,10555.0,2025-09-05 14:53:00,2025-09-05 15:09:00,-1.7261631189759015,0.09464688268863361,0.0012463017318387825
2025-09-05,57060,1,10525.0,10550.0,2025-09-05 15:19:00,2025-09-05 15:24:00,-2.174837114857737,-0.2473149437434039,0.0007724803536303955
2025-09-08,57060,1,10525.0,10575.0,2025-09-08 10:00:00,2025-09-08 10:29:00,-1.8433136245067714,-0.05851905209814487,0.0031393453638965682
2025-09-08,57060,-1,10590.0,10575.0,2025-09-08 10:57:00,2025-09-08 11:01:00,1.762762877680558,-0.09906524628068976,-0.00018256531902660655
2025-09-08,57060,-1,10595.0,10580.0,2025-09-08 11:08:00,2025-09-08 11:17:00,1.7423293627525887,0.1905237517470108,-0.00018323470989091298
2025-09-08,57060,1,10545.0,10580.0,2025-09-08 11:21:00,2025-09-08 12:42:00,-1.9275800580673088,-0.0846259215132993,0.0017136124994155107
2025-09-08,57060,1,10535.0,10575.0,2025-09-08 13:02:00,2025-09-08 14:02:00,-1.618506644812892,-0.05691927578464395,0.0021896776761893355
2025-09-08,57060,-1,10620.0,10580.0,2025-09-08 14:11:00,2025-09-08 14:21:00,2.222906172097801,0.12017431220598165,0.002173589383639491
2025-09-08,57060,-1,10600.0,10575.0,2025-09-08 14:39:00,2025-09-08 14:53:00,1.6699017366577353,-0.2602565104849927,0.0007612761856798198
2025-09-08,57060,-1,10590.0,10655.0,2025-09-08 14:56:00,2025-09-08 15:24:00,,,-0.007719105937265349
2025-09-09,57060,1,10500.0,9995.0,2025-09-09 10:00:00,2025-09-09 15:24:00,,,-0.050890289211114284
2025-09-10,57060,-1,10325.0,10245.0,2025-09-10 10:00:00,2025-09-10 12:39:00,3.796410043295306,0.27138260897529887,0.006178357156233412
2025-09-10,57060,1,10195.0,10230.0,2025-09-10 12:44:00,2025-09-10 13:01:00,-1.6715461304510537,-0.1801874784101966,0.0018271759371165672
2025-09-10,57060,1,10190.0,10235.0,2025-09-10 13:19:00,2025-09-10 14:41:00,-2.1079919860638454,0.03969632504482928,0.0028063718786193615
2025-09-10,57060,-1,10275.0,10240.0,2025-09-10 14:55:00,2025-09-10 15:01:00,2.1580037298341166,0.28006782941416525,0.001812140770936529
2025-09-10,57060,-1,10265.0,10310.0,2025-09-10 15:06:00,2025-09-10 15:24:00,,,-0.005974247557971572
2025-09-11,57060,-1,10815.0,10775.0,2025-09-11 10:20:00,2025-09-11 13:29:00,2.4154517911549904,0.29021396343340705,0.0021054234152106405
2025-09-11,57060,-1,10830.0,10775.0,2025-09-11 13:33:00,2025-09-11 15:24:00,1.6192319380717528,0.04061792378740832,0.00349142502308771
2025-09-12,57060,1,10730.0,10400.0,2025-09-12 10:00:00,2025-09-12 15:24:00,,,-0.03283775049528013
2025-09-16,57060,-1,10360.0,10670.0,2025-09-16 10:24:00,2025-09-16 15:24:00,,,-0.031083828482324993
2025-09-17,57060,1,10275.0,10370.0,2025-09-17 10:00:00,2025-09-17 10:39:00,-5.154823763851916,-0.1620492438645018,0.007603261859137668
2025-09-17,57060,-1,10465.0,10395.0,2025-09-17 11:03:00,2025-09-17 11:17:00,1.552432325150369,0.28413287526922976,0.005111434587986804
2025-09-17,57060,1,10340.0,10225.0,2025-09-17 12:30:00,2025-09-17 15:24:00,,,-0.012784167151417685
2025-09-18,57060,-1,10455.0,10830.0,2025-09-18 10:06:00,2025-09-18 15:24:00,,,-0.03683972813230236
2025-09-19,57060,1,10760.0,10950.0,2025-09-19 10:00:00,2025-09-19 11:16:00,-5.478934839702611,-0.2427756860797148,0.015903901528871445
2025-09-19,57060,-1,10990.0,10980.0,2025-09-19 11:30:00,2025-09-19 12:43:00,1.5107435918011383,0.18973821055748546,-0.0006896676658546264
2025-09-19,57060,1,10850.0,10800.0,2025-09-19 12:45:00,2025-09-19 15:24:00,,,-0.006218945856294528
2025-09-22,57060,1,10685.0,10650.0,2025-09-22 10:07:00,2025-09-22 14:52:00,-2.8547311781177678,-0.1500528347856757,-0.004880996615676878
2025-09-22,57060,1,10620.0,10625.0,2025-09-22 15:01:00,2025-09-22 15:24:00,,,-0.0011293010033122989
2025-09-24,57060,-1,10900.0,10855.0,2025-09-24 10:00:00,2025-09-24 10:32:00,2.490451316187039,-0.09035582835091241,0.0025369859048428372
2025-09-24,57060,1,10815.0,10855.0,2025-09-24 11:00:00,2025-09-24 11:08:00,-2.139893679609278,0.029342356622053502,0.0020917439252330005
2025-09-24,57060,1,10825.0,10855.0,2025-09-24 11:12:00,2025-09-24 12:34:00,-2.3867224191946823,0.23773741316608438,0.0011675294417015831
2025-09-24,57060,-1,10880.0,10855.0,2025-09-24 13:25:00,2025-09-24 13:38:00,1.578433565008298,0.07243484103324965,0.0007004380975414225
2025-09-24,57060,-1,10885.0,10855.0,2025-09-24 13:55:00,2025-09-24 14:03:00,2.050001882733779,0.05242021725056571,0.0011598913562556321
2025-09-24,57060,1,10835.0,10975.0,2025-09-24 14:06:00,2025-09-24 15:24:00,,,0.011238323972912611
2025-09-25,57060,1,11140.0,11770.0,2025-09-25 10:00:00,2025-09-25 15:24:00,,,0.05341168677304745
2025-09-26,57060,-1,11625.0,11545.0,2025-09-26 10:22:00,2025-09-26 10:29:00,1.58569708332347,0.11548184948912786,0.005305508666961288
2025-09-26,57060,1,11470.0,11505.0,2025-09-26 10:37:00,2025-09-26 13:07:00,-2.0168931573108924,0.23395129652415203,0.0014467923460499113
2025-09-26,57060,1,11455.0,11490.0,2025-09-26 13:27:00,2025-09-26 13:53:00,-1.5359557685515093,-0.10824709643319592,0.0014507759552054476
2025-09-26,57060,1,11450.0,11490.0,2025-09-26 13:57:00,2025-09-26 14:06:00,-1.6973511710395626,-0.11439619332422382,0.0018873618604157108
2025-09-26,57060,-1,11575.0,11515.0,2025-09-26 14:24:00,2025-09-26 15:05:00,3.399087231629785,0.13413773567316056,0.0035970666996492824
2025-09-29,57060,1,11475.0,11540.0,2025-09-29 10:00:00,2025-09-29 12:33:00,-3.976021115714572,-0.21911711179961044,0.004048505133344705
2025-09-29,57060,1,11500.0,11540.0,2025-09-29 12:47:00,2025-09-29 13:12:00,-2.0524769786392643,-0.15520624337682928,0.001872225710749057
2025-09-29,57060,-1,11590.0,11545.0,2025-09-29 13:29:00,2025-09-29 13:51:00,1.5267213023334552,-0.16194346456085817,0.0022902145452017002
2025-09-29,57060,-1,11600.0,11560.0,2025-09-29 13:55:00,2025-09-29 15:01:00,2.4693622164321525,0.18561390347935153,0.0018542348680875575
2025-09-29,57060,-1,11625.0,11610.0,2025-09-29 15:15:00,2025-09-29 15:24:00,,,-0.0003088442363800728
2025-09-30,57060,1,11470.0,11505.0,2025-09-30 10:01:00,2025-09-30 11:27:00,-1.9089024279370828,-0.15863893350791983,0.0014467923460499113
2025-09-30,57060,-1,11570.0,11520.0,2025-09-30 12:48:00,2025-09-30 13:04:00,2.6959366919463674,0.2198370519429174,0.0027308859378400796
2025-09-30,57060,-1,11535.0,11515.0,2025-09-30 13:35:00,2025-09-30 13:50:00,1.6962179293877349,0.09563563840994,0.00013535835306847628
2025-09-30,57060,-1,11540.0,11530.0,2025-09-30 13:58:00,2025-09-30 15:00:00,2.5160121757438745,0.2260557460158484,-0.0007330732010141624
2025-10-01,57060,-1,11340.0,11320.0,2025-10-01 10:00:00,2025-10-01 10:25:00,1.800040046057609,0.18959815690943851,0.00016522552456919208
2025-10-01,57060,-1,11370.0,11330.0,2025-10-01 10:56:00,2025-10-01 11:19:00,2.800250969742804,0.29256302234997816,0.0019242327225297742
2025-10-01,57060,-1,11395.0,11645.0,2025-10-01 12:35:00,2025-10-01 15:24:00,,,-0.023302240638656744
2025-10-02,57060,1,12065.0,12165.0,2025-10-02 10:00:00,2025-10-02 10:15:00,-2.937174409102992,0.16586202272370476,0.00665427715849097
2025-10-02,57060,1,12090.0,12115.0,2025-10-02 10:21:00,2025-10-02 12:44:00,-1.589326191150547,-0.09156001790804724,0.00046568964178771307
2025-10-02,57060,-1,12215.0,12365.0,2025-10-02 13:04:00,2025-10-02 15:24:00,,,-0.013805196263675714
2025-10-03,57060,-1,12845.0,13130.0,2025-10-03 10:00:00,2025-10-03 15:24:00,,,-0.023545057752857822
2025-10-06,57060,1,13135.0,13260.0,2025-10-06 10:00:00,2025-10-06 12:46:00,-3.006712935200795,0.03409650369802966,0.007871561620213177
2025-10-06,57060,1,13190.0,13165.0,2025-10-06 12:57:00,2025-10-06 15:24:00,,,-0.003497173780950491
2025-10-07,57060,1,13715.0,13815.0,2025-10-07 10:00:00,2025-10-07 12:59:00,-2.6390794240444824,-0.10543115453742202,0.005664833985813295
2025-10-07,57060,1,13750.0,13075.0,2025-10-07 13:20:00,2025-10-07 15:24:00,,,-0.05193681416159368
2025-10-08,57060,-1,13485.0,13310.0,2025-10-08 10:00:00,2025-10-08 10:43:00,7.416613167437104,0.08234621911162807,0.011462324184672999
2025-10-08,57060,-1,13390.0,13315.0,2025-10-08 11:14:00,2025-10-08 11:19:00,2.5212275122286307,0.23210227255346738,0.0040169404371856
2025-10-08,57060,-1,13480.0,13700.0,2025-10-08 12:30:00,2025-10-08 15:24:00,,,-0.01778872734991832
2025-10-09,57060,1,14005.0,14065.0,2025-10-09 10:00:00,2025-10-09 12:33:00,-1.7766718494757536,0.20080024260391516,0.002675033229748363
2025-10-09,57060,1,13970.0,14035.0,2025-10-09 12:42:00,2025-10-09 14:35:00,-1.7415129322303549,0.1664654380705472,0.0030420365449752964
2025-10-09,57060,-1,14060.0,14035.0,2025-10-09 14:54:00,2025-10-09 15:00:00,1.9342071442330875,0.2872713655361765,0.0001796765686730257
2025-10-09,57060,-1,14065.0,14075.0,2025-10-09 15:07:00,2025-10-09 15:24:00,,,-0.0023107320839339434
2025-10-10,57060,1,13715.0,13785.0,2025-10-10 10:03:00,2025-10-10 12:38:00,-2.4836965467750085,-0.11758540233201929,0.003490920086193613
2025-10-10,57060,1,13725.0,13780.0,2025-10-10 12:42:00,2025-10-10 13:18:00,-1.8696380097118137,-0.10028784729876183,0.002399278189918158
2025-10-10,57060,1,13745.0,13745.0,2025-10-10 13:21:00,2025-10-10 15:23:00,-1.5830204867852968,-0.04897696032878872,-0.0016
2025-10-14,57060,1,13940.0,14055.0,2025-10-14 10:05:00,2025-10-14 10:41:00,-2.8440646786500956,-0.08768277988772938,0.006615799026117422
2025-10-14,57060,1,13940.0,13235.0,2025-10-14 10:52:00,2025-10-14 15:24:00,,,-0.0534975696533132
2025-10-15,57060,1,13460.0,13520.0,2025-10-15 10:04:00,2025-10-15 12:50:00,-2.39511300647103,-0.23159891259272594,0.0028477463982362703
2025-10-15,57060,1,13495.0,13535.0,2025-10-15 13:06:00,2025-10-15 13:18:00,-1.7312087655980704,-0.18717941122648762,0.0013596765962966167
2025-10-15,57060,-1,13605.0,13545.0,2025-10-15 13:39:00,2025-10-15 14:16:00,1.6122755049878468,-0.006800868427267597,0.0028198966981511364
2025-10-15,57060,-1,13575.0,13550.0,2025-10-15 14:18:00,2025-10-15 14:27:00,1.627484316588508,0.2626329802482986,0.00024331849428922388
2025-10-15,57060,-1,13570.0,13625.0,2025-10-15 14:38:00,2025-10-15 15:24:00,,,-0.005644866702530084
2025-10-16,57060,1,13735.0,13750.0,2025-10-16 10:13:00,2025-10-16 12:34:00,-1.982607081330002,0.1818189997204561,-0.0005084954346568291
2025-10-16,57060,1,13715.0,13745.0,2025-10-16 13:02:00,2025-10-16 13:31:00,-1.5994511175564134,0.1583902441823946,0.0005849972276425885
2025-10-16,57060,-1,13780.0,13745.0,2025-10-16 13:40:00,2025-10-16 13:52:00,3.223893926340646,0.15526079119484687,0.0009431439683034715
2025-10-16,57060,1,13685.0,13675.0,2025-10-16 13:59:00,2025-10-16 15:24:00,,,-0.0023309941845974453
2025-10-17,57060,-1,13650.0,13760.0,2025-10-17 10:00:00,2025-10-17 10:37:00,5.742881054510292,0.19533221822038335,-0.009626310874228836
2025-10-17,57060,1,13540.0,13695.0,2025-10-17 10:59:00,2025-10-17 13:16:00,-1.827616755853883,-0.2408199865876144,0.009782535230912624
2025-10-17,57060,1,13655.0,13695.0,2025-10-17 13:22:00,2025-10-17 13:28:00,-1.6121357166096604,-0.20230034575902228,0.0013250477893731497
2025-10-17,57060,1,13670.0,13700.0,2025-10-17 13:47:00,2025-10-17 13:53:00,-1.587875865211809,-0.005921814192749973,0.000592182098221051
2025-10-17,57060,-1,13725.0,13705.0,2025-10-17 13:55:00,2025-10-17 13:59:00,1.657301503048833,0.29499630191140996,-0.00014174235915475415
2025-10-17,57060,-1,13730.0,13700.0,2025-10-17 14:03:00,2025-10-17 14:08:00,1.8192148448165155,-0.030079954784563115,0.0005873869458004001
2025-10-17,57060,1,13650.0,13640.0,2025-10-17 14:15:00,2025-10-17 15:24:00,,,-0.002332869215652696
2025-10-20,57060,-1,13860.0,13855.0,2025-10-20 10:18:00,2025-10-20 12:57:00,1.6622139465518047,0.11943179706782031,-0.001239184553184585
2025-10-20,57060,-1,13880.0,14110.0,2025-10-20 12:59:00,2025-10-20 15:24:00,,,-0.018034810786064098
2025-10-21,57060,1,14115.0,14145.0,2025-10-21 10:08:00,2025-10-21 10:38:00,-1.5366850402684087,0.11367317897821735,0.0005231430480777514
2025-10-21,57060,-1,14185.0,14145.0,2025-10-21 10:46:00,2025-10-21 11:04:00,1.555538298381237,-0.134504043657605,0.0012238635072841333
2025-10-21,57060,-1,14200.0,14155.0,2025-10-21 11:08:00,2025-10-21 11:18:00,2.440430198093869,0.28411021215115645,0.0015740460433521744
2025-10-21,57060,1,14090.0,13735.0,2025-10-21 12:31:00,2025-10-21 15:24:00,,,-0.027118006363351668
2025-10-22,57060,1,13145.0,13240.0,2025-10-22 10:03:00,2025-10-22 10:22:00,-1.9209553408644027,-0.0383325557924703,0.005601092327017542
2025-10-22,57060,1,13175.0,13780.0,2025-10-22 10:39:00,2025-10-22 15:24:00,,,0.04329717115808647
2025-10-23,57060,-1,13695.0,13625.0,2025-10-23 10:00:00,2025-10-23 10:55:00,10.96638504233752,-0.005005970015315623,0.003524462165733682
2025-10-23,57060,1,13575.0,13595.0,2025-10-23 11:20:00,2025-10-23 14:41:00,-1.577666845489203,0.03004652127844092,-0.00012778773556514772
2025-10-23,57060,1,13535.0,13590.0,2025-10-23 14:48:00,2025-10-23 15:09:00,-1.5536639064050364,-0.06966081003386285,0.0024553050967877597
2025-10-23,57060,1,13560.0,13575.0,2025-10-23 15:22:00,2025-10-23 15:24:00,,,-0.0004944166922503459
2025-10-24,57060,1,13740.0,13790.0,2025-10-24 10:02:00,2025-10-24 10:36:00,-1.8423997521512476,0.1467549086269112,0.002032405011007153
2025-10-24,57060,-1,13820.0,13885.0,2025-10-24 11:00:00,2025-10-24 13:35:00,1.7790488236026236,0.1656341585754843,-0.006292302419239066
2025-10-24,57060,-1,13915.0,13885.0,2025-10-24 13:37:00,2025-10-24 14:11:00,2.0614660959854296,0.09443551019826249,0.0005582742190912285
2025-10-24,57060,1,13850.0,13880.0,2025-10-24 14:14:00,2025-10-24 14:17:00,-1.8171254651318027,-0.17039397050272434,0.0005637224453109671
2025-10-24,57060,-1,13930.0,13890.0,2025-10-24 14:20:00,2025-10-24 14:29:00,2.1352196474225185,0.21189894072556437,0.0012756310254619632
2025-10-24,57060,-1,13925.0,13885.0,2025-10-24 14:44:00,2025-10-24 15:00:00,1.6396810935626474,0.032013512753657054,0.001276665054584801
2025-10-24,57060,-1,13940.0,14010.0,2025-10-24 15:18:00,2025-10-24 15:24:00,,,-0.006608955016537904
2025-10-27,57060,1,14440.0,14525.0,2025-10-27 10:00:00,2025-10-27 10:11:00,-2.271013533907663,0.11427244909193161,0.004269169273294782
2025-10-27,57060,-1,14595.0,14530.0,2025-10-27 10:28:00,2025-10-27 11:06:00,1.5735361049264724,-0.17109422306155742,0.0028635267238865288
2025-10-27,57060,1,14520.0,14880.0,2025-10-27 12:30:00,2025-10-27 15:24:00,,,0.022891020008295695
2025-10-28,57060,-1,14575.0,14535.0,2025-10-28 10:06:00,2025-10-28 10:10:00,1.774572579022044,0.10080476964828444,0.0011481982257167884
2025-10-28,57060,1,14485.0,14515.0,2025-10-28 10:25:00,2025-10-28 12:46:00,-1.5749248768674382,-0.09798403497190027,0.00046896625527945396
2025-10-28,57060,-1,14560.0,14525.0,2025-10-28 12:58:00,2025-10-28 13:03:00,1.8581847959160829,0.27695711612629087,0.0008067400305649763
2025-10-28,57060,1,14480.0,14510.0,2025-10-28 13:17:00,2025-10-28 13:24:00,-1.9166935948408454,-0.27294828057263093,0.0004696799385261799
2025-10-28,57060,1,14485.0,14430.0,2025-10-28 13:36:00,2025-10-28 15:24:00,,,-0.00540425843553422
2025-10-29,57060,1,14815.0,14925.0,2025-10-29 10:00:00,2025-10-29 10:38:00,-5.337456310759025,0.0022051303947095233,0.0057974782531371475
2025-10-29,57060,-1,15005.0,15590.0,2025-10-29 11:14:00,2025-10-29 15:24:00,,,-0.03984620417735474
2025-10-30,57060,1,15530.0,15460.0,2025-10-30 10:01:00,2025-10-30 12:30:00,-1.9049917295658385,0.0530120750997452,-0.006117594001319765
2025-10-30,57060,1,15410.0,15450.0,2025-10-30 13:08:00,2025-10-30 13:36:00,-1.8173698042330095,-0.23192188913018968,0.0009923540117301804
2025-10-30,57060,1,15395.0,15455.0,2025-10-30 13:44:00,2025-10-30 14:19:00,-1.710700524701993,0.029269809660184654,0.002289794207615975
2025-10-30,57060,-1,15515.0,15555.0,2025-10-30 14:27:00,2025-10-30 15:24:00,,,-0.004174832449256713
2025-10-31,57060,1,15755.0,15695.0,2025-10-31 10:00:00,2025-10-31 15:18:00,-5.053385826028441,-0.2974932964372965,-0.0054155849153210926
2025-11-04,57060,-1,16810.0,16700.0,2025-11-04 10:00:00,2025-11-04 10:40:00,4.471131819084061,-0.014118364976148757,0.00496522799781479
2025-11-04,57060,-1,16885.0,16730.0,2025-11-04 10:54:00,2025-11-04 11:07:00,2.1425813563260117,0.24616885266170915,0.0076221388387984
2025-11-04,57060,1,16535.0,16100.0,2025-11-04 12:30:00,2025-11-04 15:24:00,,,-0.028260074443338765
2025-11-05,57060,1,14860.0,14900.0,2025-11-05 10:00:00,2025-11-05 12:32:00,-7.754145151807781,0.2579013167274575,0.0010881736618003955
2025-11-05,57060,-1,15185.0,15395.0,2025-11-05 12:58:00,2025-11-05 15:24:00,,,-0.01533468287875164
2025-11-06,57060,1,15710.0,15885.0,2025-11-06 10:00:00,2025-11-06 11:11:00,-2.6386282772779825,0.27286125225204205,0.009477815453949693
2025-11-06,57060,-1,15985.0,16440.0,2025-11-06 11:18:00,2025-11-06 15:24:00,,,-0.029666607116229114
2025-11-07,57060,1,15760.0,15795.0,2025-11-07 10:03:00,2025-11-07 10:11:00,-1.6012384407320017,-0.00011411393061941109,0.0006183498243155035
2025-11-07,57060,1,15710.0,15650.0,2025-11-07 10:15:00,2025-11-07 14:08:00,-1.912172847855353,-0.22737386691501096,-0.005426535281367534
2025-11-07,57060,1,15525.0,15630.0,2025-11-07 14:25:00,2025-11-07 15:07:00,-2.0366820781820105,-0.24999463616913037,0.005140516613842765
2025-11-07,57060,-1,15775.0,15685.0,2025-11-07 15:23:00,2025-11-07 15:24:00,,,0.004121566784635377
2025-11-10,57060,-1,16135.0,16000.0,2025-11-10 10:00:00,2025-11-10 11:30:00,8.25529504462196,0.15849243490922543,0.006802103264143902
2025-11-10,57060,-1,16220.0,16070.0,2025-11-10 12:30:00,2025-11-10 14:32:00,5.589496079047926,0.10739099865463167,0.007690868937845628
2025-11-10,57060,-1,16125.0,16070.0,2025-11-10 14:34:00,2025-11-10 14:38:00,1.6128201121743082,0.0751083107226121,0.0018166829324149875
2025-11-10,57060,-1,16110.0,16030.0,2025-11-10 14:53:00,2025-11-10 15:24:00,,,0.00337823056742142
2025-11-11,57060,-1,16200.0,16110.0,2025-11-11 10:00:00,2025-11-11 10:12:00,1.7819442914366563,0.09063309339108282,0.00397104504945536
2025-11-11,57060,-1,16190.0,16120.0,2025-11-11 10:30:00,2025-11-11 10:37:00,1.971831446451896,0.28216082388123165,0.0027330306110614835
2025-11-11,57060,1,16025.0,15860.0,2025-11-11 11:01:00,2025-11-11 15:23:00,-1.7011612413239974,-0.05642512451501225,-0.011949786600031782
2025-11-12,57060,-1,18550.0,19105.0,2025-11-12 10:00:00,2025-11-12 15:24:00,,,-0.031080291845419106
2025-11-13,57060,-1,19015.0,19260.0,2025-11-13 10:23:00,2025-11-13 15:00:00,1.6911677711828823,0.24940792760379704,-0.014402264989756513
2025-11-13,57060,-1,19395.0,19235.0,2025-11-13 15:07:00,2025-11-13 15:15:00,1.988279233096728,-0.054864711589041895,0.006683764687672097
2025-11-13,57060,-1,19355.0,19390.0,2025-11-13 15:23:00,2025-11-13 15:24:00,,,-0.003406685224949051
2025-11-14,57060,-1,19520.0,19325.0,2025-11-14 10:00:00,2025-11-14 13:19:00,3.7967878356699982,-0.032836940677222516,0.008439986511460783
2025-11-14,57060,-1,19465.0,19330.0,2025-11-14 13:32:00,2025-11-14 13:49:00,1.5481328166647916,-0.16727803422056833,0.005359687842179578
2025-11-14,57060,1,19210.0,19355.0,2025-11-14 14:16:00,2025-11-14 14:24:00,-3.0995373832705533,0.2758809446400996,0.005919807249146126
2025-11-14,57060,1,19240.0,19330.0,2025-11-14 14:31:00,2025-11-14 14:59:00,-1.5219220553223947,-0.03474416228573895,0.003066847982679195
2025-11-14,57060,-1,19460.0,19395.0,2025-11-14 15:18:00,2025-11-14 15:24:00,,,0.0017457758659284739
2025-11-17,57060,-1,20990.0,20775.0,2025-11-17 10:00:00,2025-11-17 10:03:00,2.0576362008687803,0.19188940974033583,0.008695793091029696
2025-11-17,57060,-1,20945.0,20745.0,2025-11-17 10:12:00,2025-11-17 10:20:00,1.603801706421893,-0.10242921372439148,0.007994700614166994
2025-11-17,57060,-1,20890.0,20765.0,2025-11-17 10:32:00,2025-11-17 12:31:00,1.6194410124084664,-0.2638422308371774,0.0044016984857575304
2025-11-17,57060,-1,20900.0,21165.0,2025-11-17 12:38:00,2025-11-17 15:24:00,,,-0.014199715002121747
2025-11-18,57060,1,20280.0,19570.0,2025-11-18 10:00:00,2025-11-18 15:24:00,,,-0.03723739731499756
2025-11-19,57060,-1,19800.0,19300.0,2025-11-19 10:00:00,2025-11-19 10:11:00,3.1829929569577207,0.11690407640590716,0.023976841789649737
2025-11-19,57060,-1,19660.0,19380.0,2025-11-19 10:20:00,2025-11-19 12:42:00,1.7266044419666582,0.044115724202988385,0.012744508256400364
2025-11-19,57060,-1,19495.0,19380.0,2025-11-19 13:07:00,2025-11-19 13:11:00,1.5205777444042645,0.06330704775489544,0.0043164159719404575
2025-11-19,57060,1,19245.0,19355.0,2025-11-19 13:21:00,2025-11-19 14:08:00,-1.730934428690126,-0.1146823696431998,0.004099497293901891
2025-11-19,57060,1,19285.0,19480.0,2025-11-19 14:28:00,2025-11-19 15:24:00,,,0.00846070655419793
2025-11-20,57060,1,20740.0,20810.0,2025-11-20 10:04:00,2025-11-20 10:05:00,-1.6313710162022177,-0.22205895591538413,0.0017694376041617057
2025-11-20,57060,-1,20950.0,20890.0,2025-11-20 10:11:00,2025-11-20 11:16:00,1.6850315397116167,-0.07990709744626975,0.0012680707996723568
2025-11-20,57060,1,20615.0,20740.0,2025-11-20 12:32:00,2025-11-20 14:08:00,-1.5747848071735615,-0.23494751075209858,0.004445236642518009
2025-11-20,57060,1,20670.0,20760.0,2025-11-20 14:36:00,2025-11-20 14:48:00,-2.846181367039822,0.13285184220322951,0.0027446846040108924
2025-11-20,57060,-1,20880.0,20770.0,2025-11-20 14:59:00,2025-11-20 15:07:00,2.4077488924111625,0.2692081445235299,0.0036821251264170215
2025-11-20,57060,-1,20830.0,20840.0,2025-11-20 15:16:00,2025-11-20 15:24:00,,,-0.002079961612285475
2025-11-21,57060,1,18870.0,18255.0,2025-11-21 10:00:00,2025-11-21 15:24:00,,,-0.034734344272858673
2025-11-25,57060,1,17860.0,17470.0,2025-11-25 10:00:00,2025-11-25 13:33:00,-3.318362966997453,-0.02156026670821092,-0.02367845130238779
2025-11-25,57060,-1,17765.0,17550.0,2025-11-25 13:44:00,2025-11-25 14:28:00,1.5455460803247039,0.15158555270785198,0.010576279561115568
2025-11-25,57060,-1,17710.0,17535.0,2025-11-25 14:30:00,2025-11-25 14:40:00,1.9963029641902215,-0.03633441052572448,0.008330568202600799
2025-11-25,57060,1,17330.0,17415.0,2025-11-25 14:57:00,2025-11-25 15:24:00,,,0.0032928000904497772
2025-11-26,57060,-1,18295.0,18135.0,2025-11-26 10:01:00,2025-11-26 10:31:00,1.973085547493182,-0.22979344344734223,0.007184025736304395
2025-11-26,57060,1,18025.0,18120.0,2025-11-26 10:38:00,2025-11-26 12:33:00,-1.8613461315469044,-0.088825915870779,0.0036566174438204518
2025-11-26,57060,1,17975.0,18095.0,2025-11-26 12:58:00,2025-11-26 13:49:00,-2.3233279238765316,-0.23752880291362308,0.005053753408595462
2025-11-26,57060,1,18050.0,18100.0,2025-11-26 14:15:00,2025-11-26 14:34:00,-1.7868920514195168,-0.2626220958339406,0.00116625349289011
2025-11-26,57060,1,18060.0,17905.0,2025-11-26 14:37:00,2025-11-26 15:24:00,,,-0.010219544538443386
2025-11-27,57060,1,18185.0,18360.0,2025-11-27 10:00:00,2025-11-27 10:28:00,-4.027878253440308,-0.11954352520981953,0.0079773067533921
2025-11-27,57060,-1,18510.0,18405.0,2025-11-27 10:38:00,2025-11-27 11:00:00,1.5396740235156767,0.26872675491908493,0.00408875975442164
2025-11-27,57060,-1,18475.0,18380.0,2025-11-27 11:02:00,2025-11-27 12:55:00,1.594775979161982,-0.2701727552926337,0.00355534990672447
2025-11-27,57060,1,18260.0,18190.0,2025-11-27 12:59:00,2025-11-27 15:24:00,,,-0.005440882636791531
2025-11-28,57060,1,18010.0,18065.0,2025-11-28 10:00:00,2025-11-28 12:30:00,-4.165785243148831,-0.07777529610598327,0.0014492054117388336
2025-11-28,57060,-1,18120.0,18085.0,2025-11-28 12:41:00,2025-11-28 13:45:00,1.5416248077005408,0.1743919774868384,0.0003334352107719834
2025-11-28,57060,1,18035.0,17890.0,2025-11-28 14:03:00,2025-11-28 15:24:00,,,-0.009672416834874542
2025-12-01,57060,1,16845.0,16895.0,2025-12-01 10:00:00,2025-12-01 12:40:00,-9.767965222885516,-0.15262366754674186,0.0013638433077369798
2025-12-01,57060,1,16810.0,16910.0,2025-12-01 13:04:00,2025-12-01 13:17:00,-1.5469739258152,0.05039551976061486,0.004331215489964707
2025-12-01,57060,-1,16965.0,16965.0,2025-12-01 13:18:00,2025-12-01 13:58:00,1.8261533887230954,0.1605384482160654,-0.0016
2025-12-01,57060,-1,16985.0,16950.0,2025-12-01 14:33:00,2025-12-01 14:35:00,1.5922630699147333,-0.001252503761234018,0.000462767786087956
2025-12-01,57060,1,16910.0,16670.0,2025-12-01 14:44:00,2025-12-01 15:24:00,,,-0.0158944661477863
2025-12-02,57060,-1,17055.0,17070.0,2025-12-02 10:00:00,2025-12-02 12:34:00,1.9750399034722932,-0.1974202340867245,-0.0024791209357400926
2025-12-02,57060,-1,17195.0,17100.0,2025-12-02 12:56:00,2025-12-02 14:31:00,1.6801732320525846,0.10281892512551787,0.003940180375615356
2025-12-02,57060,-1,17140.0,17100.0,2025-12-02 14:34:00,2025-12-02 14:40:00,1.7767120827308234,0.09691040177372119,0.0007364496610195988
2025-12-02,57060,1,17010.0,17000.0,2025-12-02 14:49:00,2025-12-02 15:24:00,,,-0.0021880623515542954
2025-12-03,57060,-1,17875.0,17775.0,2025-12-03 10:11:00,2025-12-03 10:44:00,2.658050262040395,-0.1737140266143099,0.004010112890766788
2025-12-03,57060,-1,17860.0,17875.0,2025-12-03 11:03:00,2025-12-03 15:12:00,1.6904440378581977,0.20184149613414254,-0.0024395131317183167
2025-12-04,57060,-1,17685.0,17660.0,2025-12-04 10:27:00,2025-12-04 12:36:00,1.796317096213682,-0.03222960731884499,-0.000185372518370057
2025-12-04,57060,1,17600.0,17660.0,2025-12-04 12:42:00,2025-12-04 12:52:00,-1.5275878506378053,0.027843240735409662,0.001803293131707865
2025-12-04,57060,-1,17705.0,17670.0,2025-12-04 13:05:00,2025-12-04 13:34:00,1.6881319363644915,0.2373980292749887,0.0003787992322620722
2025-12-04,57060,1,17615.0,17645.0,2025-12-04 13:35:00,2025-12-04 14:51:00,-1.5246888323482133,-0.023576104518071683,0.00010164533403232267
2025-12-04,57060,1,17570.0,17535.0,2025-12-04 14:59:00,2025-12-04 15:24:00,,,-0.0035940186068643956
2025-12-05,57060,1,17495.0,17565.0,2025-12-05 10:18:00,2025-12-05 10:20:00,-1.734774123047379,0.1635411154346033,0.0023931598981389805
2025-12-05,57060,-1,17625.0,17915.0,2025-12-05 10:24:00,2025-12-05 15:24:00,,,-0.017920002058584853
2025-12-08,57060,1,18035.0,18125.0,2025-12-08 10:00:00,2025-12-08 11:01:00,-3.069633423391847,0.03620031463721698,0.0033778863852360766
2025-12-08,57060,-1,18160.0,18130.0,2025-12-08 11:26:00,2025-12-08 11:29:00,1.8197674320628392,0.25538720447592667,5.3348406387589316e-05
2025-12-08,57060,-1,18220.0,18350.0,2025-12-08 12:30:00,2025-12-08 15:24:00,,,-0.008709682668767097
2025-12-09,57060,-1,18050.0,18005.0,2025-12-09 10:24:00,2025-12-09 10:36:00,1.84885173474852,0.272607813321384,0.0008961876780514109
2025-12-09,57060,1,17955.0,17990.0,2025-12-09 10:46:00,2025-12-09 10:49:00,-1.6072903609315816,-0.2765557003072372,0.00034742028439562877
2025-12-09,57060,1,17945.0,17995.0,2025-12-09 10:50:00,2025-12-09 10:54:00,-1.5886393377166683,-0.09369230795282799,0.001182416931423393
2025-12-09,57060,-1,18045.0,18005.0,2025-12-09 10:55:00,2025-12-09 11:02:00,1.528897987904583,0.2630338888781068,0.0006191409939133548
2025-12-09,57060,1,17940.0,18000.0,2025-12-09 11:12:00,2025-12-09 11:22:00,-2.0325638371655526,0.08541663002636864,0.0017389012655146302
2025-12-09,57060,-1,18075.0,17995.0,2025-12-09 12:44:00,2025-12-09 12:52:00,2.5285188802707728,-0.1855241016688242,0.0028358265138343462
2025-12-09,57060,-1,18065.0,17995.0,2025-12-09 12:56:00,2025-12-09 13:05:00,1.831013307726993,-0.23473725183493507,0.0022824230686095447
2025-12-09,57060,1,17920.0,17980.0,2025-12-09 13:30:00,2025-12-09 15:11:00,-2.642620039927518,-0.20089375772065177,0.0017426214966897071
2025-12-09,57060,1,17950.0,17955.0,2025-12-09 15:18:00,2025-12-09 15:24:00,,,-0.0013214872562417664
2025-12-10,57060,1,18785.0,18940.0,2025-12-10 10:00:00,2025-12-10 10:03:00,-1.857505220188393,0.005819279386431102,0.006617408732000041
2025-12-10,57060,1,18795.0,18830.0,2025-12-10 10:09:00,2025-12-10 11:28:00,-1.571717422542629,-0.2984498018871471,0.0002604656529196707
2025-12-10,57060,1,18685.0,18475.0,2025-12-10 12:30:00,2025-12-10 15:24:00,,,-0.012902596103181797
2025-12-11,57060,-1,18400.0,18330.0,2025-12-11 10:00:00,2025-12-11 11:30:00,1.6984591720734759,-0.030405087922210614,0.0022116027633262945
2025-12-11,57060,1,18035.0,17725.0,2025-12-11 12:30:00,2025-12-11 15:24:00,,,-0.0189382419373111
2025-12-12,57060,1,17955.0,17970.0,2025-12-12 10:04:00,2025-12-12 10:47:00,-1.506250771298104,-0.2963946825611971,-0.0007649268825784344
2025-12-12,57060,1,17900.0,17975.0,2025-12-12 11:05:00,2025-12-12 12:45:00,-1.6717395442426133,-0.06088768092995599,0.0025811907604011107
2025-12-12,57060,1,17920.0,17970.0,2025-12-12 13:01:00,2025-12-12 13:53:00,-2.131709009234886,-0.1249225459790414,0.0011862932486832913
2025-12-12,57060,-1,18015.0,18060.0,2025-12-12 14:10:00,2025-12-12 15:24:00,,,-0.004094803788782872
2025-12-15,57060,-1,17660.0,17595.0,2025-12-15 10:00:00,2025-12-15 10:03:00,1.9458475075038182,0.09585152675428177,0.0020874244022654606
2025-12-15,57060,-1,17630.0,17590.0,2025-12-15 10:27:00,2025-12-15 10:33:00,1.5361000280164183,-0.12781099935702842,0.0006714376603120184
2025-12-15,57060,-1,17620.0,17590.0,2025-12-15 10:45:00,2025-12-15 10:52:00,1.6583448595385302,-0.20539458374619027,0.00010406175856668984
2025-12-15,57060,1,17535.0,17340.0,2025-12-15 11:14:00,2025-12-15 15:24:00,,,-0.012782912239745642
2025-12-16,57060,1,16915.0,16975.0,2025-12-16 10:00:00,2025-12-16 10:18:00,-1.6260592935818026,-0.11729405257290013,0.0019408712120881327
2025-12-16,57060,1,16910.0,16715.0,2025-12-16 10:35:00,2025-12-16 15:18:00,-1.8528721645679544,0.16529387408719945,-0.013198643038426968
2025-12-16,57060,-1,16880.0,16810.0,2025-12-16 15:23:00,2025-12-16 15:24:00,,,0.002555541747286846
2025-12-17,57060,-1,16865.0,17185.0,2025-12-17 10:00:00,2025-12-17 15:24:00,,,-0.02039644178818357
2025-12-18,57060,-1,17330.0,17230.0,2025-12-18 10:00:00,2025-12-18 10:08:00,1.5626822697600264,0.23249604749179578,0.004187053187676411
2025-12-18,57060,-1,17320.0,17255.0,2025-12-18 10:38:00,2025-12-18 12:42:00,2.115318856998849,0.11233520179868839,0.002159946584322351
2025-12-18,57060,-1,17365.0,17265.0,2025-12-18 12:51:00,2025-12-18 13:46:00,2.022019026912587,-0.019186317013371982,0.00417535535408166
2025-12-18,57060,1,17230.0,17265.0,2025-12-18 14:18:00,2025-12-18 14:50:00,-2.9572740424138586,0.08332127799656416,0.0004292803021174031
2025-12-18,57060,1,17225.0,17285.0,2025-12-18 15:08:00,2025-12-18 15:24:00,,,0.0018772564738656395
2025-12-19,57060,1,16860.0,16955.0,2025-12-19 10:00:00,2025-12-19 10:46:00,-3.962033992711747,-0.2943682367163059,0.004018823003892437
2025-12-19,57060,1,16880.0,16960.0,2025-12-19 10:55:00,2025-12-19 11:17:00,-1.6955525014460942,-0.2557612960453512,0.003128141195945896
2025-12-19,57060,1,16905.0,16965.0,2025-12-19 12:31:00,2025-12-19 12:35:00,-1.8241992482724676,0.027011380705497003,0.0019429620763441286
2025-12-19,57060,-1,17025.0,17235.0,2025-12-19 13:02:00,2025-12-19 15:24:00,,,-0.01385934793325264
2025-12-22,57060,-1,18280.0,18350.0,2025-12-22 10:02:00,2025-12-22 14:59:00,1.7451437422919558,0.22335214328993375,-0.0054220084745752704
2025-12-22,57060,-1,18440.0,18405.0,2025-12-22 15:06:00,2025-12-22 15:24:00,,,0.0002998512974632843
2025-12-23,57060,1,17985.0,18090.0,2025-12-23 10:00:00,2025-12-23 10:20:00,-2.600938831739048,0.24297003544565995,0.004221222259616553
2025-12-23,57060,1,18020.0,18085.0,2025-12-23 10:25:00,2025-12-23 10:34:00,-2.12014366496512,0.10711513174180812,0.002000613223869455
2025-12-23,57060,-1,18135.0,18090.0,2025-12-23 10:49:00,2025-12-23 11:30:00,2.3257938876739392,-0.0883694333754042,0.0008844733276619449
2025-12-23,57060,-1,18175.0,18100.0,2025-12-23 12:30:00,2025-12-23 13:48:00,2.9418787408833253,-0.2346779241738685,0.0025350851478029906
2025-12-23,57060,1,18070.0,18110.0,2025-12-23 13:52:00,2025-12-23 15:05:00,-1.5237506737396054,0.14827263570119673,0.0006111672911848921
2025-12-24,57060,1,18175.0,18220.0,2025-12-24 10:14:00,2025-12-24 10:22:00,-1.7314656876802141,-0.03592092728109253,0.0008728684122292156
2025-12-24,57060,-1,18300.0,18225.0,2025-12-24 10:27:00,2025-12-24 10:49:00,2.737620388886915,-0.1360808541904883,0.0025067819526533594
2025-12-24,57060,-1,18265.0,18245.0,2025-12-24 10:52:00,2025-12-24 11:11:00,1.6048776276179715,0.1664857331408097,-0.0005044096411651018
2025-12-24,57060,-1,18295.0,18005.0,2025-12-24 11:26:00,2025-12-24 15:24:00,,,0.014378301370331525
2025-12-25,57060,1,18150.0,17865.0,2025-12-25 10:00:00,2025-12-25 15:24:00,,,-0.017427069235486637
2025-12-26,57060,-1,17705.0,17660.0,2025-12-26 10:00:00,2025-12-26 10:15:00,3.017020855292624,0.18162881901224318,0.0009448903880530481
2025-12-26,57060,-1,17700.0,17660.0,2025-12-26 10:19:00,2025-12-26 10:28:00,1.8049268752964314,0.14405034161240968,0.0006624444039695042
2025-12-26,57060,-1,17685.0,17660.0,2025-12-26 10:29:00,2025-12-26 10:45:00,1.9374848642895353,0.0428561236203069,-0.000185372518370057
2025-12-26,57060,1,17630.0,17555.0,2025-12-26 10:49:00,2025-12-26 12:42:00,-1.5510055478061617,-0.26001657055726396,-0.0058631867893833315
2025-12-26,57060,1,17480.0,17355.0,2025-12-26 13:00:00,2025-12-26 15:24:00,,,-0.008776720913639804
2025-12-29,57060,1,17715.0,17780.0,2025-12-29 10:02:00,2025-12-29 12:39:00,-2.1227447385221097,-0.27528603547369446,0.0020624917683232744
2025-12-29,57060,-1,17965.0,17870.0,2025-12-29 12:52:00,2025-12-29 14:42:00,1.6649298004831385,-0.25990515551759663,0.003702091394145397
2025-12-29,57060,1,17805.0,17730.0,2025-12-29 14:56:00,2025-12-29 15:24:00,,,-0.005821196643624531
2025-12-30,57060,-1,17660.0,17600.0,2025-12-30 10:00:00,2025-12-30 15:03:00,3.5707635517615057,0.20363068751606136,0.0018032931317078069
2026-01-05,57060,-1,18780.0,18600.0,2026-01-05 10:00:00,2026-01-05 12:40:00,5.973389044147319,0.2227856287149506,0.0080308930609613
2026-01-05,57060,-1,18655.0,18590.0,2026-01-05 13:00:00,2026-01-05 13:05:00,1.550244940356946,0.21668932437001068,0.0018904049397684907
2026-01-05,57060,-1,18645.0,18590.0,2026-01-05 13:15:00,2026-01-05 13:41:00,1.9091127331693951,0.13225172603215218,0.00135421189743152
2026-01-05,57060,-1,18675.0,18590.0,2026-01-05 14:01:00,2026-01-05 14:09:00,1.972372848951095,0.07933557179588892,0.0029619292855283226
2026-01-05,57060,-1,18630.0,18565.0,2026-01-05 14:13:00,2026-01-05 15:24:00,,,0.0018950969844537004
2026-01-06,57060,1,18620.0,18780.0,2026-01-06 10:00:00,2026-01-06 10:52:00,-4.739030672296632,0.21774511862269283,0.006956201931195743
2026-01-06,57060,1,18725.0,18780.0,2026-01-06 10:59:00,2026-01-06 11:03:00,-1.7239774928135192,0.22748920252619095,0.001332944376833709
2026-01-06,57060,-1,18845.0,19125.0,2026-01-06 11:06:00,2026-01-06 15:24:00,,,-0.01634875299350084
2026-01-07,57060,1,19905.0,19340.0,2026-01-07 10:00:00,2026-01-07 15:24:00,,,-0.030395466427132294
2026-01-08,57060,-1,20125.0,20075.0,2026-01-08 10:00:00,2026-01-08 12:42:00,9.404219617990957,0.061513865757806,0.0008875634718017464
2026-01-08,57060,-1,20320.0,20125.0,2026-01-08 12:57:00,2026-01-08 13:42:00,1.678928775341178,0.23702857252901088,0.008042799405654113
2026-01-08,57060,-1,20210.0,20100.0,2026-01-08 14:05:00,2026-01-08 14:31:00,3.581978019171979,-0.10219298258134991,0.0038577163504995206
2026-01-08,57060,-1,20180.0,20115.0,2026-01-08 14:38:00,2026-01-08 15:01:00,1.6955302104483592,0.1890902195244761,0.0016262095237114
2026-01-08,57060,-1,20220.0,20110.0,2026-01-08 15:07:00,2026-01-08 15:20:00,2.7240763525709153,-0.027551663819269104,0.003855009807764663
2026-01-08,57060,1,20040.0,20020.0,2026-01-08 15:23:00,2026-01-08 15:24:00,,,-0.002598502329589549
2026-01-09,57060,1,19660.0,19765.0,2026-01-09 10:00:00,2026-01-09 13:55:00,-4.669805472986687,0.009503644908100102,0.0037265820296283007
2026-01-09,57060,-1,19870.0,19775.0,2026-01-09 14:11:00,2026-01-09 14:51:00,1.8094918783139045,0.22502770948491155,0.003192542910007869
2026-01-09,57060,-1,19815.0,19885.0,2026-01-09 14:55:00,2026-01-09 15:24:00,,,-0.0051264520172555695
2026-01-13,57060,1,20860.0,20300.0,2026-01-13 10:05:00,2026-01-13 15:24:00,,,-0.0288125635248847
2026-01-14,57060,-1,20830.0,21445.0,2026-01-14 10:22:00,2026-01-14 15:24:00,,,-0.030697262695963165
2026-01-15,57060,1,21735.0,21865.0,2026-01-15 10:16:00,2026-01-15 10:42:00,-1.568499185120629,-0.022238505669001467,0.004363320424128522
2026-01-15,57060,-1,21910.0,21890.0,2026-01-15 10:49:00,2026-01-15 13:32:00,1.6926666698961912,-0.2717431033473851,-0.0006867579273963742
2026-01-15,57060,1,21610.0,21655.0,2026-01-15 13:39:00,2026-01-15 15:24:00,,,0.00048020414779548454
2026-01-16,57060,1,21775.0,21895.0,2026-01-16 10:08:00,2026-01-16 10:25:00,-1.6900871297537297,0.26312023056175887,0.0038957775147951236
2026-01-16,57060,-1,22090.0,22030.0,2026-01-16 10:39:00,2026-01-16 13:03:00,1.9426562468226294,0.18963736883812538,0.0011198566177740138
2026-01-16,57060,-1,22140.0,22165.0,2026-01-16 13:07:00,2026-01-16 15:24:00,,,-0.002728540916526137
2026-01-19,57060,1,22220.0,22305.0,2026-01-19 10:00:00,2026-01-19 10:56:00,-2.3701386169328464,-0.232196259180374,0.002218084368744255
2026-01-19,57060,-1,22490.0,22435.0,2026-01-19 11:20:00,2026-01-19 14:01:00,2.9387626495141634,0.20833080773470924,0.0008485265432776354
2026-01-19,57060,-1,22530.0,22940.0,2026-01-19 14:20:00,2026-01-19 15:24:00,,,-0.019634357257071567
2026-01-20,57060,1,21985.0,21960.0,2026-01-20 10:00:00,2026-01-20 13:36:00,-3.4642282707924843,-0.05838741996792159,-0.0027377859914435912
2026-01-20,57060,1,21840.0,21950.0,2026-01-20 13:54:00,2026-01-20 14:21:00,-1.7087879206540055,-0.24511576398383308,0.0034239886444760465
2026-01-20,57060,-1,22035.0,21960.0,2026-01-20 14:43:00,2026-01-20 15:08:00,1.701782158501133,-0.15640489558214268,0.0018094816526204331
2026-01-20,57060,-1,22025.0,22040.0,2026-01-20 15:13:00,2026-01-20 15:24:00,,,-0.002280812462470638
2026-01-21,57060,-1,21960.0,22010.0,2026-01-21 10:00:00,2026-01-21 13:59:00,2.409814325722465,0.19029993834673273,-0.0038742788970404377
2026-01-21,57060,-1,22060.0,22030.0,2026-01-21 14:00:00,2026-01-21 15:24:00,,,-0.00023914698889532108
2026-01-22,57060,1,21900.0,21830.0,2026-01-22 10:00:00,2026-01-22 15:24:00,,,-0.004801466260602615
2026-01-23,57060,-1,22015.0,21920.0,2026-01-23 10:09:00,2026-01-23 10:23:00,1.9581772431418387,-0.267506695264084,0.0027245771279023126
2026-01-23,57060,-1,22000.0,21945.0,2026-01-23 10:28:00,2026-01-23 10:29:00,1.522826847258438,0.2599597977836428,0.0009031302181184769
2026-01-23,57060,-1,22010.0,21945.0,2026-01-23 10:37:00,2026-01-23 10:44:00,1.7983994330200268,0.14868497360281022,0.0013575723981729575
2026-01-23,57060,-1,22030.0,21945.0,2026-01-23 10:47:00,2026-01-23 10:58:00,2.1794428910582946,0.09649275839054673,0.0022658376740544864
2026-01-23,57060,-1,22010.0,21950.0,2026-01-23 11:02:00,2026-01-23 11:10:00,1.8521937902664123,0.21579295614036356,0.0011297560171899858
2026-01-23,57060,1,21860.0,21930.0,2026-01-23 11:23:00,2026-01-23 11:28:00,-1.9738203169048145,-0.27205926281711557,0.0015970796814044166
2026-01-23,57060,1,21880.0,21925.0,2026-01-23 12:32:00,2026-01-23 12:47:00,-1.5637262380101176,-0.20495197580926522,0.0004545607044661997
2026-01-23,57060,1,21850.0,21885.0,2026-01-23 12:56:00,2026-01-23 14:36:00,-1.9093883540193846,0.031031686988086303,5.491012595750227e-07
2026-01-23,57060,1,21795.0,21735.0,2026-01-23 14:56:00,2026-01-23 15:24:00,,,-0.004356721249600531
2026-01-26,57060,-1,22150.0,22115.0,2026-01-26 10:00:00,2026-01-26 10:47:00,2.972911170210465,-0.21788599034052622,-1.861482914548287e-05
2026-01-26,57060,1,22060.0,21720.0,2026-01-26 11:25:00,2026-01-26 15:24:00,,,-0.01713251875962172
2026-01-27,57060,1,21520.0,21660.0,2026-01-27 10:09:00,2026-01-27 10:16:00,-1.7052434093670987,0.2536746776984616,0.004884506279260935
2026-01-27,57060,-1,21720.0,21655.0,2026-01-27 10:48:00,2026-01-27 11:00:00,1.9324554792226831,-0.047627200676823245,0.0013971203991446468
2026-01-27,57060,-1,21775.0,21755.0,2026-01-27 11:04:00,2026-01-27 13:04:00,2.4598538282643014,0.2887680848773369,-0.0006810934340769116
2026-01-27,57060,-1,21800.0,21735.0,2026-01-27 13:41:00,2026-01-27 14:07:00,1.712915821606045,-0.22728895523110143,0.0013861053542879541
2026-01-27,57060,-1,21840.0,21765.0,2026-01-27 14:14:00,2026-01-27 14:50:00,2.156807087674871,0.19921034862213843,0.00183997587244342
2026-01-27,57060,-1,21820.0,21870.0,2026-01-27 14:54:00,2026-01-27 15:24:00,,,-0.003888854283751613
2026-01-28,57060,1,21755.0,21590.0,2026-01-28 10:00:00,2026-01-28 15:24:00,,,-0.009213371645927481
2026-01-29,57060,-1,21705.0,21495.0,2026-01-29 10:00:00,2026-01-29 12:46:00,2.128223803842589,0.056685950211883836,0.008122298803311974
2026-01-29,57060,-1,21540.0,21685.0,2026-01-29 13:13:00,2026-01-29 15:24:00,,,-0.008309105559087026
2026-01-30,57060,-1,21305.0,21175.0,2026-01-30 10:00:00,2026-01-30 10:28:00,2.814422262164149,0.23434674012853068,0.004520546413757317
2026-01-30,57060,1,21100.0,20495.0,2026-01-30 10:40:00,2026-01-30 15:24:00,,,-0.03069208652571992
2026-02-02,57060,-1,21005.0,20665.0,2026-02-02 10:00:00,2026-02-02 11:29:00,6.726207878190609,0.19239909136648847,0.014719056657649748
2026-02-02,57060,1,20415.0,19725.0,2026-02-02 12:32:00,2026-02-02 15:24:00,,,-0.0359830580396011
2026-02-03,57060,-1,20850.0,20765.0,2026-02-03 10:12:00,2026-02-03 10:43:00,1.8447489808394577,0.2336951661999319,0.002485071162093613
2026-02-03,57060,1,20595.0,20730.0,2026-02-03 10:51:00,2026-02-03 10:58:00,-1.6048627217166052,-0.18332254585545324,0.0049335985596442285
2026-02-03,57060,1,20620.0,20630.0,2026-02-03 11:06:00,2026-02-03 14:26:00,-2.2694887483226593,-0.24853266894839213,-0.0011151515056534997
2026-02-03,57060,1,20600.0,20640.0,2026-02-03 14:27:00,2026-02-03 14:42:00,-1.6106589322503486,0.13407529269429752,0.000339864817826676
2026-02-03,57060,-1,20710.0,20900.0,2026-02-03 14:47:00,2026-02-03 15:24:00,,,-0.010732483563272473
2026-02-04,57060,-1,21715.0,21940.0,2026-02-04 10:00:00,2026-02-04 15:24:00,,,-0.011908188860299061
2026-02-05,57060,1,21915.0,21985.0,2026-02-05 10:07:00,2026-02-05 10:09:00,-1.6216672020651672,-0.015908132580027427,0.0015890687620010544
2026-02-05,57060,1,21900.0,21140.0,2026-02-05 10:16:00,2026-02-05 15:24:00,,,-0.036919656380363604
2026-02-06,57060,-1,20835.0,20900.0,2026-02-06 10:11:00,2026-02-06 13:52:00,2.0755069801789805,-0.1499838236692486,-0.004714894096348621
2026-02-06,57060,1,20820.0,20900.0,2026-02-06 14:25:00,2026-02-06 14:54:00,-2.7332834060899454,-0.11398452988496063,0.0022350957839424885
2026-02-06,57060,1,20870.0,20895.0,2026-02-06 14:56:00,2026-02-06 15:22:00,-1.8426576765971887,-0.10146209619514776,-0.0004028251892307683
2026-02-06,57060,1,20855.0,20855.0,2026-02-06 15:24:00,2026-02-06 15:24:00,,,-0.0016
2026-02-09,57060,-1,22765.0,22630.0,2026-02-09 10:00:00,2026-02-09 12:41:00,1.8007246174935925,-0.18242927803801406,0.004347809141299349
2026-02-09,57060,-1,22770.0,22670.0,2026-02-09 13:01:00,2026-02-09 14:27:00,1.8100103903894635,-0.2079834141098093,0.0028014155562106225
2026-02-09,57060,-1,22850.0,22685.0,2026-02-09 14:30:00,2026-02-09 15:02:00,3.315923777954838,-0.10428590209106575,0.005647204224286441
2026-02-09,57060,-1,22830.0,22675.0,2026-02-09 15:08:00,2026-02-09 15:19:00,1.6507101249300724,-0.24062094617775445,0.005212464540503888
2026-02-10,57060,-1,23705.0,23495.0,2026-02-10 10:00:00,2026-02-10 10:32:00,2.6843512960957447,0.10385478135600176,0.007298363799302566
2026-02-10,57060,1,23315.0,23465.0,2026-02-10 10:46:00,2026-02-10 10:59:00,-1.5112189447954518,-0.25064390210475745,0.0048130189860968045
2026-02-10,57060,-1,23575.0,23490.0,2026-02-10 11:17:00,2026-02-10 12:30:00,1.7572112495044574,0.04059326776817417,0.0020120298486997895
2026-02-10,57060,1,23410.0,23485.0,2026-02-10 12:56:00,2026-02-10 14:54:00,-1.7843370270468124,0.26119419181804876,0.001598637976138929
2026-02-10,57060,-1,23510.0,23445.0,2026-02-10 15:13:00,2026-02-10 15:24:00,,,0.0011686100104284995
2026-02-12,57060,-1,26075.0,25805.0,2026-02-12 10:00:00,2026-02-12 10:49:00,1.898273688708372,-0.2704868241453496,0.008808729286145628
2026-02-12,57060,-1,25995.0,25800.0,2026-02-12 10:58:00,2026-02-12 12:43:00,1.6196027198913439,-0.22258200087086122,0.005929719908107371
2026-02-12,57060,-1,25925.0,25850.0,2026-02-12 13:13:00,2026-02-12 14:29:00,2.669075570612361,0.007286343720553884,0.0012971531611528982
2026-02-12,57060,1,25795.0,25850.0,2026-02-12 14:47:00,2026-02-12 14:49:00,-1.6745875026384769,0.027118964668415794,0.0005299262578248489
2026-02-12,57060,-1,25895.0,25845.0,2026-02-12 14:51:00,2026-02-12 14:54:00,1.5133158804771163,-0.1534808906230577,0.00033274122785216043
2026-02-12,57060,-1,25900.0,25900.0,2026-02-12 14:57:00,2026-02-12 15:24:00,,,-0.0016
2026-02-13,57060,1,25750.0,25920.0,2026-02-13 10:00:00,2026-02-13 10:05:00,-1.7606110314243524,-0.03278654714442291,0.004980244374328869
2026-02-13,57060,-1,26370.0,26225.0,2026-02-13 10:23:00,2026-02-13 14:29:00,1.6477029686030775,-0.1267175448623176,0.0039138460828344315
2026-02-13,57060,1,26110.0,26235.0,2026-02-13 14:53:00,2026-02-13 15:05:00,-1.9998032916467523,0.07442054661188996,0.0031760144276375612
2026-02-13,57060,-1,26325.0,26450.0,2026-02-13 15:07:00,2026-02-13 15:24:00,,,-0.006337100284269296
2026-02-16,57060,1,28530.0,28815.0,2026-02-16 10:15:00,2026-02-16 11:21:00,-1.6610745453964852,-0.04198869752300376,0.008339919663220972
2026-02-16,57060,1,28465.0,28765.0,2026-02-16 12:33:00,2026-02-16 12:35:00,-1.6661289744075447,-0.28529823873761134,0.00888410791221154
2026-02-16,57060,1,28590.0,28325.0,2026-02-16 12:40:00,2026-02-16 15:24:00,,,-0.010912199420150419
2026-02-17,57060,-1,28125.0,27945.0,2026-02-17 10:11:00,2026-02-17 10:25:00,1.5667176314293536,0.20208724983679766,0.004820567802922695
2026-02-17,57060,1,27750.0,27775.0,2026-02-17 10:49:00,2026-02-17 13:27:00,-1.8434712890001643,-0.21669028885612135,-0.0006995046667498342
2026-02-17,57060,1,27645.0,27615.0,2026-02-17 13:42:00,2026-02-17 15:24:00,,,-0.0026857764367454397
2026-02-18,57060,-1,28760.0,28545.0,2026-02-18 10:00:00,2026-02-18 11:08:00,2.3711955030503526,0.06114922442982579,0.005903743436623414
2026-02-18,57060,-1,28695.0,28340.0,2026-02-18 11:13:00,2026-02-18 14:00:00,2.8311467047231407,0.008672940663945224,0.010848657297791523
2026-02-18,57060,1,28135.0,28305.0,2026-02-18 14:12:00,2026-02-18 15:19:00,-1.5730882643869875,-0.2793862687360785,0.004424114603380876
2026-02-18,57060,-1,28480.0,28500.0,2026-02-18 15:23:00,2026-02-18 15:24:00,,,-0.002302000730829785
2026-02-19,57060,1,29370.0,29395.0,2026-02-19 10:08:00,2026-02-19 13:34:00,-2.618695087153139,-0.10052365337725176,-0.0007491533563104737
2026-02-19,57060,-1,29470.0,29400.0,2026-02-19 13:43:00,2026-02-19 13:50:00,1.6496021535088787,0.008261498263600264,0.0007781224049674357
2026-02-19,57060,-1,29490.0,29640.0,2026-02-19 14:04:00,2026-02-19 15:24:00,,,-0.006673577600701183
2026-02-20,57060,-1,31470.0,30890.0,2026-02-20 10:00:00,2026-02-20 10:31:00,2.402030076352355,-0.16839378210606584,0.017002204145825126
2026-02-20,57060,1,30740.0,30890.0,2026-02-20 10:53:00,2026-02-20 11:21:00,-1.672749848248674,-0.09648598688170013,0.00326776882004053
2026-02-20,57060,1,30740.0,30910.0,2026-02-20 11:26:00,2026-02-20 11:28:00,-1.8400028545169682,0.15781986047186317,0.0039150180335751185
2026-02-20,57060,-1,31120.0,30920.0,2026-02-20 12:30:00,2026-02-20 12:39:00,2.4512387517390275,0.11860855947337424,0.004847475590969649
2026-02-20,57060,-1,31000.0,31180.0,2026-02-20 13:06:00,2026-02-20 15:24:00,,,-0.007389659144484263
2026-02-24,57060,-1,32280.0,32050.0,2026-02-24 10:00:00,2026-02-24 10:06:00,2.20713288767285,0.05176598749164554,0.00555066003506896
2026-02-24,57060,-1,32210.0,32060.0,2026-02-24 10:10:00,2026-02-24 10:23:00,1.7322275304830652,0.08558003437713865,0.003067816161700508
2026-02-24,57060,-1,32300.0,33130.0,2026-02-24 10:26:00,2026-02-24 15:24:00,,,-0.02697198608319354
2026-02-25,57060,-1,33260.0,35590.0,2026-02-25 10:17:00,2026-02-25 15:24:00,,,-0.06930922575731979
2026-02-26,57060,1,35910.0,36680.0,2026-02-26 10:00:00,2026-02-26 10:09:00,-2.77125153914889,0.19654970859028212,0.01961583915027257
2026-02-26,57060,-1,37350.0,37000.0,2026-02-26 10:13:00,2026-02-26 12:33:00,1.6565051463225133,-0.27597610794404,0.007814998934601873
2026-02-26,57060,-1,37330.0,37070.0,2026-02-26 13:05:00,2026-02-26 13:37:00,1.6393617405424639,-0.022038963205660032,0.005389275763851627
2026-02-26,57060,1,36870.0,36310.0,2026-02-26 13:52:00,2026-02-26 15:24:00,,,-0.01690502681980869
2026-02-27,57060,-1,36440.0,36160.0,2026-02-27 10:01:00,2026-02-27 10:10:00,1.5994177485692596,-0.04619981275252729,0.006113536867781835
2026-02-27,57060,-1,36430.0,36900.0,2026-02-27 10:16:00,2026-02-27 15:24:00,,,-0.014418940026009044
2026-03-02,57060,-1,37820.0,37400.0,2026-03-02 10:00:00,2026-03-02 10:37:00,4.699618210889271,0.27565388551367337,0.00956735880982522
2026-03-02,57060,-1,37690.0,38610.0,2026-03-02 10:40:00,2026-03-02 15:24:00,,,-0.025716502997100984
2026-03-03,57060,1,38760.0,38940.0,2026-03-03 10:31:00,2026-03-03 10:36:00,-1.7622438310123092,-0.048958997949340534,0.0030332129214881987
2026-03-03,57060,1,38850.0,35930.0,2026-03-03 10:42:00,2026-03-03 15:24:00,,,-0.07973547568822903
2026-03-04,57060,1,33410.0,33390.0,2026-03-04 10:01:00,2026-03-04 13:13:00,-1.6667251364846865,-0.2717542775265181,-0.00219880241310201
2026-03-04,57060,1,32880.0,32830.0,2026-03-04 13:27:00,2026-03-04 15:24:00,,,-0.0031218386744778217
2026-03-05,57060,1,35190.0,34650.0,2026-03-05 10:17:00,2026-03-05 14:07:00,-1.6260544386970774,0.008675796584124767,-0.01706422569758159
2026-03-05,57060,1,34470.0,34640.0,2026-03-05 14:17:00,2026-03-05 14:24:00,-1.7785067060683726,-0.039544174128422926,0.003319703165460439
2026-03-05,57060,1,34530.0,34160.0,2026-03-05 14:54:00,2026-03-05 15:24:00,,,-0.012373142481531875
2026-03-06,57060,1,32620.0,32640.0,2026-03-06 10:00:00,2026-03-06 11:13:00,-3.7320660982606766,-0.24938784824256824,-0.000987067096961571
2026-03-06,57060,1,32400.0,32700.0,2026-03-06 12:35:00,2026-03-06 12:48:00,-1.5665065461146874,0.10310220009918145,0.007616655104924048
2026-03-06,57060,1,32500.0,32640.0,2026-03-06 13:10:00,2026-03-06 14:09:00,-2.816036842006255,-0.2540862558877151,0.002698440760214497
2026-03-06,57060,-1,32760.0,32630.0,2026-03-06 14:32:00,2026-03-06 14:51:00,2.176267798321354,-0.2789896455911109,0.0023761483796394065
2026-03-06,57060,-1,32810.0,32960.0,2026-03-06 15:06:00,2026-03-06 15:24:00,,,-0.006161358068260766
2026-03-09,57060,1,28310.0,28870.0,2026-03-09 10:00:00,2026-03-09 14:35:00,-3.3721302488644445,-0.062184735417487175,0.01798789455103558
2026-03-09,57060,-1,29170.0,29525.0,2026-03-09 14:49:00,2026-03-09 15:24:00,,,-0.013696578203795993
2026-03-10,57060,-1,31580.0,30920.0,2026-03-10 10:00:00,2026-03-10 15:24:00,,,0.019520785108274805
2026-03-11,57060,-1,32550.0,32470.0,2026-03-11 10:00:00,2026-03-11 10:36:00,3.764477884351451,0.2281214605442545,0.0008607825398237125
2026-03-11,57060,-1,32650.0,32760.0,2026-03-11 10:50:00,2026-03-11 14:42:00,1.7679446310992497,-0.2869833168435986,-0.004963403262428646
2026-03-11,57060,1,32500.0,32410.0,2026-03-11 14:51:00,2026-03-11 15:24:00,,,-0.004373072182235767
2026-03-12,57060,-1,32090.0,31790.0,2026-03-12 10:00:00,2026-03-12 10:53:00,4.3740583757927975,-0.16459272271569636,0.007792680199054149
2026-03-12,57060,1,31560.0,31360.0,2026-03-12 11:22:00,2026-03-12 15:24:00,,,-0.007957300495466411
2026-03-13,57060,-1,31760.0,31560.0,2026-03-13 10:00:00,2026-03-13 11:17:00,3.8630315295884867,-0.10568478972151885,0.004717140401261455
2026-03-13,57060,-1,31810.0,31590.0,2026-03-13 12:31:00,2026-03-13 13:12:00,1.775100076398112,-0.05168728586745255,0.005340090947058931
2026-03-13,57060,-1,31650.0,31600.0,2026-03-13 13:39:00,2026-03-13 13:41:00,2.089593783101653,0.2196195266639425,-1.8972002681182012e-05
2026-03-13,57060,-1,31630.0,31600.0,2026-03-13 13:43:00,2026-03-13 13:58:00,1.562191756724025,0.06378459291134796,-0.0006510832753089126
2026-03-13,57060,-1,31690.0,31590.0,2026-03-13 14:01:00,2026-03-13 14:17:00,1.8429481177697453,-0.17356743250485782,0.0015605588888355766
2026-03-13,57060,-1,31710.0,31620.0,2026-03-13 14:33:00,2026-03-13 14:55:00,1.6216329830956973,0.2416626775915247,0.0012422567689300285
2026-03-13,57060,-1,31680.0,31610.0,2026-03-13 14:58:00,2026-03-13 15:01:00,1.5125079733595652,0.040526664650167896,0.0006120407186986979
2026-03-13,57060,-1,31700.0,31610.0,2026-03-13 15:11:00,2026-03-13 15:17:00,1.7421984474205092,0.027025141181053525,0.0012431546557085304
2026-03-13,57060,-1,31680.0,31710.0,2026-03-13 15:23:00,2026-03-13 15:24:00,,,-0.002546521604030878
2026-03-16,57060,-1,32330.0,31910.0,2026-03-16 10:00:00,2026-03-16 10:22:00,2.1653160147469213,0.10125328891259178,0.011476151447189567
2026-03-16,57060,1,31550.0,31480.0,2026-03-16 10:30:00,2026-03-16 15:11:00,-1.5795513314929968,0.03319889315255204,-0.0038211654380196896
2026-03-16,57060,-1,31660.0,31620.0,2026-03-16 15:12:00,2026-03-16 15:24:00,,,-0.00033577732845992093
2026-03-17,57060,1,31450.0,30150.0,2026-03-17 10:00:00,2026-03-17 15:24:00,,,-0.043814059973255055
2026-03-18,57060,1,31000.0,31170.0,2026-03-18 10:21:00,2026-03-18 10:50:00,-1.6043838861743853,0.2703490549388488,0.0038688892940993685
2026-03-18,57060,-1,31330.0,32470.0,2026-03-18 10:59:00,2026-03-18 15:24:00,,,-0.03734048115065431
2026-03-19,57060,1,30680.0,30940.0,2026-03-19 10:00:00,2026-03-19 10:18:00,-2.328537624484833,0.21037799412216235,0.006838868645864604
2026-03-19,57060,-1,31180.0,31290.0,2026-03-19 10:36:00,2026-03-19 14:56:00,1.855513976284846,0.263766095640889,-0.005121694051160225
2026-03-19,57060,-1,31430.0,31290.0,2026-03-19 15:01:00,2026-03-19 15:11:00,2.3320097593574403,0.26922298343565876,0.002864293128685493
2026-03-19,57060,-1,31380.0,31400.0,2026-03-19 15:12:00,2026-03-19 15:24:00,,,-0.0022371456093211437
2026-03-23,57060,1,28020.0,28350.0,2026-03-23 10:00:00,2026-03-23 10:12:00,-5.7613335926456175,0.1243995698950742,0.01010848926490022
2026-03-23,57060,-1,28535.0,29205.0,2026-03-23 10:35:00,2026-03-23 15:24:00,,,-0.024808523503601236
2026-03-24,57060,1,30090.0,29800.0,2026-03-24 10:00:00,2026-03-24 13:00:00,-2.5584744793809553,-0.24201344432953245,-0.01128449713059511
2026-03-24,57060,1,29705.0,29830.0,2026-03-24 13:26:00,2026-03-24 13:52:00,-1.8537817215979644,-0.2792655964756114,0.0025992167189523288
2026-03-24,57060,1,29650.0,29850.0,2026-03-24 14:01:00,2026-03-24 14:21:00,-2.388246883191361,0.05301400927628536,0.005122714394876738
2026-03-24,57060,1,29670.0,29835.0,2026-03-24 14:28:00,2026-03-24 14:40:00,-1.844513278168864,-0.10590211537914469,0.003945766671314795
2026-03-24,57060,-1,30040.0,30030.0,2026-03-24 14:46:00,2026-03-24 15:24:00,,,-0.0012670550993048905
2026-03-25,57060,1,32120.0,31820.0,2026-03-25 10:00:00,2026-03-25 15:24:00,,,-0.010983866168920152
2026-03-26,57060,1,31860.0,31980.0,2026-03-26 10:04:00,2026-03-26 10:07:00,-1.5142549636541158,0.07197709776573816,0.0021594029239057457
2026-03-26,57060,1,31850.0,30730.0,2026-03-26 10:08:00,2026-03-26 15:24:00,,,-0.03739800587577905
2026-03-27,57060,-1,29905.0,29885.0,2026-03-27 10:28:00,2026-03-27 10:51:00,1.6567711170559631,0.23923922330393088,-0.0009309917796971935
2026-03-27,57060,-1,30130.0,31410.0,2026-03-27 11:00:00,2026-03-27 15:24:00,,,-0.04320496040834524
2026-03-30,57060,-1,29650.0,29500.0,2026-03-30 10:00:00,2026-03-30 10:04:00,2.2383988759115137,0.1993381018891148,0.0034718620979603404
2026-03-30,57060,-1,29550.0,29430.0,2026-03-30 10:37:00,2026-03-30 12:31:00,1.5031655135811053,0.008629172482704048,0.0024691816067257434
2026-03-30,57060,1,29300.0,29420.0,2026-03-30 12:59:00,2026-03-30 13:33:00,-1.7123157752653648,0.17969877604434178,0.0024871991502698537
2026-03-30,57060,1,29320.0,29425.0,2026-03-30 13:45:00,2026-03-30 14:13:00,-1.6305132290079685,0.26623919387600975,0.0019747761278897397
2026-03-30,57060,-1,29535.0,29405.0,2026-03-30 14:21:00,2026-03-30 14:40:00,1.8352009114465915,-0.05755933805072692,0.0028112728472792234
2026-03-30,57060,-1,29465.0,29400.0,2026-03-30 15:02:00,2026-03-30 15:03:00,1.6021563198212105,-0.2712974860620755,0.0006084439452407428
2026-03-30,57060,-1,29455.0,29410.0,2026-03-30 15:07:00,2026-03-30 15:11:00,1.8797102263987988,0.026450121002335476,-7.10775922530462e-05
2026-03-30,57060,1,29370.0,29360.0,2026-03-30 15:21:00,2026-03-30 15:24:00,,,-0.0019405414642138848
2026-03-31,57060,-1,28040.0,27865.0,2026-03-31 10:03:00,2026-03-31 10:06:00,1.631261809688885,0.24439864355005786,0.004660641144889635
2026-03-31,57060,-1,28080.0,28085.0,2026-03-31 10:15:00,2026-03-31 12:42:00,1.9194701652887367,0.0508993886347228,-0.0017780468267857446
2026-03-31,57060,1,27935.0,28055.0,2026-03-31 13:07:00,2026-03-31 13:34:00,-1.7286547501167449,-0.240639959314659,0.002686486291823259
2026-03-31,57060,1,27945.0,28070.0,2026-03-31 13:49:00,2026-03-31 13:58:00,-1.8049648206998752,0.054263965540424314,0.002863097652129599
2026-03-31,57060,-1,28190.0,28065.0,2026-03-31 14:02:00,2026-03-31 14:13:00,2.2852983284733877,-0.05369765660098489,0.002844056731858521
2026-03-31,57060,-1,28205.0,28075.0,2026-03-31 14:19:00,2026-03-31 15:17:00,1.6973397230936182,-0.20913891193197667,0.003019766567432516
2026-03-31,57060,-1,28215.0,28210.0,2026-03-31 15:21:00,2026-03-31 15:24:00,,,-0.0014227735928015132
2026-04-01,57060,1,29825.0,30670.0,2026-04-01 10:06:00,2026-04-01 15:24:00,,,0.026338010142180353
2026-04-02,57060,1,30690.0,31130.0,2026-04-02 10:06:00,2026-04-02 10:10:00,-2.018057529371884,-0.246885148932088,0.01263511582187191
2026-04-02,57060,1,30710.0,29660.0,2026-04-02 10:12:00,2026-04-02 15:24:00,,,-0.036388997742944906
2026-04-03,57060,1,30910.0,31240.0,2026-04-03 10:12:00,2026-04-03 10:29:00,-2.4112058604286917,0.03888502737199291,0.00901956882746035
2026-04-03,57060,-1,31460.0,31270.0,2026-04-03 10:44:00,2026-04-03 11:05:00,1.5328597603464844,0.2592895527892914,0.004457726160381871
2026-04-03,57060,-1,31380.0,31260.0,2026-04-03 11:12:00,2026-04-03 12:40:00,1.8678544941497661,-0.28907198845645754,0.002231422311555949
2026-04-03,57060,-1,31400.0,31310.0,2026-04-03 13:06:00,2026-04-03 13:41:00,1.9057690873906996,0.2019006706735751,0.0012703575758934089
2026-04-03,57060,-1,31410.0,31290.0,2026-04-03 14:05:00,2026-04-03 14:17:00,2.4572932984366567,-0.14633245444686313,0.002227755869764438
2026-04-03,57060,-1,31360.0,31560.0,2026-04-03 14:30:00,2026-04-03 15:24:00,,,-0.007957300495466498
2026-04-06,57060,-1,32300.0,32000.0,2026-04-06 10:00:00,2026-04-06 10:39:00,2.04718359676193,0.270397974706491,0.007731327428884305
2026-04-06,57060,1,31730.0,31890.0,2026-04-06 10:58:00,2026-04-06 11:12:00,-1.9147697021830663,-0.22262218627371824,0.0034298754268619874
2026-04-06,57060,1,31670.0,31910.0,2026-04-06 12:30:00,2026-04-06 12:33:00,-1.5448098054480008,-0.06751230550257355,0.005949579739603697
2026-04-06,57060,-1,31990.0,31980.0,2026-04-06 13:01:00,2026-04-06 15:05:00,1.6154989795571333,0.28538510777423176,-0.0012873534443814936
2026-04-06,57060,-1,32040.0,31960.0,2026-04-06 15:08:00,2026-04-06 15:19:00,1.6873846661566536,-0.16156183008064517,0.0009000013020845599
2026-04-07,57060,1,31160.0,31330.0,2026-04-07 10:00:00,2026-04-07 10:27:00,-2.367918690882249,-0.23943877107072606,0.003840883961552761
2026-04-07,57060,1,31180.0,31240.0,2026-04-07 10:30:00,2026-04-07 13:38:00,-1.7640853195613868,-0.04246965865105112,0.00032246134185468954
2026-04-07,57060,-1,31390.0,31640.0,2026-04-07 14:00:00,2026-04-07 15:24:00,,,-0.009532772045591003
2026-04-08,57060,-1,34570.0,34980.0,2026-04-08 10:00:00,2026-04-08 15:24:00,,,-0.013390215656922782
2026-04-09,57060,1,33870.0,34100.0,2026-04-09 10:00:00,2026-04-09 10:10:00,-2.819977735266597,0.17732371630841662,0.005167717459790712
2026-04-09,57060,1,33940.0,34060.0,2026-04-09 10:16:00,2026-04-09 10:20:00,-1.63487918155806,-0.23295161187580593,0.0019294154284620571
2026-04-09,57060,1,33930.0,34050.0,2026-04-09 10:29:00,2026-04-09 10:33:00,-1.6290199864488968,-0.2875624364248696,0.0019304537993826588
2026-04-09,57060,-1,34220.0,34650.0,2026-04-09 10:46:00,2026-04-09 15:24:00,,,-0.014087457171864801
2026-04-10,57060,-1,35810.0,35610.0,2026-04-10 10:00:00,2026-04-10 11:18:00,3.7813280733515775,-0.12521377876791212,0.0040006867206550025
2026-04-10,57060,-1,36290.0,37100.0,2026-04-10 12:30:00,2026-04-10 15:24:00,,,-0.0236747483884105
2026-04-13,57060,1,36120.0,36130.0,2026-04-13 10:00:00,2026-04-13 13:40:00,-2.938490180939802,0.02952159877791039,-0.0013231833892358776
2026-04-13,57060,-1,36300.0,36590.0,2026-04-13 13:51:00,2026-04-13 15:24:00,,,-0.009557237760310328
2026-04-14,57060,1,38200.0,38310.0,2026-04-14 10:03:00,2026-04-14 12:48:00,-1.8515437683717575,-0.02722918730717112,0.0012754431000281663
2026-04-14,57060,-1,38490.0,38280.0,2026-04-14 13:15:00,2026-04-14 13:47:00,1.639852620961109,-0.2909623775158563,0.0038709007109012285
2026-04-14,57060,1,38230.0,38310.0,2026-04-14 14:19:00,2026-04-14 14:21:00,-1.6662205954211744,-0.18057124525128349,0.0004904110042362492
2026-04-14,57060,-1,38380.0,38310.0,2026-04-14 14:44:00,2026-04-14 14:49:00,1.8580787584822485,-0.2766560760394199,0.00022553186699623344
2026-04-14,57060,1,38260.0,38310.0,2026-04-14 14:52:00,2026-04-14 14:57:00,-1.8158051738169838,-0.2384513191320016,-0.00029400529954927293
2026-04-14,57060,1,38260.0,38320.0,2026-04-14 14:59:00,2026-04-14 15:08:00,-1.6739313030596088,0.07058839770813517,-3.3010909446973226e-05
2026-04-14,57060,1,38280.0,38310.0,2026-04-14 15:19:00,2026-04-14 15:20:00,-1.567981862397148,-0.28907178618778434,-0.0008166078721959227
2026-04-14,57060,1,38240.0,38240.0,2026-04-14 15:24:00,2026-04-14 15:24:00,,,-0.0016
2026-04-15,57060,1,38050.0,35740.0,2026-04-15 10:00:00,2026-04-15 15:24:00,,,-0.06423057457641289
2026-04-16,57060,-1,36940.0,37930.0,2026-04-16 10:00:00,2026-04-16 15:24:00,,,-0.02804738092971367
2026-04-17,57060,1,37040.0,36570.0,2026-04-17 10:01:00,2026-04-17 15:24:00,,,-0.014370177616688792
2026-04-20,57060,-1,36460.0,36220.0,2026-04-20 10:00:00,2026-04-20 10:37:00,2.6464443145643313,0.08410553914809116,0.005004316795249683
2026-04-20,57060,-1,36330.0,36230.0,2026-04-20 10:41:00,2026-04-20 10:44:00,2.281431010443432,0.23187248780740882,0.0011563413261247524
2026-04-20,57060,-1,36310.0,36220.0,2026-04-20 10:50:00,2026-04-20 10:54:00,1.8379569439074697,0.02869291951766118,0.0008817329709770751
2026-04-20,57060,-1,36300.0,36220.0,2026-04-20 11:04:00,2026-04-20 11:11:00,2.1429161048768477,-0.039076675381499025,0.0006062888155378167
2026-04-20,57060,-1,36400.0,36230.0,2026-04-20 12:30:00,2026-04-20 13:07:00,3.1659454886645273,-0.2046702378976284,0.0030812697357090954
2026-04-20,57060,1,36120.0,35480.0,2026-04-20 13:23:00,2026-04-20 15:24:00,,,-0.0194775711074059
2026-04-21,57060,-1,36400.0,37400.0,2026-04-21 10:00:00,2026-04-21 15:24:00,,,-0.02870192977779118
2026-04-22,57060,-1,37050.0,36730.0,2026-04-22 10:00:00,2026-04-22 10:06:00,1.5918350371727852,-0.057268768454949784,0.007074491910519944
2026-04-22,57060,-1,37030.0,38390.0,2026-04-22 10:18:00,2026-04-22 15:24:00,,,-0.03766861408718502
2026-04-23,57060,1,37970.0,37090.0,2026-04-23 10:00:00,2026-04-23 15:24:00,,,-0.025048982742211495
2026-04-24,57060,1,38080.0,38220.0,2026-04-24 10:02:00,2026-04-24 10:15:00,-1.650845404780325,-0.21067306377331801,0.002069728888962402
2026-04-24,57060,1,38030.0,38210.0,2026-04-24 10:20:00,2026-04-24 10:26:00,-1.988870493199955,-0.23342401863973833,0.0031219395186402954
2026-04-24,57060,1,38050.0,38210.0,2026-04-24 10:36:00,2026-04-24 10:59:00,-2.4205680751081102,-0.17633014411321288,0.0025961771511136857
2026-04-24,57060,-1,38470.0,38450.0,2026-04-24 11:11:00,2026-04-24 12:30:00,2.4039188047146025,0.27816794668091793,-0.0010799791874492159
2026-04-24,57060,-1,38570.0,38700.0,2026-04-24 12:50:00,2026-04-24 15:24:00,,,-0.0049648278155996995
2026-04-27,57060,-1,38780.0,39440.0,2026-04-27 10:00:00,2026-04-27 15:24:00,,,-0.01847587991992888
2026-04-28,57060,-1,40850.0,41280.0,2026-04-28 10:00:00,2026-04-28 15:24:00,,,-0.012071299867295437
2026-04-30,57060,-1,41880.0,42360.0,2026-04-30 10:01:00,2026-04-30 15:24:00,,,-0.012996134730869583
2026-05-01,57060,1,41710.0,41200.0,2026-05-01 10:00:00,2026-05-01 15:24:00,,,-0.01390265185337321
2026-05-07,57060,-1,47770.0,48060.0,2026-05-07 10:00:00,2026-05-07 15:20:00,,,-0.007652402906452442
2026-05-08,57060,-1,48660.0,48440.0,2026-05-08 10:20:00,2026-05-08 10:23:00,1.8075031320176376,0.23215656206697907,0.0029314186704850935
2026-05-08,57060,-1,48800.0,48420.0,2026-05-08 10:38:00,2026-05-08 10:47:00,3.7814083541737893,-0.1806351163549831,0.006217361349189077
2026-05-08,57060,-1,48660.0,48470.0,2026-05-08 10:53:00,2026-05-08 11:02:00,1.8660945909851747,0.19244088750569802,0.0023122874980919398
2026-05-08,57060,1,48200.0,48350.0,2026-05-08 11:06:00,2026-05-08 12:45:00,-1.87383061879384,-0.011477455555926842,0.0015072008427487002
2026-05-08,57060,1,48140.0,48370.0,2026-05-08 13:02:00,2026-05-08 13:08:00,-2.3338837423619014,0.28232594511816117,0.0031663544799660085
2026-05-08,57060,-1,48500.0,49970.0,2026-05-08 13:12:00,2026-05-08 15:24:00,,,-0.03145902741267611
2026-05-11,57060,1,51800.0,51770.0,2026-05-11 10:10:00,2026-05-11 11:23:00,-1.748471761796939,-0.21277736458918017,-0.0021793183516274
2026-05-11,57060,-1,52400.0,51950.0,2026-05-11 12:48:00,2026-05-11 14:14:00,1.7160545399477398,0.2415643936552402,0.007024873781760025
2026-05-11,57060,1,51450.0,51260.0,2026-05-11 14:16:00,2026-05-11 15:24:00,,,-0.005299741344133554
2026-05-12,57060,-1,52910.0,52280.0,2026-05-12 10:00:00,2026-05-12 10:29:00,3.8304405289150183,0.2980422182023752,0.010378468160019184
2026-05-12,57060,-1,52430.0,50870.0,2026-05-12 10:31:00,2026-05-12 15:24:00,,,0.028605587749767788
2026-05-13,57060,-1,52440.0,54480.0,2026-05-13 10:00:00,2026-05-13 15:24:00,,,-0.03976400294575782
2026-05-14,57060,1,49140.0,50620.0,2026-05-14 10:33:00,2026-05-14 13:53:00,-1.890253279708611,0.2717036035340341,0.028073388023944976
2026-05-14,57060,-1,50730.0,50510.0,2026-05-14 14:20:00,2026-05-14 14:23:00,1.7355275178241165,0.005635117336562714,0.002746115098637419
2026-05-14,57060,-1,50910.0,50510.0,2026-05-14 14:30:00,2026-05-14 14:40:00,2.611497281060507,-0.01963832605829638,0.006288031434283439
2026-05-14,57060,-1,50750.0,50480.0,2026-05-14 14:50:00,2026-05-14 14:55:00,1.5139292041223857,-0.19328315800760237,0.003734399688938972
2026-05-14,57060,1,50140.0,50490.0,2026-05-14 15:04:00,2026-05-14 15:20:00,-1.9466304430502104,-0.07465213178066094,0.0053562041406770575
2026-05-15,57060,1,49530.0,49800.0,2026-05-15 10:00:00,2026-05-15 10:12:00,-1.5260455963881359,-0.12652533524336057,0.0038364374304608647
2026-05-15,57060,1,49360.0,46620.0,2026-05-15 10:28:00,2026-05-15 15:24:00,,,-0.058710745989521314
2026-05-18,57060,-1,48720.0,48440.0,2026-05-18 10:00:00,2026-05-18 13:56:00,5.169679701989571,0.1700244264464354,0.00416370471675013
2026-05-18,57060,1,48020.0,48360.0,2026-05-18 14:17:00,2026-05-18 14:25:00,-1.600658300771994,-0.24633539625124043,0.005455434953484779
2026-05-18,57060,1,48180.0,47290.0,2026-05-18 14:54:00,2026-05-18 15:24:00,,,-0.020245140530940932
2026-05-19,57060,1,46630.0,44800.0,2026-05-19 10:01:00,2026-05-19 15:24:00,,,-0.04163597139929001
2026-05-20,57060,-1,44560.0,44040.0,2026-05-20 10:00:00,2026-05-20 10:28:00,3.2330584072044437,0.22201741475884484,0.010138283764549378
2026-05-20,57060,-1,44340.0,43990.0,2026-05-20 10:53:00,2026-05-20 12:37:00,1.9310334091378343,-0.11724966940073456,0.006324868827536992
2026-05-20,57060,1,43530.0,43970.0,2026-05-20 12:53:00,2026-05-20 14:01:00,-1.725673712370206,-0.13346468266512954,0.008457227628512648
2026-05-20,57060,1,43770.0,43980.0,2026-05-20 14:25:00,2026-05-20 14:54:00,-1.8826194912206284,0.16306646933874155,0.003186333923811172
2026-05-20,57060,-1,44090.0,44300.0,2026-05-20 15:22:00,2026-05-20 15:24:00,,,-0.006351677681243739
2026-05-21,57060,-1,46780.0,47430.0,2026-05-21 10:00:00,2026-05-21 15:24:00,,,-0.015399178733457404
