date,code,side,entry,exit,entry_ts,exit_ts,entry_z,exit_z,pnl
2025-04-01,57110,1,2454.5,2458.5,2025-04-01 10:02:00,2025-04-01 10:05:00,-1.7318710381082705,-0.29829540806928306,2.833335388694987e-05
2025-04-01,57110,-1,2465.0,2462.0,2025-04-01 10:15:00,2025-04-01 11:10:00,1.5247374837785141,0.16228376119701707,-0.00038222026760829616
2025-04-01,57110,-1,2466.5,2463.5,2025-04-01 11:24:00,2025-04-01 13:03:00,1.7185770421855167,0.22530417880043552,-0.00038296131022484865
2025-04-01,57110,-1,2468.0,2463.0,2025-04-01 13:13:00,2025-04-01 13:50:00,1.802888433089179,-0.02430344683596683,0.00042798690474048716
2025-04-01,57110,-1,2467.0,2468.0,2025-04-01 14:05:00,2025-04-01 15:24:00,,,-0.00200526849592176
2025-04-02,57110,1,2436.0,2428.5,2025-04-02 10:00:00,2025-04-02 15:24:00,,,-0.0046835670439880845
2025-04-03,57110,-1,2360.0,2352.0,2025-04-03 10:07:00,2025-04-03 12:36:00,1.601727639843422,0.08500963500030861,0.0017955890011381603
2025-04-03,57110,1,2340.5,2350.0,2025-04-03 12:46:00,2025-04-03 13:02:00,-1.6152098365226384,-0.12243874427005198,0.002450746398079486
2025-04-03,57110,1,2344.0,2350.0,2025-04-03 13:26:00,2025-04-03 13:34:00,-1.9543412350425788,-0.1496909267806784,0.0009564564413013937
2025-04-03,57110,1,2346.0,2351.0,2025-04-03 13:38:00,2025-04-03 13:43:00,-1.5320512119214285,0.22977235678764413,0.0005290193266486831
2025-04-03,57110,1,2347.0,2346.5,2025-04-03 13:46:00,2025-04-03 15:23:00,-1.5926189813349967,-0.24795597282818033,-0.0018130606165511658
2025-04-04,57110,1,2229.5,2244.5,2025-04-04 10:00:00,2025-04-04 10:22:00,-2.9036804983429008,-0.2770835214876246,0.005105434154455575
2025-04-04,57110,1,2236.5,2206.0,2025-04-04 10:28:00,2025-04-04 15:10:00,-1.5928509909058945,-0.024987219140024202,-0.015331223059455012
2025-04-07,57110,-1,1991.5,1984.0,2025-04-07 10:00:00,2025-04-07 12:35:00,3.137500090258269,0.14260324688518183,0.002173114776880771
2025-04-07,57110,-1,1998.5,1987.0,2025-04-07 12:51:00,2025-04-07 13:30:00,1.5268541441014694,0.21987032118293756,0.004170935599561392
2025-04-07,57110,-1,1995.5,2006.0,2025-04-07 13:50:00,2025-04-07 15:24:00,,,-0.006848044033092178
2025-04-08,57110,-1,2140.5,2126.0,2025-04-08 10:00:00,2025-04-08 12:35:00,6.574705867052499,0.2953838377800856,0.005197166683107598
2025-04-08,57110,1,2103.5,2116.0,2025-04-08 12:55:00,2025-04-08 14:39:00,-1.584494557761663,-0.2408955120647956,0.004324889947614389
2025-04-08,57110,1,2108.0,2116.0,2025-04-08 14:45:00,2025-04-08 14:59:00,-1.61103869859846,-0.27460394013042466,0.002187883316937156
2025-04-08,57110,1,2111.5,2108.0,2025-04-08 15:00:00,2025-04-08 15:24:00,,,-0.0032589647127453302
2025-04-09,57110,1,2022.5,2030.5,2025-04-09 10:00:00,2025-04-09 10:57:00,-3.947888196809278,-0.12254609042171327,0.002347698193705702
2025-04-09,57110,-1,2040.0,2030.5,2025-04-09 11:19:00,2025-04-09 12:37:00,1.9149432356351836,-0.18322003354662758,0.003067739711909577
2025-04-09,57110,1,2023.5,2024.0,2025-04-09 12:53:00,2025-04-09 14:16:00,-1.8261254557553062,0.003266394218381339,-0.0013529339085641902
2025-04-09,57110,1,2016.0,2024.0,2025-04-09 14:36:00,2025-04-09 14:40:00,-1.6479317508243,0.03769108123058749,0.0023604012160969145
2025-04-09,57110,-1,2031.0,2031.5,2025-04-09 14:58:00,2025-04-09 15:24:00,,,-0.0018461538473968074
2025-04-10,57110,1,2191.5,2206.5,2025-04-10 10:00:00,2025-04-10 14:11:00,-6.035198277020475,-0.1116821789983275,0.005221308850737953
2025-04-10,57110,1,2200.0,2206.0,2025-04-10 14:33:00,2025-04-10 14:41:00,-1.7930024480431108,-0.19303219799762658,0.0011235604670405206
2025-04-10,57110,1,2203.0,2206.5,2025-04-10 15:09:00,2025-04-10 15:14:00,-2.0811549460862864,-0.10285770972340545,-1.251809274127949e-05
2025-04-10,57110,1,2203.5,2204.0,2025-04-10 15:17:00,2025-04-10 15:24:00,,,-0.0013731140092366032
2025-04-11,57110,-1,2108.0,2102.5,2025-04-11 10:00:00,2025-04-11 10:02:00,2.0372362722913904,0.2895194928386233,0.001012517814149784
2025-04-11,57110,-1,2106.0,2105.0,2025-04-11 10:08:00,2025-04-11 11:12:00,1.5071416141095568,0.16692401497901577,-0.0011250534225609706
2025-04-11,57110,-1,2109.0,2173.0,2025-04-11 11:18:00,2025-04-11 15:24:00,,,-0.03149479977765509
2025-04-14,57110,1,2210.0,2214.5,2025-04-14 10:00:00,2025-04-14 10:12:00,-2.248688072521765,-0.18113047136597926,0.00043412885145437704
2025-04-14,57110,1,2209.5,2214.5,2025-04-14 10:20:00,2025-04-14 10:59:00,-1.8815959901917094,0.1971891255325278,0.00066039879245817
2025-04-14,57110,-1,2219.5,2216.0,2025-04-14 11:23:00,2025-04-14 13:39:00,1.8866914887209407,0.1665872221064573,-2.1823593084508612e-05
2025-04-14,57110,-1,2219.0,2216.0,2025-04-14 13:45:00,2025-04-14 13:56:00,2.102521405926738,0.0841649120636446,-0.00024712493458050135
2025-04-14,57110,-1,2218.5,2216.0,2025-04-14 14:14:00,2025-04-14 14:17:00,1.513930246816673,0.0671404701853354,-0.00047247704821027064
2025-04-14,57110,1,2212.5,2215.0,2025-04-14 14:22:00,2025-04-14 15:13:00,-1.8711569432180923,-0.21338557537616878,-0.00047069440284851303
2025-04-14,57110,1,2212.5,2206.0,2025-04-14 15:17:00,2025-04-14 15:24:00,,,-0.004542177068636793
2025-04-15,57110,1,2222.5,2208.0,2025-04-15 10:00:00,2025-04-15 15:24:00,,,-0.008145559991073695
2025-04-16,57110,1,2179.0,2163.5,2025-04-16 10:00:00,2025-04-16 15:24:00,,,-0.00873877527968041
2025-04-17,57110,-1,2167.5,2189.5,2025-04-17 10:03:00,2025-04-17 15:24:00,,,-0.01169877758675621
2025-04-18,57110,-1,2203.0,2197.0,2025-04-18 10:00:00,2025-04-18 10:32:00,3.0673829185966532,-0.2795606244936759,0.0011272744177329142
2025-04-18,57110,-1,2200.0,2214.0,2025-04-18 11:15:00,2025-04-18 15:24:00,,,-0.007943473922174952
2025-04-21,57110,1,2174.5,2170.0,2025-04-21 10:00:00,2025-04-21 15:24:00,,,-0.0036715855031878696
2025-04-22,57110,-1,2185.5,2199.5,2025-04-22 10:00:00,2025-04-22 15:24:00,,,-0.007985426485405171
2025-04-23,57110,1,2218.5,2219.0,2025-04-23 10:24:00,2025-04-23 12:40:00,-1.7852423918352651,0.0493110469699287,-0.0013746478863701551
2025-04-23,57110,-1,2221.5,2220.0,2025-04-23 12:44:00,2025-04-23 14:01:00,1.540883673059676,0.16594118749510936,-0.0009245524903619221
2025-04-23,57110,1,2218.0,2214.0,2025-04-23 14:03:00,2025-04-23 15:24:00,,,-0.0034050546417301424
2025-04-24,57110,-1,2251.0,2254.0,2025-04-24 10:00:00,2025-04-24 12:56:00,3.611352126655156,0.2338412455671177,-0.0029318536929894175
2025-04-24,57110,1,2245.0,2252.0,2025-04-24 13:11:00,2025-04-24 13:20:00,-1.8235417032988444,-0.22299193038859874,0.0015131890832263664
2025-04-24,57110,-1,2255.5,2253.0,2025-04-24 13:51:00,2025-04-24 13:55:00,1.8139029974032506,0.07955392176846504,-0.0004909835837938229
2025-04-24,57110,-1,2255.5,2253.0,2025-04-24 13:57:00,2025-04-24 14:00:00,1.9854331627954727,0.06466681462594777,-0.0004909835837938229
2025-04-24,57110,1,2250.5,2243.5,2025-04-24 14:14:00,2025-04-24 15:24:00,,,-0.004715267316949312
2025-04-25,57110,1,2254.5,2256.5,2025-04-25 10:02:00,2025-04-25 10:06:00,-1.5757039591537905,-0.15041182514677037,-0.0007132785940830447
2025-04-25,57110,1,2253.0,2256.0,2025-04-25 10:07:00,2025-04-25 10:15:00,-2.038548910032713,-0.2619478827565506,-0.0002693278142948277
2025-04-25,57110,1,2253.5,2254.5,2025-04-25 10:23:00,2025-04-25 11:00:00,-1.5188432259642144,-0.26303707780330926,-0.0011563442695641918
2025-04-25,57110,1,2252.5,2255.0,2025-04-25 11:07:00,2025-04-25 11:20:00,-1.9637609641699245,-0.12869878482764888,-0.0004907375457142444
2025-04-25,57110,1,2252.5,2255.0,2025-04-25 11:24:00,2025-04-25 12:42:00,-2.323908760245855,-0.20631209483716742,-0.0004907375457142444
2025-04-25,57110,-1,2259.0,2255.5,2025-04-25 12:53:00,2025-04-25 13:04:00,1.9663365676883435,-0.14879542354252095,-4.9440380447314265e-05
2025-04-25,57110,-1,2258.5,2256.0,2025-04-25 13:07:00,2025-04-25 13:29:00,2.8427906398331833,-0.012972005733356442,-0.0004924575232906684
2025-04-25,57110,1,2251.5,2256.0,2025-04-25 13:30:00,2025-04-25 13:49:00,-2.3720171051607806,0.07244154950781537,0.0003966728763230736
2025-04-25,57110,1,2253.0,2255.5,2025-04-25 13:54:00,2025-04-25 14:32:00,-1.5459306566060593,-0.17836183522403776,-0.0004909835837938138
2025-04-25,57110,1,2254.0,2255.0,2025-04-25 14:49:00,2025-04-25 15:03:00,-1.5581401388424851,-0.19373191993317448,-0.0011564426629428633
2025-04-25,57110,1,2251.5,2254.0,2025-04-25 15:21:00,2025-04-25 15:24:00,,,-0.0004902451419048093
2025-04-28,57110,-1,2259.0,2257.0,2025-04-28 10:05:00,2025-04-28 10:53:00,1.8706149038972473,0.24010883641071226,-0.0007142603495323879
2025-04-28,57110,1,2254.5,2255.0,2025-04-28 11:30:00,2025-04-28 13:28:00,-1.5489946488707989,-0.00518000384909144,-0.0013782459243602177
2025-04-28,57110,1,2252.5,2255.0,2025-04-28 13:40:00,2025-04-28 14:38:00,-1.6058200526071853,0.06952835953290361,-0.0004907375457142444
2025-04-28,57110,1,2251.5,2254.5,2025-04-28 14:44:00,2025-04-28 14:50:00,-2.1851713929862924,-0.1970194670972076,-0.0002684418804873871
2025-04-28,57110,-1,2258.0,2258.0,2025-04-28 15:11:00,2025-04-28 15:24:00,,,-0.0016
2025-04-30,57110,1,2240.5,2240.5,2025-04-30 10:00:00,2025-04-30 15:21:00,-5.212795343788892,-0.26432665405897343,-0.0016
2025-05-01,57110,1,2216.0,2219.5,2025-05-01 10:00:00,2025-05-01 10:20:00,-2.1409934780971867,-0.1527520208186029,-2.1823593084472617e-05
2025-05-01,57110,-1,2225.0,2237.5,2025-05-01 10:39:00,2025-05-01 15:24:00,,,-0.007202255548669751
2025-05-02,57110,-1,2249.0,2244.5,2025-05-02 10:00:00,2025-05-02 10:14:00,1.942282891662635,0.027153378567596875,0.00040289373732882287
2025-05-02,57110,1,2242.0,2244.0,2025-05-02 10:47:00,2025-05-02 10:55:00,-1.6369141397611573,-0.20671455579383322,-0.000708336989518358
2025-05-02,57110,1,2242.0,2244.0,2025-05-02 10:58:00,2025-05-02 11:24:00,-1.639635801575783,0.031977236883528944,-0.000708336989518358
2025-05-02,57110,-1,2247.5,2244.5,2025-05-02 11:27:00,2025-05-02 11:30:00,1.5432162412849946,0.19884888256648175,-0.0002642918762114797
2025-05-02,57110,-1,2249.5,2247.0,2025-05-02 12:30:00,2025-05-02 15:05:00,1.7574871603525823,-0.24519062605287031,-0.0004880239041022399
2025-05-02,57110,-1,2250.5,2247.5,2025-05-02 15:11:00,2025-05-02 15:18:00,2.2310384355002317,0.06105822106634455,-0.00026607361278795484
2025-05-07,57110,1,2232.0,2236.0,2025-05-07 10:00:00,2025-05-07 10:43:00,-2.8148049962710138,-0.29730236637469604,0.0001905107737882937
2025-05-07,57110,-1,2242.5,2242.5,2025-05-07 10:49:00,2025-05-07 15:22:00,1.5391364562742011,-0.18301509888353973,-0.0016
2025-05-08,57110,-1,2227.5,2226.5,2025-05-08 10:00:00,2025-05-08 13:29:00,1.653906559828327,-0.043764728398784966,-0.0011509654167927402
2025-05-08,57110,-1,2228.5,2227.0,2025-05-08 13:33:00,2025-05-08 14:00:00,1.954476740264729,0.22857019413911855,-0.0009266748707571216
2025-05-08,57110,-1,2229.5,2226.5,2025-05-08 14:06:00,2025-05-08 14:21:00,1.723837333566209,-0.12448028907324174,-0.0002535006942257494
2025-05-08,57110,-1,2228.5,2228.5,2025-05-08 14:42:00,2025-05-08 15:24:00,,,-0.0016
2025-05-09,57110,1,2248.5,2254.0,2025-05-09 10:01:00,2025-05-09 10:16:00,-1.8412259648152,0.24180560421451408,0.0008430883889594648
2025-05-09,57110,1,2250.0,2252.5,2025-05-09 10:23:00,2025-05-09 11:18:00,-1.883394112036649,-0.2807092437406133,-0.0004895057159728848
2025-05-09,57110,-1,2256.0,2253.0,2025-05-09 11:27:00,2025-05-09 12:33:00,2.13136518564599,-0.06934228216945516,-0.00026932781429493875
2025-05-09,57110,-1,2257.0,2253.0,2025-05-09 12:39:00,2025-05-09 12:42:00,1.870573388122693,-0.11443706205043049,0.00017383638529120836
2025-05-09,57110,-1,2255.5,2253.5,2025-05-09 12:56:00,2025-05-09 13:03:00,1.64482793141666,0.21635757525677232,-0.0007128852822523735
2025-05-09,57110,-1,2255.0,2254.5,2025-05-09 13:07:00,2025-05-09 14:43:00,1.6024558974896168,-0.059195753253596044,-0.0013782459243601292
2025-05-09,57110,-1,2258.0,2245.0,2025-05-09 15:00:00,2025-05-09 15:24:00,,,0.004173944533252637
2025-05-12,57110,1,2275.0,2278.5,2025-05-12 10:01:00,2025-05-12 11:09:00,-1.68716607934797,-0.28299180731642176,-6.27206811136022e-05
2025-05-12,57110,1,2275.5,2278.5,2025-05-12 11:10:00,2025-05-12 13:13:00,-2.1976196462424022,0.12620187161688745,-0.0002824767527593191
2025-05-12,57110,-1,2282.0,2296.5,2025-05-12 13:37:00,2025-05-12 15:24:00,,,-0.007933973343827136
2025-05-13,57110,1,2305.0,2307.5,2025-05-13 10:00:00,2025-05-13 14:38:00,-9.15003114699453,0.27468748210566174,-0.0005159890537416898
2025-05-13,57110,1,2302.5,2306.5,2025-05-13 14:55:00,2025-05-13 15:00:00,-1.9780950918875724,-0.18293802352061622,0.00013573486841334968
2025-05-13,57110,-1,2311.0,2307.5,2025-05-13 15:04:00,2025-05-13 15:05:00,1.903301236729114,0.2783570237239658,-8.435610262646381e-05
2025-05-13,57110,1,2303.5,2301.5,2025-05-13 15:15:00,2025-05-13 15:24:00,,,-0.0024686211186755124
2025-05-14,57110,1,2278.0,2293.5,2025-05-14 10:00:00,2025-05-14 12:56:00,-6.3880321798454505,-0.1695703598273155,0.005181170030099302
2025-05-14,57110,1,2288.0,2294.0,2025-05-14 13:06:00,2025-05-14 13:11:00,-1.6076416110031897,-0.030139243924994966,0.0010189451896275732
2025-05-14,57110,1,2291.0,2294.0,2025-05-14 13:15:00,2025-05-14 13:40:00,-1.6514247348907056,-0.023897451229419286,-0.0002913847641794994
2025-05-14,57110,-1,2296.5,2294.5,2025-05-14 13:57:00,2025-05-14 14:00:00,1.5389076892922318,0.21919706978640122,-0.0007287300690400342
2025-05-14,57110,-1,2297.5,2294.0,2025-05-14 14:02:00,2025-05-14 14:21:00,1.8946851264447682,-0.21780651251800942,-7.544345947385362e-05
2025-05-14,57110,1,2292.0,2293.5,2025-05-14 14:22:00,2025-05-14 14:40:00,-1.5566233185829637,-0.2716432064952603,-0.0009457637974035894
2025-05-14,57110,-1,2298.0,2299.5,2025-05-14 14:46:00,2025-05-14 15:24:00,,,-0.002252528571277437
2025-05-15,57110,-1,2216.5,2205.5,2025-05-15 10:00:00,2025-05-15 10:04:00,3.619267700621012,0.29646726706109094,0.003375134640113843
2025-05-15,57110,-1,2212.0,2201.5,2025-05-15 10:10:00,2025-05-15 13:06:00,1.6569349906960078,-0.047573452608788654,0.0031581374464169235
2025-05-15,57110,1,2198.5,2199.5,2025-05-15 13:38:00,2025-05-15 15:11:00,-3.2299835152099896,-0.06596871375773408,-0.001145247832090305
2025-05-15,57110,1,2194.5,2194.5,2025-05-15 15:24:00,2025-05-15 15:24:00,,,-0.0016
2025-05-16,57110,1,2176.0,2181.0,2025-05-16 10:02:00,2025-05-16 10:12:00,-1.5305800908575031,-0.07064212478879617,0.00069515822579572
2025-05-16,57110,-1,2185.0,2182.0,2025-05-16 10:21:00,2025-05-16 10:30:00,1.8462909483411065,0.27664882636720406,-0.00022605886332565154
2025-05-16,57110,-1,2185.5,2182.0,2025-05-16 10:31:00,2025-05-16 10:53:00,1.5417305749421044,0.08043543492003019,2.7479103530711306e-06
2025-05-16,57110,-1,2186.5,2182.5,2025-05-16 11:21:00,2025-05-16 12:34:00,2.30478193005635,0.007396211582853426,0.00023108313921802836
2025-05-16,57110,-1,2187.0,2194.5,2025-05-16 13:04:00,2025-05-16 15:24:00,,,-0.005023488451520744
2025-05-19,57110,-1,2202.0,2200.5,2025-05-19 10:00:00,2025-05-19 10:47:00,2.3314409170933814,0.2097014043893806,-0.0009185689685207887
2025-05-19,57110,-1,2203.0,2199.5,2025-05-19 11:14:00,2025-05-19 12:54:00,1.6911935449475841,-0.09872452941517323,-9.993986431269591e-06
2025-05-19,57110,1,2196.0,2185.5,2025-05-19 13:06:00,2025-05-19 15:24:00,,,-0.006392888326052013
2025-05-20,57110,1,2200.0,2202.0,2025-05-20 10:00:00,2025-05-20 12:38:00,-1.7136944616153882,-0.153714038405628,-0.0006913220637818878
2025-05-20,57110,1,2199.0,2190.0,2025-05-20 13:02:00,2025-05-20 15:24:00,,,-0.005701167744214678
2025-05-21,57110,1,2207.0,2213.5,2025-05-21 10:00:00,2025-05-21 10:36:00,-5.815752980072248,-0.23353422171900293,0.0013408459154592189
2025-05-21,57110,1,2212.0,2214.0,2025-05-21 10:42:00,2025-05-21 11:03:00,-1.8588994368414193,-0.09378133464721947,-0.000696249373643321
2025-05-21,57110,-1,2216.0,2214.5,2025-05-21 11:30:00,2025-05-21 13:18:00,1.7371500905183055,-0.018162255724495913,-0.0009228754960784472
2025-05-21,57110,1,2212.0,2213.5,2025-05-21 13:34:00,2025-05-21 14:16:00,-2.021903399989555,-0.07040670790347411,-0.0009221104700296036
2025-05-21,57110,1,2212.0,2214.0,2025-05-21 14:40:00,2025-05-21 14:52:00,-1.7130438986033494,0.2933292806786131,-0.000696249373643321
2025-05-21,57110,-1,2215.5,2220.5,2025-05-21 15:04:00,2025-05-21 15:24:00,,,-0.0038542840926128544
2025-05-22,57110,-1,2203.0,2200.0,2025-05-22 10:05:00,2025-05-22 10:41:00,1.6722470461681047,0.24116918058039863,-0.00023729254406409852
2025-05-22,57110,-1,2202.0,2202.0,2025-05-22 10:42:00,2025-05-22 13:25:00,2.132659513039633,-0.10324372987107237,-0.0016
2025-05-22,57110,-1,2205.0,2202.5,2025-05-22 13:34:00,2025-05-22 14:03:00,1.6705317283487524,0.09999023645542361,-0.0004655699293882418
2025-05-22,57110,-1,2204.0,2208.5,2025-05-22 14:16:00,2025-05-22 15:24:00,,,-0.0036396607637760436
2025-05-23,57110,1,2212.5,2216.0,2025-05-23 10:00:00,2025-05-23 10:02:00,-1.5391943778136365,0.256718046208137,-1.9329014910252507e-05
2025-05-23,57110,-1,2219.0,2220.5,2025-05-23 10:08:00,2025-05-23 13:39:00,2.1854183041154522,0.24825463430318312,-0.002275751799563101
2025-05-23,57110,-1,2222.5,2221.0,2025-05-23 13:52:00,2025-05-23 15:20:00,1.7693593080769254,-0.1553124219164803,-0.0009248565063677975
2025-05-26,57110,-1,2253.5,2246.5,2025-05-26 10:00:00,2025-05-26 12:43:00,1.5200328701325785,0.25400624739649236,0.0015111136204883021
2025-05-26,57110,-1,2251.0,2263.0,2025-05-26 13:04:00,2025-05-26 15:24:00,,,-0.006916804726805108
2025-05-27,57110,-1,2261.0,2256.5,2025-05-27 10:00:00,2025-05-27 10:22:00,3.760123479610209,0.1252192550513831,0.00039225301091394267
2025-05-27,57110,-1,2259.0,2256.5,2025-05-27 10:25:00,2025-05-27 10:27:00,1.713260409553312,0.1163102302753036,-0.000492702799052647
2025-05-27,57110,-1,2260.0,2257.5,2025-05-27 10:29:00,2025-05-27 11:11:00,2.3697888210945797,0.17473506068818906,-0.0004931930248088937
2025-05-27,57110,-1,2259.0,2259.5,2025-05-27 11:14:00,2025-05-27 13:19:00,1.7085169433872536,0.06884167437189397,-0.0018213123833310308
2025-05-27,57110,-1,2261.5,2260.0,2025-05-27 13:26:00,2025-05-27 13:58:00,1.8971438470639999,0.17303355763660327,-0.0009365033484337491
2025-05-27,57110,1,2255.0,2259.5,2025-05-27 14:14:00,2025-05-27 14:26:00,-1.673524605171294,0.015129590097150506,0.00039357691455561296
2025-05-27,57110,1,2257.0,2259.5,2025-05-27 14:30:00,2025-05-27 14:33:00,-1.5098571846980129,0.061619416951069005,-0.000492947966201225
2025-05-27,57110,-1,2262.5,2259.0,2025-05-27 14:40:00,2025-05-27 14:51:00,1.5407678688041142,-0.2509098496193677,-5.184089392205535e-05
2025-05-27,57110,-1,2262.5,2260.0,2025-05-27 14:59:00,2025-05-27 15:07:00,1.6439458647823113,0.27031876565690605,-0.0004944166922503561
2025-05-27,57110,-1,2263.0,2268.0,2025-05-27 15:12:00,2025-05-27 15:24:00,,,-0.003807019214105252
2025-05-28,57110,1,2260.0,2239.5,2025-05-28 10:00:00,2025-05-28 15:24:00,,,-0.010712186618976749
2025-05-29,57110,-1,2251.5,2248.0,2025-05-29 10:00:00,2025-05-29 10:08:00,2.20067676077288,0.2610570326770689,-4.427127195534108e-05
2025-05-29,57110,-1,2250.5,2252.0,2025-05-29 10:27:00,2025-05-29 15:18:00,1.5487369819555372,0.06572341038665581,-0.0022662965265935627
2025-05-30,57110,-1,2245.0,2258.5,2025-05-30 10:00:00,2025-05-30 15:24:00,,,-0.0075953549183041215
2025-06-02,57110,1,2214.0,2221.0,2025-06-02 10:00:00,2025-06-02 13:18:00,-6.870111231345298,0.17999357870279328,0.001556710625845291
2025-06-02,57110,-1,2224.5,2224.5,2025-06-02 13:40:00,2025-06-02 15:24:00,,,-0.0016
2025-06-03,57110,-1,2239.5,2244.5,2025-06-03 10:00:00,2025-06-03 15:24:00,,,-0.003830152574632018
2025-06-04,57110,1,2238.5,2245.5,2025-06-04 10:00:00,2025-06-04 12:53:00,-1.8468937852991045,0.2247616899504863,0.0015222148467725113
2025-06-04,57110,-1,2248.5,2244.5,2025-06-04 13:16:00,2025-06-04 13:53:00,1.920454492744094,-0.12415453613520414,0.0001805479887752831
2025-06-04,57110,1,2242.5,2234.5,2025-06-04 13:59:00,2025-06-04 15:24:00,,,-0.0051738255594449565
2025-06-05,57110,-1,2224.5,2222.5,2025-06-05 10:00:00,2025-06-05 12:31:00,2.2730661952793847,-0.1918219450799179,-0.0007005171419632092
2025-06-05,57110,-1,2227.5,2222.5,2025-06-05 12:39:00,2025-06-05 12:45:00,1.5255415596888824,-0.22825269122949873,0.0006471919569047211
2025-06-05,57110,1,2222.0,2222.0,2025-06-05 13:15:00,2025-06-05 13:47:00,-1.7571340665240696,-0.2557711698070431,-0.0016
2025-06-05,57110,1,2219.0,2223.0,2025-06-05 14:05:00,2025-06-05 14:34:00,-2.3147367625619,0.2823049548825207,0.00020099103160274318
2025-06-05,57110,-1,2225.5,2233.5,2025-06-05 14:40:00,2025-06-05 15:24:00,,,-0.005188252336264329
2025-06-06,57110,-1,2255.0,2251.0,2025-06-06 10:00:00,2025-06-06 10:12:00,2.3224840964489286,-0.09028154412054107,0.0001754110300465322
2025-06-06,57110,-1,2253.5,2251.5,2025-06-06 10:17:00,2025-06-06 10:26:00,1.6960061680449596,0.04073870007087427,-0.0007120976109233458
2025-06-06,57110,-1,2255.5,2252.0,2025-06-06 10:38:00,2025-06-06 11:13:00,3.2170929436688667,-0.17927416237955285,-4.703241113034615e-05
2025-06-06,57110,-1,2255.5,2253.0,2025-06-06 11:17:00,2025-06-06 12:31:00,1.7556827925230212,0.28857646229528067,-0.0004909835837938229
2025-06-06,57110,1,2248.5,2250.0,2025-06-06 12:39:00,2025-06-06 14:20:00,-1.5379226897257983,-0.0504361672429429,-0.0009331110122962258
2025-06-06,57110,1,2249.0,2250.0,2025-06-06 14:33:00,2025-06-06 14:44:00,-1.7497553302184348,-0.013845130790964671,-0.001155456760849829
2025-06-06,57110,1,2248.0,2251.5,2025-06-06 15:02:00,2025-06-06 15:24:00,,,-4.427127195534152e-05
2025-06-09,57110,1,2240.0,2225.5,2025-06-09 10:00:00,2025-06-09 15:24:00,,,-0.008094256393176472
2025-06-10,57110,-1,2245.0,2246.0,2025-06-10 10:00:00,2025-06-10 14:15:00,2.7665928892080887,-0.08798200987999982,-0.002045335122033859
2025-06-10,57110,1,2241.5,2237.0,2025-06-10 14:18:00,2025-06-10 15:24:00,,,-0.0036096021053645382
2025-06-11,57110,1,2223.5,2230.0,2025-06-11 10:00:00,2025-06-11 10:20:00,-2.0709327051718227,-0.11700034852676379,0.0013190545034132545
2025-06-11,57110,-1,2232.5,2255.5,2025-06-11 10:45:00,2025-06-11 15:24:00,,,-0.011849644097796465
2025-06-12,57110,1,2229.0,2235.5,2025-06-12 10:00:00,2025-06-12 13:02:00,-4.749855786019807,-0.008148498029335306,0.0013118622881665698
2025-06-12,57110,-1,2237.0,2235.5,2025-06-12 13:36:00,2025-06-12 13:37:00,1.5551347399022604,-0.12840159477704413,-0.0009292341839056764
2025-06-12,57110,-1,2237.0,2236.0,2025-06-12 13:39:00,2025-06-12 14:56:00,1.6021730719377236,-0.028153828345595436,-0.0011528727848601453
2025-06-12,57110,-1,2238.0,2236.0,2025-06-12 15:13:00,2025-06-12 15:23:00,3.478924784113352,-0.23552919077079446,-0.0007059454031191986
2025-06-12,57110,-1,2237.5,2237.5,2025-06-12 15:24:00,2025-06-12 15:24:00,,,-0.0016
2025-06-13,57110,1,2220.0,2224.5,2025-06-13 10:00:00,2025-06-13 10:43:00,-4.428347850899359,-0.09554308729383032,0.0004249753797713827
2025-06-13,57110,1,2222.0,2223.5,2025-06-13 11:11:00,2025-06-13 12:54:00,-1.9900811803269738,-0.07956708003264687,-0.0009251602488242256
2025-06-13,57110,1,2220.0,2223.0,2025-06-13 13:18:00,2025-06-13 15:10:00,-1.654576246280945,-0.21214676821886919,-0.00024956090212845334
2025-06-13,57110,1,2221.5,2223.0,2025-06-13 15:12:00,2025-06-13 15:16:00,-1.6996763147162293,-0.15983819958238196,-0.000925008411766654
2025-06-13,57110,1,2221.5,2219.0,2025-06-13 15:18:00,2025-06-13 15:24:00,,,-0.0027259994433692794
2025-06-16,57110,-1,2255.0,2250.5,2025-06-16 10:05:00,2025-06-16 10:35:00,1.534832703938504,0.12780956490975473,0.0003975592037913009
2025-06-16,57110,-1,2255.0,2252.0,2025-06-16 10:38:00,2025-06-16 12:31:00,1.543034417720504,0.09786650618844009,-0.00026873732280226713
2025-06-16,57110,1,2245.5,2232.0,2025-06-16 12:51:00,2025-06-16 15:24:00,,,-0.007630169026591188
2025-06-17,57110,-1,2232.0,2229.0,2025-06-17 10:06:00,2025-06-17 10:09:00,1.6453193801952355,0.26382153891523674,-0.0002550098846673006
2025-06-17,57110,-1,2232.0,2242.0,2025-06-17 10:32:00,2025-06-17 15:24:00,,,-0.006070280130903732
2025-06-18,57110,1,2245.5,2249.0,2025-06-18 10:05:00,2025-06-18 10:07:00,-1.7725211759518762,-0.11054277558891468,-4.2540568476967956e-05
2025-06-18,57110,-1,2252.0,2267.0,2025-06-18 10:35:00,2025-06-18 15:24:00,,,-0.008238661247947972
2025-06-19,57110,1,2238.5,2240.0,2025-06-19 10:00:00,2025-06-19 14:19:00,-5.415231700283985,-0.056012423251912975,-0.0009301328319347671
2025-06-19,57110,-1,2242.5,2240.5,2025-06-19 14:27:00,2025-06-19 14:31:00,1.8423138495230909,0.2946159932294736,-0.0007077402932465414
2025-06-19,57110,-1,2242.0,2240.0,2025-06-19 14:36:00,2025-06-19 14:51:00,1.574838639033068,-0.25588973683824234,-0.0007075412169802777
2025-06-19,57110,-1,2241.5,2240.0,2025-06-19 15:06:00,2025-06-19 15:24:00,1.840701618654811,-0.2901839408129416,-0.0009305812535913637
2025-06-20,57110,1,2234.0,2237.5,2025-06-20 10:09:00,2025-06-20 10:18:00,-1.7749195340904547,0.2358226814012645,-3.45294801356779e-05
2025-06-20,57110,1,2234.0,2237.0,2025-06-20 10:34:00,2025-06-20 10:39:00,-2.0040862866460913,0.029188186216979172,-0.0002580181390164924
2025-06-20,57110,1,2234.0,2236.0,2025-06-20 10:51:00,2025-06-20 11:24:00,-2.268358210245387,-0.03867791808586594,-0.0007051453541562946
2025-06-20,57110,1,2233.5,2236.5,2025-06-20 12:31:00,2025-06-20 12:41:00,-1.6003562636930317,0.26320426705237343,-0.00025771791927055115
2025-06-20,57110,-1,2239.0,2236.0,2025-06-20 12:43:00,2025-06-20 12:54:00,1.5516668455678007,-0.09765302511302312,-0.00025921767623496056
2025-06-20,57110,1,2233.5,2235.5,2025-06-20 13:05:00,2025-06-20 13:17:00,-1.6599614988743534,-0.23537842218916685,-0.0007049451181381082
2025-06-20,57110,1,2234.0,2235.5,2025-06-20 13:32:00,2025-06-20 14:18:00,-1.6415290879343323,-0.20351211913182815,-0.0009287839551107373
2025-06-20,57110,1,2234.0,2223.0,2025-06-20 14:22:00,2025-06-20 15:24:00,,,-0.00653606566494947
2025-06-23,57110,1,2193.5,2196.5,2025-06-23 10:01:00,2025-06-23 13:01:00,-4.198786475072596,-0.20656654875313663,-0.0002332571904344622
2025-06-23,57110,-1,2199.5,2197.0,2025-06-23 13:26:00,2025-06-23 13:29:00,1.5780495519358404,9.556820165174075e-05,-0.00046273159583578574
2025-06-23,57110,-1,2200.0,2197.5,2025-06-23 13:35:00,2025-06-23 13:40:00,1.710372856322524,0.2945843595494165,-0.00046299021292487536
2025-06-23,57110,1,2196.0,2197.0,2025-06-23 14:18:00,2025-06-23 14:21:00,-2.0133832826094213,-0.14895876940323402,-0.0011447302448109493
2025-06-23,57110,-1,2198.0,2197.0,2025-06-23 14:23:00,2025-06-23 14:41:00,1.651914865625841,-0.14760595659816408,-0.0011449374210435047
2025-06-23,57110,-1,2198.5,2197.0,2025-06-23 14:45:00,2025-06-23 14:52:00,2.2846113390968905,-0.20695890500369088,-0.0009174837637454238
2025-06-23,57110,1,2195.5,2197.0,2025-06-23 14:57:00,2025-06-23 15:04:00,-2.0459124010457668,-0.10843855558370409,-0.0009170176171619166
2025-06-23,57110,1,2195.5,2194.0,2025-06-23 15:11:00,2025-06-23 15:24:00,,,-0.0022834491665965915
2025-06-24,57110,1,2209.5,2215.5,2025-06-24 10:00:00,2025-06-24 13:30:00,-3.5602636657890483,-0.2931570936953654,0.0011118660687494998
2025-06-24,57110,-1,2218.0,2216.0,2025-06-24 13:31:00,2025-06-24 13:38:00,1.6506339661988094,0.0777835680493117,-0.0006978799568620912
2025-06-24,57110,-1,2219.0,2216.5,2025-06-24 13:55:00,2025-06-24 15:06:00,1.7616004485724088,-0.10125626288745963,-0.0004727312525142726
2025-06-24,57110,1,2214.5,2216.5,2025-06-24 15:18:00,2025-06-24 15:19:00,-1.6428933185349737,-0.0881207059388558,-0.0006972691781445912
2025-06-24,57110,1,2214.5,2212.5,2025-06-24 15:20:00,2025-06-24 15:24:00,,,-0.002503546481168269
2025-06-25,57110,1,2204.0,2206.5,2025-06-25 10:00:00,2025-06-25 10:25:00,-2.5831496861002647,-0.28103276483671524,-0.0004663415632031585
2025-06-25,57110,1,2205.0,2191.0,2025-06-25 10:59:00,2025-06-25 15:24:00,,,-0.007969448285479823
2025-06-26,57110,1,2198.0,2202.5,2025-06-26 10:02:00,2025-06-26 10:06:00,-1.941259289669097,-0.05459692289662655,0.0004452228467678773
2025-06-26,57110,-1,2205.0,2203.0,2025-06-26 10:27:00,2025-06-26 10:47:00,1.6302975108501225,0.0283248749020447,-0.0006925589213968069
2025-06-26,57110,1,2199.5,2202.5,2025-06-26 10:59:00,2025-06-26 11:18:00,-1.8780467293799308,-0.10709789510874662,-0.00023698297843994989
2025-06-26,57110,-1,2206.5,2203.0,2025-06-26 11:22:00,2025-06-26 11:28:00,2.287172356680169,0.12048588466257547,-1.251809274126583e-05
2025-06-26,57110,1,2200.0,2202.5,2025-06-26 12:36:00,2025-06-26 12:42:00,-1.6231667413447521,0.021845519599309894,-0.0004642815360725715
2025-06-26,57110,-1,2205.0,2202.5,2025-06-26 12:47:00,2025-06-26 12:53:00,1.595726574900378,-0.02225011627923802,-0.0004655699293882418
2025-06-26,57110,-1,2205.5,2205.0,2025-06-26 12:54:00,2025-06-26 15:24:00,2.2690047384124137,-0.07149023258785599,-0.0013732683359519108
2025-06-27,57110,1,2270.0,2278.5,2025-06-27 10:00:00,2025-06-27 11:14:00,-2.061967315907445,0.08720842641460592,0.0021375002284888967
2025-06-27,57110,1,2273.5,2259.5,2025-06-27 12:42:00,2025-06-27 15:24:00,,,-0.007776944413730885
2025-06-30,57110,-1,2296.5,2293.5,2025-06-30 10:00:00,2025-06-30 10:01:00,1.8226008771800573,0.12817745683718215,-0.0002928102713785116
2025-06-30,57110,-1,2301.0,2293.5,2025-06-30 10:09:00,2025-06-30 10:39:00,2.043160565183923,-0.10236778986437371,0.0016647759981391773
2025-06-30,57110,-1,2295.5,2293.5,2025-06-30 11:27:00,2025-06-30 12:45:00,1.6304760922561805,-0.2942532914507721,-0.0007283503479499161
2025-06-30,57110,1,2288.5,2288.0,2025-06-30 13:00:00,2025-06-30 15:24:00,,,-0.0018185075940082456
2025-07-01,57110,1,2256.5,2250.5,2025-07-01 10:00:00,2025-07-01 15:24:00,,,-0.004262526534068476
2025-07-02,57110,-1,2258.5,2266.5,2025-07-02 10:00:00,2025-07-02 15:24:00,,,-0.0051359152862451305
2025-07-03,57110,-1,2329.5,2330.0,2025-07-03 10:00:00,2025-07-03 13:31:00,9.442085199220214,0.22829237933746344,-0.0018146153028948757
2025-07-03,57110,-1,2333.0,2350.0,2025-07-03 13:54:00,2025-07-03 15:24:00,,,-0.008860335116774636
2025-07-04,57110,-1,2329.0,2326.0,2025-07-04 10:08:00,2025-07-04 10:11:00,2.0047273658698597,0.004168539559626935,-0.00031106319426870755
2025-07-04,57110,1,2323.0,2325.5,2025-07-04 10:18:00,2025-07-04 10:20:00,-1.8818343792502183,-0.29361917882179406,-0.0005243841062573687
2025-07-04,57110,1,2323.0,2293.5,2025-07-04 10:28:00,2025-07-04 15:24:00,,,-0.014380418733182446
2025-07-07,57110,1,2268.5,2253.5,2025-07-07 10:01:00,2025-07-07 15:24:00,,,-0.008234256973315628
2025-07-08,57110,-1,2270.0,2259.0,2025-07-08 10:00:00,2025-07-08 11:04:00,7.950542446000995,-0.24960556398214542,0.003257594007445061
2025-07-08,57110,-1,2261.5,2261.5,2025-07-08 11:15:00,2025-07-08 13:24:00,2.665630220050663,0.06008567532644217,-0.0016
2025-07-08,57110,-1,2263.0,2272.5,2025-07-08 13:26:00,2025-07-08 15:24:00,,,-0.005789180418096626
2025-07-09,57110,1,2278.0,2295.0,2025-07-09 10:00:00,2025-07-09 10:28:00,-7.350350353119311,-0.21008123181977728,0.005834978487517991
2025-07-09,57110,1,2289.0,2271.0,2025-07-09 10:44:00,2025-07-09 15:24:00,,,-0.009494777847008262
2025-07-10,57110,1,2266.0,2272.5,2025-07-10 10:25:00,2025-07-10 10:54:00,-1.602424742633037,0.1559773887688017,0.0012643844636823236
2025-07-10,57110,-1,2276.5,2272.0,2025-07-10 11:13:00,2025-07-10 11:22:00,1.64481951116864,-0.2324428843802833,0.00037867493379475253
2025-07-10,57110,1,2268.5,2272.5,2025-07-10 12:33:00,2025-07-10 12:47:00,-1.7679780353701073,0.1451652765085061,0.00016172694761533955
2025-07-10,57110,1,2269.0,2272.0,2025-07-10 13:11:00,2025-07-10 13:21:00,-1.7047519070682784,0.06130515326469805,-0.00027870493879977756
2025-07-10,57110,-1,2274.5,2269.5,2025-07-10 13:22:00,2025-07-10 15:21:00,1.539895328397136,-0.13143313227935313,0.0006007051135385
2025-07-11,57110,1,2295.0,2299.0,2025-07-11 10:00:00,2025-07-11 10:22:00,-2.1653637024714585,-0.10144923525476356,0.0001414022685360867
2025-07-11,57110,-1,2305.0,2305.5,2025-07-11 10:37:00,2025-07-11 13:04:00,1.6257006972297363,0.2944054611099362,-0.0018168962160114354
2025-07-11,57110,-1,2309.5,2305.0,2025-07-11 13:22:00,2025-07-11 13:48:00,1.5326411026879483,0.18363319692067917,0.0003503744399112104
2025-07-11,57110,-1,2307.5,2305.0,2025-07-11 14:00:00,2025-07-11 14:27:00,1.6514571619923275,0.008396644189568177,-0.0005159890537416634
2025-07-11,57110,1,2301.5,2304.5,2025-07-11 14:52:00,2025-07-11 15:23:00,-1.666369949722891,-0.1389267618879658,-0.00029735109673309935
2025-07-14,57110,1,2294.5,2300.5,2025-07-14 10:00:00,2025-07-14 10:43:00,-4.583251699731222,0.034138099590967246,0.0010115357606351224
2025-07-14,57110,-1,2305.5,2303.5,2025-07-14 11:15:00,2025-07-14 14:51:00,1.7101950855240087,-0.13087505470558874,-0.0007321327292113743
2025-07-14,57110,1,2300.5,2302.5,2025-07-14 14:55:00,2025-07-14 15:24:00,,,-0.0007310014660614649
2025-07-15,57110,1,2289.0,2291.5,2025-07-15 10:12:00,2025-07-15 10:31:00,-2.336420471562915,0.11048560498171493,-0.0005084160033878554
2025-07-15,57110,-1,2293.5,2292.5,2025-07-15 10:39:00,2025-07-15 11:05:00,1.683216441935231,0.07982704438606895,-0.0011638900933932037
2025-07-15,57110,1,2288.0,2288.5,2025-07-15 11:16:00,2025-07-15 15:24:00,-2.003393513184759,0.04158335383611379,-0.001381492405991752
2025-07-16,57110,-1,2287.5,2278.5,2025-07-16 10:00:00,2025-07-16 10:18:00,4.5532953842021575,0.24175255470867865,0.002342186445739182
2025-07-16,57110,1,2273.0,2276.0,2025-07-16 10:36:00,2025-07-16 13:05:00,-1.535064933413902,0.2550476477502441,-0.0002810286063217166
2025-07-16,57110,-1,2278.0,2276.5,2025-07-16 13:27:00,2025-07-16 13:47:00,1.7444786526282345,-0.019739053980747077,-0.0009413107677093731
2025-07-16,57110,1,2273.0,2268.5,2025-07-16 13:56:00,2025-07-16 15:24:00,,,-0.00358172474852465
2025-07-17,57110,-1,2253.5,2247.0,2025-07-17 10:00:00,2025-07-17 10:30:00,4.985614697645093,0.22126552441736785,0.0012885699453738214
2025-07-17,57110,1,2244.0,2246.5,2025-07-17 10:52:00,2025-07-17 11:16:00,-1.6609159243771672,0.2449379839367908,-0.00048653813237219796
2025-07-17,57110,-1,2248.0,2256.5,2025-07-17 11:22:00,2025-07-17 15:24:00,,,-0.005374008253474096
2025-07-18,57110,-1,2263.0,2259.5,2025-07-18 10:08:00,2025-07-18 10:17:00,2.5547966419939256,0.08233378445835791,-5.2183217797042904e-05
2025-07-18,57110,-1,2261.0,2259.5,2025-07-18 10:46:00,2025-07-18 12:30:00,1.6333257584588063,-0.23989597602231444,-0.0009363565733645369
2025-07-18,57110,-1,2262.0,2260.0,2025-07-18 12:32:00,2025-07-18 12:33:00,2.0349181552991373,0.18732240177837114,-0.000715435590265782
2025-07-18,57110,-1,2262.0,2260.0,2025-07-18 12:43:00,2025-07-18 12:47:00,1.5260186383899101,0.13080127348586887,-0.000715435590265782
2025-07-18,57110,1,2257.0,2259.0,2025-07-18 12:51:00,2025-07-18 13:18:00,-1.6147769436405044,-0.2913588103079233,-0.0007142603495323932
2025-07-18,57110,1,2256.0,2250.5,2025-07-18 13:27:00,2025-07-18 15:24:00,,,-0.004040919884962098
2025-07-22,57110,1,2275.0,2262.5,2025-07-22 10:30:00,2025-07-22 15:24:00,,,-0.007109655810969584
2025-07-23,57110,-1,2307.0,2304.0,2025-07-23 10:00:00,2025-07-23 10:06:00,1.6626544995689712,-0.07368943688255455,-0.0002987636420282143
2025-07-23,57110,1,2301.0,2304.0,2025-07-23 10:15:00,2025-07-23 10:31:00,-1.6730841245236547,0.11165782149486099,-0.0002970682195839382
2025-07-23,57110,1,2299.5,2303.0,2025-07-23 10:40:00,2025-07-23 10:50:00,-2.004176556669148,-0.27720523938479724,-7.908715929325527e-05
2025-07-23,57110,-1,2306.0,2304.0,2025-07-23 11:16:00,2025-07-23 11:18:00,1.5180517134845761,0.28826665577564714,-0.0007323209867775303
2025-07-23,57110,-1,2306.0,2309.0,2025-07-23 11:20:00,2025-07-23 13:37:00,1.9997536374229117,0.19325096416743484,-0.0029001085254911213
2025-07-23,57110,-1,2312.0,2308.5,2025-07-23 13:52:00,2025-07-23 14:31:00,1.5326091386801495,-0.21790280736815687,-8.501215477553742e-05
2025-07-23,57110,-1,2311.5,2304.0,2025-07-23 14:35:00,2025-07-23 15:24:00,,,0.0016499216124982255
2025-07-24,57110,1,2324.0,2325.0,2025-07-24 10:08:00,2025-07-24 10:35:00,-1.8562558487134944,-0.2741149823889691,-0.0011697999503452509
2025-07-24,57110,1,2323.5,2325.0,2025-07-24 10:37:00,2025-07-24 10:52:00,-1.7412177322337012,-0.21725230206783674,-0.0009546305035763472
2025-07-24,57110,1,2323.0,2325.0,2025-07-24 11:00:00,2025-07-24 11:03:00,-2.1852517359381536,-0.19071866320345648,-0.0007394147489524449
2025-07-24,57110,-1,2327.0,2341.5,2025-07-24 11:09:00,2025-07-24 15:24:00,,,-0.0078118653213048025
2025-07-25,57110,-1,2329.5,2327.0,2025-07-25 10:04:00,2025-07-25 10:24:00,1.7235825191434646,0.05970349958282049,-0.0005262320454403363
2025-07-25,57110,1,2324.5,2327.0,2025-07-25 10:46:00,2025-07-25 10:50:00,-1.520730436380818,0.07756064488996804,-0.0005250778283477316
2025-07-25,57110,1,2324.5,2325.0,2025-07-25 11:09:00,2025-07-25 11:27:00,-2.153097073217349,-0.22138929051465633,-0.0013849231091827051
2025-07-25,57110,1,2321.5,2322.0,2025-07-25 12:31:00,2025-07-25 13:26:00,-1.5950283985721303,-0.27243244536639893,-0.0013846452021396107
2025-07-25,57110,1,2316.5,2303.0,2025-07-25 13:35:00,2025-07-25 15:24:00,,,-0.007444805036017897
2025-07-28,57110,-1,2307.0,2304.5,2025-07-28 10:23:00,2025-07-28 10:49:00,2.0710819409322037,-0.014802566155056086,-0.0005157539868093368
2025-07-28,57110,-1,2307.5,2309.0,2025-07-28 11:03:00,2025-07-28 13:58:00,2.2983276146638256,-0.04401794006033745,-0.0022498429774881167
2025-07-28,57110,-1,2312.0,2323.0,2025-07-28 14:22:00,2025-07-28 15:24:00,,,-0.006346502978141153
2025-07-29,57110,-1,2306.0,2301.5,2025-07-29 10:00:00,2025-07-29 10:27:00,4.401950014167289,0.17698248545654915,0.00035333757170824694
2025-07-29,57110,1,2299.0,2301.0,2025-07-29 11:00:00,2025-07-29 12:30:00,-1.5989330319800859,0.26438934476478154,-0.0007304347278157665
2025-07-29,57110,1,2299.0,2299.5,2025-07-29 13:21:00,2025-07-29 14:57:00,-1.5855317256355166,-0.22925614680980708,-0.0013825377832029538
2025-07-29,57110,-1,2302.5,2302.5,2025-07-29 15:20:00,2025-07-29 15:24:00,,,-0.0016
2025-07-30,57110,1,2298.5,2301.0,2025-07-30 10:00:00,2025-07-30 10:04:00,-1.6211150588608396,-0.09752487966725688,-0.0005129252109167608
2025-07-30,57110,-1,2304.0,2301.0,2025-07-30 10:09:00,2025-07-30 10:15:00,1.872509488526256,-0.12528158078140147,-0.0002970682195839829
2025-07-30,57110,-1,2303.5,2305.0,2025-07-30 10:46:00,2025-07-30 12:31:00,1.847854272968123,0.27695930652292955,-0.002250971054777226
2025-07-30,57110,-1,2307.5,2319.0,2025-07-30 12:59:00,2025-07-30 15:24:00,,,-0.006571370878524441
2025-07-31,57110,-1,2304.0,2322.5,2025-07-31 10:00:00,2025-07-31 15:24:00,,,-0.009597448872211676
2025-08-01,57110,-1,2349.0,2344.5,2025-08-01 10:00:00,2025-08-01 10:25:00,2.5065141411592484,0.1274103482484319,0.00031754612927181736
2025-08-01,57110,-1,2349.5,2348.5,2025-08-01 10:34:00,2025-08-01 13:18:00,1.928762050354157,0.19692761555911195,-0.0011742869241793542
2025-08-01,57110,-1,2351.0,2348.0,2025-08-01 13:34:00,2025-08-01 13:37:00,2.374228534652529,-0.16523487848455654,-0.0003231324079175657
2025-08-01,57110,1,2346.5,2348.0,2025-08-01 13:50:00,2025-08-01 14:33:00,-1.6491176493702426,-0.05883287334583088,-0.0009609542864853028
2025-08-01,57110,1,2346.5,2348.0,2025-08-01 14:34:00,2025-08-01 14:55:00,-1.8966840694425118,0.0260313828577991,-0.0009609542864853028
2025-08-01,57110,-1,2350.0,2348.0,2025-08-01 15:01:00,2025-08-01 15:12:00,1.5814478880827925,-0.00886033746533888,-0.0007485738097823761
2025-08-01,57110,-1,2350.5,2352.0,2025-08-01 15:20:00,2025-08-01 15:24:00,,,-0.0022379585543323543
2025-08-04,57110,-1,2321.5,2341.5,2025-08-04 10:00:00,2025-08-04 15:24:00,,,-0.010178221163619949
2025-08-05,57110,-1,2382.0,2376.5,2025-08-05 10:00:00,2025-08-05 14:19:00,7.873707527335625,0.15713181372070556,0.0007116538611812706
2025-08-05,57110,-1,2381.5,2377.0,2025-08-05 14:22:00,2025-08-05 15:02:00,2.6012636794251165,0.2693710386587504,0.00029135288072114113
2025-08-05,57110,1,2373.0,2373.0,2025-08-05 15:24:00,2025-08-05 15:24:00,,,-0.0016
2025-08-06,57110,-1,2404.5,2402.0,2025-08-06 10:21:00,2025-08-06 10:32:00,1.9149393442969638,-0.09964537568135481,-0.0005597419222115338
2025-08-06,57110,-1,2406.0,2403.0,2025-08-06 10:34:00,2025-08-06 11:00:00,2.3157049858647545,0.2045142628608969,-0.00035233920184474807
2025-08-06,57110,-1,2405.5,2403.5,2025-08-06 11:01:00,2025-08-06 12:32:00,1.5670788824086614,0.23903848317632556,-0.0007682261945070103
2025-08-06,57110,-1,2407.0,2403.5,2025-08-06 12:34:00,2025-08-06 12:42:00,1.9483915491050403,0.17498008148766336,-0.0001448495509434628
2025-08-06,57110,-1,2405.5,2403.5,2025-08-06 13:01:00,2025-08-06 13:11:00,1.5668003772838244,0.20363263409415636,-0.0007682261945070103
2025-08-06,57110,-1,2405.0,2403.0,2025-08-06 13:21:00,2025-08-06 13:25:00,1.5301650480351763,-0.1637381089965555,-0.0007680531966073576
2025-08-06,57110,-1,2405.5,2403.0,2025-08-06 13:33:00,2025-08-06 13:35:00,1.644737171550681,-0.1477529990476473,-0.0005601745969605425
2025-08-06,57110,-1,2405.0,2403.0,2025-08-06 13:41:00,2025-08-06 13:57:00,2.0315136066397366,-0.23094859061739603,-0.0007680531966073576
2025-08-06,57110,1,2400.5,2399.0,2025-08-06 14:01:00,2025-08-06 15:24:00,,,-0.0022250651313004493
2025-08-07,57110,-1,2405.5,2437.5,2025-08-07 10:00:00,2025-08-07 15:24:00,,,-0.014815141732493747
2025-08-08,57110,-1,2433.5,2415.0,2025-08-08 10:00:00,2025-08-08 10:24:00,1.6975452389639825,0.2493049973720637,0.0060312631868359775
2025-08-08,57110,1,2408.0,2412.5,2025-08-08 10:53:00,2025-08-08 10:57:00,-1.6105879757971433,-0.26201942257700755,0.0002670267844293538
2025-08-08,57110,-1,2419.0,2413.0,2025-08-08 11:00:00,2025-08-08 12:31:00,1.6169742178492896,-0.2552995047889684,0.0008834449849955065
2025-08-08,57110,-1,2418.5,2436.0,2025-08-08 12:33:00,2025-08-08 15:24:00,,,-0.008809836566749751
2025-08-12,57110,-1,2482.5,2470.0,2025-08-12 10:00:00,2025-08-12 10:56:00,3.628862738391992,-0.06544990857373881,0.0034479662973048095
2025-08-12,57110,-1,2475.5,2471.0,2025-08-12 11:10:00,2025-08-12 12:30:00,1.805608803001252,0.09636231764112625,0.00021946881286765254
2025-08-12,57110,-1,2475.5,2470.5,2025-08-12 12:47:00,2025-08-12 13:10:00,1.7692067058727785,-0.15702393442678914,0.0004218365156730306
2025-08-12,57110,-1,2475.0,2471.0,2025-08-12 13:20:00,2025-08-12 13:56:00,1.588257760706371,-0.07486915036853478,1.7469014180613923e-05
2025-08-12,57110,1,2463.0,2471.0,2025-08-12 14:02:00,2025-08-12 14:17:00,-2.455138315633751,0.008219444229035013,0.0016428078680720923
2025-08-12,57110,1,2464.5,2470.5,2025-08-12 14:30:00,2025-08-12 14:58:00,-2.8852683968607433,-0.055748116826186134,0.0008316121403721779
2025-08-12,57110,-1,2478.5,2478.5,2025-08-12 15:24:00,2025-08-12 15:24:00,,,-0.0016
2025-08-13,57110,-1,2509.0,2507.5,2025-08-13 10:00:00,2025-08-13 12:37:00,3.4377783748918134,-0.2545457580531947,-0.0010019734696683404
2025-08-13,57110,-1,2513.0,2509.0,2025-08-13 13:06:00,2025-08-13 13:25:00,2.4970208970974728,-0.048893482905577386,-7.008822830054497e-06
2025-08-13,57110,1,2505.5,2494.5,2025-08-13 13:27:00,2025-08-13 15:24:00,,,-0.0060000070986872735
2025-08-14,57110,-1,2482.0,2482.5,2025-08-14 10:00:00,2025-08-14 11:06:00,1.5255013835469677,0.13515892879375535,-0.0018014301547750284
2025-08-14,57110,-1,2486.5,2482.5,2025-08-14 12:33:00,2025-08-14 12:38:00,3.2727311119197915,0.2811257745040956,9.982235465566492e-06
2025-08-14,57110,1,2479.0,2481.5,2025-08-14 12:39:00,2025-08-14 12:48:00,-1.8571191223346044,-0.23409394803448103,-0.0005920370076949433
2025-08-14,57110,1,2478.5,2459.5,2025-08-14 13:07:00,2025-08-14 15:24:00,,,-0.009295461225234128
2025-08-15,57110,-1,2464.5,2515.5,2025-08-15 10:00:00,2025-08-15 15:24:00,,,-0.022082643785940773
2025-08-18,57110,-1,2548.0,2563.0,2025-08-18 10:00:00,2025-08-18 15:24:00,,,-0.007469709672017155
2025-08-19,57110,1,2557.0,2562.5,2025-08-19 10:00:00,2025-08-19 10:16:00,-1.8816787157684818,-0.023798729995973437,0.0005486481554770131
2025-08-19,57110,1,2558.5,2562.0,2025-08-19 10:20:00,2025-08-19 10:36:00,-1.579772433612051,-0.23589398944586823,-0.00023294578846690334
2025-08-19,57110,1,2558.0,2561.5,2025-08-19 10:48:00,2025-08-19 10:56:00,-2.1568924863063965,-0.23112386340369168,-0.00023267875953098005
2025-08-19,57110,1,2558.0,2562.0,2025-08-19 11:06:00,2025-08-19 11:10:00,-2.0519614452645714,0.020571471380929972,-3.749968210836575e-05
2025-08-19,57110,-1,2565.5,2562.5,2025-08-19 11:22:00,2025-08-19 12:33:00,1.5408504515511607,-0.22806717993539724,-0.0004299530646441625
2025-08-19,57110,1,2559.0,2563.5,2025-08-19 12:38:00,2025-08-19 12:42:00,-1.7999101154557104,0.2102444229840259,0.00015695506396648106
2025-08-19,57110,-1,2567.0,2563.0,2025-08-19 12:47:00,2025-08-19 12:58:00,1.5619905235947136,-0.03768414164968246,-4.0545492930672746e-05
2025-08-19,57110,-1,2567.0,2564.5,2025-08-19 13:04:00,2025-08-19 14:51:00,1.595024964913041,0.09666366552229251,-0.0006256259581827
2025-08-19,57110,1,2559.5,2547.0,2025-08-19 14:55:00,2025-08-19 15:24:00,,,-0.006495730918180895
2025-08-20,57110,1,2557.0,2521.0,2025-08-20 10:00:00,2025-08-20 15:24:00,,,-0.01577904810326682
2025-08-21,57110,-1,2538.0,2544.0,2025-08-21 10:00:00,2025-08-21 12:38:00,1.5193930971444731,0.08563325009858422,-0.003961276185679686
2025-08-21,57110,-1,2551.5,2544.5,2025-08-21 12:47:00,2025-08-21 13:05:00,1.8701060300404588,0.17461189457719806,0.0011472544751388069
2025-08-21,57110,-1,2547.5,2544.5,2025-08-21 13:20:00,2025-08-21 13:50:00,1.8941521446011045,0.1707785995950327,-0.0004216809320074875
2025-08-21,57110,-1,2546.5,2544.5,2025-08-21 14:08:00,2025-08-21 14:32:00,1.7475304017119824,0.22750138742290993,-0.0008142997042280685
2025-08-21,57110,-1,2546.5,2545.0,2025-08-21 14:35:00,2025-08-21 15:23:00,2.6955312505192177,0.24678438643684783,-0.001010782659963765
2025-08-22,57110,1,2542.5,2547.0,2025-08-22 10:15:00,2025-08-22 10:27:00,-1.618090296528297,0.10068974790149605,0.00016834705674194914
2025-08-22,57110,1,2543.5,2519.5,2025-08-22 10:32:00,2025-08-22 15:24:00,,,-0.011080616142166965
2025-08-25,57110,-1,2564.5,2559.5,2025-08-25 10:00:00,2025-08-25 10:26:00,1.5733509086037543,0.07196409370030936,0.0003516009316852195
2025-08-25,57110,-1,2564.5,2559.0,2025-08-25 10:32:00,2025-08-25 13:11:00,1.9569730074879206,-0.17203036640788574,0.0005469706695343417
2025-08-25,57110,1,2557.0,2559.5,2025-08-25 13:37:00,2025-08-25 13:42:00,-2.053050829552636,0.11664388919792142,-0.0006227693935487127
2025-08-25,57110,-1,2561.0,2559.5,2025-08-25 14:03:00,2025-08-25 14:06:00,1.726502614329225,0.09902490339278824,-0.0010141196981126575
2025-08-25,57110,-1,2560.5,2559.5,2025-08-25 14:08:00,2025-08-25 14:09:00,1.500917333114005,0.1255541334555865,-0.0012093749950329862
2025-08-25,57110,-1,2561.0,2559.0,2025-08-25 14:14:00,2025-08-25 14:32:00,2.3973945674685355,-0.28764195704152246,-0.0008187499602635129
2025-08-25,57110,-1,2562.0,2559.5,2025-08-25 14:39:00,2025-08-25 14:40:00,1.8046764010875842,0.050190786036130905,-0.0006237234409584404
2025-08-25,57110,-1,2562.5,2560.5,2025-08-25 14:43:00,2025-08-25 15:13:00,1.972525436065719,0.2013952255487777,-0.0008192074559413754
2025-08-25,57110,-1,2564.0,2569.5,2025-08-25 15:15:00,2025-08-25 15:24:00,,,-0.0037427883917236946
2025-08-26,57110,1,2526.0,2542.0,2025-08-26 10:00:00,2025-08-26 13:01:00,-4.272712160667958,0.15555031222197946,0.004714148838963036
2025-08-26,57110,1,2539.5,2541.5,2025-08-26 13:32:00,2025-08-26 13:43:00,-2.4688066882799937,0.12135634797466659,-0.0008127533543425173
2025-08-26,57110,-1,2543.5,2543.0,2025-08-26 13:51:00,2025-08-26 14:48:00,2.062218990371444,0.2595307387470535,-0.00140340115929993
2025-08-26,57110,1,2540.0,2542.0,2025-08-26 15:11:00,2025-08-26 15:24:00,-1.8032081727537077,-0.02918442152865627,-0.0008129082631829975
2025-08-27,57110,-1,2556.5,2556.0,2025-08-27 10:00:00,2025-08-27 15:03:00,5.013763910062051,-0.07274906420875517,-0.0014044009773714497
2025-08-27,57110,-1,2558.5,2560.0,2025-08-27 15:11:00,2025-08-27 15:24:00,,,-0.0021861092284617095
2025-08-28,57110,1,2548.0,2551.0,2025-08-28 10:01:00,2025-08-28 10:03:00,-2.1133414668322765,-0.20126109929484087,-0.0004232985502424793
2025-08-28,57110,1,2549.0,2551.0,2025-08-28 10:11:00,2025-08-28 10:20:00,-1.5588409715275273,-0.13035838304882094,-0.0008156862343040406
2025-08-28,57110,1,2549.0,2551.0,2025-08-28 10:22:00,2025-08-28 10:58:00,-1.5646308035345797,-0.07542356203297784,-0.0008156862343040406
2025-08-28,57110,1,2547.0,2549.5,2025-08-28 11:00:00,2025-08-28 12:31:00,-1.8101394664981412,0.14673183917702842,-0.0006189344842466471
2025-08-28,57110,1,2542.0,2547.5,2025-08-28 12:41:00,2025-08-28 12:48:00,-1.7023116922676282,-0.27506781111652806,0.0005613133474805497
2025-08-28,57110,1,2545.0,2548.0,2025-08-28 13:00:00,2025-08-28 13:21:00,-1.5147787719250776,-0.27405761003150203,-0.0004219122925692555
2025-08-28,57110,1,2546.5,2548.0,2025-08-28 13:22:00,2025-08-28 13:34:00,-1.5398405768381855,-0.2459025337976181,-0.0010111296326054107
2025-08-28,57110,1,2546.0,2548.0,2025-08-28 13:41:00,2025-08-28 13:49:00,-1.7195362212012142,-0.19636235950579137,-0.0008147624252978384
2025-08-28,57110,-1,2550.5,2548.5,2025-08-28 13:50:00,2025-08-28 13:57:00,1.6520761683442222,0.16003285624346028,-0.0008155324171151936
2025-08-28,57110,-1,2549.5,2548.5,2025-08-28 14:25:00,2025-08-28 14:53:00,1.6779439271780487,0.27369316015375345,-0.0012076892848860016
2025-08-28,57110,1,2546.5,2546.0,2025-08-28 15:22:00,2025-08-28 15:24:00,,,-0.0017963672073075313
2025-08-29,57110,-1,2541.5,2553.5,2025-08-29 10:00:00,2025-08-29 15:24:00,,,-0.006310509200741348
2025-09-01,57110,-1,2549.0,2543.0,2025-09-01 10:00:00,2025-09-01 10:13:00,2.2664761288621653,0.24456827472209836,0.0007566389539958261
2025-09-01,57110,1,2538.0,2542.0,2025-09-01 10:36:00,2025-09-01 10:47:00,-1.7076293620292569,-0.005403192953673985,-2.5196524933609066e-05
2025-09-01,57110,1,2539.0,2521.5,2025-09-01 10:49:00,2025-09-01 15:24:00,,,-0.008516340187898434
2025-09-02,57110,-1,2568.5,2572.5,2025-09-02 10:00:00,2025-09-02 14:02:00,1.9593918249550712,0.2691132706364566,-0.003156117800882198
2025-09-02,57110,1,2569.5,2571.5,2025-09-02 14:39:00,2025-09-02 14:44:00,-2.206706408251937,-0.05938622885858125,-0.0008219412173134812
2025-09-02,57110,-1,2573.5,2572.5,2025-09-02 14:46:00,2025-09-02 15:16:00,1.9760977028872062,0.2413354753513311,-0.0012113486153954407
2025-09-02,57110,-1,2576.5,2579.5,2025-09-02 15:22:00,2025-09-02 15:24:00,,,-0.0027636929164255543
2025-09-03,57110,-1,2615.0,2608.0,2025-09-03 10:00:00,2025-09-03 12:32:00,5.790970190842218,-0.2770398474683515,0.0010804534524797244
2025-09-03,57110,1,2597.5,2573.5,2025-09-03 12:47:00,2025-09-03 15:24:00,,,-0.010882603880573254
2025-09-04,57110,-1,2630.5,2633.5,2025-09-04 10:00:00,2025-09-04 12:30:00,3.13169228486074,0.23509062355294374,-0.0027398177525821124
2025-09-04,57110,-1,2638.5,2632.0,2025-09-04 12:31:00,2025-09-04 12:33:00,1.5924213234610445,-0.15700045162880866,0.0008665604005147073
2025-09-04,57110,1,2622.0,2611.0,2025-09-04 12:48:00,2025-09-04 15:24:00,,,-0.005804095624516347
2025-09-05,57110,1,2602.5,2590.0,2025-09-05 10:00:00,2025-09-05 15:24:00,,,-0.006414645795540563
2025-09-08,57110,-1,2613.0,2609.5,2025-09-08 10:05:00,2025-09-08 10:17:00,1.5695490892294877,0.2842041976459786,-0.00025964556285548203
2025-09-08,57110,-1,2612.0,2608.5,2025-09-08 10:48:00,2025-09-08 11:02:00,1.538746299765992,0.09659832683372324,-0.00025913206612571235
2025-09-08,57110,1,2606.0,2594.0,2025-09-08 11:04:00,2025-09-08 15:24:00,,,-0.00621539280840128
2025-09-09,57110,1,2602.5,2599.5,2025-09-09 10:11:00,2025-09-09 12:30:00,-2.1362511874227588,-0.07262087731950431,-0.0027534026653535074
2025-09-09,57110,-1,2609.5,2601.0,2025-09-09 12:40:00,2025-09-09 13:47:00,1.8140024975149969,-0.13814057902916144,0.0016626456348163823
2025-09-09,57110,1,2596.5,2584.5,2025-09-09 13:59:00,2025-09-09 15:24:00,,,-0.006232318648279629
2025-09-10,57110,1,2563.0,2564.5,2025-09-10 10:33:00,2025-09-10 11:16:00,-1.6907181515685235,-0.13358590629793823,-0.001014919534748008
2025-09-10,57110,1,2561.5,2565.0,2025-09-10 11:18:00,2025-09-10 11:30:00,-1.9854289540407015,0.27601576592947813,-0.00023454577438712914
2025-09-10,57110,1,2561.5,2560.5,2025-09-10 12:32:00,2025-09-10 15:11:00,-1.736453067743616,-0.28901730347494203,-0.0019904724766519506
2025-09-10,57110,1,2558.0,2559.0,2025-09-10 15:17:00,2025-09-10 15:24:00,,,-0.0012091459789991149
2025-09-11,57110,-1,2572.5,2590.5,2025-09-11 10:00:00,2025-09-11 11:26:00,2.4584226273791905,0.22352501047354317,-0.008572718546638238
2025-09-11,57110,-1,2595.0,2589.5,2025-09-11 12:30:00,2025-09-11 12:47:00,1.6938825334100094,-0.2737894596210941,0.0005217097360428133
2025-09-11,57110,1,2586.0,2588.5,2025-09-11 13:10:00,2025-09-11 15:13:00,-1.5157685621744508,0.132962915127755,-0.0006337229898467807
2025-09-11,57110,1,2584.0,2586.0,2025-09-11 15:22:00,2025-09-11 15:24:00,,,-0.0008263055706896711
2025-09-12,57110,1,2599.5,2604.0,2025-09-12 10:07:00,2025-09-12 12:42:00,-2.013003729079305,-0.21320904046100894,0.00012960550468935203
2025-09-12,57110,1,2602.0,2583.5,2025-09-12 13:14:00,2025-09-12 15:24:00,,,-0.008735311345211284
2025-09-16,57110,1,2595.5,2599.0,2025-09-16 10:00:00,2025-09-16 10:13:00,-1.803939783325493,-0.1793348780334046,-0.00025242062579341963
2025-09-16,57110,-1,2604.5,2632.5,2025-09-16 10:18:00,2025-09-16 15:24:00,,,-0.012293246822884372
2025-09-17,57110,-1,2638.0,2632.0,2025-09-17 10:00:00,2025-09-17 10:27:00,2.3572439534961376,0.08106693644229604,0.0006770408320521143
2025-09-17,57110,1,2623.5,2629.0,2025-09-17 10:31:00,2025-09-17 10:41:00,-1.6607581164214504,-0.22336059564902885,0.000494241603114685
2025-09-17,57110,1,2619.0,2610.5,2025-09-17 10:49:00,2025-09-17 15:24:00,,,-0.004850791657104791
2025-09-18,57110,-1,2613.0,2610.5,2025-09-18 10:00:00,2025-09-18 10:51:00,2.9670610001805398,0.20643809079371864,-0.0006427873299945695
2025-09-18,57110,-1,2613.0,2612.0,2025-09-18 11:02:00,2025-09-18 12:35:00,2.0526627549432077,0.2904883416758682,-0.0012172248757092376
2025-09-18,57110,-1,2615.5,2616.0,2025-09-18 12:38:00,2025-09-18 14:32:00,1.78226521654841,0.012647117445780513,-0.0017911497664234559
2025-09-18,57110,1,2613.5,2615.5,2025-09-18 15:05:00,2025-09-18 15:17:00,-1.7358691955782548,-0.21864884453778183,-0.0008350353423108793
2025-09-18,57110,-1,2619.5,2616.0,2025-09-18 15:19:00,2025-09-18 15:20:00,2.191637351225645,0.10603745263955346,-0.0002629737288148903
2025-09-18,57110,1,2611.5,2608.5,2025-09-18 15:23:00,2025-09-18 15:24:00,,,-0.0027494254139060594
2025-09-19,57110,1,2603.5,2613.5,2025-09-19 10:00:00,2025-09-19 10:17:00,-5.547709522358171,-0.13680452808577917,0.00223362555002286
2025-09-19,57110,1,2608.5,2613.5,2025-09-19 10:25:00,2025-09-19 10:45:00,-1.5743929939762895,0.12152688125224767,0.0003149756905291277
2025-09-19,57110,1,2610.5,2612.0,2025-09-19 11:00:00,2025-09-19 12:38:00,-1.6242470828288853,-0.08341764356072284,-0.001025562454285449
2025-09-19,57110,1,2607.5,2589.0,2025-09-19 12:43:00,2025-09-19 15:24:00,,,-0.008720207123389827
2025-09-22,57110,-1,2616.5,2614.0,2025-09-22 10:00:00,2025-09-22 11:07:00,3.679262023959665,0.24110052112142413,-0.0006440683719047585
2025-09-22,57110,1,2606.0,2636.0,2025-09-22 12:30:00,2025-09-22 15:24:00,,,0.009846137937607356
2025-09-24,57110,1,2624.0,2626.0,2025-09-24 10:00:00,2025-09-24 12:34:00,-3.5737214403595527,-0.2767269078522979,-0.0008380952012381911
2025-09-24,57110,-1,2628.5,2647.0,2025-09-24 13:22:00,2025-09-24 15:24:00,,,-0.008613581967598604
2025-09-25,57110,-1,2784.0,2862.0,2025-09-25 10:26:00,2025-09-25 15:24:00,,,-0.029231938662085885
2025-09-26,57110,-1,2818.0,2813.5,2025-09-26 10:00:00,2025-09-26 12:30:00,1.5461385570755048,0.07842396482403265,-1.8464147081302586e-06
2025-09-26,57110,1,2796.5,2792.0,2025-09-26 12:35:00,2025-09-26 15:24:00,,,-0.0032104503793795374
2025-09-29,57110,-1,2749.0,2732.0,2025-09-29 10:00:00,2025-09-29 11:00:00,4.608953583457729,-0.15511481518563425,0.0046032674745650135
2025-09-29,57110,-1,2738.0,2761.0,2025-09-29 11:17:00,2025-09-29 15:24:00,,,-0.009965206081760273
2025-09-30,57110,1,2768.5,2770.0,2025-09-30 10:00:00,2025-09-30 10:59:00,-3.5221150937721615,-0.23193338750633152,-0.0010583370816377754
2025-09-30,57110,-1,2788.0,2772.0,2025-09-30 11:22:00,2025-09-30 12:32:00,2.417753662985909,-0.2983686396649804,0.004155411570620651
2025-09-30,57110,1,2767.5,2774.5,2025-09-30 13:10:00,2025-09-30 13:14:00,-2.007821174109868,0.28553269675543486,0.0009261651831638849
2025-09-30,57110,-1,2779.0,2774.0,2025-09-30 13:25:00,2025-09-30 13:50:00,1.7713080614380183,-0.009188991298145124,0.00020082886772678074
2025-09-30,57110,-1,2778.0,2774.0,2025-09-30 13:57:00,2025-09-30 14:01:00,1.532399010453395,-0.030711481115876387,-0.00015907756048777824
2025-09-30,57110,-1,2778.0,2774.5,2025-09-30 14:04:00,2025-09-30 14:22:00,1.8073079061196364,0.032671340411362874,-0.00033930645166685967
2025-09-30,57110,-1,2779.0,2775.0,2025-09-30 14:48:00,2025-09-30 14:51:00,1.5025102758710303,0.2591513600625582,-0.00015959643803115358
2025-09-30,57110,1,2770.5,2775.0,2025-09-30 15:00:00,2025-09-30 15:11:00,-1.675128443880478,0.2831120491378637,2.2937873130568715e-05
2025-09-30,57110,-1,2781.5,2773.5,2025-09-30 15:21:00,2025-09-30 15:24:00,2.1170332099175706,-0.19387716043142803,0.001280290020058642
2025-10-01,57110,1,2710.0,2709.0,2025-10-01 10:07:00,2025-10-01 12:42:00,-2.0505954349091735,-0.0797042418347714,-0.0019690717886514677
2025-10-01,57110,1,2703.0,2702.5,2025-10-01 12:58:00,2025-10-01 15:24:00,,,-0.0017849967630843022
2025-10-02,57110,1,2786.0,2792.0,2025-10-02 10:04:00,2025-10-02 13:05:00,-2.991363935329145,0.07878038730691551,0.0005513095425120748
2025-10-02,57110,1,2785.0,2791.0,2025-10-02 13:25:00,2025-10-02 13:34:00,-1.5018883438293023,-0.12528667917465916,0.0005520811749377106
2025-10-02,57110,-1,2794.0,2791.5,2025-10-02 14:06:00,2025-10-02 14:08:00,1.7913800390463053,0.09975608772620208,-0.0007048249335080345
2025-10-02,57110,1,2788.5,2791.5,2025-10-02 14:32:00,2025-10-02 14:37:00,-2.658884900121499,0.16625348404405868,-0.0005247310791931931
2025-10-02,57110,1,2789.0,2791.0,2025-10-02 14:39:00,2025-10-02 14:52:00,-2.0485402658306935,-0.0832790912581473,-0.0008831540911668033
2025-10-02,57110,1,2788.0,2766.5,2025-10-02 14:55:00,2025-10-02 15:24:00,,,-0.009341509542250043
2025-10-03,57110,-1,2778.0,2773.0,2025-10-03 10:10:00,2025-10-03 10:28:00,3.206748585473871,0.18905926585509653,0.00020147769851106652
2025-10-03,57110,1,2763.5,2771.5,2025-10-03 10:38:00,2025-10-03 11:02:00,-1.9649804993609277,-0.19490097360670547,0.0012906975865418213
2025-10-03,57110,1,2767.0,2771.5,2025-10-03 11:13:00,2025-10-03 11:23:00,-2.852384403205146,-0.2691511865144465,2.49890729333731e-05
2025-10-03,57110,-1,2776.5,2772.0,2025-10-03 12:31:00,2025-10-03 12:34:00,2.8179509152600213,-0.03423405392870734,2.2060371868054974e-05
2025-10-03,57110,-1,2775.5,2805.0,2025-10-03 12:42:00,2025-10-03 15:24:00,,,-0.012172627826580755
2025-10-06,57110,1,2836.0,2828.0,2025-10-06 10:00:00,2025-10-06 15:24:00,,,-0.004424860635554739
2025-10-07,57110,1,2842.5,2851.5,2025-10-07 10:06:00,2025-10-07 12:31:00,-3.3096542204477,0.18911809980485125,0.0015612249719023504
2025-10-07,57110,-1,2858.0,2854.5,2025-10-07 12:54:00,2025-10-07 14:26:00,1.5989499278006183,-0.037764929525672966,-0.0003746169145012119
2025-10-07,57110,1,2840.0,2830.0,2025-10-07 14:42:00,2025-10-07 15:24:00,,,-0.0051273405179684105
2025-10-08,57110,-1,2868.5,2863.5,2025-10-08 10:00:00,2025-10-08 10:37:00,3.902186179749211,0.2295052836587632,0.00014459220801370048
2025-10-08,57110,1,2856.0,2862.0,2025-10-08 10:53:00,2025-10-08 10:54:00,-1.5585844598870535,-0.054734940235933956,0.0004986366569212054
2025-10-08,57110,-1,2867.5,2862.5,2025-10-08 11:13:00,2025-10-08 11:18:00,1.5393302900510326,0.049641190910928876,0.00014520114103063852
2025-10-08,57110,-1,2867.5,2971.0,2025-10-08 11:25:00,2025-10-08 15:24:00,,,-0.03705802645908186
2025-10-09,57110,1,2967.0,2984.0,2025-10-09 10:04:00,2025-10-09 10:39:00,-1.8183378497884335,-0.053262576326200524,0.004113341032829751
2025-10-09,57110,-1,2994.0,2986.5,2025-10-09 11:03:00,2025-10-09 12:35:00,1.555219745303995,-0.1059468507288719,0.0009081528072130234
2025-10-09,57110,-1,2994.0,2988.5,2025-10-09 12:41:00,2025-10-09 14:08:00,1.6840638269870905,-0.03622337716033806,0.00023869671526478733
2025-10-09,57110,-1,2991.5,2995.5,2025-10-09 14:14:00,2025-10-09 15:24:00,,,-0.002936228693893014
2025-10-10,57110,1,2901.5,2872.0,2025-10-10 10:00:00,2025-10-10 15:24:00,,,-0.011819193462548219
2025-10-14,57110,-1,2956.0,2947.0,2025-10-14 10:01:00,2025-10-14 10:57:00,2.2249250840197723,0.07794037991253974,0.0014492993303976524
2025-10-14,57110,1,2929.0,2818.0,2025-10-14 11:01:00,2025-10-14 15:24:00,,,-0.04023365436910792
2025-10-15,57110,-1,2895.0,2928.5,2025-10-15 10:00:00,2025-10-15 15:24:00,,,-0.013105235522741333
2025-10-16,57110,1,2937.5,2920.0,2025-10-16 10:00:00,2025-10-16 15:24:00,,,-0.007575263190086955
2025-10-17,57110,-1,2907.5,2927.5,2025-10-17 10:00:00,2025-10-17 10:55:00,1.5961330003451533,0.14207749668083083,-0.008455211079052873
2025-10-17,57110,-1,2933.0,2923.5,2025-10-17 12:31:00,2025-10-17 13:55:00,1.9615676522668342,0.14737711488021535,0.0016442613617258228
2025-10-17,57110,1,2918.0,2911.5,2025-10-17 14:00:00,2025-10-17 15:24:00,,,-0.0038300378055563175
2025-10-20,57110,1,2922.5,2929.5,2025-10-20 10:00:00,2025-10-20 10:45:00,-2.2747090550232842,0.2757218308240218,0.0007923456386199014
2025-10-20,57110,-1,2934.0,2933.5,2025-10-20 11:03:00,2025-10-20 12:31:00,1.5894920371624275,0.0933422483599423,-0.001429569662987602
2025-10-20,57110,1,2929.0,2932.0,2025-10-20 13:10:00,2025-10-20 13:19:00,-1.7236025887821402,-0.27063547514757036,-0.0005762838211913737
2025-10-20,57110,1,2930.0,2932.0,2025-10-20 13:24:00,2025-10-20 13:29:00,-1.6850348103941593,-0.23071580243156536,-0.0009176390045709131
2025-10-20,57110,1,2929.5,2932.0,2025-10-20 13:42:00,2025-10-20 13:56:00,-1.8513267566262377,-0.14403248997259252,-0.0007469759783011386
2025-10-20,57110,-1,2935.5,2933.0,2025-10-20 13:59:00,2025-10-20 14:27:00,1.7534762335016598,0.28576718642998583,-0.0007479934732104219
2025-10-20,57110,1,2926.5,2931.5,2025-10-20 14:35:00,2025-10-20 14:39:00,-1.9331537696795373,-0.25583069093332944,0.00010706767299425058
2025-10-20,57110,-1,2937.0,2932.5,2025-10-20 14:51:00,2025-10-20 15:04:00,1.7118762516694248,-0.054773418568934494,-6.664932901046037e-05
2025-10-20,57110,-1,2938.0,2942.0,2025-10-20 15:17:00,2025-10-20 15:24:00,,,-0.002960544427560301
2025-10-21,57110,1,2925.5,2935.0,2025-10-21 10:00:00,2025-10-21 10:24:00,-2.550875388656372,-0.16347027542840406,0.0016420470339061231
2025-10-21,57110,1,2929.5,2935.5,2025-10-21 10:28:00,2025-10-21 10:35:00,-1.8501737801059486,-0.10883341487816407,0.00044603651939718945
2025-10-21,57110,-1,2939.5,2938.5,2025-10-21 10:42:00,2025-10-21 11:13:00,1.503211086911994,0.29355278716096095,-0.0012597482103955339
2025-10-21,57110,1,2931.0,2910.5,2025-10-21 12:30:00,2025-10-21 15:24:00,,,-0.008618773999102193
2025-10-22,57110,-1,2860.0,2855.5,2025-10-22 10:09:00,2025-10-22 10:19:00,1.6123819226524099,-0.05599566034561804,-2.5334291019279325e-05
2025-10-22,57110,-1,2861.0,2856.5,2025-10-22 10:22:00,2025-10-22 10:41:00,1.5270466199003438,-0.007167771557242182,-2.588511440691191e-05
2025-10-22,57110,-1,2861.5,2858.5,2025-10-22 11:03:00,2025-10-22 12:34:00,2.136446783416487,0.22893256076544802,-0.000551048854868974
2025-10-22,57110,-1,2865.0,2890.0,2025-10-22 12:40:00,2025-10-22 15:24:00,,,-0.010288151957637824
2025-10-23,57110,-1,2883.5,2936.5,2025-10-23 10:00:00,2025-10-23 15:24:00,,,-0.01981356190710686
2025-10-24,57110,-1,2962.5,3002.0,2025-10-24 10:00:00,2025-10-24 15:24:00,,,-0.014845226750020724
2025-10-27,57110,1,3014.0,3020.0,2025-10-27 10:00:00,2025-10-27 10:41:00,-1.7542961968149984,-0.21889235878686494,0.0003887311824744804
2025-10-27,57110,1,3015.0,3021.0,2025-10-27 10:51:00,2025-10-27 10:56:00,-2.3786711364876187,0.10595151906978612,0.0003880722253861151
2025-10-27,57110,1,3017.0,3021.0,2025-10-27 11:05:00,2025-10-27 11:07:00,-1.7371628908739634,0.09198173223532397,-0.00027505777238906784
2025-10-27,57110,1,3017.0,3021.0,2025-10-27 11:19:00,2025-10-27 12:32:00,-1.6760822979731809,0.10745779353084972,-0.00027505777238906784
2025-10-27,57110,1,3017.0,3019.0,2025-10-27 12:42:00,2025-10-27 14:19:00,-1.7809263353473872,-0.09867886825868817,-0.000937309452222271
2025-10-27,57110,1,3016.0,3020.0,2025-10-27 14:21:00,2025-10-27 14:31:00,-1.8146514359210162,0.29977823084767663,-0.0002746187589312899
2025-10-27,57110,-1,3025.0,3044.0,2025-10-27 14:40:00,2025-10-27 15:24:00,,,-0.007861348516634519
2025-10-28,57110,1,2966.5,2972.0,2025-10-28 10:01:00,2025-10-28 10:22:00,-2.131215169826963,0.009535749090287734,0.0002523201389518328
2025-10-28,57110,1,2965.0,2900.5,2025-10-28 10:26:00,2025-10-28 15:24:00,,,-0.023593896525706853
2025-10-29,57110,1,2918.5,2922.0,2025-10-29 10:01:00,2025-10-29 10:16:00,-1.9195066146961204,-0.24482307167349757,-0.00040147233320096676
2025-10-29,57110,-1,2929.5,2923.5,2025-10-29 10:18:00,2025-10-29 10:27:00,2.727460653833109,0.23165811344913914,0.0004502313691181262
2025-10-29,57110,-1,2931.0,2927.0,2025-10-29 10:32:00,2025-10-29 12:40:00,2.3347746415903337,-0.06822771834033182,-0.00023434598099341362
2025-10-29,57110,-1,2933.0,2927.0,2025-10-29 12:50:00,2025-10-29 13:05:00,1.7786953106429906,-0.1393712220071929,0.0004477822855651979
2025-10-29,57110,1,2922.5,2927.0,2025-10-29 13:08:00,2025-10-29 13:18:00,-1.5730568300388077,-0.05883170291744868,-6.14066543376513e-05
2025-10-29,57110,-1,2933.0,2953.5,2025-10-29 13:22:00,2025-10-29 15:24:00,,,-0.008565117769838959
2025-10-30,57110,-1,2970.5,2983.5,2025-10-30 10:00:00,2025-10-30 13:15:00,2.862654130842626,0.2915930583757951,-0.005966819166340389
2025-10-30,57110,-1,2992.0,3012.0,2025-10-30 13:33:00,2025-10-30 15:24:00,,,-0.00826224982541625
2025-10-31,57110,1,3003.0,3012.0,2025-10-31 10:12:00,2025-10-31 10:25:00,-1.5723471556161253,-0.1559137966663544,0.0013925209364539293
2025-10-31,57110,1,3005.0,2972.5,2025-10-31 10:33:00,2025-10-31 15:24:00,,,-0.01247421840437105
2025-11-04,57110,-1,2970.5,2965.0,2025-11-04 10:00:00,2025-11-04 12:34:00,2.929773575400885,-0.1688641850677411,0.0002532563639702707
2025-11-04,57110,1,2956.0,2925.0,2025-11-04 12:56:00,2025-11-04 15:24:00,,,-0.012142522402135564
2025-11-05,57110,1,2851.0,2836.5,2025-11-05 10:00:00,2025-11-05 12:41:00,-6.609807809899494,-0.17186467320891002,-0.00669891214605009
2025-11-05,57110,-1,2846.5,2874.0,2025-11-05 13:22:00,2025-11-05 15:24:00,,,-0.011214618247833754
2025-11-06,57110,1,2876.0,2881.0,2025-11-06 10:00:00,2025-11-06 10:16:00,-1.5853455604315532,0.25196733458335285,0.0001370162435911091
2025-11-06,57110,1,2874.0,2879.0,2025-11-06 10:19:00,2025-11-06 10:45:00,-1.8412801299872152,0.12457411090212639,0.00013822397320569597
2025-11-06,57110,1,2871.0,2878.0,2025-11-06 11:00:00,2025-11-06 11:19:00,-1.6823655825934143,0.13936687072024279,0.0008352073262491726
2025-11-06,57110,-1,2888.0,2884.5,2025-11-06 12:31:00,2025-11-06 13:34:00,2.25046743565023,0.18535331225393262,-0.00038735368422731825
2025-11-06,57110,-1,2890.0,2886.0,2025-11-06 13:36:00,2025-11-06 14:24:00,1.7669764480869017,0.04034671641101476,-0.0002149582273383156
2025-11-06,57110,1,2878.0,2866.5,2025-11-06 14:40:00,2025-11-06 15:24:00,,,-0.005603835098875725
2025-11-07,57110,-1,2864.5,2859.0,2025-11-07 10:00:00,2025-11-07 10:06:00,1.9549865555132058,-0.05034273485558834,0.00032190152632071865
2025-11-07,57110,-1,2865.0,2859.5,2025-11-07 10:12:00,2025-11-07 10:15:00,1.7941662329299999,0.09909924141907236,0.000321565793469019
2025-11-07,57110,-1,2866.5,2861.0,2025-11-07 10:17:00,2025-11-07 10:39:00,2.055997149227848,0.029723109590229675,0.000320559298327185
2025-11-07,57110,1,2854.0,2848.5,2025-11-07 10:56:00,2025-11-07 14:05:00,-1.5059825561038926,-0.05416863528631828,-0.0035289791163315076
2025-11-07,57110,-1,2852.0,2849.0,2025-11-07 14:33:00,2025-11-07 14:35:00,1.6875967834984085,0.12229659407532627,-0.0005475529637217727
2025-11-07,57110,-1,2851.5,2849.0,2025-11-07 14:40:00,2025-11-07 14:47:00,1.902004952545347,0.10544275123443982,-0.0007228839013147861
2025-11-07,57110,-1,2851.5,2858.0,2025-11-07 14:51:00,2025-11-07 15:24:00,,,-0.003876907893219146
2025-11-10,57110,-1,2915.0,2936.0,2025-11-10 10:00:00,2025-11-10 15:24:00,,,-0.008778290949813507
2025-11-11,57110,1,2955.0,2943.0,2025-11-11 10:10:00,2025-11-11 15:24:00,,,-0.005669181606725743
2025-11-12,57110,-1,3057.0,3033.0,2025-11-12 10:00:00,2025-11-12 13:32:00,2.7500248459767795,-0.13785677646998146,0.006281814202253368
2025-11-12,57110,1,3027.0,3033.0,2025-11-12 13:45:00,2025-11-12 14:32:00,-1.89270499019793,-0.10424667972705168,0.00038019866686250076
2025-11-12,57110,1,3028.0,3033.0,2025-11-12 14:38:00,2025-11-12 14:41:00,-1.6565949818638506,-0.07136948968160843,4.9893131241686645e-05
2025-11-12,57110,1,3027.0,3033.0,2025-11-12 14:59:00,2025-11-12 15:00:00,-2.412021623865244,-0.08819784137173835,0.00038019866686250076
2025-11-12,57110,-1,3039.0,3047.0,2025-11-12 15:05:00,2025-11-12 15:24:00,,,-0.004228986068915861
2025-11-13,57110,-1,3071.0,3111.0,2025-11-13 10:00:00,2025-11-13 15:24:00,,,-0.014540976456814611
2025-11-14,57110,-1,3110.0,3085.0,2025-11-14 10:00:00,2025-11-14 10:42:00,4.227561113195747,-0.04908702350560186,0.0064710688337916615
2025-11-14,57110,-1,3090.0,3086.0,2025-11-14 10:55:00,2025-11-14 10:58:00,1.5019539795483734,0.26477715192195345,-0.000304663031315018
2025-11-14,57110,1,3078.0,3085.0,2025-11-14 11:00:00,2025-11-14 11:06:00,-2.1460373485305584,-0.020300200436239677,0.0006716219406635701
2025-11-14,57110,1,3078.0,3103.0,2025-11-14 11:21:00,2025-11-14 15:24:00,,,0.006489350049555747
2025-11-17,57110,1,3110.0,3118.0,2025-11-17 10:03:00,2025-11-17 13:00:00,-2.1691942964644055,-0.08267373295047065,0.000969044444442029
2025-11-17,57110,-1,3124.0,3119.0,2025-11-17 13:22:00,2025-11-17 13:32:00,1.5912848113597353,0.1538990443221627,1.7943517733320924e-06
2025-11-17,57110,1,3113.0,3118.0,2025-11-17 13:39:00,2025-11-17 13:45:00,-1.9746284970970092,-0.14054802956612872,4.87917611355056e-06
2025-11-17,57110,1,3114.0,3118.0,2025-11-17 14:21:00,2025-11-17 14:46:00,-2.9478634967113173,-0.07966824004688249,-0.00031630277622187266
2025-11-17,57110,1,3114.0,3118.0,2025-11-17 14:56:00,2025-11-17 14:59:00,-1.7837484377808834,-0.06726417794570048,-0.00031630277622187266
2025-11-17,57110,1,3114.0,3127.0,2025-11-17 15:01:00,2025-11-17 15:24:00,,,0.00256600506389772
2025-11-18,57110,1,3068.0,3005.0,2025-11-18 10:00:00,2025-11-18 15:24:00,,,-0.022348315517838866
2025-11-19,57110,-1,3020.0,3004.0,2025-11-19 10:00:00,2025-11-19 12:41:00,1.9840763034582036,-0.09977146379101406,0.0037120974848899417
2025-11-19,57110,1,2994.0,2997.0,2025-11-19 13:19:00,2025-11-19 15:05:00,-1.8744032355480273,-0.19900112700509787,-0.0005984976629103997
2025-11-19,57110,1,2992.0,2997.0,2025-11-19 15:22:00,2025-11-19 15:24:00,,,6.972822229538221e-05
2025-11-20,57110,-1,3076.0,3080.0,2025-11-20 10:00:00,2025-11-20 12:42:00,3.9476392811620045,0.1683286285043375,-0.0028995453420856475
2025-11-20,57110,1,3061.0,3077.0,2025-11-20 12:46:00,2025-11-20 13:11:00,-1.8086675345260244,-0.039127355741856794,0.0036134363766293738
2025-11-20,57110,1,3069.0,3078.0,2025-11-20 13:28:00,2025-11-20 13:39:00,-1.7535407655082214,0.27626362509400926,0.0013282597790883596
2025-11-20,57110,-1,3080.0,3077.0,2025-11-20 14:04:00,2025-11-20 14:32:00,2.558408328740581,-0.16833556956277057,-0.0006254993544216887
2025-11-20,57110,1,3069.0,3062.0,2025-11-20 15:01:00,2025-11-20 15:24:00,,,-0.00388347840210707
2025-11-21,57110,-1,3003.0,2996.0,2025-11-21 10:15:00,2025-11-21 10:35:00,2.3377573401903504,-0.2387427480310733,0.0007337233462202115
2025-11-21,57110,-1,3004.0,2998.5,2025-11-21 10:45:00,2025-11-21 10:56:00,1.5652043420778445,0.24200562042884785,0.00023257027546093323
2025-11-21,57110,1,2991.5,2987.5,2025-11-21 11:01:00,2025-11-21 14:12:00,-1.7974389121232515,0.13470042919357805,-0.0029380165903203975
2025-11-21,57110,1,2983.0,2997.0,2025-11-21 14:34:00,2025-11-21 15:24:00,,,0.003082282801914738
2025-11-25,57110,-1,3061.0,3049.0,2025-11-25 10:00:00,2025-11-25 12:33:00,3.741995967106627,-0.14923185840047948,0.0023279919571577087
2025-11-25,57110,-1,3063.0,3087.0,2025-11-25 12:54:00,2025-11-25 15:24:00,,,-0.009404917669384135
2025-11-26,57110,-1,3113.0,3109.0,2025-11-26 10:00:00,2025-11-26 10:28:00,1.7431208451489442,-0.11135120707450334,-0.000314239617145664
2025-11-26,57110,-1,3116.0,3110.0,2025-11-26 10:46:00,2025-11-26 11:08:00,1.699493491824213,0.013177642050278118,0.00032740181735901354
2025-11-26,57110,-1,3118.0,3144.0,2025-11-26 12:30:00,2025-11-26 15:24:00,,,-0.009904103931375419
2025-11-27,57110,1,3052.0,3087.0,2025-11-27 10:00:00,2025-11-27 10:39:00,-10.44258471412931,-0.052515316194311004,0.00980263209781177
2025-11-27,57110,1,3080.0,3087.0,2025-11-27 11:12:00,2025-11-27 11:20:00,-1.55250078191801,-0.0003849371900256601,0.0006701485345390775
2025-11-27,57110,1,3081.0,3085.0,2025-11-27 11:22:00,2025-11-27 14:37:00,-1.658731437226175,0.1588832068590083,-0.000302562257179749
2025-11-27,57110,1,3081.0,3084.0,2025-11-27 15:18:00,2025-11-27 15:21:00,-1.9865807932974837,-0.0741937503664713,-0.000626763913447825
2025-11-28,57110,-1,3115.0,3132.0,2025-11-28 10:00:00,2025-11-28 15:24:00,,,-0.007042625889140272
2025-12-01,57110,1,3132.0,3142.0,2025-12-01 10:00:00,2025-12-01 10:48:00,-5.459468837545812,-0.17727859598600654,0.001587761704872699
2025-12-01,57110,1,3135.0,3143.0,2025-12-01 11:01:00,2025-12-01 11:07:00,-1.8243691109079194,-0.00881441800596856,0.0009485837305465564
2025-12-01,57110,-1,3150.0,3142.0,2025-12-01 11:13:00,2025-12-01 11:17:00,1.6843043643895745,-0.25578631178419,0.0009429130041122486
2025-12-01,57110,-1,3152.0,3144.0,2025-12-01 11:22:00,2025-12-01 11:28:00,1.9424098579789517,0.15589790894033514,0.0009412974286725324
2025-12-01,57110,1,3136.0,3163.0,2025-12-01 12:31:00,2025-12-01 15:24:00,,,0.006972841835350415
2025-12-02,57110,1,3137.0,3148.0,2025-12-02 10:00:00,2025-12-02 10:28:00,-2.035608456526642,-0.23982651337839586,0.0019004013466156773
2025-12-02,57110,1,3138.0,3113.0,2025-12-02 10:40:00,2025-12-02 15:24:00,,,-0.009598762851369774
2025-12-03,57110,1,3086.0,3093.0,2025-12-03 10:05:00,2025-12-03 11:12:00,-1.6421265265762828,-0.0444911026455944,0.0006657397619634629
2025-12-03,57110,-1,3130.0,3125.0,2025-12-03 12:30:00,2025-12-03 15:24:00,,,-1.2786363030072023e-06
2025-12-04,57110,-1,3177.0,3191.0,2025-12-04 10:00:00,2025-12-04 13:39:00,2.857045511394656,0.1894613735242938,-0.005996992008727264
2025-12-04,57110,-1,3196.0,3192.0,2025-12-04 13:44:00,2025-12-04 14:34:00,1.6324842473238046,0.071321843854553,-0.00034765168353405144
2025-12-04,57110,-1,3198.0,3191.0,2025-12-04 14:49:00,2025-12-04 15:24:00,,,0.0005912671156560565
2025-12-05,57110,-1,3194.0,3223.0,2025-12-05 10:00:00,2025-12-05 15:24:00,,,-0.01063855304048013
2025-12-08,57110,1,3232.0,3243.0,2025-12-08 10:00:00,2025-12-08 15:24:00,,,0.0017976866663320017
2025-12-09,57110,1,3236.0,3243.0,2025-12-09 10:02:00,2025-12-09 10:06:00,-1.5635198517935451,-0.030528979034999133,0.0005608281289356894
2025-12-09,57110,1,3234.0,3213.0,2025-12-09 10:27:00,2025-12-09 15:24:00,,,-0.008114681021193643
2025-12-10,57110,-1,3365.0,3345.0,2025-12-10 10:03:00,2025-12-10 10:09:00,2.521681730155898,0.04509464903974243,0.004361269516499334
2025-12-10,57110,1,3336.0,3344.0,2025-12-10 10:39:00,2025-12-10 11:15:00,-1.798789397178834,0.17541856544952592,0.00079521072595485
2025-12-10,57110,-1,3351.0,3343.0,2025-12-10 11:29:00,2025-12-10 13:02:00,1.5954249950476898,0.029283041568975064,0.000790201317211829
2025-12-10,57110,-1,3352.0,3346.0,2025-12-10 13:05:00,2025-12-10 14:12:00,2.2222846365001065,0.2437360911853051,0.00019158005520433156
2025-12-10,57110,-1,3353.0,3344.0,2025-12-10 14:18:00,2025-12-10 14:31:00,1.5974731193388712,-0.16411680406225226,0.0010877722616362926
2025-12-10,57110,1,3341.0,3344.0,2025-12-10 15:04:00,2025-12-10 15:07:00,-1.8330222126256812,-0.2946072336454619,-0.000702468152164296
2025-12-10,57110,-1,3348.0,3340.0,2025-12-10 15:10:00,2025-12-10 15:24:00,,,0.0007923456386198238
2025-12-11,57110,1,3340.0,3302.0,2025-12-11 10:00:00,2025-12-11 15:24:00,,,-0.01304246149067275
2025-12-12,57110,-1,3413.0,3463.0,2025-12-12 10:00:00,2025-12-12 15:24:00,,,-0.01614359549571491
2025-12-15,57110,1,3389.0,3393.0,2025-12-15 10:00:00,2025-12-15 12:57:00,-1.9327916768349227,0.28440736326945476,-0.00042040682282126545
2025-12-15,57110,-1,3396.0,3392.0,2025-12-15 13:53:00,2025-12-15 14:08:00,1.9573669819842654,-0.018559840890700983,-0.0004214494805557475
2025-12-15,57110,1,3388.0,3392.0,2025-12-15 14:15:00,2025-12-15 14:23:00,-1.9004514545424112,-0.0023606110295301573,-0.00042005886015123047
2025-12-15,57110,1,3387.0,3391.0,2025-12-15 14:32:00,2025-12-15 15:22:00,-2.36037398025527,-0.21650626410094861,-0.0004197106921330375
2025-12-16,57110,1,3319.0,3327.0,2025-12-16 10:00:00,2025-12-16 15:15:00,-4.65827150882443,-0.28193184678371175,0.0008074642985020245
2025-12-16,57110,1,3315.0,3315.0,2025-12-16 15:24:00,2025-12-16 15:24:00,,,-0.0016
2025-12-17,57110,-1,3318.0,3321.0,2025-12-17 10:00:00,2025-12-17 13:40:00,2.638963125276482,-0.09056462360249946,-0.002503750626356679
2025-12-17,57110,-1,3328.0,3331.0,2025-12-17 14:21:00,2025-12-17 15:24:00,,,-0.0025010362525804243
2025-12-18,57110,1,3304.0,3317.0,2025-12-18 10:04:00,2025-12-18 10:23:00,-1.841939907737817,0.2913351010627278,0.0023269043061838043
2025-12-18,57110,-1,3327.0,3319.0,2025-12-18 10:41:00,2025-12-18 12:38:00,1.6052585546978315,0.03167733142316656,0.0008074642985021689
2025-12-18,57110,-1,3328.0,3324.0,2025-12-18 13:09:00,2025-12-18 15:24:00,,,-0.00039735403423954755
2025-12-19,57110,1,3320.0,3328.0,2025-12-19 10:00:00,2025-12-19 10:51:00,-5.172467823970015,0.2966467626606668,0.0008067400305650592
2025-12-19,57110,-1,3337.0,3396.0,2025-12-19 11:08:00,2025-12-19 15:24:00,,,-0.019126068679863988
2025-12-22,57110,-1,3503.0,3513.0,2025-12-22 10:00:00,2025-12-22 15:24:00,,,-0.004450629068340295
2025-12-23,57110,-1,3510.0,3509.0,2025-12-23 10:01:00,2025-12-23 13:57:00,1.5677759583225148,0.2427827508038396,-0.001315059123303659
2025-12-23,57110,-1,3512.0,3508.0,2025-12-23 14:09:00,2025-12-23 14:15:00,2.052914674222008,-0.1146416260231226,-0.0004603987370663265
2025-12-23,57110,-1,3512.0,3519.0,2025-12-23 14:20:00,2025-12-23 15:24:00,,,-0.003591182566577777
2025-12-24,57110,-1,3641.0,3633.0,2025-12-24 10:00:00,2025-12-24 13:52:00,3.377393505990571,-0.122303253766179,0.0005996159542314527
2025-12-24,57110,1,3617.0,3632.0,2025-12-24 14:01:00,2025-12-24 14:26:00,-1.5267379808631105,-0.20423001269237417,0.0025385077690858937
2025-12-24,57110,-1,3644.0,3646.0,2025-12-24 14:35:00,2025-12-24 15:24:00,,,-0.002148696858759448
2025-12-25,57110,1,3669.0,3700.0,2025-12-25 10:00:00,2025-12-25 10:28:00,-3.040173021457156,0.07627235962034576,0.006813674277033732
2025-12-25,57110,1,3682.0,3666.0,2025-12-25 10:34:00,2025-12-25 15:24:00,,,-0.005954933393372863
2025-12-26,57110,-1,3703.0,3699.0,2025-12-26 10:04:00,2025-12-26 10:39:00,1.716518456777227,0.04425473527317409,-0.0005192109188412767
2025-12-26,57110,1,3691.0,3653.0,2025-12-26 10:48:00,2025-12-26 15:24:00,,,-0.01194867623471603
2025-12-29,57110,1,3730.0,3741.0,2025-12-29 10:00:00,2025-12-29 11:16:00,-2.0273068590295678,-0.13571439657200154,0.001344721710284852
2025-12-29,57110,-1,3753.0,3746.0,2025-12-29 12:35:00,2025-12-29 14:55:00,1.6797707071945587,-0.15510327438234092,0.00026691613098702165
2025-12-29,57110,1,3738.0,3746.0,2025-12-29 15:15:00,2025-12-29 15:22:00,-1.5552368312007048,-0.14294115485776168,0.0005378949885255886
2025-12-30,57110,-1,3669.0,3686.0,2025-12-30 10:00:00,2025-12-30 15:24:00,,,-0.006222713874486627
2026-01-05,57110,-1,3751.0,3732.0,2026-01-05 10:00:00,2026-01-05 10:30:00,1.9974625411999414,-0.27576305700308706,0.003478188114652855
2026-01-05,57110,1,3727.0,3731.0,2026-01-05 10:38:00,2026-01-05 11:25:00,-1.864467392162323,-0.12826554475901963,-0.0005273262581006717
2026-01-05,57110,1,3720.0,3700.0,2026-01-05 12:30:00,2026-01-05 15:24:00,,,-0.006990848634876423
2026-01-06,57110,-1,3934.0,3945.0,2026-01-06 10:00:00,2026-01-06 15:22:00,3.4669917063518736,-0.04899600997568625,-0.004392234330970189
2026-01-07,57110,1,3970.0,3984.0,2026-01-07 10:00:00,2026-01-07 10:06:00,-2.456056298777112,0.033995112271204116,0.0019202450232527768
2026-01-07,57110,-1,4003.0,3988.0,2026-01-07 10:14:00,2026-01-07 10:17:00,1.6948064545732298,0.28243084797424345,0.0021542279108447016
2026-01-07,57110,1,3976.0,3982.0,2026-01-07 10:49:00,2026-01-07 11:20:00,-2.0259384099419977,-0.20273599360055464,-9.20831523230723e-05
2026-01-07,57110,-1,4012.0,3986.0,2026-01-07 11:27:00,2026-01-07 12:32:00,1.883393287184472,0.03129317920494527,0.004901648309086118
2026-01-07,57110,-1,4011.0,3995.0,2026-01-07 12:42:00,2026-01-07 14:00:00,1.7803908606649146,-0.05800372631733118,0.002397007569677853
2026-01-07,57110,-1,4012.0,4001.0,2026-01-07 14:09:00,2026-01-07 14:54:00,2.1422125507664025,0.23769852721466064,0.0011455402245910686
2026-01-07,57110,1,3993.0,3993.0,2026-01-07 15:24:00,2026-01-07 15:24:00,,,-0.0016
2026-01-08,57110,-1,4039.0,3994.0,2026-01-08 10:00:00,2026-01-08 12:33:00,5.1759592604400195,0.1193571917301532,0.00960390158765239
2026-01-08,57110,-1,4006.0,3992.0,2026-01-08 13:14:00,2026-01-08 13:32:00,1.8446334646584592,-0.09023045131665312,0.0019008787944089659
2026-01-08,57110,1,3982.0,3961.0,2026-01-08 13:36:00,2026-01-08 15:24:00,,,-0.006887687002224926
2026-01-09,57110,1,3969.0,3969.0,2026-01-09 10:18:00,2026-01-09 11:00:00,-1.518495004078799,-0.2584815876559392,-0.0016
2026-01-09,57110,-1,3985.0,3967.0,2026-01-09 11:22:00,2026-01-09 14:03:00,1.7190958692579577,-0.1944992612895945,0.002927170709985245
2026-01-09,57110,-1,3979.0,3983.0,2026-01-09 14:26:00,2026-01-09 15:24:00,,,-0.00260477275471553
2026-01-13,57110,1,4206.0,4208.0,2026-01-13 10:24:00,2026-01-13 13:03:00,-2.0427243870032186,-0.2890169401432026,-0.0011246018450994041
2026-01-13,57110,-1,4223.0,4212.0,2026-01-13 13:25:00,2026-01-13 13:43:00,1.613549452548707,-0.09366906655703346,0.0010081816800775018
2026-01-13,57110,1,4208.0,4212.0,2026-01-13 14:17:00,2026-01-13 14:38:00,-1.6833549679958835,-0.14266764990334072,-0.0006498811636797434
2026-01-13,57110,1,4206.0,4212.0,2026-01-13 14:45:00,2026-01-13 14:56:00,-1.650428045116371,-0.05969287994358942,-0.00017448300877905324
2026-01-13,57110,1,4205.0,4201.0,2026-01-13 15:18:00,2026-01-13 15:24:00,,,-0.0025517012376664004
2026-01-14,57110,-1,4310.0,4389.0,2026-01-14 10:00:00,2026-01-14 15:24:00,,,-0.019763506590440533
2026-01-15,57110,-1,4412.0,4394.0,2026-01-15 10:00:00,2026-01-15 10:05:00,1.5245108627393194,0.05239348552020637,0.0024881274288375286
2026-01-15,57110,1,4372.0,4390.0,2026-01-15 10:22:00,2026-01-15 10:47:00,-1.6569321014718796,-0.2269918802320424,0.002508656772787941
2026-01-15,57110,-1,4407.0,4394.0,2026-01-15 11:05:00,2026-01-15 12:30:00,1.7244075568682182,-0.01212434309450538,0.00135421189743152
2026-01-15,57110,1,4377.0,4394.0,2026-01-15 12:58:00,2026-01-15 13:11:00,-1.6189978188921141,0.24515463883562094,0.002276415753660151
2026-01-15,57110,1,4381.0,4382.0,2026-01-15 13:36:00,2026-01-15 15:24:00,,,-0.001371767658486579
2026-01-16,57110,1,4329.0,4344.0,2026-01-16 10:22:00,2026-01-16 10:28:00,-2.007333372992306,-0.13017584695607987,0.001859014171790785
2026-01-16,57110,-1,4362.0,4348.0,2026-01-16 10:40:00,2026-01-16 11:01:00,1.9089015704086145,0.0908459356590837,0.0016146985204743586
2026-01-16,57110,-1,4361.0,4349.0,2026-01-16 11:06:00,2026-01-16 11:25:00,1.6586453792429978,0.12310449324244374,0.0011554552451280905
2026-01-16,57110,1,4332.0,4346.0,2026-01-16 12:49:00,2026-01-16 12:52:00,-1.7024536260586443,-0.02210276347548768,0.0016265526954937972
2026-01-16,57110,1,4337.0,4345.0,2026-01-16 12:56:00,2026-01-16 13:21:00,-1.6626080406666084,-0.018178372459335873,0.00024289386412618109
2026-01-16,57110,-1,4360.0,4347.0,2026-01-16 13:38:00,2026-01-16 15:05:00,1.5519147884819975,-0.04431299087506056,0.0013861053542879541
2026-01-16,57110,-1,4354.0,4347.0,2026-01-16 15:06:00,2026-01-16 15:21:00,2.7812834014961076,-0.12190851652577456,9.010805700662488e-06
2026-01-19,57110,1,4290.0,4307.0,2026-01-19 10:00:00,2026-01-19 10:50:00,-1.8091786770006344,0.08010186178605888,0.0023548731320478904
2026-01-19,57110,-1,4330.0,4349.0,2026-01-19 11:14:00,2026-01-19 15:24:00,,,-0.005978391601102864
2026-01-20,57110,1,4292.0,4318.0,2026-01-20 10:00:00,2026-01-20 10:24:00,-3.363109210623385,0.11222232247278134,0.004439507324163534
2026-01-20,57110,1,4294.0,4297.0,2026-01-20 10:43:00,2026-01-20 12:53:00,-2.474992486818179,-0.0025667648648785837,-0.0009015946637311295
2026-01-20,57110,1,4280.0,4291.0,2026-01-20 13:02:00,2026-01-20 14:14:00,-1.782962258755316,-0.10304788792619488,0.0009667964156823145
2026-01-20,57110,-1,4301.0,4293.0,2026-01-20 14:42:00,2026-01-20 15:02:00,2.95321436872276,0.1778818628335236,0.00026176455917573723
2026-01-20,57110,-1,4299.0,4293.0,2026-01-20 15:14:00,2026-01-20 15:22:00,1.6860715262320112,0.1421226636802328,-0.00020335172827902416
2026-01-21,57110,-1,4307.0,4358.0,2026-01-21 10:00:00,2026-01-21 15:24:00,,,-0.01337163045045456
2026-01-22,57110,1,4327.0,4337.0,2026-01-22 10:00:00,2026-01-22 11:21:00,-3.0517716329871027,-0.1584945343889232,0.0007084036104815343
2026-01-22,57110,-1,4364.0,4356.0,2026-01-22 12:30:00,2026-01-22 15:24:00,,,0.00023486290011033497
2026-01-23,57110,-1,4485.0,4467.0,2026-01-23 10:01:00,2026-01-23 10:45:00,2.3105741591450317,0.1365404682318986,0.002421453140777836
2026-01-23,57110,-1,4478.0,4467.0,2026-01-23 10:47:00,2026-01-23 10:54:00,1.9202000798582128,0.1402765646811662,0.0008594758065814804
2026-01-23,57110,1,4457.0,4465.0,2026-01-23 11:10:00,2026-01-23 11:18:00,-1.5572974716134935,-0.1781384889092591,0.00019332036404350527
2026-01-23,57110,-1,4476.0,4467.0,2026-01-23 12:30:00,2026-01-23 12:32:00,2.073640562289431,0.1432129732069251,0.00041274807969712076
2026-01-23,57110,1,4458.0,4464.0,2026-01-23 12:36:00,2026-01-23 12:56:00,-1.5820024531343502,-0.20073514384956517,-0.0002550098846673878
2026-01-23,57110,1,4448.0,4463.0,2026-01-23 13:08:00,2026-01-23 14:20:00,-2.600793467950735,-0.10347286303696203,0.0017666286988516652
2026-01-23,57110,-1,4475.0,4467.0,2026-01-23 14:49:00,2026-01-23 15:24:00,,,0.00018930935683711164
2026-01-26,57110,-1,4513.0,4498.0,2026-01-26 10:01:00,2026-01-26 10:28:00,1.8299115841660765,0.2828084367120822,0.0017292673077401713
2026-01-26,57110,-1,4514.0,4499.0,2026-01-26 10:33:00,2026-01-26 10:50:00,1.9674918486425492,0.15638649580020358,0.0017285285363086622
2026-01-26,57110,-1,4514.0,4496.0,2026-01-26 11:04:00,2026-01-26 11:19:00,1.6592935244926321,-0.2197669657831531,0.002395565803954028
2026-01-26,57110,1,4476.0,4422.0,2026-01-26 12:33:00,2026-01-26 15:24:00,,,-0.013737708014424256
2026-01-27,57110,-1,4444.0,4427.0,2026-01-27 10:06:00,2026-01-27 10:09:00,1.505180037963911,-0.030883768204550847,0.002232718027379582
2026-01-27,57110,-1,4439.0,4429.0,2026-01-27 10:16:00,2026-01-27 10:23:00,1.5017470071884467,0.019088004970680437,0.000655300910837013
2026-01-27,57110,-1,4441.0,4450.0,2026-01-27 10:28:00,2026-01-27 14:13:00,1.5411343689419175,0.2715933147132216,-0.003624519868183563
2026-01-27,57110,-1,4455.0,4448.0,2026-01-27 14:32:00,2026-01-27 14:46:00,1.5543481758190836,0.08012778832727692,-2.749602550867168e-05
2026-01-27,57110,-1,4457.0,4455.0,2026-01-27 14:56:00,2026-01-27 15:24:00,,,-0.0011511669583538322
2026-01-28,57110,1,4406.0,4416.0,2026-01-28 10:35:00,2026-01-28 11:07:00,-2.107270888270655,-0.06775305468073228,0.0006670605946429156
2026-01-28,57110,-1,4424.0,4443.0,2026-01-28 11:08:00,2026-01-28 15:24:00,1.5015094254959809,0.2440484577311112,-0.005885559733737705
2026-01-29,57110,-1,4504.0,4484.0,2026-01-29 10:03:00,2026-01-29 10:15:00,1.5325834372702007,0.22176955369730197,0.0028503856274758035
2026-01-29,57110,1,4456.0,4575.0,2026-01-29 10:25:00,2026-01-29 15:24:00,,,0.02475519610250165
2026-01-30,57110,-1,4600.0,4567.0,2026-01-30 10:00:00,2026-01-30 10:18:00,2.068741821923554,-0.16349166485533384,0.005599769292187395
2026-01-30,57110,-1,4581.0,4571.0,2026-01-30 10:36:00,2026-01-30 10:39:00,1.748167694765041,0.26189658934330373,0.0005853155549977692
2026-01-30,57110,1,4558.0,4445.0,2026-01-30 10:42:00,2026-01-30 15:24:00,,,-0.026704061857624663
2026-02-02,57110,-1,4357.0,4298.0,2026-02-02 10:00:00,2026-02-02 11:20:00,4.779092414218787,0.13850827631527712,0.012033948914986338
2026-02-02,57110,-1,4317.0,4178.0,2026-02-02 11:26:00,2026-02-02 15:24:00,,,0.031128053438966383
2026-02-03,57110,-1,4387.0,4434.0,2026-02-03 10:00:00,2026-02-03 15:24:00,,,-0.012256489010042861
2026-02-04,57110,-1,4629.0,4669.0,2026-02-04 10:00:00,2026-02-04 15:24:00,,,-0.010204053939666528
2026-02-05,57110,-1,4707.0,4689.0,2026-02-05 10:00:00,2026-02-05 10:18:00,1.9446870909443523,-0.14456260632896353,0.002231422311555949
2026-02-05,57110,1,4674.0,4686.0,2026-02-05 10:21:00,2026-02-05 10:29:00,-2.363963600385571,-0.29687880717511245,0.0009641039689376339
2026-02-05,57110,1,4669.0,4485.0,2026-02-05 10:45:00,2026-02-05 15:24:00,,,-0.04180642047804048
2026-02-06,57110,-1,4431.0,4412.0,2026-02-06 10:00:00,2026-02-06 10:21:00,1.7498650635525264,0.22696262504569012,0.0026971908260964373
2026-02-06,57110,1,4387.0,4410.0,2026-02-06 10:35:00,2026-02-06 10:41:00,-1.5770065688767065,0.10659498114181831,0.003629067274677736
2026-02-06,57110,-1,4433.0,4493.0,2026-02-06 10:52:00,2026-02-06 15:24:00,,,-0.01504407432510653
2026-02-09,57110,1,4641.0,4659.0,2026-02-09 10:09:00,2026-02-09 10:18:00,-1.9072478705114984,-0.20776559635407107,0.002270972575620934
2026-02-09,57110,1,4646.0,4657.0,2026-02-09 10:23:00,2026-02-09 11:23:00,-2.2090940580807876,0.0455436792028429,0.0007648296520227323
2026-02-09,57110,1,4641.0,4655.0,2026-02-09 11:29:00,2026-02-09 12:30:00,-1.5653181649140984,-0.10721295213858033,0.0014120504699916211
2026-02-09,57110,-1,4680.0,4758.0,2026-02-09 12:44:00,2026-02-09 15:24:00,,,-0.018129301951210507
2026-02-10,57110,-1,4892.0,4884.0,2026-02-10 10:10:00,2026-02-10 10:33:00,2.514633803846187,0.23457468937422823,3.666157646762592e-05
2026-02-10,57110,-1,4891.0,4883.0,2026-02-10 11:05:00,2026-02-10 12:37:00,1.595107580444045,-0.28182964819913275,3.6996477696951734e-05
2026-02-10,57110,1,4877.0,4885.0,2026-02-10 13:02:00,2026-02-10 13:06:00,-1.5661796956867733,-0.25992730342299974,3.900876683050891e-05
2026-02-10,57110,1,4874.0,4886.0,2026-02-10 13:15:00,2026-02-10 13:22:00,-2.17205323876356,-0.14786339380987484,0.0008590176325342744
2026-02-10,57110,-1,4893.0,4888.0,2026-02-10 13:34:00,2026-02-10 13:41:00,1.6470826668384337,0.23694659734865028,-0.0005776095623077216
2026-02-10,57110,-1,4895.0,4891.0,2026-02-10 13:42:00,2026-02-10 14:15:00,1.5006650744527354,0.22102096169200475,-0.0007825055747464278
2026-02-10,57110,-1,4905.0,4912.0,2026-02-10 14:33:00,2026-02-10 15:24:00,,,-0.0030260978275150384
2026-02-12,57110,-1,5261.0,5227.0,2026-02-12 10:00:00,2026-02-12 12:44:00,2.767152870942486,0.16433502866969513,0.00488362301788542
2026-02-12,57110,-1,5235.0,5222.0,2026-02-12 13:30:00,2026-02-12 13:36:00,1.6840525995352909,-0.049456212882344364,0.0008863740455631204
2026-02-12,57110,-1,5235.0,5215.0,2026-02-12 13:51:00,2026-02-12 15:24:00,,,0.002227755869764438
2026-02-13,57110,-1,5473.0,5478.0,2026-02-13 10:00:00,2026-02-13 14:14:00,1.5359225822152902,-0.1010987571418416,-0.0025131586791052327
2026-02-13,57110,1,5422.0,5385.0,2026-02-13 14:27:00,2026-02-13 15:24:00,,,-0.008447440468121901
2026-02-16,57110,1,5352.0,5249.0,2026-02-16 10:00:00,2026-02-16 15:24:00,,,-0.021032740555764616
2026-02-17,57110,1,5101.0,5152.0,2026-02-17 10:00:00,2026-02-17 10:09:00,-2.938461144975685,-0.01889574344401829,0.008348389861263072
2026-02-17,57110,1,5118.0,5054.0,2026-02-17 10:26:00,2026-02-17 15:24:00,,,-0.01418372877159457
2026-02-18,57110,-1,5104.0,5089.0,2026-02-18 10:00:00,2026-02-18 12:32:00,3.6429680595859844,0.07458399999683143,0.0013431984357931603
2026-02-18,57110,-1,5117.0,5142.0,2026-02-18 12:44:00,2026-02-18 15:24:00,,,-0.006473779020742877
2026-02-19,57110,-1,5256.0,5238.0,2026-02-19 10:09:00,2026-02-19 10:16:00,1.9503003181826573,-0.13018117359963077,0.0018305350967892482
2026-02-19,57110,1,5222.0,5237.0,2026-02-19 10:21:00,2026-02-19 10:25:00,-1.650101212994014,-0.17515109311088667,0.0012683450204135436
2026-02-19,57110,1,5220.0,5239.0,2026-02-19 10:36:00,2026-02-19 10:47:00,-1.9240125841242492,0.2736083428159959,0.002033238531535279
2026-02-19,57110,1,5222.0,5238.0,2026-02-19 11:07:00,2026-02-19 11:15:00,-2.061997178924064,0.12749063288864998,0.0014592758085830834
2026-02-19,57110,-1,5247.0,5238.0,2026-02-19 11:28:00,2026-02-19 12:32:00,1.5292909240289434,0.05167087140849376,0.00011673861905458507
2026-02-19,57110,-1,5253.0,5245.0,2026-02-19 12:47:00,2026-02-19 13:52:00,2.8029273259005083,0.29367284956023554,-7.58998764360517e-05
2026-02-19,57110,-1,5251.0,5243.0,2026-02-19 14:09:00,2026-02-19 14:34:00,1.5561765824790423,-0.06565762495418925,-7.531893467354364e-05
2026-02-19,57110,-1,5250.0,5244.0,2026-02-19 14:40:00,2026-02-19 14:59:00,1.8214039835530351,0.16935203776831198,-0.0004564892979210622
2026-02-19,57110,1,5238.0,5242.0,2026-02-19 15:01:00,2026-02-19 15:07:00,-1.570337856770384,-0.24594026911668332,-0.0008366411843056317
2026-02-19,57110,-1,5253.0,5245.0,2026-02-19 15:10:00,2026-02-19 15:20:00,1.6272438490009964,0.25065838735565615,-7.58998764360517e-05
2026-02-19,57110,-1,5255.0,5255.0,2026-02-19 15:24:00,2026-02-19 15:24:00,,,-0.0016
2026-02-20,57110,1,5180.0,5203.0,2026-02-20 10:06:00,2026-02-20 10:11:00,-1.6149850554618965,0.08645524123910601,0.002830326036774771
2026-02-20,57110,-1,5225.0,5203.0,2026-02-20 10:16:00,2026-02-20 10:19:00,1.888409679779528,-0.012535302314721615,0.0026194155427082108
2026-02-20,57110,-1,5226.0,5207.0,2026-02-20 10:25:00,2026-02-20 10:44:00,1.5693569639712208,0.28562958732352417,0.0020422929176587418
2026-02-20,57110,-1,5224.0,5207.0,2026-02-20 11:03:00,2026-02-20 11:17:00,1.7615786395081408,0.1034694899596847,0.001659517793367915
2026-02-20,57110,-1,5229.0,5209.0,2026-02-20 12:30:00,2026-02-20 12:38:00,2.4684151183830703,0.20772770148027078,0.002232156442939087
2026-02-20,57110,-1,5220.0,5210.0,2026-02-20 12:45:00,2026-02-20 13:21:00,1.5020848227989119,0.20359943017009316,0.00031754612927181736
2026-02-20,57110,-1,5218.0,5210.0,2026-02-20 13:43:00,2026-02-20 13:46:00,1.564259648740734,0.17583880828943366,-6.566905073891586e-05
2026-02-20,57110,-1,5219.0,5211.0,2026-02-20 13:48:00,2026-02-20 14:29:00,2.839954128165571,0.01413124367140194,-6.596326580138507e-05
2026-02-20,57110,-1,5226.0,5229.0,2026-02-20 15:00:00,2026-02-20 15:24:00,,,-0.002173888107572859
2026-02-24,57110,-1,5343.0,5421.0,2026-02-24 10:00:00,2026-02-24 15:24:00,,,-0.016093007302566825
2026-02-25,57110,1,5523.0,5543.0,2026-02-25 10:04:00,2026-02-25 10:19:00,-1.557553059342016,0.17271635888141904,0.002014679518617212
2026-02-25,57110,-1,5562.0,5666.0,2026-02-25 10:24:00,2026-02-25 15:24:00,,,-0.020125645596551684
2026-02-26,57110,1,5565.0,5657.0,2026-02-26 10:00:00,2026-02-26 10:14:00,-2.1380931237858727,0.020690937579803538,0.014796731633510429
2026-02-26,57110,-1,5692.0,5662.0,2026-02-26 10:40:00,2026-02-26 11:13:00,2.5423998232248635,0.08053713788509784,0.003684493537898091
2026-02-26,57110,1,5623.0,5537.0,2026-02-26 12:30:00,2026-02-26 15:24:00,,,-0.01701249146923457
2026-02-27,57110,-1,5881.0,6003.0,2026-02-27 10:00:00,2026-02-27 15:24:00,,,-0.022132528791887214
2026-03-02,57110,-1,5987.0,5952.0,2026-03-02 10:04:00,2026-03-02 10:23:00,1.66248960803574,0.16263254372170552,0.004263154412424279
2026-03-02,57110,1,5915.0,5950.0,2026-03-02 10:47:00,2026-03-02 11:00:00,-1.8946726072532407,0.13859780650831713,0.004299722127188322
2026-03-02,57110,1,5931.0,5948.0,2026-03-02 11:05:00,2026-03-02 11:17:00,-1.7680809116722862,-0.013490647621922704,0.0012621957413191116
2026-03-02,57110,1,5925.0,5948.0,2026-03-02 11:20:00,2026-03-02 11:26:00,-2.439343863098714,0.0035180040887760815,0.002274341576713808
2026-03-02,57110,-1,6030.0,6095.0,2026-03-02 12:30:00,2026-03-02 15:24:00,,,-0.01232175219414067
2026-03-03,57110,1,5974.0,5631.0,2026-03-03 10:10:00,2026-03-03 15:24:00,,,-0.06072967352143657
2026-03-04,57110,1,5280.0,5196.0,2026-03-04 10:00:00,2026-03-04 15:24:00,,,-0.017636998909816962
2026-03-05,57110,1,5422.0,5270.0,2026-03-05 10:00:00,2026-03-05 15:24:00,,,-0.030034388523202865
2026-03-06,57110,1,5093.0,5114.0,2026-03-06 10:00:00,2026-03-06 10:05:00,-2.073880987733961,-0.27168581425323496,0.0025148289665272846
2026-03-06,57110,1,5081.0,5102.0,2026-03-06 10:14:00,2026-03-06 11:03:00,-1.5327813683302451,0.0875762559288913,0.0025245271080248446
2026-03-06,57110,-1,5140.0,5181.0,2026-03-06 11:14:00,2026-03-06 15:24:00,,,-0.009545008365577473
2026-03-09,57110,1,4701.0,4772.0,2026-03-09 10:00:00,2026-03-09 12:32:00,-3.140002797978777,-0.004538914932671388,0.013390252193676204
2026-03-09,57110,1,4725.0,4763.0,2026-03-09 12:54:00,2026-03-09 14:26:00,-1.6081164447834915,0.10649068010072232,0.006410160873017293
2026-03-09,57110,-1,4791.0,4865.0,2026-03-09 14:49:00,2026-03-09 15:24:00,,,-0.016927557736983387
2026-03-10,57110,-1,5140.0,5142.0,2026-03-10 10:05:00,2026-03-10 13:08:00,2.7206486280826647,0.02022641489021021,-0.001989029376623997
2026-03-10,57110,-1,5153.0,5138.0,2026-03-10 13:36:00,2026-03-10 14:01:00,1.668135566758217,-0.29457774976958606,0.0013151706583953992
2026-03-10,57110,1,5130.0,5140.0,2026-03-10 14:17:00,2026-03-10 14:22:00,-1.6718388082620694,-0.2774681033954833,0.00034742028439562877
2026-03-10,57110,1,5134.0,5142.0,2026-03-10 14:28:00,2026-03-10 14:30:00,-1.8248494099113286,0.09990720837686046,-4.2973605251011605e-05
2026-03-10,57110,-1,5153.0,5144.0,2026-03-10 14:37:00,2026-03-10 14:45:00,2.2166395200151108,0.28064499616254324,0.00014808241076894198
2026-03-10,57110,1,5130.0,5141.0,2026-03-10 15:07:00,2026-03-10 15:11:00,-1.938844609647673,-0.17523137165084776,0.0005419538906895431
2026-03-10,57110,1,5133.0,5134.0,2026-03-10 15:20:00,2026-03-10 15:24:00,,,-0.0014052011292174718
2026-03-11,57110,-1,5355.0,5350.0,2026-03-11 10:03:00,2026-03-11 10:51:00,1.503596811496965,0.16574855421352075,-0.0006658570082030926
2026-03-11,57110,-1,5356.0,5355.0,2026-03-11 11:13:00,2026-03-11 13:59:00,1.6066298809196324,-0.035133345423702944,-0.0014132760707860686
2026-03-11,57110,1,5336.0,5273.0,2026-03-11 14:09:00,2026-03-11 15:24:00,,,-0.013476848064989876
2026-03-12,57110,1,5145.0,5173.0,2026-03-12 10:00:00,2026-03-12 10:34:00,-2.684902930389919,0.09078664297276026,0.0038274217353650155
2026-03-12,57110,1,5152.0,5093.0,2026-03-12 10:49:00,2026-03-12 15:24:00,,,-0.013117940899584908
2026-03-13,57110,-1,5053.0,5035.0,2026-03-13 10:00:00,2026-03-13 13:23:00,3.8136973063065365,0.06604205283873273,0.0019686001392459117
2026-03-13,57110,1,5028.0,5033.0,2026-03-13 13:51:00,2026-03-13 14:03:00,-1.5907984465516594,-0.27071573636535773,-0.0006060629337779995
2026-03-13,57110,1,5020.0,5034.0,2026-03-13 14:11:00,2026-03-13 14:35:00,-3.3439375355417433,0.06026007915645626,0.0011849630094862074
2026-03-13,57110,1,5024.0,5034.0,2026-03-13 14:55:00,2026-03-13 15:10:00,-1.9335350215087588,0.16909726663864905,0.00038846754722647613
2026-03-13,57110,1,5027.0,5034.0,2026-03-13 15:14:00,2026-03-13 15:17:00,-1.5646096274174608,0.15928004376406799,-0.00020848799731398556
2026-03-13,57110,-1,5041.0,5047.0,2026-03-13 15:22:00,2026-03-13 15:24:00,,,-0.002789532257631646
2026-03-16,57110,1,4938.0,4930.0,2026-03-16 10:00:00,2026-03-16 12:47:00,-2.392917716650162,-0.1895461390782767,-0.003221402868388998
2026-03-16,57110,1,4919.0,4931.0,2026-03-16 13:03:00,2026-03-16 14:45:00,-1.770632400600291,-0.18765396718449448,0.000836549428786309
2026-03-16,57110,1,4925.0,4932.0,2026-03-16 15:08:00,2026-03-16 15:19:00,-1.897747162388602,-0.1078894047030706,-0.00017968932195428617
2026-03-16,57110,-1,4939.0,4932.0,2026-03-16 15:22:00,2026-03-16 15:23:00,1.6731355313622345,-0.11168010657691071,-0.00018170374361003408
2026-03-17,57110,1,4972.0,4988.0,2026-03-17 10:01:00,2026-03-17 10:14:00,-1.6425178160483933,-0.20906811760897615,0.001612854169325343
2026-03-17,57110,-1,5013.0,4992.0,2026-03-17 10:24:00,2026-03-17 10:37:00,1.5699874117339079,-0.0016133831763730613,0.002597907214239849
2026-03-17,57110,1,4981.0,4991.0,2026-03-17 11:15:00,2026-03-17 11:20:00,-1.5882502608635194,-0.14388063022636854,0.0004056163963259507
2026-03-17,57110,-1,5005.0,4900.0,2026-03-17 12:30:00,2026-03-17 15:24:00,,,0.019602207650602936
2026-03-18,57110,-1,5535.0,5603.0,2026-03-18 10:00:00,2026-03-18 10:27:00,,,-0.013810602422547178
2026-03-19,57110,-1,5381.0,5353.0,2026-03-19 10:18:00,2026-03-19 10:43:00,1.7595277200547212,-0.1813505002306185,0.003617079096038315
2026-03-19,57110,1,5321.0,5251.0,2026-03-19 10:50:00,2026-03-19 15:24:00,,,-0.014842720958509997
2026-03-23,57110,1,4703.0,4787.0,2026-03-23 10:00:00,2026-03-23 10:16:00,-10.028031595759073,-0.11827171619417204,0.016103307447461135
2026-03-23,57110,-1,4830.0,4733.0,2026-03-23 10:39:00,2026-03-23 15:24:00,,,0.018687216740370338
2026-03-24,57110,1,4955.0,4934.0,2026-03-24 10:00:00,2026-03-24 15:24:00,,,-0.0058471496747863755
2026-03-25,57110,1,5217.0,5232.0,2026-03-25 10:07:00,2026-03-25 10:10:00,-2.4719904697071224,-0.23148862043429844,0.0012710901146419198
2026-03-25,57110,1,5220.0,5228.0,2026-03-25 10:15:00,2026-03-25 10:58:00,-1.5680074933404036,-0.1738085830489013,-6.860613257173541e-05
2026-03-25,57110,1,5211.0,5200.0,2026-03-25 10:59:00,2026-03-25 15:24:00,,,-0.0037131503396958905
2026-03-26,57110,1,5166.0,5113.0,2026-03-26 10:00:00,2026-03-26 15:24:00,,,-0.011912378575786513
2026-03-27,57110,1,4991.0,5013.0,2026-03-27 10:00:00,2026-03-27 10:03:00,-2.119218211006616,-0.07803427593439244,0.00279824779389425
2026-03-27,57110,-1,5036.0,5144.0,2026-03-27 10:29:00,2026-03-27 15:24:00,,,-0.022818870753217556
2026-03-30,57110,-1,4942.0,4907.0,2026-03-30 10:00:00,2026-03-30 11:03:00,4.96131981002432,0.11478939905075039,0.005507350458651945
2026-03-30,57110,-1,4929.0,4908.0,2026-03-30 11:07:00,2026-03-30 11:09:00,2.092223830626495,0.1831454381785078,0.002669600874575769
2026-03-30,57110,-1,4927.0,4904.0,2026-03-30 11:14:00,2026-03-30 11:21:00,2.24118028430626,-0.22771592179870856,0.003079084927915805
2026-03-30,57110,-1,4963.0,4940.0,2026-03-30 12:30:00,2026-03-30 15:24:00,,,0.003045065405472656
2026-03-31,57110,-1,4831.0,4829.0,2026-03-31 10:00:00,2026-03-31 12:41:00,2.116406328382786,-0.020442199443577322,-0.001185921319135234
2026-03-31,57110,1,4805.0,4827.0,2026-03-31 13:01:00,2026-03-31 14:13:00,-1.6195449981158587,0.17151108937513124,0.002968114256099925
2026-03-31,57110,-1,4842.0,4829.0,2026-03-31 14:18:00,2026-03-31 15:05:00,1.5764062637104266,0.011777989901970471,0.0010884516244619193
2026-04-01,57110,-1,5077.0,5178.0,2026-04-01 10:16:00,2026-04-01 15:24:00,,,-0.0212983453640886
2026-04-02,57110,1,5223.0,5014.0,2026-04-02 10:05:00,2026-04-02 15:24:00,,,-0.04243794971806002
2026-04-03,57110,1,5163.0,5172.0,2026-04-03 10:00:00,2026-04-03 10:44:00,-2.370749505849178,-0.2795131897227398,0.00014165501209900374
2026-04-03,57110,-1,5181.0,5175.0,2026-04-03 11:12:00,2026-04-03 11:18:00,1.5034065465836428,0.11057702048854764,-0.00044125131878157073
2026-04-03,57110,1,5165.0,5175.0,2026-04-03 11:29:00,2026-04-03 12:31:00,-1.6582494253577618,0.16652368334245363,0.0003342365798309683
2026-04-03,57110,1,5154.0,5169.0,2026-04-03 12:34:00,2026-04-03 12:45:00,-2.7546800911459415,-0.29356174068832575,0.0013061339837288396
2026-04-03,57110,-1,5185.0,5176.0,2026-04-03 13:09:00,2026-04-03 13:43:00,1.6497123174704102,0.12747843996177818,0.00013728448289126094
2026-04-03,57110,-1,5191.0,5192.0,2026-04-03 13:45:00,2026-04-03 15:24:00,,,-0.0017926225566968095
2026-04-06,57110,-1,5241.0,5195.0,2026-04-06 10:00:00,2026-04-06 11:06:00,2.515117221858916,-0.2827036183882112,0.00721569526883849
2026-04-06,57110,-1,5220.0,5203.0,2026-04-06 11:19:00,2026-04-06 12:30:00,1.7466742074746031,0.1991221687622583,0.0016620195863809417
2026-04-06,57110,-1,5215.0,5203.0,2026-04-06 12:37:00,2026-04-06 12:41:00,1.51503154225346,0.20423589100654252,0.0007037061445692991
2026-04-06,57110,-1,5219.0,5210.0,2026-04-06 12:43:00,2026-04-06 14:33:00,1.8533836622964195,-0.13468441974225867,0.0001259568960006259
2026-04-06,57110,1,5189.0,5180.0,2026-04-06 14:57:00,2026-04-06 15:24:00,,,-0.0033359441142108807
2026-04-07,57110,1,5172.0,5195.0,2026-04-07 10:00:00,2026-04-07 10:18:00,-2.631158872683882,-0.18089106088517193,0.002837163641579682
2026-04-07,57110,1,5175.0,5198.0,2026-04-07 10:37:00,2026-04-07 10:46:00,-2.093089756518864,0.21618589117736176,0.002834597067865775
2026-04-07,57110,1,5180.0,5182.0,2026-04-07 10:50:00,2026-04-07 13:40:00,-1.691515263090986,-0.2061140850244161,-0.0012139741314735292
2026-04-07,57110,-1,5193.0,5185.0,2026-04-07 14:01:00,2026-04-07 14:09:00,1.79750544281742,0.10771403651061019,-5.827681930876006e-05
2026-04-07,57110,-1,5192.0,5237.0,2026-04-07 14:14:00,2026-04-07 15:24:00,,,-0.010229835895561687
2026-04-08,57110,-1,5559.0,5485.0,2026-04-08 10:00:00,2026-04-08 10:21:00,2.9643316290127806,0.20977688761882088,0.0118011422441388
2026-04-08,57110,-1,5516.0,5615.0,2026-04-08 10:29:00,2026-04-08 15:24:00,,,-0.019388628259351223
2026-04-09,57110,1,5555.0,5568.0,2026-04-09 10:05:00,2026-04-09 11:09:00,-1.6204102563583087,-0.241033726658164,0.0007374999405253084
2026-04-09,57110,-1,5588.0,5570.0,2026-04-09 12:32:00,2026-04-09 12:55:00,1.7599852976026542,-0.1081642381564068,0.001626387455522785
2026-04-09,57110,-1,5586.0,5572.0,2026-04-09 13:07:00,2026-04-09 13:20:00,2.5287228793614784,0.08537665080308589,0.0009094116054258071
2026-04-09,57110,1,5554.0,5571.0,2026-04-09 13:44:00,2026-04-09 14:07:00,-2.1007113747972044,0.1177496903605148,0.0014561821540707116
2026-04-09,57110,-1,5579.0,5570.0,2026-04-09 14:19:00,2026-04-09 14:23:00,1.897832918400735,-0.12198717295102768,1.4494924198691196e-05
2026-04-09,57110,1,5562.0,5570.0,2026-04-09 14:32:00,2026-04-09 14:39:00,-1.9591140728881327,-0.10895574666101537,-0.00016270187258041625
2026-04-09,57110,-1,5578.0,5570.0,2026-04-09 14:44:00,2026-04-09 14:47:00,1.541923881318898,-0.09997035351106269,-0.00016476473389548385
2026-04-09,57110,1,5563.0,5571.0,2026-04-09 14:55:00,2026-04-09 15:10:00,-1.5925080113861547,0.12614511250667687,-0.0001629600544776886
2026-04-09,57110,1,5563.0,5565.0,2026-04-09 15:19:00,2026-04-09 15:24:00,,,-0.0012405463656480534
2026-04-10,57110,1,5536.0,5550.0,2026-04-10 10:00:00,2026-04-10 10:04:00,-1.5636262385325512,-0.14581574959333468,0.0009257094429747923
2026-04-10,57110,1,5535.0,5552.0,2026-04-10 10:22:00,2026-04-10 10:31:00,-1.7170688619392993,0.14177403208824926,0.001466657043903098
2026-04-10,57110,-1,5567.0,5555.0,2026-04-10 10:34:00,2026-04-10 11:03:00,2.174525051218977,0.19688036520507615,0.0005578861097773875
2026-04-10,57110,-1,5566.0,5549.0,2026-04-10 11:09:00,2026-04-10 11:22:00,1.6215292632543914,-0.23716521478214733,0.0014589317599348892
2026-04-10,57110,-1,5579.0,5561.0,2026-04-10 12:33:00,2026-04-10 13:47:00,1.882344171412429,0.08425744183112448,0.0016316006579643555
2026-04-10,57110,-1,5573.0,5562.0,2026-04-10 14:04:00,2026-04-10 14:20:00,1.6614166313695,0.22759089082283881,0.00037575277562625574
2026-04-10,57110,-1,5577.0,5559.0,2026-04-10 14:31:00,2026-04-10 15:08:00,2.377509402842168,-0.2666295000705393,0.0016327614360842114
2026-04-10,57110,1,5550.0,5569.0,2026-04-10 15:18:00,2026-04-10 15:24:00,,,0.0018175768491883765
2026-04-13,57110,1,5450.0,5454.0,2026-04-13 10:00:00,2026-04-13 14:35:00,-2.7252828559862783,-0.26435394449318006,-0.0008663242517559911
2026-04-13,57110,-1,5464.0,5456.0,2026-04-13 15:08:00,2026-04-13 15:15:00,1.6693812339657221,-0.1178479136424666,-0.00013479827267200823
2026-04-13,57110,-1,5463.0,5467.0,2026-04-13 15:20:00,2026-04-13 15:24:00,,,-0.002331930499281564
2026-04-14,57110,-1,5719.0,5689.0,2026-04-14 10:00:00,2026-04-14 13:38:00,5.056985801436924,0.07988130059636656,0.0036594791646687563
2026-04-14,57110,-1,5698.0,5688.0,2026-04-14 14:07:00,2026-04-14 14:20:00,2.4852385423234815,-0.06669463725785382,0.00015654357477680415
2026-04-14,57110,1,5679.0,5674.0,2026-04-14 14:31:00,2026-04-14 15:24:00,,,-0.002480824508635907
2026-04-15,57110,1,5717.0,5651.0,2026-04-15 10:19:00,2026-04-15 15:24:00,,,-0.013211671634127986
2026-04-16,57110,1,5701.0,5716.0,2026-04-16 10:07:00,2026-04-16 10:12:00,-1.6660729702591837,-0.04808037175941799,0.001027662018176169
2026-04-16,57110,-1,5729.0,5717.0,2026-04-16 10:37:00,2026-04-16 10:42:00,1.9943489377360146,0.030249796901438118,0.0004968031446065579
2026-04-16,57110,-1,5728.0,5779.0,2026-04-16 10:48:00,2026-04-16 15:24:00,,,-0.010464227677296455
2026-04-17,57110,1,5576.0,5577.0,2026-04-17 10:00:00,2026-04-17 15:24:00,,,-0.001420676050806046
2026-04-20,57110,-1,5553.0,5542.0,2026-04-20 10:01:00,2026-04-20 10:07:00,1.803361641815181,0.26288811648642824,0.00038287581868343373
2026-04-20,57110,-1,5559.0,5540.0,2026-04-20 10:17:00,2026-04-20 10:37:00,1.652791788776146,-0.1670472369274146,0.0018237352121399932
2026-04-20,57110,-1,5549.0,5540.0,2026-04-20 10:41:00,2026-04-20 10:49:00,1.5900165158374033,-0.14909513634275806,2.323058457175597e-05
2026-04-20,57110,-1,5552.0,5541.0,2026-04-20 10:55:00,2026-04-20 11:26:00,2.0587401949570925,-0.23753557324707947,0.00038323331929082595
2026-04-20,57110,-1,5552.0,5543.0,2026-04-20 12:30:00,2026-04-20 12:39:00,2.0234302218219167,0.10272972449779384,2.235276683570258e-05
2026-04-20,57110,1,5531.0,5482.0,2026-04-20 12:45:00,2026-04-20 15:24:00,,,-0.010498633131946959
2026-04-21,57110,1,5509.0,5540.0,2026-04-21 10:00:00,2026-04-21 12:31:00,-2.4421021445661366,0.2656024040800115,0.004011382268612942
2026-04-21,57110,-1,5557.0,5539.0,2026-04-21 12:49:00,2026-04-21 13:16:00,1.605550103728591,-0.1487378566843485,0.0016444152468173925
2026-04-21,57110,-1,5559.0,5577.0,2026-04-21 13:25:00,2026-04-21 15:24:00,,,-0.004832761436084307
2026-04-22,57110,1,5380.0,5395.0,2026-04-22 10:00:00,2026-04-22 10:39:00,-3.0702933616798616,-0.24358824417914704,0.0011842245364048602
2026-04-22,57110,1,5385.0,5394.0,2026-04-22 10:43:00,2026-04-22 11:01:00,-1.6060933076306019,-0.2059733193822991,6.99141091862652e-05
2026-04-22,57110,1,5389.0,5395.0,2026-04-22 11:06:00,2026-04-22 11:10:00,-1.5304880046495828,-0.004975173890393647,-0.00048724024126160217
2026-04-22,57110,-1,5409.0,5398.0,2026-04-22 11:12:00,2026-04-22 13:02:00,2.1158252882986055,-0.0284475559005143,0.0004357182934769594
2026-04-22,57110,1,5392.0,5398.0,2026-04-22 13:24:00,2026-04-22 13:36:00,-1.719487592043572,-0.026996124355740284,-0.00048785901419302956
2026-04-22,57110,1,5392.0,5398.0,2026-04-22 13:51:00,2026-04-22 14:13:00,-1.626964214616434,0.06420646725918554,-0.00048785901419302956
2026-04-22,57110,-1,5418.0,5403.0,2026-04-22 14:16:00,2026-04-22 15:24:00,,,0.0011723888009746877
2026-04-23,57110,1,5369.0,5290.0,2026-04-23 10:00:00,2026-04-23 15:24:00,,,-0.016423425570224384
2026-04-24,57110,1,5259.0,5277.0,2026-04-24 10:00:00,2026-04-24 10:50:00,-4.022971703407276,-0.22874343655644463,0.0018168598163235837
2026-04-24,57110,-1,5289.0,5281.0,2026-04-24 11:15:00,2026-04-24 12:34:00,1.5037556922097814,-0.051075364247163156,-8.628164095323006e-05
2026-04-24,57110,1,5270.0,5276.0,2026-04-24 12:59:00,2026-04-24 15:17:00,-2.2825949669577126,-0.219907253533097,-0.0004621276982027182
2026-04-24,57110,1,5265.0,5273.0,2026-04-24 15:19:00,2026-04-24 15:24:00,,,-8.168503760614862e-05
2026-04-27,57110,-1,5178.0,5170.0,2026-04-27 10:00:00,2026-04-27 14:19:00,6.186708644310803,0.20996987829177075,-5.380719099187044e-05
2026-04-27,57110,1,5155.0,5166.0,2026-04-27 14:35:00,2026-04-27 14:56:00,-2.3247466109163284,-0.1379839606026179,0.0005315772047254249
2026-04-27,57110,1,5156.0,5170.0,2026-04-27 15:02:00,2026-04-27 15:24:00,,,0.0011116034433968195
2026-04-28,57110,-1,5213.0,5188.0,2026-04-28 10:23:00,2026-04-28 10:58:00,2.144130958002695,-0.16932724523557183,0.003207239331771438
2026-04-28,57110,1,5172.0,5184.0,2026-04-28 11:00:00,2026-04-28 11:12:00,-1.7344321024054385,-0.269824090727613,0.0007174981403624823
2026-04-28,57110,1,5174.0,5187.0,2026-04-28 11:29:00,2026-04-28 12:48:00,-1.5571017043884148,0.02589483889449658,0.0009094116054257069
2026-04-28,57110,1,5174.0,5185.0,2026-04-28 13:05:00,2026-04-28 13:53:00,-1.8685498832648768,0.006410652317796876,0.0005237579176531738
2026-04-28,57110,1,5175.0,5184.0,2026-04-28 14:10:00,2026-04-28 14:16:00,-1.915232713944351,-0.14959295385323695,0.00013761989854087784
2026-04-28,57110,-1,5194.0,5185.0,2026-04-28 14:26:00,2026-04-28 14:27:00,1.582648031551256,0.01653499396066163,0.00013427155906602464
2026-04-28,57110,1,5176.0,5185.0,2026-04-28 14:36:00,2026-04-28 14:43:00,-1.5487397933516522,0.05204955058933514,0.00013728448289118764
2026-04-28,57110,1,5178.0,5186.0,2026-04-28 14:51:00,2026-04-28 15:10:00,-1.6429734181662918,0.27476416670197606,-5.61942128731428e-05
2026-04-30,57110,1,5000.0,5030.0,2026-04-30 10:00:00,2026-04-30 10:41:00,-3.073490106474117,0.11064179660480414,0.004382071677547469
2026-04-30,57110,1,5013.0,5027.0,2026-04-30 10:45:00,2026-04-30 10:55:00,-2.1043265960706536,-0.12858714203524416,0.0011888464290718637
2026-04-30,57110,-1,5043.0,5081.0,2026-04-30 12:42:00,2026-04-30 15:24:00,,,-0.00910694951700657
2026-05-01,57110,-1,5088.0,5082.0,2026-05-01 10:03:00,2026-05-01 10:34:00,1.9095815382935326,0.0976265333471493,-0.0004200588601513634
2026-05-01,57110,1,5065.0,5081.0,2026-05-01 11:01:00,2026-05-01 11:05:00,-1.689633858157655,0.07081689961410961,0.0015539549109481836
2026-05-01,57110,-1,5090.0,5089.0,2026-05-01 12:32:00,2026-05-01 14:58:00,2.0332032009585412,0.03122124906016187,-0.0014035170442642244
2026-05-01,57110,1,5079.0,5086.0,2026-05-01 15:22:00,2026-05-01 15:24:00,,,-0.00022272481918003662
2026-05-07,57110,-1,5314.0,5305.0,2026-05-07 10:30:00,2026-05-07 11:06:00,2.350124894311557,0.1001019150177495,9.50752716753424e-05
2026-05-07,57110,-1,5316.0,5306.0,2026-05-07 11:26:00,2026-05-07 12:30:00,1.5858463872290618,0.200435431898083,0.0002828851354509578
2026-05-07,57110,1,5294.0,5305.0,2026-05-07 13:03:00,2026-05-07 13:29:00,-2.302270227393374,0.03936202681689366,0.00047566826103702625
2026-05-07,57110,-1,5320.0,5320.0,2026-05-07 13:42:00,2026-05-07 15:24:00,,,-0.0016
2026-05-08,57110,1,5300.0,5324.0,2026-05-08 10:00:00,2026-05-08 10:18:00,-2.2317798390168986,0.28781221685903835,0.002918079974789136
2026-05-08,57110,1,5308.0,5320.0,2026-05-08 10:24:00,2026-05-08 10:36:00,-1.9206342787535593,-0.17966843940428662,0.0006581868835918846
2026-05-08,57110,1,5317.0,5320.0,2026-05-08 11:06:00,2026-05-08 11:26:00,-1.8943667837933067,-0.013932291291549253,-0.0010359311686483643
2026-05-08,57110,-1,5356.0,5553.0,2026-05-08 12:30:00,2026-05-08 15:24:00,,,-0.037720894430544064
2026-05-11,57110,1,5586.0,5601.0,2026-05-11 10:10:00,2026-05-11 12:32:00,-1.5742462974368814,-0.27598372376414854,0.0010816857047103014
2026-05-11,57110,-1,5627.0,5609.0,2026-05-11 13:00:00,2026-05-11 13:06:00,1.5429064304779554,0.2158350036012357,0.0016039899249420321
2026-05-11,57110,1,5591.0,5606.0,2026-05-11 13:12:00,2026-05-11 13:28:00,-1.6333321581708773,-0.012706836667961683,0.0010792906980882312
2026-05-11,57110,1,5594.0,5606.0,2026-05-11 13:40:00,2026-05-11 14:04:00,-1.6841130798493902,0.05897696168719746,0.0005428579628285566
2026-05-11,57110,1,5592.0,5590.0,2026-05-11 14:12:00,2026-05-11 15:08:00,-1.7412328284328462,-0.26309379204793737,-0.00195771776450133
2026-05-11,57110,1,5582.0,5593.0,2026-05-11 15:15:00,2026-05-11 15:20:00,-1.9259774706813821,-0.21109593780575808,0.0003686807253205982
2026-05-11,57110,1,5582.0,5577.0,2026-05-11 15:23:00,2026-05-11 15:24:00,,,-0.0024961377067137394
2026-05-12,57110,-1,5773.0,5725.0,2026-05-12 10:00:00,2026-05-12 10:08:00,4.719907316967316,0.2905855993830344,0.006749326638493162
2026-05-12,57110,-1,5753.0,5725.0,2026-05-12 10:14:00,2026-05-12 10:35:00,1.754750260549627,0.13042894802752236,0.0032789084408530646
2026-05-12,57110,1,5693.0,5720.0,2026-05-12 10:41:00,2026-05-12 10:43:00,-1.5785528256444428,-0.14795508814745634,0.0031314554227618013
2026-05-12,57110,1,5708.0,5722.0,2026-05-12 11:03:00,2026-05-12 11:07:00,-1.5466534572371404,-0.04672284518458336,0.0008496950133285864
2026-05-12,57110,-1,5737.0,5786.0,2026-05-12 11:22:00,2026-05-12 15:24:00,,,-0.010104780934209318
2026-05-13,57110,-1,5942.0,6065.0,2026-05-13 10:00:00,2026-05-13 15:24:00,,,-0.02208876535559754
2026-05-14,57110,1,5419.0,5472.0,2026-05-14 10:04:00,2026-05-14 12:43:00,-1.8425750244000045,0.2265030885072688,0.008132883736272177
2026-05-14,57110,1,5432.0,5361.0,2026-05-14 13:20:00,2026-05-14 15:24:00,,,-0.014756865410994278
2026-05-15,57110,-1,5475.0,5450.0,2026-05-15 10:00:00,2026-05-15 10:25:00,2.252064248991545,-0.18122854554791656,0.0029766670274118667
2026-05-15,57110,-1,5487.0,5458.0,2026-05-15 10:46:00,2026-05-15 10:52:00,1.7296296784241503,0.21318036734092313,0.0036992357906916557
2026-05-15,57110,1,5422.0,5447.0,2026-05-15 11:12:00,2026-05-15 12:30:00,-1.9537535882451538,-0.13534277064105543,0.0030002473250636827
2026-05-15,57110,1,5417.0,5437.0,2026-05-15 12:35:00,2026-05-15 13:35:00,-1.7538105485686768,-0.2843394451357812,0.002085281488021759
2026-05-15,57110,1,5422.0,5407.0,2026-05-15 14:00:00,2026-05-15 15:24:00,,,-0.004370340676606038
2026-05-18,57110,1,5135.0,5039.0,2026-05-18 10:00:00,2026-05-18 15:24:00,,,-0.020472193682060484
2026-05-19,57110,1,4967.0,5008.0,2026-05-19 10:00:00,2026-05-19 10:10:00,-2.204514788281833,-0.07465855249064686,0.006620597672583903
2026-05-19,57110,-1,5027.0,5012.0,2026-05-19 10:35:00,2026-05-19 10:52:00,1.6279470868996684,0.16888805279795877,0.0013883476766162878
2026-05-19,57110,-1,5024.0,5009.0,2026-05-19 11:06:00,2026-05-19 11:11:00,1.6274213865112723,-0.1909953921196629,0.0013901347904177687
2026-05-19,57110,1,4989.0,4935.0,2026-05-19 11:15:00,2026-05-19 15:24:00,,,-0.012482815993455396
2026-05-20,57110,1,4748.0,4754.0,2026-05-20 10:00:00,2026-05-20 12:47:00,-2.274158982876286,-0.27575605363706296,-0.00033710780941936715
2026-05-20,57110,1,4744.0,4758.0,2026-05-20 13:45:00,2026-05-20 14:01:00,-1.563363853652406,-0.011559295804551598,0.0013467501853416085
2026-05-20,57110,1,4748.0,4756.0,2026-05-20 14:16:00,2026-05-20 14:32:00,-2.000794767862491,-0.2430289044536492,8.350208111379434e-05
2026-05-20,57110,-1,4771.0,4772.0,2026-05-20 14:54:00,2026-05-20 15:24:00,,,-0.0018095777016997017
2026-05-21,57110,-1,4915.0,4888.0,2026-05-21 10:00:00,2026-05-21 14:47:00,5.082728651373215,-0.15493186737341447,0.003908531729835639
2026-05-21,57110,-1,4905.0,4890.0,2026-05-21 14:51:00,2026-05-21 15:19:00,1.6159710085180532,-0.017770156438026246,0.0014627895305457668
