date,code,side,entry,exit,entry_ts,exit_ts,entry_z,exit_z,pnl
2025-04-01,58030,1,5262.0,5314.0,2025-04-01 10:00:00,2025-04-01 10:17:00,-5.654149827880739,-0.2930534166307777,0.008233664719520825
2025-04-01,58030,1,5289.0,5318.0,2025-04-01 10:32:00,2025-04-01 10:45:00,-1.5574090097504287,0.06261753819804543,0.003868100736985256
2025-04-01,58030,1,5295.0,5226.0,2025-04-01 11:05:00,2025-04-01 15:24:00,,,-0.014716811954949022
2025-04-02,58030,-1,5266.0,5342.0,2025-04-02 10:00:00,2025-04-02 15:24:00,,,-0.015929053613651493
2025-04-03,58030,1,4986.0,5014.0,2025-04-03 10:16:00,2025-04-03 11:01:00,-2.4159041658606353,0.17422856642311146,0.004000014634735417
2025-04-03,58030,1,4992.0,4859.0,2025-04-03 11:13:00,2025-04-03 15:24:00,,,-0.02860397564336059
2025-04-04,58030,1,4394.0,4292.0,2025-04-04 10:05:00,2025-04-04 15:24:00,,,-0.025087149193966384
2025-04-07,58030,-1,3737.0,3701.0,2025-04-07 10:09:00,2025-04-07 11:24:00,1.661020684056637,-0.1349815732781662,0.008080097099327898
2025-04-07,58030,1,3631.0,3697.0,2025-04-07 12:31:00,2025-04-07 12:53:00,-1.8670369413786132,-0.045856767925902424,0.016413587522296068
2025-04-07,58030,-1,3746.0,3705.0,2025-04-07 13:07:00,2025-04-07 13:15:00,1.9838831283948863,0.21705101916045053,0.009405345273846594
2025-04-07,58030,1,3671.0,3699.0,2025-04-07 13:29:00,2025-04-07 13:51:00,-1.5443263601078547,0.06625116856464423,0.005998408335619725
2025-04-07,58030,1,3676.0,3695.0,2025-04-07 13:54:00,2025-04-07 14:15:00,-1.551924750768919,-0.2421845389274531,0.0035553499067245828
2025-04-07,58030,1,3674.0,3592.0,2025-04-07 14:24:00,2025-04-07 15:18:00,,,-0.024171836352980723
2025-04-09,58030,1,3970.0,3987.0,2025-04-09 10:00:00,2025-04-09 10:57:00,-2.233768125639709,0.1836098329607498,0.0026729737001189025
2025-04-09,58030,1,3963.0,3983.0,2025-04-09 11:03:00,2025-04-09 11:22:00,-1.8860990703516636,-0.09603438615327645,0.003433989991209213
2025-04-09,58030,-1,4016.0,3988.0,2025-04-09 11:28:00,2025-04-09 12:32:00,1.9605564389874464,0.22028406183251487,0.005396530289836169
2025-04-09,58030,1,3956.0,3979.0,2025-04-09 12:38:00,2025-04-09 12:45:00,-1.6608791264702314,-0.26027672982405403,0.004197117684325915
2025-04-09,58030,1,3957.0,3959.0,2025-04-09 12:54:00,2025-04-09 14:44:00,-1.5539857478761434,-0.08715231309537017,-0.0010946942792936913
2025-04-09,58030,-1,3991.0,4010.0,2025-04-09 14:54:00,2025-04-09 15:24:00,,,-0.006349415251881084
2025-04-11,58030,-1,4447.0,4680.0,2025-04-11 10:14:00,2025-04-11 15:24:00,,,-0.05266839840099589
2025-04-14,58030,1,4759.0,4769.0,2025-04-14 10:00:00,2025-04-14 11:30:00,-1.673542586309294,-0.22301597672714032,0.0004990771771137801
2025-04-14,58030,1,4753.0,4652.0,2025-04-14 12:45:00,2025-04-14 15:24:00,,,-0.023078762975454362
2025-04-15,58030,-1,4733.0,4743.0,2025-04-15 10:00:00,2025-04-15 15:10:00,5.214011284248739,0.1313405279584038,-0.0037105959713338195
2025-04-16,58030,1,4687.0,4703.0,2025-04-16 10:00:00,2025-04-16 10:08:00,-1.830112638424016,-0.1882835090081279,0.0018078840223419133
2025-04-16,58030,-1,4736.0,4546.0,2025-04-16 10:22:00,2025-04-16 15:24:00,,,0.03934517215135305
2025-04-17,58030,-1,4555.0,4540.0,2025-04-17 10:00:00,2025-04-17 10:25:00,1.8114977437089355,0.23319652050093984,0.0016985186586650476
2025-04-17,58030,-1,4551.0,4552.0,2025-04-17 10:44:00,2025-04-17 12:43:00,1.5182371473964027,0.1875083698446415,-0.001819707789524848
2025-04-17,58030,-1,4571.0,4556.0,2025-04-17 13:01:00,2025-04-17 14:01:00,1.5186287603340214,0.2911770219790601,0.0016869537646716241
2025-04-17,58030,-1,4565.0,4613.0,2025-04-17 14:28:00,2025-04-17 15:24:00,,,-0.012059890528751784
2025-04-18,58030,-1,4674.0,4648.0,2025-04-18 10:00:00,2025-04-18 10:48:00,3.3712641462158928,-0.08006988687343736,0.003978216567056109
2025-04-18,58030,-1,4671.0,4655.0,2025-04-18 11:01:00,2025-04-18 12:36:00,1.8344027536526581,0.17847771267548415,0.001831270790940558
2025-04-18,58030,-1,4669.0,4653.0,2025-04-18 12:46:00,2025-04-18 12:51:00,1.8706794486846168,-0.13106143312634697,0.0018327431262885197
2025-04-18,58030,-1,4666.0,4653.0,2025-04-18 12:55:00,2025-04-18 13:08:00,1.6424726837751802,-0.25041540108877225,0.0011900007367267745
2025-04-18,58030,-1,4662.0,4655.0,2025-04-18 13:13:00,2025-04-18 13:30:00,1.5705408213403522,0.1701041648512912,-9.73701154649816e-05
2025-04-18,58030,1,4644.0,4650.0,2025-04-18 13:32:00,2025-04-18 13:49:00,-2.303504302470483,-0.26591254634343675,-0.0003088442363801923
2025-04-18,58030,1,4638.0,4651.0,2025-04-18 13:58:00,2025-04-18 14:08:00,-1.8361423589635786,-0.2842420577152946,0.001199011408620015
2025-04-18,58030,-1,4666.0,4657.0,2025-04-18 14:10:00,2025-04-18 15:03:00,1.7755077548553864,0.1460485702286892,0.0003307095989981089
2025-04-18,58030,-1,4675.0,4678.0,2025-04-18 15:20:00,2025-04-18 15:24:00,,,-0.0022415054213370442
2025-04-21,58030,1,4627.0,4557.0,2025-04-21 10:03:00,2025-04-21 15:24:00,,,-0.016844197643117082
2025-04-22,58030,1,4430.0,4457.0,2025-04-22 10:00:00,2025-04-22 10:33:00,-3.991383664801384,0.06960807045916263,0.004476309907374607
2025-04-22,58030,-1,4479.0,4460.0,2025-04-22 10:52:00,2025-04-22 10:55:00,1.5275908627458155,0.18943225488034673,0.0026510411931902787
2025-04-22,58030,1,4447.0,4452.0,2025-04-22 11:28:00,2025-04-22 13:41:00,-1.8375089144437176,0.06683345541234847,-0.0004762781152610348
2025-04-22,58030,1,4446.0,4423.0,2025-04-22 14:12:00,2025-04-22 15:24:00,,,-0.006786616655815122
2025-04-23,58030,1,4619.0,4625.0,2025-04-23 10:00:00,2025-04-23 12:42:00,-2.9960445762095893,-0.008378001366284138,-0.0003018604840797276
2025-04-23,58030,-1,4653.0,4631.0,2025-04-23 12:54:00,2025-04-23 14:05:00,1.5765227455316502,-0.16270859275664984,0.0031393453638965587
2025-04-23,58030,1,4618.0,4630.0,2025-04-23 14:19:00,2025-04-23 14:22:00,-1.6620181343727431,-0.201255116971967,0.0009951571658390645
2025-04-23,58030,-1,4656.0,4688.0,2025-04-23 14:26:00,2025-04-23 15:24:00,,,-0.008449341845574769
2025-04-24,58030,-1,4858.0,4858.0,2025-04-24 10:00:00,2025-04-24 12:54:00,2.1276770489145247,-0.07590992284950551,-0.0016
2025-04-24,58030,1,4843.0,4856.0,2025-04-24 13:11:00,2025-04-24 14:35:00,-1.639043594909552,0.21426793525554363,0.0010806903361050733
2025-04-24,58030,1,4838.0,4844.0,2025-04-24 14:57:00,2025-04-24 15:24:00,,,-0.00036058649698975597
2025-04-25,58030,1,5136.0,5179.0,2025-04-25 10:19:00,2025-04-25 10:49:00,-1.6301113356194488,-0.045737520416399294,0.006737421054094284
2025-04-25,58030,1,5168.0,5270.0,2025-04-25 11:22:00,2025-04-25 15:24:00,,,0.01794459607297013
2025-04-28,58030,1,5186.0,5222.0,2025-04-28 10:00:00,2025-04-28 10:46:00,-2.3308384386908627,0.07246235352918937,0.0053177831604643575
2025-04-28,58030,1,5210.0,5213.0,2025-04-28 11:02:00,2025-04-28 14:29:00,-1.8601541035797025,-0.03410908085529118,-0.001024349979306731
2025-04-28,58030,-1,5227.0,5216.0,2025-04-28 14:32:00,2025-04-28 14:43:00,1.824211036347761,0.2605676227082979,0.0005066751064329424
2025-04-28,58030,1,5207.0,5200.0,2025-04-28 15:14:00,2025-04-28 15:24:00,,,-0.0029452485933803545
2025-04-30,58030,-1,5177.0,5162.0,2025-04-30 10:04:00,2025-04-30 10:28:00,1.6007486460582578,-0.20172866580482202,0.0013016366233422085
2025-04-30,58030,-1,5181.0,5242.0,2025-04-30 10:47:00,2025-04-30 15:24:00,,,-0.013305017068563315
2025-05-01,58030,-1,5348.0,5552.0,2025-05-01 10:03:00,2025-05-01 15:24:00,,,-0.039035563964806674
2025-05-02,58030,1,5475.0,5490.0,2025-05-02 10:00:00,2025-05-02 11:16:00,-3.4203798594874852,-0.26348730335670967,0.0011359798188748454
2025-05-02,58030,1,5467.0,5496.0,2025-05-02 12:45:00,2025-05-02 12:50:00,-1.672405361130992,0.026367287565812962,0.003690535007185942
2025-05-02,58030,1,5473.0,5492.0,2025-05-02 13:02:00,2025-05-02 13:17:00,-1.733503210596079,-0.18450877493288795,0.001865575743943424
2025-05-02,58030,1,5473.0,5495.0,2025-05-02 13:21:00,2025-05-02 13:32:00,-1.522998314031401,0.08445490483146775,0.002411675693803665
2025-05-02,58030,-1,5507.0,5519.0,2025-05-02 13:54:00,2025-05-02 15:24:00,,,-0.0037766741770197364
2025-05-07,58030,-1,5631.0,5609.0,2025-05-07 10:02:00,2025-05-07 10:59:00,2.1310245362944245,0.11956747224554559,0.0023145957462815695
2025-05-07,58030,-1,5630.0,5610.0,2025-05-07 11:07:00,2025-05-07 11:12:00,1.8094896249259886,0.13987951859073144,0.0019587226169941064
2025-05-07,58030,-1,5626.0,5682.0,2025-05-07 11:19:00,2025-05-07 15:24:00,,,-0.011504573364331142
2025-05-08,58030,-1,5810.0,5798.0,2025-05-08 10:36:00,2025-05-08 10:48:00,1.5140820851824521,0.09749023376218194,0.000467540364356077
2025-05-08,58030,1,5777.0,5793.0,2025-05-08 10:51:00,2025-05-08 12:31:00,-2.42237715161578,-0.09149967609844943,0.0011657753153586448
2025-05-08,58030,-1,5805.0,5795.0,2025-05-08 13:01:00,2025-05-08 13:07:00,1.7283352044636349,0.021705232575301825,0.00012413835813980425
2025-05-08,58030,1,5783.0,5795.0,2025-05-08 13:10:00,2025-05-08 13:17:00,-1.5789008564566112,0.0463612861881491,0.0004728976156337364
2025-05-08,58030,-1,5807.0,5899.0,2025-05-08 13:33:00,2025-05-08 15:24:00,,,-0.017318758631025367
2025-05-09,58030,1,5929.0,5956.0,2025-05-09 10:00:00,2025-05-09 10:15:00,-4.642973859376705,-0.014751793459673425,0.0029435500965318134
2025-05-09,58030,1,5937.0,5955.0,2025-05-09 10:28:00,2025-05-09 11:10:00,-1.747023543123658,0.23774003150269854,0.0014272475187250098
2025-05-09,58030,1,5943.0,5946.0,2025-05-09 11:21:00,2025-05-09 12:51:00,-1.5196085766636358,-0.04615346076537263,-0.0010953318086176903
2025-05-09,58030,-1,5958.0,5949.0,2025-05-09 13:24:00,2025-05-09 13:49:00,1.8831785101861394,0.06569501017185249,-8.828391467803273e-05
2025-05-09,58030,-1,5959.0,6005.0,2025-05-09 14:06:00,2025-05-09 15:24:00,,,-0.009289773767105092
2025-05-12,58030,1,6079.0,6081.0,2025-05-12 10:00:00,2025-05-12 13:45:00,-2.2546657031812316,-0.07459694375944274,-0.0012710526286127963
2025-05-12,58030,1,6067.0,6083.0,2025-05-12 14:03:00,2025-05-12 14:11:00,-1.8958053987132497,0.18009977310866515,0.001033746378407587
2025-05-12,58030,-1,6096.0,6087.0,2025-05-12 14:22:00,2025-05-12 15:03:00,1.8928397140771904,0.21785899561036368,-0.00012253112744223488
2025-05-12,58030,-1,6092.0,6088.0,2025-05-12 15:23:00,2025-05-12 15:24:00,,,-0.0009431855264693842
2025-05-13,58030,1,6162.0,6176.0,2025-05-13 10:06:00,2025-05-13 10:07:00,-1.5811775469591371,-0.26108078031060883,0.00066941254799884
2025-05-13,58030,-1,6196.0,6174.0,2025-05-13 10:11:00,2025-05-13 10:35:00,1.528753886375654,-0.18210740196699457,0.00195699647465464
2025-05-13,58030,1,6148.0,6090.0,2025-05-13 10:37:00,2025-05-13 14:15:00,-1.6488902477300755,0.030134226107659784,-0.01107874395454377
2025-05-13,58030,1,5926.0,5761.0,2025-05-13 14:23:00,2025-05-13 15:24:00,,,-0.02983837840112738
2025-05-14,58030,1,6015.0,6037.0,2025-05-14 10:01:00,2025-05-14 10:17:00,-1.7710686727369978,-0.10440292924475353,0.0020508503876469587
2025-05-14,58030,1,5996.0,5971.0,2025-05-14 10:35:00,2025-05-14 14:09:00,-1.8103410283328598,-0.17789601043817058,-0.005778162675495899
2025-05-14,58030,-1,5993.0,6020.0,2025-05-14 14:38:00,2025-05-14 15:24:00,,,-0.006095137844681422
2025-05-15,58030,1,5855.0,5762.0,2025-05-15 10:00:00,2025-05-15 15:24:00,,,-0.017611360387343917
2025-05-16,58030,1,5709.0,5714.0,2025-05-16 10:00:00,2025-05-16 10:20:00,-1.7835070047418158,-0.23890145344032335,-0.0007245731735407324
2025-05-16,58030,1,5682.0,5712.0,2025-05-16 10:23:00,2025-05-16 10:38:00,-2.288724605483816,-0.05350602367937337,0.0036659416052870477
2025-05-16,58030,-1,5726.0,5714.0,2025-05-16 11:16:00,2025-05-16 12:50:00,1.6648266098418996,-0.2208746785419533,0.0004979028673419881
2025-05-16,58030,1,5695.0,5790.0,2025-05-16 12:57:00,2025-05-16 15:24:00,,,0.014943694685758332
2025-05-19,58030,-1,5911.0,5870.0,2025-05-19 10:00:00,2025-05-19 12:50:00,3.6706536391507383,0.29567699554703397,0.005360388002227342
2025-05-19,58030,1,5828.0,5847.0,2025-05-19 13:10:00,2025-05-19 14:51:00,-1.5825650776963365,-0.2079256920887802,0.0016548208605750901
2025-05-19,58030,1,5825.0,5803.0,2025-05-19 15:01:00,2025-05-19 15:24:00,,,-0.00538397424329304
2025-05-20,58030,-1,6005.0,6119.0,2025-05-20 10:00:00,2025-05-20 15:24:00,,,-0.020406228948456617
2025-05-21,58030,1,6021.0,6056.0,2025-05-21 10:00:00,2025-05-21 12:37:00,-7.352555350349356,0.2562360784277981,0.004196157652836954
2025-05-21,58030,1,6032.0,6049.0,2025-05-21 13:15:00,2025-05-21 13:39:00,-2.610146346432711,-0.13296790530433483,0.0012143384191222156
2025-05-21,58030,1,6037.0,6047.0,2025-05-21 13:44:00,2025-05-21 14:20:00,-2.6778593768883256,-0.22348188948792125,5.5081476786650535e-05
2025-05-21,58030,1,6038.0,6047.0,2025-05-21 14:41:00,2025-05-21 15:04:00,-1.6064973712701773,-0.16236240619901876,-0.00011054999357121894
2025-05-21,58030,1,6037.0,6048.0,2025-05-21 15:17:00,2025-05-21 15:20:00,-1.5110592095371538,-0.02973464482264303,0.0002204390629428274
2025-05-22,58030,-1,5942.0,5906.0,2025-05-22 10:00:00,2025-05-22 11:28:00,2.8101245757863174,0.229935282865508,0.004476993718684917
2025-05-22,58030,-1,5915.0,5904.0,2025-05-22 12:48:00,2025-05-22 12:53:00,1.9084242164787568,0.2113213303609373,0.00026141013217874636
2025-05-22,58030,-1,5911.0,5904.0,2025-05-22 13:10:00,2025-05-22 13:14:00,1.6817946343948855,0.23616124896523494,-0.0004150654559388863
2025-05-22,58030,-1,5912.0,5967.0,2025-05-22 13:18:00,2025-05-22 15:24:00,,,-0.010860104894044202
2025-05-23,58030,-1,6265.0,6193.0,2025-05-23 10:00:00,2025-05-23 13:01:00,3.007218443367875,0.0887562317119487,0.009958966392107785
2025-05-23,58030,1,6167.0,6194.0,2025-05-23 13:26:00,2025-05-23 13:35:00,-1.578731198155355,0.16389809568227773,0.0027685855416553964
2025-05-23,58030,1,6178.0,6190.0,2025-05-23 14:03:00,2025-05-23 14:08:00,-1.6277840197280502,-0.1819531586792448,0.00034049220011472207
2025-05-23,58030,-1,6202.0,6235.0,2025-05-23 14:21:00,2025-05-23 15:24:00,,,-0.006906758453742573
2025-05-26,58030,1,6193.0,6248.0,2025-05-26 10:00:00,2025-05-26 10:31:00,-5.984714719871843,-0.11869550511407825,0.007241790581461012
2025-05-26,58030,1,6232.0,6255.0,2025-05-26 10:55:00,2025-05-26 13:08:00,-1.5083799177005408,0.015876999902022442,0.002083835350427308
2025-05-26,58030,-1,6279.0,6307.0,2025-05-26 13:18:00,2025-05-26 15:24:00,,,-0.006049395549541867
2025-05-27,58030,1,6333.0,6334.0,2025-05-27 10:00:00,2025-05-27 12:38:00,-1.6737006697296106,-0.2169822736269543,-0.001442109417845295
2025-05-27,58030,1,6312.0,6332.0,2025-05-27 12:46:00,2025-05-27 12:51:00,-1.7029787897758253,-0.27762600865201625,0.0015635584751924941
2025-05-27,58030,1,6325.0,6479.0,2025-05-27 13:00:00,2025-05-27 15:24:00,,,0.022456142854236257
2025-05-28,58030,1,6612.0,6509.0,2025-05-28 10:00:00,2025-05-28 15:24:00,,,-0.01730034536852746
2025-05-29,58030,-1,6873.0,6833.0,2025-05-29 10:00:00,2025-05-29 13:13:00,2.259609422818447,-0.05841416816685486,0.004236876340826887
2025-05-29,58030,1,6812.0,6835.0,2025-05-29 13:33:00,2025-05-29 13:39:00,-1.5636731571891118,0.09234877726065695,0.0017707073754711204
2025-05-29,58030,1,6818.0,6832.0,2025-05-29 13:50:00,2025-05-29 13:53:00,-1.6404388675881396,-0.1880076741388074,0.0004512827705573611
2025-05-29,58030,-1,6860.0,6837.0,2025-05-29 13:57:00,2025-05-29 14:00:00,2.122002295025652,0.2075748101116595,0.0017584028061369843
2025-05-29,58030,-1,6855.0,6838.0,2025-05-29 14:10:00,2025-05-29 14:25:00,2.0452236775205783,0.2595532264948365,0.0008830217971681606
2025-05-29,58030,-1,6854.0,6891.0,2025-05-29 14:29:00,2025-05-29 15:24:00,,,-0.006983788922653709
2025-05-30,58030,1,6691.0,6706.0,2025-05-30 10:04:00,2025-05-30 10:20:00,-1.5472490418690246,0.014115975998333342,0.0006393082433569263
2025-05-30,58030,1,6687.0,6709.0,2025-05-30 10:39:00,2025-05-30 10:56:00,-1.7176770407952502,0.2643210586138259,0.0016845655089094832
2025-05-30,58030,-1,6731.0,6708.0,2025-05-30 11:00:00,2025-05-30 11:05:00,1.73677884519287,0.14093922239028192,0.001822877067613589
2025-05-30,58030,1,6691.0,6687.0,2025-05-30 12:30:00,2025-05-30 13:42:00,-1.8546971246795745,-0.24496606265144596,-0.0021979967288383788
2025-05-30,58030,1,6667.0,6693.0,2025-05-30 13:53:00,2025-05-30 14:01:00,-1.7080006981838576,0.27379770907169687,0.002292220482582075
2025-05-30,58030,1,6677.0,6690.0,2025-05-30 14:30:00,2025-05-30 14:36:00,-2.085251939097833,0.06736669880579443,0.0003450892644054355
2025-05-30,58030,1,6684.0,6691.0,2025-05-30 14:44:00,2025-05-30 14:53:00,-1.5176716469139122,0.18746907025310805,-0.0005532709324673796
2025-05-30,58030,-1,6703.0,6715.0,2025-05-30 14:59:00,2025-05-30 15:24:00,,,-0.0033886425993802575
2025-06-02,58030,-1,6746.0,6819.0,2025-06-02 10:00:00,2025-06-02 15:24:00,,,-0.012363096899057445
2025-06-03,58030,1,6770.0,6797.0,2025-06-03 10:01:00,2025-06-03 10:30:00,-2.365229245803608,-0.10432626880595393,0.002380251440317574
2025-06-03,58030,-1,6812.0,6800.0,2025-06-03 10:42:00,2025-06-03 10:53:00,1.7981649145553202,0.11052216294048972,0.00016315061838085188
2025-06-03,58030,1,6783.0,6705.0,2025-06-03 11:02:00,2025-06-03 15:24:00,,,-0.013165965230300645
2025-06-04,58030,1,6688.0,6723.0,2025-06-04 10:00:00,2025-06-04 15:24:00,,,0.0036196077044990654
2025-06-05,58030,1,6707.0,6727.0,2025-06-05 10:08:00,2025-06-05 11:17:00,-1.6115699760616766,0.21165865521013616,0.001377521925868482
2025-06-05,58030,-1,6749.0,6731.0,2025-06-05 11:18:00,2025-06-05 11:23:00,1.5839083717017182,0.24491817777924968,0.001070624732693424
2025-06-05,58030,-1,6771.0,6875.0,2025-06-05 12:40:00,2025-06-05 15:24:00,,,-0.016842857049126605
2025-06-06,58030,1,6844.0,6894.0,2025-06-06 10:00:00,2025-06-06 10:22:00,-1.6416278290224706,0.0004482152507605134,0.005679112064726688
2025-06-06,58030,1,6868.0,6894.0,2025-06-06 10:51:00,2025-06-06 11:03:00,-2.0101053458447677,-0.012394615871960767,0.0021785250594444578
2025-06-06,58030,1,6875.0,6886.0,2025-06-06 11:10:00,2025-06-06 13:49:00,-1.5467250387865232,-0.21969607724745346,-1.2786363029265377e-06
2025-06-06,58030,1,6866.0,6888.0,2025-06-06 14:12:00,2025-06-06 15:14:00,-2.2954368277736625,0.1412331766550193,0.0015990720899293875
2025-06-09,58030,-1,7065.0,7084.0,2025-06-09 10:00:00,2025-06-09 15:24:00,,,-0.00428570378409627
2025-06-10,58030,1,6967.0,6988.0,2025-06-10 10:00:00,2025-06-10 12:36:00,-2.8888744772915227,-0.2695797833919231,0.0014096762238282048
2025-06-10,58030,1,6972.0,6881.0,2025-06-10 12:45:00,2025-06-10 15:24:00,,,-0.014738137437431735
2025-06-11,58030,1,6797.0,6702.0,2025-06-11 10:00:00,2025-06-11 15:24:00,,,-0.015675349049382486
2025-06-12,58030,1,6692.0,6705.0,2025-06-12 10:25:00,2025-06-12 10:55:00,-1.5678707221712094,0.04306205307223509,0.00034073360906425516
2025-06-12,58030,1,6688.0,6704.0,2025-06-12 11:05:00,2025-06-12 12:37:00,-1.8708720066098108,0.0635922018824785,0.0007894873973814853
2025-06-12,58030,1,6693.0,6707.0,2025-06-12 13:09:00,2025-06-12 14:16:00,-1.616714180501113,0.12357597850329821,0.0004895529990950733
2025-06-12,58030,-1,6719.0,6745.0,2025-06-12 14:40:00,2025-06-12 15:24:00,,,-0.005462155721706376
2025-06-13,58030,1,6631.0,6661.0,2025-06-13 10:01:00,2025-06-13 10:10:00,-1.7338649306750493,-0.1503338588602893,0.0029140010443119034
2025-06-13,58030,1,6634.0,6677.0,2025-06-13 10:19:00,2025-06-13 11:25:00,-2.3371559708256324,0.2587740243027305,0.004860844350871041
2025-06-13,58030,-1,6711.0,6779.0,2025-06-13 12:37:00,2025-06-13 15:24:00,,,-0.011681627272726291
2025-06-16,58030,-1,6796.0,6774.0,2025-06-16 10:11:00,2025-06-16 10:23:00,1.695345168749185,0.012083382545320901,0.0016424494141056582
2025-06-16,58030,-1,6789.0,6850.0,2025-06-16 10:36:00,2025-06-16 15:24:00,,,-0.010544996954623949
2025-06-17,58030,-1,6940.0,6939.0,2025-06-17 10:00:00,2025-06-17 14:16:00,2.8925779268882557,-0.08953796085541224,-0.0014558973986987399
2025-06-17,58030,-1,6953.0,6939.0,2025-06-17 14:20:00,2025-06-17 14:21:00,2.129373372706698,-0.08689002351606867,0.0004155491994689037
2025-06-17,58030,1,6923.0,6940.0,2025-06-17 14:24:00,2025-06-17 14:56:00,-1.6793014029439897,0.2357719055880428,0.0008525728228248352
2025-06-17,58030,1,6927.0,6894.0,2025-06-17 15:01:00,2025-06-17 15:24:00,,,-0.00637535094579439
2025-06-18,58030,1,6766.0,6792.0,2025-06-18 10:00:00,2025-06-18 10:17:00,-3.7661637367091942,-0.054429385616588354,0.0022353786505294824
2025-06-18,58030,-1,6816.0,6797.0,2025-06-18 10:39:00,2025-06-18 11:04:00,1.631307342791881,0.29194082543573363,0.0011914511625134348
2025-06-18,58030,-1,6811.0,6810.0,2025-06-18 11:12:00,2025-06-18 13:28:00,2.365611522071665,0.20384822703879546,-0.001453167902239675
2025-06-18,58030,1,6768.0,6770.0,2025-06-18 13:39:00,2025-06-18 15:24:00,,,-0.0013045353797384602
2025-06-19,58030,-1,6826.0,6799.0,2025-06-19 10:00:00,2025-06-19 10:10:00,2.9170212899231434,-0.14176633610577888,0.002363307940192718
2025-06-19,58030,-1,6819.0,6900.0,2025-06-19 10:15:00,2025-06-19 15:24:00,,,-0.01340857806469784
2025-06-20,58030,-1,6934.0,6911.0,2025-06-20 10:00:00,2025-06-20 10:30:00,3.228391249389502,0.17702725040844436,0.0017225021535744445
2025-06-20,58030,1,6888.0,6902.0,2025-06-20 10:54:00,2025-06-20 13:44:00,-1.5265140024035206,0.20462023976474325,0.0004304575503819212
2025-06-20,58030,1,6887.0,6900.0,2025-06-20 14:07:00,2025-06-20 14:45:00,-2.119006837620177,-0.025399993564656356,0.00028583504065251555
2025-06-20,58030,1,6889.0,6880.0,2025-06-20 14:59:00,2025-06-20 15:24:00,,,-0.002907284665806482
2025-06-23,58030,-1,6707.0,6682.0,2025-06-23 10:07:00,2025-06-23 10:20:00,1.7483887467018504,0.24318825920351564,0.0021344131830353854
2025-06-23,58030,-1,6702.0,6687.0,2025-06-23 10:27:00,2025-06-23 11:20:00,1.8385062761203055,0.09057517994117892,0.0006406462432771356
2025-06-23,58030,-1,6703.0,6704.0,2025-06-23 12:34:00,2025-06-23 15:21:00,1.619568102544119,0.17555929052051217,-0.0017491758039613553
2025-06-24,58030,-1,6957.0,7090.0,2025-06-24 10:29:00,2025-06-24 15:24:00,,,-0.020536993602531896
2025-06-25,58030,1,7150.0,7164.0,2025-06-25 10:00:00,2025-06-25 10:15:00,-1.6109224057935252,-0.08942610966349497,0.0003561274925491561
2025-06-25,58030,-1,7181.0,7169.0,2025-06-25 10:54:00,2025-06-25 12:30:00,1.5995854254213955,-0.23369446732296587,7.247425744531864e-05
2025-06-25,58030,-1,7207.0,7195.0,2025-06-25 12:40:00,2025-06-25 14:17:00,1.8701244189889532,0.17767332628088361,6.64356029728072e-05
2025-06-25,58030,1,7179.0,7175.0,2025-06-25 15:06:00,2025-06-25 15:24:00,,,-0.0021573359486611416
2025-06-26,58030,-1,7367.0,7433.0,2025-06-26 10:00:00,2025-06-26 15:24:00,,,-0.010518978042479844
2025-06-27,58030,-1,7568.0,7517.0,2025-06-27 10:00:00,2025-06-27 10:17:00,2.95776167238692,0.08177210851970179,0.005161709554245273
2025-06-27,58030,-1,7539.0,7522.0,2025-06-27 10:19:00,2025-06-27 11:04:00,1.6102431777415978,0.20071311237610306,0.0006574871814201456
2025-06-27,58030,-1,7536.0,7573.0,2025-06-27 11:17:00,2025-06-27 15:24:00,,,-0.006497752857623732
2025-06-30,58030,-1,7719.0,7699.0,2025-06-30 10:05:00,2025-06-30 10:06:00,1.6296465768470627,0.21666794486429897,0.0009943716718042873
2025-06-30,58030,-1,7722.0,7700.0,2025-06-30 10:17:00,2025-06-30 10:24:00,1.6203030259862254,0.14815971321458593,0.001253068982406399
2025-06-30,58030,1,7682.0,7695.0,2025-06-30 11:00:00,2025-06-30 11:10:00,-1.5002339535929854,-0.13408838522255734,9.083736712944563e-05
2025-06-30,58030,-1,7711.0,7545.0,2025-06-30 12:30:00,2025-06-30 15:24:00,,,0.020162788631011317
2025-07-01,58030,-1,7775.0,7878.0,2025-07-01 10:00:00,2025-07-01 15:24:00,,,-0.014760606483416412
2025-07-02,58030,-1,7647.0,7557.0,2025-07-02 10:00:00,2025-07-02 10:33:00,3.0219971851826575,0.15242881198003305,0.010239128023505238
2025-07-02,58030,-1,7585.0,7557.0,2025-07-02 10:50:00,2025-07-02 11:00:00,1.9788224212215797,0.1920762254573801,0.0020983267619127666
2025-07-02,58030,1,7527.0,7554.0,2025-07-02 11:01:00,2025-07-02 12:30:00,-1.8620992116690713,0.2749957505046446,0.001980668237870218
2025-07-02,58030,-1,7609.0,7574.0,2025-07-02 12:52:00,2025-07-02 15:00:00,1.8511676359929519,0.21764080187851123,0.0030104277147826094
2025-07-02,58030,-1,7592.0,7567.0,2025-07-02 15:01:00,2025-07-02 15:22:00,1.8758560577258858,-0.1893939992079471,0.0016983735952422537
2025-07-03,58030,1,7704.0,7722.0,2025-07-03 10:08:00,2025-07-03 12:39:00,-1.9506268753028702,0.19285736545500043,0.0007337233462200966
2025-07-03,58030,1,7696.0,7716.0,2025-07-03 12:57:00,2025-07-03 14:35:00,-1.7911787652739557,0.20855212846011054,0.00099538168007721
2025-07-03,58030,-1,7733.0,7714.0,2025-07-03 14:49:00,2025-07-03 15:01:00,1.500698276523228,-0.0278411843600593,0.0008600258408623114
2025-07-03,58030,1,7694.0,7685.0,2025-07-03 15:10:00,2025-07-03 15:24:00,,,-0.0027704273395441647
2025-07-04,58030,1,7648.0,7520.0,2025-07-04 10:00:00,2025-07-04 15:24:00,,,-0.01847803778735175
2025-07-07,58030,1,7442.0,7454.0,2025-07-07 10:00:00,2025-07-07 10:32:00,-2.52354018767519,-0.08188674567069613,1.1171132635925604e-05
2025-07-07,58030,1,7428.0,7434.0,2025-07-07 10:57:00,2025-07-07 13:23:00,-2.937630720071592,-0.2092840198923175,-0.0007925716153989327
2025-07-07,58030,1,7419.0,7434.0,2025-07-07 13:42:00,2025-07-07 13:56:00,-1.5220290806250887,-0.28492337230929415,0.00041979466767152747
2025-07-07,58030,1,7422.0,7435.0,2025-07-07 13:58:00,2025-07-07 14:07:00,-1.7359626749769954,-0.2993994417014526,0.00015001727371244866
2025-07-07,58030,-1,7448.0,7439.0,2025-07-07 14:09:00,2025-07-07 14:14:00,1.7154086726043818,0.2717653638419627,-0.00039089123443831943
2025-07-07,58030,-1,7453.0,7440.0,2025-07-07 14:16:00,2025-07-07 14:34:00,1.7435555736604973,0.2868886268508149,0.00014578705455625825
2025-07-07,58030,-1,7452.0,7435.0,2025-07-07 14:35:00,2025-07-07 15:06:00,1.7085250460636305,-0.2973226661801642,0.0006838728272236373
2025-07-07,58030,1,7413.0,7390.0,2025-07-07 15:11:00,2025-07-07 15:24:00,,,-0.004707480714472255
2025-07-08,58030,-1,7681.0,7667.0,2025-07-08 10:00:00,2025-07-08 10:45:00,2.037000801046143,0.2893828647148081,0.00022434243978751238
2025-07-08,58030,-1,7680.0,7820.0,2025-07-08 10:48:00,2025-07-08 15:24:00,,,-0.019665007397638986
2025-07-09,58030,1,7610.0,7690.0,2025-07-09 10:00:00,2025-07-09 13:12:00,-4.376781164077078,0.04919134486563856,0.008857611643958223
2025-07-09,58030,-1,7709.0,7694.0,2025-07-09 13:30:00,2025-07-09 14:28:00,1.8900415074123638,0.22851470073288666,0.000347673147021714
2025-07-09,58030,-1,7711.0,7691.0,2025-07-09 14:43:00,2025-07-09 15:02:00,2.3333554721732024,-0.14491191132002781,0.0009970667759068277
2025-07-09,58030,1,7673.0,7690.0,2025-07-09 15:08:00,2025-07-09 15:19:00,-1.7949208867110662,-0.1556051655204892,0.0006131103220243545
2025-07-10,58030,-1,7866.0,7848.0,2025-07-10 10:03:00,2025-07-10 10:20:00,1.7608171751967927,0.26621267999255877,0.0006909517465558243
2025-07-10,58030,1,7829.0,7834.0,2025-07-10 10:57:00,2025-07-10 12:43:00,-1.7444609339419581,-0.1773852853156981,-0.0009615526821374742
2025-07-10,58030,-1,7857.0,7836.0,2025-07-10 13:10:00,2025-07-10 14:14:00,2.292615649585651,-0.14182983122066628,0.0010763541113901693
2025-07-10,58030,1,7826.0,7728.0,2025-07-10 14:15:00,2025-07-10 15:24:00,,,-0.01420142687800382
2025-07-11,58030,1,7662.0,7512.0,2025-07-11 10:00:00,2025-07-11 15:24:00,,,-0.021371304372495497
2025-07-14,58030,1,7438.0,7479.0,2025-07-14 10:00:00,2025-07-14 10:06:00,-2.655908977935651,-0.22976792404901838,0.003897097706652134
2025-07-14,58030,1,7457.0,7468.0,2025-07-14 10:08:00,2025-07-14 12:30:00,-1.691138169785343,-0.23959860423663354,-0.00012596288218163316
2025-07-14,58030,1,7451.0,7468.0,2025-07-14 12:33:00,2025-07-14 12:39:00,-1.8246651622065722,-0.1527631913182627,0.0006789741078856916
2025-07-14,58030,-1,7508.0,7557.0,2025-07-14 12:42:00,2025-07-14 15:24:00,,,-0.008105167314320384
2025-07-15,58030,1,7632.0,7689.0,2025-07-15 10:00:00,2025-07-15 10:24:00,-2.7808114055201294,0.2837921236912255,0.0058408019040583035
2025-07-15,58030,-1,7732.0,7840.0,2025-07-15 10:43:00,2025-07-15 15:24:00,,,-0.01547127301623211
2025-07-16,58030,-1,7925.0,7942.0,2025-07-16 10:00:00,2025-07-16 14:24:00,1.591545873442856,-0.2859908180695429,-0.003742812945715459
2025-07-16,58030,-1,7959.0,7947.0,2025-07-16 14:45:00,2025-07-16 14:47:00,1.5619910915957542,-0.08757038559240404,-9.1135134330015e-05
2025-07-16,58030,1,7931.0,7944.0,2025-07-16 14:48:00,2025-07-16 14:57:00,-1.8949189672743763,-0.19864316481271924,3.779564168896019e-05
2025-07-17,58030,-1,7883.0,7860.0,2025-07-17 10:00:00,2025-07-17 10:07:00,1.5450844122633987,0.23996205527832803,0.0013219356366559623
2025-07-17,58030,-1,7873.0,7855.0,2025-07-17 10:21:00,2025-07-17 10:43:00,2.0258266703497467,-0.19425373472323243,0.0006889124947456733
2025-07-17,58030,-1,7884.0,7882.0,2025-07-17 10:55:00,2025-07-17 13:50:00,1.6784317236406474,-0.23974256943010602,-0.0013462894823382022
2025-07-17,58030,1,7869.0,7884.0,2025-07-17 14:14:00,2025-07-17 14:22:00,-1.5389637986913876,0.02065344832246282,0.00030439973762750173
2025-07-17,58030,-1,7901.0,7886.0,2025-07-17 14:39:00,2025-07-17 14:47:00,2.084508934592677,0.26911501520754555,0.00030029828516078523
2025-07-17,58030,-1,7896.0,8012.0,2025-07-17 14:49:00,2025-07-17 15:24:00,,,-0.016184115672391468
2025-07-18,58030,1,8023.0,8075.0,2025-07-18 10:00:00,2025-07-18 10:51:00,-3.922440563329075,-0.29062332246203487,0.004860452337201207
2025-07-18,58030,1,8045.0,8081.0,2025-07-18 11:06:00,2025-07-18 11:26:00,-1.808850730154701,0.10375912511777162,0.0028648468069639573
2025-07-18,58030,1,8060.0,8076.0,2025-07-18 12:46:00,2025-07-18 13:00:00,-1.9546346350265458,-0.2877926788931375,0.0003831439320542468
2025-07-18,58030,1,8059.0,8078.0,2025-07-18 13:04:00,2025-07-18 13:10:00,-2.319626037600247,-0.009312848338957968,0.0007548377988469267
2025-07-18,58030,-1,8095.0,8084.0,2025-07-18 13:11:00,2025-07-18 14:47:00,1.7098220647897755,-0.19118767539229053,-0.00024021241177617073
2025-07-18,58030,1,8051.0,8085.0,2025-07-18 14:55:00,2025-07-18 15:01:00,-1.674837290582811,-0.000989532144905498,0.0026141857112264516
2025-07-18,58030,-1,8112.0,8088.0,2025-07-18 15:14:00,2025-07-18 15:18:00,1.6458597828442119,0.1446301199353553,0.001362965130657072
2025-07-22,58030,-1,8401.0,8391.0,2025-07-22 10:31:00,2025-07-22 10:39:00,1.5515117061888197,0.28113091226329395,-0.0004089565052222983
2025-07-22,58030,1,8378.0,8389.0,2025-07-22 10:44:00,2025-07-22 10:48:00,-1.6696330235326216,0.03463037180535786,-0.00028789866068554314
2025-07-22,58030,1,8372.0,8387.0,2025-07-22 10:51:00,2025-07-22 11:29:00,-1.6546334965503169,-0.058862176058063785,0.00019008341852118642
2025-07-22,58030,1,8356.0,8379.0,2025-07-22 12:30:00,2025-07-22 13:12:00,-4.030774420379294,0.1264159078741185,0.0011487319368301025
2025-07-22,58030,1,8361.0,8444.0,2025-07-22 13:55:00,2025-07-22 15:24:00,,,0.00827809281815326
2025-07-23,58030,1,8327.0,8328.0,2025-07-23 10:00:00,2025-07-23 12:32:00,-4.9702732241292615,-0.10124684607393102,-0.001479915941014595
2025-07-23,58030,1,8294.0,8318.0,2025-07-23 12:57:00,2025-07-23 14:08:00,-1.659018722008852,-0.095992539879851,0.0012894794965303952
2025-07-23,58030,-1,8362.0,8325.0,2025-07-23 14:22:00,2025-07-23 14:38:00,1.6715324803119453,0.15012067062616838,0.0028345970678657533
2025-07-23,58030,-1,8347.0,8356.0,2025-07-23 15:05:00,2025-07-23 15:24:00,,,-0.0026776508257197436
2025-07-24,58030,-1,8619.0,8574.0,2025-07-24 10:00:00,2025-07-24 10:23:00,3.03250075852842,-0.07501603428497364,0.003634700489476844
2025-07-24,58030,-1,8590.0,8576.0,2025-07-24 10:24:00,2025-07-24 10:25:00,1.8187125871958003,0.13880981461135186,3.1131667717812896e-05
2025-07-24,58030,-1,8594.0,8604.0,2025-07-24 10:27:00,2025-07-24 12:46:00,2.1059431430474262,0.2721924171409134,-0.0027629260526802566
2025-07-24,58030,1,8582.0,8597.0,2025-07-24 13:15:00,2025-07-24 13:22:00,-1.598806422455864,0.02814273217199023,0.00014631862297401102
2025-07-24,58030,-1,8617.0,8710.0,2025-07-24 13:28:00,2025-07-24 15:24:00,,,-0.012334794606781751
2025-07-25,58030,-1,8868.0,8852.0,2025-07-25 10:07:00,2025-07-25 12:39:00,2.0825718341375175,-0.19039813445580542,0.0002058695652618172
2025-07-25,58030,-1,8865.0,8855.0,2025-07-25 13:11:00,2025-07-25 13:34:00,1.5986836481208773,-0.06759277091042055,-0.0004713317086256347
2025-07-25,58030,1,8847.0,8855.0,2025-07-25 14:00:00,2025-07-25 14:02:00,-1.5330086173465538,-0.10606287439786906,-0.0006961472664519507
2025-07-25,58030,-1,8865.0,8856.0,2025-07-25 14:14:00,2025-07-25 14:32:00,1.5603145271164052,0.025610043770013156,-0.0005842558801645837
2025-07-25,58030,1,8847.0,8848.0,2025-07-25 14:33:00,2025-07-25 15:19:00,-1.5154331568010364,-0.22858991053809294,-0.001486973721269806
2025-07-28,58030,-1,8857.0,8847.0,2025-07-28 10:07:00,2025-07-28 11:23:00,1.6187116584039123,0.14841741179523404,-0.0004703116738029444
2025-07-28,58030,-1,8870.0,8847.0,2025-07-28 11:29:00,2025-07-28 12:45:00,1.5666480460237697,-0.05475690643027075,0.0009963778202392328
2025-07-28,58030,1,8820.0,8842.0,2025-07-28 13:05:00,2025-07-28 14:20:00,-2.0171694374950637,-0.053443182873800954,0.0008912253853515823
2025-07-28,58030,-1,8863.0,8844.0,2025-07-28 14:40:00,2025-07-28 14:53:00,2.284985783355109,0.08241767334765417,0.0005460447610610845
2025-07-28,58030,-1,8857.0,8845.0,2025-07-28 15:08:00,2025-07-28 15:11:00,1.531842326364783,0.19487692997006043,-0.0002442207843027062
2025-07-29,58030,1,8845.0,8869.0,2025-07-29 10:05:00,2025-07-29 10:15:00,-1.765444935743605,0.12261964660320433,0.0011097227825668024
2025-07-29,58030,1,8844.0,8861.0,2025-07-29 10:34:00,2025-07-29 10:53:00,-1.5325534525441304,-0.2807711158300345,0.00032036206996556723
2025-07-29,58030,1,8839.0,8941.0,2025-07-29 10:58:00,2025-07-29 15:24:00,,,0.00987369167437003
2025-07-30,58030,-1,9664.0,9685.0,2025-07-30 10:01:00,2025-07-30 15:05:00,1.5387858912288743,-0.15218845581035273,-0.003770655666500005
2025-07-30,58030,-1,9735.0,9738.0,2025-07-30 15:19:00,2025-07-30 15:24:00,,,-0.0019081189363462491
2025-07-31,58030,-1,10375.0,10290.0,2025-07-31 10:00:00,2025-07-31 10:38:00,6.275924930440617,0.27631248874339936,0.006626516270803765
2025-07-31,58030,-1,10315.0,10295.0,2025-07-31 10:54:00,2025-07-31 12:36:00,1.501042726230229,0.15631752066537077,0.00034080604346238487
2025-07-31,58030,1,10260.0,10285.0,2025-07-31 13:10:00,2025-07-31 13:59:00,-1.5506161885122285,-0.07281805489663691,0.0008336833622970845
2025-07-31,58030,-1,10330.0,10290.0,2025-07-31 14:16:00,2025-07-31 14:22:00,1.8658196568674557,0.16235054771884977,0.002279733285588963
2025-07-31,58030,1,10260.0,10290.0,2025-07-31 14:32:00,2025-07-31 14:37:00,-1.7681587289215484,0.21044292734325323,0.001319710103334846
2025-07-31,58030,-1,10325.0,10345.0,2025-07-31 14:46:00,2025-07-31 15:24:00,,,-0.003535172350409965
2025-08-01,58030,-1,10260.0,10140.0,2025-08-01 10:00:00,2025-08-01 10:25:00,4.326633492279329,0.14172379076262512,0.01016484157958637
2025-08-01,58030,-1,10175.0,10295.0,2025-08-01 10:40:00,2025-08-01 15:24:00,,,-0.013324609151094007
2025-08-04,58030,-1,10195.0,10270.0,2025-08-04 10:00:00,2025-08-04 15:24:00,,,-0.008929619914048326
2025-08-05,58030,-1,10565.0,10670.0,2025-08-05 10:00:00,2025-08-05 15:24:00,,,-0.011489414245642078
2025-08-06,58030,-1,10755.0,10925.0,2025-08-06 10:00:00,2025-08-06 15:24:00,,,-0.017282978261960482
2025-08-07,58030,1,10875.0,10900.0,2025-08-07 10:02:00,2025-08-07 10:40:00,-1.5113017670664133,-0.1845926989363825,0.0006962122603501569
2025-08-07,58030,1,10870.0,11535.0,2025-08-07 10:55:00,2025-08-07 15:24:00,,,0.057779190492599004
2025-08-08,58030,1,11545.0,11075.0,2025-08-08 10:00:00,2025-08-08 15:24:00,,,-0.043162126875259395
2025-08-12,58030,-1,11615.0,11595.0,2025-08-12 10:14:00,2025-08-12 10:40:00,2.0638627879861198,0.10244503519247648,0.00012339551487750944
2025-08-12,58030,-1,11640.0,11610.0,2025-08-12 10:46:00,2025-08-12 11:21:00,1.8867166326361173,0.12965372095478936,0.0009806465934916254
2025-08-12,58030,-1,11680.0,11615.0,2025-08-12 12:30:00,2025-08-12 12:56:00,2.5521594258930604,0.1981018635884868,0.003980611177708487
2025-08-12,58030,1,11555.0,11610.0,2025-08-12 13:12:00,2025-08-12 13:25:00,-2.2239114509367197,0.023875699218258255,0.0031485519834560226
2025-08-12,58030,1,11575.0,11605.0,2025-08-12 13:32:00,2025-08-12 14:05:00,-1.7547492669721347,-0.13215861673675414,0.0009884397541026063
2025-08-12,58030,1,11555.0,11605.0,2025-08-12 14:15:00,2025-08-12 14:20:00,-2.67966158473667,-0.12119496141005968,0.002717796000056341
2025-08-12,58030,-1,11640.0,11655.0,2025-08-12 14:23:00,2025-08-12 15:24:00,,,-0.002887830184428686
2025-08-13,58030,1,11740.0,11815.0,2025-08-13 10:00:00,2025-08-13 10:23:00,-3.462857956413768,-0.24487622166776396,0.004768096238920693
2025-08-13,58030,-1,11870.0,11975.0,2025-08-13 10:43:00,2025-08-13 15:24:00,,,-0.010406934675402211
2025-08-14,58030,1,11795.0,11835.0,2025-08-14 10:04:00,2025-08-14 11:27:00,-1.649176625156683,0.14029576925918336,0.0017855301063087997
2025-08-14,58030,1,11805.0,11830.0,2025-08-14 12:54:00,2025-08-14 12:57:00,-1.6898041449424335,-0.1010506710241811,0.0005155074528192321
2025-08-14,58030,1,11800.0,11830.0,2025-08-14 12:59:00,2025-08-14 13:09:00,-1.8058859206103888,-0.069158879740537,0.0009391465186762377
2025-08-14,58030,-1,11855.0,11835.0,2025-08-14 13:11:00,2025-08-14 13:48:00,1.5474479846720055,0.01574607472992985,8.847655142159121e-05
2025-08-14,58030,-1,11855.0,11945.0,2025-08-14 14:13:00,2025-08-14 15:24:00,,,-0.009163061260404145
2025-08-15,58030,-1,12020.0,12255.0,2025-08-15 10:00:00,2025-08-15 15:24:00,,,-0.02096208787301436
2025-08-18,58030,-1,12275.0,12360.0,2025-08-18 10:00:00,2025-08-18 15:24:00,,,-0.008500778348960436
2025-08-19,58030,1,11820.0,12070.0,2025-08-19 10:00:00,2025-08-19 10:28:00,-4.396485139062432,-0.29037667487080776,0.01933002313148793
2025-08-19,58030,1,12020.0,12105.0,2025-08-19 10:39:00,2025-08-19 10:42:00,-1.740635631837026,0.1979558797117855,0.005446661282960285
2025-08-19,58030,1,12035.0,12095.0,2025-08-19 11:06:00,2025-08-19 11:12:00,-1.951986226127206,-0.05645685354614104,0.0033730728269553353
2025-08-19,58030,1,12055.0,12090.0,2025-08-19 11:22:00,2025-08-19 12:31:00,-1.6498028127790854,-0.13719658412654065,0.0012991529935668263
2025-08-19,58030,1,12035.0,12085.0,2025-08-19 12:34:00,2025-08-19 12:37:00,-1.8466685634363558,-0.2737247637944517,0.0025459429204110137
2025-08-19,58030,1,12040.0,12095.0,2025-08-19 12:45:00,2025-08-19 13:12:00,-2.0329032938535656,0.19935832966414682,0.0029577041813156693
2025-08-19,58030,1,12065.0,12090.0,2025-08-19 13:20:00,2025-08-19 14:33:00,-1.6577987326980295,0.04169357224173719,0.0004699655497063277
2025-08-19,58030,1,12060.0,12030.0,2025-08-19 14:35:00,2025-08-19 15:24:00,,,-0.004090661312451919
2025-08-20,58030,1,11310.0,11355.0,2025-08-20 10:00:00,2025-08-20 10:15:00,-1.6604659486857174,0.010482555703799848,0.0023708854294927206
2025-08-20,58030,1,11315.0,11345.0,2025-08-20 10:22:00,2025-08-20 10:46:00,-1.999016775246651,-0.1945460806064101,0.0010478391463042771
2025-08-20,58030,1,11315.0,11340.0,2025-08-20 10:50:00,2025-08-20 11:13:00,-1.744727929592791,-0.23729279902462383,0.0006070192141052518
2025-08-20,58030,1,11305.0,11350.0,2025-08-20 12:39:00,2025-08-20 14:49:00,-1.7411832774526808,0.059855668825310356,0.002372638197478465
2025-08-20,58030,-1,11365.0,11355.0,2025-08-20 14:55:00,2025-08-20 15:16:00,1.7554162737117456,0.15957038893086206,-0.0007197182530152964
2025-08-21,58030,1,11450.0,11475.0,2025-08-21 10:02:00,2025-08-21 10:31:00,-1.616471617865813,-0.09142003460188397,0.000581025946360146
2025-08-21,58030,-1,11510.0,11480.0,2025-08-21 10:48:00,2025-08-21 11:09:00,1.6911284388448173,0.09215668724738739,0.0010098318423708969
2025-08-21,58030,1,11450.0,11480.0,2025-08-21 11:25:00,2025-08-21 12:38:00,-1.5382360406160374,0.11663041138147029,0.0010166608911716887
2025-08-21,58030,-1,11490.0,11480.0,2025-08-21 13:04:00,2025-08-21 13:06:00,1.5334797286899349,0.25117424347316236,-0.0007292990307560792
2025-08-21,58030,-1,11490.0,11480.0,2025-08-21 13:07:00,2025-08-21 13:38:00,1.8598847238962222,0.13691749006481638,-0.0007292990307560792
2025-08-21,58030,1,11460.0,11480.0,2025-08-21 13:56:00,2025-08-21 14:33:00,-1.9355196834616326,0.0534708895294602,0.00014367960482683734
2025-08-21,58030,-1,11520.0,11480.0,2025-08-21 14:56:00,2025-08-21 15:03:00,3.5965995011469603,0.030597018892178165,0.0018782643763248085
2025-08-21,58030,1,11440.0,11475.0,2025-08-21 15:04:00,2025-08-21 15:09:00,-2.5396609081723263,-0.20199474078436427,0.0014547699949570808
2025-08-22,58030,1,11435.0,11455.0,2025-08-22 10:00:00,2025-08-22 11:00:00,-2.041230364947432,0.049906348205163764,0.00014748843071446288
2025-08-22,58030,-1,11495.0,11455.0,2025-08-22 11:25:00,2025-08-22 13:02:00,2.7769857624553387,0.14070676241483002,0.0018858423096859741
2025-08-22,58030,-1,11480.0,11455.0,2025-08-22 13:27:00,2025-08-22 15:05:00,2.1735763558947907,-0.26143531377878687,0.0005800749859614701
2025-08-25,58030,1,11555.0,11520.0,2025-08-25 10:00:00,2025-08-25 15:24:00,,,-0.004633588458598821
2025-08-26,58030,1,11385.0,11440.0,2025-08-26 10:00:00,2025-08-26 13:07:00,-6.23014727265152,-0.2821298067799723,0.003219286435948922
2025-08-26,58030,1,11430.0,11445.0,2025-08-26 13:53:00,2025-08-26 13:56:00,-1.7749369195327818,0.18550547369915382,-0.0002885244021893446
2025-08-26,58030,-1,11455.0,11445.0,2025-08-26 14:00:00,2025-08-26 14:01:00,1.6383861846322993,0.1475172287172457,-0.0007266374990711978
2025-08-26,58030,-1,11465.0,11505.0,2025-08-26 14:06:00,2025-08-26 15:24:00,,,-0.005082807177461457
2025-08-27,58030,1,11500.0,11580.0,2025-08-27 10:00:00,2025-08-27 12:42:00,-5.982464238725958,0.09141085126230235,0.005332436775644896
2025-08-27,58030,1,11550.0,11565.0,2025-08-27 13:10:00,2025-08-27 14:57:00,-1.9965544753989346,0.05885818880467214,-0.00030214128439998763
2025-08-27,58030,-1,11600.0,11665.0,2025-08-27 15:11:00,2025-08-27 15:24:00,,,-0.007187807361074271
2025-08-28,58030,-1,11795.0,12300.0,2025-08-28 10:00:00,2025-08-28 15:24:00,,,-0.04352354951873349
2025-08-29,58030,-1,12640.0,12770.0,2025-08-29 10:13:00,2025-08-29 15:24:00,,,-0.011832281325736504
2025-09-01,58030,-1,12675.0,12625.0,2025-09-01 10:06:00,2025-09-01 10:33:00,1.5508351333367776,-0.11552247705257898,0.0023525743158233584
2025-09-01,58030,1,12570.0,12410.0,2025-09-01 10:37:00,2025-09-01 15:24:00,,,-0.014410423385640256
2025-09-02,58030,-1,12500.0,12495.0,2025-09-02 10:00:00,2025-09-02 11:09:00,1.6516562278136413,0.115053302650186,-0.0011999199786603089
2025-09-02,58030,-1,12520.0,12495.0,2025-09-02 11:22:00,2025-09-02 12:59:00,1.5185790273181765,-0.12055437653897115,0.0003988013850367751
2025-09-02,58030,1,12415.0,12455.0,2025-09-02 13:14:00,2025-09-02 15:03:00,-1.6036070000749352,-0.2759234342557072,0.0016167297540137474
2025-09-02,58030,1,12420.0,12435.0,2025-09-02 15:12:00,2025-09-02 15:24:00,,,-0.00039299924996471255
2025-09-03,58030,-1,12620.0,12590.0,2025-09-03 10:12:00,2025-09-03 10:27:00,1.8060583814333082,-0.05704504804510765,0.0007800090568113435
2025-09-03,58030,1,12565.0,12590.0,2025-09-03 10:30:00,2025-09-03 10:47:00,-1.648203015730318,0.12890756845301252,0.0003876770607003945
2025-09-03,58030,-1,12615.0,12590.0,2025-09-03 11:13:00,2025-09-03 12:52:00,1.509266790226446,-0.2882311875553006,0.0003837340367652635
2025-09-03,58030,1,12530.0,12585.0,2025-09-03 12:57:00,2025-09-03 13:08:00,-1.7192313824370664,-0.2056872753757324,0.0027798596793022967
2025-09-03,58030,1,12525.0,12520.0,2025-09-03 13:14:00,2025-09-03 15:24:00,,,-0.001999281298976039
2025-09-04,58030,-1,13305.0,13165.0,2025-09-04 10:00:00,2025-09-04 12:47:00,4.189719646998761,-0.2792818390434138,0.008978111481379765
2025-09-04,58030,-1,13245.0,13190.0,2025-09-04 13:07:00,2025-09-04 13:58:00,1.6358334455602048,0.2677783422442463,0.002561155994809797
2025-09-04,58030,-1,13230.0,13185.0,2025-09-04 14:20:00,2025-09-04 14:33:00,1.9787431305251881,0.03086811619070542,0.0018071583216143089
2025-09-04,58030,-1,13205.0,13185.0,2025-09-04 14:43:00,2025-09-04 15:24:00,1.5023617356589334,0.06802587594018529,-8.427405615448694e-05
2025-09-05,58030,1,13325.0,13385.0,2025-09-05 10:02:00,2025-09-05 10:13:00,-2.064227893141753,-0.06451563058571934,0.002892706920407632
2025-09-05,58030,-1,13415.0,13390.0,2025-09-05 10:59:00,2025-09-05 11:00:00,2.3554889920975177,0.11509990286652468,0.00026532417450634204
2025-09-05,58030,-1,13410.0,13390.0,2025-09-05 11:02:00,2025-09-05 11:13:00,2.2450517247158563,0.06074230070606847,-0.00010746240949403461
2025-09-05,58030,-1,13425.0,13335.0,2025-09-05 12:30:00,2025-09-05 14:58:00,3.437178470538526,-0.1900306203772543,0.005126482760950786
2025-09-05,58030,1,13310.0,13310.0,2025-09-05 15:07:00,2025-09-05 15:24:00,,,-0.0016
2025-09-08,58030,-1,13460.0,13435.0,2025-09-08 10:06:00,2025-09-08 10:20:00,1.611495088503038,0.2853313754867994,0.0002590821491271914
2025-09-08,58030,-1,13465.0,13440.0,2025-09-08 10:26:00,2025-09-08 11:11:00,1.568654409110319,0.17483232533225468,0.0002583911685587689
2025-09-08,58030,-1,13485.0,13450.0,2025-09-08 11:27:00,2025-09-08 12:48:00,1.8895686127995999,0.22756355135558318,0.0009988505438452142
2025-09-08,58030,1,13430.0,13445.0,2025-09-08 13:12:00,2025-09-08 13:16:00,-1.505757757155215,0.13834416167435606,-0.00048372081431829984
2025-09-08,58030,-1,13460.0,13445.0,2025-09-08 13:29:00,2025-09-08 13:33:00,2.4037115817129084,0.15105521030624178,-0.00048496550424624997
2025-09-08,58030,-1,13465.0,13445.0,2025-09-08 13:36:00,2025-09-08 13:38:00,2.589006347421262,0.11301138835873341,-0.00011356345726576487
2025-09-08,58030,-1,13460.0,13540.0,2025-09-08 13:45:00,2025-09-08 15:24:00,,,-0.007525943267547168
2025-09-09,58030,1,13645.0,12920.0,2025-09-09 10:00:00,2025-09-09 15:24:00,,,-0.05619665580584595
2025-09-10,58030,-1,13510.0,13655.0,2025-09-10 10:00:00,2025-09-10 15:24:00,,,-0.012275602953560755
2025-09-11,58030,-1,14050.0,13945.0,2025-09-11 10:00:00,2025-09-11 10:13:00,1.8443439010575624,0.08932396426257372,0.00590137470030255
2025-09-11,58030,-1,14035.0,14040.0,2025-09-11 10:35:00,2025-09-11 13:25:00,2.479999126324203,0.24778940838665353,-0.001956188783819146
2025-09-11,58030,1,13980.0,14035.0,2025-09-11 13:53:00,2025-09-11 13:55:00,-2.0906033857901485,0.17266092784853124,0.002326473008181603
2025-09-11,58030,-1,14075.0,14035.0,2025-09-11 14:05:00,2025-09-11 14:16:00,1.7870669701713635,0.1490644694735319,0.0012459642119082754
2025-09-11,58030,-1,14060.0,14035.0,2025-09-11 14:34:00,2025-09-11 14:46:00,1.578904928230838,0.29203161425214924,0.0001796765686730257
2025-09-11,58030,-1,14075.0,14030.0,2025-09-11 14:57:00,2025-09-11 15:15:00,2.971541175979678,-0.07303224184236555,0.0016022799113845326
2025-09-12,58030,-1,14250.0,14200.0,2025-09-12 10:00:00,2025-09-12 10:16:00,1.835931607362337,-0.08884614720782866,0.0019149421074444969
2025-09-12,58030,1,14145.0,14185.0,2025-09-12 10:32:00,2025-09-12 13:10:00,-1.6938236410739915,-0.2697305949907525,0.0012238635072842452
2025-09-12,58030,1,14165.0,14190.0,2025-09-12 13:34:00,2025-09-12 13:40:00,-2.043540670196269,-0.032266349303715774,0.00016335788947132498
2025-09-12,58030,1,14170.0,14095.0,2025-09-12 13:47:00,2025-09-12 15:24:00,,,-0.006906929136513224
2025-09-16,58030,1,13905.0,13990.0,2025-09-16 10:00:00,2025-09-16 15:24:00,,,0.004494300991461556
2025-09-17,58030,1,13745.0,13775.0,2025-09-17 10:15:00,2025-09-17 10:20:00,-1.7820674375677625,0.18959245097930918,0.0005802334217690907
2025-09-17,58030,1,13745.0,13775.0,2025-09-17 10:27:00,2025-09-17 10:49:00,-1.9740259971536727,0.2847297206472898,0.0005802334217690907
2025-09-17,58030,-1,13810.0,13775.0,2025-09-17 11:13:00,2025-09-17 11:17:00,1.6375126870979806,0.23290133460933427,0.0009376123822225316
2025-09-17,58030,1,13705.0,13460.0,2025-09-17 12:30:00,2025-09-17 15:24:00,,,-0.01963840553816737
2025-09-18,58030,1,13485.0,13515.0,2025-09-18 10:00:00,2025-09-18 10:10:00,-1.6787760826003393,-0.12001071589428325,0.0006222231367177383
2025-09-18,58030,1,13480.0,13510.0,2025-09-18 10:13:00,2025-09-18 10:45:00,-1.7817265327021827,-0.25607510714176746,0.0006230464879464516
2025-09-18,58030,-1,13560.0,13645.0,2025-09-18 11:06:00,2025-09-18 15:24:00,,,-0.007848871648052303
2025-09-19,58030,1,13835.0,13935.0,2025-09-19 10:00:00,2025-09-19 12:40:00,-8.210142447830249,-0.16062894346246948,0.00560204769502241
2025-09-19,58030,1,13905.0,13865.0,2025-09-19 12:42:00,2025-09-19 13:40:00,-1.8202725953339993,-0.11555318507694895,-0.004480808618186761
2025-09-19,58030,-1,14020.0,13935.0,2025-09-19 13:55:00,2025-09-19 15:24:00,,,0.004481220672532484
2025-09-22,58030,-1,14250.0,14230.0,2025-09-22 10:27:00,2025-09-22 12:30:00,1.763921154190008,-0.1990516327620307,-0.00019550538710144194
2025-09-22,58030,-1,14270.0,14230.0,2025-09-22 12:35:00,2025-09-22 12:42:00,3.059263903538383,-0.23816933995426576,0.0012070193869839977
2025-09-22,58030,-1,14265.0,14235.0,2025-09-22 12:53:00,2025-09-22 13:00:00,1.8220553674275601,0.06843003827196775,0.0005052639354624271
2025-09-22,58030,1,14205.0,14225.0,2025-09-22 13:09:00,2025-09-22 13:53:00,-1.7170406296289205,-0.2942708884522901,-0.0001930352937566163
2025-09-22,58030,1,14215.0,14230.0,2025-09-22 14:01:00,2025-09-22 14:04:00,-1.70505019415677,-0.03230309873229413,-0.0005453330012021177
2025-09-22,58030,-1,14255.0,14235.0,2025-09-22 14:05:00,2025-09-22 14:19:00,2.122528408041182,0.18044562506357972,-0.0001959983653655479
2025-09-22,58030,1,14195.0,14220.0,2025-09-22 14:30:00,2025-09-22 15:18:00,-1.5281282848830247,-0.23315732713507473,0.00015963445016040686
2025-09-24,58030,-1,14180.0,14125.0,2025-09-24 10:00:00,2025-09-24 10:19:00,3.1324400369765955,0.17502661047350965,0.0022862440714768494
2025-09-24,58030,-1,14155.0,14520.0,2025-09-24 10:45:00,2025-09-24 15:24:00,,,-0.027059090832787087
2025-09-25,58030,-1,14670.0,14565.0,2025-09-25 10:00:00,2025-09-25 11:15:00,5.724268768910891,0.1893023765631163,0.005583201743492419
2025-09-25,58030,1,14515.0,14560.0,2025-09-25 12:44:00,2025-09-25 13:01:00,-1.9679285161061966,0.14175328447631666,0.0014954452919467723
2025-09-25,58030,-1,14625.0,14560.0,2025-09-25 13:11:00,2025-09-25 13:48:00,2.499243229601953,0.03329118529915376,0.002854350349380309
2025-09-25,58030,-1,14595.0,14565.0,2025-09-25 13:50:00,2025-09-25 13:52:00,1.6384632893399715,0.2314420592157326,0.0004576138946801539
2025-09-25,58030,-1,14580.0,14560.0,2025-09-25 14:24:00,2025-09-25 14:37:00,1.819671252421875,0.046033280014204064,-0.00022731618802786452
2025-09-25,58030,-1,14580.0,14560.0,2025-09-25 14:51:00,2025-09-25 14:55:00,2.3045650744669217,0.05431460452876779,-0.00022731618802786452
2025-09-25,58030,1,14545.0,14500.0,2025-09-25 15:00:00,2025-09-25 15:24:00,,,-0.004698642520636248
2025-09-26,58030,1,14340.0,14090.0,2025-09-26 10:00:00,2025-09-26 15:24:00,,,-0.019187509260885412
2025-09-29,58030,-1,14465.0,14635.0,2025-09-29 10:00:00,2025-09-29 15:24:00,,,-0.013283981715750714
2025-09-30,58030,1,14510.0,14530.0,2025-09-30 10:00:00,2025-09-30 10:39:00,-1.5320518633657714,-0.08134491198578311,-0.00022258931390492357
2025-09-30,58030,1,14495.0,14530.0,2025-09-30 10:42:00,2025-09-30 10:46:00,-2.0493364144496757,-0.09208317718162533,0.0008117152085726574
2025-09-30,58030,-1,14560.0,14530.0,2025-09-30 11:04:00,2025-09-30 11:14:00,1.7831649236492535,-0.18005703106313703,0.0004625651863483678
2025-09-30,58030,-1,14555.0,14540.0,2025-09-30 11:15:00,2025-09-30 13:20:00,1.8033401160590046,-0.19235835018500058,-0.0005688949077867556
2025-09-30,58030,-1,14565.0,14545.0,2025-09-30 13:42:00,2025-09-30 14:05:00,1.7979539659827435,-0.012747571299316914,-0.00022590153576702225
2025-09-30,58030,-1,14565.0,14545.0,2025-09-30 14:13:00,2025-09-30 14:45:00,1.5210228760678186,-0.11487393448768449,-0.00022590153576702225
2025-09-30,58030,1,14490.0,14475.0,2025-09-30 14:56:00,2025-09-30 15:24:00,,,-0.002635732873532091
2025-10-01,58030,1,14265.0,14350.0,2025-10-01 10:00:00,2025-10-01 10:06:00,-3.6513436318736363,-0.03883750632249062,0.004340957540166833
2025-10-01,58030,1,14315.0,14295.0,2025-10-01 10:10:00,2025-10-01 14:57:00,-1.594706245605781,0.15718522758077788,-0.002998112775803254
2025-10-02,58030,1,14270.0,14205.0,2025-10-02 10:00:00,2025-10-02 15:24:00,,,-0.006165416182593779
2025-10-03,58030,1,13935.0,13980.0,2025-10-03 10:05:00,2025-10-03 10:06:00,-1.5259470187077486,-0.18892700362094061,0.0016240758717526846
2025-10-03,58030,-1,14050.0,13985.0,2025-10-03 10:10:00,2025-10-03 10:25:00,2.0498685690338894,-0.2560763330118387,0.00303706912583172
2025-10-03,58030,1,13920.0,13990.0,2025-10-03 10:44:00,2025-10-03 10:51:00,-1.7940530190395392,0.014698424401445198,0.0034161337711161787
2025-10-03,58030,1,13940.0,13980.0,2025-10-03 10:57:00,2025-10-03 12:31:00,-1.8956137330075502,-0.02821507606179173,0.001265331473286427
2025-10-03,58030,1,13930.0,13980.0,2025-10-03 12:35:00,2025-10-03 12:43:00,-1.739802856292107,0.016703567732488874,0.0019829490139499284
2025-10-03,58030,1,13945.0,13975.0,2025-10-03 12:59:00,2025-10-03 13:28:00,-1.5899868856470232,-0.2634462456922019,0.0005489979617105203
2025-10-03,58030,1,13955.0,13975.0,2025-10-03 13:44:00,2025-10-03 14:01:00,-1.6209842486380877,-0.05919342194045863,-0.00016784794712259936
2025-10-03,58030,-1,14000.0,14140.0,2025-10-03 14:27:00,2025-10-03 15:24:00,,,-0.011550330853168093
2025-10-06,58030,-1,14330.0,14345.0,2025-10-06 10:08:00,2025-10-06 13:00:00,1.6407467676373833,0.022661875034041653,-0.002646207593247572
2025-10-06,58030,1,14290.0,14335.0,2025-10-06 13:28:00,2025-10-06 13:31:00,-1.551038722728923,-0.20373354729476018,0.0015441073935571691
2025-10-06,58030,-1,14385.0,14470.0,2025-10-06 13:48:00,2025-10-06 15:24:00,,,-0.007491543639881362
2025-10-07,58030,-1,15620.0,15570.0,2025-10-07 10:00:00,2025-10-07 14:05:00,2.7775292338300797,0.29201635898107375,0.0016061585656329612
2025-10-07,58030,-1,15620.0,15245.0,2025-10-07 14:08:00,2025-10-07 15:24:00,,,0.02270056397132181
2025-10-08,58030,-1,15995.0,15845.0,2025-10-08 10:00:00,2025-10-08 13:00:00,3.6682862102513547,0.1525681090047932,0.007822180258597211
2025-10-08,58030,-1,15880.0,15840.0,2025-10-08 13:02:00,2025-10-08 13:08:00,1.6645000952617637,-0.056280015347857565,0.000922069432709835
2025-10-08,58030,1,15775.0,15840.0,2025-10-08 13:10:00,2025-10-08 14:05:00,-2.5068984775746164,0.14888492328203132,0.0025119779590028696
2025-10-08,58030,-1,15915.0,15960.0,2025-10-08 14:12:00,2025-10-08 15:24:00,,,-0.004423531287606567
2025-10-09,58030,1,16815.0,16725.0,2025-10-09 10:01:00,2025-10-09 15:24:00,,,-0.006966739177940787
2025-10-10,58030,1,16605.0,16615.0,2025-10-10 10:07:00,2025-10-10 14:47:00,-1.6007952370349057,-0.212940870692736,-0.0009979530221523357
2025-10-10,58030,1,16550.0,16675.0,2025-10-10 14:53:00,2025-10-10 15:24:00,,,0.005924489978615501
2025-10-14,58030,1,16325.0,16465.0,2025-10-14 10:00:00,2025-10-14 10:42:00,-1.7907260384664845,-0.04676017230451212,0.006939240665832846
2025-10-14,58030,1,16380.0,15770.0,2025-10-14 11:06:00,2025-10-14 15:24:00,,,-0.03955167744997633
2025-10-15,58030,-1,16045.0,16150.0,2025-10-15 10:00:00,2025-10-15 15:24:00,,,-0.008122775106845266
2025-10-16,58030,-1,16550.0,16490.0,2025-10-16 10:03:00,2025-10-16 10:13:00,1.8043288192533922,0.25442391633861167,0.0020319652515644092
2025-10-16,58030,-1,16525.0,16485.0,2025-10-16 10:16:00,2025-10-16 10:18:00,1.5129404348576856,0.12035952996099751,0.0008235092140556303
2025-10-16,58030,-1,16515.0,16485.0,2025-10-16 10:36:00,2025-10-16 10:41:00,1.7019532657360121,0.146107027956557,0.00021818231905862732
2025-10-16,58030,1,16455.0,16480.0,2025-10-16 10:46:00,2025-10-16 10:50:00,-1.5964303460746736,-0.11473626973939179,-8.185791397763128e-05
2025-10-16,58030,-1,16515.0,16485.0,2025-10-16 10:56:00,2025-10-16 12:36:00,1.7068913704661104,0.15312502269962858,0.00021818231905862732
2025-10-16,58030,1,16445.0,16480.0,2025-10-16 12:38:00,2025-10-16 12:42:00,-1.5102698803650039,-0.004766746412644707,0.0005260448403053856
2025-10-16,58030,1,16425.0,16480.0,2025-10-16 12:49:00,2025-10-16 12:57:00,-2.5817256370638813,0.04484250646062361,0.0017429601106513316
2025-10-16,58030,-1,16515.0,16485.0,2025-10-16 13:11:00,2025-10-16 13:14:00,1.5873297518898148,0.2300666766099371,0.00021818231905862732
2025-10-16,58030,1,16455.0,16480.0,2025-10-16 13:24:00,2025-10-16 13:26:00,-1.5614635220883246,0.03217733086565528,-8.185791397763128e-05
2025-10-16,58030,-1,16510.0,16735.0,2025-10-16 13:34:00,2025-10-16 15:24:00,,,-0.015136076731253183
2025-10-17,58030,-1,16765.0,16715.0,2025-10-17 10:00:00,2025-10-17 10:50:00,4.128141927730863,0.12449469197280251,0.001386860046129986
2025-10-17,58030,1,16590.0,16680.0,2025-10-17 11:10:00,2025-10-17 13:40:00,-1.5381572333076996,0.2891931757771731,0.0038102927282474795
2025-10-17,58030,-1,16720.0,16675.0,2025-10-17 13:48:00,2025-10-17 14:03:00,1.7936968573228584,-0.02234015669427529,0.0010950158548681144
2025-10-17,58030,1,16610.0,16675.0,2025-10-17 14:19:00,2025-10-17 14:22:00,-1.7471497005957362,-0.0014323738065413181,0.0023056681764840005
2025-10-17,58030,1,16625.0,16455.0,2025-10-17 14:28:00,2025-10-17 15:24:00,,,-0.011878204146614613
2025-10-20,58030,-1,16705.0,17140.0,2025-10-20 10:00:00,2025-10-20 15:24:00,,,-0.027306837360913785
2025-10-21,58030,-1,17340.0,17255.0,2025-10-21 10:01:00,2025-10-21 10:12:00,2.1472421450287142,-0.2773787484565844,0.0033140148024290404
2025-10-21,58030,-1,17305.0,17295.0,2025-10-21 10:33:00,2025-10-21 12:31:00,1.68298855481163,0.1309143240663444,-0.0010219653018245013
2025-10-21,58030,1,17175.0,16730.0,2025-10-21 12:41:00,2025-10-21 15:24:00,,,-0.027851323109680397
2025-10-22,58030,1,16095.0,16220.0,2025-10-22 10:00:00,2025-10-22 10:22:00,-4.113163195493858,-0.03603736688129199,0.006136383936495412
2025-10-22,58030,-1,16310.0,17000.0,2025-10-22 10:44:00,2025-10-22 15:24:00,,,-0.043034927423293574
2025-10-23,58030,-1,17140.0,17010.0,2025-10-23 10:00:00,2025-10-23 11:10:00,2.984289704090756,-0.13239041100337307,0.0060135067618633685
2025-10-23,58030,-1,17060.0,17030.0,2025-10-23 11:23:00,2025-10-23 12:42:00,1.6971553615107384,0.22552080361454926,0.0001600473889361658
2025-10-23,58030,-1,17080.0,17025.0,2025-10-23 12:48:00,2025-10-23 13:40:00,1.5980234903294563,-0.09972236046888693,0.0016253363248477169
2025-10-23,58030,1,16990.0,17020.0,2025-10-23 14:03:00,2025-10-23 14:24:00,-1.9277304048610404,-0.17073427591770765,0.00016418746138741904
2025-10-23,58030,-1,17090.0,17185.0,2025-10-23 14:40:00,2025-10-23 15:24:00,,,-0.007143413174297737
2025-10-24,58030,-1,17555.0,17920.0,2025-10-24 10:09:00,2025-10-24 15:24:00,,,-0.022178597926388755
2025-10-27,58030,-1,18480.0,19420.0,2025-10-27 10:11:00,2025-10-27 15:24:00,,,-0.05121439664964083
2025-10-28,58030,-1,19495.0,19445.0,2025-10-28 10:06:00,2025-10-28 10:14:00,2.4914455240749254,0.032478627808682596,0.0009680548268500659
2025-10-28,58030,1,19390.0,19430.0,2025-10-28 10:21:00,2025-10-28 11:11:00,-1.7803875659058852,0.23391719340126088,0.000460794134788216
2025-10-28,58030,1,19340.0,19420.0,2025-10-28 11:21:00,2025-10-28 11:23:00,-1.8519922599079652,0.01022572773518317,0.002527972838030591
2025-10-28,58030,1,19360.0,19425.0,2025-10-28 12:30:00,2025-10-28 12:47:00,-1.8285523788837983,0.25153399014956307,0.0017518144052801343
2025-10-28,58030,1,19360.0,19235.0,2025-10-28 13:03:00,2025-10-28 15:24:00,,,-0.008077545644172485
2025-10-29,58030,-1,20145.0,20070.0,2025-10-29 10:00:00,2025-10-29 10:20:00,2.1811791923486448,-0.10463519188030927,0.002129955835063789
2025-10-29,58030,-1,20190.0,20080.0,2025-10-29 10:37:00,2025-10-29 10:52:00,1.51388086093031,-0.12245152176719072,0.003863137501217662
2025-10-29,58030,-1,20155.0,20095.0,2025-10-29 10:56:00,2025-10-29 11:07:00,1.7046034249072695,0.21901024303635935,0.0013813686679646452
2025-10-29,58030,-1,20140.0,20100.0,2025-10-29 11:13:00,2025-10-29 12:57:00,1.8649623950186387,0.0947506794249356,0.0003880722253861914
2025-10-29,58030,-1,20175.0,20105.0,2025-10-29 13:00:00,2025-10-29 13:06:00,2.620514201468038,0.24986222275546757,0.0018756738067751547
2025-10-29,58030,1,20005.0,20085.0,2025-10-29 13:10:00,2025-10-29 13:20:00,-2.2438613133683205,-0.1271235489070751,0.002391025502047145
2025-10-29,58030,-1,20165.0,20100.0,2025-10-29 13:46:00,2025-10-29 13:54:00,1.594053983287315,0.11834864820291623,0.0016286132603013446
2025-10-29,58030,-1,20140.0,20110.0,2025-10-29 13:56:00,2025-10-29 14:43:00,1.745840232590879,0.23824568799736165,-0.00010931649414442604
2025-10-29,58030,-1,20160.0,20230.0,2025-10-29 15:06:00,2025-10-29 15:24:00,,,-0.005066207976486329
2025-10-30,58030,1,20395.0,20565.0,2025-10-30 10:01:00,2025-10-30 12:33:00,-1.811400730703626,0.022724833646186236,0.00670082891286566
2025-10-30,58030,-1,20720.0,20595.0,2025-10-30 12:47:00,2025-10-30 13:10:00,1.5729089459382326,0.2809627591381308,0.004451089503238277
2025-10-30,58030,-1,20695.0,20595.0,2025-10-30 13:12:00,2025-10-30 13:23:00,2.256734268135203,0.16564907164560214,0.0032437973126516646
2025-10-30,58030,1,20495.0,20580.0,2025-10-30 13:58:00,2025-10-30 14:15:00,-1.9477849503759845,-0.026832754664812906,0.002538776449602582
2025-10-30,58030,-1,20725.0,20800.0,2025-10-30 14:30:00,2025-10-30 15:24:00,,,-0.005212285685913566
2025-10-31,58030,-1,21230.0,21070.0,2025-10-31 10:00:00,2025-10-31 10:10:00,4.309801053845064,0.04118661953333595,0.0059650478990670485
2025-10-31,58030,-1,21170.0,21080.0,2025-10-31 10:28:00,2025-10-31 10:43:00,1.9893269798208635,-0.016834615417715845,0.0026603614736122093
2025-10-31,58030,1,20965.0,21065.0,2025-10-31 10:45:00,2025-10-31 10:49:00,-2.095833341290205,-0.11060045060794907,0.0031585148082539562
2025-10-31,58030,-1,21155.0,21110.0,2025-10-31 11:18:00,2025-10-31 12:58:00,1.8632418159897834,0.2960309272844618,0.000529422311801592
2025-10-31,58030,-1,21180.0,21100.0,2025-10-31 13:03:00,2025-10-31 13:15:00,1.747505764116911,0.11190398735358126,0.0021842996912396183
2025-10-31,58030,-1,21155.0,21105.0,2025-10-31 13:17:00,2025-10-31 14:34:00,2.1717548870044507,-0.21898224703477923,0.0007663049375687058
2025-10-31,58030,-1,21155.0,21115.0,2025-10-31 14:45:00,2025-10-31 14:59:00,1.5396863525588376,0.08832992618494814,0.0002925957861238831
2025-10-31,58030,1,20980.0,21120.0,2025-10-31 15:00:00,2025-10-31 15:01:00,-3.8879357594351376,0.2883235282305452,0.00505085586990959
2025-10-31,58030,-1,21190.0,21270.0,2025-10-31 15:04:00,2025-10-31 15:24:00,,,-0.0053682569319381665
2025-11-04,58030,1,21440.0,21495.0,2025-11-04 10:15:00,2025-11-04 10:21:00,-1.541132734655076,-0.2556401963094205,0.0009620137456436155
2025-11-04,58030,1,21425.0,21400.0,2025-11-04 10:28:00,2025-11-04 13:31:00,-1.7126943890808628,-0.24768524734653125,-0.002767542456037701
2025-11-04,58030,1,21330.0,20815.0,2025-11-04 13:40:00,2025-11-04 15:24:00,,,-0.026040651836320417
2025-11-05,58030,1,19215.0,19160.0,2025-11-05 10:05:00,2025-11-05 12:30:00,-1.643295968361941,0.04040434865343579,-0.00446645147409274
2025-11-05,58030,-1,19790.0,19665.0,2025-11-05 12:48:00,2025-11-05 15:24:00,,,0.004736353730701471
2025-11-06,58030,-1,21075.0,21465.0,2025-11-06 10:00:00,2025-11-06 15:24:00,,,-0.019936197788604754
2025-11-07,58030,1,20665.0,20720.0,2025-11-07 10:00:00,2025-11-07 14:15:00,-3.1734952204773603,-0.08159737653798756,0.0010579694275865343
2025-11-07,58030,1,20075.0,20500.0,2025-11-07 14:29:00,2025-11-07 15:11:00,-1.7196807942356716,-0.1847869069548266,0.019349626311537207
2025-11-10,58030,-1,21015.0,20915.0,2025-11-10 10:05:00,2025-11-10 11:13:00,2.2865588589755306,-0.13518671619429942,0.0031698635629182183
2025-11-10,58030,1,20780.0,20905.0,2025-11-10 11:20:00,2025-11-10 12:30:00,-1.5063368590640278,-0.09540493979850619,0.004397379137446952
2025-11-10,58030,-1,20965.0,20920.0,2025-11-10 13:34:00,2025-11-10 13:42:00,1.8933839619138204,0.13246291705971733,0.000548741426003848
2025-11-10,58030,-1,20985.0,20920.0,2025-11-10 13:44:00,2025-11-10 13:55:00,2.9901036479039744,0.08907388052127906,0.0015022575888320024
2025-11-10,58030,1,20875.0,20910.0,2025-11-10 14:01:00,2025-11-10 14:04:00,-1.5221732486192892,-0.205654166676345,7.524270362293953e-05
2025-11-10,58030,1,20815.0,20510.0,2025-11-10 14:07:00,2025-11-10 15:24:00,,,-0.016361308562649512
2025-11-11,58030,-1,21355.0,21275.0,2025-11-11 10:00:00,2025-11-11 10:03:00,2.302420836936303,0.016815933532111173,0.0021532298339920364
2025-11-11,58030,1,21065.0,19365.0,2025-11-11 10:12:00,2025-11-11 15:24:00,,,-0.08574558246426431
2025-11-12,58030,-1,19985.0,19485.0,2025-11-12 10:00:00,2025-11-12 12:43:00,8.719243093384083,0.11493050177338993,0.023737053372614312
2025-11-12,58030,-1,19555.0,20185.0,2025-11-12 13:08:00,2025-11-12 15:24:00,,,-0.03330874609742664
2025-11-13,58030,-1,20585.0,20670.0,2025-11-13 10:00:00,2025-11-13 12:31:00,2.024856954922625,0.17091567589657777,-0.005720718471808911
2025-11-13,58030,-1,20820.0,20660.0,2025-11-13 12:39:00,2025-11-13 13:16:00,1.5168644357809176,-0.16527126485261945,0.006114599495330324
2025-11-13,58030,-1,20750.0,20675.0,2025-11-13 13:25:00,2025-11-13 14:28:00,1.7932788742286245,-0.05415311597706235,0.0020210057669522935
2025-11-13,58030,-1,20735.0,20675.0,2025-11-13 14:40:00,2025-11-13 15:07:00,1.7753239519479616,-0.1324570922204121,0.0012978527885896503
2025-11-14,58030,-1,19790.0,19620.0,2025-11-14 10:00:00,2025-11-14 10:10:00,2.673479124534643,0.2538032297744955,0.007027305477257376
2025-11-14,58030,-1,19710.0,19610.0,2025-11-14 10:20:00,2025-11-14 10:23:00,1.5089118567994444,0.0898842216000441,0.0034864809563739246
2025-11-14,58030,1,19505.0,19580.0,2025-11-14 10:45:00,2025-11-14 12:42:00,-1.5568345477251901,0.1525498867464511,0.0022377941437445245
2025-11-14,58030,1,19500.0,19370.0,2025-11-14 13:21:00,2025-11-14 15:24:00,,,-0.008288988150796652
2025-11-17,58030,-1,19820.0,19710.0,2025-11-17 10:00:00,2025-11-17 11:04:00,2.7664502930033827,0.1845543471179976,0.003965407737213135
2025-11-17,58030,-1,19800.0,19880.0,2025-11-17 11:13:00,2025-11-17 15:24:00,,,-0.005632263527938451
2025-11-18,58030,1,18470.0,18715.0,2025-11-18 10:00:00,2025-11-18 10:35:00,-8.980863089055589,-0.016275637358748825,0.011577547145243621
2025-11-18,58030,-1,18800.0,18725.0,2025-11-18 11:00:00,2025-11-18 11:12:00,1.725784873645254,0.009460890097638768,0.002397340432620401
2025-11-18,58030,1,18530.0,17920.0,2025-11-18 12:30:00,2025-11-18 15:24:00,,,-0.03507363275048399
2025-11-19,58030,-1,18535.0,18105.0,2025-11-19 10:00:00,2025-11-19 12:40:00,3.2616889219212277,0.2721929143774966,0.0218726933850911
2025-11-19,58030,1,17895.0,17920.0,2025-11-19 13:20:00,2025-11-19 15:24:00,,,-0.00020393667120470515
2025-11-20,58030,1,19275.0,19465.0,2025-11-20 10:00:00,2025-11-20 10:15:00,-2.8584467955609476,-0.22441767858557693,0.008209061613025828
2025-11-20,58030,-1,19580.0,19485.0,2025-11-20 10:37:00,2025-11-20 10:42:00,1.7270904967977554,-0.004412283516855831,0.0032636983116917885
2025-11-20,58030,1,19420.0,18850.0,2025-11-20 11:06:00,2025-11-20 15:24:00,,,-0.03139054896915908
2025-11-21,58030,1,17360.0,17460.0,2025-11-21 10:12:00,2025-11-21 10:22:00,-2.330928727286687,-0.23081804831494712,0.004143841179252093
2025-11-21,58030,-1,17595.0,17495.0,2025-11-21 10:28:00,2025-11-21 10:32:00,1.671587840067718,0.13855694729756285,0.004099644953897127
2025-11-21,58030,1,17380.0,17245.0,2025-11-21 10:48:00,2025-11-21 15:24:00,,,-0.009397873448441773
2025-11-25,58030,1,17950.0,17420.0,2025-11-25 10:14:00,2025-11-25 15:24:00,,,-0.03157114350993109
2025-11-26,58030,-1,17870.0,17840.0,2025-11-26 10:00:00,2025-11-26 13:32:00,2.83869450162303,-0.002153463296517853,8.020201947332175e-05
2025-11-26,58030,-1,17890.0,17835.0,2025-11-26 13:39:00,2025-11-26 13:45:00,1.6073032899388542,-0.18219859353335954,0.0014790787097730019
2025-11-26,58030,-1,17890.0,18035.0,2025-11-26 13:48:00,2025-11-26 15:24:00,,,-0.009672416834874598
2025-11-27,58030,1,18045.0,18160.0,2025-11-27 10:07:00,2025-11-27 10:45:00,-1.612455134253946,0.18836320332729828,0.0047527350783952566
2025-11-27,58030,-1,18200.0,18155.0,2025-11-27 11:02:00,2025-11-27 11:11:00,1.7823080514128655,0.153675133905728,0.0008755892164505499
2025-11-27,58030,1,18105.0,18145.0,2025-11-27 11:14:00,2025-11-27 11:19:00,-1.7585522595429286,-0.21698317034097223,0.0006068974474291195
2025-11-27,58030,-1,18195.0,18150.0,2025-11-27 12:32:00,2025-11-27 12:34:00,1.9279004771218604,-0.09814914912146455,0.0008762703532634007
2025-11-27,58030,1,18120.0,18145.0,2025-11-27 12:35:00,2025-11-27 12:49:00,-1.5389532740991858,-0.24653879958423655,-0.0002212599497995809
2025-11-27,58030,-1,18190.0,18150.0,2025-11-27 12:53:00,2025-11-27 13:00:00,1.5055598883230608,-0.06501085783077226,0.0006014318191710601
2025-11-27,58030,-1,18185.0,18155.0,2025-11-27 13:28:00,2025-11-27 14:12:00,3.1063717137576834,0.07652082540579781,5.107357265322389e-05
2025-11-27,58030,-1,18195.0,18155.0,2025-11-27 14:17:00,2025-11-27 14:52:00,2.7896180663130674,-0.015567054617127834,0.0006008261978240374
2025-11-27,58030,1,18125.0,18055.0,2025-11-27 14:57:00,2025-11-27 15:24:00,,,-0.00546954601131738
2025-11-28,58030,1,17995.0,18075.0,2025-11-28 10:00:00,2025-11-28 10:23:00,-3.8212733447427536,-0.15766868471480772,0.0028358265138342994
2025-11-28,58030,1,18010.0,17995.0,2025-11-28 10:36:00,2025-11-28 15:24:00,,,-0.0024332176568706877
2025-12-01,58030,1,16720.0,16315.0,2025-12-01 10:00:00,2025-12-01 15:24:00,,,-0.026120677611271643
2025-12-02,58030,-1,16815.0,16770.0,2025-12-02 10:06:00,2025-12-02 10:07:00,1.5162710954298633,0.21367847859016958,0.0010797693571154463
2025-12-02,58030,-1,16825.0,16665.0,2025-12-02 10:12:00,2025-12-02 15:24:00,,,0.007955163771088458
2025-12-03,58030,1,16925.0,17000.0,2025-12-03 10:00:00,2025-12-03 11:20:00,-3.563102640598052,-0.25491216843744413,0.0028215252578774773
2025-12-03,58030,-1,17145.0,17050.0,2025-12-03 12:38:00,2025-12-03 13:37:00,1.8084098165811575,0.2872375837599502,0.003956382185357872
2025-12-03,58030,-1,17070.0,17050.0,2025-12-03 13:45:00,2025-12-03 14:39:00,1.69544723289513,0.17269673158703386,-0.00042766692317656074
2025-12-03,58030,-1,17070.0,17070.0,2025-12-03 15:06:00,2025-12-03 15:24:00,,,-0.0016
2025-12-04,58030,1,16860.0,17000.0,2025-12-04 10:00:00,2025-12-04 13:07:00,-3.789673624161771,-0.25833751398255733,0.0066693914825067665
2025-12-04,58030,1,16940.0,16955.0,2025-12-04 13:16:00,2025-12-04 15:24:00,,,-0.0007149136463063307
2025-12-05,58030,-1,17035.0,16965.0,2025-12-05 10:00:00,2025-12-05 10:08:00,1.9672712541669435,0.2875340834291045,0.0025176528767363697
2025-12-05,58030,-1,16995.0,16960.0,2025-12-05 10:17:00,2025-12-05 10:51:00,1.6168559668095628,-0.28185793542558885,0.000461552784322291
2025-12-05,58030,-1,17025.0,17275.0,2025-12-05 11:01:00,2025-12-05 15:24:00,,,-0.016177517618157423
2025-12-08,58030,-1,18085.0,18475.0,2025-12-08 10:00:00,2025-12-08 15:24:00,,,-0.022935601430204094
2025-12-09,58030,-1,18355.0,18465.0,2025-12-09 10:00:00,2025-12-09 15:24:00,,,-0.007575031355728804
2025-12-10,58030,1,18485.0,18425.0,2025-12-10 10:00:00,2025-12-10 15:12:00,-4.574180129265207,-0.17783939873869894,-0.004851154313194978
2025-12-11,58030,-1,18850.0,18770.0,2025-12-11 10:00:00,2025-12-11 11:09:00,2.1260827740289487,0.2115310981460806,0.0026530632956022846
2025-12-11,58030,1,18605.0,18285.0,2025-12-11 11:28:00,2025-12-11 15:24:00,,,-0.018949310197241304
2025-12-12,58030,1,18300.0,18350.0,2025-12-12 10:00:00,2025-12-12 10:55:00,-1.6350524793479253,0.18295215031848255,0.001128514653203914
2025-12-12,58030,-1,18450.0,18360.0,2025-12-12 11:08:00,2025-12-12 12:32:00,1.589672903562243,0.18548502167692849,0.003289985294191792
2025-12-12,58030,-1,18445.0,18365.0,2025-12-12 12:42:00,2025-12-12 13:11:00,1.801244051391579,0.24038473108724925,0.0027466517770083415
2025-12-12,58030,-1,18395.0,18355.0,2025-12-12 13:33:00,2025-12-12 13:41:00,1.717055285147221,-0.21835456748959714,0.0005768716079400488
2025-12-12,58030,1,18320.0,18350.0,2025-12-12 13:46:00,2025-12-12 13:57:00,-1.6502677701761868,-0.2740202824413519,3.621525459503172e-05
2025-12-12,58030,-1,18395.0,18355.0,2025-12-12 14:15:00,2025-12-12 14:17:00,1.504185479247661,-0.16133037626541466,0.0005768716079400488
2025-12-12,58030,-1,18390.0,18445.0,2025-12-12 14:27:00,2025-12-12 15:24:00,,,-0.004586292432409171
2025-12-15,58030,-1,17840.0,17700.0,2025-12-15 10:00:00,2025-12-15 13:44:00,2.0189255389596825,-0.18382841794093474,0.006278487572079828
2025-12-15,58030,1,17675.0,17640.0,2025-12-15 13:46:00,2025-12-15 15:24:00,,,-0.0035821612039912114
2025-12-16,58030,1,16690.0,16840.0,2025-12-16 10:00:00,2025-12-16 10:23:00,-3.5489225435675484,-0.252711600587672,0.007347271140437044
2025-12-16,58030,1,16805.0,16580.0,2025-12-16 10:29:00,2025-12-16 15:24:00,,,-0.015079311469920111
2025-12-17,58030,-1,16295.0,16530.0,2025-12-17 10:29:00,2025-12-17 15:24:00,,,-0.015918599543407963
2025-12-18,58030,1,15790.0,15945.0,2025-12-18 10:19:00,2025-12-18 10:23:00,-1.587024731816181,-0.24468859053137568,0.008168472194470162
2025-12-18,58030,-1,16015.0,15970.0,2025-12-18 11:00:00,2025-12-18 11:25:00,1.8222884376757165,0.12479862814897036,0.0012138208342004507
2025-12-18,58030,1,15865.0,15950.0,2025-12-18 12:30:00,2025-12-18 13:05:00,-3.654020340814672,-0.2682093283311888,0.003743404195694771
2025-12-18,58030,1,15905.0,15955.0,2025-12-18 13:13:00,2025-12-18 13:50:00,-2.0712947498075103,-0.0898841788561279,0.001538734529099457
2025-12-18,58030,1,15930.0,15995.0,2025-12-18 13:55:00,2025-12-18 15:24:00,,,0.0024720494795241023
2025-12-19,58030,-1,16520.0,16700.0,2025-12-19 10:00:00,2025-12-19 15:24:00,,,-0.01243695132987742
2025-12-22,58030,-1,17680.0,17600.0,2025-12-22 10:11:00,2025-12-22 12:34:00,2.5162777242875154,-0.05977996511300108,0.0029351551653912624
2025-12-22,58030,-1,17670.0,17755.0,2025-12-22 12:37:00,2025-12-22 15:24:00,,,-0.006398880063446287
2025-12-23,58030,-1,17725.0,17665.0,2025-12-23 10:07:00,2025-12-23 10:18:00,2.5125952772790296,0.29124706876425766,0.0017907916070826729
2025-12-23,58030,-1,17705.0,17660.0,2025-12-23 10:20:00,2025-12-23 10:23:00,1.738235010935455,0.11411337446770764,0.0009448903880530481
2025-12-23,58030,-1,17690.0,17845.0,2025-12-23 10:39:00,2025-12-23 15:24:00,,,-0.010323848770429746
2025-12-24,58030,1,17840.0,17860.0,2025-12-24 10:02:00,2025-12-24 10:18:00,-1.5435816602250139,0.014128231110832824,-0.0004795517035102721
2025-12-24,58030,-1,17910.0,18085.0,2025-12-24 10:22:00,2025-12-24 15:24:00,,,-0.011323649331440786
2025-12-25,58030,1,17790.0,17600.0,2025-12-25 10:00:00,2025-12-25 15:24:00,,,-0.012337599633637715
2025-12-26,58030,-1,17720.0,17680.0,2025-12-26 10:05:00,2025-12-26 10:32:00,1.723313270830334,0.22501051758428953,0.0006598879674374785
2025-12-26,58030,1,17635.0,17150.0,2025-12-26 10:50:00,2025-12-26 15:24:00,,,-0.029487390076066385
2025-12-29,58030,-1,17805.0,17715.0,2025-12-29 10:00:00,2025-12-29 11:06:00,3.0752516927822624,-0.15584483310268626,0.0034675784123057336
2025-12-29,58030,-1,17775.0,17770.0,2025-12-29 12:30:00,2025-12-29 13:58:00,2.162068540700803,0.257099363506749,-0.0013186664772554019
2025-12-29,58030,-1,17825.0,17765.0,2025-12-29 14:21:00,2025-12-29 14:43:00,2.6011459830723767,0.27080375703036436,0.0017717368273691824
2025-12-29,58030,-1,17780.0,17760.0,2025-12-29 15:03:00,2025-12-29 15:16:00,2.206665656452827,-0.016828534875508425,-0.00047450747826551973
2025-12-29,58030,-1,17775.0,17760.0,2025-12-29 15:17:00,2025-12-29 15:23:00,1.5451182895515727,-0.004667651314784775,-0.0007557618747194639
2025-12-30,58030,-1,17610.0,17630.0,2025-12-30 10:01:00,2025-12-30 12:48:00,1.557732416361166,0.24856454414381038,-0.0027350739016640886
2025-12-30,58030,1,17560.0,17610.0,2025-12-30 13:22:00,2025-12-30 13:34:00,-1.7634602066979859,0.12434615865788008,0.0012433343011442508
2025-12-30,58030,1,17580.0,17605.0,2025-12-30 13:49:00,2025-12-30 13:55:00,-1.8506763769980106,-0.14836825936959502,-0.00017893965001506513
2025-12-30,58030,1,17585.0,17460.0,2025-12-30 14:00:00,2025-12-30 15:24:00,,,-0.008733715514489584
2026-01-05,58030,-1,18310.0,18480.0,2026-01-05 10:00:00,2026-01-05 15:24:00,,,-0.010841707527118745
2026-01-06,58030,1,18225.0,18350.0,2026-01-06 10:00:00,2026-01-06 12:57:00,-7.011746146076631,-0.12810783429003414,0.005235296605857438
2026-01-06,58030,1,18305.0,18440.0,2026-01-06 13:16:00,2026-01-06 15:24:00,,,0.005747971556248333
2026-01-07,58030,-1,18580.0,18560.0,2026-01-07 10:04:00,2026-01-07 10:10:00,1.5910101621312938,0.26014455941520614,-0.0005229939723620511
2026-01-07,58030,1,18520.0,18540.0,2026-01-07 10:15:00,2026-01-07 10:56:00,-1.7921435109418038,-0.21698955185814958,-0.0005206690803241682
2026-01-07,58030,1,18505.0,18215.0,2026-01-07 11:00:00,2026-01-07 15:24:00,,,-0.017395535377592225
2026-01-08,58030,1,18135.0,18195.0,2026-01-08 10:06:00,2026-01-08 11:07:00,-1.507449022056166,0.1276417099122102,0.0017030583292574886
2026-01-08,58030,1,18130.0,17645.0,2026-01-08 11:25:00,2026-01-08 15:24:00,,,-0.02871556763952634
2026-01-09,58030,1,16840.0,16890.0,2026-01-09 10:00:00,2026-01-09 11:01:00,-4.235759133695922,-0.16622690727637857,0.0013647220055281021
2026-01-09,58030,-1,16970.0,16905.0,2026-01-09 11:27:00,2026-01-09 12:44:00,2.0475870182947107,-0.04447756253726565,0.002237643086285603
2026-01-09,58030,1,16860.0,16900.0,2026-01-09 12:48:00,2026-01-09 12:55:00,-1.656500366781799,-0.13421342135196387,0.0007696693553183823
2026-01-09,58030,1,16860.0,16905.0,2026-01-09 13:07:00,2026-01-09 13:09:00,-1.7262182768942762,-0.00526295634717459,0.0010654835861398807
2026-01-09,58030,1,16865.0,16910.0,2026-01-09 13:11:00,2026-01-09 13:19:00,-1.708271900075803,0.21708824230490503,0.0010646943968754192
2026-01-09,58030,-1,16950.0,17130.0,2026-01-09 13:33:00,2026-01-09 15:24:00,,,-0.012163478509569246
2026-01-13,58030,1,17235.0,17315.0,2026-01-13 10:00:00,2026-01-13 10:05:00,-1.982698844130844,-0.2629245008431114,0.0030309778855566365
2026-01-13,58030,1,17220.0,17270.0,2026-01-13 10:13:00,2026-01-13 13:09:00,-1.55306789581516,0.13290714246097002,0.0012993931590025785
2026-01-13,58030,-1,17330.0,17275.0,2026-01-13 13:20:00,2026-01-13 13:44:00,1.7096334764666958,0.1300844971569564,0.0015787340737811425
2026-01-13,58030,1,17235.0,17265.0,2026-01-13 14:12:00,2026-01-13 14:27:00,-3.1348494667298707,-0.18505054718267666,0.00013913087312689728
2026-01-13,58030,1,17225.0,17265.0,2026-01-13 14:33:00,2026-01-13 14:38:00,-1.6545483667115302,-0.22662036371831396,0.0007195139422334241
2026-01-13,58030,1,17230.0,17145.0,2026-01-13 14:44:00,2026-01-13 15:24:00,,,-0.0065454646249545325
2026-01-14,58030,-1,17140.0,17070.0,2026-01-14 10:16:00,2026-01-14 10:26:00,2.0875703945136737,-0.055347601078976794,0.002492376363284478
2026-01-14,58030,1,16995.0,17055.0,2026-01-14 10:34:00,2026-01-14 11:19:00,-1.9023932500912581,-0.13346466525538422,0.0019242327225296827
2026-01-14,58030,1,17015.0,17060.0,2026-01-14 12:42:00,2026-01-14 12:52:00,-1.639757421581468,0.0038021871947691147,0.0010412341106639503
2026-01-14,58030,-1,17090.0,17055.0,2026-01-14 13:19:00,2026-01-14 13:23:00,1.8015189550598332,-0.25881084713118796,0.0004500812568904997
2026-01-14,58030,-1,17115.0,17240.0,2026-01-14 13:27:00,2026-01-14 15:24:00,,,-0.00887699325339848
2026-01-15,58030,-1,17140.0,17095.0,2026-01-15 10:01:00,2026-01-15 10:20:00,1.8385086500564152,0.009644109089452128,0.0010288900783690677
2026-01-15,58030,-1,17155.0,17105.0,2026-01-15 10:30:00,2026-01-15 10:33:00,1.5543593155100976,0.25493512489012987,0.001318857880845054
2026-01-15,58030,-1,17155.0,17105.0,2026-01-15 10:36:00,2026-01-15 11:20:00,1.792891847930453,-0.047525296333011634,0.001318857880845054
2026-01-15,58030,-1,17190.0,17145.0,2026-01-15 12:30:00,2026-01-15 14:27:00,2.6588013513922037,-0.27860966450489544,0.0010212334798741925
2026-01-15,58030,-1,17200.0,17280.0,2026-01-15 14:43:00,2026-01-15 15:24:00,,,-0.006240379556502301
2026-01-16,58030,-1,17305.0,17305.0,2026-01-16 10:24:00,2026-01-16 11:28:00,1.5430068147228242,0.2380815077955255,-0.0016
2026-01-16,58030,-1,17355.0,17760.0,2026-01-16 12:46:00,2026-01-16 15:24:00,,,-0.024668088250274372
2026-01-19,58030,-1,17145.0,17060.0,2026-01-19 10:00:00,2026-01-19 10:22:00,1.9194416301799497,0.03435452474453259,0.0033700438513505565
2026-01-19,58030,1,17015.0,17305.0,2026-01-19 10:54:00,2026-01-19 15:24:00,,,0.015300169134438612
2026-01-20,58030,1,16755.0,16835.0,2026-01-20 10:00:00,2026-01-20 10:05:00,-1.7866724647628016,-0.07060914349161532,0.0031633314237641628
2026-01-20,58030,-1,16925.0,16885.0,2026-01-20 10:23:00,2026-01-20 11:14:00,1.6311668072741934,0.1567860017048377,0.0007661649608076578
2026-01-20,58030,1,16770.0,16865.0,2026-01-20 11:24:00,2026-01-20 12:34:00,-1.5596676567436196,-0.09702698693078414,0.004048892678495992
2026-01-20,58030,1,16840.0,16875.0,2026-01-20 13:02:00,2026-01-20 13:04:00,-1.5000496799831462,0.16050106392397842,0.00047622794441294224
2026-01-20,58030,1,16825.0,16860.0,2026-01-20 13:06:00,2026-01-20 14:06:00,-1.8965093936128903,-0.17893288541686422,0.0004780770429178886
2026-01-20,58030,1,16815.0,16870.0,2026-01-20 14:16:00,2026-01-20 14:19:00,-1.5877209240630286,0.19117010117666547,0.001665551365644112
2026-01-20,58030,-1,16915.0,16870.0,2026-01-20 14:42:00,2026-01-20 15:10:00,2.1757104125098565,0.15208786810400562,0.0010639056747948903
2026-01-20,58030,1,16815.0,16815.0,2026-01-20 15:24:00,2026-01-20 15:24:00,,,-0.0016
2026-01-21,58030,-1,17335.0,17880.0,2026-01-21 10:00:00,2026-01-21 15:24:00,,,-0.032555190608381246
2026-01-22,58030,-1,18130.0,18080.0,2026-01-22 10:31:00,2026-01-22 10:43:00,1.5512353025773264,0.19595671473023207,0.0011616698027292905
2026-01-22,58030,1,18030.0,18075.0,2026-01-22 10:45:00,2026-01-22 11:02:00,-1.5807444656464908,0.10481550566005685,0.0008927308296024789
2026-01-22,58030,-1,18145.0,18095.0,2026-01-22 11:24:00,2026-01-22 13:00:00,1.626611433725782,-0.14247914635976583,0.0011593836493278703
2026-01-22,58030,-1,18195.0,18135.0,2026-01-22 13:10:00,2026-01-22 15:22:00,1.747324393103266,0.0007570687931352538,0.0017030583292574023
2026-01-23,58030,-1,18200.0,18140.0,2026-01-23 10:01:00,2026-01-23 10:07:00,1.8696708061274474,-0.210787671169238,0.0017021493957591106
2026-01-23,58030,1,18060.0,18070.0,2026-01-23 10:14:00,2026-01-23 12:30:00,-2.321134021329406,-0.29730295087198044,-0.0010464433847021401
2026-01-23,58030,-1,18135.0,18090.0,2026-01-23 13:00:00,2026-01-23 13:08:00,1.5088880296570972,-0.24434701520346,0.0008844733276619449
2026-01-23,58030,1,18015.0,17910.0,2026-01-23 13:16:00,2026-01-23 15:24:00,,,-0.0074455281274361865
2026-01-26,58030,-1,18180.0,18115.0,2026-01-26 10:00:00,2026-01-26 10:41:00,2.018903515427924,0.07156280579728666,0.001981764402292199
2026-01-26,58030,1,17985.0,18035.0,2026-01-26 10:47:00,2026-01-26 15:06:00,-1.773757397092928,0.24199968836716787,0.0011762372079149738
2026-01-26,58030,1,17980.0,17960.0,2026-01-26 15:20:00,2026-01-26 15:24:00,,,-0.0027129661694207195
2026-01-27,58030,-1,17850.0,18320.0,2026-01-27 10:00:00,2026-01-27 15:24:00,,,-0.027589851020336034
2026-01-28,58030,-1,20480.0,20175.0,2026-01-28 10:00:00,2026-01-28 12:43:00,5.6414664677976925,-0.04032583203905325,0.01340458601529454
2026-01-28,58030,1,19900.0,20145.0,2026-01-28 12:56:00,2026-01-28 13:30:00,-1.5199335498001914,-0.2868618731992315,0.010636386912863923
2026-01-28,58030,1,20100.0,20150.0,2026-01-28 13:56:00,2026-01-28 14:06:00,-2.184385908201689,-0.2870617832374326,0.0008844733276619657
2026-01-28,58030,-1,20215.0,20165.0,2026-01-28 14:10:00,2026-01-28 14:12:00,1.671767505618226,0.1712688468418222,0.0008764747674027435
2026-01-28,58030,1,20105.0,20160.0,2026-01-28 14:17:00,2026-01-28 14:23:00,-1.5595392580256644,0.027593262406236215,0.0011319028539305924
2026-01-28,58030,1,20105.0,19990.0,2026-01-28 14:48:00,2026-01-28 15:24:00,,,-0.0073363918369286725
2026-01-29,58030,1,19510.0,19575.0,2026-01-29 10:24:00,2026-01-29 10:29:00,-1.5069880051470865,0.2659749154112251,0.001726087241846891
2026-01-29,58030,1,19485.0,19480.0,2026-01-29 10:32:00,2026-01-29 13:30:00,-1.8616259646976512,-0.08246394475462884,-0.0018566405762834577
2026-01-29,58030,1,19450.0,19505.0,2026-01-29 14:06:00,2026-01-29 15:24:00,,,0.0012237728941645722
2026-01-30,58030,-1,20065.0,19775.0,2026-01-30 10:00:00,2026-01-30 10:23:00,5.929834393284264,0.289492129767359,0.012958490065162517
2026-01-30,58030,1,19610.0,19565.0,2026-01-30 10:42:00,2026-01-30 14:00:00,-1.7495917871595887,-0.28682604274172024,-0.003897384545879165
2026-01-30,58030,-1,19640.0,19595.0,2026-01-30 14:30:00,2026-01-30 15:09:00,2.2481705082407415,0.25467857081774314,0.0006938712747250142
2026-02-02,58030,-1,21025.0,20570.0,2026-02-02 10:00:00,2026-02-02 10:48:00,5.395203401186802,0.1397114141167492,0.02027850219414591
2026-02-02,58030,1,20440.0,20535.0,2026-02-02 11:17:00,2026-02-02 11:27:00,-2.5195650065716935,-0.12942412533605027,0.0030369820730183072
2026-02-02,58030,1,20255.0,19790.0,2026-02-02 12:30:00,2026-02-02 15:24:00,,,-0.0248249170401795
2026-02-03,58030,1,20945.0,21060.0,2026-02-03 10:00:00,2026-02-03 10:15:00,-1.7208444902185709,0.16517176134320197,0.0038755523068313086
2026-02-03,58030,-1,21185.0,21080.0,2026-02-03 10:25:00,2026-02-03 11:28:00,1.6321365151887466,-0.049913669885850206,0.0033686604053609964
2026-02-03,58030,-1,21280.0,21700.0,2026-02-03 12:30:00,2026-02-03 15:24:00,,,-0.02114459607297013
2026-02-04,58030,-1,22715.0,22690.0,2026-02-04 10:12:00,2026-02-04 13:47:00,1.5556281620664663,-0.042838198641345686,-0.0004987995803836954
2026-02-04,58030,-1,22755.0,22690.0,2026-02-04 14:30:00,2026-02-04 14:59:00,1.612603844609603,-0.13013106245673453,0.0012606026768548762
2026-02-04,58030,-1,22745.0,22750.0,2026-02-04 15:00:00,2026-02-04 15:24:00,,,-0.0018198043749919155
2026-02-05,58030,1,22340.0,21705.0,2026-02-05 10:14:00,2026-02-05 15:24:00,,,-0.03043614488949781
2026-02-06,58030,-1,21650.0,21540.0,2026-02-06 10:00:00,2026-02-06 10:27:00,2.7856885285235657,0.2815016271543263,0.0034937827202563875
2026-02-06,58030,-1,21595.0,22225.0,2026-02-06 10:29:00,2026-02-06 15:24:00,,,-0.03035597498730394
2026-02-09,58030,-1,24185.0,22030.0,2026-02-09 10:00:00,2026-02-09 15:24:00,,,0.09172744546069471
2026-02-10,58030,-1,23475.0,23270.0,2026-02-10 10:12:00,2026-02-10 10:53:00,2.5409007770043766,-0.2947239785080098,0.007171047780126258
2026-02-10,58030,1,22970.0,23190.0,2026-02-10 11:01:00,2026-02-10 14:49:00,-2.0690735742605044,-0.13284904688631244,0.00793213456643331
2026-02-10,58030,1,23140.0,23195.0,2026-02-10 15:10:00,2026-02-10 15:16:00,-2.0776303595935497,-0.1867448710662496,0.0007740164381764829
2026-02-10,58030,1,23150.0,23100.0,2026-02-10 15:20:00,2026-02-10 15:24:00,,,-0.0037621630044952373
2026-02-12,58030,1,22795.0,22765.0,2026-02-12 10:00:00,2026-02-12 12:41:00,-1.9217011521802427,-0.16661409205598185,-0.0029169448786593105
2026-02-12,58030,-1,22925.0,22975.0,2026-02-12 13:10:00,2026-02-12 15:24:00,,,-0.0037786500992221727
2026-02-13,58030,1,22540.0,22650.0,2026-02-13 10:29:00,2026-02-13 10:41:00,-2.034423806605022,-0.05565036883230629,0.003268343317412833
2026-02-13,58030,-1,22710.0,22655.0,2026-02-13 11:07:00,2026-02-13 11:13:00,1.6096249103038203,0.04476887120946303,0.0008247779983655346
2026-02-13,58030,1,22585.0,21945.0,2026-02-13 11:21:00,2026-02-13 15:24:00,,,-0.03034664596637019
2026-02-16,58030,1,21730.0,21870.0,2026-02-16 10:00:00,2026-02-16 10:12:00,-2.1694673566855416,0.04400203820812352,0.004822040420338195
2026-02-16,58030,1,21765.0,21835.0,2026-02-16 10:16:00,2026-02-16 10:46:00,-2.022478780872569,-0.26119124990905784,0.0016110119332633903
2026-02-16,58030,1,21705.0,21470.0,2026-02-16 10:50:00,2026-02-16 15:24:00,,,-0.012486036860867258
2026-02-17,58030,1,21405.0,21295.0,2026-02-17 10:16:00,2026-02-17 14:44:00,-1.9610245636558552,-0.20667839200045834,-0.006752236221732621
2026-02-17,58030,-1,21385.0,21370.0,2026-02-17 15:05:00,2026-02-17 15:24:00,,,-0.0008983276521842992
2026-02-18,58030,-1,22230.0,22065.0,2026-02-18 10:00:00,2026-02-18 10:09:00,3.3324286437234636,0.2506817841934874,0.005850085254594694
2026-02-18,58030,-1,22150.0,22035.0,2026-02-18 10:27:00,2026-02-18 12:42:00,1.6659513692566206,-0.18298973327715018,0.0036053981971942706
2026-02-18,58030,-1,22150.0,22390.0,2026-02-18 13:06:00,2026-02-18 15:24:00,,,-0.012376934119518788
2026-02-19,58030,-1,23055.0,22930.0,2026-02-19 10:00:00,2026-02-19 11:04:00,4.317558796696581,0.09594296152642828,0.0038365687888557475
2026-02-19,58030,-1,23110.0,22935.0,2026-02-19 12:30:00,2026-02-19 12:43:00,3.766969876218054,0.01034568421330092,0.006001296237154094
2026-02-19,58030,-1,23015.0,22940.0,2026-02-19 13:08:00,2026-02-19 13:23:00,1.6659832096893872,0.15396197832867298,0.001664065567980172
2026-02-19,58030,-1,22970.0,22935.0,2026-02-19 13:37:00,2026-02-19 13:47:00,1.5309016450515556,-0.013546170095874324,-7.511134812840663e-05
2026-02-19,58030,1,22875.0,22925.0,2026-02-19 13:51:00,2026-02-19 14:00:00,-2.291848296863071,-0.22451773744122785,0.0005834069809435812
2026-02-19,58030,1,22885.0,22930.0,2026-02-19 14:35:00,2026-02-19 14:43:00,-1.8551272748987884,-0.15408089761754004,0.0003644227642077638
2026-02-19,58030,1,22895.0,22835.0,2026-02-19 15:19:00,2026-02-19 15:24:00,,,-0.0042240994720964455
2026-02-20,58030,-1,22980.0,22925.0,2026-02-20 10:27:00,2026-02-20 10:30:00,1.7830701322739697,-0.09938470584345536,0.0007962542780810421
2026-02-20,58030,1,22890.0,22865.0,2026-02-20 10:41:00,2026-02-20 13:52:00,-1.7059871112464156,-0.021198524055837033,-0.002692776854456803
2026-02-20,58030,-1,22950.0,22880.0,2026-02-20 14:00:00,2026-02-20 14:15:00,1.9021509461703414,0.15113412931157874,0.0014547699949569632
2026-02-20,58030,-1,22950.0,22870.0,2026-02-20 14:19:00,2026-02-20 14:43:00,1.6902198305932508,-0.14735737547179045,0.0018919284718644143
2026-02-20,58030,1,22820.0,22875.0,2026-02-20 14:52:00,2026-02-20 15:11:00,-1.7552618686409933,0.1204149418529565,0.0008072667276554648
2026-02-20,58030,1,22835.0,22870.0,2026-02-20 15:12:00,2026-02-20 15:23:00,-1.8157271990317259,-0.11568873976137618,-6.843860227251993e-05
2026-02-24,58030,-1,24805.0,24380.0,2026-02-24 10:00:00,2026-02-24 10:20:00,4.74925631025577,0.06731850120905264,0.01568212169988676
2026-02-24,58030,-1,24610.0,25190.0,2026-02-24 10:28:00,2026-02-24 15:24:00,,,-0.024894225961554436
2026-02-25,58030,1,24885.0,25045.0,2026-02-25 10:00:00,2026-02-25 10:11:00,-1.6831183328040766,-0.17791404770535893,0.004808994499062593
2026-02-25,58030,-1,25145.0,26825.0,2026-02-25 10:38:00,2026-02-25 15:24:00,,,-0.06627521889283408
2026-02-26,58030,1,26885.0,27535.0,2026-02-26 10:00:00,2026-02-26 10:16:00,-3.7792101049827878,-0.21937529002939676,0.022289412452803484
2026-02-26,58030,1,27280.0,27510.0,2026-02-26 10:36:00,2026-02-26 12:40:00,-1.7413459110528267,-0.19222020015884175,0.006795741961221925
2026-02-26,58030,1,27305.0,27365.0,2026-02-26 12:52:00,2026-02-26 15:24:00,,,0.0005949889917644016
2026-02-27,58030,1,25935.0,26160.0,2026-02-27 10:00:00,2026-02-27 12:36:00,-4.568850822233424,-0.11341263881911012,0.0070381187856345334
2026-02-27,58030,-1,26340.0,26775.0,2026-02-27 12:42:00,2026-02-27 15:24:00,,,-0.01797992001867755
2026-03-02,58030,-1,27205.0,28435.0,2026-03-02 10:00:00,2026-03-02 15:24:00,,,-0.04582000082087438
2026-03-03,58030,1,29310.0,27250.0,2026-03-03 10:07:00,2026-03-03 15:24:00,,,-0.07447523361354796
2026-03-04,58030,1,25815.0,25525.0,2026-03-04 10:00:00,2026-03-04 15:24:00,,,-0.01289735428088317
2026-03-05,58030,-1,27475.0,27300.0,2026-03-05 10:00:00,2026-03-05 10:09:00,1.9176479235106767,0.17266495580073316,0.00478979809877101
2026-03-05,58030,1,27085.0,26845.0,2026-03-05 10:21:00,2026-03-05 13:49:00,-1.5885315422411013,-0.0555919699393518,-0.010500485235329333
2026-03-05,58030,1,26775.0,26300.0,2026-03-05 14:16:00,2026-03-05 15:24:00,,,-0.01949967715009365
2026-03-06,58030,1,24805.0,24875.0,2026-03-06 10:00:00,2026-03-06 12:50:00,-6.816206413626038,0.035362055154447194,0.001218037291644189
2026-03-06,58030,1,24810.0,24860.0,2026-03-06 13:16:00,2026-03-06 13:33:00,-1.5759258109779493,-0.09590649278366233,0.0004132883788553314
2026-03-06,58030,-1,24935.0,25150.0,2026-03-06 14:02:00,2026-03-06 15:24:00,,,-0.01018545754766234
2026-03-09,58030,1,21800.0,22215.0,2026-03-09 10:00:00,2026-03-09 12:33:00,-2.671236378491652,-0.2610907311655264,0.017257766592828558
2026-03-09,58030,1,21845.0,22140.0,2026-03-09 12:40:00,2026-03-09 14:26:00,-2.095647065426887,0.27248302217977094,0.01181386487709157
2026-03-09,58030,-1,22295.0,22610.0,2026-03-09 14:51:00,2026-03-09 15:24:00,,,-0.015629848210438484
2026-03-10,58030,1,24325.0,24550.0,2026-03-10 10:00:00,2026-03-10 10:12:00,-4.178959298166443,-0.17613310773940438,0.007607226168460895
2026-03-10,58030,1,24440.0,24565.0,2026-03-10 10:38:00,2026-03-10 10:52:00,-2.304379014747388,0.18056059507009223,0.0035015313172170708
2026-03-10,58030,1,24475.0,24000.0,2026-03-10 11:08:00,2026-03-10 15:24:00,,,-0.021198358068628416
2026-03-11,58030,-1,25355.0,25695.0,2026-03-11 10:02:00,2026-03-11 14:44:00,1.8127140526835503,0.2513416185817512,-0.014920471197210562
2026-03-11,58030,1,25520.0,25675.0,2026-03-11 14:59:00,2026-03-11 15:13:00,-1.5541182335630406,0.06338842719478154,0.004455297338032724
2026-03-12,58030,-1,26345.0,25885.0,2026-03-12 10:00:00,2026-03-12 10:47:00,8.360376344164791,-0.20375136708451144,0.016014853307384457
2026-03-12,58030,1,25760.0,25855.0,2026-03-12 10:50:00,2026-03-12 10:58:00,-1.6640798807755612,-0.263957179554197,0.0020811046120320417
2026-03-12,58030,1,25575.0,25550.0,2026-03-12 11:05:00,2026-03-12 15:24:00,,,-0.002577995187976737
2026-03-13,58030,-1,25325.0,26715.0,2026-03-13 10:00:00,2026-03-13 15:24:00,,,-0.055033155274987484
2026-03-16,58030,1,25945.0,25525.0,2026-03-16 10:13:00,2026-03-16 14:56:00,-2.271519329613798,-0.08667498492610497,-0.01792054876897365
2026-03-17,58030,1,24930.0,24550.0,2026-03-17 10:00:00,2026-03-17 15:24:00,,,-0.0169600432949369
2026-03-18,58030,-1,25450.0,25370.0,2026-03-18 10:01:00,2026-03-18 10:54:00,1.9582941740762838,0.25232629749889635,0.001548369385341227
2026-03-18,58030,-1,25465.0,25385.0,2026-03-18 10:58:00,2026-03-18 12:31:00,1.906638635513503,0.15510945331536852,0.0015465119372103373
2026-03-18,58030,-1,25510.0,25680.0,2026-03-18 12:40:00,2026-03-18 15:24:00,,,-0.008241946668040376
2026-03-19,58030,1,25400.0,25535.0,2026-03-19 10:12:00,2026-03-19 10:17:00,-1.506850376022348,0.11611217084070688,0.003700886075116281
2026-03-19,58030,-1,25635.0,25665.0,2026-03-19 10:24:00,2026-03-19 13:03:00,1.9004351004339237,0.06892897708013711,-0.0027695907766026695
2026-03-19,58030,1,25385.0,25420.0,2026-03-19 13:19:00,2026-03-19 15:24:00,,,-0.00022218263804971508
2026-03-23,58030,1,23665.0,24085.0,2026-03-23 10:00:00,2026-03-23 10:09:00,-3.8466285375173563,0.143207171386999,0.015992076723972806
2026-03-23,58030,-1,24365.0,24220.0,2026-03-23 10:33:00,2026-03-23 12:30:00,1.848804099222572,-0.28092975870572134,0.004368938170523304
2026-03-23,58030,-1,24420.0,24260.0,2026-03-23 12:38:00,2026-03-23 12:42:00,2.2547245465227688,0.11769714372496849,0.004973565166654603
2026-03-23,58030,-1,24365.0,24410.0,2026-03-23 12:59:00,2026-03-23 15:24:00,,,-0.0034452081093992093
2026-03-24,58030,1,25355.0,25305.0,2026-03-24 10:00:00,2026-03-24 13:05:00,-2.710868091230853,-0.21741019610001042,-0.003573944580941015
2026-03-24,58030,1,25135.0,25305.0,2026-03-24 13:16:00,2026-03-24 14:38:00,-1.7348033306059751,0.1178979037834125,0.005140707521502788
2026-03-24,58030,-1,25480.0,25555.0,2026-03-24 14:42:00,2026-03-24 15:24:00,,,-0.004539161516280187
2026-03-25,58030,-1,27370.0,27290.0,2026-03-25 10:22:00,2026-03-25 11:11:00,1.9650211968469637,-0.2620841143452637,0.0013271883323406235
2026-03-25,58030,-1,27435.0,27300.0,2026-03-25 11:25:00,2026-03-25 12:36:00,1.6038303825326818,-0.07121732794976028,0.0033328683200246996
2026-03-25,58030,1,27265.0,27305.0,2026-03-25 13:04:00,2026-03-25 13:30:00,-1.5746352243447954,0.0176328584154734,-0.00013399277390794282
2026-03-25,58030,1,27250.0,27300.0,2026-03-25 13:35:00,2026-03-25 14:11:00,-1.8900692111958375,-0.030961040396191776,0.0002331810816609116
2026-03-25,58030,1,27250.0,27435.0,2026-03-25 14:20:00,2026-03-25 15:24:00,,,0.005166049401685734
2026-03-26,58030,-1,28935.0,28715.0,2026-03-26 10:00:00,2026-03-26 11:03:00,3.6310170931391466,0.21639815752742658,0.0060323007095422505
2026-03-26,58030,1,28485.0,28665.0,2026-03-26 11:22:00,2026-03-26 12:38:00,-2.3581664079477225,-0.10046383227028993,0.004699233427987151
2026-03-26,58030,1,28420.0,27705.0,2026-03-26 12:54:00,2026-03-26 15:24:00,,,-0.027080220349641554
2026-03-27,58030,1,26745.0,26910.0,2026-03-27 10:21:00,2026-03-27 10:30:00,-1.5632859724858075,-0.09646777715735717,0.004550424755601047
2026-03-27,58030,1,26745.0,26905.0,2026-03-27 10:46:00,2026-03-27 11:00:00,-2.129150859615353,-0.030853235767486237,0.004364602958169565
2026-03-27,58030,1,26815.0,26915.0,2026-03-27 11:25:00,2026-03-27 11:28:00,-1.6872793253130012,0.23578996300621466,0.0021223195780319852
2026-03-27,58030,-1,26970.0,27750.0,2026-03-27 11:29:00,2026-03-27 15:24:00,,,-0.03011070304080486
2026-03-30,58030,1,4335.0,4324.0,2026-03-30 10:00:00,2026-03-30 12:34:00,-1.7204110694055201,-0.2750217137146062,-0.004140710455543295
2026-03-30,58030,-1,4380.0,4501.0,2026-03-30 13:02:00,2026-03-30 15:24:00,,,-0.028850869922440778
2026-03-31,58030,1,4160.0,4192.0,2026-03-31 10:00:00,2026-03-31 10:15:00,-1.5705959551608608,-0.26081866489570776,0.006062872745569097
2026-03-31,58030,-1,4239.0,4208.0,2026-03-31 10:19:00,2026-03-31 11:05:00,1.617216623215787,-0.1932128495227749,0.005739916935091292
2026-03-31,58030,-1,4234.0,4213.0,2026-03-31 11:17:00,2026-03-31 12:30:00,1.5963195791402893,-0.07561645410579597,0.003372189715793948
2026-03-31,58030,1,4177.0,4114.0,2026-03-31 12:34:00,2026-03-31 15:24:00,,,-0.016797494284272914
2026-04-01,58030,1,4369.0,4393.0,2026-04-01 10:17:00,2026-04-01 10:24:00,-1.9747956771397366,-0.2938279669846667,0.003878215024343666
2026-04-01,58030,-1,4420.0,4405.0,2026-04-01 10:37:00,2026-04-01 13:56:00,1.6025930745682155,-0.25795124382785173,0.0017994367014639147
2026-04-01,58030,-1,4426.0,4454.0,2026-04-01 14:16:00,2026-04-01 15:24:00,,,-0.007906327206317868
2026-04-02,58030,1,4490.0,4327.0,2026-04-02 10:06:00,2026-04-02 15:24:00,,,-0.03857824051141516
2026-04-03,58030,-1,4553.0,4530.0,2026-04-03 10:00:00,2026-04-03 10:12:00,1.9075299600424578,0.06834032275118482,0.003464416857702341
2026-04-03,58030,-1,4550.0,4555.0,2026-04-03 10:18:00,2026-04-03 12:40:00,1.6322819468746106,-0.1970220932442737,-0.002698297749062592
2026-04-03,58030,-1,4582.0,4627.0,2026-04-03 13:00:00,2026-04-03 15:24:00,,,-0.011373125893558706
2026-04-06,58030,-1,4689.0,4656.0,2026-04-06 10:00:00,2026-04-06 10:59:00,1.5331064596430832,0.1247360938428122,0.0054626296783125226
2026-04-06,58030,-1,4678.0,4665.0,2026-04-06 11:09:00,2026-04-06 13:31:00,2.7516627488103986,0.07416430288647306,0.0011828338626801184
2026-04-06,58030,-1,4677.0,4665.0,2026-04-06 13:43:00,2026-04-06 14:13:00,1.736220167398352,0.13800483209058415,0.0009690444444419596
2026-04-06,58030,1,4659.0,4665.0,2026-04-06 14:14:00,2026-04-06 14:23:00,-1.6243389844328504,0.09138736762860654,-0.00031299853535253844
2026-04-06,58030,1,4655.0,4615.0,2026-04-06 14:30:00,2026-04-06 15:24:00,,,-0.010230042774214928
2026-04-07,58030,1,4471.0,4391.0,2026-04-07 10:00:00,2026-04-07 15:24:00,,,-0.019655105672263216
2026-04-08,58030,-1,4823.0,4796.0,2026-04-08 10:07:00,2026-04-08 10:09:00,1.6007026075703343,-0.1406953361684384,0.00401390392156699
2026-04-08,58030,-1,4817.0,4799.0,2026-04-08 10:15:00,2026-04-08 10:22:00,1.6400958854538952,0.015009284758558363,0.0021437647719752765
2026-04-08,58030,-1,4813.0,4818.0,2026-04-08 10:24:00,2026-04-08 14:07:00,1.6452294879175606,0.18696342627078094,-0.0026383138717072084
2026-04-08,58030,-1,4840.0,4861.0,2026-04-08 14:16:00,2026-04-08 15:24:00,,,-0.005929457334778191
2026-04-09,58030,-1,4901.0,5010.0,2026-04-09 10:00:00,2026-04-09 15:24:00,,,-0.023596649169363035
2026-04-10,58030,-1,5502.0,5605.0,2026-04-10 10:00:00,2026-04-10 15:24:00,,,-0.020147394021740418
2026-04-13,58030,1,5832.0,5695.0,2026-04-13 10:00:00,2026-04-13 15:24:00,,,-0.025371397807211545
2026-04-14,58030,1,5824.0,5851.0,2026-04-14 10:24:00,2026-04-14 10:44:00,-1.7704220083556672,0.16958158561000858,0.003025275911714244
2026-04-14,58030,1,5824.0,5846.0,2026-04-14 11:01:00,2026-04-14 11:11:00,-1.594509756388009,-0.22851807070849742,0.002170355794669447
2026-04-14,58030,1,5830.0,5850.0,2026-04-14 11:19:00,2026-04-14 11:24:00,-1.7978905612518141,0.21150126508870887,0.0018246608813641747
2026-04-14,58030,-1,5863.0,5848.0,2026-04-14 12:32:00,2026-04-14 12:38:00,1.8882349653937218,-0.07837096555728064,0.0009616955346006737
2026-04-14,58030,-1,5877.0,5867.0,2026-04-14 12:43:00,2026-04-14 13:32:00,3.1306763018895323,0.14102199821520708,0.0001029976867905531
2026-04-14,58030,1,5838.0,5860.0,2026-04-14 13:54:00,2026-04-14 14:06:00,-1.503790662951163,-0.24990349137399206,0.0021613311569981496
2026-04-14,58030,-1,5888.0,5919.0,2026-04-14 14:30:00,2026-04-14 15:24:00,,,-0.006851134282012794
2026-04-15,58030,1,5828.0,5655.0,2026-04-15 10:00:00,2026-04-15 15:24:00,,,-0.031733778764874626
2026-04-16,58030,-1,5787.0,5954.0,2026-04-16 10:01:00,2026-04-16 15:24:00,,,-0.030049240001882832
2026-04-17,58030,-1,5937.0,5907.0,2026-04-17 10:00:00,2026-04-17 10:40:00,5.251966451351183,0.10811771224451833,0.003465866963440139
2026-04-17,58030,-1,5914.0,5903.0,2026-04-17 11:22:00,2026-04-17 11:27:00,1.5493337799516815,-0.04175773779239253,0.0002617251717331203
2026-04-17,58030,1,5884.0,5791.0,2026-04-17 12:31:00,2026-04-17 15:24:00,,,-0.01753181449553839
2026-04-20,58030,1,5796.0,5811.0,2026-04-20 10:22:00,2026-04-20 10:41:00,-2.016150375314339,-0.18120814180695272,0.0009846486345326773
2026-04-20,58030,1,5795.0,5542.0,2026-04-20 10:59:00,2026-04-20 15:24:00,,,-0.04624003035092839
2026-04-21,58030,-1,5764.0,5754.0,2026-04-21 10:00:00,2026-04-21 11:20:00,3.306838530057525,0.05720282087435212,0.00013641300791951395
2026-04-21,58030,-1,5784.0,5882.0,2026-04-21 11:26:00,2026-04-21 15:24:00,,,-0.018401355275339662
2026-04-22,58030,-1,5835.0,5986.0,2026-04-22 10:00:00,2026-04-22 15:24:00,,,-0.027149143691987926
2026-04-23,58030,1,6027.0,5893.0,2026-04-23 10:16:00,2026-04-23 15:24:00,,,-0.024084168645130737
2026-04-24,58030,-1,6045.0,6028.0,2026-04-24 10:13:00,2026-04-24 10:44:00,1.683112954865771,0.2852592760240216,0.001216203302506974
2026-04-24,58030,1,5990.0,6022.0,2026-04-24 11:05:00,2026-04-24 11:19:00,-1.9674555690465834,-0.001592230511576372,0.0037280179321839977
2026-04-24,58030,1,6002.0,6019.0,2026-04-24 11:24:00,2026-04-24 12:30:00,-1.861632733920316,-0.2243390191216672,0.0012283855474584362
2026-04-24,58030,1,5998.0,6024.0,2026-04-24 12:32:00,2026-04-24 12:35:00,-2.1807503631287095,0.2720916296770244,0.00272541017077516
2026-04-24,58030,1,6004.0,6020.0,2026-04-24 12:43:00,2026-04-24 12:47:00,-1.7352789137077727,-0.10314303354629982,0.0010613455495140816
2026-04-24,58030,-1,6037.0,6019.0,2026-04-24 12:48:00,2026-04-24 13:00:00,1.564127338112894,-0.18639914033730126,0.0013860672486553213
2026-04-24,58030,-1,6047.0,6025.0,2026-04-24 13:06:00,2026-04-24 13:22:00,1.7445302233647662,0.29248287307489507,0.002044801914357141
2026-04-24,58030,-1,6042.0,6022.0,2026-04-24 13:47:00,2026-04-24 13:54:00,2.645122335106085,-0.06407357833283293,0.0017156529049381193
2026-04-24,58030,-1,6034.0,6024.0,2026-04-24 14:13:00,2026-04-24 14:20:00,2.0972962290222865,0.13261233266424793,5.865023927694585e-05
2026-04-24,58030,-1,6039.0,6060.0,2026-04-24 14:24:00,2026-04-24 15:24:00,,,-0.0050713647554590045
2026-04-27,58030,-1,6227.0,6350.0,2026-04-27 10:00:00,2026-04-27 15:24:00,,,-0.02116013701428529
2026-04-28,58030,1,6205.0,6247.0,2026-04-28 10:01:00,2026-04-28 10:04:00,-2.0597686803174184,0.21425113958205522,0.005145929854862217
2026-04-28,58030,-1,6273.0,6254.0,2026-04-28 10:05:00,2026-04-28 10:17:00,1.5124310000127092,0.29929682464611557,0.0014334500789566563
2026-04-28,58030,1,6204.0,6222.0,2026-04-28 10:30:00,2026-04-28 11:27:00,-1.76217507518803,-0.29932678636863125,0.0012971531611527872
2026-04-28,58030,1,6162.0,6217.0,2026-04-28 12:33:00,2026-04-28 13:21:00,-2.296105772992986,-0.09817914765134579,0.007286075112724301
2026-04-28,58030,1,6192.0,6218.0,2026-04-28 13:38:00,2026-04-28 14:00:00,-1.703878661922791,-0.11951610623849233,0.002590175349136011
2026-04-28,58030,-1,6231.0,6219.0,2026-04-28 14:27:00,2026-04-28 14:32:00,1.9932737668405645,-0.16326020964453514,0.00032771144033275903
2026-04-28,58030,1,6211.0,6267.0,2026-04-28 14:35:00,2026-04-28 15:24:00,,,0.0073758576653725665
2026-04-30,58030,1,5965.0,5998.0,2026-04-30 10:22:00,2026-04-30 11:05:00,-1.9141256333723264,0.06799171733199602,0.003917024776937912
2026-04-30,58030,1,5983.0,5988.0,2026-04-30 11:26:00,2026-04-30 12:59:00,-1.6182080490782085,-0.17570503021423092,-0.0007646478505128265
2026-04-30,58030,1,5980.0,5982.0,2026-04-30 13:25:00,2026-04-30 15:24:00,,,-0.001265607754784023
2026-05-01,58030,1,5860.0,5806.0,2026-05-01 10:01:00,2026-05-01 15:24:00,,,-0.01085773798648308
2026-05-07,58030,1,6288.0,6300.0,2026-05-07 10:01:00,2026-05-07 10:11:00,-1.5632836763484756,-0.1096788797190431,0.0003065782705816689
2026-05-07,58030,-1,6326.0,6500.0,2026-05-07 10:21:00,2026-05-07 15:24:00,,,-0.02873405201813427
2026-05-08,58030,-1,6421.0,6386.0,2026-05-08 10:00:00,2026-05-08 10:46:00,1.872085204030981,0.2683708476395986,0.003865774519321021
2026-05-08,58030,1,6355.0,6365.0,2026-05-08 10:57:00,2026-05-08 12:33:00,-1.7316588501100794,-0.17957661910825076,-2.767263204762893e-05
2026-05-08,58030,-1,6406.0,6372.0,2026-05-08 13:09:00,2026-05-08 13:23:00,1.8201436737399181,0.16541271724560713,0.0037216591391642934
2026-05-08,58030,-1,6391.0,6369.0,2026-05-08 13:53:00,2026-05-08 14:29:00,2.3602605806633967,-0.16977208314501904,0.0018482792789159326
2026-05-08,58030,-1,6408.0,6544.0,2026-05-08 14:30:00,2026-05-08 15:24:00,,,-0.022601389534387884
2026-05-11,58030,1,6830.0,6796.0,2026-05-11 10:01:00,2026-05-11 12:59:00,-3.2745925909979547,-0.05985310529494807,-0.006590469773013155
2026-05-11,58030,1,6769.0,6795.0,2026-05-11 13:13:00,2026-05-11 13:25:00,-2.0849585486017244,-0.22330047754459964,0.0022336820766365234
2026-05-11,58030,-1,6828.0,6800.0,2026-05-11 13:28:00,2026-05-11 13:52:00,1.936461046445275,0.017241568578508122,0.002509192750133135
2026-05-11,58030,1,6779.0,6800.0,2026-05-11 14:11:00,2026-05-11 14:14:00,-2.2500673283088575,0.029727758151777344,0.0014930137332324009
2026-05-11,58030,1,6777.0,6801.0,2026-05-11 14:16:00,2026-05-11 14:35:00,-2.0570994664514797,0.16904432894038313,0.0019351340395256484
2026-05-11,58030,1,6779.0,6803.0,2026-05-11 14:37:00,2026-05-11 15:11:00,-1.5166193178720242,0.21115774327798356,0.0019340929140950704
2026-05-12,58030,-1,7431.0,7361.0,2026-05-12 10:00:00,2026-05-12 10:16:00,4.402707665275694,-0.12862663439573946,0.007864646098763362
2026-05-12,58030,1,7304.0,7300.0,2026-05-12 10:26:00,2026-05-12 12:30:00,-1.7327414369108807,-0.2780357646732789,-0.0021477951383219156
2026-05-12,58030,1,7261.0,7291.0,2026-05-12 12:32:00,2026-05-12 14:00:00,-1.589400618145646,0.1207707927028566,0.002523150426183455
2026-05-12,58030,-1,7425.0,7623.0,2026-05-12 14:02:00,2026-05-12 15:24:00,,,-0.02791730831737336
2026-05-13,58030,-1,7565.0,7844.0,2026-05-13 10:00:00,2026-05-13 15:24:00,,,-0.03781656109378071
2026-05-14,58030,-1,7856.0,7782.0,2026-05-14 10:00:00,2026-05-14 13:07:00,1.7880170830346123,-0.10253161056784343,0.007864196489802957
2026-05-14,58030,-1,7831.0,7791.0,2026-05-14 13:10:00,2026-05-14 13:12:00,1.6390255284315511,0.199053109593455,0.0035209944200795904
2026-05-14,58030,1,7725.0,6355.0,2026-05-14 13:24:00,2026-05-14 14:28:00,,,-0.19681991814239178
2026-05-15,58030,1,6218.0,5818.0,2026-05-15 10:00:00,2026-05-15 15:24:00,,,-0.06809175156355217
2026-05-18,58030,-1,5847.0,5784.0,2026-05-18 10:00:00,2026-05-18 10:11:00,1.9643229062127463,0.11814367543990721,0.009233224337069853
2026-05-18,58030,1,5667.0,5722.0,2026-05-18 10:26:00,2026-05-18 14:34:00,-1.699814107117828,0.08890169757835233,0.008058517440436416
2026-05-18,58030,-1,5773.0,5730.0,2026-05-18 14:38:00,2026-05-18 14:46:00,1.8821632902381662,0.21926736512516934,0.005876345352148337
2026-05-18,58030,-1,5769.0,5718.0,2026-05-18 14:55:00,2026-05-18 15:00:00,1.8421980345135633,-0.26786155378084536,0.007279661374632336
2026-05-18,58030,1,5685.0,5685.0,2026-05-18 15:24:00,2026-05-18 15:24:00,,,-0.0016
2026-05-19,58030,1,5479.0,4673.0,2026-05-19 10:00:00,2026-05-19 15:24:00,,,-0.16072133883798956
2026-05-20,58030,-1,4396.0,4353.0,2026-05-20 10:12:00,2026-05-20 10:24:00,1.5787304062338472,0.29214994503634034,0.0082297739712144
2026-05-20,58030,1,4313.0,4331.0,2026-05-20 10:38:00,2026-05-20 11:26:00,-1.6295350958380512,-0.04332039045473138,0.0025647445667835445
2026-05-20,58030,1,4255.0,4323.0,2026-05-20 12:30:00,2026-05-20 12:36:00,-2.1278017342188846,-0.18883514088231268,0.014254843660157356
2026-05-20,58030,1,4275.0,4330.0,2026-05-20 12:43:00,2026-05-20 13:03:00,-1.663126564647798,0.04705821668471608,0.011183439625674904
2026-05-20,58030,-1,4375.0,4333.0,2026-05-20 13:16:00,2026-05-20 13:38:00,1.6639808895619483,0.12855337591558924,0.00804637705180545
2026-05-20,58030,1,4300.0,4330.0,2026-05-20 13:45:00,2026-05-20 14:00:00,-1.5215771121524466,-0.0015985396876483841,0.005352519314881663
2026-05-20,58030,1,4297.0,4291.0,2026-05-20 14:12:00,2026-05-20 15:24:00,,,-0.0029972987834704324
2026-05-21,58030,1,4406.0,4485.0,2026-05-21 10:00:00,2026-05-21 12:31:00,-1.5582875295639564,0.2753586579964139,0.016171247130608
2026-05-21,58030,1,4442.0,4480.0,2026-05-21 12:33:00,2026-05-21 13:10:00,-1.7248203417174137,0.273476155457491,0.006918320954658125
2026-05-21,58030,-1,4522.0,4488.0,2026-05-21 13:19:00,2026-05-21 14:47:00,1.6586128805957654,-0.25784991928746126,0.005947205635382966
2026-05-21,58030,-1,4510.0,4494.0,2026-05-21 14:54:00,2026-05-21 14:56:00,1.6245869746144983,0.292531760243374,0.0019539797514495456
2026-05-21,58030,-1,4514.0,4500.0,2026-05-21 15:03:00,2026-05-21 15:24:00,,,0.0015062816190698745
