date,code,side,entry,exit,entry_ts,exit_ts,pnl,entry_z,exit_z
2025-04-01,58020,1,2428.0,2405.0,2025-04-01 10:00:00,2025-04-01 15:24:00,-0.01111796963952733,,
2025-04-02,58020,1,2394.0,2413.0,2025-04-02 10:00:00,2025-04-02 10:21:00,0.006305179507113247,-4.832943103725904,0.024795894371730066
2025-04-02,58020,-1,2426.0,2416.0,2025-04-02 10:45:00,2025-04-02 12:37:00,0.0025305304492898324,1.7615527089386975,0.23147294873578306
2025-04-02,58020,-1,2420.5,2415.0,2025-04-02 12:41:00,2025-04-02 12:46:00,0.0006748432930759353,1.885641923844202,-0.16016796931976196
2025-04-02,58020,-1,2420.5,2415.5,2025-04-02 12:53:00,2025-04-02 13:04:00,0.00046782538528768376,1.8152082744649822,-0.028845242220762533
2025-04-02,58020,-1,2419.5,2417.0,2025-04-02 13:10:00,2025-04-02 15:19:00,-0.0005661944701097685,2.0048904196895765,-0.09702585909228587
2025-04-03,58020,-1,2291.0,2282.5,2025-04-03 10:09:00,2025-04-03 10:16:00,0.002117069984371978,1.6447937919826756,0.17322509962522867
2025-04-03,58020,1,2269.5,2278.0,2025-04-03 10:27:00,2025-04-03 10:50:00,0.0021383221106071578,-1.8052340552887003,-0.27441892084453756
2025-04-03,58020,1,2273.5,2263.5,2025-04-03 12:36:00,2025-04-03 15:24:00,-0.006008206389051977,,
2025-04-04,58020,1,2128.5,2086.0,2025-04-04 10:00:00,2025-04-04 15:24:00,-0.021769149707489277,,
2025-04-07,58020,-1,1789.0,1749.0,2025-04-07 10:00:00,2025-04-07 14:48:00,0.021012608490117126,4.0362083936637445,0.2397000367386911
2025-04-07,58020,-1,1765.0,1745.5,2025-04-07 14:51:00,2025-04-07 15:11:00,0.009509642822306468,1.809567105732192,-0.2277401658137008
2025-04-08,58020,1,1951.0,1959.0,2025-04-08 10:30:00,2025-04-08 10:36:00,0.0024920773214295302,-1.6398085859183436,0.07613943337926404
2025-04-08,58020,-1,1967.5,2003.5,2025-04-08 10:38:00,2025-04-08 15:24:00,-0.019731949784640934,,
2025-04-09,58020,-1,1879.5,1865.5,2025-04-09 10:00:00,2025-04-09 10:14:00,0.00587667034302014,3.6636907417906834,-0.09892501392954194
2025-04-09,58020,-1,1880.0,1867.0,2025-04-09 10:15:00,2025-04-09 10:23:00,0.005338912282272244,3.733228687250219,0.14336191919313995
2025-04-09,58020,-1,1874.5,1876.0,2025-04-09 10:39:00,2025-04-09 12:52:00,-0.0023998933902032635,1.6657380494250373,0.2693435983315232
2025-04-09,58020,-1,1883.0,1873.0,2025-04-09 13:01:00,2025-04-09 13:11:00,0.0037248262130639472,1.6630513317116125,0.017568451848399603
2025-04-09,58020,1,1863.0,1869.0,2025-04-09 13:17:00,2025-04-09 13:37:00,0.0016154368539743928,-2.173714293764082,-0.2831737468053008
2025-04-09,58020,1,1857.0,1870.5,2025-04-09 13:41:00,2025-04-09 13:48:00,0.005643492435495104,-1.6157117826022318,-0.11554948849105466
2025-04-09,58020,1,1860.0,1868.5,2025-04-09 13:55:00,2025-04-09 14:15:00,0.0029594822182917174,-1.5644455177865182,-0.28399529043441635
2025-04-09,58020,1,1859.5,1869.0,2025-04-09 14:31:00,2025-04-09 15:00:00,0.0034958940904381763,-2.0405742727111984,-0.08303884254657354
2025-04-09,58020,-1,1881.5,1870.0,2025-04-09 15:12:00,2025-04-09 15:23:00,0.004530900184859632,1.6666027759641568,0.0030318864223210402
2025-04-10,58020,1,2121.0,2143.0,2025-04-10 10:00:00,2025-04-10 14:57:00,0.00871904090889463,-4.823353263281697,-0.10388806787770123
2025-04-10,58020,1,2135.5,2144.0,2025-04-10 15:05:00,2025-04-10 15:15:00,0.0023724319091713757,-1.7029828531730544,0.1767671098069521
2025-04-10,58020,1,2139.5,2139.5,2025-04-10 15:22:00,2025-04-10 15:24:00,-0.0016,,
2025-04-11,58020,-1,1983.0,2046.0,2025-04-11 10:00:00,2025-04-11 15:24:00,-0.0328758179917759,,
2025-04-14,58020,1,2069.0,2071.5,2025-04-14 10:09:00,2025-04-14 11:10:00,-0.000392416228086631,-1.7199181027546742,-0.2695547876390894
2025-04-14,58020,-1,2085.0,2074.5,2025-04-14 11:16:00,2025-04-14 12:33:00,0.0034486944599792227,1.6166226199426046,0.060912934940758216
2025-04-14,58020,1,2068.5,2040.0,2025-04-14 13:00:00,2025-04-14 15:24:00,-0.015473899063204146,,
2025-04-15,58020,-1,2169.0,2159.0,2025-04-15 10:02:00,2025-04-15 11:28:00,0.0030210803120670083,1.772765576296645,0.247783673608065
2025-04-15,58020,1,2151.0,2157.0,2025-04-15 12:50:00,2025-04-15 13:18:00,0.0011855171214262266,-1.9711384763682325,-0.13410800043882606
2025-04-15,58020,1,2153.5,2157.5,2025-04-15 13:26:00,2025-04-15 13:37:00,0.0002557184634178415,-1.5801787616455747,0.1322252288388686
2025-04-15,58020,1,2153.0,2157.5,2025-04-15 13:47:00,2025-04-15 14:01:00,0.00048792559322007934,-2.20678051033331,0.19664378832840268
2025-04-15,58020,1,2153.5,2151.5,2025-04-15 14:05:00,2025-04-15 15:24:00,-0.002529152215510994,,
2025-04-16,58020,1,2095.0,2104.5,2025-04-16 10:00:00,2025-04-16 10:25:00,0.0029243558543873205,-3.779347048112066,-0.292135151153287
2025-04-16,58020,1,2097.0,2062.0,2025-04-16 10:41:00,2025-04-16 15:24:00,-0.018431366325014742,,
2025-04-17,58020,1,2057.0,2060.5,2025-04-17 10:10:00,2025-04-17 10:23:00,0.00010006112591489941,-1.782727297705714,-0.2976342659714239
2025-04-17,58020,1,2057.0,2062.0,2025-04-17 10:29:00,2025-04-17 10:38:00,0.0008277749239481364,-1.7200508336549756,0.17674129355694104
2025-04-17,58020,-1,2063.5,2063.5,2025-04-17 11:01:00,2025-04-17 12:41:00,-0.0016,2.0114678386445104,0.17200654191655965
2025-04-17,58020,-1,2072.0,2064.5,2025-04-17 12:57:00,2025-04-17 14:09:00,0.002026258053228703,2.2877933644129773,0.18935361905448353
2025-04-17,58020,-1,2068.0,2080.0,2025-04-17 14:29:00,2025-04-17 15:24:00,-0.007385937067043926,,
2025-04-18,58020,-1,2064.0,2061.0,2025-04-18 10:11:00,2025-04-18 10:19:00,-0.0001454542890056761,1.644799671285133,0.0637846049205391
2025-04-18,58020,1,2058.5,2060.5,2025-04-18 10:20:00,2025-04-18 10:23:00,-0.0006288904310873957,-1.721444121442589,-0.2642609859748099
2025-04-18,58020,1,2057.0,2059.5,2025-04-18 10:28:00,2025-04-18 11:03:00,-0.0003853757768218129,-2.3065103822170756,-0.1639886624165805
2025-04-18,58020,1,2058.5,2060.0,2025-04-18 12:32:00,2025-04-18 12:36:00,-0.0008715794263327131,-1.5149998341511612,0.22437345479998805
2025-04-18,58020,1,2057.5,2059.5,2025-04-18 12:37:00,2025-04-18 12:42:00,-0.0006284186750894155,-2.378213633974379,-0.16774852381935162
2025-04-18,58020,1,2057.5,2057.5,2025-04-18 12:48:00,2025-04-18 14:43:00,-0.0016,-1.787420184913522,-0.19758568350301828
2025-04-18,58020,1,2050.5,2052.5,2025-04-18 15:00:00,2025-04-18 15:24:00,-0.0006251035055306011,,
2025-04-21,58020,1,1992.0,1997.5,2025-04-21 10:00:00,2025-04-21 14:18:00,0.0011572394958861128,-3.2617616345215836,0.12619228501166668
2025-04-21,58020,1,1994.5,1997.0,2025-04-21 14:24:00,2025-04-21 14:29:00,-0.0003473379296461618,-1.5592565870063204,-0.15174468183724796
2025-04-21,58020,1,1994.5,1997.5,2025-04-21 14:31:00,2025-04-21 14:47:00,-9.699370503148032e-05,-1.5472615967200491,0.15835265659234538
2025-04-21,58020,-1,1999.5,1997.5,2025-04-21 15:08:00,2025-04-21 15:24:00,-0.0005992493535567258,1.7214462588552804,0.15735165793859884
2025-04-22,58020,1,1989.0,1995.0,2025-04-22 10:01:00,2025-04-22 10:24:00,0.0014120504699916211,-2.447575722348581,-0.0752520623862354
2025-04-22,58020,-1,2001.0,1996.0,2025-04-22 10:42:00,2025-04-22 11:13:00,0.0009018777123240981,1.8594676008115443,0.04959419746503433
2025-04-22,58020,-1,1999.5,2017.0,2025-04-22 11:25:00,2025-04-22 15:24:00,-0.0103141096673388,,
2025-04-23,58020,1,2081.0,2082.0,2025-04-23 10:04:00,2025-04-23 12:55:00,-0.0011195772187203136,-1.6143829296018282,-0.06387961484822609
2025-04-23,58020,1,2077.5,2076.5,2025-04-23 13:23:00,2025-04-23 15:24:00,-0.002081463658794997,,
2025-04-24,58020,-1,2201.5,2208.5,2025-04-24 10:07:00,2025-04-24 12:47:00,-0.004774605840772639,2.236546139062639,0.21680513967004414
2025-04-24,58020,1,2201.0,2206.0,2025-04-24 13:17:00,2025-04-24 13:19:00,0.0006691182869861666,-1.5151979071918928,0.04961933105659608
2025-04-24,58020,-1,2210.5,2206.5,2025-04-24 13:21:00,2025-04-24 13:30:00,0.0002111845566960084,1.8008369572236973,0.1408714657315459
2025-04-24,58020,1,2204.0,2206.0,2025-04-24 14:00:00,2025-04-24 14:16:00,-0.0006929704593573769,-1.8722445389505096,0.019460779580179784
2025-04-24,58020,1,2201.5,2206.0,2025-04-24 14:20:00,2025-04-24 14:24:00,0.0004419746176392164,-1.8384074671452775,0.028280905986610216
2025-04-24,58020,1,2202.0,2191.5,2025-04-24 14:42:00,2025-04-24 15:24:00,-0.006379797423761451,,
2025-04-25,58020,-1,2236.5,2226.5,2025-04-25 10:00:00,2025-04-25 10:09:00,0.002881298111145749,1.9199930737672528,0.024321056881879802
2025-04-25,58020,1,2210.5,2223.0,2025-04-25 10:26:00,2025-04-25 12:38:00,0.004038900697898641,-1.7013337810533864,-0.18289194047709556
2025-04-25,58020,-1,2230.0,2226.0,2025-04-25 12:48:00,2025-04-25 13:27:00,0.00019533261867426318,1.6105931942024139,0.22563170262521898
2025-04-25,58020,-1,2233.0,2227.0,2025-04-25 13:33:00,2025-04-25 14:00:00,0.0010905845827902181,1.7604595146529214,0.2758437236388053
2025-04-25,58020,-1,2233.5,2227.5,2025-04-25 14:16:00,2025-04-25 15:19:00,0.0010899814472090242,1.7128412190747533,0.02633659394107826
2025-04-28,58020,1,2264.5,2255.5,2025-04-28 10:00:00,2025-04-28 15:24:00,-0.0055823061478178886,,
2025-04-30,58020,1,2285.5,2281.5,2025-04-30 10:26:00,2025-04-30 13:51:00,-0.003351697404341829,-1.658070494000871,-0.2970526355749463
2025-04-30,58020,1,2280.5,2282.0,2025-04-30 14:21:00,2025-04-30 14:45:00,-0.0009424657297340862,-1.6307407560678497,0.07947673342573913
2025-04-30,58020,-1,2285.0,2291.0,2025-04-30 14:53:00,2025-04-30 15:24:00,-0.004222379125190453,,
2025-05-01,58020,-1,2299.5,2350.5,2025-05-01 10:00:00,2025-05-01 15:24:00,-0.02353636348420681,,
2025-05-02,58020,1,2341.0,2342.0,2025-05-02 10:00:00,2025-05-02 13:39:00,-0.0011729233332481567,-2.4615075154703967,0.02974003355886918
2025-05-02,58020,1,2338.0,2341.5,2025-05-02 14:07:00,2025-05-02 14:14:00,-0.00010411340841729204,-2.3267406739013223,-0.22471524984132418
2025-05-02,58020,1,2338.5,2341.5,2025-05-02 14:25:00,2025-05-02 14:37:00,-0.00031794854234442563,-1.7115707019083135,-0.22444569472000397
2025-05-02,58020,-1,2345.5,2341.5,2025-05-02 14:46:00,2025-05-02 14:49:00,0.00010684914491623852,1.649046915800653,-0.1382976295997497
2025-05-02,58020,1,2338.5,2341.5,2025-05-02 15:02:00,2025-05-02 15:10:00,-0.00031794854234442563,-1.629700015374222,-0.11755698958112173
2025-05-02,58020,1,2338.5,2336.0,2025-05-02 15:18:00,2025-05-02 15:24:00,-0.00266963321782325,,
2025-05-07,58020,1,2348.0,2353.5,2025-05-07 10:07:00,2025-05-07 10:22:00,0.0007396798932098119,-1.7191676314833442,0.2120843940519134
2025-05-07,58020,-1,2359.0,2381.0,2025-05-07 10:25:00,2025-05-07 15:24:00,-0.01088276707918785,,
2025-05-08,58020,-1,2379.5,2373.5,2025-05-08 10:26:00,2025-05-08 10:57:00,0.0009247225697924697,1.532228914948686,-0.12062917540508829
2025-05-08,58020,-1,2377.0,2374.0,2025-05-08 11:26:00,2025-05-08 11:30:00,-0.00033710780941946885,1.6552097586229928,0.04244956277570246
2025-05-08,58020,-1,2379.5,2405.0,2025-05-08 12:30:00,2025-05-08 15:24:00,-0.01225952197869639,,
2025-05-09,58020,1,2435.5,2441.5,2025-05-09 10:02:00,2025-05-09 10:06:00,0.0008605302551176711,-1.9779112196468063,-0.21191386083730196
2025-05-09,58020,-1,2448.5,2442.5,2025-05-09 10:15:00,2025-05-09 11:19:00,0.0008534872254342726,1.955412365266874,-0.16639320181993933
2025-05-09,58020,-1,2447.5,2441.0,2025-05-09 11:30:00,2025-05-09 13:07:00,0.0010593040117054195,1.5860600389991457,-0.1449198217255376
2025-05-09,58020,1,2436.5,2442.0,2025-05-09 13:19:00,2025-05-09 13:30:00,0.0006547923870890828,-2.235656634677067,0.2523371418969296
2025-05-09,58020,1,2439.0,2441.5,2025-05-09 13:34:00,2025-05-09 13:46:00,-0.0005755147142052369,-1.527185194818548,-0.014945024344235084
2025-05-09,58020,-1,2444.0,2441.5,2025-05-09 13:53:00,2025-05-09 14:02:00,-0.0005765632102290132,1.6387262535304676,-0.013196398002689342
2025-05-09,58020,-1,2444.0,2441.5,2025-05-09 14:16:00,2025-05-09 14:19:00,-0.0005765632102290132,1.9337853269283372,-0.022471533875879524
2025-05-09,58020,1,2439.5,2441.5,2025-05-09 14:25:00,2025-05-09 14:28:00,-0.0007804957541768203,-1.5804929564522658,-0.01688764251391623
2025-05-09,58020,-1,2444.0,2441.5,2025-05-09 14:30:00,2025-05-09 14:39:00,-0.0005765632102290132,1.7635105125622093,-0.03004616402162124
2025-05-09,58020,-1,2444.0,2441.5,2025-05-09 14:44:00,2025-05-09 15:13:00,-0.0005765632102290132,1.8534280750274583,-0.13969854771807105
2025-05-09,58020,1,2437.5,2434.5,2025-05-09 15:19:00,2025-05-09 15:24:00,-0.002831527249246674,,
2025-05-12,58020,1,2463.0,2460.0,2025-05-12 10:21:00,2025-05-12 15:15:00,-0.0028187691941294547,-1.9569547103171525,-0.10820050106414858
2025-05-13,58020,1,2521.0,2526.5,2025-05-13 10:01:00,2025-05-13 10:02:00,0.000579297544043425,-1.5701642031675995,-0.2046905076470064
2025-05-13,58020,1,2518.5,2519.5,2025-05-13 10:14:00,2025-05-13 14:26:00,-0.001203017065052415,-1.7427936540540983,0.253754300931562
2025-05-13,58020,-1,2537.0,2637.0,2025-05-13 14:38:00,2025-05-13 15:24:00,-0.04025962675400491,,
2025-05-14,58020,1,2659.0,2673.5,2025-05-14 10:00:00,2025-05-14 12:32:00,0.003838363145766496,-2.2533926286899875,0.006877559734619445
2025-05-14,58020,-1,2684.0,2674.0,2025-05-14 12:58:00,2025-05-14 13:22:00,0.0021327404296839084,1.8617991117676471,-0.06496114842413474
2025-05-14,58020,-1,2688.5,2676.5,2025-05-14 13:43:00,2025-05-14 13:45:00,0.0028734464162968026,1.6210673949723808,0.2689030402924667
2025-05-14,58020,1,2661.0,2673.0,2025-05-14 14:02:00,2025-05-14 15:13:00,0.0028994451612297505,-2.3159728548542016,-0.08450814348651292
2025-05-14,58020,1,2667.0,2667.0,2025-05-14 15:24:00,2025-05-14 15:24:00,-0.0016,,
2025-05-15,58020,1,2617.0,2641.5,2025-05-15 10:00:00,2025-05-15 13:16:00,0.007718314074224616,-12.420439618570105,-0.23863153481445004
2025-05-15,58020,1,2636.0,2642.5,2025-05-15 13:27:00,2025-05-15 14:00:00,0.0008628221219949413,-1.5644569416532212,0.18470032368473227
2025-05-15,58020,1,2636.0,2649.0,2025-05-15 14:21:00,2025-05-15 15:24:00,0.003319593649671806,,
2025-05-16,58020,1,2616.5,2625.5,2025-05-16 10:00:00,2025-05-16 10:13:00,0.0018338072656515854,-2.4120897352369868,-0.12758512400261943
2025-05-16,58020,-1,2635.5,2625.5,2025-05-16 10:38:00,2025-05-16 11:14:00,0.002201563217347574,2.337181154790804,-0.18786954887427393
2025-05-16,58020,1,2621.0,2655.0,2025-05-16 11:20:00,2025-05-16 15:24:00,0.01128873035263281,,
2025-05-19,58020,-1,2637.0,2628.0,2025-05-19 10:00:00,2025-05-19 12:47:00,0.0018188067487856089,2.3307308257867536,0.278312829048624
2025-05-19,58020,1,2620.0,2608.5,2025-05-19 13:13:00,2025-05-19 15:24:00,-0.005998974292695101,,
2025-05-20,58020,1,2666.5,2670.5,2025-05-20 10:06:00,2025-05-20 11:17:00,-0.0001010302608318457,-1.9321626976499962,0.014266222391173547
2025-05-20,58020,-1,2677.5,2671.5,2025-05-20 12:31:00,2025-05-20 13:04:00,0.000643410924077792,1.6115417089064048,-0.01844273357871019
2025-05-20,58020,1,2665.5,2649.0,2025-05-20 13:19:00,2025-05-20 15:24:00,-0.007809446990745974,,
2025-05-21,58020,1,2616.0,2615.0,2025-05-21 10:00:00,2025-05-21 15:07:00,-0.001982336078066033,-6.323840963930345,0.08104456659970093
2025-05-22,58020,-1,2616.0,2706.5,2025-05-22 10:00:00,2025-05-22 15:24:00,-0.035609853659943215,,
2025-05-23,58020,1,2863.0,2876.0,2025-05-23 10:00:00,2025-05-23 11:09:00,0.002930413742822222,-2.4905918417417325,0.15920192167188785
2025-05-23,58020,1,2855.5,2832.0,2025-05-23 11:17:00,2025-05-23 15:24:00,-0.009863783291307177,,
2025-05-26,58020,1,2787.5,2806.5,2025-05-26 10:00:00,2025-05-26 10:12:00,0.005193018613879784,-4.612109223189968,0.1497737216463546
2025-05-26,58020,1,2798.5,2804.5,2025-05-26 10:33:00,2025-05-26 10:41:00,0.0005417106169772754,-1.5255885582235804,-0.2540715194269934
2025-05-26,58020,1,2799.0,2803.5,2025-05-26 10:45:00,2025-05-26 11:13:00,6.426048273794598e-06,-2.3472444314613856,-0.1312228234543713
2025-05-26,58020,-1,2814.5,2827.0,2025-05-26 12:36:00,2025-05-26 15:24:00,-0.006031452789508998,,
2025-05-27,58020,1,2847.0,2854.5,2025-05-27 10:20:00,2025-05-27 14:28:00,0.0010308881262763951,-1.790040922789778,0.04291629304289805
2025-05-27,58020,-1,2862.5,2854.0,2025-05-27 14:42:00,2025-05-27 14:54:00,0.0013738498257133732,2.143335858199197,-0.1916882509586429
2025-05-27,58020,-1,2859.0,2867.0,2025-05-27 15:04:00,2025-05-27 15:24:00,-0.004394273561058001,,
2025-05-28,58020,1,2914.5,2928.5,2025-05-28 10:00:00,2025-05-28 10:13:00,0.0031920680442324234,-1.8137618197322931,-0.04751931299043053
2025-05-28,58020,1,2919.5,2892.5,2025-05-28 10:24:00,2025-05-28 15:24:00,-0.010891188655760605,,
2025-05-29,58020,1,2983.5,2993.0,2025-05-29 10:07:00,2025-05-29 10:10:00,0.0015791208905622668,-1.6814355108206558,-0.27133956072477994
2025-05-29,58020,-1,2999.5,3048.0,2025-05-29 10:41:00,2025-05-29 15:24:00,-0.01764002971338912,,
2025-05-30,58020,-1,3027.0,3025.0,2025-05-30 10:03:00,2025-05-30 11:29:00,-0.0009390614432232126,1.6296441635831667,0.23340019905428022
2025-05-30,58020,-1,3032.0,3025.0,2025-05-30 12:31:00,2025-05-30 12:35:00,0.0007113762973204295,1.8606409190749997,0.1581167144525488
2025-05-30,58020,1,3018.0,3024.0,2025-05-30 12:59:00,2025-05-30 13:11:00,0.00038609797162932427,-1.5466941011075024,0.05702334135386748
2025-05-30,58020,-1,3028.0,3024.0,2025-05-30 13:34:00,2025-05-30 13:36:00,-0.0002781227420841756,1.6722563155003962,0.062124638226176136
2025-05-30,58020,1,3021.0,3024.0,2025-05-30 13:39:00,2025-05-30 13:40:00,-0.0006074440872483571,-2.011858983044519,0.06733560692897302
2025-05-30,58020,1,3021.0,3024.0,2025-05-30 13:44:00,2025-05-30 14:04:00,-0.0006074440872483571,-1.7146380928423914,0.1375702360653075
2025-05-30,58020,-1,3032.0,3041.0,2025-05-30 14:21:00,2025-05-30 15:24:00,-0.004563940915102343,,
2025-06-02,58020,-1,3032.0,3021.0,2025-06-02 10:01:00,2025-06-02 10:24:00,0.002034565375590244,3.658350547826123,0.08501488380999118
2025-06-02,58020,-1,3024.0,3020.0,2025-06-02 10:59:00,2025-06-02 11:05:00,-0.0002763730694917471,1.6287562766518744,-0.17556611855112356
2025-06-02,58020,-1,3023.0,3020.0,2025-06-02 11:13:00,2025-06-02 11:14:00,-0.0006071155894572181,1.5623517018466826,-0.2642922203011918
2025-06-02,58020,-1,3023.0,3017.0,2025-06-02 11:27:00,2025-06-02 14:18:00,0.0003867556203969518,1.590568228138379,-0.19518939106897293
2025-06-02,58020,-1,3023.0,3018.0,2025-06-02 14:37:00,2025-06-02 15:18:00,5.5355451663820264e-05,1.7274738621588044,0.00837329653970208
2025-06-03,58020,-1,2990.0,2982.5,2025-06-03 10:11:00,2025-06-03 10:19:00,0.0009115124126609865,1.764266149448897,0.07131950776680372
2025-06-03,58020,-1,2989.0,2984.0,2025-06-03 10:43:00,2025-06-03 11:21:00,7.420096028639116e-05,1.8547315938355071,0.08476309715676399
2025-06-03,58020,1,2967.5,2982.0,2025-06-03 12:32:00,2025-06-03 12:39:00,0.0032743688408605164,-1.6446515741180985,-0.11833947254766558
2025-06-03,58020,-1,2987.0,2982.5,2025-06-03 13:11:00,2025-06-03 14:13:00,-9.23357559613504e-05,1.5028488172303611,-0.25631146984319403
2025-06-03,58020,1,2979.5,2974.0,2025-06-03 14:37:00,2025-06-03 15:24:00,-0.0034476531669331845,,
2025-06-04,58020,1,2982.0,2987.0,2025-06-04 10:16:00,2025-06-04 10:50:00,7.532289142617404e-05,-2.49831192932026,0.099888005859362
2025-06-04,58020,-1,2995.5,3002.0,2025-06-04 11:11:00,2025-06-04 15:24:00,-0.0037675706694276084,,
2025-06-05,58020,1,2977.5,2944.0,2025-06-05 10:00:00,2025-06-05 15:24:00,-0.01291482138068834,,
2025-06-06,58020,-1,2991.0,2981.5,2025-06-06 10:05:00,2025-06-06 10:10:00,0.001581250066787458,1.5851761331226724,0.19728807487510214
2025-06-06,58020,-1,2988.0,2985.0,2025-06-06 10:14:00,2025-06-06 12:30:00,-0.0005954795739945239,2.5685185399460377,-0.25105800157280356
2025-06-06,58020,1,2976.5,2983.5,2025-06-06 12:54:00,2025-06-06 13:49:00,0.0007489943686917954,-1.5725445404186764,-0.07476542156373897
2025-06-06,58020,1,2979.0,2966.0,2025-06-06 14:11:00,2025-06-06 15:24:00,-0.005973430015404892,,
2025-06-09,58020,1,2987.0,2993.0,2025-06-09 10:02:00,2025-06-09 10:08:00,0.00040668963658902694,-2.8013015654381013,-0.11504397147848029
2025-06-09,58020,1,2988.5,2991.5,2025-06-09 10:20:00,2025-06-09 10:55:00,-0.0005966554342223221,-1.946502879889285,-0.25041556603311005
2025-06-09,58020,-1,2996.0,2992.0,2025-06-09 11:07:00,2025-06-09 11:13:00,-0.00026399445725774884,1.96230856111793,-0.023160559927556414
2025-06-09,58020,-1,2995.5,2996.0,2025-06-09 11:25:00,2025-06-09 14:03:00,-0.0017669031131305293,1.772307636926666,0.29609118810501983
2025-06-09,58020,-1,2998.0,3011.0,2025-06-09 14:05:00,2025-06-09 15:24:00,-0.005926849819190771,,
2025-06-10,58020,1,2992.5,2999.5,2025-06-10 10:00:00,2025-06-10 10:35:00,0.0007364496610195055,-4.1478793134114245,-0.12335790071006307
2025-06-10,58020,-1,3007.0,3007.0,2025-06-10 10:38:00,2025-06-10 13:37:00,-0.0016,1.6874150171661686,0.02779732903596855
2025-06-10,58020,-1,3012.0,2991.5,2025-06-10 13:46:00,2025-06-10 15:24:00,0.005229376089697702,,
2025-06-11,58020,1,2934.0,2940.5,2025-06-11 10:00:00,2025-06-11 14:15:00,0.0006129551970835386,-5.102164616650829,-0.18845068812342522
2025-06-11,58020,1,2937.0,2919.5,2025-06-11 14:38:00,2025-06-11 15:24:00,-0.0075762834750278,,
2025-06-12,58020,1,2894.5,2871.5,2025-06-12 10:00:00,2025-06-12 15:24:00,-0.009577843214708082,,
2025-06-13,58020,1,2814.0,2799.0,2025-06-13 10:00:00,2025-06-13 15:24:00,-0.006944748158880816,,
2025-06-16,58020,1,2817.0,2823.0,2025-06-16 10:02:00,2025-06-16 10:10:00,0.0005276603771168281,-1.6793939435834837,-0.15092228116556114
2025-06-16,58020,1,2819.5,2822.0,2025-06-16 10:20:00,2025-06-16 10:40:00,-0.0007137108344774678,-1.506928186056857,-0.22546182269654547
2025-06-16,58020,-1,2829.5,2867.0,2025-06-16 11:03:00,2025-06-16 15:24:00,-0.014766169300791268,,
2025-06-17,58020,-1,2909.5,2907.0,2025-06-17 10:00:00,2025-06-17 13:32:00,-0.0007403764621512684,4.006408456427316,-0.07289092602026966
2025-06-17,58020,1,2902.5,2907.5,2025-06-17 13:59:00,2025-06-17 14:11:00,0.00012117082077283152,-1.8172567727609308,0.13650118745387038
2025-06-17,58020,-1,2910.5,2908.0,2025-06-17 14:20:00,2025-06-17 15:02:00,-0.0007406719416197892,1.5054320807378223,0.29625107451903143
2025-06-17,58020,-1,2910.5,2907.5,2025-06-17 15:03:00,2025-06-17 15:19:00,-0.0005687176810293402,1.8696786309818756,-0.1283067181608755
2025-06-18,58020,1,2900.0,2907.0,2025-06-18 10:00:00,2025-06-18 10:02:00,0.0008108845843104995,-2.237164894462115,-0.00035084781825926514
2025-06-18,58020,-1,2916.5,2916.0,2025-06-18 10:27:00,2025-06-18 13:18:00,-0.0014285469348564162,1.5151665441719122,0.16893716040692303
2025-06-18,58020,1,2904.5,2912.5,2025-06-18 13:37:00,2025-06-18 15:12:00,0.001150560441368776,-1.6082217827155387,-0.23174536363612688
2025-06-18,58020,-1,2918.5,2925.5,2025-06-18 15:21:00,2025-06-18 15:24:00,-0.003995620584444997,,
2025-06-19,58020,1,2890.5,2899.0,2025-06-19 10:04:00,2025-06-19 10:48:00,0.0013363523991247073,-2.248113671744004,-0.1663344515813626
2025-06-19,58020,1,2897.5,2899.5,2025-06-19 11:07:00,2025-06-19 11:16:00,-0.0009099878974115616,-1.6606085458892543,0.1410402016816774
2025-06-19,58020,1,2897.5,2899.5,2025-06-19 11:22:00,2025-06-19 11:30:00,-0.0009099878974115616,-1.7409790004832086,0.2130251532134618
2025-06-19,58020,-1,2901.5,2899.5,2025-06-19 12:30:00,2025-06-19 12:53:00,-0.0009104636858322927,2.0687969627333276,-0.036959782386701466
2025-06-19,58020,-1,2902.5,2899.0,2025-06-19 12:57:00,2025-06-19 14:22:00,-0.0003934153496089768,1.9008232559744829,-0.013793538524279838
2025-06-19,58020,-1,2906.5,2904.0,2025-06-19 14:32:00,2025-06-19 15:24:00,-0.0007394888032814375,,
2025-06-20,58020,-1,2886.0,2881.0,2025-06-20 10:00:00,2025-06-20 10:08:00,0.00013400424928768887,1.8454729787877486,0.18631539612025957
2025-06-20,58020,-1,2886.0,2881.5,2025-06-20 10:13:00,2025-06-20 10:32:00,-3.9531542904891167e-05,1.535779632554246,0.011185093224691101
2025-06-20,58020,1,2877.5,2880.0,2025-06-20 11:00:00,2025-06-20 12:45:00,-0.0007315674660460276,-1.5024789194881438,-0.26076285606243227
2025-06-20,58020,-1,2889.5,2882.0,2025-06-20 12:47:00,2025-06-20 12:52:00,0.0009989791983652872,2.483904047351785,0.26416649449405105
2025-06-20,58020,1,2875.0,2881.5,2025-06-20 13:08:00,2025-06-20 13:14:00,0.0006583176452701412,-1.6274340092913504,0.23138299111505614
2025-06-20,58020,-1,2884.5,2884.0,2025-06-20 13:22:00,2025-06-20 15:04:00,-0.0014266447078955485,1.5125500758080546,0.11944523911350209
2025-06-20,58020,1,2877.5,2882.5,2025-06-20 15:18:00,2025-06-20 15:22:00,0.00013611154717629555,-2.0404289194662475,-0.29954398726945564
2025-06-23,58020,1,2806.0,2812.0,2025-06-23 10:16:00,2025-06-23 10:28:00,0.0005359922681493054,-1.544247235026742,-0.07844773290153924
2025-06-23,58020,1,2806.5,2811.0,2025-06-23 10:37:00,2025-06-23 12:36:00,2.1365242778535742e-06,-1.8794681688038788,0.20989955170429708
2025-06-23,58020,-1,2815.0,2810.0,2025-06-23 13:00:00,2025-06-23 13:10:00,0.00017777824599927191,1.5107238381014687,-0.2644693610826245
2025-06-23,58020,-1,2816.0,2811.0,2025-06-23 13:24:00,2025-06-23 14:09:00,0.0001771463714011906,1.6823509487459845,0.1631259438167926
2025-06-23,58020,-1,2813.0,2811.0,2025-06-23 14:12:00,2025-06-23 14:16:00,-0.0008887624166749942,1.7195398320645077,0.14387463322853625
2025-06-23,58020,-1,2813.5,2811.0,2025-06-23 14:22:00,2025-06-23 14:57:00,-0.0007110320331982478,1.7624671901691453,-0.026121536869721337
2025-06-23,58020,-1,2815.0,2809.0,2025-06-23 15:04:00,2025-06-23 15:24:00,0.000533713469547068,,
2025-06-24,58020,-1,2889.0,2879.5,2025-06-24 10:35:00,2025-06-24 11:10:00,0.001693753519508214,1.942716178415892,0.13084013417755105
2025-06-24,58020,-1,2887.5,2880.0,2025-06-24 12:30:00,2025-06-24 13:18:00,0.0010007817000573674,2.6374658120639247,0.09439735556867639
2025-06-24,58020,-1,2884.0,2879.5,2025-06-24 13:19:00,2025-06-24 13:33:00,-3.844854188731514e-05,2.6125412639482093,-0.21088695756662054
2025-06-24,58020,1,2876.0,2879.0,2025-06-24 13:37:00,2025-06-24 13:40:00,-0.0005574282287613868,-1.5227765074019906,-0.29176789602758063
2025-06-24,58020,-1,2883.5,2909.0,2025-06-24 14:01:00,2025-06-24 15:24:00,-0.010404545439734212,,
2025-06-25,58020,1,2918.5,2924.5,2025-06-25 10:00:00,2025-06-25 10:46:00,0.00045374023923475267,-4.48529923148868,-0.15467863715765962
2025-06-25,58020,1,2920.5,2916.0,2025-06-25 11:00:00,2025-06-25 13:33:00,-0.003142020351815337,-1.8133513705899884,-0.0883417514788727
2025-06-25,58020,1,2913.0,2916.0,2025-06-25 14:00:00,2025-06-25 14:10:00,-0.0005706638308859409,-1.6591490607312622,-0.14665398206345706
2025-06-25,58020,1,2913.5,2916.0,2025-06-25 14:15:00,2025-06-25 14:31:00,-0.000742293454580221,-1.5495581394939213,-0.23129069237850478
2025-06-25,58020,-1,2919.5,2916.5,2025-06-25 14:33:00,2025-06-25 14:37:00,-0.0005718984700999745,2.507690928138908,0.16751636238375667
2025-06-25,58020,1,2914.0,2916.0,2025-06-25 14:54:00,2025-06-25 14:59:00,-0.0009138936266014134,-1.503256580950316,-0.15520136155847522
2025-06-25,58020,-1,2918.0,2918.0,2025-06-25 15:11:00,2025-06-25 15:24:00,-0.0016,,
2025-06-26,58020,-1,2986.5,3038.0,2025-06-26 10:00:00,2025-06-26 15:24:00,-0.0186972709833576,,
2025-06-27,58020,-1,3124.0,3101.0,2025-06-27 10:00:00,2025-06-27 10:43:00,0.005789591859127611,6.246693691618478,0.01952956080947628
2025-06-27,58020,-1,3107.0,3112.0,2025-06-27 11:08:00,2025-06-27 14:51:00,-0.0032079759052349036,1.7824033015438683,0.2729512673013107
2025-06-27,58020,1,3109.0,3111.0,2025-06-27 15:21:00,2025-06-27 15:24:00,-0.0009569131611167846,-1.5787649647656368,-0.1259629494661319
2025-06-30,58020,1,3135.0,3144.0,2025-06-30 10:00:00,2025-06-30 10:16:00,0.001266700482076042,-2.4247136632589603,-0.04966937599049287
2025-06-30,58020,1,3132.0,3143.0,2025-06-30 10:22:00,2025-06-30 10:47:00,0.0019059796868738709,-2.6061686626200355,-0.08279904352870775
2025-06-30,58020,-1,3155.0,3143.0,2025-06-30 11:02:00,2025-06-30 11:09:00,0.002210738177745892,1.698199448536984,-0.12627935009208036
2025-06-30,58020,-1,3149.0,3144.0,2025-06-30 11:19:00,2025-06-30 12:38:00,-1.0932448072548204e-05,1.5962303762431753,-0.039624972452296146
2025-06-30,58020,1,3140.0,3143.0,2025-06-30 12:40:00,2025-06-30 12:51:00,-0.0006450421047315083,-2.0661571932414766,-0.2479940063282154
2025-06-30,58020,1,3138.0,3144.0,2025-06-30 13:00:00,2025-06-30 13:21:00,0.0003102202561192451,-1.9725796321321705,0.16233040097803922
2025-06-30,58020,1,3139.0,3098.0,2025-06-30 13:24:00,2025-06-30 15:24:00,-0.014747535865139631,,
2025-07-01,58020,-1,3105.0,3105.0,2025-07-01 10:00:00,2025-07-01 15:02:00,-0.0016,2.7393263478168945,0.07656681277985226
2025-07-01,58020,-1,3116.0,3120.0,2025-07-01 15:10:00,2025-07-01 15:24:00,-0.0028828738128891234,,
2025-07-02,58020,-1,3089.0,3054.0,2025-07-02 10:00:00,2025-07-02 12:59:00,0.009795207140003936,8.924849827000191,-0.006747218621736323
2025-07-02,58020,-1,3060.0,3060.0,2025-07-02 13:22:00,2025-07-02 15:24:00,-0.0016,,
2025-07-03,58020,-1,3064.0,3049.0,2025-07-03 10:00:00,2025-07-03 10:15:00,0.003307583872227092,2.2759862441062975,0.02089607589311621
2025-07-03,58020,1,3034.0,3044.0,2025-07-03 10:36:00,2025-07-03 11:26:00,0.0016905590730988587,-1.925873249522781,-0.2193211526868597
2025-07-03,58020,-1,3054.0,3097.0,2025-07-03 12:30:00,2025-07-03 15:24:00,-0.015581694194624992,,
2025-07-04,58020,1,3107.0,3101.0,2025-07-04 10:00:00,2025-07-04 15:24:00,-0.0035329902925984734,,
2025-07-07,58020,1,3029.0,3037.0,2025-07-07 10:00:00,2025-07-07 12:44:00,0.001037654018511485,-8.773563009031628,-0.09147975957684057
2025-07-07,58020,1,3032.0,3037.0,2025-07-07 12:59:00,2025-07-07 13:20:00,4.771828348650053e-05,-1.858408228953541,-0.1978322665678751
2025-07-07,58020,1,3033.0,3011.0,2025-07-07 13:36:00,2025-07-07 15:24:00,-0.008879979206847294,,
2025-07-08,58020,-1,3209.0,3189.0,2025-07-08 10:00:00,2025-07-08 10:40:00,0.004651974099799276,1.9984677751962698,0.2538385368220682
2025-07-08,58020,-1,3200.0,3282.0,2025-07-08 10:49:00,2025-07-08 15:24:00,-0.0269021828622183,,
2025-07-09,58020,1,3177.0,3216.0,2025-07-09 10:00:00,2025-07-09 13:31:00,0.010600996029340797,-4.912853292426173,-0.19481885536048613
2025-07-09,58020,-1,3222.0,3217.0,2025-07-09 13:54:00,2025-07-09 14:25:00,-4.6963502106632873e-05,1.527754662422297,0.00863330384675951
2025-07-09,58020,1,3212.0,3217.0,2025-07-09 14:26:00,2025-07-09 14:32:00,-4.4547827626049323e-05,-1.6336933222147314,0.010661860457778798
2025-07-09,58020,-1,3222.0,3217.0,2025-07-09 14:55:00,2025-07-09 15:01:00,-4.6963502106632873e-05,2.5345220782707445,-0.019879461875793314
2025-07-09,58020,1,3213.0,3221.0,2025-07-09 15:05:00,2025-07-09 15:24:00,0.0008867902153404312,,
2025-07-10,58020,-1,3241.0,3230.0,2025-07-10 10:17:00,2025-07-10 10:28:00,0.0017997869248451111,2.8489825182224187,-0.004966276981476611
2025-07-10,58020,1,3222.0,3226.0,2025-07-10 10:39:00,2025-07-10 12:37:00,-0.000359305051765408,-1.6256771454435064,-0.16642358099368246
2025-07-10,58020,-1,3230.0,3227.0,2025-07-10 13:10:00,2025-07-10 13:33:00,-0.0006707758352595441,1.7557029830706075,0.07102188727190109
2025-07-10,58020,-1,3230.0,3227.0,2025-07-10 13:40:00,2025-07-10 13:49:00,-0.0006707758352595441,1.6906916324964627,0.017212679330839066
2025-07-10,58020,-1,3231.0,3227.0,2025-07-10 13:53:00,2025-07-10 14:03:00,-0.0003612262274636112,2.1909071287607973,0.00013797919952415828
2025-07-10,58020,-1,3230.0,3227.0,2025-07-10 14:09:00,2025-07-10 14:11:00,-0.0006707758352595441,2.113030088005953,-0.01538433905115679
2025-07-10,58020,1,3220.0,3209.0,2025-07-10 14:13:00,2025-07-10 15:24:00,-0.005021997428597131,,
2025-07-11,58020,1,3200.0,3166.0,2025-07-11 10:01:00,2025-07-11 15:24:00,-0.012281848346860453,,
2025-07-14,58020,1,3144.0,3152.0,2025-07-14 10:13:00,2025-07-14 10:20:00,0.000941297428672548,-1.8732487589724853,-0.0009201981951803875
2025-07-14,58020,1,3145.0,3152.0,2025-07-14 10:35:00,2025-07-14 10:42:00,0.0006232818432287833,-2.0316652502139805,0.06070214247187656
2025-07-14,58020,1,3145.0,3151.0,2025-07-14 11:00:00,2025-07-14 11:26:00,0.0003059726227336221,-2.627155496978292,-0.00493545857714994
2025-07-14,58020,1,3146.0,3152.0,2025-07-14 11:28:00,2025-07-14 12:31:00,0.00030536735954653617,-1.7954549662885892,0.2824418378329323
2025-07-14,58020,1,3145.0,3150.0,2025-07-14 12:37:00,2025-07-14 12:42:00,-1.1437314862260172e-05,-1.6960263855222697,-0.2507970964752811
2025-07-14,58020,-1,3156.0,3164.0,2025-07-14 12:51:00,2025-07-14 15:24:00,-0.0041316469217797264,,
2025-07-15,58020,1,3209.0,3225.0,2025-07-15 10:00:00,2025-07-15 10:43:00,0.0033735881200159254,-2.896921104030751,-0.267209076014816
2025-07-15,58020,-1,3234.0,3228.0,2025-07-15 10:53:00,2025-07-15 11:17:00,0.00025701074721277105,1.5368756718370944,-0.0019456196145522368
2025-07-15,58020,-1,3239.0,3229.0,2025-07-15 11:29:00,2025-07-15 12:51:00,0.001492148413054053,1.5049711983266307,-0.04757565484901405
2025-07-15,58020,-1,3235.0,3270.0,2025-07-15 13:14:00,2025-07-15 15:24:00,-0.012361056956298239,,
2025-07-16,58020,-1,3262.0,3251.0,2025-07-16 10:10:00,2025-07-16 10:54:00,0.0017778628770538432,2.2284067489153223,0.03863934029992259
2025-07-16,58020,-1,3259.0,3252.0,2025-07-16 12:30:00,2025-07-16 12:33:00,0.0005502081698603464,2.7135728481915744,0.27289657757421176
2025-07-16,58020,-1,3257.0,3255.0,2025-07-16 12:36:00,2025-07-16 14:28:00,-0.000985749366436134,1.897440747919399,0.024383095186442424
2025-07-16,58020,-1,3263.0,3256.0,2025-07-16 14:34:00,2025-07-16 14:40:00,0.0005475694708896781,1.6980049824614625,0.2539966083338978
2025-07-16,58020,-1,3260.0,3255.0,2025-07-16 15:01:00,2025-07-16 15:18:00,-6.508028191629838e-05,1.9697050202990887,-0.06733356755940875
2025-07-16,58020,-1,3260.0,3261.0,2025-07-16 15:23:00,2025-07-16 15:24:00,-0.0019067014285659163,,
2025-07-17,58020,-1,3263.0,3245.0,2025-07-17 10:00:00,2025-07-17 10:43:00,0.003931667455130214,3.533499908893048,-0.23792145179673677
2025-07-17,58020,-1,3267.0,3327.0,2025-07-17 11:00:00,2025-07-17 15:24:00,-0.0197988644174066,,
2025-07-18,58020,1,3328.0,3332.0,2025-07-18 10:00:00,2025-07-18 12:30:00,-0.0003987986543658509,-1.9136635515450022,0.2873405502103058
2025-07-18,58020,1,3310.0,3325.0,2025-07-18 12:40:00,2025-07-18 14:33:00,0.0029214847188458373,-3.0327515530263165,-0.2570815636708548
2025-07-18,58020,-1,3335.0,3325.0,2025-07-18 14:42:00,2025-07-18 14:55:00,0.0014030052597695456,2.706118420875463,-0.273193010822115
2025-07-18,58020,-1,3331.0,3331.0,2025-07-18 15:24:00,2025-07-18 15:24:00,-0.0016,,
2025-07-22,58020,1,3351.0,3380.0,2025-07-22 10:00:00,2025-07-22 10:14:00,0.0070169007397540535,-5.933386396009556,-0.19026468343117908
2025-07-22,58020,1,3368.0,3381.0,2025-07-22 10:17:00,2025-07-22 11:04:00,0.002252427345668687,-1.5391462243417866,0.07517916351055091
2025-07-22,58020,1,3374.0,3381.0,2025-07-22 11:15:00,2025-07-22 11:23:00,0.00047253960197237506,-1.5570212964061911,0.1565546916084539
2025-07-22,58020,-1,3387.0,3380.0,2025-07-22 11:30:00,2025-07-22 12:30:00,0.00046886434070728925,1.6728735065882714,-0.09212491307272454
2025-07-22,58020,1,3373.0,3365.0,2025-07-22 12:34:00,2025-07-22 15:24:00,-0.003974592982822028,,
2025-07-23,58020,1,3453.0,3469.0,2025-07-23 10:00:00,2025-07-23 12:48:00,0.003022949579757366,-3.141035845410749,-0.2736321480379834
2025-07-23,58020,1,3461.0,3471.0,2025-07-23 13:11:00,2025-07-23 13:50:00,0.0012851722264420526,-2.00811918343613,0.11547008203934905
2025-07-23,58020,-1,3482.0,3472.0,2025-07-23 14:14:00,2025-07-23 15:01:00,0.0012760445478935732,2.3811157257872804,0.17239529300196255
2025-07-23,58020,1,3461.0,3465.0,2025-07-23 15:15:00,2025-07-23 15:24:00,-0.00044493201134071904,,
2025-07-24,58020,-1,3566.0,3563.0,2025-07-24 10:04:00,2025-07-24 12:46:00,-0.0007583671827502964,1.7273003643826645,0.1034686016637173
2025-07-24,58020,1,3557.0,3562.0,2025-07-24 13:28:00,2025-07-24 13:30:00,-0.00019530809884813968,-1.815354994949313,-0.036483218655040416
2025-07-24,58020,1,3557.0,3562.0,2025-07-24 13:40:00,2025-07-24 13:44:00,-0.00019530809884813968,-2.185897932828801,-0.01344250303471021
2025-07-24,58020,-1,3567.0,3564.0,2025-07-24 14:01:00,2025-07-24 14:33:00,-0.0007586032318084207,1.5683229151899853,0.14312057529400296
2025-07-24,58020,-1,3573.0,3583.0,2025-07-24 14:38:00,2025-07-24 15:24:00,-0.004394859281544005,,
2025-07-25,58020,-1,3563.0,3555.0,2025-07-25 10:09:00,2025-07-25 10:14:00,0.0006478233684948165,1.612396786671739,-0.29128215250121936
2025-07-25,58020,-1,3562.0,3556.0,2025-07-25 10:41:00,2025-07-25 10:49:00,8.586721581179584e-05,2.110836061364431,-0.1283910001912522
2025-07-25,58020,-1,3563.0,3557.0,2025-07-25 10:55:00,2025-07-25 12:30:00,8.539365738089192e-05,1.6782116246500038,-0.07334701423126994
2025-07-25,58020,1,3544.0,3556.0,2025-07-25 12:49:00,2025-07-25 13:59:00,0.001780284908823691,-1.6864893506561376,0.02362278830682272
2025-07-25,58020,1,3554.0,3556.0,2025-07-25 14:22:00,2025-07-25 14:27:00,-0.001037412080801348,-1.6094968328680572,0.08175162208792867
2025-07-25,58020,1,3553.0,3556.0,2025-07-25 14:29:00,2025-07-25 14:36:00,-0.0007559993872318373,-1.945044734290486,0.09618838596595815
2025-07-25,58020,1,3553.0,3539.0,2025-07-25 14:41:00,2025-07-25 15:24:00,-0.005548115675563679,,
2025-07-28,58020,-1,3564.0,3550.0,2025-07-28 10:09:00,2025-07-28 10:14:00,0.0023359061212384867,3.936343348270708,-0.05757846954163416
2025-07-28,58020,-1,3557.0,3551.0,2025-07-28 10:39:00,2025-07-28 10:52:00,8.823900536731222e-05,2.1377994138108387,0.255331045454398
2025-07-28,58020,-1,3557.0,3551.0,2025-07-28 10:56:00,2025-07-28 11:07:00,8.823900536731222e-05,2.8129672642114496,0.23425382658820826
2025-07-28,58020,1,3544.0,3509.0,2025-07-28 11:16:00,2025-07-28 15:24:00,-0.0115249361417565,,
2025-07-29,58020,1,3484.0,3491.0,2025-07-29 10:05:00,2025-07-29 10:12:00,0.00040716913264255187,-2.345677627524475,0.11405078118527828
2025-07-29,58020,1,3485.0,3484.0,2025-07-29 10:31:00,2025-07-29 12:39:00,-0.0018869852222308053,-1.539271835407968,-0.16686188555489578
2025-07-29,58020,-1,3494.0,3487.0,2025-07-29 13:01:00,2025-07-29 14:14:00,0.00040544401835071486,2.1473956226060036,-0.22370899967305174
2025-07-29,58020,-1,3492.0,3488.0,2025-07-29 14:19:00,2025-07-29 14:33:00,-0.0004538680693774279,1.5266680640622332,0.07081272766538625
2025-07-29,58020,-1,3493.0,3506.0,2025-07-29 14:49:00,2025-07-29 15:24:00,-0.005314820674347889,,
2025-07-30,58020,-1,3635.0,3618.0,2025-07-30 10:06:00,2025-07-30 13:02:00,0.0030877240123793155,1.5853143221221377,-0.1096099449781915
2025-07-30,58020,-1,3624.0,3620.0,2025-07-30 13:33:00,2025-07-30 13:49:00,-0.0004956376569467862,1.8621075573649222,0.18758490735297498
2025-07-30,58020,1,3607.0,3620.0,2025-07-30 13:57:00,2025-07-30 14:05:00,0.0019976239162777625,-2.5041116472161904,0.1245602427160279
2025-07-30,58020,-1,3634.0,3621.0,2025-07-30 14:09:00,2025-07-30 14:55:00,0.0019837391904753395,2.342894380112503,0.23472437365750942
2025-07-30,58020,1,3608.0,3620.0,2025-07-30 15:00:00,2025-07-30 15:24:00,0.0017204236373025473,-2.0029768877919327,0.12815436743575892
2025-07-31,58020,-1,3698.0,3669.0,2025-07-31 10:00:00,2025-07-31 10:32:00,0.006272987591788091,3.969287757348079,-0.03517288399172659
2025-07-31,58020,-1,3682.0,3676.0,2025-07-31 10:42:00,2025-07-31 12:46:00,3.087831744546339e-05,2.2813776713884173,0.14825832564205918
2025-07-31,58020,-1,3693.0,3677.0,2025-07-31 12:53:00,2025-07-31 13:27:00,0.002741933551291185,1.9040531110265935,0.2237988375801314
2025-07-31,58020,-1,3684.0,3755.0,2025-07-31 13:42:00,2025-07-31 15:24:00,-0.020689166823037557,,
2025-08-01,58020,1,3761.0,3791.0,2025-08-01 10:14:00,2025-08-01 10:33:00,0.006344957045998411,-2.0134419296287867,0.24435296268955886
2025-08-01,58020,-1,3803.0,3798.0,2025-08-01 11:00:00,2025-08-01 12:57:00,-0.000284383443971518,1.7135824640687534,0.2872055339962942
2025-08-01,58020,-1,3807.0,3796.0,2025-08-01 13:02:00,2025-08-01 13:44:00,0.0012935966526789096,1.6416384364307763,-0.05701317118440124
2025-08-01,58020,1,3783.0,3743.0,2025-08-01 13:45:00,2025-08-01 15:24:00,-0.012229916728600245,,
2025-08-04,58020,-1,3637.0,3745.0,2025-08-04 10:00:00,2025-08-04 15:24:00,-0.030862450964330802,,
2025-08-05,58020,-1,3842.0,3916.0,2025-08-05 10:05:00,2025-08-05 15:24:00,-0.020677660321899112,,
2025-08-06,58020,-1,3938.0,3979.0,2025-08-06 10:00:00,2025-08-06 15:24:00,-0.01195755122785788,,
2025-08-07,58020,1,3951.0,3973.0,2025-08-07 10:23:00,2025-08-07 10:32:00,0.003952765403208106,-2.30686755751979,-0.11794346321828184
2025-08-07,58020,1,3961.0,3956.0,2025-08-07 10:45:00,2025-08-07 14:14:00,-0.0028631048793138925,-1.7838238097770625,-0.07536089432240127
2025-08-07,58020,-1,3981.0,3962.0,2025-08-07 14:41:00,2025-08-07 14:48:00,0.003184095741820969,1.9451254551871557,0.28999799041067775
2025-08-07,58020,-1,3973.0,3973.0,2025-08-07 15:00:00,2025-08-07 15:24:00,-0.0016,,
2025-08-08,58020,-1,3968.0,3953.0,2025-08-08 10:00:00,2025-08-08 10:11:00,0.002187405108077905,2.599350513141285,-0.1459928223317483
2025-08-08,58020,-1,3966.0,3954.0,2025-08-08 10:22:00,2025-08-08 10:27:00,0.0014303053491790962,2.461393914228618,-0.140168730471945
2025-08-08,58020,-1,3961.0,3955.0,2025-08-08 10:30:00,2025-08-08 10:39:00,-8.408257983760488e-05,1.5788658138934983,0.04578982342786393
2025-08-08,58020,1,3946.0,3951.0,2025-08-08 10:43:00,2025-08-08 11:14:00,-0.0003336961711699303,-1.9033427720273948,-0.2999470352056811
2025-08-08,58020,1,3944.0,3957.0,2025-08-08 11:28:00,2025-08-08 13:13:00,0.0016907256628983112,-1.6685073240835215,0.26799889680678257
2025-08-08,58020,1,3944.0,3923.0,2025-08-08 13:49:00,2025-08-08 15:24:00,-0.0069387695129734875,,
2025-08-12,58020,1,3985.0,3958.0,2025-08-12 10:23:00,2025-08-12 15:24:00,-0.008398465061804332,,
2025-08-13,58020,-1,3984.0,4018.0,2025-08-13 10:00:00,2025-08-13 15:24:00,-0.010097926670390977,,
2025-08-14,58020,1,3940.0,3946.0,2025-08-14 10:00:00,2025-08-14 10:11:00,-7.831570941885138e-05,-1.5634581777318335,-0.25657781553787756
2025-08-14,58020,1,3936.0,3945.0,2025-08-14 10:21:00,2025-08-14 10:33:00,0.0006839751078304937,-1.9264852065506104,-0.2671206927821354
2025-08-14,58020,1,3936.0,3927.0,2025-08-14 10:38:00,2025-08-14 15:24:00,-0.0038892035941344516,,
2025-08-15,58020,-1,3961.0,3949.0,2025-08-15 10:00:00,2025-08-15 10:04:00,0.0014341363352672243,1.7386173530906037,0.2800294481747698
2025-08-15,58020,-1,3958.0,4040.0,2025-08-15 10:35:00,2025-08-15 15:24:00,-0.022105844792684667,,
2025-08-18,58020,-1,4049.0,4058.0,2025-08-18 10:07:00,2025-08-18 13:15:00,-0.0038203043535990147,1.5002605071228776,0.1342425212434682
2025-08-18,58020,-1,4065.0,4058.0,2025-08-18 13:22:00,2025-08-18 14:01:00,0.0001235015961508904,2.4655317444626017,0.09702572611991682
2025-08-18,58020,-1,4062.0,4058.0,2025-08-18 14:06:00,2025-08-18 14:25:00,-0.0006147782454300635,2.3467675858810155,0.01591425665720293
2025-08-18,58020,-1,4064.0,4039.0,2025-08-18 14:56:00,2025-08-18 15:24:00,0.004570573694904999,,
2025-08-19,58020,1,3938.0,3982.0,2025-08-19 10:00:00,2025-08-19 10:26:00,0.009511225425070848,-3.545036337406792,0.0013406032622738197
2025-08-19,58020,-1,3991.0,3982.0,2025-08-19 10:52:00,2025-08-19 12:42:00,0.0006576204245923331,1.6893530692159389,-0.0673003928969582
2025-08-19,58020,1,3972.0,3981.0,2025-08-19 12:54:00,2025-08-19 13:19:00,0.0006632978352540538,-2.1534234723642833,-0.29750628088943853
2025-08-19,58020,1,3975.0,3982.0,2025-08-19 13:34:00,2025-08-19 13:40:00,0.00015945753570923652,-1.8591398863353836,0.10735661418992577
2025-08-19,58020,-1,3986.0,3981.0,2025-08-19 13:50:00,2025-08-19 13:55:00,-0.00034482222757721646,1.636983776903215,-0.2732428158693038
2025-08-19,58020,-1,3987.0,3982.0,2025-08-19 14:01:00,2025-08-19 14:38:00,-0.00034513724278656117,1.689297499486433,-0.02911073620116648
2025-08-19,58020,1,3979.0,3956.0,2025-08-19 14:44:00,2025-08-19 15:24:00,-0.007397117684325958,,
2025-08-20,58020,1,3847.0,3867.0,2025-08-20 10:00:00,2025-08-20 10:05:00,0.003585388855002064,-4.132099004293894,-0.243504360679303
2025-08-20,58020,1,3857.0,3868.0,2025-08-20 10:30:00,2025-08-20 10:59:00,0.0012478983649571198,-1.876597778568365,-0.21797734995705678
2025-08-20,58020,-1,3879.0,3870.0,2025-08-20 11:11:00,2025-08-20 12:37:00,0.0007228814161396385,2.0150308832871304,-0.05873525725551776
2025-08-20,58020,1,3860.0,3870.0,2025-08-20 12:47:00,2025-08-20 14:02:00,0.0009873235649509539,-2.244980663067379,0.11623824896020166
2025-08-20,58020,-1,3873.0,3870.0,2025-08-20 14:05:00,2025-08-20 14:09:00,-0.0008251065090753123,1.9896282580318725,0.10925476869308147
2025-08-20,58020,-1,3873.0,3871.0,2025-08-20 14:21:00,2025-08-20 15:24:00,-0.001083471062895922,1.6986270223867104,0.05180924509776296
2025-08-21,58020,1,3879.0,3895.0,2025-08-21 10:00:00,2025-08-21 10:30:00,0.002516290864881493,-4.78386337239217,0.16000951910679984
2025-08-21,58020,-1,3909.0,3897.0,2025-08-21 10:48:00,2025-08-21 12:59:00,0.0014745604542455721,1.6658150758840533,-0.20647645275847867
2025-08-21,58020,-1,3904.0,3920.0,2025-08-21 13:15:00,2025-08-21 15:24:00,-0.005689985251525066,,
2025-08-22,58020,1,3948.0,3956.0,2025-08-22 10:00:00,2025-08-22 10:30:00,0.000424292189230439,-2.181510133992949,-0.17181202860922865
2025-08-22,58020,-1,3962.0,3958.0,2025-08-22 11:08:00,2025-08-22 11:11:00,-0.0005898989040148061,1.8951849937421124,0.24382147207075336
2025-08-22,58020,-1,3963.0,3962.0,2025-08-22 11:13:00,2025-08-22 12:31:00,-0.0013476340680611848,2.247267265426867,0.2944912064689372
2025-08-22,58020,-1,3969.0,3992.0,2025-08-22 12:54:00,2025-08-22 15:24:00,-0.007378184648289257,,
2025-08-25,58020,1,4083.0,4058.0,2025-08-25 10:09:00,2025-08-25 15:24:00,-0.007741770933815701,,
2025-08-26,58020,1,4021.0,4041.0,2025-08-26 10:00:00,2025-08-26 10:11:00,0.0033615581811995794,-2.164648458156648,-0.1999301694618219
2025-08-26,58020,1,4033.0,4028.0,2025-08-26 10:26:00,2025-08-26 14:08:00,-0.002840541034915176,-1.766555909688216,-0.18740102956428387
2025-08-26,58020,1,4022.0,4029.0,2025-08-26 14:15:00,2025-08-26 14:25:00,0.00013891485874980864,-1.601122183287496,0.13265075869251208
2025-08-26,58020,-1,4040.0,4029.0,2025-08-26 14:30:00,2025-08-26 15:16:00,0.0011264857638484903,2.129539117763361,-0.2053093499116207
2025-08-27,58020,-1,4049.0,4039.0,2025-08-27 10:12:00,2025-08-27 10:44:00,0.0008728004687482262,1.8324293647240302,0.17204421144728826
2025-08-27,58020,-1,4045.0,4038.0,2025-08-27 11:07:00,2025-08-27 11:14:00,0.0001320306198093037,1.7778839357023681,0.012600038047945458
2025-08-27,58020,-1,4043.0,4041.0,2025-08-27 11:15:00,2025-08-27 13:44:00,-0.0011051954377028022,1.518519092957205,0.2619765353953801
2025-08-27,58020,1,4037.0,4040.0,2025-08-27 14:02:00,2025-08-27 14:05:00,-0.0008571498977449804,-1.5928512132517052,-0.1340079622836318
2025-08-27,58020,1,4035.0,4040.0,2025-08-27 14:09:00,2025-08-27 14:27:00,-0.0003616097488533777,-2.5587111642027565,-0.015771728132108583
2025-08-27,58020,-1,4043.0,4040.0,2025-08-27 14:55:00,2025-08-27 14:58:00,-0.0008577013144249337,1.80798275450717,-0.15369191771513907
2025-08-27,58020,-1,4044.0,4059.0,2025-08-27 15:00:00,2025-08-27 15:24:00,-0.005302336698535741,,
2025-08-28,58020,-1,4085.0,4123.0,2025-08-28 10:00:00,2025-08-28 15:24:00,-0.010859325412796727,,
2025-08-29,58020,-1,4155.0,4221.0,2025-08-29 10:25:00,2025-08-29 15:24:00,-0.017359638492950188,,
2025-09-01,58020,-1,4076.0,4068.0,2025-09-01 10:05:00,2025-09-01 10:19:00,0.0003646371741648543,1.5144329948326922,0.06681996108464258
2025-09-01,58020,1,4050.0,4066.0,2025-09-01 10:40:00,2025-09-01 10:46:00,0.0023428340877070216,-3.1153915089331736,-0.21956683461294738
2025-09-01,58020,1,4058.0,4058.0,2025-09-01 10:48:00,2025-09-01 13:00:00,-0.0016,-1.6391553159669143,-0.22295269328182327
2025-09-01,58020,-1,4068.0,4061.0,2025-09-01 13:24:00,2025-09-01 13:42:00,0.00012222948215273957,1.5269577807064112,0.21058574629486693
2025-09-01,58020,-1,4065.0,4086.0,2025-09-01 13:57:00,2025-09-01 15:24:00,-0.006752753395656332,,
2025-09-02,58020,-1,4084.0,4057.0,2025-09-02 10:00:00,2025-09-02 12:59:00,0.0050331160781089575,2.6081329093470003,-0.18833089362304412
2025-09-02,58020,1,4041.0,4055.0,2025-09-02 13:18:00,2025-09-02 14:48:00,0.0018585014710396565,-1.5132213446592535,0.2157707938452452
2025-09-02,58020,1,4047.0,4041.0,2025-09-02 15:10:00,2025-09-02 15:24:00,-0.0030836797973919122,,
2025-09-03,58020,-1,4136.0,4141.0,2025-09-03 10:02:00,2025-09-03 13:31:00,-0.002808167357302098,1.7033570188180236,-0.24241647896418345
2025-09-03,58020,1,4128.0,4140.0,2025-09-03 13:42:00,2025-09-03 13:47:00,0.00130275965796141,-1.9904653066187914,-0.20154717800603603
2025-09-03,58020,1,4130.0,4088.0,2025-09-03 13:52:00,2025-09-03 15:24:00,-0.011821554071538029,,
2025-09-04,58020,-1,4163.0,4147.0,2025-09-04 10:00:00,2025-09-04 10:20:00,0.0022507869485941644,3.1828243806012537,0.20836738093661542
2025-09-04,58020,1,4139.0,4092.0,2025-09-04 10:47:00,2025-09-04 15:24:00,-0.013020364677215275,,
2025-09-05,58020,1,4160.0,4133.0,2025-09-05 10:02:00,2025-09-05 15:24:00,-0.008111538743576641,,
2025-09-08,58020,1,4163.0,4171.0,2025-09-08 10:04:00,2025-09-08 10:12:00,0.00031984700196988004,-1.6801762951743813,-0.12968015745679032
2025-09-08,58020,-1,4179.0,4178.0,2025-09-08 10:26:00,2025-09-08 11:18:00,-0.0013606796685957292,1.9128949216958808,0.10463871306075337
2025-09-08,58020,-1,4186.0,4180.0,2025-09-08 11:26:00,2025-09-08 13:20:00,-0.00016562251285700473,1.8469958578677494,0.12439256040282108
2025-09-08,58020,-1,4185.0,4229.0,2025-09-08 13:30:00,2025-09-08 15:24:00,-0.012058854548912824,,
2025-09-09,58020,1,4181.0,4124.0,2025-09-09 10:00:00,2025-09-09 15:24:00,-0.015326886219714418,,
2025-09-10,58020,-1,4218.0,4202.0,2025-09-10 10:00:00,2025-09-10 10:22:00,0.0022004796337741573,2.087686309784085,-0.19773984435730796
2025-09-10,58020,-1,4222.0,4283.0,2025-09-10 10:36:00,2025-09-10 15:24:00,-0.015944749207104963,,
2025-09-11,58020,-1,4277.0,4257.0,2025-09-11 10:00:00,2025-09-11 10:12:00,0.0030871423987563302,1.6925306318695534,-0.2614678100640449
2025-09-11,58020,1,4238.0,4252.0,2025-09-11 10:14:00,2025-09-11 10:43:00,0.0016980006335940974,-1.903573298691416,-0.27235476046714463
2025-09-11,58020,-1,4264.0,4239.0,2025-09-11 11:12:00,2025-09-11 15:00:00,0.004280294493043307,1.6633974125703717,-0.21043760981356538
2025-09-12,58020,1,4251.0,4191.0,2025-09-12 10:12:00,2025-09-12 15:24:00,-0.01581488043371862,,
2025-09-16,58020,1,4192.0,4207.0,2025-09-16 10:00:00,2025-09-16 10:14:00,0.0019718575896427613,-2.5242585499621946,0.12038325816514799
2025-09-16,58020,-1,4217.0,4209.0,2025-09-16 10:21:00,2025-09-16 10:29:00,0.0002988849759891785,1.9651628471214175,0.19625097659436344
2025-09-16,58020,-1,4216.0,4261.0,2025-09-16 10:50:00,2025-09-16 15:24:00,-0.012217063278713842,,
2025-09-17,58020,1,4204.0,4210.0,2025-09-17 10:28:00,2025-09-17 10:44:00,-0.00017380532041470081,-1.991375947977272,-0.23500693965913289
2025-09-17,58020,-1,4222.0,4211.0,2025-09-17 11:02:00,2025-09-17 11:16:00,0.001008800246338172,1.6067138246495603,-0.20568415748487784
2025-09-17,58020,1,4206.0,4210.0,2025-09-17 11:17:00,2025-09-17 11:25:00,-0.0006494295862179707,-1.564231883799231,-0.22903453813012206
2025-09-17,58020,1,4206.0,4161.0,2025-09-17 12:50:00,2025-09-17 15:24:00,-0.012356647279703861,,
2025-09-18,58020,-1,4144.0,4223.0,2025-09-18 10:00:00,2025-09-18 15:24:00,-0.02048427099462451,,
2025-09-19,58020,1,4205.0,4217.0,2025-09-19 10:02:00,2025-09-19 10:42:00,0.0012496813395115288,-2.5510575632597194,-0.26864387636649917
2025-09-19,58020,-1,4235.0,4221.0,2025-09-19 11:03:00,2025-09-19 12:53:00,0.0017112613036560315,1.780888639769691,-0.11100372715493824
2025-09-19,58020,1,4203.0,4170.0,2025-09-19 12:56:00,2025-09-19 15:24:00,-0.009482520212269585,,
2025-09-22,58020,-1,4229.0,4215.0,2025-09-22 10:06:00,2025-09-22 10:30:00,0.001715967036532709,1.7096733817563663,0.29574863470973745
2025-09-22,58020,-1,4220.0,4215.0,2025-09-22 10:32:00,2025-09-22 10:44:00,-0.00041446340589830206,1.598055994470542,0.22699951096837281
2025-09-22,58020,-1,4222.0,4215.0,2025-09-22 10:45:00,2025-09-22 11:00:00,5.9357972310044227e-05,2.604413684551845,0.09731564713208697
2025-09-22,58020,1,4208.0,4147.0,2025-09-22 11:05:00,2025-09-22 15:24:00,-0.016202294171164502,,
2025-09-24,58020,-1,4186.0,4222.0,2025-09-24 10:00:00,2025-09-24 15:24:00,-0.01016332540232081,,
2025-09-25,58020,-1,4297.0,4284.0,2025-09-25 10:00:00,2025-09-25 11:10:00,0.0014299522073556905,2.4528158438480805,-0.21915806031114943
2025-09-25,58020,1,4281.0,4287.0,2025-09-25 12:39:00,2025-09-25 12:40:00,-0.00019943954696898013,-1.681212511728591,0.264130324620378
2025-09-25,58020,1,4283.0,4286.0,2025-09-25 12:55:00,2025-09-25 12:56:00,-0.0008998015818486971,-1.6012188593490528,-0.10077804502165343
2025-09-25,58020,1,4283.0,4286.0,2025-09-25 12:58:00,2025-09-25 13:14:00,-0.0008998015818486971,-1.5931888002081307,-0.026264885332958534
2025-09-25,58020,1,4283.0,4284.0,2025-09-25 13:34:00,2025-09-25 15:13:00,-0.0013665460477315327,-1.8160697518635431,-0.07482975794462843
2025-09-26,58020,1,4275.0,4271.0,2025-09-26 10:00:00,2025-09-26 15:24:00,-0.0025361105293941135,,
2025-09-29,58020,-1,4216.0,4211.0,2025-09-29 10:08:00,2025-09-29 12:36:00,-0.00041333794072948775,1.6207830067554538,-0.2879331810844458
2025-09-29,58020,-1,4224.0,4240.0,2025-09-29 12:51:00,2025-09-29 15:24:00,-0.0053807228399061525,,
2025-09-30,58020,-1,4221.0,4209.0,2025-09-30 10:21:00,2025-09-30 10:32:00,0.0012469770119281512,1.8812088999482603,0.19425830254716067
2025-09-30,58020,-1,4218.0,4217.0,2025-09-30 10:45:00,2025-09-30 13:21:00,-0.0013628927078399636,2.154503983685891,0.05315542291740038
2025-09-30,58020,-1,4229.0,4219.0,2025-09-30 13:33:00,2025-09-30 15:04:00,0.0007674253481499275,1.9497748290780585,-0.04188164784509315
2025-09-30,58020,-1,4226.0,4235.0,2025-09-30 15:22:00,2025-09-30 15:24:00,-0.00372740891015286,,
2025-10-01,58020,-1,4154.0,4143.0,2025-10-01 10:01:00,2025-10-01 10:10:00,0.0010515623586558342,2.3934497171925773,-0.11116774704976613
2025-10-01,58020,1,4126.0,4130.0,2025-10-01 10:22:00,2025-10-01 13:17:00,-0.0006310076761187432,-1.696306751822894,-0.060787293160317175
2025-10-01,58020,1,4125.0,4131.0,2025-10-01 13:40:00,2025-10-01 13:43:00,-0.00014651137201690144,-1.8306571580492907,0.20492260501002516
2025-10-01,58020,1,4124.0,4131.0,2025-10-01 14:00:00,2025-10-01 14:11:00,9.594225991401773e-05,-2.1196183188150832,0.2934243960227291
2025-10-01,58020,-1,4134.0,4130.0,2025-10-01 14:25:00,2025-10-01 14:30:00,-0.0006319457133648177,1.6819910311398605,-0.09360705685353826
2025-10-01,58020,-1,4136.0,4131.0,2025-10-01 14:34:00,2025-10-01 14:35:00,-0.0003903712084994651,2.125366635127476,0.263162806910449
2025-10-01,58020,-1,4135.0,4130.0,2025-10-01 14:38:00,2025-10-01 14:58:00,-0.0003900784972868019,1.7839736159018547,-0.24570494524263448
2025-10-01,58020,1,4125.0,4130.0,2025-10-01 15:00:00,2025-10-01 15:08:00,-0.0003886128137029119,-1.8777793394981315,-0.10559840950399092
2025-10-02,58020,1,4188.0,4202.0,2025-10-02 10:00:00,2025-10-02 12:59:00,0.0017373094145182093,-3.2729144719504166,-0.13423857257531358
2025-10-02,58020,-1,4213.0,4199.0,2025-10-02 13:25:00,2025-10-02 15:24:00,0.001728581294823244,,
2025-10-03,58020,-1,4190.0,4165.0,2025-10-03 10:00:00,2025-10-03 12:34:00,0.004384458315240307,2.218138336820191,-0.08308608728984725
2025-10-03,58020,1,4159.0,4165.0,2025-10-03 12:58:00,2025-10-03 13:12:00,-0.0001583851419686671,-1.5107287175728803,-0.009580143012174459
2025-10-03,58020,-1,4171.0,4165.0,2025-10-03 13:27:00,2025-10-03 13:46:00,-0.00016046040399784784,1.5673477673515217,-0.08632732240399194
2025-10-03,58020,-1,4172.0,4195.0,2025-10-03 14:02:00,2025-10-03 15:24:00,-0.007097802780643569,,
2025-10-06,58020,1,4287.0,4334.0,2025-10-06 10:00:00,2025-10-06 12:59:00,0.009303715498327238,-8.79327209691593,0.07419228113934005
2025-10-06,58020,1,4320.0,4331.0,2025-10-06 13:03:00,2025-10-06 13:08:00,0.0009430599764707018,-1.7659884641399368,-0.23586307551187255
2025-10-06,58020,1,4321.0,4333.0,2025-10-06 13:24:00,2025-10-06 13:31:00,0.0011732858079762582,-1.623893733129153,-0.02405480035431158
2025-10-06,58020,-1,4343.0,4336.0,2025-10-06 13:56:00,2025-10-06 15:00:00,1.3089415339732858e-05,1.8969266890187952,0.17901096458879553
2025-10-06,58020,-1,4347.0,4346.0,2025-10-06 15:09:00,2025-10-06 15:24:00,-0.0013699298275828605,,
2025-10-07,58020,-1,4531.0,4554.0,2025-10-07 10:00:00,2025-10-07 14:03:00,-0.006663301956546634,2.5242961711947416,0.24466304950767892
2025-10-07,58020,1,4529.0,4475.0,2025-10-07 14:27:00,2025-10-07 15:24:00,-0.013594812847258077,,
2025-10-08,58020,-1,4509.0,4514.0,2025-10-08 10:00:00,2025-10-08 13:38:00,-0.002708278956396924,1.5431688612915635,0.1695756032330097
2025-10-08,58020,-1,4520.0,4531.0,2025-10-08 14:01:00,2025-10-08 15:24:00,-0.004030671840861436,,
2025-10-09,58020,-1,4648.0,4630.0,2025-10-09 10:00:00,2025-10-09 10:05:00,0.002280151451467367,2.239436961741962,0.0626535137012146
2025-10-09,58020,1,4614.0,4630.0,2025-10-09 10:18:00,2025-10-09 10:28:00,0.0018617083465807978,-1.710280424779645,0.07225868871303383
2025-10-09,58020,1,4616.0,4618.0,2025-10-09 10:39:00,2025-10-09 15:05:00,-0.001166818273494716,-1.5286786256798925,0.004771413937872018
2025-10-09,58020,-1,4630.0,4630.0,2025-10-09 15:24:00,2025-10-09 15:24:00,-0.0016,,
2025-10-10,58020,1,4547.0,4564.0,2025-10-10 10:07:00,2025-10-10 10:18:00,0.0021317571569557025,-1.6848155306419024,-0.10472803143440979
2025-10-10,58020,1,4557.0,4559.0,2025-10-10 10:21:00,2025-10-10 11:25:00,-0.0011612110504410666,-1.559716144056271,-0.2651846282800337
2025-10-10,58020,1,4542.0,4556.0,2025-10-10 12:30:00,2025-10-10 13:07:00,0.0014776019015689046,-1.748362288947328,-0.18846962876075513
2025-10-10,58020,1,4542.0,4555.0,2025-10-10 13:23:00,2025-10-10 13:37:00,0.0012580870285548152,-2.1733719952833384,0.020133577078775226
2025-10-10,58020,1,4537.0,4553.0,2025-10-10 13:57:00,2025-10-10 14:36:00,0.0019203556708182465,-1.8385492552948732,-0.13914490569276688
2025-10-10,58020,-1,4563.0,4553.0,2025-10-10 14:47:00,2025-10-10 15:21:00,0.0005939455926204853,1.515408993050761,-0.2885724145616731
2025-10-14,58020,1,4416.0,4449.0,2025-10-14 10:00:00,2025-10-14 10:54:00,0.005845042849110567,-2.1425927004261998,-0.2898127882291606
2025-10-14,58020,1,4431.0,4332.0,2025-10-14 11:01:00,2025-10-14 15:24:00,-0.02419596307860824,,
2025-10-15,58020,-1,4375.0,4455.0,2025-10-15 10:00:00,2025-10-15 15:24:00,-0.019720541113194837,,
2025-10-16,58020,-1,4537.0,4526.0,2025-10-16 10:02:00,2025-10-16 10:07:00,0.0008274534704812012,1.6376116010494282,-0.041408571112972664
2025-10-16,58020,1,4512.0,4504.0,2025-10-16 10:12:00,2025-10-16 13:56:00,-0.0033746233583684896,-2.0699597310729345,-0.009028200153069495
2025-10-16,58020,1,4495.0,4503.0,2025-10-16 14:16:00,2025-10-16 14:34:00,0.00017817339585098698,-1.6049757192836025,-0.17594478993462528
2025-10-16,58020,-1,4511.0,4540.0,2025-10-16 14:51:00,2025-10-16 15:24:00,-0.008008153626997683,,
2025-10-17,58020,1,4439.0,4446.0,2025-10-17 10:01:00,2025-10-17 10:02:00,-2.431030989336817e-05,-2.0813229069713413,0.16344593703888444
2025-10-17,58020,-1,4453.0,4455.0,2025-10-17 10:04:00,2025-10-17 10:50:00,-0.0020490345832073374,1.5941640937459038,0.13686786810007473
2025-10-17,58020,1,4429.0,4450.0,2025-10-17 11:10:00,2025-10-17 12:31:00,0.003130271237087608,-1.5584261457327346,-0.16856268885964507
2025-10-17,58020,1,4441.0,4447.0,2025-10-17 12:35:00,2025-10-17 13:15:00,-0.0002498647814058645,-1.5222880972370432,-0.013032671378087992
2025-10-17,58020,-1,4458.0,4448.0,2025-10-17 13:35:00,2025-10-17 14:19:00,0.000645678015395899,1.9020488620755096,0.051044236258751104
2025-10-17,58020,-1,4458.0,4448.0,2025-10-17 14:22:00,2025-10-17 14:33:00,0.000645678015395899,2.444299672312114,0.016671995618201017
2025-10-17,58020,-1,4453.0,4453.0,2025-10-17 15:03:00,2025-10-17 15:24:00,-0.0016,,
2025-10-20,58020,-1,4493.0,4567.0,2025-10-20 10:00:00,2025-10-20 15:24:00,-0.01793590411483893,,
2025-10-21,58020,1,4570.0,4572.0,2025-10-21 10:04:00,2025-10-21 10:41:00,-0.001162458973549071,-2.0655316185222983,-0.28790060471523965
2025-10-21,58020,-1,4580.0,4575.0,2025-10-21 11:09:00,2025-10-21 11:13:00,-0.0005077006013910728,1.8640480654765759,0.17142868609229753
2025-10-21,58020,1,4571.0,4575.0,2025-10-21 11:30:00,2025-10-21 12:30:00,-0.0007253006221226728,-2.0711822749233373,0.22547104974284776
2025-10-21,58020,-1,4579.0,4575.0,2025-10-21 12:32:00,2025-10-21 12:36:00,-0.0007260650525262488,2.370205349019249,0.1676502229496848
2025-10-21,58020,1,4566.0,4529.0,2025-10-21 12:37:00,2025-10-21 15:24:00,-0.009736383533526951,,
2025-10-22,58020,1,4423.0,4446.0,2025-10-22 10:00:00,2025-10-22 12:39:00,0.003586616655815102,-4.06754458182405,-0.27359766935939034
2025-10-22,58020,-1,4457.0,4494.0,2025-10-22 12:45:00,2025-10-22 15:24:00,-0.009867279798718633,,
2025-10-23,58020,-1,4510.0,4488.0,2025-10-23 10:00:00,2025-10-23 13:35:00,0.003289985294191792,6.129063456890417,0.10577156551950134
2025-10-23,58020,1,4482.0,4488.0,2025-10-23 13:42:00,2025-10-23 13:47:00,-0.00026220715834004656,-1.7084711196499773,0.17582219171171065
2025-10-23,58020,-1,4494.0,4487.0,2025-10-23 13:51:00,2025-10-23 14:01:00,-4.1153230708921304e-05,2.0502960349208594,-0.16640669898579377
2025-10-23,58020,1,4481.0,4487.0,2025-10-23 14:04:00,2025-10-23 14:17:00,-0.00026190881015979075,-1.9419614735321045,-0.07211964073739684
2025-10-23,58020,-1,4495.0,4527.0,2025-10-23 14:20:00,2025-10-23 15:24:00,-0.008693800530237899,,
2025-10-24,58020,-1,4577.0,4611.0,2025-10-24 10:12:00,2025-10-24 15:24:00,-0.00900099155306345,,
2025-10-27,58020,1,4687.0,4722.0,2025-10-27 10:00:00,2025-10-27 12:34:00,0.005839719722752132,-2.2484267426266866,-0.07512027766489975
2025-10-27,58020,1,4703.0,4722.0,2025-10-27 12:44:00,2025-10-27 12:58:00,0.0024318357004103367,-1.8880783537679522,0.04596773182691373
2025-10-27,58020,1,4712.0,4721.0,2025-10-27 13:07:00,2025-10-27 13:26:00,0.00030819521486411265,-1.8152985107206743,-0.08963824795131373
2025-10-27,58020,-1,4725.0,4768.0,2025-10-27 13:56:00,2025-10-27 15:24:00,-0.010659368817342514,,
2025-10-28,58020,-1,4869.0,4837.0,2025-10-28 10:00:00,2025-10-28 10:28:00,0.004993883359717662,3.73593733142412,-0.290342783276193
2025-10-28,58020,-1,4864.0,4844.0,2025-10-28 10:41:00,2025-10-28 10:46:00,0.0025203189730200705,1.5697624824389689,0.16285544477734767
2025-10-28,58020,-1,4854.0,4843.0,2025-10-28 10:53:00,2025-10-28 11:17:00,0.0006687438833175698,1.6360758038592762,-0.05115347709283864
2025-10-28,58020,1,4827.0,4838.0,2025-10-28 11:27:00,2025-10-28 12:48:00,0.000676255509479606,-1.526850856891144,-0.16478521349276715
2025-10-28,58020,1,4827.0,4765.0,2025-10-28 13:07:00,2025-10-28 15:24:00,-0.014527619572190363,,
2025-10-29,58020,-1,4889.0,5001.0,2025-10-29 10:02:00,2025-10-29 15:24:00,-0.024250108840258206,,
2025-10-30,58020,-1,5223.0,5172.0,2025-10-30 10:06:00,2025-10-30 10:22:00,0.008212488544550603,1.549782394778526,-0.08484694923537191
2025-10-30,58020,1,5136.0,5169.0,2025-10-30 10:26:00,2025-10-30 10:36:00,0.004804679826242205,-1.562687460756396,-0.07267553943891868
2025-10-30,58020,-1,5207.0,5314.0,2025-10-30 11:27:00,2025-10-30 15:24:00,-0.021940973156859667,,
2025-10-31,58020,-1,5378.0,5318.0,2025-10-31 10:00:00,2025-10-31 10:09:00,0.009619265025844866,3.0904577732532807,0.13825934008308427
2025-10-31,58020,-1,5365.0,5320.0,2025-10-31 10:24:00,2025-10-31 10:40:00,0.006823072729108749,1.8625563970554255,0.12678413397713995
2025-10-31,58020,1,5286.0,5311.0,2025-10-31 10:46:00,2025-10-31 10:48:00,0.00311832525816454,-1.523874648329515,-0.2973956001359937
2025-10-31,58020,1,5294.0,5304.0,2025-10-31 11:04:00,2025-10-31 13:18:00,0.0002871490786519441,-1.5339489000601974,0.04275291503224328
2025-10-31,58020,1,5284.0,5305.0,2025-10-31 13:28:00,2025-10-31 13:37:00,0.0023663854058676307,-2.0163012510278966,0.2879633961214229
2025-10-31,58020,-1,5321.0,5304.0,2025-10-31 13:52:00,2025-10-31 14:05:00,0.0016000027306709026,1.7366178420017027,0.04299535845024341
2025-10-31,58020,-1,5316.0,5302.0,2025-10-31 14:18:00,2025-10-31 14:48:00,0.0010370329841650602,1.7018256791813442,-0.11949099039176614
2025-10-31,58020,-1,5319.0,5765.0,2025-10-31 14:55:00,2025-10-31 15:24:00,-0.08211983796084191,,
2025-11-04,58020,-1,6489.0,6381.0,2025-11-04 10:00:00,2025-11-04 11:00:00,0.01518361075282157,2.2704688347161164,0.06608567582366041
2025-11-04,58020,1,6317.0,6060.0,2025-11-04 12:30:00,2025-11-04 15:24:00,-0.043134611835340224,,
2025-11-05,58020,1,5857.0,5843.0,2025-11-05 10:00:00,2025-11-05 12:36:00,-0.003993163535345202,-2.993005728636109,-0.07475064342385238
2025-11-05,58020,-1,5888.0,5933.0,2025-11-05 13:12:00,2025-11-05 15:24:00,-0.009213605849931087,,
2025-11-06,58020,1,6112.0,6096.0,2025-11-06 10:11:00,2025-11-06 13:25:00,-0.004221233479874193,-1.80511427860655,-0.11680131633828505
2025-11-06,58020,-1,6141.0,6244.0,2025-11-06 13:33:00,2025-11-06 15:24:00,-0.018233407305923398,,
2025-11-07,58020,1,5987.0,5895.0,2025-11-07 10:05:00,2025-11-07 15:24:00,-0.017085917953880706,,
2025-11-10,58020,-1,5929.0,6042.0,2025-11-10 10:00:00,2025-11-10 15:24:00,-0.020479518239249518,,
2025-11-11,58020,1,6092.0,5895.0,2025-11-11 10:12:00,2025-11-11 15:24:00,-0.034471901043581124,,
2025-11-12,58020,-1,5927.0,5873.0,2025-11-12 10:00:00,2025-11-12 12:42:00,0.007552606265318681,8.071884524485107,0.2066002632289246
2025-11-12,58020,-1,5884.0,5873.0,2025-11-12 13:10:00,2025-11-12 13:16:00,0.0002712261988086881,1.5212737301472388,0.27513025675962555
2025-11-12,58020,-1,5891.0,5952.0,2025-11-12 13:27:00,2025-11-12 15:24:00,-0.011901534991240461,,
2025-11-13,58020,-1,6252.0,6365.0,2025-11-13 10:00:00,2025-11-13 10:57:00,-0.019512819450139558,3.7885631479519795,0.27568044001217257
2025-11-13,58020,1,6333.0,6353.0,2025-11-13 12:48:00,2025-11-13 12:59:00,0.0015530847501029584,-2.2749547110048334,0.12094670131624145
2025-11-13,58020,1,6331.0,6354.0,2025-11-13 13:04:00,2025-11-13 13:25:00,0.002026334285334889,-1.901635346658547,0.19316844701781605
2025-11-13,58020,1,6333.0,6349.0,2025-11-13 13:50:00,2025-11-13 14:06:00,0.000923262654019572,-1.9560097068821851,-0.1343213940043759
2025-11-13,58020,1,6336.0,6349.0,2025-11-13 14:13:00,2025-11-13 15:17:00,0.0004496656761881826,-1.6204619422104571,0.07431927436883586
2025-11-14,58020,-1,6283.0,6182.0,2025-11-14 10:00:00,2025-11-14 10:51:00,0.01460572971088538,5.483890485920173,0.17842760719715928
2025-11-14,58020,-1,6223.0,6197.0,2025-11-14 12:30:00,2025-11-14 14:16:00,0.0025868016071104493,2.9503949715670172,-0.1079545904478431
2025-11-14,58020,-1,6221.0,6196.0,2025-11-14 14:20:00,2025-11-14 14:31:00,0.002426742978260478,1.6101161414137592,-0.21615085475564377
2025-11-14,58020,-1,6220.0,6255.0,2025-11-14 14:34:00,2025-11-14 15:24:00,-0.007211237167786386,,
2025-11-17,58020,1,6298.0,6321.0,2025-11-17 10:04:00,2025-11-17 10:10:00,0.002045300811328754,-1.6955281928232602,-0.12493636217745603
2025-11-17,58020,-1,6357.0,6531.0,2025-11-17 10:20:00,2025-11-17 15:24:00,-0.028603502966248265,,
2025-11-18,58020,1,6106.0,6131.0,2025-11-18 10:01:00,2025-11-18 10:28:00,0.002485974467864859,-1.9048017099514922,0.1971493735001477
2025-11-18,58020,-1,6155.0,6127.0,2025-11-18 10:44:00,2025-11-18 12:30:00,0.002959525892899291,2.0003511114817893,-0.13343899477278376
2025-11-18,58020,1,6107.0,5996.0,2025-11-18 12:32:00,2025-11-18 15:24:00,-0.019943074000646432,,
2025-11-19,58020,-1,6085.0,6010.0,2025-11-19 10:00:00,2025-11-19 12:36:00,0.010801977892374229,5.9207283071827455,0.03202651963139524
2025-11-19,58020,1,5960.0,5982.0,2025-11-19 13:11:00,2025-11-19 15:24:00,0.0020844791304979867,,
2025-11-20,58020,1,6326.0,6366.0,2025-11-20 10:00:00,2025-11-20 10:18:00,0.004703203976443909,-1.5348958042590857,-0.2992596884517967
2025-11-20,58020,-1,6409.0,6377.0,2025-11-20 10:27:00,2025-11-20 11:28:00,0.0034054851889552687,1.5134085868283194,0.11542758541701273
2025-11-20,58020,-1,6401.0,6375.0,2025-11-20 12:30:00,2025-11-20 12:42:00,0.0024701371153764426,2.9930067373312395,-0.26939635108366816
2025-11-20,58020,1,6357.0,6373.0,2025-11-20 12:43:00,2025-11-20 13:34:00,0.0009137483778853181,-1.9600622306049074,0.27485917333102855
2025-11-20,58020,1,6352.0,6367.0,2025-11-20 13:56:00,2025-11-20 14:00:00,0.0007586770900537669,-1.5424793977014304,-0.2834143748252943
2025-11-20,58020,-1,6391.0,6372.0,2025-11-20 14:12:00,2025-11-20 14:31:00,0.0013773586203425939,1.8792306514412824,0.06439479816654967
2025-11-20,58020,-1,6393.0,6372.0,2025-11-20 14:34:00,2025-11-20 14:52:00,0.001690249736787639,1.674425010858211,-0.01993701729156482
2025-11-21,58020,1,5824.0,5851.0,2025-11-21 10:00:00,2025-11-21 10:22:00,0.003025275911714244,-2.471916392875242,-0.24329921010273348
2025-11-21,58020,1,5815.0,5701.0,2025-11-21 10:44:00,2025-11-21 15:24:00,-0.02139918792118289,,
2025-11-25,58020,-1,6104.0,6065.0,2025-11-25 10:00:00,2025-11-25 10:32:00,0.004809751586142378,1.7582773213176666,0.2513274013462113
2025-11-25,58020,-1,6103.0,6078.0,2025-11-25 10:41:00,2025-11-25 12:45:00,0.002504759067756562,2.2098304838659724,0.266157065647779
2025-11-25,58020,-1,6091.0,6075.0,2025-11-25 13:27:00,2025-11-25 14:17:00,0.0010302826277354558,2.267235364469186,-0.034336653238834274
2025-11-25,58020,1,6038.0,6054.0,2025-11-25 14:26:00,2025-11-25 15:24:00,0.0010463793148797415,,
2025-11-26,58020,-1,6130.0,6083.0,2025-11-26 10:00:00,2025-11-26 10:15:00,0.006096754609551788,2.1927064064668125,-0.17407198156173942
2025-11-26,58020,1,6058.0,6086.0,2025-11-26 10:38:00,2025-11-26 10:43:00,0.003011338869733698,-1.8444374850101906,-0.04892885078376362
2025-11-26,58020,1,6073.0,6069.0,2025-11-26 11:09:00,2025-11-26 14:58:00,-0.002258870061720168,-1.7797912980485953,-0.25255424280948224
2025-11-26,58020,1,6049.0,6038.0,2025-11-26 15:09:00,2025-11-26 15:24:00,-0.0034201378401301605,,
2025-11-27,58020,1,6137.0,6158.0,2025-11-27 10:10:00,2025-11-27 10:20:00,0.00181602609534878,-1.8537077028945763,-0.11793293827939161
2025-11-27,58020,1,6147.0,6157.0,2025-11-27 10:23:00,2025-11-27 10:25:00,2.5488004200666233e-05,-1.5082620229428296,-0.253493928346575
2025-11-27,58020,-1,6172.0,6159.0,2025-11-27 10:40:00,2025-11-27 10:48:00,0.0005085077960082388,2.0578940547477136,-0.018295514181325863
2025-11-27,58020,-1,6171.0,6161.0,2025-11-27 10:55:00,2025-11-27 11:14:00,2.1797306496169856e-05,1.5576802015438749,-0.08452549145439846
2025-11-27,58020,1,6128.0,6087.0,2025-11-27 12:30:00,2025-11-27 15:24:00,-0.00831308292650275,,
2025-11-28,58020,1,6126.0,6148.0,2025-11-28 10:01:00,2025-11-28 11:18:00,0.001984817265765889,-1.9678940830524156,-0.2661756653680421
2025-11-28,58020,-1,6169.0,6156.0,2025-11-28 12:31:00,2025-11-28 12:47:00,0.0005095342508687486,1.5265866770586483,0.28769779648757954
2025-11-28,58020,-1,6168.0,6157.0,2025-11-28 12:59:00,2025-11-28 14:58:00,0.00018499033195528065,1.5411047425359155,0.18456275087233406
2025-11-28,58020,1,6141.0,6132.0,2025-11-28 15:11:00,2025-11-28 15:24:00,-0.003066634337694504,,
2025-12-01,58020,1,6078.0,6122.0,2025-12-01 10:00:00,2025-12-01 10:31:00,0.005613146028619462,-4.189290702491019,0.18280230070214912
2025-12-01,58020,-1,6199.0,6294.0,2025-12-01 10:43:00,2025-12-01 15:24:00,-0.016808809922432853,,
2025-12-02,58020,1,6506.0,6555.0,2025-12-02 10:04:00,2025-12-02 10:11:00,0.005903289164503498,-1.9780088079681375,-0.10008850821803877
2025-12-02,58020,1,6526.0,6563.0,2025-12-02 10:40:00,2025-12-02 12:32:00,0.004053617320456865,-1.5388885160044157,-0.17952325806068756
2025-12-02,58020,-1,6596.0,6572.0,2025-12-02 12:38:00,2025-12-02 12:48:00,0.002045204522330809,1.5859131985275816,0.2584763364484769
2025-12-02,58020,-1,6593.0,6571.0,2025-12-02 12:57:00,2025-12-02 13:16:00,0.0017424522154318321,1.5634982201489924,0.25083196236141686
2025-12-02,58020,1,6536.0,6566.0,2025-12-02 13:21:00,2025-12-02 14:07:00,0.002979461521699118,-2.1005806545977213,0.007115715471714409
2025-12-02,58020,-1,6587.0,6589.0,2025-12-02 14:18:00,2025-12-02 15:24:00,-0.001903582273126874,,
2025-12-03,58020,-1,6799.0,6880.0,2025-12-03 10:00:00,2025-12-03 15:24:00,-0.01344310940092979,,
2025-12-04,58020,-1,6685.0,6686.0,2025-12-04 10:11:00,2025-12-04 13:40:00,-0.001749577444000473,1.8611188061152308,0.28359483526873874
2025-12-04,58020,-1,6715.0,6723.0,2025-12-04 13:42:00,2025-12-04 15:24:00,-0.0027906535116988115,,
2025-12-05,58020,-1,6626.0,6674.0,2025-12-05 10:00:00,2025-12-05 15:24:00,-0.008818076451478115,,
2025-12-08,58020,1,6735.0,6770.0,2025-12-08 10:05:00,2025-12-08 10:12:00,0.0035832770618563735,-1.5284630151561533,-0.10634464638295937
2025-12-08,58020,1,6752.0,6772.0,2025-12-08 10:28:00,2025-12-08 10:41:00,0.0013577069772329911,-1.53399090533406,0.11708760606330665
2025-12-08,58020,1,6764.0,6771.0,2025-12-08 11:08:00,2025-12-08 11:25:00,-0.0005656445328255681,-1.5661924052362104,0.027904633828804655
2025-12-08,58020,-1,6781.0,6924.0,2025-12-08 11:27:00,2025-12-08 15:24:00,-0.022469053612257785,,
2025-12-09,58020,-1,7108.0,7090.0,2025-12-09 10:00:00,2025-12-09 13:58:00,0.0009355697483687646,3.2094500168714477,-0.05996985698727337
2025-12-09,58020,1,7070.0,7089.0,2025-12-09 14:20:00,2025-12-09 14:24:00,0.0010838069643990596,-1.706308585271553,-0.12653916821314748
2025-12-09,58020,-1,7104.0,7093.0,2025-12-09 14:28:00,2025-12-09 14:32:00,-5.037653008075358e-05,1.6704896582734983,0.2887374795997863
2025-12-09,58020,-1,7108.0,7103.0,2025-12-09 14:39:00,2025-12-09 15:24:00,-0.0008963197232680015,,
2025-12-10,58020,1,6898.0,6995.0,2025-12-10 10:00:00,2025-12-10 11:25:00,0.012364093602795306,-5.392522581039967,-0.13794908725217514
2025-12-10,58020,1,6945.0,6924.0,2025-12-10 12:33:00,2025-12-10 15:24:00,-0.004628338892344286,,
2025-12-11,58020,1,6875.0,6676.0,2025-12-11 10:42:00,2025-12-11 15:24:00,-0.030972637753046296,,
2025-12-12,58020,-1,6727.0,6705.0,2025-12-12 10:00:00,2025-12-12 10:13:00,0.0016757623098269312,1.982017382527421,0.2955492628783094
2025-12-12,58020,1,6680.0,6701.0,2025-12-12 10:28:00,2025-12-12 10:36:00,0.0015387814424793645,-1.6141753593669055,-0.03515900349264612
2025-12-12,58020,1,6686.0,6705.0,2025-12-12 11:03:00,2025-12-12 11:28:00,0.0012377287357348856,-2.1219770621264074,0.2377730456509665
2025-12-12,58020,1,6672.0,6697.0,2025-12-12 12:30:00,2025-12-12 12:42:00,0.002139999871467426,-2.164066658496495,-0.22185695902941616
2025-12-12,58020,1,6681.0,6649.0,2025-12-12 12:51:00,2025-12-12 15:24:00,-0.006401209523022311,,
2025-12-15,58020,-1,6609.0,6582.0,2025-12-15 10:00:00,2025-12-15 11:22:00,0.002493705967167567,4.379841306482556,-0.015822836286578025
2025-12-15,58020,-1,6605.0,6582.0,2025-12-15 12:39:00,2025-12-15 12:48:00,0.0018882874531404353,1.6184339212135201,-0.16072490159573916
2025-12-15,58020,1,6565.0,6580.0,2025-12-15 12:51:00,2025-12-15 14:01:00,0.0006822375824662235,-1.5833453617621012,-0.28691329994983655
2025-12-15,58020,1,6574.0,6582.0,2025-12-15 14:28:00,2025-12-15 14:50:00,-0.0003838247208794237,-1.844761032001416,0.23814296107721644
2025-12-15,58020,-1,6589.0,6592.0,2025-12-15 14:56:00,2025-12-15 15:24:00,-0.0020552006754878133,,
2025-12-16,58020,-1,6427.0,6386.0,2025-12-16 10:00:00,2025-12-16 10:26:00,0.004799772096558882,2.2886391441907876,0.17247504990568338
2025-12-16,58020,1,6358.0,6262.0,2025-12-16 10:39:00,2025-12-16 15:24:00,-0.016814239584396977,,
2025-12-17,58020,-1,6273.0,6329.0,2025-12-17 10:00:00,2025-12-17 15:24:00,-0.010487536678562113,,
2025-12-18,58020,-1,6166.0,6134.0,2025-12-18 10:00:00,2025-12-18 10:04:00,0.0036032637718987903,1.6020954703312291,-0.27779212525657443
2025-12-18,58020,1,6111.0,6132.0,2025-12-18 10:32:00,2025-12-18 10:39:00,0.0018305350967892221,-1.907024709370254,-0.2887613825258303
2025-12-18,58020,1,6117.0,6133.0,2025-12-18 10:49:00,2025-12-18 11:00:00,0.0010122463834188668,-1.5564869293890344,-0.1287692602328742
2025-12-18,58020,1,6116.0,6128.0,2025-12-18 11:05:00,2025-12-18 12:53:00,0.00036014437147437596,-2.4794878269400704,-0.1376033297083645
2025-12-18,58020,1,6112.0,6131.0,2025-12-18 13:13:00,2025-12-18 13:22:00,0.0015038169163315853,-1.566182794639482,0.23651275130240196
2025-12-18,58020,1,6123.0,6097.0,2025-12-18 13:53:00,2025-12-18 15:24:00,-0.005855325570138383,,
2025-12-19,58020,1,6196.0,6208.0,2025-12-19 10:00:00,2025-12-19 10:10:00,0.0003348603262953668,-1.5784071369407984,-0.08471779463389907
2025-12-19,58020,-1,6237.0,6215.0,2025-12-19 10:13:00,2025-12-19 10:30:00,0.0019335725813111272,2.6872208458513738,0.2601080715931307
2025-12-19,58020,-1,6229.0,6353.0,2025-12-19 10:38:00,2025-12-19 15:24:00,-0.02131133601238769,,
2025-12-22,58020,-1,6714.0,6729.0,2025-12-22 10:00:00,2025-12-22 15:24:00,-0.003831645648337814,,
2025-12-23,58020,1,6590.0,6587.0,2025-12-23 10:00:00,2025-12-23 14:21:00,-0.0020553388558599184,-2.927646988614767,-0.2468339844348651
2025-12-23,58020,-1,6614.0,6591.0,2025-12-23 14:41:00,2025-12-23 15:22:00,0.0018835324890182322,1.924636536627092,0.01733652227681446
2025-12-24,58020,1,6520.0,6527.0,2025-12-24 10:04:00,2025-12-24 10:33:00,-0.0005269562854811657,-1.6664064875707754,-0.13049734184996475
2025-12-24,58020,1,6515.0,6527.0,2025-12-24 10:38:00,2025-12-24 10:39:00,0.00024020907627190298,-1.8227841242552203,-0.06316692012649315
2025-12-24,58020,-1,6545.0,6530.0,2025-12-24 10:44:00,2025-12-24 11:22:00,0.0006944560735235199,1.5559939972745929,0.12417328788701196
2025-12-24,58020,-1,6538.0,6529.0,2025-12-24 11:23:00,2025-12-24 12:32:00,-0.00022248390247752727,2.3337566586909193,-0.14718818421454644
2025-12-24,58020,-1,6537.0,6534.0,2025-12-24 12:37:00,2025-12-24 13:07:00,-0.0011409685482859544,1.6709049315238338,0.179363286448187
2025-12-24,58020,-1,6550.0,6534.0,2025-12-24 13:10:00,2025-12-24 13:53:00,0.0008457364682821304,1.9617326312027803,0.16600765903848477
2025-12-24,58020,-1,6540.0,6482.0,2025-12-24 13:58:00,2025-12-24 15:24:00,0.00730806074975165,,
2025-12-25,58020,1,6509.0,6504.0,2025-12-25 10:00:00,2025-12-25 13:15:00,-0.002368462344740782,-1.7658281330452688,-0.2881834702159826
2025-12-25,58020,-1,6512.0,6507.0,2025-12-25 13:46:00,2025-12-25 13:56:00,-0.0008318918126078339,1.7712402582041222,0.16158947860826792
2025-12-25,58020,-1,6510.0,6536.0,2025-12-25 14:14:00,2025-12-25 15:24:00,-0.005585901337223964,,
2025-12-26,58020,1,6460.0,6227.0,2025-12-26 10:00:00,2025-12-26 15:24:00,-0.038334641904195554,,
2025-12-29,58020,-1,6465.0,6442.0,2025-12-29 10:00:00,2025-12-29 10:06:00,0.001963961314813728,1.9493116368364782,0.2071720436400966
2025-12-29,58020,-1,6456.0,6437.0,2025-12-29 10:20:00,2025-12-29 10:25:00,0.001347337897168823,1.5610890543474345,-0.2608199177289844
2025-12-29,58020,1,6426.0,6308.0,2025-12-29 10:30:00,2025-12-29 15:24:00,-0.020133591592874776,,
2025-12-30,58020,-1,6322.0,6335.0,2025-12-30 10:09:00,2025-12-30 12:51:00,-0.0036541999796763274,1.6410102273606195,0.2529856547478427
2025-12-30,58020,-1,6347.0,6333.0,2025-12-30 13:13:00,2025-12-30 14:35:00,0.0006082027900397755,1.589034093157827,0.2404054622746474
2025-12-30,58020,-1,6340.0,6333.0,2025-12-30 15:01:00,2025-12-30 15:19:00,-0.0004952890851586782,1.7299335542241003,0.2282347436014826
2025-12-30,58020,1,6327.0,6332.0,2025-12-30 15:21:00,2025-12-30 15:22:00,-0.0008100481459814737,-1.553455555955766,-0.09736099063220513
2025-12-30,58020,1,6317.0,6317.0,2025-12-30 15:24:00,2025-12-30 15:24:00,-0.0016,,
2026-01-05,58020,-1,6702.0,6746.0,2026-01-05 10:00:00,2026-01-05 15:24:00,-0.008143747324339812,,
2026-01-06,58020,1,6457.0,6485.0,2026-01-06 10:00:00,2026-01-06 13:55:00,0.0027270041240772076,-7.079797689074672,-0.14844163352130985
2026-01-06,58020,1,6461.0,6485.0,2026-01-06 14:03:00,2026-01-06 14:32:00,0.0021077131923788184,-1.720631661848147,-0.19032080594023182
2026-01-06,58020,-1,6498.0,6487.0,2026-01-06 14:57:00,2026-01-06 15:01:00,9.426301599019466e-05,1.8497685102932189,0.07842653086900124
2026-01-06,58020,-1,6495.0,6488.0,2026-01-06 15:04:00,2026-01-06 15:05:00,-0.000521666690548915,1.5110104665201942,0.2603608177278551
2026-01-06,58020,-1,6493.0,6496.0,2026-01-06 15:16:00,2026-01-06 15:24:00,-0.002061929333027109,,
2026-01-07,58020,-1,6677.0,6698.0,2026-01-07 10:00:00,2026-01-07 13:52:00,-0.004740189496281077,1.9661058604892183,0.033946787768479286
2026-01-07,58020,1,6678.0,6670.0,2026-01-07 14:28:00,2026-01-07 15:24:00,-0.0027986815939304507,,
2026-01-08,58020,1,6479.0,6368.0,2026-01-08 10:00:00,2026-01-08 15:24:00,-0.018880728925738256,,
2026-01-09,58020,1,6167.0,6183.0,2026-01-09 10:04:00,2026-01-09 13:18:00,0.0009910945670759724,-1.5291658451796808,-0.15414135574124155
2026-01-09,58020,-1,6222.0,6291.0,2026-01-09 13:26:00,2026-01-09 15:24:00,-0.012628642112447328,,
2026-01-13,58020,1,6494.0,6460.0,2026-01-13 10:00:00,2026-01-13 15:24:00,-0.006849355886143678,,
2026-01-14,58020,1,6440.0,6458.0,2026-01-14 10:10:00,2026-01-14 10:22:00,0.0011911322198212254,-1.9829536147042777,-0.03348070963249687
2026-01-14,58020,1,6445.0,6456.0,2026-01-14 10:25:00,2026-01-14 10:30:00,0.00010529457649687555,-1.5447028708944075,-0.235519688892223
2026-01-14,58020,1,6447.0,6458.0,2026-01-14 11:09:00,2026-01-14 11:14:00,0.00010476600760047023,-1.9766182382698092,-0.02078176512265423
2026-01-14,58020,-1,6466.0,6459.0,2026-01-14 11:15:00,2026-01-14 11:17:00,-0.0005168277470943116,1.5780911386086671,0.15811027720121146
2026-01-14,58020,-1,6468.0,6461.0,2026-01-14 11:22:00,2026-01-14 12:37:00,-0.0005171628611679514,1.6749168914497716,0.20388568628784354
2026-01-14,58020,1,6443.0,6459.0,2026-01-14 12:41:00,2026-01-14 12:51:00,0.0008802368938303805,-2.0429081203005746,0.025717271543181448
2026-01-14,58020,1,6447.0,6457.0,2026-01-14 13:04:00,2026-01-14 13:45:00,-5.0092684153252125e-05,-1.7320637737319025,-0.08253474198524964
2026-01-14,58020,-1,6469.0,6460.0,2026-01-14 14:14:00,2026-01-14 14:22:00,-0.00020778073266214977,1.680333939545589,0.28800835582654855
2026-01-14,58020,1,6451.0,6457.0,2026-01-14 14:34:00,2026-01-14 14:38:00,-0.0006703439057746944,-1.576062088998148,-0.22203369186554722
2026-01-14,58020,1,6452.0,6454.0,2026-01-14 14:47:00,2026-01-14 15:24:00,-0.0012900666331922366,,
2026-01-15,58020,1,6559.0,6630.0,2026-01-15 10:00:00,2026-01-15 12:38:00,0.009166651886172767,-4.166384692635405,-0.08133098332937976
2026-01-15,58020,-1,6687.0,6668.0,2026-01-15 12:50:00,2026-01-15 14:24:00,0.0012453781832939003,2.7515372821974284,0.2699231642195017
2026-01-15,58020,-1,6692.0,6692.0,2026-01-15 14:47:00,2026-01-15 15:24:00,-0.0016,,
2026-01-16,58020,-1,6808.0,6835.0,2026-01-16 10:10:00,2026-01-16 15:06:00,-0.005558078904839814,1.5405825839489025,0.2503065195315714
2026-01-19,58020,-1,6667.0,6650.0,2026-01-19 10:00:00,2026-01-19 10:12:00,0.0009531289681602429,1.6745928650283701,-0.11522167797198518
2026-01-19,58020,-1,6668.0,6753.0,2026-01-19 10:15:00,2026-01-19 15:24:00,-0.01426688570415741,,
2026-01-20,58020,-1,6742.0,6725.0,2026-01-20 10:13:00,2026-01-20 10:41:00,0.0009246913239661311,1.5301784679926924,0.26775453819936856
2026-01-20,58020,1,6708.0,6573.0,2026-01-20 10:58:00,2026-01-20 15:24:00,-0.021930494679523252,,
2026-01-21,58020,-1,6636.0,6690.0,2026-01-21 10:00:00,2026-01-21 15:24:00,-0.0097045018119391,,
2026-01-22,58020,1,6754.0,6785.0,2026-01-22 10:00:00,2026-01-22 12:47:00,0.002979371323456612,-1.9673349032724459,-0.25816604055036485
2026-01-22,58020,1,6770.0,6726.0,2026-01-22 13:09:00,2026-01-22 15:24:00,-0.008120473606105731,,
2026-01-23,58020,1,6828.0,6843.0,2026-01-23 10:23:00,2026-01-23 10:26:00,0.0005944270381663919,-1.6860070569910455,-0.033142574409171635
2026-01-23,58020,-1,6858.0,6842.0,2026-01-23 10:38:00,2026-01-23 10:41:00,0.0007357674853156564,2.0958865470537025,-0.19180077470946577
2026-01-23,58020,1,6828.0,6833.0,2026-01-23 10:43:00,2026-01-23 12:50:00,-0.0008679891335529755,-1.9466741928756728,-0.23699436146584874
2026-01-23,58020,1,6813.0,6737.0,2026-01-23 13:04:00,2026-01-23 15:24:00,-0.012817829813008346,,
2026-01-26,58020,-1,6682.0,6657.0,2026-01-26 10:00:00,2026-01-26 10:35:00,0.00214841131599822,2.992431634783867,0.030270123114738774
2026-01-26,58020,1,6608.0,6550.0,2026-01-26 10:54:00,2026-01-26 15:24:00,-0.0104159865715164,,
2026-01-27,58020,-1,6604.0,6572.0,2026-01-27 10:00:00,2026-01-27 10:23:00,0.0032573258828598774,2.419600868740069,0.06706769818845433
2026-01-27,58020,-1,6594.0,6687.0,2026-01-27 10:25:00,2026-01-27 15:24:00,-0.015605198422302166,,
2026-01-28,58020,-1,7180.0,7070.0,2026-01-28 10:00:00,2026-01-28 13:03:00,0.013838903151651417,4.60196497045735,-0.09406498688070716
2026-01-28,58020,1,7044.0,7002.0,2026-01-28 13:22:00,2026-01-28 15:24:00,-0.007580368101485722,,
2026-01-29,58020,1,6887.0,6902.0,2026-01-29 10:31:00,2026-01-29 13:23:00,0.0005756481132503865,-2.168698610584573,-0.07110997593094248
2026-01-29,58020,-1,6926.0,6903.0,2026-01-29 13:39:00,2026-01-29 14:09:00,0.0017263462588917326,1.5193417364792108,-0.14592522070119313
2026-01-29,58020,-1,6918.0,6906.0,2026-01-29 14:21:00,2026-01-29 14:24:00,0.0001361115471763669,1.838607482760817,0.27700214911033616
2026-01-29,58020,-1,6916.0,6904.0,2026-01-29 14:25:00,2026-01-29 15:09:00,0.00013661403991719907,1.8761243649825445,-0.17868413120655047
2026-01-29,58020,1,6881.0,6870.0,2026-01-29 15:22:00,2026-01-29 15:24:00,-0.0031998839860848814,,
2026-01-30,58020,-1,6866.0,6830.0,2026-01-30 10:00:00,2026-01-30 10:42:00,0.003657021452801657,3.1955882570458165,-0.101505100659284
2026-01-30,58020,1,6782.0,6793.0,2026-01-30 11:01:00,2026-01-30 14:11:00,2.062650571807499e-05,-1.5343712893298775,-0.06420492041466756
2026-01-30,58020,1,6780.0,6793.0,2026-01-30 14:34:00,2026-01-30 14:37:00,0.0003155682568607423,-1.8105899732726474,-0.06952310561057796
2026-01-30,58020,1,6786.0,6751.0,2026-01-30 14:38:00,2026-01-30 15:24:00,-0.006771024302304975,,
2026-02-02,58020,-1,7021.0,6949.0,2026-02-02 10:00:00,2026-02-02 10:49:00,0.008707893702921535,9.156897999257344,0.1852479098530059
2026-02-02,58020,1,6916.0,6943.0,2026-02-02 11:11:00,2026-02-02 11:13:00,0.0022963899500922907,-1.5908579992453376,-0.059453414281223985
2026-02-02,58020,1,6922.0,6745.0,2026-02-02 11:22:00,2026-02-02 15:24:00,-0.0275032555534333,,
2026-02-03,58020,-1,6947.0,6943.0,2026-02-03 10:09:00,2026-02-03 10:51:00,-0.001024046060392502,2.00854641957974,-0.2943836226276625
2026-02-03,58020,1,6926.0,6948.0,2026-02-03 11:26:00,2026-02-03 12:30:00,0.0015714023986283692,-1.7336287524998049,-0.011607264663553937
2026-02-03,58020,1,6929.0,6946.0,2026-02-03 12:33:00,2026-02-03 12:47:00,0.0008504516766380708,-1.8932459858547723,-0.11059012859776321
2026-02-03,58020,-1,6970.0,6947.0,2026-02-03 13:00:00,2026-02-03 13:13:00,0.0017053130616886535,1.7212472305928972,-0.062142361356789536
2026-02-03,58020,-1,6983.0,7720.0,2026-02-03 13:19:00,2026-02-03 15:24:00,-0.10193574017278666,,
2026-02-04,58020,1,7833.0,7773.0,2026-02-04 10:00:00,2026-02-04 15:24:00,-0.009289388137018849,,
2026-02-05,58020,1,7654.0,7440.0,2026-02-05 10:06:00,2026-02-05 15:24:00,-0.029957538158509982,,
2026-02-06,58020,-1,7358.0,7297.0,2026-02-06 10:09:00,2026-02-06 11:00:00,0.00672485189909952,1.664602188489524,0.011153658057433263
2026-02-06,58020,-1,7382.0,7550.0,2026-02-06 11:10:00,2026-02-06 15:24:00,-0.024102958653126467,,
2026-02-09,58020,-1,8466.0,8351.0,2026-02-09 10:00:00,2026-02-09 10:05:00,0.01207684992763955,1.5281546803185302,0.29674898764585195
2026-02-09,58020,1,8294.0,8325.0,2026-02-09 10:30:00,2026-02-09 10:47:00,0.002130674042317881,-1.597110043013321,-0.1376390151143639
2026-02-09,58020,-1,8363.0,8358.0,2026-02-09 11:17:00,2026-02-09 12:48:00,-0.0010019496263348848,1.5601245040898828,0.22597595714773783
2026-02-09,58020,1,8312.0,8349.0,2026-02-09 13:17:00,2026-02-09 13:28:00,0.002841517414937064,-1.9531728604415872,0.04446774175329364
2026-02-09,58020,1,8327.0,8345.0,2026-02-09 13:35:00,2026-02-09 13:40:00,0.0005593098601161253,-1.5144041207891485,-0.21742899484350037
2026-02-09,58020,-1,8378.0,8348.0,2026-02-09 13:48:00,2026-02-09 13:49:00,0.00198723330988878,2.026323246371247,-0.026815402871116834
2026-02-09,58020,-1,8378.0,8345.0,2026-02-09 13:52:00,2026-02-09 14:08:00,0.00234666541104475,2.0777602085630558,-0.18569902807156377
2026-02-09,58020,-1,8385.0,8359.0,2026-02-09 14:15:00,2026-02-09 14:34:00,0.0015055925581531299,1.9726719355029252,0.20115295086673546
2026-02-09,58020,-1,8394.0,8352.0,2026-02-09 14:45:00,2026-02-09 15:03:00,0.0034161337711161883,1.6829327997983836,-0.15434272309496877
2026-02-09,58020,-1,8386.0,8365.0,2026-02-09 15:13:00,2026-02-09 15:19:00,0.0009073143097836067,1.695933789056516,0.2602723111453288
2026-02-10,58020,-1,8828.0,8757.0,2026-02-10 10:00:00,2026-02-10 10:37:00,0.006475107854402538,1.7083611018376488,-0.17895235463659825
2026-02-10,58020,1,8684.0,8752.0,2026-02-10 10:46:00,2026-02-10 11:29:00,0.006199993663579916,-1.8191373832064885,-0.14172645375877657
2026-02-10,58020,1,8715.0,8723.0,2026-02-10 12:31:00,2026-02-10 15:24:00,-0.0006824635209027797,-1.8522401122215122,-0.1772467551506289
2026-02-12,58020,-1,8866.0,8739.0,2026-02-12 10:00:00,2026-02-12 10:23:00,0.01282796967745452,10.213297005235422,0.28210562156440616
2026-02-12,58020,1,8674.0,8721.0,2026-02-12 10:48:00,2026-02-12 10:55:00,0.003803864831674053,-1.7871435465242655,0.1146505478330221
2026-02-12,58020,-1,8767.0,8775.0,2026-02-12 10:57:00,2026-02-12 13:00:00,-0.002512096745480883,1.9633991661851977,0.20929486742726575
2026-02-12,58020,-1,8793.0,8758.0,2026-02-12 13:23:00,2026-02-12 14:00:00,0.0023883820176584317,1.5620948954206886,-0.18481792178834672
2026-02-12,58020,-1,8817.0,8764.0,2026-02-12 14:19:00,2026-02-12 14:23:00,0.004429254371669875,2.1606719568000177,0.02417694637554554
2026-02-12,58020,-1,8798.0,8792.0,2026-02-12 14:36:00,2026-02-12 15:24:00,-0.0009177941747922615,,
2026-02-13,58020,-1,8820.0,8722.0,2026-02-13 10:17:00,2026-02-13 12:36:00,0.009573300598125188,1.7298431761316855,-0.17074787300722447
2026-02-13,58020,1,8701.0,8723.0,2026-02-13 13:11:00,2026-02-13 13:20:00,0.0009252538671942099,-1.814347201758153,-0.2202970209666748
2026-02-13,58020,1,8699.0,8619.0,2026-02-13 13:24:00,2026-02-13 15:24:00,-0.010839007860141494,,
2026-02-16,58020,-1,8791.0,8750.0,2026-02-16 10:07:00,2026-02-16 10:19:00,0.0030747704995184987,2.965216647776304,-0.2456768058915948
2026-02-16,58020,-1,8785.0,8761.0,2026-02-16 10:34:00,2026-02-16 11:10:00,0.0011356679548337717,1.5826768638940907,-0.019429300446527777
2026-02-16,58020,-1,8786.0,8760.0,2026-02-16 11:24:00,2026-02-16 11:28:00,0.0013636406052877409,1.7137528797877102,-0.15152231746334333
2026-02-16,58020,1,8707.0,8656.0,2026-02-16 12:31:00,2026-02-16 15:24:00,-0.007474577742352859,,
2026-02-17,58020,-1,8763.0,8713.0,2026-02-17 10:11:00,2026-02-17 10:25:00,0.004122148824563876,1.5915471493146711,-0.2383862260641698
2026-02-17,58020,1,8692.0,8657.0,2026-02-17 10:46:00,2026-02-17 15:06:00,-0.005634820160546453,-1.6288070296089239,-0.13855732271660756
2026-02-17,58020,-1,8681.0,8676.0,2026-02-17 15:10:00,2026-02-17 15:24:00,-0.0010238635549570056,,
2026-02-18,58020,-1,8857.0,8807.0,2026-02-18 10:00:00,2026-02-18 12:51:00,0.004061247004123471,5.979175224862974,-0.002013644236624247
2026-02-18,58020,-1,8829.0,8808.0,2026-02-18 13:00:00,2026-02-18 13:16:00,0.0007813584990666014,1.972505023929332,-0.049301726943476634
2026-02-18,58020,1,8786.0,8766.0,2026-02-18 13:41:00,2026-02-18 15:24:00,-0.0038789435569703493,,
2026-02-19,58020,-1,9283.0,9332.0,2026-02-19 10:00:00,2026-02-19 15:24:00,-0.006864583741388141,,
2026-02-20,58020,-1,9732.0,9590.0,2026-02-20 10:00:00,2026-02-20 10:52:00,0.013098536025929289,5.179373825512012,0.16389421811728522
2026-02-20,58020,-1,9653.0,9662.0,2026-02-20 11:01:00,2026-02-20 14:21:00,-0.002531918265736961,1.54923311408518,-0.21547007694911996
2026-02-20,58020,-1,9723.0,9674.0,2026-02-20 14:22:00,2026-02-20 14:54:00,0.003452338426728552,2.2951784379316846,0.21429799940399044
2026-02-20,58020,-1,9701.0,9729.0,2026-02-20 14:56:00,2026-02-20 15:24:00,-0.00448214301414406,,
2026-02-24,58020,1,10410.0,10545.0,2026-02-24 10:00:00,2026-02-24 10:16:00,0.011284931303860298,-3.0114897465846555,0.08250149009655978
2026-02-24,58020,1,10470.0,10555.0,2026-02-24 10:22:00,2026-02-24 10:33:00,0.006485656417838467,-1.5031407997449058,0.16725361499394445
2026-02-24,58020,1,10450.0,10540.0,2026-02-24 10:54:00,2026-02-24 11:17:00,0.006975564702396324,-1.7401737886561723,0.08360822678493839
2026-02-24,58020,-1,10585.0,10550.0,2026-02-24 11:25:00,2026-02-24 12:48:00,0.0017120446647530244,1.7269615328128969,0.28872827175275295
2026-02-24,58020,-1,10575.0,10545.0,2026-02-24 12:58:00,2026-02-24 13:02:00,0.0012409110016037524,1.5347052941938668,0.12156276251292283
2026-02-24,58020,1,10500.0,10545.0,2026-02-24 13:26:00,2026-02-24 13:39:00,0.002676556767260172,-2.368141325500866,0.13411313908675426
2026-02-24,58020,1,10505.0,10360.0,2026-02-24 13:41:00,2026-02-24 15:24:00,-0.015499097465626709,,
2026-02-25,58020,-1,10650.0,10630.0,2026-02-25 10:02:00,2026-02-25 12:33:00,0.0002796998015775192,1.5376977001052876,-0.08486745196837417
2026-02-25,58020,-1,10745.0,10785.0,2026-02-25 12:45:00,2026-02-25 15:24:00,-0.005315749746645828,,
2026-02-26,58020,1,10215.0,10440.0,2026-02-26 10:00:00,2026-02-26 12:44:00,0.02018735418490723,-4.791994896056671,0.09056481244834162
2026-02-26,58020,1,10375.0,10240.0,2026-02-26 13:09:00,2026-02-26 15:24:00,-0.014697446505400317,,
2026-02-27,58020,-1,9979.0,10360.0,2026-02-27 10:00:00,2026-02-27 15:24:00,-0.03906935192916143,,
2026-03-02,58020,-1,10410.0,10800.0,2026-03-02 10:00:00,2026-03-02 15:24:00,-0.038379251503296484,,
2026-03-03,58020,1,11190.0,10350.0,2026-03-03 10:00:00,2026-03-03 15:24:00,-0.07963400261245585,,
2026-03-04,58020,1,9945.0,9904.0,2026-03-04 10:06:00,2026-03-04 13:07:00,-0.005731196363695219,-1.6589875474301237,-0.29169769844345894
2026-03-04,58020,1,9842.0,9917.0,2026-03-04 13:18:00,2026-03-04 14:16:00,0.005991513760201473,-1.5409522295534455,0.09040987539466516
2026-03-04,58020,1,9845.0,9906.0,2026-03-04 14:26:00,2026-03-04 14:40:00,0.004576922074957194,-1.8732452797060513,-0.16752244801859756
2026-03-04,58020,1,9855.0,9913.0,2026-03-04 14:52:00,2026-03-04 15:07:00,0.004268086446076967,-1.5874957593299568,0.09866217058860127
2026-03-04,58020,1,9788.0,9870.0,2026-03-04 15:10:00,2026-03-04 15:24:00,0.006742707864965047,,
2026-03-05,58020,-1,10470.0,10380.0,2026-03-05 10:00:00,2026-03-05 10:17:00,0.0070331471447028894,2.6082291693436077,-0.18725546883622154
2026-03-05,58020,1,10290.0,10010.0,2026-03-05 10:21:00,2026-03-05 15:24:00,-0.029187956518829054,,
2026-03-06,58020,1,9633.0,9705.0,2026-03-06 10:11:00,2026-03-06 11:07:00,0.0058465128454869755,-1.6944021196807466,-0.230128149563102
2026-03-06,58020,-1,9794.0,9726.0,2026-03-06 11:15:00,2026-03-06 12:32:00,0.005367241298531563,1.580506202487557,0.09560435997472427
2026-03-06,58020,-1,9771.0,9722.0,2026-03-06 13:06:00,2026-03-06 13:21:00,0.0034274563389423375,1.574282653189457,0.021416909743020157
2026-03-06,58020,1,9682.0,9726.0,2026-03-06 13:27:00,2026-03-06 13:29:00,0.002934220464091336,-1.6739083091866351,0.18472606528174979
2026-03-06,58020,-1,9763.0,9977.0,2026-03-06 13:33:00,2026-03-06 15:24:00,-0.023282713687835733,,
2026-03-09,58020,1,8653.0,8848.0,2026-03-09 10:00:00,2026-03-09 12:30:00,0.020685363155377303,-2.6648104874518292,-0.005472962872640401
2026-03-09,58020,1,8816.0,8855.0,2026-03-09 13:15:00,2026-03-09 13:24:00,0.002814018824238109,-2.157595193642342,-0.03733666547314618
2026-03-09,58020,1,8814.0,8854.0,2026-03-09 13:33:00,2026-03-09 14:05:00,0.002927967890154025,-1.813504096295694,0.08363623085967296
2026-03-09,58020,-1,8950.0,9154.0,2026-03-09 14:22:00,2026-03-09 15:24:00,-0.024137409944686383,,
2026-03-10,58020,1,10105.0,10220.0,2026-03-10 10:00:00,2026-03-10 10:29:00,0.00971623391997402,-2.6467585041546924,0.17112246719155086
2026-03-10,58020,1,10160.0,10215.0,2026-03-10 10:41:00,2026-03-10 10:48:00,0.0037987861192496477,-2.065880935014338,0.10859256848775843
2026-03-10,58020,1,10180.0,10215.0,2026-03-10 10:59:00,2026-03-10 11:05:00,0.0018322171472087095,-1.628589433002626,0.14891269637168378
2026-03-10,58020,1,10175.0,10210.0,2026-03-10 11:08:00,2026-03-10 11:14:00,0.0018339008479156076,-2.0837974341021135,-0.1166919372948184
2026-03-10,58020,1,10180.0,9923.0,2026-03-10 11:21:00,2026-03-10 15:24:00,-0.02716971619027222,,
2026-03-11,58020,-1,10635.0,10740.0,2026-03-11 10:03:00,2026-03-11 14:42:00,-0.011424640428518101,1.6463504929372095,0.11970248755055102
2026-03-11,58020,1,10680.0,10695.0,2026-03-11 14:50:00,2026-03-11 15:24:00,-0.00019649099767990973,,
2026-03-12,58020,-1,10630.0,10530.0,2026-03-12 10:00:00,2026-03-12 10:11:00,0.007851866207972435,2.7925378610331406,-0.12261344726471803
2026-03-12,58020,-1,10575.0,10545.0,2026-03-12 10:36:00,2026-03-12 10:48:00,0.0012409110016037524,1.698855727152549,0.29355754860425043
2026-03-12,58020,1,10490.0,10530.0,2026-03-12 10:53:00,2026-03-12 10:57:00,0.002205903737678411,-1.5812862499653728,-0.2006687383448221
2026-03-12,58020,1,10495.0,10410.0,2026-03-12 11:15:00,2026-03-12 15:24:00,-0.009732070645718774,,
2026-03-13,58020,-1,10200.0,10500.0,2026-03-13 10:00:00,2026-03-13 15:24:00,-0.030587536873252188,,
2026-03-16,58020,-1,10355.0,10315.0,2026-03-16 10:02:00,2026-03-16 10:25:00,0.0022703483243323025,1.5055109658347898,0.17355815378571723
2026-03-16,58020,1,10265.0,10195.0,2026-03-16 10:27:00,2026-03-16 14:44:00,-0.008442646444478376,-1.8844182867506531,-0.11741773166431237
2026-03-16,58020,-1,10230.0,10210.0,2026-03-16 15:08:00,2026-03-16 15:24:00,0.000356947786960924,,
2026-03-17,58020,1,9775.0,9491.0,2026-03-17 10:00:00,2026-03-17 15:24:00,-0.03108412472307437,,
2026-03-18,58020,-1,9878.0,9831.0,2026-03-18 10:08:00,2026-03-18 10:22:00,0.003169403733645846,1.546884099461938,0.14169230502031605
2026-03-18,58020,-1,9871.0,9826.0,2026-03-18 10:40:00,2026-03-18 10:50:00,0.0029692316892944723,1.6129016020321485,-0.24172370910618998
2026-03-18,58020,-1,9861.0,9834.0,2026-03-18 11:17:00,2026-03-18 12:34:00,0.0011418143604444606,1.519845016304445,-0.2055555082419427
2026-03-18,58020,-1,9887.0,10020.0,2026-03-18 12:45:00,2026-03-18 15:24:00,-0.014962332741722914,,
2026-03-19,58020,-1,9833.0,9878.0,2026-03-19 10:18:00,2026-03-19 13:41:00,-0.006165986320413917,1.52813906413202,0.19767180804281542
2026-03-19,58020,1,9848.0,9927.0,2026-03-19 14:38:00,2026-03-19 15:24:00,0.006389928725432369,,
2026-03-23,58020,1,9012.0,9079.0,2026-03-23 10:00:00,2026-03-23 10:04:00,0.0058070318196221295,-2.573773229138653,-0.2326825593834774
2026-03-23,58020,-1,9179.0,9236.0,2026-03-23 10:15:00,2026-03-23 15:24:00,-0.007790625255295048,,
2026-03-24,58020,1,9569.0,9477.0,2026-03-24 10:00:00,2026-03-24 15:24:00,-0.011260896309067982,,
2026-03-25,58020,1,10135.0,10165.0,2026-03-25 10:07:00,2026-03-25 10:11:00,0.001355667176346622,-1.809171238981662,-0.03541510972968281
2026-03-25,58020,-1,10185.0,10175.0,2026-03-25 10:40:00,2026-03-25 11:09:00,-0.0006176816498895479,1.8162773261996343,0.24181409874254053
2026-03-25,58020,1,10095.0,10155.0,2026-03-25 12:30:00,2026-03-25 14:41:00,0.004325943267547168,-2.7459787466485603,0.19645954287209846
2026-03-25,58020,-1,10175.0,10185.0,2026-03-25 15:10:00,2026-03-25 15:24:00,-0.002582318350110486,,
2026-03-26,58020,1,10165.0,10210.0,2026-03-26 10:18:00,2026-03-26 10:30:00,0.002817185096264157,-2.133530683987783,0.04100202209511017
2026-03-26,58020,-1,10245.0,10210.0,2026-03-26 10:43:00,2026-03-26 10:55:00,0.0018221495142889176,1.5500188562836537,-0.03306291973102789
2026-03-26,58020,1,10180.0,9808.0,2026-03-26 11:03:00,2026-03-26 15:24:00,-0.038826631928521115,,
2026-03-27,58020,1,9203.0,9233.0,2026-03-27 10:00:00,2026-03-27 11:10:00,0.001654504933771004,-1.8501954538069125,-0.13618210874896503
2026-03-27,58020,-1,9326.0,9549.0,2026-03-27 12:30:00,2026-03-27 15:24:00,-0.025230238581936248,,
2026-03-30,58020,-1,8910.0,8876.0,2026-03-30 10:00:00,2026-03-30 10:08:00,0.002223236412370505,1.94539661289806,0.04720587692122235
2026-03-30,58020,1,8855.0,8875.0,2026-03-30 10:36:00,2026-03-30 10:46:00,0.000656064126682554,-1.7364196093330697,0.24046435873801617
2026-03-30,58020,1,8843.0,8966.0,2026-03-30 10:50:00,2026-03-30 15:24:00,0.012213460139649671,,
2026-03-31,58020,-1,8577.0,8609.0,2026-03-31 10:00:00,2026-03-31 12:35:00,-0.005323965667533241,2.0424864211718594,0.22085262257715393
2026-03-31,58020,1,8497.0,8437.0,2026-03-31 12:57:00,2026-03-31 15:24:00,-0.008686364837914597,,
2026-04-01,58020,-1,8997.0,9265.0,2026-04-01 10:00:00,2026-04-01 15:24:00,-0.030952671302341354,,
2026-04-02,58020,1,9304.0,9090.0,2026-04-02 10:05:00,2026-04-02 15:24:00,-0.024869507026975792,,
2026-04-03,58020,1,9426.0,9515.0,2026-04-03 10:00:00,2026-04-03 10:52:00,0.00779767224657361,-6.227035447892743,-0.005122640079427352
2026-04-03,58020,1,9479.0,9505.0,2026-04-03 11:26:00,2026-04-03 13:05:00,0.0011391504694879242,-2.983152191482402,-0.244387933058518
2026-04-03,58020,-1,9543.0,9515.0,2026-04-03 13:26:00,2026-04-03 13:28:00,0.0013384006870039513,1.5371684627239586,0.19505081241351355
2026-04-03,58020,1,9483.0,9495.0,2026-04-03 13:41:00,2026-04-03 15:24:00,-0.0003353776373412041,,
2026-04-06,58020,-1,9773.0,9727.0,2026-04-06 10:01:00,2026-04-06 10:06:00,0.003117957469395363,1.5761852981650355,-0.021955011406196927
2026-04-06,58020,-1,9758.0,9738.0,2026-04-06 10:12:00,2026-04-06 11:04:00,0.00045170363313633993,1.6253199887836722,-0.08874824392973614
2026-04-06,58020,-1,9812.0,9769.0,2026-04-06 11:09:00,2026-04-06 12:30:00,0.0027920197254373462,2.4554257310464584,0.28337153333125986
2026-04-06,58020,-1,9845.0,9768.0,2026-04-06 12:33:00,2026-04-06 13:25:00,0.006251975282685355,2.2095784573169333,0.09645215777049441
2026-04-06,58020,1,9737.0,9564.0,2026-04-06 13:45:00,2026-04-06 15:24:00,-0.019527012400540812,,
2026-04-07,58020,1,9294.0,9263.0,2026-04-07 10:00:00,2026-04-07 14:46:00,-0.004941060390896091,-4.031313839385125,0.047820988404961184
2026-04-07,58020,1,9240.0,9217.0,2026-04-07 15:05:00,2026-04-07 15:24:00,-0.00409228064206566,,
2026-04-08,58020,-1,10250.0,10365.0,2026-04-08 10:00:00,2026-04-08 15:24:00,-0.012757040303325737,,
2026-04-09,58020,-1,10160.0,10335.0,2026-04-09 10:33:00,2026-04-09 15:24:00,-0.01867775098339583,,
2026-04-10,58020,1,10315.0,10360.0,2026-04-10 10:16:00,2026-04-10 10:49:00,0.00275309030812185,-1.5201578366743862,-0.13496884302893294
2026-04-10,58020,-1,10430.0,10375.0,2026-04-10 10:52:00,2026-04-10 12:30:00,0.0036872028959190513,1.537042289285449,0.1917123643356448
2026-04-10,58020,-1,10450.0,10585.0,2026-04-10 12:51:00,2026-04-10 15:24:00,-0.014435926176008569,,
2026-04-13,58020,1,10395.0,9914.0,2026-04-13 10:00:00,2026-04-13 15:24:00,-0.048977021711594064,,
2026-04-14,58020,-1,10190.0,10070.0,2026-04-14 10:00:00,2026-04-14 10:26:00,0.010246140504162473,7.705052391023633,0.2813426522069327
2026-04-14,58020,-1,10120.0,10070.0,2026-04-14 10:45:00,2026-04-14 12:36:00,0.003352957128848531,1.870148596508965,0.09896592992764408
2026-04-14,58020,-1,10100.0,10075.0,2026-04-14 12:42:00,2026-04-14 13:39:00,0.0008783160144670897,1.9305831718992446,-0.22602163710481632
2026-04-14,58020,-1,10120.0,10080.0,2026-04-14 13:52:00,2026-04-14 14:24:00,0.002360401216096905,1.7246075890135426,-0.07757413807969485
2026-04-14,58020,-1,10110.0,10080.0,2026-04-14 14:30:00,2026-04-14 14:38:00,0.0013717703891574817,1.7222290667392819,-0.07520530097001107
2026-04-14,58020,1,10055.0,10080.0,2026-04-14 14:52:00,2026-04-14 15:01:00,0.0008832394186071709,-2.0013404158353514,-0.03592559717041063
2026-04-14,58020,1,10050.0,10080.0,2026-04-14 15:15:00,2026-04-14 15:24:00,0.0013806281381377199,-1.869387905752767,-0.03333733878777949
2026-04-15,58020,1,9979.0,9584.0,2026-04-15 10:00:00,2026-04-15 15:24:00,-0.04198784352908193,,
2026-04-16,58020,-1,9883.0,9864.0,2026-04-16 10:08:00,2026-04-16 10:14:00,0.0003243435320036893,1.7356467186778384,0.2614450574566931
2026-04-16,58020,-1,9893.0,10150.0,2026-04-16 10:16:00,2026-04-16 15:24:00,-0.027246269146710776,,
2026-04-17,58020,-1,10010.0,9986.0,2026-04-17 10:00:00,2026-04-17 10:41:00,0.000800481248711729,1.9056128582092258,-0.04103687287840705
2026-04-17,58020,-1,10025.0,9990.0,2026-04-17 10:58:00,2026-04-17 11:18:00,0.0018973805321706924,1.819230739975891,0.14883652671767864
2026-04-17,58020,-1,10010.0,9990.0,2026-04-17 12:30:00,2026-04-17 12:31:00,0.00040000066666710994,1.719209883195932,0.08888389895901724
2026-04-17,58020,1,9968.0,9986.0,2026-04-17 12:38:00,2026-04-17 12:47:00,0.00020415003332026728,-2.034437546856164,-0.08796612024649493
2026-04-17,58020,1,9960.0,9990.0,2026-04-17 12:54:00,2026-04-17 13:07:00,0.0014075210639553223,-1.5757558919007888,0.23085513771358443
2026-04-17,58020,-1,10045.0,10000.0,2026-04-17 13:19:00,2026-04-17 13:52:00,0.0028899052728520794,2.954289555496358,0.2664617704210955
2026-04-17,58020,-1,10010.0,10065.0,2026-04-17 14:20:00,2026-04-17 15:24:00,-0.00707946576462557,,
2026-04-20,58020,1,10055.0,9953.0,2026-04-20 10:06:00,2026-04-20 15:24:00,-0.011796009960688875,,
2026-04-21,58020,1,10335.0,10395.0,2026-04-21 10:03:00,2026-04-21 11:03:00,0.004188728176244745,-1.5008525398240677,-0.17265475716798917
2026-04-21,58020,1,10350.0,10400.0,2026-04-21 11:19:00,2026-04-21 11:27:00,0.003219286435948922,-1.7357484918700883,-0.14518839550266044
2026-04-21,58020,1,10325.0,10290.0,2026-04-21 12:30:00,2026-04-21 15:24:00,-0.004995589001138161,,
2026-04-22,58020,-1,10190.0,10730.0,2026-04-22 10:00:00,2026-04-22 15:24:00,-0.053236709407973565,,
2026-04-23,58020,1,10485.0,10180.0,2026-04-23 10:00:00,2026-04-23 15:24:00,-0.03112065323150656,,
2026-04-24,58020,1,10215.0,10155.0,2026-04-24 10:00:00,2026-04-24 15:24:00,-0.007491033237237419,,
2026-04-27,58020,-1,10125.0,10055.0,2026-04-27 10:00:00,2026-04-27 10:13:00,0.005337589767987463,2.711448361095942,-0.07722309052522794
2026-04-27,58020,-1,10105.0,10075.0,2026-04-27 10:16:00,2026-04-27 12:31:00,0.001373243022837614,1.8012565097296847,0.04168115633822095
2026-04-27,58020,-1,10115.0,10085.0,2026-04-27 12:32:00,2026-04-27 13:03:00,0.0013702992135336434,1.9908462614684985,0.19033420454270286
2026-04-27,58020,-1,10120.0,10080.0,2026-04-27 13:08:00,2026-04-27 13:46:00,0.002360401216096905,1.6514766869663653,-0.19418298627278477
2026-04-27,58020,1,10055.0,10080.0,2026-04-27 13:56:00,2026-04-27 14:01:00,0.0008832394186071709,-1.6303326651813426,-0.1761673085034372
2026-04-27,58020,1,10060.0,10035.0,2026-04-27 14:13:00,2026-04-27 15:24:00,-0.004088182423291688,,
2026-04-28,58020,-1,10065.0,10065.0,2026-04-28 10:00:00,2026-04-28 13:07:00,-0.0016,1.9984998841373167,0.02197096271793437
2026-04-28,58020,-1,10100.0,10085.0,2026-04-28 13:20:00,2026-04-28 14:37:00,-0.00011374755896132686,1.5095657635481785,0.1731174012269496
2026-04-28,58020,-1,10120.0,10135.0,2026-04-28 14:51:00,2026-04-28 15:24:00,-0.0030811160446438087,,
2026-04-30,58020,1,10095.0,10160.0,2026-04-30 10:05:00,2026-04-30 10:19:00,0.004818190385534992,-1.5369825967046982,-0.22647203769349353
2026-04-30,58020,1,10130.0,10160.0,2026-04-30 10:36:00,2026-04-30 11:03:00,0.0013571238897438626,-2.4292941094179836,-0.2795475728360845
2026-04-30,58020,1,10130.0,10160.0,2026-04-30 11:08:00,2026-04-30 11:14:00,0.0013571238897438626,-1.5828899599559707,-0.22818835229711087
2026-04-30,58020,1,10125.0,10135.0,2026-04-30 11:19:00,2026-04-30 15:02:00,-0.0006128330886394479,-2.0432809897344044,0.022097053943766282
2026-04-30,58020,1,10105.0,10105.0,2026-04-30 15:20:00,2026-04-30 15:24:00,-0.0016,,
2026-05-01,58020,1,9995.0,9998.0,2026-05-01 10:00:00,2026-05-01 13:30:00,-0.0012998949609848123,-2.755196117986143,-0.1425200064309589
2026-05-01,58020,1,9980.0,9999.0,2026-05-01 13:43:00,2026-05-01 13:44:00,0.0003019976703397154,-1.7674593734269033,-0.1257205653023409
2026-05-01,58020,1,9987.0,9922.0,2026-05-01 13:52:00,2026-05-01 15:24:00,-0.008129733382140483,,
2026-05-07,58020,-1,10995.0,11255.0,2026-05-07 10:34:00,2026-05-07 15:24:00,-0.024971850351971102,,
2026-05-08,58020,-1,11020.0,10990.0,2026-05-08 10:00:00,2026-05-08 10:37:00,0.0011260353092383925,1.8015933115859906,-0.2861894844889013
2026-05-08,58020,1,10930.0,11270.0,2026-05-08 10:41:00,2026-05-08 15:24:00,0.029033025863237773,,
2026-05-11,58020,1,11340.0,11445.0,2026-05-11 10:00:00,2026-05-11 10:12:00,0.007616655104924048,-6.352271098995186,-0.25170695176521096
2026-05-11,58020,1,11380.0,11390.0,2026-05-11 10:18:00,2026-05-11 13:28:00,-0.0007216512390940415,-1.5146021462157788,0.08300235733731859
2026-05-11,58020,1,11355.0,11265.0,2026-05-11 13:46:00,2026-05-11 15:24:00,-0.00955760167331409,,
2026-05-12,58020,1,12100.0,12045.0,2026-05-12 10:09:00,2026-05-12 14:06:00,-0.006155816535860691,-1.5146619629157247,0.10433739832138633
2026-05-12,58020,-1,12530.0,12130.0,2026-05-12 14:23:00,2026-05-12 14:50:00,0.03084404595201812,1.9481634473148983,0.20991025511682565
2026-05-12,58020,1,11480.0,11585.0,2026-05-12 15:00:00,2026-05-12 15:24:00,0.007504766992919067,,
2026-05-13,58020,-1,11935.0,12825.0,2026-05-13 10:00:00,2026-05-13 15:24:00,-0.07352113126603987,,
2026-05-14,58020,1,12325.0,12130.0,2026-05-14 10:00:00,2026-05-14 15:24:00,-0.01754799697279503,,
2026-05-15,58020,1,11835.0,10980.0,2026-05-15 10:00:00,2026-05-15 15:24:00,-0.07658580688456264,,
2026-05-18,58020,-1,11215.0,11010.0,2026-05-18 10:00:00,2026-05-18 10:14:00,0.016848217237583098,3.2189554873361628,-0.2858586564469281
2026-05-18,58020,-1,11085.0,11375.0,2026-05-18 10:42:00,2026-05-18 15:24:00,-0.027425121768739305,,
2026-05-19,58020,1,11060.0,10775.0,2026-05-19 10:21:00,2026-05-19 15:24:00,-0.027706360104377235,,
2026-05-20,58020,-1,10585.0,10650.0,2026-05-20 10:00:00,2026-05-20 15:24:00,-0.007721987568605649,,
2026-05-21,58020,1,10545.0,10580.0,2026-05-21 10:26:00,2026-05-21 11:04:00,0.0017136124994155107,-1.5970251124380992,0.22037158119328112
2026-05-21,58020,1,10530.0,10575.0,2026-05-21 11:12:00,2026-05-21 12:47:00,0.002664398786457518,-2.5215115578079974,0.2519987961369895
2026-05-21,58020,-1,10615.0,10760.0,2026-05-21 12:50:00,2026-05-21 15:24:00,-0.015167459578418887,,
