date,code,side,entry,exit,entry_ts,exit_ts,entry_z,exit_z,pnl
2025-04-01,57130,1,3217.0,3230.0,2025-04-01 10:00:00,2025-04-01 10:19:00,-5.023283443830812,-0.10527016604744585,0.002432888977675929
2025-04-01,57130,1,3218.0,3192.0,2025-04-01 10:31:00,2025-04-01 15:24:00,,,-0.009712368982629133
2025-04-02,57130,1,3157.0,3172.0,2025-04-02 10:00:00,2025-04-02 10:54:00,-5.51622555582759,-0.2559551385527267,0.0031400941967469117
2025-04-02,57130,-1,3182.0,3176.0,2025-04-02 11:14:00,2025-04-02 15:24:00,,,0.00028738653070578806
2025-04-03,57130,-1,3007.0,2997.0,2025-04-03 10:14:00,2025-04-03 10:39:00,1.5588620079433078,0.1774292764253762,0.0017311156718658389
2025-04-03,57130,-1,3008.0,3006.0,2025-04-03 10:45:00,2025-04-03 15:16:00,1.6514995619966126,0.006690330316223302,-0.0009348852431893657
2025-04-04,57130,1,2841.0,2815.5,2025-04-04 10:00:00,2025-04-04 15:12:00,-4.177525935010369,-0.06555507391771648,-0.01061623715951472
2025-04-04,57130,1,2799.0,2797.5,2025-04-04 15:20:00,2025-04-04 15:24:00,,,-0.002136049329373251
2025-04-07,57130,-1,2471.5,2459.0,2025-04-07 10:21:00,2025-04-07 11:27:00,1.5879616714227798,0.05518743712872758,0.0034704905308213857
2025-04-07,57130,1,2438.5,2454.5,2025-04-07 12:31:00,2025-04-07 12:57:00,-1.5391772610502452,-0.0395537303702585,0.004939978347999868
2025-04-07,57130,1,2434.5,2451.0,2025-04-07 13:15:00,2025-04-07 14:19:00,-1.600184551502124,-0.12041742100247904,0.0051547079053569185
2025-04-07,57130,1,2438.0,2449.0,2025-04-07 14:47:00,2025-04-07 15:05:00,-2.886801724639148,-0.2462044823268686,0.0029017469109508427
2025-04-07,57130,1,2437.5,2423.0,2025-04-07 15:15:00,2025-04-07 15:24:00,,,-0.007566482055476546
2025-04-08,57130,1,2610.5,2629.0,2025-04-08 10:00:00,2025-04-08 10:38:00,-2.297825730039504,-0.04405193422094785,0.005461771879274219
2025-04-08,57130,-1,2643.0,2631.0,2025-04-08 11:15:00,2025-04-08 11:28:00,2.3256523452414823,-0.05252936601620732,0.002950633563996468
2025-04-08,57130,-1,2646.0,2589.0,2025-04-08 12:30:00,2025-04-08 15:24:00,,,0.020177364923363344
2025-04-09,57130,1,2452.5,2458.5,2025-04-09 10:12:00,2025-04-09 10:42:00,-1.9193919955717036,-0.15942464631951456,0.000843495412475845
2025-04-09,57130,-1,2473.5,2433.0,2025-04-09 10:48:00,2025-04-09 15:15:00,1.6074114914523472,-0.03534249384759637,0.014909087884240724
2025-04-09,57130,1,2419.5,2417.5,2025-04-09 15:20:00,2025-04-09 15:24:00,,,-0.0024269589059238523
2025-04-10,57130,1,2713.5,2720.5,2025-04-10 10:00:00,2025-04-10 13:03:00,-3.1863992070708616,-0.19153975872859003,0.0009763724225205033
2025-04-10,57130,1,2711.0,2701.5,2025-04-10 13:16:00,2025-04-10 15:24:00,,,-0.005110396214545029
2025-04-11,57130,-1,2602.0,2700.0,2025-04-11 10:00:00,2025-04-11 15:24:00,,,-0.03857139291996983
2025-04-14,57130,1,2772.0,2780.5,2025-04-14 10:23:00,2025-04-14 10:32:00,-1.6252400883523976,-0.019395319686394838,0.0014616863178247518
2025-04-14,57130,1,2771.0,2821.5,2025-04-14 10:41:00,2025-04-14 15:24:00,,,0.016460392546216354
2025-04-15,57130,-1,2874.0,2861.0,2025-04-15 10:00:00,2025-04-15 10:37:00,2.5160204422424752,0.051065688852185806,0.0029335735888599774
2025-04-15,57130,-1,2866.0,2861.0,2025-04-15 11:02:00,2025-04-15 11:05:00,1.8521855280087427,0.07586085145710715,0.00014611533800691482
2025-04-15,57130,-1,2867.0,2861.5,2025-04-15 12:30:00,2025-04-15 12:33:00,2.1787077901562375,0.09932198459184075,0.0003202240342128175
2025-04-15,57130,1,2856.5,2858.5,2025-04-15 12:36:00,2025-04-15 13:55:00,-1.8973710370271042,-0.07672664598530289,-0.0009000874604912227
2025-04-15,57130,1,2854.0,2836.0,2025-04-15 14:14:00,2025-04-15 15:24:00,,,-0.007926910384763635
2025-04-16,57130,1,2836.5,2847.5,2025-04-16 10:00:00,2025-04-16 11:04:00,-4.844464365006604,0.04840531795768511,0.0022705185547153613
2025-04-16,57130,1,2833.5,2847.0,2025-04-16 11:11:00,2025-04-16 12:30:00,-1.51726669570094,0.20237571109981123,0.003153111668363672
2025-04-16,57130,1,2832.5,2795.5,2025-04-16 12:46:00,2025-04-16 15:24:00,,,-0.014748732435461336
2025-04-17,57130,1,2884.0,2891.5,2025-04-17 10:05:00,2025-04-17 10:16:00,-1.7422871405442877,-0.19991759930242067,0.0009971791934331967
2025-04-17,57130,-1,2904.5,2944.0,2025-04-17 10:32:00,2025-04-17 15:24:00,,,-0.015107942416179734
2025-04-18,57130,1,2957.0,2964.5,2025-04-18 10:01:00,2025-04-18 10:09:00,-1.763228433824033,-0.01035366423353412,0.0009331432949451067
2025-04-18,57130,-1,2972.5,3046.0,2025-04-18 10:11:00,2025-04-18 15:24:00,,,-0.026025904890170284
2025-04-21,57130,1,3007.0,3004.0,2025-04-21 10:00:00,2025-04-21 12:40:00,-2.406615794569204,-0.12344898362110981,-0.002598170104503655
2025-04-21,57130,-1,3019.0,3007.0,2025-04-21 12:48:00,2025-04-21 12:54:00,1.753605728343865,0.2371425471050419,0.0023827467183096885
2025-04-21,57130,-1,3016.0,3044.0,2025-04-21 13:05:00,2025-04-21 15:24:00,,,-0.010840989853729655
2025-04-22,57130,-1,3095.0,3178.0,2025-04-22 10:13:00,2025-04-22 15:24:00,,,-0.028064161977964852
2025-04-23,57130,1,3190.0,3154.0,2025-04-23 10:00:00,2025-04-23 15:24:00,,,-0.012949428255906555
2025-04-24,57130,-1,3194.0,3205.0,2025-04-24 10:01:00,2025-04-24 12:59:00,1.7180669965873938,0.11869213852988612,-0.005038040579812657
2025-04-24,57130,-1,3211.0,3205.0,2025-04-24 13:02:00,2025-04-24 13:06:00,1.9123877794862265,0.09633319922986579,0.0002703247347435097
2025-04-24,57130,1,3195.0,3145.0,2025-04-24 13:11:00,2025-04-24 15:24:00,,,-0.017373197677094283
2025-04-25,57130,1,3183.0,3197.0,2025-04-25 10:00:00,2025-04-25 10:53:00,-3.9706496748065514,-0.28646673107945075,0.0027887217777485852
2025-04-25,57130,-1,3206.0,3223.0,2025-04-25 11:07:00,2025-04-25 15:24:00,,,-0.006888548645939591
2025-04-28,57130,-1,3220.0,3213.0,2025-04-28 10:05:00,2025-04-28 10:09:00,2.886461747666394,0.06855807422919867,0.0005762794225955172
2025-04-28,57130,-1,3218.0,3215.0,2025-04-28 10:11:00,2025-04-28 10:42:00,1.7557435939766202,0.14024943098441253,-0.0006673091193912262
2025-04-28,57130,1,3207.0,3210.0,2025-04-28 11:04:00,2025-04-28 13:36:00,-1.8683834522699256,0.2116586485831474,-0.0006649835690933537
2025-04-28,57130,1,3204.0,3209.0,2025-04-28 14:28:00,2025-04-28 14:57:00,-2.0497144259167177,0.2843270827614859,-4.0667078392910526e-05
2025-04-28,57130,1,3203.0,3208.0,2025-04-28 15:00:00,2025-04-28 15:03:00,-2.051519117617053,-0.08160917189886545,-4.018062275300228e-05
2025-04-28,57130,-1,3222.0,3215.0,2025-04-28 15:08:00,2025-04-28 15:24:00,,,0.0005749270651998963
2025-04-30,57130,1,3228.0,3208.0,2025-04-30 10:00:00,2025-04-30 15:24:00,,,-0.007815060403434285
2025-05-01,57130,-1,3137.0,3128.0,2025-05-01 10:00:00,2025-05-01 10:03:00,1.9915591956510128,-0.2581202405596373,0.0012731065254764434
2025-05-01,57130,-1,3139.0,3140.0,2025-05-01 10:17:00,2025-05-01 13:53:00,1.760219451254816,0.2005517559346466,-0.0019185220603455718
2025-05-01,57130,-1,3143.0,3139.0,2025-05-01 14:09:00,2025-05-01 14:12:00,2.2522479403588425,0.24288141102323343,-0.0003265200443859611
2025-05-01,57130,1,3136.0,3139.0,2025-05-01 14:15:00,2025-05-01 14:32:00,-1.8774502723696709,0.1369740284893463,-0.0006438246283449097
2025-05-01,57130,1,3133.0,3124.0,2025-05-01 14:40:00,2025-05-01 15:24:00,,,-0.004476779992615137
2025-05-02,57130,-1,3141.0,3136.0,2025-05-02 10:27:00,2025-05-02 10:48:00,1.719968827128542,-0.01119675338326545,-6.8819316519364016e-06
2025-05-02,57130,-1,3140.0,3136.0,2025-05-02 10:52:00,2025-05-02 10:55:00,1.8547244221361137,-0.03557282405203174,-0.00032530256799941613
2025-05-02,57130,1,3128.0,3132.0,2025-05-02 10:59:00,2025-05-02 12:59:00,-2.337691636065132,0.12451099161525557,-0.0003220445545080127
2025-05-02,57130,-1,3135.0,3131.0,2025-05-02 13:29:00,2025-05-02 13:36:00,2.102816370884128,-0.1777434582982841,-0.0003232682593846128
2025-05-02,57130,-1,3134.0,3131.0,2025-05-02 14:01:00,2025-05-02 14:39:00,1.6588286515651027,-0.030210057563351028,-0.0006422984104395225
2025-05-02,57130,1,3127.0,3131.0,2025-05-02 14:50:00,2025-05-02 14:57:00,-1.5252984653558237,-0.0010920209038385127,-0.00032163613143548677
2025-05-02,57130,1,3125.0,3120.0,2025-05-02 15:00:00,2025-05-02 15:24:00,,,-0.0032012813669738795
2025-05-07,57130,1,3151.0,3167.0,2025-05-07 10:00:00,2025-05-07 11:07:00,-7.037816221972804,0.272476715719245,0.003464904781365241
2025-05-07,57130,1,3161.0,3166.0,2025-05-07 11:24:00,2025-05-07 11:29:00,-1.5574019077633616,0.03280506711694127,-1.9471774660317735e-05
2025-05-07,57130,-1,3171.0,3167.0,2025-05-07 12:30:00,2025-05-07 12:34:00,1.6873036719860066,0.2692915001559102,-0.0003377720002924326
2025-05-07,57130,1,3161.0,3165.0,2025-05-07 12:39:00,2025-05-07 13:30:00,-1.673439797451447,-0.09416303024998345,-0.0003353776373412041
2025-05-07,57130,1,3158.0,3153.0,2025-05-07 13:34:00,2025-05-07 15:24:00,,,-0.0031845352705265418
2025-05-08,57130,-1,3119.0,3140.0,2025-05-08 10:00:00,2025-05-08 15:24:00,,,-0.00831036229449586
2025-05-09,57130,1,3169.0,3177.0,2025-05-09 10:00:00,2025-05-09 13:47:00,-1.7272383874245372,-0.10946735044550304,0.0009212745785954237
2025-05-09,57130,1,3174.0,3142.0,2025-05-09 13:56:00,2025-05-09 15:24:00,,,-0.011733082270787865
2025-05-12,57130,-1,3128.0,3122.0,2025-05-12 10:46:00,2025-05-12 11:30:00,1.6565163320578016,0.25798339023913164,0.00032000058982427576
2025-05-12,57130,-1,3126.0,3121.0,2025-05-12 12:33:00,2025-05-12 12:34:00,1.7416767828636956,-0.0633298650613322,7.687106425334836e-07
2025-05-12,57130,-1,3125.0,3121.0,2025-05-12 12:36:00,2025-05-12 12:38:00,1.7353107845325713,-0.11650844726422516,-0.000319180100277609
2025-05-12,57130,-1,3127.0,3179.0,2025-05-12 12:41:00,2025-05-12 15:24:00,,,-0.018092603452961407
2025-05-13,57130,-1,3307.0,3292.0,2025-05-13 10:01:00,2025-05-13 10:28:00,1.9191702061609188,0.24441762456010696,0.00294615118483239
2025-05-13,57130,1,3283.0,3289.0,2025-05-13 10:56:00,2025-05-13 11:02:00,-1.7475236750928613,-0.2870673397434828,0.00022592868746422034
2025-05-13,57130,1,3283.0,3287.0,2025-05-13 11:15:00,2025-05-13 12:47:00,-1.9662526557025346,-0.29010314854910957,-0.0003823438373731689
2025-05-13,57130,1,3277.0,3287.0,2025-05-13 12:54:00,2025-05-13 13:12:00,-1.8542664686396304,-0.27424098709360584,0.0014469249654048388
2025-05-13,57130,1,3283.0,3288.0,2025-05-13 13:40:00,2025-05-13 13:46:00,-1.6225545798384462,-0.1318477742959239,-7.816132552223914e-05
2025-05-13,57130,1,3282.0,3288.0,2025-05-13 13:52:00,2025-05-13 14:46:00,-1.7802387279522944,0.01841922220769224,0.00022648452603428113
2025-05-13,57130,1,3283.0,3288.0,2025-05-13 14:52:00,2025-05-13 15:24:00,-2.2463196556785077,0.21865551459792945,-7.816132552223914e-05
2025-05-14,57130,1,3220.0,3232.0,2025-05-14 10:01:00,2025-05-14 10:23:00,-2.099144918773964,0.2471037090791469,0.002119781102532082
2025-05-14,57130,1,3225.0,3231.0,2025-05-14 10:51:00,2025-05-14 10:57:00,-2.229839209083929,0.23966533663355477,0.0002587365946253419
2025-05-14,57130,-1,3235.0,3230.0,2025-05-14 10:58:00,2025-05-14 11:04:00,1.7219103810241976,-0.14831755948931014,-5.32092817013179e-05
2025-05-14,57130,-1,3235.0,3230.0,2025-05-14 11:21:00,2025-05-14 12:38:00,1.6481538274129348,-0.1105993644837083,-5.32092817013179e-05
2025-05-14,57130,-1,3240.0,3300.0,2025-05-14 12:46:00,2025-05-14 15:24:00,,,-0.019949138668196618
2025-05-15,57130,-1,3245.0,3221.0,2025-05-15 10:00:00,2025-05-15 10:22:00,3.1187865638721615,0.10825762278106493,0.005823479806991517
2025-05-15,57130,1,3212.0,3218.0,2025-05-15 10:49:00,2025-05-15 11:18:00,-2.166121976007304,-0.018464970786807196,0.00026625248567623406
2025-05-15,57130,-1,3226.0,3220.0,2025-05-15 12:38:00,2025-05-15 13:08:00,1.6114017827835099,0.2635939242455987,0.00026162014670018103
2025-05-15,57130,-1,3225.0,3222.0,2025-05-15 13:11:00,2025-05-15 14:38:00,1.51138449761907,0.2792644098801842,-0.0006693345070468494
2025-05-15,57130,1,3217.0,3221.0,2025-05-15 15:03:00,2025-05-15 15:15:00,-1.6662815107665752,0.10874992709895957,-0.0003573779078275567
2025-05-15,57130,-1,3225.0,3226.0,2025-05-15 15:20:00,2025-05-15 15:24:00,,,-0.0019100294552812985
2025-05-16,57130,-1,3216.0,3233.0,2025-05-16 10:33:00,2025-05-16 15:24:00,,,-0.006872147426576187
2025-05-19,57130,-1,3235.0,3229.0,2025-05-19 10:15:00,2025-05-19 10:32:00,1.6997274640641076,-0.0037557246113504765,0.00025643617672572896
2025-05-19,57130,1,3222.0,3217.0,2025-05-19 10:37:00,2025-05-19 13:10:00,-1.7785871785238352,-0.1945705844057333,-0.0031530364978933673
2025-05-19,57130,-1,3227.0,3218.0,2025-05-19 13:31:00,2025-05-19 14:06:00,1.5421803621209542,-0.14414302430787812,0.0011928644996333025
2025-05-19,57130,1,3205.0,3161.0,2025-05-19 14:25:00,2025-05-19 15:24:00,,,-0.015423657139152648
2025-05-20,57130,1,3206.0,3151.0,2025-05-20 10:00:00,2025-05-20 15:24:00,,,-0.018904191412223624
2025-05-21,57130,1,3158.0,3170.0,2025-05-21 10:00:00,2025-05-21 10:36:00,-3.225476951434458,0.26847185643245347,0.0021926720557389756
2025-05-21,57130,-1,3179.0,3254.0,2025-05-21 10:54:00,2025-05-21 15:24:00,,,-0.024918326868180345
2025-05-22,57130,-1,3214.0,3221.0,2025-05-22 10:00:00,2025-05-22 15:24:00,,,-0.0037756030337410323
2025-05-23,57130,-1,3248.0,3258.0,2025-05-23 10:00:00,2025-05-23 15:02:00,2.5781095460500763,0.17157921153804215,-0.0046740878804219345
2025-05-23,57130,-1,3262.0,3263.0,2025-05-23 15:05:00,2025-05-23 15:24:00,,,-0.0019065134123614328
2025-05-26,57130,-1,3325.0,3329.0,2025-05-26 10:00:00,2025-05-26 10:57:00,1.9992898735689157,0.2307560390112279,-0.00280228448507042
2025-05-26,57130,-1,3332.0,3327.0,2025-05-26 11:24:00,2025-05-26 12:34:00,1.5171636189944302,-0.09874132569509551,-9.827273174343835e-05
2025-05-26,57130,-1,3333.0,3327.0,2025-05-26 12:43:00,2025-05-26 12:49:00,2.0365313389204505,-0.16019237709907916,0.000201802289262911
2025-05-26,57130,-1,3332.0,3355.0,2025-05-26 13:05:00,2025-05-26 15:24:00,,,-0.00847904611904896
2025-05-27,57130,-1,3416.0,3396.0,2025-05-27 10:00:00,2025-05-27 10:16:00,2.0447633775643212,0.062068445087062225,0.0042720074772225535
2025-05-27,57130,1,3376.0,3393.0,2025-05-27 10:27:00,2025-05-27 10:30:00,-1.67400023069039,-0.14532025633370085,0.0034229090683824716
2025-05-27,57130,1,3386.0,3393.0,2025-05-27 10:44:00,2025-05-27 11:23:00,-1.5654816277654549,-0.08603159117754974,0.00046520209114944765
2025-05-27,57130,1,3388.0,3393.0,2025-05-27 11:25:00,2025-05-27 11:26:00,-2.1514508296796744,-0.05741020967183357,-0.00012529098771497395
2025-05-27,57130,-1,3401.0,3392.0,2025-05-27 12:30:00,2025-05-27 12:33:00,1.8336665606175648,-0.2982598940993932,0.0010497880954017248
2025-05-27,57130,1,3384.0,3391.0,2025-05-27 12:37:00,2025-05-27 12:58:00,-2.0376328906948467,-0.2281770484599033,0.0004664213995247597
2025-05-27,57130,1,3384.0,3391.0,2025-05-27 13:01:00,2025-05-27 13:06:00,-1.5291436438283807,-0.24871283069552597,0.0004664213995247597
2025-05-27,57130,1,3384.0,3389.0,2025-05-27 13:09:00,2025-05-27 14:38:00,-1.6378643528006713,-0.1266275038902444,-0.00012354911906265658
2025-05-27,57130,-1,3397.0,3412.0,2025-05-27 15:00:00,2025-05-27 15:24:00,,,-0.006005940450985734
2025-05-28,57130,1,3301.0,3308.0,2025-05-28 10:00:00,2025-05-28 14:00:00,-4.016512257400949,0.29924147903658715,0.0005183242903888106
2025-05-28,57130,1,3302.0,3284.0,2025-05-28 14:26:00,2025-05-28 15:24:00,,,-0.007066153907754434
2025-05-29,57130,-1,3313.0,3302.0,2025-05-29 10:00:00,2025-05-29 10:13:00,2.8533953844858773,0.2489772141846036,0.0017257778198225282
2025-05-29,57130,-1,3308.0,3336.0,2025-05-29 10:33:00,2025-05-29 15:24:00,,,-0.01002870733505553
2025-05-30,57130,1,3332.0,3341.0,2025-05-30 10:10:00,2025-05-30 12:38:00,-1.6631925027260475,0.28837362795487853,0.0010974390700231207
2025-05-30,57130,-1,3345.0,3339.0,2025-05-30 12:40:00,2025-05-30 12:52:00,1.5246542994135366,-0.2920426365867962,0.00019533261867426318
2025-05-30,57130,1,3336.0,3340.0,2025-05-30 13:04:00,2025-05-30 13:08:00,-1.5194890548890905,-0.013556311648737827,-0.00040167750789128374
2025-05-30,57130,1,3335.0,3340.0,2025-05-30 13:10:00,2025-05-30 13:16:00,-1.864613449688938,0.010258902268338437,-0.0001018723789780083
2025-05-30,57130,1,3337.0,3340.0,2025-05-30 13:18:00,2025-05-30 13:52:00,-1.6646572688254069,0.2204506630780789,-0.0007013927806279984
2025-05-30,57130,-1,3343.0,3340.0,2025-05-30 13:56:00,2025-05-30 14:11:00,1.501989182514438,0.06196790141310285,-0.0007021995506474856
2025-05-30,57130,-1,3344.0,3341.0,2025-05-30 14:14:00,2025-05-30 15:11:00,1.5415109716814654,0.033954333233589616,-0.0007024681521642672
2025-05-30,57130,1,3336.0,3336.0,2025-05-30 15:24:00,2025-05-30 15:24:00,,,-0.0016
2025-06-02,57130,1,3244.0,3254.0,2025-06-02 10:00:00,2025-06-02 12:48:00,-9.765177000369178,0.0314398223863346,0.0014778725436796366
2025-06-02,57130,-1,3258.0,3253.0,2025-06-02 13:18:00,2025-06-02 13:23:00,1.5384557629594713,-0.17090435885206912,-6.413731136096492e-05
2025-06-02,57130,1,3250.0,3253.0,2025-06-02 13:51:00,2025-06-02 14:02:00,-1.8373427063725898,-0.25058586098199936,-0.0006773488504316106
2025-06-02,57130,1,3252.0,3254.0,2025-06-02 14:35:00,2025-06-02 14:57:00,-1.9730201556081064,0.2627141062510535,-0.0009851828887179998
2025-06-02,57130,-1,3257.0,3267.0,2025-06-02 15:00:00,2025-06-02 15:24:00,,,-0.004665606324836744
2025-06-03,57130,-1,3312.0,3312.0,2025-06-03 10:00:00,2025-06-03 12:30:00,2.550232976057435,0.030439805682626733,-0.0016
2025-06-03,57130,-1,3322.0,3313.0,2025-06-03 12:42:00,2025-06-03 12:53:00,1.7264589127087036,0.21780707888011033,0.0011128878733443748
2025-06-03,57130,1,3306.0,3312.0,2025-06-03 13:19:00,2025-06-03 13:47:00,-1.547221070046542,0.09994572059537764,0.00021323712418072171
2025-06-03,57130,1,3309.0,3312.0,2025-06-03 13:57:00,2025-06-03 14:02:00,-1.510657602274596,0.21465841831504362,-0.0006937924164619097
2025-06-03,57130,-1,3315.0,3312.0,2025-06-03 14:05:00,2025-06-03 14:33:00,2.176138540751609,0.03554685584682578,-0.0006946128851874323
2025-06-03,57130,-1,3317.0,3320.0,2025-06-03 14:56:00,2025-06-03 15:24:00,,,-0.002504022963481761
2025-06-04,57130,1,3344.0,3347.0,2025-06-04 10:02:00,2025-06-04 10:34:00,-1.856860619772213,-0.1658059305719319,-0.0007032729932656065
2025-06-04,57130,-1,3355.0,3359.0,2025-06-04 10:43:00,2025-06-04 15:24:00,,,-0.002791540206510644
2025-06-05,57130,-1,3335.0,3333.0,2025-06-05 10:00:00,2025-06-05 12:30:00,1.7748154636466569,0.17909887812666966,-0.0010001199580155782
2025-06-05,57130,-1,3340.0,3331.0,2025-06-05 12:33:00,2025-06-05 13:59:00,1.9244180359647602,-0.2489906432598519,0.0010982477770664636
2025-06-05,57130,-1,3335.0,3349.0,2025-06-05 14:05:00,2025-06-05 15:24:00,,,-0.005789114444480493
2025-06-06,57130,-1,3379.0,3380.0,2025-06-06 10:00:00,2025-06-06 12:30:00,4.00169663527025,0.11865914113857827,-0.001895901762774625
2025-06-06,57130,1,3371.0,3377.0,2025-06-06 12:31:00,2025-06-06 14:45:00,-1.5502808996061634,0.14835299996454812,0.00017830515150693733
2025-06-06,57130,1,3374.0,3376.0,2025-06-06 14:49:00,2025-06-06 15:06:00,-1.5746650208295356,-0.24105143719060398,-0.0010074073900658788
2025-06-06,57130,1,3373.0,3370.0,2025-06-06 15:12:00,2025-06-06 15:24:00,,,-0.0024898117152427797
2025-06-09,57130,1,3379.0,3377.0,2025-06-09 10:00:00,2025-06-09 12:31:00,-2.8143381132437106,0.22362470177006477,-0.002192066328722238
2025-06-09,57130,1,3366.0,3361.0,2025-06-09 12:45:00,2025-06-09 15:24:00,,,-0.0030865470256457098
2025-06-10,57130,1,3394.0,3402.0,2025-06-10 10:00:00,2025-06-10 10:03:00,-4.097045385991082,-0.026493099958605746,0.0007543271616353606
2025-06-10,57130,1,3398.0,3404.0,2025-06-10 10:51:00,2025-06-10 11:02:00,-1.8162834164143566,0.24799570015430542,0.00016418746138741904
2025-06-10,57130,1,3399.0,3403.0,2025-06-10 11:10:00,2025-06-10 11:17:00,-1.6452628606333093,-0.13064422567797632,-0.000423875195210293
2025-06-10,57130,1,3393.0,3402.0,2025-06-10 12:30:00,2025-06-10 12:43:00,-3.890338476169313,-0.08246684402604205,0.0010490081715768625
2025-06-10,57130,1,3397.0,3351.0,2025-06-10 12:58:00,2025-06-10 15:24:00,,,-0.015233880423273546
2025-06-11,57130,1,3322.0,3333.0,2025-06-11 10:00:00,2025-06-11 10:52:00,-3.401386403750952,-0.297635717125973,0.0017057881344994103
2025-06-11,57130,-1,3338.0,3334.0,2025-06-11 11:19:00,2025-06-11 12:30:00,1.784543369181408,0.020029810873843777,-0.00040095908895897365
2025-06-11,57130,1,3328.0,3333.0,2025-06-11 12:44:00,2025-06-11 12:47:00,-2.0484375865278235,-0.28256365818763585,-9.872363335962754e-05
2025-06-11,57130,-1,3338.0,3334.0,2025-06-11 13:00:00,2025-06-11 13:13:00,1.8365872912571461,0.04430305637786347,-0.00040095908895897365
2025-06-11,57130,-1,3337.0,3360.0,2025-06-11 13:20:00,2025-06-11 15:24:00,,,-0.008468774205875954
2025-06-12,57130,-1,3357.0,3345.0,2025-06-12 10:00:00,2025-06-12 15:24:00,,,0.0019810244177061393
2025-06-13,57130,1,3331.0,3338.0,2025-06-13 10:00:00,2025-06-13 12:55:00,-2.9496244724702403,-0.20234685366158528,0.0004992660281008421
2025-06-13,57130,1,3335.0,3339.0,2025-06-13 13:25:00,2025-06-13 13:31:00,-1.7620323818377246,0.05631962201701607,-0.0004013184060695392
2025-06-13,57130,1,3334.0,3339.0,2025-06-13 13:36:00,2025-06-13 13:51:00,-2.8087778295811257,0.11183216755984328,-0.00010142336708489547
2025-06-13,57130,-1,3342.0,3339.0,2025-06-13 14:02:00,2025-06-13 14:04:00,2.046339300794096,0.10989107044929425,-0.0007019307883155072
2025-06-13,57130,-1,3342.0,3339.0,2025-06-13 14:08:00,2025-06-13 14:17:00,1.7336261549502638,0.0986375205429057,-0.0007019307883155072
2025-06-13,57130,1,3336.0,3339.0,2025-06-13 14:21:00,2025-06-13 14:27:00,-1.8365833586846207,0.10047611727136709,-0.0007011235349827495
2025-06-13,57130,1,3336.0,3339.0,2025-06-13 14:38:00,2025-06-13 14:59:00,-1.751393203524897,0.12212342826025872,-0.0007011235349827495
2025-06-13,57130,-1,3344.0,3338.0,2025-06-13 15:01:00,2025-06-13 15:18:00,2.5613026897093154,-0.2953112624816965,0.00019586998281190694
2025-06-16,57130,1,3417.0,3431.0,2025-06-16 10:01:00,2025-06-16 10:56:00,-1.7921407466194825,-0.0862245047805039,0.002488790743157814
2025-06-16,57130,-1,3440.0,3438.0,2025-06-16 11:19:00,2025-06-16 12:38:00,1.5114725009617969,0.2628476579388932,-0.0010184355753505728
2025-06-16,57130,1,3422.0,3382.0,2025-06-16 12:54:00,2025-06-16 15:24:00,,,-0.013357924993613145
2025-06-17,57130,-1,3428.0,3416.0,2025-06-17 10:06:00,2025-06-17 10:21:00,1.5119622190127515,-0.16726496344830535,0.001906724809209966
2025-06-17,57130,-1,3428.0,3419.0,2025-06-17 10:29:00,2025-06-17 11:11:00,2.203889334722019,-0.07070576788967291,0.0010288900783690677
2025-06-17,57130,-1,3425.0,3420.0,2025-06-17 12:32:00,2025-06-17 12:38:00,1.883873630843882,0.1751947060401399,-0.00013907936032512918
2025-06-17,57130,-1,3425.0,3420.0,2025-06-17 12:39:00,2025-06-17 13:24:00,2.162445474448215,-0.1896664811181919,-0.00013907936032512918
2025-06-17,57130,-1,3426.0,3421.0,2025-06-17 13:45:00,2025-06-17 14:03:00,2.272154914114938,0.006036455199990807,-0.00013950609353942248
2025-06-17,57130,1,3417.0,3426.0,2025-06-17 14:17:00,2025-06-17 15:24:00,,,0.0010304267687734198
2025-06-18,57130,1,3396.0,3413.0,2025-06-18 10:00:00,2025-06-18 10:13:00,-6.315175969505189,-0.13405248803717107,0.0033934014754691422
2025-06-18,57130,1,3407.0,3413.0,2025-06-18 10:30:00,2025-06-18 10:45:00,-1.5390075986174943,-0.2016897608919508,0.0001595312457404862
2025-06-18,57130,1,3411.0,3414.0,2025-06-18 11:09:00,2025-06-18 12:30:00,-1.6071891184204576,0.2523618027195939,-0.0007208790642599074
2025-06-18,57130,-1,3422.0,3442.0,2025-06-18 12:53:00,2025-06-18 15:24:00,,,-0.007427522319345978
2025-06-19,57130,1,3411.0,3366.0,2025-06-19 10:00:00,2025-06-19 15:24:00,,,-0.014880407667894379
2025-06-20,57130,1,3396.0,3401.0,2025-06-20 10:07:00,2025-06-20 14:19:00,-2.205435428767283,-0.2971139405150866,-0.0001287624240424684
2025-06-20,57130,1,3392.0,3372.0,2025-06-20 14:36:00,2025-06-20 15:24:00,,,-0.007513677790047628
2025-06-23,57130,1,3352.0,3332.0,2025-06-23 10:04:00,2025-06-23 15:24:00,,,-0.007584458315240307
2025-06-24,57130,1,3357.0,3337.0,2025-06-24 10:01:00,2025-06-24 15:24:00,,,-0.007575518228660908
2025-06-25,57130,1,3319.0,3325.0,2025-06-25 10:00:00,2025-06-25 12:47:00,-4.968346529639052,-0.05452125607200484,0.00020614136997994595
2025-06-25,57130,1,3323.0,3324.0,2025-06-25 13:41:00,2025-06-25 14:33:00,-1.7962737783465783,-0.14839014988529448,-0.0012991123792553615
2025-06-25,57130,-1,3327.0,3323.0,2025-06-25 15:05:00,2025-06-25 15:24:00,,,-0.00039699233611752626
2025-06-26,57130,1,3326.0,3333.0,2025-06-26 10:02:00,2025-06-26 10:08:00,-1.9374221997910108,-0.03975945517839284,0.0005024185548666491
2025-06-26,57130,-1,3339.0,3363.0,2025-06-26 10:24:00,2025-06-26 15:24:00,,,-0.008762071796614984
2025-06-27,57130,-1,3556.0,3569.0,2025-06-27 10:00:00,2025-06-27 14:58:00,2.039439279138427,0.12324947677044673,-0.005249126856365207
2025-06-27,57130,-1,3582.0,3599.0,2025-06-27 15:05:00,2025-06-27 15:24:00,,,-0.006334725458373626
2025-06-30,57130,1,3583.0,3564.0,2025-06-30 10:00:00,2025-06-30 15:24:00,,,-0.006916928714253885
2025-07-01,57130,1,3535.0,3516.0,2025-07-01 10:00:00,2025-07-01 15:24:00,,,-0.006989319525605567
2025-07-02,57130,-1,3536.0,3593.0,2025-07-02 10:00:00,2025-07-02 15:24:00,,,-0.01759136335598462
2025-07-03,57130,-1,3744.0,3693.0,2025-07-03 10:00:00,2025-07-03 11:19:00,9.282335811300152,0.09735528658547467,0.012115422744919415
2025-07-03,57130,1,3681.0,3687.0,2025-07-03 12:30:00,2025-07-03 14:58:00,-2.1431505464731666,0.06818287633004426,2.866485512328064e-05
2025-07-03,57130,1,3679.0,3686.0,2025-07-03 15:03:00,2025-07-03 15:06:00,-1.7515695031996374,-0.18919874708534495,0.00030088312499415896
2025-07-03,57130,-1,3693.0,3706.0,2025-07-03 15:22:00,2025-07-03 15:24:00,,,-0.005113991992741887
2025-07-04,57130,1,3629.0,3603.0,2025-07-04 10:00:00,2025-07-04 15:24:00,,,-0.008790296464977143
2025-07-07,57130,1,3561.0,3562.0,2025-07-07 10:00:00,2025-07-07 12:30:00,-1.818572262584305,0.07492966258572678,-0.0013192194281708047
2025-07-07,57130,-1,3566.0,3528.0,2025-07-07 12:54:00,2025-07-07 15:24:00,,,0.009113381296403782
2025-07-08,57130,-1,3575.0,3557.0,2025-07-08 10:00:00,2025-07-08 10:32:00,3.867847820465728,-0.14471140614100553,0.003447683179652829
2025-07-08,57130,-1,3570.0,3618.0,2025-07-08 11:00:00,2025-07-08 15:24:00,,,-0.014955791181555636
2025-07-09,57130,1,3550.0,3603.0,2025-07-09 10:00:00,2025-07-09 13:28:00,-4.340670609176686,-0.14485513071836933,0.013219228278631645
2025-07-09,57130,1,3597.0,3580.0,2025-07-09 14:08:00,2025-07-09 15:24:00,,,-0.0063373643008779144
2025-07-10,57130,1,3530.0,3489.0,2025-07-10 10:00:00,2025-07-10 15:24:00,,,-0.013282708740568352
2025-07-11,57130,-1,3540.0,3531.0,2025-07-11 10:00:00,2025-07-11 10:07:00,1.6188775327563707,-0.06733554462379929,0.0009456101994337422
2025-07-11,57130,-1,3540.0,3566.0,2025-07-11 10:13:00,2025-07-11 15:24:00,,,-0.008917792295265504
2025-07-14,57130,1,3510.0,3520.0,2025-07-14 10:00:00,2025-07-14 10:30:00,-7.119261122169846,-0.0363204628576467,0.0012449521322313447
2025-07-14,57130,-1,3529.0,3521.0,2025-07-14 10:43:00,2025-07-14 11:13:00,1.689929477393291,-0.048191926983115,0.0006695045202175143
2025-07-14,57130,-1,3530.0,3522.0,2025-07-14 11:28:00,2025-07-14 12:30:00,1.8821962832133907,0.14199879938072338,0.0006688608711909758
2025-07-14,57130,1,3514.0,3489.0,2025-07-14 12:44:00,2025-07-14 15:24:00,,,-0.008739827560268363
2025-07-15,57130,1,3453.0,3458.0,2025-07-15 10:10:00,2025-07-15 10:32:00,-2.5141079757481184,0.23338353424804295,-0.00015303114675648596
2025-07-15,57130,-1,3468.0,3458.0,2025-07-15 10:44:00,2025-07-15 12:32:00,1.5807904566940536,-0.18064152065192704,0.00128767165719663
2025-07-15,57130,1,3453.0,3445.0,2025-07-15 12:53:00,2025-07-15 15:24:00,,,-0.003919513942233386
2025-07-16,57130,1,3439.0,3433.0,2025-07-16 10:00:00,2025-07-16 13:04:00,-2.452683262226324,-0.13694596662170702,-0.0033462169745741704
2025-07-16,57130,-1,3441.0,3434.0,2025-07-16 13:28:00,2025-07-16 13:51:00,1.7598204790150977,0.0852528746183069,0.0004363643400595635
2025-07-16,57130,1,3430.0,3432.0,2025-07-16 14:16:00,2025-07-16 15:17:00,-1.6796867467158347,-0.14271685687506785,-0.0010170795521327242
2025-07-16,57130,1,3428.0,3428.0,2025-07-16 15:23:00,2025-07-16 15:24:00,,,-0.0016
2025-07-17,57130,-1,3391.0,3387.0,2025-07-17 10:03:00,2025-07-17 10:15:00,2.501456366527715,0.2165381000834551,-0.0004197106921331071
2025-07-17,57130,1,3384.0,3387.0,2025-07-17 10:22:00,2025-07-17 10:24:00,-1.5330506661485515,0.27792881361941457,-0.0007138679083422019
2025-07-17,57130,1,3383.0,3385.0,2025-07-17 10:34:00,2025-07-17 12:30:00,-2.028959918712658,-0.10292480308105527,-0.0010089834343330532
2025-07-17,57130,-1,3392.0,3404.0,2025-07-17 12:39:00,2025-07-17 15:24:00,,,-0.005131492781471159
2025-07-18,57130,1,3407.0,3413.0,2025-07-18 10:00:00,2025-07-18 10:03:00,-1.97453348342788,-0.24127522641589844,0.0001595312457404862
2025-07-18,57130,-1,3420.0,3419.0,2025-07-18 10:09:00,2025-07-18 13:05:00,1.5279185349356115,0.2414150164709216,-0.0013075595826504871
2025-07-18,57130,-1,3426.0,3419.0,2025-07-18 13:13:00,2025-07-18 13:50:00,1.855729619487579,-0.041981058423528665,0.0004452892447639617
2025-07-18,57130,-1,3425.0,3419.0,2025-07-18 13:56:00,2025-07-18 14:06:00,1.6254467402822788,-0.09429429320622032,0.00015336105702436187
2025-07-18,57130,-1,3422.0,3419.0,2025-07-18 14:34:00,2025-07-18 14:39:00,2.630970001700506,-0.2898604865020588,-0.0007229351871624832
2025-07-18,57130,-1,3421.0,3419.0,2025-07-18 14:40:00,2025-07-18 14:56:00,1.780201624192732,-0.29055069611534445,-0.0010152046616966552
2025-07-18,57130,-1,3421.0,3419.0,2025-07-18 14:57:00,2025-07-18 15:24:00,,,-0.0010152046616966552
2025-07-22,57130,-1,3505.0,3506.0,2025-07-22 10:01:00,2025-07-22 13:09:00,2.3596385543319003,-0.1566091506364096,-0.0018852660124892822
2025-07-22,57130,-1,3515.0,3538.0,2025-07-22 13:37:00,2025-07-22 15:24:00,,,-0.008122070474965345
2025-07-23,57130,1,3562.0,3570.0,2025-07-23 10:00:00,2025-07-23 11:18:00,-3.762907985942326,-0.16905954209837823,0.0006434109240776949
2025-07-23,57130,-1,3580.0,3573.0,2025-07-23 11:21:00,2025-07-23 13:31:00,1.651534511029344,-0.23888244763037048,0.00035722137133623326
2025-07-23,57130,1,3561.0,3575.0,2025-07-23 13:36:00,2025-07-23 13:56:00,-2.5369304146695963,0.14046840415432682,0.0023237718503302286
2025-07-23,57130,1,3568.0,3574.0,2025-07-23 14:14:00,2025-07-23 14:23:00,-2.063240517140288,-0.13648622090910825,8.020201947333085e-05
2025-07-23,57130,-1,3580.0,3574.0,2025-07-23 14:33:00,2025-07-23 15:01:00,1.8070322521846283,-0.2918123249128996,7.738367537260971e-05
2025-07-23,57130,1,3565.0,3570.0,2025-07-23 15:03:00,2025-07-23 15:24:00,,,-0.00019845807471152287
2025-07-24,57130,-1,3612.0,3618.0,2025-07-24 10:05:00,2025-07-24 14:14:00,1.5749713884902814,-0.2122537449210009,-0.0032597514183644706
2025-07-24,57130,1,3614.0,3619.0,2025-07-24 14:45:00,2025-07-24 14:51:00,-2.1743084783323825,-0.09432247515281589,-0.00021744758843139232
2025-07-24,57130,1,3616.0,3619.0,2025-07-24 14:56:00,2025-07-24 15:01:00,-2.282294309259533,-0.12689634898190463,-0.0007706979483247131
2025-07-24,57130,-1,3623.0,3623.0,2025-07-24 15:12:00,2025-07-24 15:24:00,,,-0.0016
2025-07-25,57130,1,3545.0,3517.0,2025-07-25 10:16:00,2025-07-25 15:24:00,,,-0.009529806492245385
2025-07-28,57130,1,3497.0,3511.0,2025-07-28 10:00:00,2025-07-28 10:10:00,-4.6142248730389985,-0.12926112805271947,0.0023954391050562945
2025-07-28,57130,1,3504.0,3490.0,2025-07-28 10:30:00,2025-07-28 15:24:00,,,-0.005603436859809245
2025-07-29,57130,-1,3455.0,3447.0,2025-07-29 10:00:00,2025-07-29 10:08:00,1.9336897149098808,0.11313773518825435,0.0007181696849048803
2025-07-29,57130,-1,3450.0,3446.0,2025-07-29 10:37:00,2025-07-29 10:39:00,1.563228874710258,-0.29868698388087916,-0.0004399070624695118
2025-07-29,57130,-1,3451.0,3448.0,2025-07-29 10:42:00,2025-07-29 10:57:00,1.9249846759257874,0.28054702504919604,-0.0007303086855803373
2025-07-29,57130,1,3439.0,3439.0,2025-07-29 11:09:00,2025-07-29 15:24:00,-1.5119366594878596,0.20758324668395667,-0.0016
2025-07-30,57130,-1,3442.0,3438.0,2025-07-30 10:07:00,2025-07-30 12:36:00,1.5994076723373276,-0.05410674656254422,-0.0004372091713098266
2025-07-30,57130,1,3431.0,3468.0,2025-07-30 12:55:00,2025-07-30 15:24:00,,,0.009126295041982792
2025-07-31,57130,-1,3367.0,3351.0,2025-07-31 10:00:00,2025-07-31 10:57:00,3.523457935234576,0.06118471349620573,0.003163331423764102
2025-07-31,57130,-1,3359.0,3354.0,2025-07-31 10:59:00,2025-07-31 13:00:00,1.7477844803188896,0.01757541306003182,-0.00011035277086142133
2025-07-31,57130,-1,3363.0,3354.0,2025-07-31 13:20:00,2025-07-31 13:29:00,1.5949396643181635,-0.0037119552971452544,0.0010797693571154463
2025-07-31,57130,-1,3363.0,3354.0,2025-07-31 13:42:00,2025-07-31 13:56:00,2.5853626500544986,-0.05655728226912167,0.0010797693571154463
2025-07-31,57130,-1,3359.0,3364.0,2025-07-31 13:59:00,2025-07-31 15:24:00,,,-0.0030874314805460325
2025-08-01,57130,-1,3423.0,3407.0,2025-08-01 10:00:00,2025-08-01 10:24:00,3.9448813061846577,0.18538170335720155,0.003085220869218733
2025-08-01,57130,1,3397.0,3404.0,2025-08-01 10:46:00,2025-08-01 10:49:00,-1.5084370987711575,-0.2460718896953105,0.0004585215326809299
2025-08-01,57130,1,3402.0,3406.0,2025-08-01 10:58:00,2025-08-01 11:14:00,-1.5217743092600602,0.25403796871917467,-0.0004249117331735189
2025-08-01,57130,-1,3411.0,3406.0,2025-08-01 12:31:00,2025-08-01 12:48:00,2.8828372326934373,0.23587981409749703,-0.00013307880398787542
2025-08-01,57130,1,3393.0,3384.0,2025-08-01 13:01:00,2025-08-01 15:24:00,,,-0.004256044058116296
2025-08-04,57130,-1,3410.0,3393.0,2025-08-04 10:00:00,2025-08-04 10:26:00,2.766661670684531,-0.0976025100775216,0.0033978054933323457
2025-08-04,57130,-1,3407.0,3440.0,2025-08-04 10:38:00,2025-08-04 15:24:00,,,-0.011239332706477418
2025-08-05,57130,-1,3481.0,3503.0,2025-08-05 10:00:00,2025-08-05 15:24:00,,,-0.00790013538604798
2025-08-06,57130,-1,3520.0,3536.0,2025-08-06 10:00:00,2025-08-06 14:17:00,2.752346672900961,0.13042226392455555,-0.006135155165391363
2025-08-06,57130,-1,3540.0,3552.0,2025-08-06 14:59:00,2025-08-06 15:24:00,,,-0.0049840979842404945
2025-08-07,57130,-1,3560.0,3651.0,2025-08-07 10:20:00,2025-08-07 15:02:00,2.287409228183638,0.1476372336302322,-0.026840557809560822
2025-08-08,57130,1,3638.0,3647.0,2025-08-08 10:08:00,2025-08-08 10:21:00,-1.7254683089491722,-0.0447071182127984,0.0008708317306127548
2025-08-08,57130,1,3634.0,3646.0,2025-08-08 10:23:00,2025-08-08 10:50:00,-1.989828239668862,0.02138956156937911,0.0016967062824918028
2025-08-08,57130,1,3635.0,3644.0,2025-08-08 10:53:00,2025-08-08 10:59:00,-2.02816009451633,-0.28059369511761595,0.0008728684122292156
2025-08-08,57130,-1,3653.0,3649.0,2025-08-08 12:31:00,2025-08-08 13:21:00,1.8297844410223525,0.09643217073603037,-0.0005044096411651018
2025-08-08,57130,1,3641.0,3651.0,2025-08-08 13:49:00,2025-08-08 14:37:00,-1.5116159996517176,-0.0026102903791859005,0.001142733480203497
2025-08-08,57130,-1,3657.0,3651.0,2025-08-08 14:39:00,2025-08-08 14:40:00,1.685751216324735,-0.005671567996253016,4.2036493744298555e-05
2025-08-08,57130,1,3639.0,3640.0,2025-08-08 14:52:00,2025-08-08 15:24:00,,,-0.0013252369813734365
2025-08-12,57130,-1,3662.0,3647.0,2025-08-12 10:08:00,2025-08-12 10:34:00,1.913437930556009,-0.09080785931673384,0.0025045344257757524
2025-08-12,57130,1,3637.0,3646.0,2025-08-12 10:46:00,2025-08-12 12:31:00,-1.7949545063114205,-0.19663927551617513,0.0008715102516192186
2025-08-12,57130,-1,3658.0,3652.0,2025-08-12 12:34:00,2025-08-12 13:52:00,2.5217028818228875,0.1742112718825026,4.158723595196895e-05
2025-08-12,57130,1,3634.0,3649.0,2025-08-12 14:02:00,2025-08-12 14:58:00,-2.0942141487042027,-0.07498466552565103,0.002519187480331141
2025-08-13,57130,1,3689.0,3693.0,2025-08-13 10:21:00,2025-08-13 10:30:00,-2.2990126710164773,0.12599454871057592,-0.000516282744112369
2025-08-13,57130,1,3686.0,3621.0,2025-08-13 10:38:00,2025-08-13 15:24:00,,,-0.01939162846412737
2025-08-14,57130,-1,3628.0,3621.0,2025-08-14 10:00:00,2025-08-14 10:30:00,1.8959079266801968,-0.047457504531961424,0.00033130146938605
2025-08-14,57130,-1,3629.0,3621.0,2025-08-14 10:33:00,2025-08-14 10:41:00,2.1701480064749474,-0.12061665258006014,0.0006068974474291186
2025-08-14,57130,-1,3627.0,3622.0,2025-08-14 10:51:00,2025-08-14 11:10:00,1.7721911162983843,0.09082164061896958,-0.00022049916045631369
2025-08-14,57130,1,3614.0,3621.0,2025-08-14 12:30:00,2025-08-14 12:36:00,-2.3018280989192657,-0.1253876837779765,0.0003350386134673101
2025-08-14,57130,1,3615.0,3584.0,2025-08-14 12:37:00,2025-08-14 15:24:00,,,-0.010212360498043941
2025-08-15,57130,-1,3626.0,3683.0,2025-08-15 10:00:00,2025-08-15 15:24:00,,,-0.017197525130268922
2025-08-18,57130,-1,3810.0,3801.0,2025-08-18 10:10:00,2025-08-18 10:15:00,1.757757234221699,-0.2239240448138341,0.0007649991314978564
2025-08-18,57130,-1,3808.0,3802.0,2025-08-18 10:19:00,2025-08-18 10:51:00,1.6152181145792157,-0.07997123360865852,-2.3127137118544123e-05
2025-08-18,57130,1,3797.0,3801.0,2025-08-18 10:54:00,2025-08-18 11:12:00,-1.7639947590347789,-0.22309566402524608,-0.0005470912425535274
2025-08-18,57130,1,3794.0,3799.0,2025-08-18 11:17:00,2025-08-18 14:15:00,-2.206674893032576,-0.23987313628391055,-0.00028299730733391364
2025-08-18,57130,1,3796.0,3798.0,2025-08-18 14:45:00,2025-08-18 15:24:00,-1.682940931679453,-0.2981815717629748,-0.0010732683575871917
2025-08-19,57130,-1,3770.0,3761.0,2025-08-19 10:32:00,2025-08-19 10:51:00,1.9588964327496463,-0.001017944234429041,0.000790121971720044
2025-08-19,57130,-1,3771.0,3767.0,2025-08-19 10:55:00,2025-08-19 15:00:00,2.4157417961862504,-0.044471690555859596,-0.0005387104336840071
2025-08-19,57130,1,3757.0,3758.0,2025-08-19 15:15:00,2025-08-19 15:24:00,,,-0.0013338656005582338
2025-08-20,57130,1,3738.0,3745.0,2025-08-20 10:23:00,2025-08-20 11:14:00,-1.8026883559488276,-0.15419507192922355,0.0002709079358116024
2025-08-20,57130,1,3739.0,3739.0,2025-08-20 12:33:00,2025-08-20 15:12:00,-1.509086980895172,0.1412871363911774,-0.0016
2025-08-20,57130,1,3728.0,3728.0,2025-08-20 15:24:00,2025-08-20 15:24:00,,,-0.0016
2025-08-21,57130,-1,3764.0,3771.0,2025-08-21 10:01:00,2025-08-21 11:19:00,3.067594246785122,0.09425552356464778,-0.0034579965530868763
2025-08-21,57130,1,3753.0,3742.0,2025-08-21 12:39:00,2025-08-21 15:24:00,,,-0.004535292300985864
2025-08-22,57130,-1,3809.0,3802.0,2025-08-22 10:00:00,2025-08-22 10:05:00,1.744197345439983,-0.1495683521472014,0.00023944343022962405
2025-08-22,57130,1,3792.0,3801.0,2025-08-22 10:11:00,2025-08-22 10:44:00,-1.5087701434125134,-0.2900200445191463,0.000770605614336222
2025-08-22,57130,1,3798.0,3760.0,2025-08-22 10:45:00,2025-08-22 15:24:00,,,-0.011655654988290957
2025-08-25,57130,-1,3930.0,3926.0,2025-08-25 10:21:00,2025-08-25 13:25:00,1.6512679330147007,0.0375627770424518,-0.0005816699730994456
2025-08-25,57130,1,3921.0,3925.0,2025-08-25 13:42:00,2025-08-25 13:46:00,-1.5710407051401862,-0.24486696115442566,-0.0005803720758227762
2025-08-25,57130,-1,3930.0,3925.0,2025-08-25 13:55:00,2025-08-25 14:07:00,1.7817352656965315,-0.22971782087734333,-0.00032692535320190353
2025-08-25,57130,-1,3932.0,3926.0,2025-08-25 14:20:00,2025-08-25 14:48:00,2.4701181788796,0.0799718951125539,-7.28935693491829e-05
2025-08-25,57130,-1,3930.0,3945.0,2025-08-25 14:53:00,2025-08-25 15:24:00,,,-0.0054095284166676486
2025-08-26,57130,1,3911.0,3922.0,2025-08-26 10:00:00,2025-08-26 10:09:00,-2.039669491760347,-0.0387520843472785,0.0012086320007775495
2025-08-26,57130,-1,3930.0,3924.0,2025-08-26 10:32:00,2025-08-26 10:52:00,1.8312966719155712,0.043736452785663404,-7.211582194682439e-05
2025-08-26,57130,-1,3932.0,3972.0,2025-08-26 11:14:00,2025-08-26 15:24:00,,,-0.011721543898006103
2025-08-27,57130,-1,3972.0,4006.0,2025-08-27 10:00:00,2025-08-27 15:24:00,,,-0.010123491060700374
2025-08-28,57130,1,3995.0,4002.0,2025-08-28 10:12:00,2025-08-28 10:25:00,-1.6157264862366898,-0.027756828824916566,0.00015065694330369914
2025-08-28,57130,1,3995.0,4002.0,2025-08-28 10:29:00,2025-08-28 10:58:00,-1.7683918238898053,-0.07556294995029302,0.00015065694330369914
2025-08-28,57130,1,3993.0,4000.0,2025-08-28 11:01:00,2025-08-28 11:16:00,-1.706562527927547,-0.29219889322695763,0.0001515330388062743
2025-08-28,57130,1,3995.0,4001.0,2025-08-28 11:26:00,2025-08-28 12:30:00,-2.1149125212931033,-0.21271105655636977,-9.924934314008995e-05
2025-08-28,57130,-1,4011.0,4001.0,2025-08-28 12:33:00,2025-08-28 12:41:00,2.0757431439186007,-0.23140110460862937,0.0008962569128178018
2025-08-28,57130,-1,4015.0,4039.0,2025-08-28 12:48:00,2025-08-28 15:24:00,,,-0.007559789182550754
2025-08-29,57130,1,4022.0,4033.0,2025-08-29 10:00:00,2025-08-29 10:07:00,-1.6768110655978485,-0.17424218630194555,0.001131224540770725
2025-08-29,57130,1,4023.0,4031.0,2025-08-29 10:20:00,2025-08-29 10:50:00,-1.949150424240328,-0.23016032486006863,0.00038659116737750046
2025-08-29,57130,-1,4052.0,4037.0,2025-08-29 11:11:00,2025-08-29 12:51:00,2.2391521463621813,0.2833611756377452,0.0021087445156332367
2025-08-29,57130,-1,4043.0,4035.0,2025-08-29 12:56:00,2025-08-29 13:43:00,1.585098365552458,-0.25251846416567836,0.00038068893672171225
2025-08-29,57130,-1,4041.0,4020.0,2025-08-29 14:05:00,2025-08-29 15:24:00,,,0.003610283465406876
2025-09-01,57130,1,4031.0,4012.0,2025-09-01 10:00:00,2025-09-01 15:21:00,-2.375902443509379,0.05787277206149662,-0.0063246140353396705
2025-09-01,57130,1,4000.0,4000.0,2025-09-01 15:24:00,2025-09-01 15:24:00,,,-0.0016
2025-09-02,57130,-1,4099.0,4143.0,2025-09-02 10:00:00,2025-09-02 15:24:00,,,-0.01227712157306427
2025-09-03,57130,-1,4300.0,4252.0,2025-09-03 10:00:00,2025-09-03 10:33:00,13.228631523174348,-0.22705257904966147,0.009625562219815278
2025-09-03,57130,-1,4277.0,4259.0,2025-09-03 10:51:00,2025-09-03 10:55:00,1.5402137703330265,0.2760548684847078,0.002617438303695154
2025-09-03,57130,-1,4263.0,4257.0,2025-09-03 11:24:00,2025-09-03 12:30:00,2.105805806931702,-0.02449574462439785,-0.00019154906294203923
2025-09-03,57130,-1,4282.0,4258.0,2025-09-03 12:31:00,2025-09-03 12:37:00,3.322643912172552,0.03366897612332921,0.004020623696203271
2025-09-03,57130,1,4236.0,4160.0,2025-09-03 12:57:00,2025-09-03 15:24:00,,,-0.019704353465988058
2025-09-04,57130,-1,4240.0,4224.0,2025-09-04 10:00:00,2025-09-04 11:00:00,5.281014589069892,0.15547067069692172,0.0021807228399060444
2025-09-04,57130,-1,4241.0,4224.0,2025-09-04 11:12:00,2025-09-04 12:32:00,1.7412725589191582,-0.17798744974025915,0.002416544088493312
2025-09-04,57130,1,4197.0,4190.0,2025-09-04 12:50:00,2025-09-04 15:24:00,,,-0.0032692504174074415
2025-09-05,57130,1,4187.0,4200.0,2025-09-05 10:00:00,2025-09-05 12:33:00,-4.893080974307422,0.20927682692694305,0.0015000382523164206
2025-09-05,57130,1,4179.0,4180.0,2025-09-05 13:04:00,2025-09-05 15:24:00,,,-0.0013607369291134199
2025-09-08,57130,1,4257.0,4272.0,2025-09-08 10:00:00,2025-09-08 10:26:00,-1.9898823626839202,0.18193455705619038,0.001917414811878383
2025-09-08,57130,-1,4278.0,4272.0,2025-09-08 10:54:00,2025-09-08 11:11:00,2.108042943837151,0.23635678883543884,-0.00019649099767980217
2025-09-08,57130,1,4265.0,4257.0,2025-09-08 11:16:00,2025-09-08 15:22:00,-1.878596354316995,-0.27959982528454813,-0.003477494097627096
2025-09-09,57130,1,4254.0,4227.0,2025-09-09 10:00:00,2025-09-09 15:24:00,,,-0.007967195193392581
2025-09-10,57130,-1,4192.0,4185.0,2025-09-10 10:03:00,2025-09-10 10:08:00,2.589773714528258,0.01664486073419083,7.12430773023888e-05
2025-09-10,57130,-1,4190.0,4187.0,2025-09-10 10:10:00,2025-09-10 10:46:00,1.8974171165714,0.11011319124540643,-0.0008837531029599318
2025-09-10,57130,-1,4193.0,4193.0,2025-09-10 10:49:00,2025-09-10 12:59:00,1.6223094107920502,0.04163844669569778,-0.0016
2025-09-10,57130,1,4184.0,4192.0,2025-09-10 13:21:00,2025-09-10 13:39:00,-1.6998563279318717,-0.056498486026966666,0.0003102202561192451
2025-09-10,57130,1,4189.0,4192.0,2025-09-10 14:12:00,2025-09-10 14:25:00,-1.6990810101007834,-0.00019951257618025783,-0.0008840949461566764
2025-09-10,57130,-1,4198.0,4200.0,2025-09-10 14:26:00,2025-09-10 15:24:00,,,-0.002076303890881349
2025-09-11,57130,-1,4268.0,4283.0,2025-09-11 10:00:00,2025-09-11 13:19:00,2.7405004066276075,0.29034421180432135,-0.005108365193727081
2025-09-11,57130,-1,4287.0,4281.0,2025-09-11 13:51:00,2025-09-11 14:11:00,1.5933163966137014,-0.12559057324706827,-0.00019943954696902545
2025-09-11,57130,1,4273.0,4281.0,2025-09-11 14:14:00,2025-09-11 14:20:00,-1.9064136650909405,-0.06766111993859256,0.000270470500921089
2025-09-11,57130,-1,4289.0,4296.0,2025-09-11 14:25:00,2025-09-11 15:24:00,,,-0.003230751671820239
2025-09-12,57130,1,4316.0,4334.0,2025-09-12 10:00:00,2025-09-12 11:19:00,-6.322800161168928,0.22146992898250914,0.0025618557182790483
2025-09-12,57130,-1,4343.0,4337.0,2025-09-12 12:43:00,2025-09-12 14:03:00,1.9896442171001694,0.13509849517274075,-0.00021751130054439632
2025-09-12,57130,-1,4343.0,4336.0,2025-09-12 14:05:00,2025-09-12 14:43:00,1.567739407966099,-0.28796649255311024,1.3089415339732858e-05
2025-09-12,57130,1,4328.0,4338.0,2025-09-12 14:45:00,2025-09-12 14:47:00,-1.7556000833865395,0.21807357590294488,0.0007078708605022116
2025-09-12,57130,1,4327.0,4325.0,2025-09-12 15:08:00,2025-09-12 15:24:00,,,-0.002062320858905132
2025-09-16,57130,1,4345.0,4362.0,2025-09-16 10:00:00,2025-09-16 10:23:00,-2.723789152918589,0.1470467900034596,0.0023049090620820348
2025-09-16,57130,1,4345.0,4360.0,2025-09-16 10:30:00,2025-09-16 10:38:00,-2.0206923409570683,-0.06345723867799151,0.0018462986435876488
2025-09-16,57130,1,4353.0,4357.0,2025-09-16 10:43:00,2025-09-16 12:40:00,-1.6650881522992358,0.07237233565350122,-0.0006815154348553373
2025-09-16,57130,-1,4370.0,4356.0,2025-09-16 12:45:00,2025-09-16 12:54:00,1.864826692433855,-0.15096766607619266,0.0016088040367847791
2025-09-16,57130,-1,4371.0,4411.0,2025-09-16 13:19:00,2025-09-16 15:24:00,,,-0.010709605241625212
2025-09-17,57130,-1,4465.0,4449.0,2025-09-17 10:00:00,2025-09-17 10:28:00,2.0290451645273597,0.29748509705396053,0.0019898625045576337
2025-09-17,57130,1,4426.0,4334.0,2025-09-17 10:31:00,2025-09-17 15:24:00,,,-0.022605338514690633
2025-09-18,57130,-1,4342.0,4343.0,2025-09-18 10:04:00,2025-09-18 12:35:00,1.582701369653483,-0.08410740689572507,-0.0018302820965848047
2025-09-18,57130,1,4331.0,4302.0,2025-09-18 12:49:00,2025-09-18 15:24:00,,,-0.00831843138695133
2025-09-19,57130,1,4231.0,4145.0,2025-09-19 10:00:00,2025-09-19 15:24:00,,,-0.022135583150672156
2025-09-22,57130,-1,4251.0,4238.0,2025-09-22 10:00:00,2025-09-22 10:23:00,3.473748931345114,-0.1396478069808013,0.0014627895305457668
2025-09-22,57130,1,4230.0,4238.0,2025-09-22 10:49:00,2025-09-22 10:56:00,-1.8586126650014463,-0.10477796997839467,0.0002894667879207286
2025-09-22,57130,1,4231.0,4238.0,2025-09-22 10:59:00,2025-09-22 11:12:00,-1.643504015816488,-0.11330688136927393,5.308810817683247e-05
2025-09-22,57130,1,4234.0,4255.0,2025-09-22 11:14:00,2025-09-22 15:24:00,,,0.00334758931266395
2025-09-24,57130,1,4291.0,4284.0,2025-09-24 10:00:00,2025-09-24 12:42:00,-1.536883095099403,-0.2756074351685679,-0.003232653423885335
2025-09-24,57130,1,4283.0,4288.0,2025-09-24 13:00:00,2025-09-24 13:39:00,-1.6618778688898246,-0.026793938968058467,-0.00043327486473299114
2025-09-24,57130,-1,4295.0,4339.0,2025-09-24 13:51:00,2025-09-24 15:24:00,,,-0.011792351379994946
2025-09-25,57130,1,4625.0,4655.0,2025-09-25 10:00:00,2025-09-25 10:16:00,-3.1872555587187392,0.20287124264460243,0.004865539764641811
2025-09-25,57130,-1,4670.0,4798.0,2025-09-25 10:38:00,2025-09-25 15:24:00,,,-0.028640092736696873
2025-09-26,57130,1,4681.0,4713.0,2025-09-26 10:00:00,2025-09-26 10:25:00,-2.4250183868452506,-0.09747669914816899,0.005212885623660302
2025-09-26,57130,-1,4726.0,4715.0,2025-09-26 10:48:00,2025-09-26 10:57:00,1.647011117797254,0.08321779647424757,0.0007302626792953283
2025-09-26,57130,1,4701.0,4677.0,2025-09-26 11:13:00,2025-09-26 15:24:00,,,-0.006718373298244283
2025-09-29,57130,-1,4720.0,4687.0,2025-09-29 10:00:00,2025-09-29 10:27:00,5.015972531478262,0.259779802495064,0.0054160806568949536
2025-09-29,57130,-1,4704.0,4687.0,2025-09-29 10:42:00,2025-09-29 11:07:00,1.8658835015342843,0.20290564837752142,0.00202049165575668
2025-09-29,57130,-1,4704.0,4725.0,2025-09-29 11:12:00,2025-09-29 15:24:00,,,-0.0060543503493803745
2025-09-30,57130,1,4766.0,4773.0,2025-09-30 10:00:00,2025-09-30 10:46:00,-2.416347400009662,-0.1272633586614626,-0.00013234065279087485
2025-09-30,57130,-1,4795.0,4771.0,2025-09-30 11:15:00,2025-09-30 12:57:00,3.1140232201255884,-0.27636939015725026,0.003417781801431559
2025-09-30,57130,1,4762.0,4767.0,2025-09-30 13:01:00,2025-09-30 15:11:00,-1.863476352444905,-0.10326414259827543,-0.0005505718419824897
2025-10-01,57130,1,4711.0,4717.0,2025-10-01 10:00:00,2025-10-01 14:53:00,-4.891098314518347,-0.26426443290231044,-0.00032719541577944187
2025-10-01,57130,1,4702.0,4676.0,2025-10-01 14:59:00,2025-10-01 15:24:00,,,-0.007144906508055749
2025-10-02,57130,1,4858.0,4906.0,2025-10-02 10:00:00,2025-10-02 10:23:00,-3.0430547144004985,-0.22981892274213625,0.008232115256316883
2025-10-02,57130,1,4893.0,4902.0,2025-10-02 10:40:00,2025-10-02 12:36:00,-1.768533164518358,-0.17904738259167854,0.00023767279893426442
2025-10-02,57130,-1,4947.0,4934.0,2025-10-02 12:56:00,2025-10-02 15:24:00,,,0.0010313141384065765
2025-10-03,57130,-1,4885.0,4874.0,2025-10-03 10:00:00,2025-10-03 10:35:00,2.01744275211236,-0.11374391366925678,0.0006543302917315647
2025-10-03,57130,1,4864.0,4875.0,2025-10-03 10:38:00,2025-10-03 10:53:00,-1.6366215209295842,0.17778658972423864,0.0006589597859445694
2025-10-03,57130,1,4867.0,4874.0,2025-10-03 12:31:00,2025-10-03 12:46:00,-1.8018067498782775,0.11830745153045368,-0.00016277564830273375
2025-10-03,57130,-1,4887.0,4907.0,2025-10-03 13:02:00,2025-10-03 15:24:00,,,-0.005684138819748638
2025-10-06,57130,1,4951.0,4975.0,2025-10-06 10:00:00,2025-10-06 10:48:00,-1.8462590654986457,-0.2165589775777492,0.003235794231270118
2025-10-06,57130,-1,4986.0,4976.0,2025-10-06 11:08:00,2025-10-06 13:21:00,1.5286139690983938,-0.2533574084666074,0.0004076296644877867
2025-10-06,57130,1,4974.0,4979.0,2025-10-06 13:39:00,2025-10-06 13:43:00,-1.5224355645928902,-0.05507402530636421,-0.0005952777211672394
2025-10-06,57130,1,4973.0,4980.0,2025-10-06 14:01:00,2025-10-06 14:03:00,-1.7169718377141998,0.22946240182866956,-0.00019338869603990503
2025-10-06,57130,1,4974.0,4978.0,2025-10-06 14:08:00,2025-10-06 14:22:00,-1.7727668346961192,-0.2756069857196641,-0.0007961414358126982
2025-10-06,57130,1,4969.0,4974.0,2025-10-06 14:31:00,2025-10-06 15:24:00,,,-0.0005942672389705902
2025-10-07,57130,-1,5037.0,5027.0,2025-10-07 10:24:00,2025-10-07 10:36:00,1.9983466654718842,0.28762086469585785,0.00038728205307529185
2025-10-07,57130,-1,5034.0,4866.0,2025-10-07 10:38:00,2025-10-07 15:24:00,,,0.03234265235179323
2025-10-08,57130,1,4924.0,4918.0,2025-10-08 10:09:00,2025-10-08 12:30:00,-1.773031327692296,0.21015117125285804,-0.0028192645282062966
2025-10-08,57130,1,4895.0,4918.0,2025-10-08 12:35:00,2025-10-08 13:19:00,-2.574846010800969,0.2746054771811864,0.0030876678115271134
2025-10-08,57130,-1,4982.0,4941.0,2025-10-08 13:30:00,2025-10-08 13:44:00,3.9061140308489275,0.28685548341361,0.006663676976375752
2025-10-08,57130,-1,4974.0,5128.0,2025-10-08 13:49:00,2025-10-08 15:24:00,,,-0.03209137423715604
2025-10-09,57130,1,5161.0,5222.0,2025-10-09 10:04:00,2025-10-09 10:54:00,-1.7810302721398892,-0.16167972155610988,0.010150111110347068
2025-10-09,57130,1,5187.0,5223.0,2025-10-09 11:14:00,2025-10-09 12:33:00,-1.8037733872955413,-0.05162151891916781,0.005316454084898574
2025-10-09,57130,1,5203.0,5222.0,2025-10-09 12:35:00,2025-10-09 13:27:00,-1.8443466743801828,0.11180006820216748,0.002045087968770545
2025-10-09,57130,-1,5230.0,5254.0,2025-10-09 14:02:00,2025-10-09 15:24:00,,,-0.006178413186516594
2025-10-10,57130,1,5055.0,5010.0,2025-10-10 10:00:00,2025-10-10 15:24:00,,,-0.010541937375661283
2025-10-14,57130,-1,5321.0,5271.0,2025-10-14 10:00:00,2025-10-14 10:58:00,4.379514462635641,0.021066247949168147,0.007841157741162405
2025-10-14,57130,1,5226.0,5104.0,2025-10-14 11:18:00,2025-10-14 15:24:00,,,-0.02522162105593194
2025-10-15,57130,-1,5291.0,5272.0,2025-10-15 10:17:00,2025-10-15 10:20:00,2.658131824226725,-0.2815372723514361,0.0019974667217886027
2025-10-15,57130,-1,5285.0,5280.0,2025-10-15 10:29:00,2025-10-15 12:31:00,1.837305574026671,-0.015759251199280032,-0.0006534783959691756
2025-10-15,57130,1,5247.0,5273.0,2025-10-15 12:53:00,2025-10-15 14:42:00,-1.8465379689823938,-0.13118301043299763,0.0033429758437581074
2025-10-15,57130,1,5261.0,5269.0,2025-10-15 14:57:00,2025-10-15 15:24:00,,,-8.053152152137427e-05
2025-10-16,57130,-1,5377.0,5363.0,2025-10-16 10:00:00,2025-10-16 10:14:00,1.8141883625610018,0.16965131891024182,0.0010070778267529396
2025-10-16,57130,-1,5375.0,5361.0,2025-10-16 10:38:00,2025-10-16 10:48:00,1.5470257527612554,-0.14490641715336938,0.001008049168325856
2025-10-16,57130,1,5342.0,5326.0,2025-10-16 10:59:00,2025-10-16 15:24:00,,,-0.004599627296028669
2025-10-17,57130,-1,5380.0,5428.0,2025-10-17 10:00:00,2025-10-17 10:46:00,2.0993115508815947,0.2741672102411819,-0.010482367798929734
2025-10-17,57130,1,5365.0,5414.0,2025-10-17 11:09:00,2025-10-17 11:14:00,-1.5365708689153474,-0.06925531906516078,0.007491815109447652
2025-10-17,57130,1,5393.0,5418.0,2025-10-17 12:51:00,2025-10-17 13:02:00,-2.1639503375723765,0.24413020044067701,0.0030249273078133574
2025-10-17,57130,-1,5433.0,5419.0,2025-10-17 13:26:00,2025-10-17 14:19:00,1.6611750418496884,0.24226804646026062,0.000980170985408825
2025-10-17,57130,-1,5429.0,5418.0,2025-10-17 14:21:00,2025-10-17 14:24:00,1.627830364166339,0.0783015105177323,0.00042821126041067844
2025-10-17,57130,-1,5430.0,5457.0,2025-10-17 14:27:00,2025-10-17 15:24:00,,,-0.006560054258250799
2025-10-20,57130,1,5277.0,5305.0,2025-10-20 10:00:00,2025-10-20 11:22:00,-2.8724056895020857,0.24776917648125202,0.003692017642415615
2025-10-20,57130,1,5277.0,5299.0,2025-10-20 12:37:00,2025-10-20 13:42:00,-2.170832342734391,-0.02992948298882904,0.002560369087094147
2025-10-20,57130,-1,5312.0,5302.0,2025-10-20 13:52:00,2025-10-20 14:28:00,2.205291891509191,0.26199452425768355,0.00028430430729889876
2025-10-20,57130,-1,5313.0,5327.0,2025-10-20 14:43:00,2025-10-20 15:24:00,,,-0.004231580466055821
2025-10-21,57130,-1,5355.0,5347.0,2025-10-21 10:00:00,2025-10-21 10:17:00,2.356142576982675,0.22381348940209791,-0.0001049520668824275
2025-10-21,57130,-1,5363.0,5345.0,2025-10-21 10:25:00,2025-10-21 10:29:00,1.8126120609854264,-0.0038439101793108985,0.0017619755237796343
2025-10-21,57130,-1,5359.0,5353.0,2025-10-21 10:34:00,2025-10-21 12:35:00,1.7040926662451144,0.21048231886132568,-0.000479760898531045
2025-10-21,57130,1,5315.0,5305.0,2025-10-21 12:46:00,2025-10-21 15:24:00,,,-0.0034832397279648177
2025-10-22,57130,1,4956.0,4935.0,2025-10-22 10:00:00,2025-10-22 15:24:00,,,-0.005846290881451097
2025-10-23,57130,-1,5026.0,5013.0,2025-10-23 10:00:00,2025-10-23 12:48:00,6.395891232603267,0.05521855620590551,0.0009899008400340752
2025-10-23,57130,-1,5027.0,5097.0,2025-10-23 12:52:00,2025-10-23 15:24:00,,,-0.015428746647466384
2025-10-24,57130,1,5080.0,5108.0,2025-10-24 10:00:00,2025-10-24 14:14:00,-2.320419996473091,-0.2864462734316769,0.0038966765799023683
2025-10-24,57130,-1,5125.0,5109.0,2025-10-24 14:21:00,2025-10-24 14:34:00,1.7151555570922625,-0.17803062034067207,0.001526834675810959
2025-10-24,57130,-1,5124.0,5112.0,2025-10-24 14:44:00,2025-10-24 14:53:00,1.81507359152979,0.1873776083520976,0.0007446669592541344
2025-10-24,57130,-1,5123.0,5112.0,2025-10-24 15:01:00,2025-10-24 15:16:00,1.9079091758621305,0.2381571391457472,0.0005494878818315394
2025-10-27,57130,1,5149.0,5177.0,2025-10-27 10:00:00,2025-10-27 10:39:00,-1.7173491746849154,0.12537023335037856,0.003823216855759943
2025-10-27,57130,1,5165.0,5174.0,2025-10-27 11:08:00,2025-10-27 11:10:00,-1.5227351399172393,-0.15544532502165764,0.00014098119223560188
2025-10-27,57130,-1,5183.0,5177.0,2025-10-27 12:32:00,2025-10-27 12:42:00,1.7099590459331582,0.2948050855575926,-0.0004416987121948013
2025-10-27,57130,1,5165.0,5174.0,2025-10-27 12:55:00,2025-10-27 13:28:00,-1.805590278895518,0.009510960678289942,0.00014098119223560188
2025-10-27,57130,1,5166.0,5173.0,2025-10-27 14:07:00,2025-10-27 14:11:00,-2.0923739071812055,-0.22156544958932675,-0.00024590365227076996
2025-10-27,57130,-1,5178.0,5198.0,2025-10-27 14:32:00,2025-10-27 15:24:00,,,-0.005455054889952673
2025-10-28,57130,1,5024.0,4924.0,2025-10-28 10:00:00,2025-10-28 15:24:00,,,-0.0217052208436905
2025-10-29,57130,1,4908.0,4933.0,2025-10-29 10:00:00,2025-10-29 10:23:00,-5.2168637040075,-0.26041031696592576,0.0034807954029362036
2025-10-29,57130,-1,4958.0,4938.0,2025-10-29 10:48:00,2025-10-29 12:30:00,1.9015766280497814,-0.08548332060397883,0.0024420426900110424
2025-10-29,57130,-1,4944.0,4938.0,2025-10-29 12:37:00,2025-10-29 12:39:00,1.5840845293537271,-0.12051612642163594,-0.0003856707675980579
2025-10-29,57130,-1,4947.0,4940.0,2025-10-29 12:45:00,2025-10-29 13:08:00,1.8398283396594632,0.030974027713337553,-0.0001839989542596009
2025-10-29,57130,1,4931.0,4941.0,2025-10-29 13:36:00,2025-10-29 13:40:00,-1.9055739088511663,0.28286781542623013,0.00042593262162381814
2025-10-29,57130,1,4933.0,4937.0,2025-10-29 13:50:00,2025-10-29 14:25:00,-1.5795523415234847,-0.23791317284830374,-0.0007894629748754459
2025-10-29,57130,1,4929.0,4930.0,2025-10-29 14:42:00,2025-10-29 15:24:00,,,-0.00139713966864193
2025-10-30,57130,1,5018.0,5031.0,2025-10-30 10:24:00,2025-10-30 10:32:00,-2.2300935285856456,-0.2870076287192305,0.0009873235649509539
2025-10-30,57130,-1,5054.0,5053.0,2025-10-30 10:42:00,2025-10-30 13:15:00,1.6938329192053323,0.2673739991794365,-0.0014021173437690792
2025-10-30,57130,-1,5070.0,5090.0,2025-10-30 13:36:00,2025-10-30 15:24:00,,,-0.005537012959339599
2025-10-31,57130,1,5096.0,5071.0,2025-10-31 10:00:00,2025-10-31 15:13:00,-1.8760798498899023,-0.18530960749847689,-0.006517881456980258
2025-11-04,57130,-1,5104.0,5089.0,2025-11-04 10:00:00,2025-11-04 10:31:00,2.0630056045505976,-0.1776761178047206,0.0013431984357931603
2025-11-04,57130,-1,5111.0,5093.0,2025-11-04 10:36:00,2025-11-04 11:00:00,2.085533811120791,0.1505224564895839,0.001928031883674924
2025-11-04,57130,1,5071.0,4948.0,2025-11-04 11:16:00,2025-11-04 15:24:00,,,-0.0261545822826406
2025-11-05,57130,1,4785.0,4751.0,2025-11-05 10:00:00,2025-11-05 12:39:00,-6.352193333635541,-0.27377325372141237,-0.00873090270013332
2025-11-05,57130,-1,4785.0,4828.0,2025-11-05 13:35:00,2025-11-05 15:24:00,,,-0.010546278330367436
2025-11-06,57130,-1,4918.0,4907.0,2025-11-06 10:12:00,2025-11-06 10:27:00,3.106864714259188,0.2052551871291968,0.0006391866862344466
2025-11-06,57130,-1,4927.0,4911.0,2025-11-06 10:38:00,2025-11-06 11:10:00,2.493625589834466,0.17092027693113646,0.0016526965047184408
2025-11-06,57130,-1,4923.0,4940.0,2025-11-06 11:18:00,2025-11-06 14:56:00,1.7497445079512537,-0.113943489306698,-0.0050472304237675365
2025-11-06,57130,-1,4953.0,4942.0,2025-11-06 15:04:00,2025-11-06 15:14:00,1.847330357022434,0.12701341178394468,0.0006233460396823088
2025-11-06,57130,-1,4954.0,4949.0,2025-11-06 15:15:00,2025-11-06 15:24:00,,,-0.0005902049025811504
2025-11-07,57130,1,4860.0,4854.0,2025-11-07 10:03:00,2025-11-07 14:00:00,-1.5161814248444347,0.05184651195414279,-0.0028353306079927434
2025-11-07,57130,-1,4862.0,4913.0,2025-11-07 14:30:00,2025-11-07 15:24:00,,,-0.012034877292579495
2025-11-10,57130,1,5055.0,5061.0,2025-11-10 10:20:00,2025-11-10 12:32:00,-2.2558936076234852,0.11777751336781513,-0.00041376024049371326
2025-11-10,57130,-1,5072.0,5057.0,2025-11-10 13:08:00,2025-11-10 14:33:00,1.5673938139706314,-0.23660882947293474,0.00136179503707886
2025-11-10,57130,-1,5114.0,5027.0,2025-11-10 14:34:00,2025-11-10 15:24:00,,,0.01555849215855672
2025-11-11,57130,-1,5076.0,5046.0,2025-11-11 10:00:00,2025-11-11 10:23:00,2.271173435341147,0.24041539585488303,0.004327699633275178
2025-11-11,57130,1,5014.0,4989.0,2025-11-11 10:41:00,2025-11-11 15:24:00,,,-0.006598510857201376
2025-11-12,57130,-1,5102.0,5121.0,2025-11-12 10:00:00,2025-11-12 15:24:00,,,-0.005317112760793555
2025-11-13,57130,-1,5171.0,5171.0,2025-11-13 10:00:00,2025-11-13 14:40:00,1.5898761429797985,0.0574987871803975,-0.0016
2025-11-13,57130,-1,5190.0,5200.0,2025-11-13 14:48:00,2025-11-13 15:24:00,,,-0.003524928409584418
2025-11-14,57130,-1,5196.0,5138.0,2025-11-14 10:00:00,2025-11-14 14:11:00,9.327357168438207,0.28808162063535414,0.009625200120661242
2025-11-14,57130,1,5122.0,5136.0,2025-11-14 14:17:00,2025-11-14 14:20:00,-1.5840124256643187,0.013100789031390968,0.0011295786103265157
2025-11-14,57130,-1,5143.0,5178.0,2025-11-14 14:54:00,2025-11-14 15:24:00,,,-0.008382314536566678
2025-11-17,57130,-1,5161.0,5136.0,2025-11-17 10:00:00,2025-11-17 10:04:00,2.199507837559538,0.011750435223703393,0.0032557927789300103
2025-11-17,57130,-1,5155.0,5140.0,2025-11-17 10:12:00,2025-11-17 10:52:00,1.5997164810297935,0.1900650930584207,0.0013140380018495346
2025-11-17,57130,1,5121.0,5138.0,2025-11-17 11:12:00,2025-11-17 11:19:00,-2.282568236002322,0.007156870075527554,0.0017141662072785214
2025-11-17,57130,1,5126.0,5081.0,2025-11-17 11:23:00,2025-11-17 15:24:00,,,-0.010417535330284501
2025-11-18,57130,1,4950.0,4811.0,2025-11-18 10:00:00,2025-11-18 15:24:00,,,-0.03008261386328224
2025-11-19,57130,-1,4826.0,4810.0,2025-11-19 10:40:00,2025-11-19 10:54:00,1.5033752809994332,0.2756329239119147,0.001720883085170125
2025-11-19,57130,-1,4823.0,4814.0,2025-11-19 10:59:00,2025-11-19 12:48:00,3.021400373599924,0.018160541850103545,0.0002678017259545708
2025-11-19,57130,-1,4830.0,4816.0,2025-11-19 13:05:00,2025-11-19 13:21:00,1.6025464024956535,0.23817986821695245,0.001302759657961351
2025-11-19,57130,-1,4825.0,4816.0,2025-11-19 13:24:00,2025-11-19 13:35:00,2.058307729100981,0.28272195461258537,0.0002670267844292881
2025-11-19,57130,-1,4824.0,4815.0,2025-11-19 13:51:00,2025-11-19 13:56:00,1.8611392092925412,0.08534286155807524,0.0002674141747954731
2025-11-19,57130,-1,4822.0,4815.0,2025-11-19 14:01:00,2025-11-19 14:21:00,2.1297953095677498,0.08703871551347318,-0.00014726549110962513
2025-11-19,57130,-1,4820.0,4815.0,2025-11-19 14:22:00,2025-11-19 14:24:00,1.6557390783161363,0.09130902468453596,-0.0005621171875799455
2025-11-19,57130,1,4808.0,4862.0,2025-11-19 14:28:00,2025-11-19 15:24:00,,,0.009568678661025152
2025-11-20,57130,-1,4971.0,4987.0,2025-11-20 10:03:00,2025-11-20 11:24:00,1.8468743166567505,0.21371317405279802,-0.004813499451449841
2025-11-20,57130,1,4957.0,4980.0,2025-11-20 12:43:00,2025-11-20 13:12:00,-1.8660034450532323,0.00911830611540717,0.0030291719981246374
2025-11-20,57130,-1,4992.0,4982.0,2025-11-20 13:34:00,2025-11-20 13:52:00,1.738259454387384,0.27310607260856196,0.0004052142271379112
2025-11-20,57130,-1,4986.0,4980.0,2025-11-20 14:00:00,2025-11-20 14:33:00,1.5768956554881877,-0.11726172388576443,-0.0003959059351954363
2025-11-20,57130,-1,4992.0,4980.0,2025-11-20 14:41:00,2025-11-20 14:52:00,1.6224341177520996,-0.2031014061208607,0.0008067400305649763
2025-11-20,57130,-1,4988.0,4981.0,2025-11-20 14:59:00,2025-11-20 15:02:00,1.637357130336876,0.020526668754560176,-0.0001956462733563411
2025-11-20,57130,1,4972.0,4967.0,2025-11-20 15:07:00,2025-11-20 15:24:00,,,-0.0026061375232511704
2025-11-21,57130,1,4765.0,4781.0,2025-11-21 10:01:00,2025-11-21 10:11:00,-2.1533615846210883,0.10101616842355893,0.001752192537800933
2025-11-21,57130,-1,4801.0,4781.0,2025-11-21 10:28:00,2025-11-21 10:42:00,1.9564121408797397,-0.0004938434715664168,0.002574499904836996
2025-11-21,57130,1,4768.0,4723.0,2025-11-21 11:00:00,2025-11-21 15:24:00,,,-0.01108273884906858
2025-11-25,57130,-1,4850.0,4841.0,2025-11-25 10:05:00,2025-11-25 10:20:00,1.7492360692238553,0.2703174590723473,0.00025739399183447205
2025-11-25,57130,-1,4853.0,4841.0,2025-11-25 10:33:00,2025-11-25 10:37:00,1.5407907852139697,0.27136021800235555,0.0008757594655218642
2025-11-25,57130,-1,4853.0,4841.0,2025-11-25 10:51:00,2025-11-25 12:31:00,3.4221302370126216,-0.1655799596452795,0.0008757594655218642
2025-11-25,57130,1,4832.0,4838.0,2025-11-25 12:32:00,2025-11-25 13:15:00,-1.5548528183238295,-0.08638860209128482,-0.00035904844467834736
2025-11-25,57130,-1,4847.0,4841.0,2025-11-25 13:40:00,2025-11-25 14:02:00,1.7436362586891636,0.28291433903671587,-0.0003613540943183189
2025-11-25,57130,-1,4847.0,4838.0,2025-11-25 14:04:00,2025-11-25 14:12:00,1.538271815090622,-0.24790504136040328,0.0002585446754033885
2025-11-25,57130,1,4825.0,4814.0,2025-11-25 14:20:00,2025-11-25 15:24:00,,,-0.003882395430069058
2025-11-26,57130,-1,4870.0,4841.0,2025-11-26 10:00:00,2025-11-26 10:35:00,5.5175516310612895,0.2174065130745983,0.004372626136941111
2025-11-26,57130,-1,4853.0,4876.0,2025-11-26 10:48:00,2025-11-26 15:24:00,,,-0.006328141195945896
2025-11-27,57130,-1,5058.0,5041.0,2025-11-27 10:14:00,2025-11-27 10:18:00,1.6479938010367354,-0.18384781269481335,0.0017666731472795853
2025-11-27,57130,-1,5058.0,5054.0,2025-11-27 10:29:00,2025-11-27 13:41:00,1.7688598836792975,0.27686744994407625,-0.0008088607182291169
2025-11-27,57130,1,5045.0,5052.0,2025-11-27 14:04:00,2025-11-27 14:11:00,-1.9848180939049058,-0.04720956854518427,-0.00021344931732764083
2025-11-27,57130,-1,5062.0,5052.0,2025-11-27 14:12:00,2025-11-27 14:48:00,2.54884864234524,-0.23138765510817488,0.00037745763468762243
2025-11-27,57130,1,5042.0,5039.0,2025-11-27 15:08:00,2025-11-27 15:24:00,,,-0.0021951790672670476
2025-11-28,57130,-1,5070.0,5123.0,2025-11-28 10:00:00,2025-11-28 15:24:00,,,-0.01199938735397347
2025-12-01,57130,1,5094.0,5107.0,2025-12-01 10:10:00,2025-12-01 10:20:00,-1.6556056590119617,-0.267709862185645,0.0009487711082416851
2025-12-01,57130,-1,5132.0,5141.0,2025-12-01 10:38:00,2025-12-01 15:24:00,,,-0.0033521663199775906
2025-12-02,57130,1,5128.0,5084.0,2025-12-02 10:00:00,2025-12-02 15:24:00,,,-0.010217366291161331
2025-12-03,57130,1,5046.0,5059.0,2025-12-03 10:00:00,2025-12-03 11:11:00,-4.722959630643321,-0.23412180621612796,0.0009729850909330525
2025-12-03,57130,-1,5088.0,5114.0,2025-12-03 12:30:00,2025-12-03 15:24:00,,,-0.006697050831173897
2025-12-04,57130,1,5286.0,5320.0,2025-12-04 10:00:00,2025-12-04 10:13:00,-4.136064493687427,-0.06378232211668682,0.0048114871714554945
2025-12-04,57130,-1,5340.0,5322.0,2025-12-04 10:39:00,2025-12-04 11:12:00,2.3875800996509855,-0.17180343537530518,0.0017764804166060624
2025-12-04,57130,-1,5333.0,5325.0,2025-12-04 12:30:00,2025-12-04 12:36:00,1.6123455643145408,0.2726083207792479,-9.877997702370067e-05
2025-12-04,57130,1,5316.0,5320.0,2025-12-04 12:38:00,2025-12-04 13:03:00,-1.5258409637785197,-0.2917264774795839,-0.0008478374974458916
2025-12-04,57130,-1,5333.0,5324.0,2025-12-04 13:30:00,2025-12-04 13:38:00,2.295395264302866,0.2775185898406775,8.903108559994515e-05
2025-12-04,57130,-1,5330.0,5323.0,2025-12-04 13:50:00,2025-12-04 14:29:00,2.1090354123536192,-0.20134513937901163,-0.000285816012867173
2025-12-04,57130,-1,5332.0,5325.0,2025-12-04 14:37:00,2025-12-04 14:57:00,1.5511632044731694,0.1814792923580244,-0.00028630927902652844
2025-12-04,57130,-1,5334.0,5324.0,2025-12-04 15:06:00,2025-12-04 15:16:00,1.8539980566907333,-0.06020632240264721,0.0002765252269573456
2025-12-04,57130,-1,5335.0,5335.0,2025-12-04 15:24:00,2025-12-04 15:24:00,,,-0.0016
2025-12-05,57130,-1,5302.0,5480.0,2025-12-05 10:21:00,2025-12-05 15:24:00,,,-0.03462099309309045
2025-12-08,57130,1,5448.0,5460.0,2025-12-08 10:21:00,2025-12-08 10:23:00,-1.666256409472209,-0.21049198328526028,0.0006002209096023375
2025-12-08,57130,-1,5477.0,5462.0,2025-12-08 10:34:00,2025-12-08 10:38:00,2.283387799371097,0.032453606279008514,0.0011424827500709901
2025-12-08,57130,1,5444.0,5448.0,2025-12-08 10:46:00,2025-12-08 13:57:00,-2.284371996608385,-0.24785531659156484,-0.0008655159420083439
2025-12-08,57130,1,5444.0,5451.0,2025-12-08 13:59:00,2025-12-08 14:40:00,-1.6307184889975397,0.24043640592817436,-0.0003150067070757231
2025-12-08,57130,-1,5460.0,5447.0,2025-12-08 14:45:00,2025-12-08 15:09:00,1.5402946203348606,-0.2834644800339864,0.0007837913552762503
2025-12-08,57130,-1,5465.0,5473.0,2025-12-08 15:20:00,2025-12-08 15:24:00,,,-0.0030627905332792542
2025-12-09,57130,1,5421.0,5338.0,2025-12-09 10:00:00,2025-12-09 15:24:00,,,-0.01702924929586878
2025-12-10,57130,1,5445.0,5463.0,2025-12-10 10:00:00,2025-12-10 10:03:00,-2.365277905790196,-0.2059347413092492,0.0017003330286566997
2025-12-10,57130,1,5445.0,5434.0,2025-12-10 10:07:00,2025-12-10 13:35:00,-2.3648148415014596,-0.040406445584592734,-0.0036222453807678093
2025-12-10,57130,1,5416.0,5389.0,2025-12-10 13:52:00,2025-12-10 15:24:00,,,-0.0065976966586142145
2025-12-11,57130,-1,5477.0,5480.0,2025-12-11 10:01:00,2025-12-11 11:06:00,1.6879159383498226,0.28604795926654336,-0.0021475951583399804
2025-12-11,57130,1,5460.0,5456.0,2025-12-11 11:27:00,2025-12-11 15:01:00,-1.5736911111653509,-0.21818203300526376,-0.002332869215652696
2025-12-11,57130,1,5446.0,5449.0,2025-12-11 15:20:00,2025-12-11 15:24:00,,,-0.0010492886506064864
2025-12-12,57130,-1,5769.0,5939.0,2025-12-12 10:00:00,2025-12-12 15:24:00,,,-0.030642013758970865
2025-12-15,57130,1,5729.0,5707.0,2025-12-15 10:00:00,2025-12-15 15:24:00,,,-0.005447503871869773
2025-12-16,57130,1,5599.0,5651.0,2025-12-16 10:00:00,2025-12-16 10:12:00,-3.025802231608756,-0.003919025468676319,0.007644510280950007
2025-12-16,57130,1,5637.0,5632.0,2025-12-16 10:37:00,2025-12-16 12:45:00,-1.7988483641581665,-0.15209106753183732,-0.002487390243696698
2025-12-16,57130,-1,5649.0,5635.0,2025-12-16 13:31:00,2025-12-16 14:14:00,1.526116913967645,-0.04077560499449598,0.0008813908513853979
2025-12-16,57130,1,5620.0,5643.0,2025-12-16 14:36:00,2025-12-16 15:24:00,,,0.0024841750814033675
2025-12-17,57130,-1,5885.0,5853.0,2025-12-17 10:00:00,2025-12-17 13:43:00,4.0870212973845135,0.12846061612062676,0.0038523904031561845
2025-12-17,57130,-1,5863.0,5894.0,2025-12-17 14:12:00,2025-12-17 15:24:00,,,-0.006873466333424956
2025-12-18,57130,1,5801.0,5818.0,2025-12-18 10:00:00,2025-12-18 10:40:00,-1.9764773272945402,-0.06739662830250945,0.0013262435890826574
2025-12-18,57130,-1,5830.0,5810.0,2025-12-18 11:10:00,2025-12-18 14:31:00,1.9817777561191996,0.11055727880869978,0.0018364294985810982
2025-12-18,57130,1,5800.0,5808.0,2025-12-18 14:53:00,2025-12-18 15:20:00,-2.682736221582912,-0.2958053849093094,-0.00022164002987864052
2025-12-18,57130,1,5801.0,5808.0,2025-12-18 15:22:00,2025-12-18 15:24:00,-2.060162600946787,-0.2721618441101008,-0.0003940389614323701
2025-12-19,57130,1,5768.0,5775.0,2025-12-19 10:06:00,2025-12-19 10:43:00,-1.7544525108982183,-0.1880942268849772,-0.0003871435747907705
2025-12-19,57130,-1,5787.0,5801.0,2025-12-19 11:08:00,2025-12-19 13:00:00,1.9969999321723484,0.13881846528724295,-0.004016293892225652
2025-12-19,57130,1,5780.0,5798.0,2025-12-19 13:25:00,2025-12-19 14:08:00,-1.8232780126484462,0.21443285596223172,0.001509347815177587
2025-12-19,57130,-1,5806.0,5796.0,2025-12-19 14:38:00,2025-12-19 14:45:00,2.814382732228285,-0.1285851221725624,0.00012384114400217235
2025-12-19,57130,-1,5810.0,5814.0,2025-12-19 14:51:00,2025-12-19 15:24:00,,,-0.0022882312728643092
2025-12-22,57130,-1,6013.0,6081.0,2025-12-22 10:00:00,2025-12-22 15:24:00,,,-0.012845364080540995
2025-12-23,57130,-1,6079.0,6061.0,2025-12-23 10:02:00,2025-12-23 10:27:00,2.405494418352677,0.19885200883154114,0.0013654057974375018
2025-12-23,57130,-1,6067.0,6060.0,2025-12-23 10:56:00,2025-12-23 11:01:00,1.6968134805977162,0.2263465068464646,-0.00044555112106225807
2025-12-23,57130,1,6044.0,6058.0,2025-12-23 11:04:00,2025-12-23 11:16:00,-2.9510140208622544,-0.10610986176681686,0.000713668194552464
2025-12-23,57130,-1,6082.0,6060.0,2025-12-23 12:31:00,2025-12-23 12:35:00,2.831549290147425,0.06335697219256074,0.002023789173949844
2025-12-23,57130,1,6049.0,6059.0,2025-12-23 13:05:00,2025-12-23 13:17:00,-1.5005419356188565,-0.0058498529545694695,5.180083807475723e-05
2025-12-23,57130,1,6053.0,6055.0,2025-12-23 13:20:00,2025-12-23 14:40:00,-2.0289396040244623,-0.11891354308855256,-0.001269639904494693
2025-12-23,57130,1,6047.0,6055.0,2025-12-23 14:50:00,2025-12-23 15:03:00,-1.5897341317204239,-0.1557267295294534,-0.0002779042860203535
2025-12-24,57130,-1,6366.0,6359.0,2025-12-24 10:00:00,2025-12-24 14:01:00,1.8043994604889784,0.17276544241909417,-0.0004998034253696577
2025-12-24,57130,-1,6373.0,6484.0,2025-12-24 14:24:00,2025-12-24 15:24:00,,,-0.018867287541272655
2025-12-25,57130,1,6456.0,6339.0,2025-12-25 10:00:00,2025-12-25 15:24:00,,,-0.019888903665618296
2025-12-26,57130,-1,6419.0,6405.0,2025-12-26 10:05:00,2025-12-26 10:08:00,1.7185599779333194,0.2211735983377861,0.0005834069809435062
2025-12-26,57130,-1,6430.0,6406.0,2025-12-26 10:11:00,2025-12-26 10:12:00,2.336208397337446,0.2513822527544093,0.002139487062561664
2025-12-26,57130,-1,6418.0,6404.0,2025-12-26 10:24:00,2025-12-26 10:41:00,1.56286572038635,-0.03128290943166891,0.0005837475531968444
2025-12-26,57130,1,6384.0,6382.0,2025-12-26 10:44:00,2025-12-26 14:23:00,-1.6525312281704587,-0.2934562711533494,-0.0019133322914558688
2025-12-26,57130,-1,6417.0,6391.0,2025-12-26 14:43:00,2025-12-26 15:08:00,1.692012160571169,-0.027638588546415387,0.0024599681002335904
2025-12-26,57130,-1,6411.0,6415.0,2025-12-26 15:13:00,2025-12-26 15:24:00,,,-0.0022237330624794807
2025-12-29,57130,1,6583.0,6634.0,2025-12-29 10:00:00,2025-12-29 11:28:00,-4.23637539083372,-0.16526993947276072,0.006117372039120942
2025-12-29,57130,-1,6676.0,6658.0,2025-12-29 12:37:00,2025-12-29 15:02:00,1.6596238227207218,0.17249226946600996,0.001099866646755446
2025-12-29,57130,-1,6674.0,6675.0,2025-12-29 15:13:00,2025-12-29 15:24:00,,,-0.0017498239571309092
2025-12-30,57130,-1,6394.0,6390.0,2025-12-30 10:55:00,2025-12-30 14:07:00,1.5920306800086617,0.299262373025348,-0.0009742177517936961
2025-12-30,57130,-1,6399.0,6390.0,2025-12-30 14:12:00,2025-12-30 14:58:00,1.565129436355604,0.255710001700216,-0.0001925402321202828
2025-12-30,57130,1,6373.0,6390.0,2025-12-30 15:04:00,2025-12-30 15:22:00,-1.5873304322746957,0.1655815218402481,0.001063952057286464
2026-01-05,57130,-1,6660.0,6621.0,2026-01-05 10:00:00,2026-01-05 10:11:00,3.281247231766974,0.11106375643337656,0.004273068609588781
2026-01-05,57130,1,6605.0,6611.0,2026-01-05 10:43:00,2026-01-05 11:27:00,-1.603501996958659,-0.11014309159269062,-0.0006920096228475442
2026-01-05,57130,1,6589.0,6609.0,2026-01-05 12:30:00,2026-01-05 14:37:00,-1.7091239546516057,0.020943557674457148,0.0014307645566329298
2026-01-05,57130,-1,6619.0,6617.0,2026-01-05 14:45:00,2026-01-05 15:24:00,,,-0.001297793893136705
2026-01-06,57130,1,7021.0,7068.0,2026-01-06 10:00:00,2026-01-06 10:57:00,-1.5444758146748332,0.05980241441322974,0.005071896422338198
2026-01-06,57130,-1,7107.0,7090.0,2026-01-06 11:25:00,2026-01-06 14:49:00,2.1641355850398027,0.27056272215570715,0.0007948733007220041
2026-01-06,57130,-1,7096.0,7089.0,2026-01-06 14:55:00,2026-01-06 14:57:00,1.5992159938486517,0.2583563951550142,-0.0006130418656020839
2026-01-06,57130,1,7074.0,7090.0,2026-01-06 15:01:00,2026-01-06 15:11:00,-1.770864514572624,0.24763997782558378,0.0006592497607472755
2026-01-06,57130,1,7075.0,7071.0,2026-01-06 15:22:00,2026-01-06 15:24:00,,,-0.002165530907197559
2026-01-07,57130,-1,7287.0,7254.0,2026-01-07 10:00:00,2026-01-07 10:22:00,3.853456198829902,-0.18250652401805925,0.0029388978274344675
2026-01-07,57130,1,7209.0,7241.0,2026-01-07 10:46:00,2026-01-07 11:26:00,-2.2464053042497993,-0.269381940005308,0.0028290729842422634
2026-01-07,57130,1,7221.0,7250.0,2026-01-07 12:35:00,2026-01-07 12:50:00,-1.7501837433203171,0.2536921104682165,0.002408021397538868
2026-01-07,57130,-1,7275.0,7252.0,2026-01-07 12:54:00,2026-01-07 13:06:00,1.6580056965516503,0.2136153599085189,0.0015665201649515557
2026-01-07,57130,-1,7274.0,7250.0,2026-01-07 13:11:00,2026-01-07 13:41:00,1.7863192846108105,0.07919074910085104,0.001704877698213832
2026-01-07,57130,1,7206.0,7163.0,2026-01-07 14:40:00,2026-01-07 15:24:00,,,-0.0075851246935872895
2026-01-08,57130,-1,7277.0,7229.0,2026-01-08 10:00:00,2026-01-08 10:21:00,3.2332672947956844,-0.030344179006233932,0.00501797534678931
2026-01-08,57130,1,7175.0,7040.0,2026-01-08 10:35:00,2026-01-08 15:24:00,,,-0.020594591475733774
2026-01-09,57130,-1,7197.0,7175.0,2026-01-09 10:02:00,2026-01-09 10:15:00,1.6860228569061346,0.05237651904162752,0.001461510879982385
2026-01-09,57130,1,7147.0,7151.0,2026-01-09 10:20:00,2026-01-09 11:01:00,-1.8242475970294565,-0.2337100781346175,-0.0010404811715828727
2026-01-09,57130,1,7117.0,7158.0,2026-01-09 11:18:00,2026-01-09 11:26:00,-1.5657668859124738,0.15862319412160145,0.004144324026699934
2026-01-09,57130,1,7132.0,7136.0,2026-01-09 12:31:00,2026-01-09 14:33:00,-1.7813057576259914,0.14333643670092103,-0.0010393047231856988
2026-01-09,57130,-1,7155.0,7170.0,2026-01-09 14:59:00,2026-01-09 15:24:00,,,-0.003694241603114685
2026-01-13,57130,1,7532.0,7505.0,2026-01-13 10:00:00,2026-01-13 15:24:00,,,-0.005191145709480701
2026-01-14,57130,-1,7697.0,7631.0,2026-01-14 10:00:00,2026-01-14 10:53:00,3.7314802101819677,0.26658701440228805,0.0070117442446842445
2026-01-14,57130,-1,7653.0,7823.0,2026-01-14 10:58:00,2026-01-14 15:24:00,,,-0.023570384875159542
2026-01-15,57130,-1,8023.0,7937.0,2026-01-15 10:00:00,2026-01-15 10:37:00,4.515900787656198,-0.07100045496250332,0.009177046662780478
2026-01-15,57130,-1,7961.0,7948.0,2026-01-15 10:48:00,2026-01-15 12:30:00,1.589706385886429,0.1757402049678929,3.429541687067009e-05
2026-01-15,57130,1,7872.0,7868.0,2026-01-15 12:36:00,2026-01-15 15:24:00,,,-0.0021082592231396447
2026-01-16,57130,-1,7733.0,7707.0,2026-01-16 10:28:00,2026-01-16 11:02:00,2.642237130180189,0.10901155416245577,0.0017678788310421438
2026-01-16,57130,-1,7733.0,7707.0,2026-01-16 11:09:00,2026-01-16 11:19:00,1.577982814618114,0.10382177848737928,0.0017678788310421438
2026-01-16,57130,-1,7727.0,7708.0,2026-01-16 12:30:00,2026-01-16 12:37:00,1.5704747469723248,0.11436079157911422,0.0008619383993268249
2026-01-16,57130,-1,7731.0,7705.0,2026-01-16 12:42:00,2026-01-16 12:58:00,2.152143323038977,-0.18652297228390474,0.001768751566258665
2026-01-16,57130,1,7690.0,7704.0,2026-01-16 13:00:00,2026-01-16 13:21:00,-1.7126371076244578,-0.0781816240630023,0.00021889097827186132
2026-01-16,57130,-1,7729.0,7789.0,2026-01-16 13:39:00,2026-01-16 15:24:00,,,-0.00933299381307743
2026-01-19,57130,1,7660.0,7673.0,2026-01-19 10:01:00,2026-01-19 12:32:00,-1.5003081061578551,-0.2602002521286256,9.568944302822168e-05
2026-01-19,57130,-1,7693.0,7845.0,2026-01-19 12:37:00,2026-01-19 15:24:00,,,-0.02116556170819831
2026-01-20,57130,-1,7907.0,7890.0,2026-01-20 10:21:00,2026-01-20 10:40:00,1.860598909828176,0.10360509341106874,0.0005523082310070853
2026-01-20,57130,1,7844.0,7875.0,2026-01-20 11:07:00,2026-01-20 12:40:00,-2.9372970816703616,0.11125091569844775,0.0023442763775969183
2026-01-20,57130,-1,7900.0,8080.0,2026-01-20 13:28:00,2026-01-20 15:24:00,,,-0.024129113060028105
2026-01-21,57130,-1,8125.0,8409.0,2026-01-21 10:00:00,2026-01-21 15:24:00,,,-0.0359568326349597
2026-01-22,57130,1,8004.0,8060.0,2026-01-22 10:00:00,2026-01-22 10:14:00,-4.183239444803204,-0.15170035888100705,0.005372139797049872
2026-01-22,57130,1,8025.0,8042.0,2026-01-22 10:17:00,2026-01-22 11:26:00,-1.645310623367717,-0.1090357607669009,0.0005161394590026682
2026-01-22,57130,-1,8134.0,8145.0,2026-01-22 12:30:00,2026-01-22 15:24:00,,,-0.002951434568975696
2026-01-23,57130,-1,8584.0,8474.0,2026-01-23 10:00:00,2026-01-23 10:41:00,3.87253137810062,-0.26185080671422073,0.011297353124029874
2026-01-23,57130,1,8453.0,8460.0,2026-01-23 11:03:00,2026-01-23 14:32:00,-1.6131843303320021,0.11855601102689131,-0.0007722343286586047
2026-01-23,57130,1,8418.0,8460.0,2026-01-23 14:46:00,2026-01-23 14:56:00,-1.5408552774162179,0.2760326150161114,0.0033769032697530954
2026-01-23,57130,-1,8483.0,8461.0,2026-01-23 15:06:00,2026-01-23 15:15:00,1.6977649877349978,0.23251767515976587,0.0009967908832338409
2026-01-26,57130,-1,8661.0,8623.0,2026-01-26 10:05:00,2026-01-26 10:26:00,1.7077188901716773,0.1575727739716349,0.0027971373787203267
2026-01-26,57130,-1,8659.0,8626.0,2026-01-26 10:38:00,2026-01-26 10:47:00,1.5038942507374182,0.16266980000480666,0.0022183442400128036
2026-01-26,57130,-1,8665.0,8625.0,2026-01-26 11:04:00,2026-01-26 11:14:00,1.8840730848952139,0.09126210769648857,0.003026960250145934
2026-01-26,57130,-1,8649.0,8625.0,2026-01-26 11:15:00,2026-01-26 12:32:00,1.516385148263805,0.0517086100805215,0.0011787444069514166
2026-01-26,57130,1,8593.0,8613.0,2026-01-26 12:36:00,2026-01-26 13:30:00,-1.6843897207199174,-0.08001679449223785,0.00072477147595068
2026-01-26,57130,1,8592.0,8615.0,2026-01-26 13:51:00,2026-01-26 14:28:00,-1.5622549294123644,0.14979838039682022,0.0010733322133840578
2026-01-26,57130,1,8599.0,8546.0,2026-01-26 14:49:00,2026-01-26 15:24:00,,,-0.007782580206926258
2026-01-27,57130,-1,8740.0,8669.0,2026-01-27 10:01:00,2026-01-27 10:07:00,1.6175886470098486,-0.2058134266975054,0.006556745780940784
2026-01-27,57130,-1,8730.0,8759.0,2026-01-27 10:17:00,2026-01-27 14:45:00,1.8669602134429186,-0.2514099330614767,-0.004916373329441078
2026-01-27,57130,-1,8802.0,8773.0,2026-01-27 15:04:00,2026-01-27 15:22:00,1.5103365049974058,0.27164403386559227,0.0017001452426528734
2026-01-28,57130,-1,8911.0,9004.0,2026-01-28 10:00:00,2026-01-28 15:24:00,,,-0.01198245441390306
2026-01-29,57130,-1,9335.0,9274.0,2026-01-29 10:00:00,2026-01-29 10:25:00,2.4624118656347567,0.1625111175040093,0.00495599102441682
2026-01-29,57130,1,9228.0,9274.0,2026-01-29 10:50:00,2026-01-29 11:11:00,-1.6370041465447007,0.18155118356950142,0.003372445657761752
2026-01-29,57130,-1,9400.0,9845.0,2026-01-29 12:30:00,2026-01-29 15:24:00,,,-0.04785402281513072
2026-01-30,57130,-1,10250.0,9980.0,2026-01-30 10:00:00,2026-01-30 10:45:00,5.283610537664402,0.24021391273321888,0.025094615261044603
2026-01-30,57130,1,9693.0,9357.0,2026-01-30 10:57:00,2026-01-30 15:24:00,,,-0.036879249216695
2026-02-02,57130,-1,8686.0,8620.0,2026-02-02 10:01:00,2026-02-02 10:07:00,1.7554248532647698,-0.10401352901044428,0.006027449437028433
2026-02-02,57130,1,8537.0,8607.0,2026-02-02 10:10:00,2026-02-02 10:21:00,-2.194603999689528,-0.019882706758154598,0.0065661676391681025
2026-02-02,57130,1,8538.0,8602.0,2026-02-02 10:37:00,2026-02-02 10:59:00,-1.5334506753130477,-0.015403368458862239,0.005867946025774303
2026-02-02,57130,1,8558.0,8290.0,2026-02-02 11:05:00,2026-02-02 15:24:00,,,-0.03341654884742147
2026-02-03,57130,1,8520.0,8585.0,2026-02-03 10:02:00,2026-02-03 10:12:00,-1.5625980806754007,-0.1707930586162952,0.006000153508214572
2026-02-03,57130,-1,8647.0,8612.0,2026-02-03 10:22:00,2026-02-03 11:15:00,1.5286375339602178,0.05945406691482081,0.0024558604761765563
2026-02-03,57130,1,8546.0,8589.0,2026-02-03 12:32:00,2026-02-03 13:27:00,-2.1150437402462745,-0.2786122006140589,0.003418977562254408
2026-02-03,57130,1,8565.0,8596.0,2026-02-03 13:35:00,2026-02-03 13:43:00,-1.85327133121976,0.08049658759246502,0.002012847004180862
2026-02-03,57130,-1,8620.0,8749.0,2026-02-03 13:59:00,2026-02-03 15:24:00,,,-0.016454323448525657
2026-02-04,57130,-1,9273.0,9294.0,2026-02-04 10:00:00,2026-02-04 13:56:00,1.769277121581631,0.21001500349948166,-0.0038620788446975937
2026-02-04,57130,-1,9335.0,9287.0,2026-02-04 14:04:00,2026-02-04 15:22:00,1.6067902258649656,-0.2817136163473295,0.003555204199814686
2026-02-05,57130,-1,9415.0,9283.0,2026-02-05 10:00:00,2026-02-05 10:15:00,7.571783105312409,0.22719659289725877,0.012519391691320264
2026-02-05,57130,1,9213.0,8835.0,2026-02-05 10:48:00,2026-02-05 15:24:00,,,-0.043494424355135335
2026-02-06,57130,-1,8371.0,8300.0,2026-02-06 10:00:00,2026-02-06 10:22:00,2.216440655137984,-0.04783306944301439,0.0069178368753671044
2026-02-06,57130,-1,8341.0,8685.0,2026-02-06 10:45:00,2026-02-06 15:24:00,,,-0.042014286433593555
2026-02-09,57130,1,8921.0,8982.0,2026-02-09 10:09:00,2026-02-09 10:31:00,-1.8445470535648534,0.26563891812518553,0.005214526733899968
2026-02-09,57130,-1,9006.0,8976.0,2026-02-09 10:47:00,2026-02-09 10:56:00,1.5046704758378253,0.05082667887267099,0.0017366730990393726
2026-02-09,57130,1,8934.0,8967.0,2026-02-09 11:01:00,2026-02-09 11:28:00,-2.0061753218462757,-0.259725636065777,0.0020869490399836087
2026-02-09,57130,-1,9013.0,8980.0,2026-02-09 12:34:00,2026-02-09 14:07:00,1.6783345950549071,-0.2863196165804077,0.002068097260164524
2026-02-09,57130,-1,9069.0,9375.0,2026-02-09 14:29:00,2026-02-09 15:24:00,,,-0.034784567391043804
2026-02-10,57130,-1,9975.0,10185.0,2026-02-10 10:00:00,2026-02-10 15:24:00,,,-0.022434086902842054
2026-02-12,57130,-1,10800.0,10810.0,2026-02-12 10:00:00,2026-02-12 15:24:00,,,-0.0025254975209429713
2026-02-13,57130,1,10050.0,10155.0,2026-02-13 10:00:00,2026-02-13 10:18:00,-2.531148732598156,-0.1828489749482492,0.008793560527263301
2026-02-13,57130,1,10125.0,10170.0,2026-02-13 10:47:00,2026-02-13 10:51:00,-1.5026751732403754,0.12254909728490936,0.002834597067865775
2026-02-13,57130,1,10120.0,10170.0,2026-02-13 10:56:00,2026-02-13 11:08:00,-2.198708884556406,0.28633364666041305,0.0033285462011491797
2026-02-13,57130,1,10135.0,10185.0,2026-02-13 11:18:00,2026-02-13 13:47:00,-2.0271207257525337,-0.0035568040119510146,0.0033212697748058245
2026-02-13,57130,1,10150.0,9964.0,2026-02-13 14:12:00,2026-02-13 15:24:00,,,-0.02009510808786239
2026-02-16,57130,1,9861.0,9727.0,2026-02-16 10:00:00,2026-02-16 15:24:00,,,-0.015282059462888723
2026-02-17,57130,1,9479.0,9356.0,2026-02-17 10:00:00,2026-02-17 15:24:00,,,-0.014660976748971913
2026-02-18,57130,-1,9473.0,9727.0,2026-02-18 10:00:00,2026-02-18 15:24:00,,,-0.02805987699390593
2026-02-19,57130,-1,9924.0,9877.0,2026-02-19 10:01:00,2026-02-19 10:11:00,1.777951401416845,0.2519179857513202,0.003147243903564338
2026-02-19,57130,1,9826.0,9855.0,2026-02-19 10:17:00,2026-02-19 11:23:00,-1.8417020792525702,0.06312772043765581,0.001347006858227001
2026-02-19,57130,-1,9889.0,9896.0,2026-02-19 12:44:00,2026-02-19 15:24:00,,,-0.0023076068023329104
2026-02-20,57130,1,9817.0,9860.0,2026-02-20 10:02:00,2026-02-20 13:14:00,-1.5259306742984116,0.059155277718131866,0.002770591904159717
2026-02-20,57130,-1,9876.0,9864.0,2026-02-20 13:51:00,2026-02-20 14:26:00,2.282557618001891,0.19319949691385652,-0.000384194379110122
2026-02-20,57130,-1,9885.0,9977.0,2026-02-20 14:56:00,2026-02-20 15:24:00,,,-0.010863987308789956
2026-02-24,57130,-1,10690.0,10545.0,2026-02-24 10:00:00,2026-02-24 10:20:00,3.428598052255733,0.05044176441567567,0.012056911106215927
2026-02-24,57130,-1,10610.0,10765.0,2026-02-24 10:40:00,2026-02-24 15:24:00,,,-0.01610317819043448
2026-02-25,57130,-1,11415.0,11600.0,2026-02-25 10:00:00,2026-02-25 15:24:00,,,-0.01767681813056008
2026-02-26,57130,1,11405.0,11645.0,2026-02-26 10:00:00,2026-02-26 10:14:00,-2.629228869464412,-0.1891798668338482,0.019225047599953044
2026-02-26,57130,-1,11740.0,11680.0,2026-02-26 10:41:00,2026-02-26 10:55:00,1.7495321147137335,0.1871917844234853,0.0035238369998693954
2026-02-26,57130,1,11580.0,11300.0,2026-02-26 11:23:00,2026-02-26 15:24:00,,,-0.026076746426554314
2026-02-27,57130,-1,11940.0,12650.0,2026-02-27 10:00:00,2026-02-27 15:24:00,,,-0.05936310720907312
2026-03-02,57130,1,12705.0,12810.0,2026-03-02 10:23:00,2026-03-02 12:46:00,-2.0679168098806753,0.15067542345104898,0.006630499136515444
2026-03-02,57130,-1,12945.0,12970.0,2026-03-02 12:57:00,2026-03-02 15:24:00,,,-0.00352938512485158
2026-03-03,57130,1,12785.0,12880.0,2026-03-03 10:02:00,2026-03-03 10:06:00,-1.652863879154014,-0.2560990717972269,0.005803111933057624
2026-03-03,57130,1,12820.0,12130.0,2026-03-03 10:15:00,2026-03-03 15:24:00,,,-0.056924728536565244
2026-03-04,57130,1,11015.0,10705.0,2026-03-04 10:00:00,2026-03-04 15:24:00,,,-0.030147058212660317
2026-03-05,57130,1,11230.0,10530.0,2026-03-05 10:00:00,2026-03-05 15:24:00,,,-0.06596044260446769
2026-03-06,57130,1,10155.0,10165.0,2026-03-06 10:00:00,2026-03-06 10:52:00,-4.991794062987974,-0.2649478626130217,-0.0006157479520380565
2026-03-06,57130,1,10135.0,10180.0,2026-03-06 11:01:00,2026-03-06 11:12:00,-1.6055802133490102,-0.15386481815183897,0.002830231218413363
2026-03-06,57130,-1,10240.0,10170.0,2026-03-06 11:19:00,2026-03-06 12:44:00,1.5817492502193258,-0.20611128895970493,0.005259409550893143
2026-03-06,57130,1,10145.0,10185.0,2026-03-06 13:16:00,2026-03-06 13:33:00,-1.6257344727078846,0.06655051583613888,0.0023350764009909975
2026-03-06,57130,1,10135.0,10175.0,2026-03-06 13:39:00,2026-03-06 15:23:00,-1.6209191954733044,0.06346088747671128,0.00233895142469536
2026-03-09,57130,1,9191.0,9345.0,2026-03-09 10:00:00,2026-03-09 12:32:00,-2.338712964719737,0.04990963279231074,0.015016696531553648
2026-03-09,57130,1,9231.0,9293.0,2026-03-09 12:44:00,2026-03-09 14:42:00,-1.6336945868777422,0.02589355994434517,0.00509404356718787
2026-03-09,57130,-1,9382.0,9500.0,2026-03-09 14:53:00,2026-03-09 15:24:00,,,-0.014098838700228817
2026-03-10,57130,-1,10060.0,10020.0,2026-03-10 10:01:00,2026-03-10 13:07:00,2.010557514567829,-0.1409915566134967,0.0023840690148744592
2026-03-10,57130,-1,10060.0,10015.0,2026-03-10 13:38:00,2026-03-10 14:01:00,2.32570117781197,-0.2631979529146672,0.0028831955538116015
2026-03-10,57130,1,10010.0,10025.0,2026-03-10 14:31:00,2026-03-10 14:45:00,-1.525376782882085,0.001555033065440952,-0.00010262013449644034
2026-03-10,57130,-1,10050.0,10025.0,2026-03-10 14:51:00,2026-03-10 14:58:00,2.161175995313779,-0.012275341451919712,0.0008906613124519188
2026-03-10,57130,1,9992.0,10020.0,2026-03-10 15:05:00,2026-03-10 15:14:00,-2.493718314859487,-0.28474048302418786,0.0011983228334422411
2026-03-10,57130,1,9996.0,10005.0,2026-03-10 15:20:00,2026-03-10 15:24:00,,,-0.0007000449370092517
2026-03-11,57130,-1,10665.0,10640.0,2026-03-11 10:10:00,2026-03-11 10:29:00,2.2565026318547456,-0.2024935213263345,0.0007468680098155491
2026-03-11,57130,1,10590.0,10640.0,2026-03-11 10:37:00,2026-03-11 11:08:00,-1.6639043490833105,-0.01786512772020265,0.003110324300183134
2026-03-11,57130,-1,10675.0,10670.0,2026-03-11 11:16:00,2026-03-11 14:07:00,1.6679912631769303,0.09631746617728905,-0.0011315061989737689
2026-03-11,57130,1,10620.0,10470.0,2026-03-11 14:09:00,2026-03-11 15:24:00,,,-0.015824990931347326
2026-03-12,57130,-1,10420.0,10365.0,2026-03-12 10:04:00,2026-03-12 10:18:00,1.7667345371030685,-0.10129352521420319,0.003692290437477929
2026-03-12,57130,-1,10425.0,10395.0,2026-03-12 10:19:00,2026-03-12 10:54:00,1.9264875900491163,0.09594092145120456,0.0012818463748889262
2026-03-12,57130,1,10335.0,10095.0,2026-03-12 11:20:00,2026-03-12 15:24:00,,,-0.02509594136893077
2026-03-13,57130,-1,10030.0,9978.0,2026-03-13 10:00:00,2026-03-13 13:13:00,2.9179721375201244,0.21632292442536863,0.003597932534998535
2026-03-13,57130,1,9955.0,9976.0,2026-03-13 13:41:00,2026-03-13 13:43:00,-1.798441809532022,0.2733091658827462,0.0005072708615757907
2026-03-13,57130,1,9948.0,9970.0,2026-03-13 13:51:00,2026-03-13 14:03:00,-2.128749336370878,-0.2010262169942452,0.000609058032588796
2026-03-13,57130,1,9945.0,9968.0,2026-03-13 14:11:00,2026-03-13 14:28:00,-2.0701673556311446,-0.27369981336594684,0.0007100497391617992
2026-03-13,57130,-1,10015.0,9978.0,2026-03-13 14:33:00,2026-03-13 14:42:00,2.199798908947813,0.23033008810694156,0.002101299678935983
2026-03-13,57130,1,9940.0,9968.0,2026-03-13 15:02:00,2026-03-13 15:23:00,-1.8105767492533866,-0.24012217250577114,0.0012129413766146576
2026-03-16,57130,1,9548.0,9575.0,2026-03-16 10:00:00,2026-03-16 12:38:00,-3.275840986226346,0.1951034811781064,0.0012238265901260861
2026-03-16,57130,-1,9587.0,9566.0,2026-03-16 13:18:00,2026-03-16 13:50:00,1.5095891768682907,-0.1433849255209437,0.0005928688367543811
2026-03-16,57130,-1,9590.0,9694.0,2026-03-16 13:54:00,2026-03-16 15:24:00,,,-0.012386248527837426
2026-03-17,57130,1,9616.0,9715.0,2026-03-17 10:00:00,2026-03-17 11:28:00,-2.888613482015349,-0.1389472929303865,0.00864270503655158
2026-03-17,57130,1,9668.0,9501.0,2026-03-17 12:35:00,2026-03-17 15:24:00,,,-0.019024406616624138
2026-03-18,57130,-1,9851.0,10035.0,2026-03-18 10:00:00,2026-03-18 15:24:00,,,-0.020106009374759395
2026-03-19,57130,1,9298.0,9330.0,2026-03-19 10:00:00,2026-03-19 10:08:00,-1.9400005154127762,0.05189701187751232,0.001835691590859395
2026-03-19,57130,1,9298.0,9327.0,2026-03-19 10:26:00,2026-03-19 10:52:00,-1.655807871411809,0.21101245838378505,0.0015140964763335535
2026-03-19,57130,1,9299.0,9176.0,2026-03-19 10:59:00,2026-03-19 15:24:00,,,-0.014915487668990677
2026-03-23,57130,1,8352.0,8475.0,2026-03-23 10:00:00,2026-03-23 10:27:00,-6.37453602487594,0.20685281460744542,0.013019622126230996
2026-03-23,57130,-1,8525.0,8450.0,2026-03-23 10:36:00,2026-03-23 14:36:00,1.7192791283416586,-0.18170175475700337,0.007236581800498001
2026-03-23,57130,1,8424.0,8361.0,2026-03-23 14:43:00,2026-03-23 15:24:00,,,-0.009106737663753504
2026-03-24,57130,1,8821.0,8768.0,2026-03-24 10:01:00,2026-03-24 13:02:00,-2.4733911962850335,-0.297151810281674,-0.007626512070970216
2026-03-24,57130,1,8722.0,8768.0,2026-03-24 13:22:00,2026-03-24 14:19:00,-1.9631476613022185,-0.29735381229080515,0.003660160785085022
2026-03-24,57130,1,8732.0,8830.0,2026-03-24 14:27:00,2026-03-24 15:24:00,,,0.009560575928171278
2026-03-25,57130,1,9164.0,9184.0,2026-03-25 10:06:00,2026-03-25 10:28:00,-2.042452068068501,-0.29814397067294846,0.000580074985961405
2026-03-25,57130,-1,9218.0,9200.0,2026-03-25 10:34:00,2026-03-25 11:09:00,1.5852115694578386,-0.2157010788792849,0.0003546102433218867
2026-03-25,57130,1,9164.0,9198.0,2026-03-25 12:30:00,2026-03-25 12:57:00,-1.611992738363669,-0.15203358917950058,0.0021033045264829756
2026-03-25,57130,-1,9223.0,9206.0,2026-03-25 13:19:00,2026-03-25 14:05:00,1.8792467981040197,0.18393903414334584,0.000244918858532185
2026-03-25,57130,-1,9223.0,9245.0,2026-03-25 14:37:00,2026-03-25 15:24:00,,,-0.003982500585506428
2026-03-26,57130,1,9211.0,9257.0,2026-03-26 10:15:00,2026-03-26 13:00:00,-2.470815362879119,0.260173800522197,0.003381600078975722
2026-03-26,57130,-1,9279.0,9254.0,2026-03-26 13:22:00,2026-03-26 13:57:00,1.7426007464073494,-0.14998047316292448,0.0010978918862343744
2026-03-26,57130,-1,9281.0,9253.0,2026-03-26 14:01:00,2026-03-26 14:06:00,2.0897359805283813,-0.2687583874521238,0.0014214763463625552
2026-03-26,57130,1,9230.0,9250.0,2026-03-26 14:11:00,2026-03-26 14:17:00,-1.5401305608699256,-0.29085089546062926,0.0005645030095730501
2026-03-26,57130,1,9227.0,9258.0,2026-03-26 14:22:00,2026-03-26 14:40:00,-1.6302041697825231,0.22179033434516882,0.0017540740126599657
2026-03-26,57130,-1,9271.0,9256.0,2026-03-26 15:04:00,2026-03-26 15:05:00,1.966282577731509,0.22957415961284183,1.925873346986912e-05
2026-03-26,57130,1,9239.0,9254.0,2026-03-26 15:13:00,2026-03-26 15:15:00,-1.9398908064739884,0.016056497983290847,2.223579619968388e-05
2026-03-26,57130,-1,9268.0,9252.0,2026-03-26 15:17:00,2026-03-26 15:23:00,1.9393655615076357,-0.22524900564225475,0.00012786220093704203
2026-03-27,57130,-1,9152.0,9479.0,2026-03-27 10:28:00,2026-03-27 15:24:00,,,-0.036706390833462575
2026-03-30,57130,-1,9261.0,9180.0,2026-03-30 10:00:00,2026-03-30 10:28:00,4.989922687410142,0.1793633149139589,0.007184829555732803
2026-03-30,57130,-1,9217.0,9178.0,2026-03-30 10:32:00,2026-03-30 10:43:00,2.467839468259958,0.023191884967803823,0.0026402890388854162
2026-03-30,57130,1,9135.0,9187.0,2026-03-30 10:48:00,2026-03-30 12:36:00,-1.8923564130480524,0.2966653974847397,0.004076251459359293
2026-03-30,57130,-1,9195.0,9175.0,2026-03-30 13:22:00,2026-03-30 13:39:00,1.7538059272558233,0.15572913158448776,0.0005774641156504306
2026-03-30,57130,-1,9202.0,9176.0,2026-03-30 14:00:00,2026-03-30 14:47:00,1.9088337800027146,0.18674887424063838,0.0012294719062072802
2026-03-30,57130,-1,9197.0,9185.0,2026-03-30 14:49:00,2026-03-30 15:24:00,,,-0.0002943747465284797
2026-03-31,57130,-1,8963.0,8941.0,2026-03-31 10:00:00,2026-03-31 12:41:00,3.659779987272469,0.23760070254554566,0.0008575526220436604
2026-03-31,57130,1,8896.0,8926.0,2026-03-31 13:07:00,2026-03-31 13:17:00,-1.565175000090862,0.12527003496122502,0.0017666286988516652
2026-03-31,57130,-1,8954.0,8925.0,2026-03-31 13:20:00,2026-03-31 13:24:00,1.599097874197947,0.07006234071846879,0.0016440321530710354
2026-03-31,57130,1,8893.0,8924.0,2026-03-31 13:26:00,2026-03-31 13:35:00,-1.8076001485022823,0.027930273374749275,0.0018798261527831733
2026-03-31,57130,-1,8939.0,8924.0,2026-03-31 14:01:00,2026-03-31 14:16:00,1.8463086442800967,0.009112211371051785,7.944953542951853e-05
2026-03-31,57130,-1,8941.0,8928.0,2026-03-31 14:17:00,2026-03-31 15:05:00,1.5548974994475306,0.005727136005750589,-0.00014496588577413562
2026-04-01,57130,-1,9514.0,9462.0,2026-04-01 10:00:00,2026-04-01 10:06:00,2.970165259225805,-0.03417468855183362,0.003880620801133364
2026-04-01,57130,-1,9505.0,9502.0,2026-04-01 10:24:00,2026-04-01 14:01:00,2.2356477535393102,0.095698941520027,-0.0012843268243371156
2026-04-01,57130,-1,9520.0,9605.0,2026-04-01 14:17:00,2026-04-01 15:24:00,,,-0.010488947417245995
2026-04-02,57130,1,9690.0,9833.0,2026-04-02 10:06:00,2026-04-02 10:10:00,-1.8883638277650523,-0.01776732799344697,0.013049649895344202
2026-04-02,57130,1,9600.0,9226.0,2026-04-02 10:17:00,2026-04-02 15:24:00,,,-0.041337513338161755
2026-04-03,57130,1,9493.0,9548.0,2026-04-03 10:00:00,2026-04-03 10:52:00,-4.476211564209394,-0.13060097835920673,0.004177023576922301
2026-04-03,57130,1,9489.0,9529.0,2026-04-03 11:05:00,2026-04-03 14:58:00,-1.9460651133035047,-0.12245013208530793,0.002606547374429719
2026-04-03,57130,1,9497.0,9501.0,2026-04-03 15:01:00,2026-04-03 15:24:00,,,-0.0011789030362030096
2026-04-06,57130,-1,9607.0,9548.0,2026-04-06 10:00:00,2026-04-06 10:08:00,3.3501211745595794,0.0437565012328565,0.0045602909510177895
2026-04-06,57130,-1,9590.0,9552.0,2026-04-06 10:22:00,2026-04-06 10:32:00,1.5124361288879633,0.1287511119393945,0.002370332245100553
2026-04-06,57130,1,9524.0,9535.0,2026-04-06 10:48:00,2026-04-06 11:22:00,-1.5620401918937779,-0.28138145120418195,-0.0004456895722339926
2026-04-06,57130,1,9454.0,9531.0,2026-04-06 12:30:00,2026-04-06 12:36:00,-2.5269314615081813,-0.17546264750300936,0.006511711584444185
2026-04-06,57130,-1,9561.0,9539.0,2026-04-06 13:02:00,2026-04-06 13:19:00,1.6399720444652166,0.29710128620497817,0.0007036659402379875
2026-04-06,57130,-1,9556.0,9536.0,2026-04-06 13:34:00,2026-04-06 14:30:00,2.6035043356713556,-0.2093547891907636,0.0004951191405691442
2026-04-06,57130,1,9492.0,9479.0,2026-04-06 14:40:00,2026-04-06 15:24:00,,,-0.0029705131026125306
2026-04-07,57130,-1,9568.0,9508.0,2026-04-07 10:07:00,2026-04-07 10:10:00,1.7638932850045967,-0.15878177724139292,0.0046906477103283994
2026-04-07,57130,-1,9561.0,9517.0,2026-04-07 10:16:00,2026-04-07 10:42:00,1.674661937633274,-0.13725533571867,0.0030126510131027254
2026-04-07,57130,-1,9581.0,9522.0,2026-04-07 10:46:00,2026-04-07 10:51:00,2.013298911132595,-0.027793025734015202,0.004577059896409298
2026-04-07,57130,1,9474.0,9492.0,2026-04-07 11:07:00,2026-04-07 13:49:00,-1.813516705588366,-0.276833301442747,0.00029813407195713125
2026-04-07,57130,1,9472.0,9500.0,2026-04-07 13:56:00,2026-04-07 14:25:00,-1.5049827453285682,0.21979652874840455,0.0013517204648453428
2026-04-07,57130,1,9478.0,9494.0,2026-04-07 14:28:00,2026-04-07 14:31:00,-1.674324229764558,-0.2791511781185194,8.669658372966707e-05
2026-04-07,57130,-1,9517.0,9592.0,2026-04-07 14:39:00,2026-04-07 15:24:00,,,-0.009449744635006741
2026-04-08,57130,1,10080.0,10125.0,2026-04-08 10:21:00,2026-04-08 10:38:00,-1.610010915721768,-0.1510220038315088,0.0028543503493803747
2026-04-08,57130,-1,10195.0,10370.0,2026-04-08 10:43:00,2026-04-08 15:24:00,,,-0.018619618215017446
2026-04-09,57130,1,9928.0,9989.0,2026-04-09 10:00:00,2026-04-09 12:37:00,-3.9404566260402225,0.055270285753321914,0.004525439647706554
2026-04-09,57130,1,9927.0,9977.0,2026-04-09 12:41:00,2026-04-09 12:55:00,-1.5418938009376497,-0.26969623439779333,0.003424126323785361
2026-04-09,57130,1,9941.0,9980.0,2026-04-09 13:01:00,2026-04-09 13:07:00,-1.8117999189504657,-0.2516310886915891,0.0023154710933646376
2026-04-09,57130,1,9961.0,9976.0,2026-04-09 13:14:00,2026-04-09 14:19:00,-2.1426476460028394,-0.26940053713576323,-9.525978529325999e-05
2026-04-09,57130,1,9948.0,9922.0,2026-04-09 14:22:00,2026-04-09 15:24:00,,,-0.004217012062301132
2026-04-10,57130,-1,9970.0,9930.0,2026-04-10 10:03:00,2026-04-10 10:07:00,1.589334765765488,0.1403122501906509,0.002420105916665776
2026-04-10,57130,-1,9990.0,9947.0,2026-04-10 10:12:00,2026-04-10 11:04:00,2.2326724213619507,0.04060724379205881,0.002713594490185241
2026-04-10,57130,-1,10005.0,9966.0,2026-04-10 12:31:00,2026-04-10 13:05:00,1.9799286668236198,0.1806569880430607,0.002305668176483957
2026-04-10,57130,-1,9984.0,9962.0,2026-04-10 13:19:00,2026-04-10 13:32:00,1.6692035696582728,0.25724306359466376,0.0006059569759802269
2026-04-10,57130,1,9935.0,9956.0,2026-04-10 13:39:00,2026-04-10 14:14:00,-2.1647621796090193,-0.1964382581907838,0.0005115085015654941
2026-04-10,57130,-1,9991.0,9967.0,2026-04-10 14:27:00,2026-04-10 15:04:00,1.5349395837526723,0.24464942632234285,0.00080505176556235
2026-04-10,57130,-1,10000.0,10000.0,2026-04-10 15:24:00,2026-04-10 15:24:00,,,-0.0016
2026-04-13,57130,1,9905.0,9904.0,2026-04-13 10:00:00,2026-04-13 15:24:00,,,-0.0017009642082739748
2026-04-14,57130,-1,10335.0,10290.0,2026-04-14 10:00:00,2026-04-14 12:30:00,2.935827671418749,-0.21652216570148544,0.0027636432877733534
2026-04-14,57130,-1,10360.0,10310.0,2026-04-14 12:47:00,2026-04-14 13:39:00,2.4904974974628136,0.2517254103721849,0.0032379388024684893
2026-04-14,57130,-1,10340.0,10345.0,2026-04-14 13:45:00,2026-04-14 15:24:00,,,-0.002083442117223375
2026-04-15,57130,-1,11135.0,10670.0,2026-04-15 10:00:00,2026-04-15 15:24:00,,,0.041057235395669
2026-04-16,57130,1,10580.0,11040.0,2026-04-16 10:05:00,2026-04-16 15:24:00,,,0.040959614418795906
2026-04-17,57130,1,10355.0,10265.0,2026-04-17 10:00:00,2026-04-17 15:24:00,,,-0.010329444376650567
2026-04-20,57130,-1,10185.0,10130.0,2026-04-20 10:00:00,2026-04-20 11:27:00,4.854908020050161,0.16996078135020923,0.0038147314181771093
2026-04-20,57130,-1,10155.0,10130.0,2026-04-20 12:31:00,2026-04-20 12:40:00,1.6792851600048209,0.09270231533619043,0.0008648767717559819
2026-04-20,57130,-1,10160.0,10135.0,2026-04-20 12:55:00,2026-04-20 13:11:00,2.683183971461894,0.2795397672216081,0.0008636622463724702
2026-04-20,57130,1,10100.0,10125.0,2026-04-20 13:29:00,2026-04-20 14:13:00,-1.8282854641253263,-0.15432692170788656,0.0008721891453890727
2026-04-20,57130,1,10095.0,10060.0,2026-04-20 14:26:00,2026-04-20 15:24:00,,,-0.005073087093207658
2026-04-21,57130,-1,10155.0,10145.0,2026-04-21 10:00:00,2026-04-21 10:40:00,1.5573213399720784,0.25852965856510823,-0.0006147782454300635
2026-04-21,57130,-1,10175.0,10150.0,2026-04-21 10:45:00,2026-04-21 12:42:00,1.6190615017088494,-0.16720513708055246,0.0008600258408623114
2026-04-21,57130,-1,10185.0,10150.0,2026-04-21 12:49:00,2026-04-21 13:18:00,2.08634404381691,-0.2656889364957013,0.00184234419097279
2026-04-21,57130,-1,10190.0,10275.0,2026-04-21 13:23:00,2026-04-21 15:24:00,,,-0.0099069131476648
2026-04-22,57130,1,9889.0,9926.0,2026-04-22 10:00:00,2026-04-22 10:22:00,-2.2983885974037763,0.2965978801444875,0.002134548877395369
2026-04-22,57130,-1,9976.0,9921.0,2026-04-22 10:24:00,2026-04-22 10:28:00,1.6367664908759783,0.017813335448471995,0.003928485709969865
2026-04-22,57130,-1,9944.0,9933.0,2026-04-22 11:02:00,2026-04-22 14:03:00,1.5962367433911038,-0.24300788803056245,-0.0004931930248088937
2026-04-22,57130,-1,10010.0,10030.0,2026-04-22 14:16:00,2026-04-22 15:24:00,,,-0.003596008646714878
2026-04-23,57130,1,9972.0,9778.0,2026-04-23 10:00:00,2026-04-23 15:24:00,,,-0.021246201504857593
2026-04-24,57130,1,9760.0,9785.0,2026-04-24 10:01:00,2026-04-24 10:54:00,-1.527339493351793,0.01634311737078898,0.0009582004230383478
2026-04-24,57130,-1,9800.0,9789.0,2026-04-24 11:16:00,2026-04-24 11:25:00,1.605989118936456,0.21954459543442045,-0.0004769206027670683
2026-04-24,57130,1,9734.0,9760.0,2026-04-24 12:30:00,2026-04-24 14:53:00,-2.8088325256255318,0.027998405284416317,0.0010674890137385284
2026-04-24,57130,-1,9845.0,9760.0,2026-04-24 15:00:00,2026-04-24 15:18:00,2.2474098992597975,-0.17182347681638047,0.00707131166608771
2026-04-27,57130,-1,9615.0,9635.0,2026-04-27 10:00:00,2026-04-27 15:24:00,,,-0.003677922825586613
2026-04-28,57130,-1,9914.0,9870.0,2026-04-28 10:00:00,2026-04-28 11:00:00,1.8779636865008353,0.25642802777573925,0.002848046152991948
2026-04-28,57130,-1,9926.0,9862.0,2026-04-28 11:18:00,2026-04-28 11:21:00,1.6551898452299072,-0.09888565848047849,0.004868589363314668
2026-04-28,57130,1,9738.0,9635.0,2026-04-28 12:30:00,2026-04-28 15:24:00,,,-0.012233455894179422
2026-04-30,57130,1,9372.0,9386.0,2026-04-30 10:28:00,2026-04-30 11:00:00,-1.5773948054098217,-0.10297942101476128,-0.00010730327332325834
2026-04-30,57130,1,9343.0,9379.0,2026-04-30 11:29:00,2026-04-30 12:45:00,-3.5710363144700703,-0.17223872972707746,0.0022457477159828184
2026-04-30,57130,-1,9420.0,9387.0,2026-04-30 13:14:00,2026-04-30 13:20:00,3.4661598817389763,0.24163568978640573,0.0019093352334169681
2026-04-30,57130,1,9360.0,9381.0,2026-04-30 13:30:00,2026-04-30 13:42:00,-1.6828265340249289,-0.14866836761792535,0.000641076654313237
2026-04-30,57130,-1,9415.0,9385.0,2026-04-30 13:45:00,2026-04-30 13:51:00,2.04796557732237,0.07126446160247273,0.001591492070643555
2026-04-30,57130,-1,9407.0,9385.0,2026-04-30 14:05:00,2026-04-30 14:57:00,1.5310466372591423,-0.19691617361012898,0.0007414229513422637
2026-04-30,57130,1,9358.0,9370.0,2026-04-30 15:16:00,2026-04-30 15:24:00,,,-0.000318496193693717
2026-05-01,57130,-1,9461.0,9574.0,2026-05-01 10:00:00,2026-05-01 15:24:00,,,-0.013473005248010084
2026-05-07,57130,1,9937.0,9992.0,2026-05-07 10:03:00,2026-05-07 10:07:00,-1.9258355862599255,-0.11432961128451813,0.003919608574050334
2026-05-07,57130,-1,10025.0,10020.0,2026-05-07 10:37:00,2026-05-07 14:26:00,2.0258374391365903,-0.10677528517217871,-0.0011011224640859103
2026-05-07,57130,-1,10045.0,10085.0,2026-05-07 14:32:00,2026-05-07 15:24:00,,,-0.005574173139277357
2026-05-08,57130,1,10120.0,10175.0,2026-05-08 10:00:00,2026-05-08 10:15:00,-1.668073075560685,-0.19616928296160008,0.0038200674693391135
2026-05-08,57130,1,10135.0,10170.0,2026-05-08 10:20:00,2026-05-08 12:31:00,-1.8037897821433926,0.2672238260684239,0.001847430156505254
2026-05-08,57130,-1,10245.0,10570.0,2026-05-08 12:56:00,2026-05-08 15:24:00,,,-0.03283001819128316
2026-05-11,57130,1,10260.0,10325.0,2026-05-11 10:00:00,2026-05-11 12:51:00,-4.693612628827042,-0.24195053622781906,0.0047152991044729356
2026-05-11,57130,1,10290.0,10330.0,2026-05-11 13:01:00,2026-05-11 13:30:00,-1.649475404937887,-0.05294238405214391,0.0022797332855888494
2026-05-11,57130,1,10300.0,10080.0,2026-05-11 13:35:00,2026-05-11 14:45:00,-1.5233914143888918,0.1665397316671236,-0.023190632592367498
2026-05-11,57130,-1,10140.0,10085.0,2026-05-11 15:17:00,2026-05-11 15:24:00,,,0.003838826756861982
2026-05-12,57130,1,10755.0,10825.0,2026-05-12 10:03:00,2026-05-12 10:14:00,-2.089753139573068,0.1317608101889924,0.004887511168860225
2026-05-12,57130,1,10730.0,10795.0,2026-05-12 10:37:00,2026-05-12 12:31:00,-1.535419286407439,-0.06975284876355377,0.004439507324163534
2026-05-12,57130,1,10705.0,10785.0,2026-05-12 12:35:00,2026-05-12 13:35:00,-2.2438706954060037,-0.15818173620829884,0.0058453577994735115
2026-05-12,57130,1,10720.0,10715.0,2026-05-12 13:39:00,2026-05-12 15:24:00,,,-0.0020665267171155973
2026-05-13,57130,-1,10930.0,10920.0,2026-05-13 10:00:00,2026-05-13 12:31:00,4.410850937258736,0.04535096672723165,-0.0006846681283117963
2026-05-13,57130,1,10825.0,10910.0,2026-05-13 12:55:00,2026-05-13 13:32:00,-1.5403568245930082,-0.010157101305232542,0.006221525956425907
2026-05-13,57130,-1,10960.0,10920.0,2026-05-13 13:56:00,2026-05-13 15:02:00,1.872856211216447,-0.11971392324738916,0.002056311203110543
2026-05-13,57130,1,10845.0,10845.0,2026-05-13 15:24:00,2026-05-13 15:24:00,,,-0.0016
2026-05-14,57130,-1,11055.0,11015.0,2026-05-14 10:00:00,2026-05-14 10:04:00,1.6039636391489431,-0.04874187735295009,0.002024834055103155
2026-05-14,57130,1,10910.0,11000.0,2026-05-14 10:18:00,2026-05-14 10:26:00,-1.6662114960307766,-0.07360590826177589,0.006615472953391093
2026-05-14,57130,-1,11035.0,11010.0,2026-05-14 10:54:00,2026-05-14 10:57:00,1.500485327161094,0.2523347101989478,0.0006680889741111551
2026-05-14,57130,1,10970.0,11000.0,2026-05-14 11:00:00,2026-05-14 11:02:00,-1.5910091497391519,-0.16996060601093196,0.0011309985112317336
2026-05-14,57130,1,10965.0,11005.0,2026-05-14 11:10:00,2026-05-14 11:15:00,-1.618047725069224,0.08433221751614807,0.0020413331085735826
2026-05-14,57130,1,10940.0,10595.0,2026-05-14 11:22:00,2026-05-14 15:24:00,,,-0.03364360527357277
2026-05-15,57130,1,10845.0,10250.0,2026-05-15 10:00:00,2026-05-15 15:24:00,,,-0.05802643869442054
2026-05-18,57130,1,9752.0,9554.0,2026-05-18 10:00:00,2026-05-18 15:24:00,,,-0.022112477211200347
2026-05-19,57130,1,9308.0,9251.0,2026-05-19 10:00:00,2026-05-19 15:24:00,,,-0.007742591650863799
2026-05-20,57130,-1,9094.0,9057.0,2026-05-20 10:09:00,2026-05-20 10:24:00,2.0255932558812684,0.13420116324266104,0.0024769160100073812
2026-05-20,57130,1,9020.0,9017.0,2026-05-20 10:26:00,2026-05-20 12:59:00,-1.630262271436392,0.10821495115780412,-0.0019326495567626777
2026-05-20,57130,1,8966.0,9007.0,2026-05-20 13:38:00,2026-05-20 14:36:00,-1.7169140760017902,-0.07387385779843929,0.002962407068357969
2026-05-20,57130,1,8981.0,8992.0,2026-05-20 15:12:00,2026-05-20 15:24:00,,,-0.00037594153747747276
2026-05-21,57130,-1,9262.0,9211.0,2026-05-21 10:00:00,2026-05-21 12:31:00,3.367964066165041,-0.04057966606578596,0.003921586052461672
2026-05-21,57130,-1,9235.0,9216.0,2026-05-21 13:05:00,2026-05-21 13:14:00,1.583949233277145,0.20033142198627282,0.0004595096976678862
2026-05-21,57130,-1,9230.0,9212.0,2026-05-21 13:21:00,2026-05-21 14:18:00,1.698034893718248,-0.21891976007388772,0.0003520665563219716
2026-05-21,57130,-1,9244.0,9220.0,2026-05-21 14:22:00,2026-05-21 14:30:00,1.5525867118122731,0.1970298220660578,0.000999654843631873
2026-05-21,57130,1,9195.0,9220.0,2026-05-21 14:46:00,2026-05-21 14:50:00,-1.51797946817745,0.21213939812136473,0.0011151795122181119
2026-05-21,57130,-1,9245.0,9216.0,2026-05-21 15:03:00,2026-05-21 15:17:00,2.180514331314005,-0.09384372439531613,0.0015417608855527144
2026-05-21,57130,-1,9242.0,9217.0,2026-05-21 15:23:00,2026-05-21 15:24:00,1.6751946758265017,-0.05951113147031904,0.0011087074365474603
