date,code,side,entry,exit,entry_ts,exit_ts,entry_z,exit_z,pnl
2025-04-01,50160,1,884.0,895.0,2025-04-01 10:00:00,2025-04-01 10:41:00,-6.996539795880093,-0.17128511262422746,0.01076665563721189
2025-04-01,50160,1,891.0,864.0,2025-04-01 10:59:00,2025-04-01 15:24:00,,,-0.03237165866675366
2025-04-02,50160,-1,856.0,852.0,2025-04-02 10:14:00,2025-04-02 10:48:00,1.5502458151404332,-0.22117197563977456,0.0030838493124263145
2025-04-02,50160,1,850.0,863.0,2025-04-02 12:31:00,2025-04-02 15:24:00,,,0.013578341599065883
2025-04-03,50160,-1,849.0,838.0,2025-04-03 10:00:00,2025-04-03 10:40:00,3.1854132170258347,0.26043423892527057,0.011441085829264256
2025-04-03,50160,-1,842.0,838.0,2025-04-03 10:45:00,2025-04-03 12:37:00,1.9024955601485691,0.18119830710013432,0.0031619137602437028
2025-04-03,50160,-1,842.0,838.0,2025-04-03 13:07:00,2025-04-03 15:00:00,1.9306203167167253,-0.12339580682546261,0.0031619137602437028
2025-04-03,50160,-1,842.0,839.0,2025-04-03 15:06:00,2025-04-03 15:24:00,,,0.0019693077751205615
2025-04-04,50160,1,811.0,820.0,2025-04-04 10:00:00,2025-04-04 10:21:00,-2.057061590690588,0.09940021720691529,0.009436286142885858
2025-04-04,50160,1,813.0,798.0,2025-04-04 10:26:00,2025-04-04 15:02:00,-1.7690462724359484,-0.2610618013950365,-0.0202225120980018
2025-04-07,50160,1,677.0,689.0,2025-04-07 10:29:00,2025-04-07 10:52:00,-2.3627519685077996,0.18635971416566777,0.015969998101383484
2025-04-07,50160,-1,696.0,690.0,2025-04-07 10:55:00,2025-04-07 11:07:00,1.5469548646229754,0.21412953319202133,0.007058062743114542
2025-04-07,50160,1,678.0,652.0,2025-04-07 11:23:00,2025-04-07 15:24:00,,,-0.0407027260137426
2025-04-09,50160,-1,742.0,742.0,2025-04-09 10:15:00,2025-04-09 12:37:00,1.5570584522385982,0.2900024632549173,-0.0016
2025-04-09,50160,-1,749.0,741.0,2025-04-09 12:47:00,2025-04-09 13:06:00,1.5330198536898219,0.004313868901335218,0.009138358221132608
2025-04-09,50160,1,733.0,740.0,2025-04-09 13:19:00,2025-04-09 13:48:00,-1.8073251861271096,0.10383932521926863,0.00790448431156398
2025-04-09,50160,-1,742.0,740.0,2025-04-09 14:40:00,2025-04-09 14:56:00,1.7660767268438653,0.24949110461372412,0.001099056969165058
2025-04-09,50160,-1,743.0,742.0,2025-04-09 14:57:00,2025-04-09 15:24:00,,,-0.0002531984496212613
2025-04-10,50160,1,812.0,820.0,2025-04-10 10:15:00,2025-04-10 10:52:00,-1.6821019219472941,-0.2333654849144468,0.008204000096620834
2025-04-10,50160,-1,825.0,822.0,2025-04-10 11:16:00,2025-04-10 13:28:00,2.1118639848268077,0.005976423807155837,0.002042991278501092
2025-04-10,50160,-1,827.0,830.0,2025-04-10 13:39:00,2025-04-10 15:24:00,,,-0.005221005766952362
2025-04-11,50160,-1,824.0,819.0,2025-04-11 10:23:00,2025-04-11 10:27:00,1.581184963107031,0.03559389355320182,0.004486446056402328
2025-04-11,50160,-1,823.0,819.0,2025-04-11 10:34:00,2025-04-11 11:03:00,1.747400379983558,-0.0795152599463406,0.003272116824000429
2025-04-11,50160,1,817.0,819.0,2025-04-11 11:05:00,2025-04-11 11:11:00,-1.5355485833795723,-0.03273608299749567,0.0008449889930664397
2025-04-11,50160,-1,822.0,822.0,2025-04-11 11:19:00,2025-04-11 12:57:00,1.8005678406651289,0.0685403736571474,-0.0016
2025-04-11,50160,-1,829.0,846.0,2025-04-11 13:14:00,2025-04-11 15:24:00,,,-0.021899204470928375
2025-04-14,50160,1,849.0,851.0,2025-04-14 10:00:00,2025-04-14 12:32:00,-1.9445041614161056,0.22311907384734433,0.0007529422620268357
2025-04-14,50160,1,848.0,837.0,2025-04-14 12:54:00,2025-04-14 15:24:00,,,-0.014656565302427736
2025-04-15,50160,-1,849.0,847.0,2025-04-15 10:30:00,2025-04-15 10:32:00,2.497096636918477,-0.18505625128860662,0.0007584916592929395
2025-04-15,50160,1,846.0,845.0,2025-04-15 10:33:00,2025-04-15 12:46:00,-1.536130176589999,0.038456587487360326,-0.0027827322490493788
2025-04-15,50160,1,843.0,829.0,2025-04-15 13:01:00,2025-04-15 15:24:00,,,-0.01834680286656043
2025-04-16,50160,-1,825.0,822.0,2025-04-16 10:02:00,2025-04-16 10:57:00,1.6573597666206692,0.26555380116635796,0.002042991278501092
2025-04-16,50160,-1,824.0,823.0,2025-04-16 11:14:00,2025-04-16 14:31:00,1.55190081418314,-0.29729031867160927,-0.0003856707675980579
2025-04-16,50160,-1,826.0,824.0,2025-04-16 14:48:00,2025-04-16 14:52:00,1.562492025830786,0.2918989953414593,0.0008242436115063914
2025-04-16,50160,1,818.0,816.0,2025-04-16 15:03:00,2025-04-16 15:24:00,,,-0.004047981638640002
2025-04-17,50160,-1,829.0,828.0,2025-04-17 10:00:00,2025-04-17 11:18:00,2.094483351489694,-0.2759991474790419,-0.0003929992499647724
2025-04-17,50160,1,824.0,829.0,2025-04-17 11:21:00,2025-04-17 12:43:00,-1.6627058765561809,0.09721192569463119,0.004449625225823218
2025-04-17,50160,1,826.0,826.0,2025-04-17 13:08:00,2025-04-17 15:24:00,,,-0.0016
2025-04-18,50160,1,837.0,840.0,2025-04-18 10:12:00,2025-04-18 10:17:00,-3.3292223848566813,-0.01579611974213832,0.0019778213478839025
2025-04-18,50160,1,838.0,839.0,2025-04-18 10:20:00,2025-04-18 11:00:00,-1.8637464029287962,-0.027784825994716083,-0.00040739401487689393
2025-04-18,50160,1,837.0,839.0,2025-04-18 11:28:00,2025-04-18 12:30:00,-3.08192094226921,-0.06911091345421756,0.0007866359777309532
2025-04-18,50160,-1,841.0,839.0,2025-04-18 12:48:00,2025-04-18 12:51:00,2.1291795682382393,-0.06606893169565012,0.0007809535057418475
2025-04-18,50160,1,837.0,839.0,2025-04-18 12:52:00,2025-04-18 12:53:00,-1.9170399392372612,-0.03998153194151388,0.0007866359777309532
2025-04-18,50160,-1,841.0,839.0,2025-04-18 13:12:00,2025-04-18 13:26:00,2.0855299802237397,-0.1074789758658672,0.0007809535057418475
2025-04-18,50160,-1,841.0,839.0,2025-04-18 13:32:00,2025-04-18 13:38:00,2.4419898056762714,-0.15673400155635808,0.0007809535057418475
2025-04-18,50160,-1,840.0,839.0,2025-04-18 13:47:00,2025-04-18 13:51:00,1.574721786229509,-0.20150476000711795,-0.0004088146298468821
2025-04-18,50160,1,838.0,839.0,2025-04-18 13:53:00,2025-04-18 14:19:00,-1.6553121163514553,0.08806332328888075,-0.00040739401487689393
2025-04-18,50160,-1,841.0,839.0,2025-04-18 14:47:00,2025-04-18 15:15:00,3.411552004910706,0.1661415183964777,0.0007809535057418475
2025-04-21,50160,1,830.0,818.0,2025-04-21 10:00:00,2025-04-21 15:24:00,,,-0.016163364187896555
2025-04-22,50160,-1,818.0,817.0,2025-04-22 10:12:00,2025-04-22 12:32:00,1.5579523918876896,0.18774073932074198,-0.00037675825725579505
2025-04-22,50160,-1,819.0,817.0,2025-04-22 12:33:00,2025-04-22 12:36:00,1.8566856902090363,0.12719144863101392,0.0008449889930665316
2025-04-22,50160,1,815.0,817.0,2025-04-22 13:13:00,2025-04-22 13:23:00,-2.1304384242249284,0.29950820345644397,0.0008509816191401606
2025-04-22,50160,-1,818.0,817.0,2025-04-22 13:37:00,2025-04-22 13:59:00,1.8493476071725377,0.28336009780182236,-0.00037675825725579505
2025-04-22,50160,-1,819.0,817.0,2025-04-22 14:17:00,2025-04-22 15:00:00,2.5538139582312156,-0.11038303602729259,0.0008449889930665316
2025-04-22,50160,-1,820.0,820.0,2025-04-22 15:04:00,2025-04-22 15:24:00,,,-0.0016
2025-04-23,50160,1,827.0,830.0,2025-04-23 10:00:00,2025-04-23 10:59:00,-3.4744395101589154,-0.27341929210059035,0.002021005766952362
2025-04-23,50160,1,828.0,830.0,2025-04-23 11:01:00,2025-04-23 11:22:00,-1.6564310268362117,-0.1935059366985783,0.0008125464053839258
2025-04-23,50160,1,828.0,830.0,2025-04-23 11:28:00,2025-04-23 12:36:00,-1.8433586727425606,-0.28249416562251983,0.0008125464053839258
2025-04-23,50160,-1,832.0,830.0,2025-04-23 12:40:00,2025-04-23 12:41:00,1.846233793756481,-0.24359504340167984,0.0008067400305649763
2025-04-23,50160,-1,832.0,830.0,2025-04-23 12:49:00,2025-04-23 12:56:00,1.7167417753445473,-0.2587404055280305,0.0008067400305649763
2025-04-23,50160,1,829.0,826.0,2025-04-23 13:10:00,2025-04-23 15:24:00,,,-0.005225381614316857
2025-04-24,50160,1,826.0,825.0,2025-04-24 10:00:00,2025-04-24 12:44:00,-1.955095938814221,-0.280309040962332,-0.0028113871862970935
2025-04-24,50160,1,824.0,825.0,2025-04-24 12:45:00,2025-04-24 12:52:00,-1.5395233002518411,-0.2722833446582562,-0.0003871435747907705
2025-04-24,50160,1,823.0,817.0,2025-04-24 12:57:00,2025-04-24 15:24:00,,,-0.008917105817066933
2025-04-25,50160,1,821.0,815.0,2025-04-25 10:09:00,2025-04-25 15:24:00,,,-0.008934996211565472
2025-04-28,50160,1,810.0,812.0,2025-04-28 10:00:00,2025-04-28 12:51:00,-6.10282665740168,0.09305636372282716,0.0008660924951934682
2025-04-28,50160,-1,814.0,812.0,2025-04-28 13:17:00,2025-04-28 14:09:00,3.885567674508752,-0.23224986853860152,0.0008600258408623114
2025-04-28,50160,-1,813.0,812.0,2025-04-28 14:10:00,2025-04-28 15:07:00,2.097447092015194,-0.19925439057041974,-0.0003692306138673763
2025-04-30,50160,1,802.0,793.9,2025-04-30 10:10:00,2025-04-30 15:24:00,,,-0.011751099135446764
2025-05-01,50160,1,777.0,779.8,2025-05-01 10:03:00,2025-05-01 10:20:00,-1.6220800970523412,-0.1589282336941513,0.0019971261808494744
2025-05-01,50160,-1,781.7,784.3,2025-05-01 10:21:00,2025-05-01 15:00:00,2.035643734110669,0.00489680191347391,-0.004920564992335875
2025-05-01,50160,-1,786.1,789.5,2025-05-01 15:10:00,2025-05-01 15:24:00,,,-0.00591582289598593
2025-05-02,50160,-1,793.2,795.6,2025-05-02 10:01:00,2025-05-02 15:24:00,,,-0.004621150334176251
2025-05-07,50160,1,789.2,793.9,2025-05-07 10:04:00,2025-05-07 10:46:00,-2.3593313686999293,-0.03452224396733407,0.0043377345826072595
2025-05-07,50160,-1,795.5,794.0,2025-05-07 10:49:00,2025-05-07 11:02:00,1.5951097271068588,-0.025475590842277886,0.00028738653070578806
2025-05-07,50160,-1,795.6,801.9,2025-05-07 11:16:00,2025-05-07 15:24:00,,,-0.009487364833165847
2025-05-08,50160,-1,803.0,800.0,2025-05-08 10:09:00,2025-05-08 10:26:00,1.530345714506281,-0.0809787065030358,0.0021429862788343917
2025-05-08,50160,-1,801.3,800.0,2025-05-08 10:43:00,2025-05-08 10:53:00,1.7620377287289852,-0.2685074580156858,2.3681116097535888e-05
2025-05-08,50160,1,799.0,800.0,2025-05-08 10:56:00,2025-05-08 11:08:00,-1.9099910523984875,-0.10533028317321132,-0.00034921809834732344
2025-05-08,50160,1,798.5,799.8,2025-05-08 11:11:00,2025-05-08 12:57:00,-1.6726421508583977,-0.10261768243435825,2.6728757650754153e-05
2025-05-08,50160,1,799.0,799.8,2025-05-08 12:58:00,2025-05-08 13:04:00,-2.1126406404451674,0.007353132226444699,-0.0005992493535567317
2025-05-08,50160,1,799.2,799.7,2025-05-08 13:05:00,2025-05-08 13:06:00,-1.5074157053379524,-0.24267005301192587,-0.0009745699964995372
2025-05-08,50160,-1,800.8,800.1,2025-05-08 13:08:00,2025-05-08 13:15:00,1.7659238281198086,0.21803104522509958,-0.0007254918550674911
2025-05-08,50160,1,797.8,799.7,2025-05-08 13:32:00,2025-05-08 14:08:00,-1.7895447205130155,0.007629536315620538,0.0007787178665381019
2025-05-08,50160,-1,801.3,799.6,2025-05-08 14:22:00,2025-05-08 14:35:00,1.787586631674822,-0.13103636940725913,0.0005238061577798206
2025-05-08,50160,-1,801.5,799.7,2025-05-08 14:42:00,2025-05-08 15:08:00,2.6752923084166804,-0.13204933557841925,0.0006483147117634042
2025-05-08,50160,-1,801.3,800.8,2025-05-08 15:14:00,2025-05-08 15:24:00,,,-0.0009758192169859704
2025-05-09,50160,1,794.0,799.7,2025-05-09 10:14:00,2025-05-09 12:45:00,-2.048263319336882,0.27420788316885586,0.0055531960907085395
2025-05-09,50160,-1,805.2,804.8,2025-05-09 13:01:00,2025-05-09 15:24:00,,,-0.0011031055798382395
2025-05-12,50160,1,793.5,796.7,2025-05-12 10:30:00,2025-05-12 10:33:00,-1.7692056566445946,0.0715838951868,0.0024246564198567534
2025-05-12,50160,1,794.3,796.5,2025-05-12 10:36:00,2025-05-12 11:08:00,-2.026448355759729,0.10524268293379002,0.0011659057110169912
2025-05-12,50160,-1,799.4,796.7,2025-05-12 11:21:00,2025-05-12 13:04:00,1.5899771596640622,0.18452305371652095,0.0017832498909027227
2025-05-12,50160,-1,798.2,796.1,2025-05-12 13:08:00,2025-05-12 13:49:00,1.6947791691364247,-0.22471250668718046,0.0010343865201010774
2025-05-12,50160,-1,798.9,820.0,2025-05-12 14:19:00,2025-05-12 15:24:00,,,-0.027668558770302505
2025-05-13,50160,1,802.6,808.7,2025-05-13 10:00:00,2025-05-13 12:35:00,-9.510364022276994,-0.25397940199177294,0.0059715622689601325
2025-05-13,50160,1,804.0,808.0,2025-05-13 12:48:00,2025-05-13 13:19:00,-1.8222141932718832,-0.21164126422421142,0.0033627893421290973
2025-05-13,50160,-1,810.6,815.7,2025-05-13 13:43:00,2025-05-13 15:24:00,,,-0.007871926112326632
2025-05-14,50160,1,799.2,799.6,2025-05-14 10:00:00,2025-05-14 14:11:00,-7.048439164642684,-0.176469344054464,-0.0010996247080987203
2025-05-14,50160,1,798.0,799.7,2025-05-14 14:25:00,2025-05-14 14:34:00,-1.520788264036523,0.05654011252443984,0.0005280598880355455
2025-05-14,50160,-1,801.1,799.9,2025-05-14 14:36:00,2025-05-14 14:53:00,1.6009317903240525,0.21138290549689437,-0.00010093663370497829
2025-05-14,50160,1,798.6,799.4,2025-05-14 15:06:00,2025-05-14 15:17:00,-1.8977136555241356,-0.25560083833304764,-0.000598748351897812
2025-05-14,50160,1,798.3,798.8,2025-05-14 15:20:00,2025-05-14 15:24:00,,,-0.0009738651100930606
2025-05-15,50160,-1,800.8,810.0,2025-05-15 10:01:00,2025-05-15 15:24:00,,,-0.013023019665473621
2025-05-16,50160,1,792.7,806.0,2025-05-16 10:00:00,2025-05-16 15:24:00,,,0.015038902663518035
2025-05-19,50160,-1,805.8,803.2,2025-05-19 10:06:00,2025-05-19 10:44:00,2.415306839508459,-0.22659998285232494,0.0016318238197820304
2025-05-19,50160,1,800.5,802.4,2025-05-19 11:00:00,2025-05-19 13:24:00,-1.5418748922089083,-0.24658640265247417,0.0007707042109562818
2025-05-19,50160,1,800.8,802.3,2025-05-19 13:30:00,2025-05-19 13:45:00,-2.859995261597897,-0.22242748515982944,0.00027137475859951004
2025-05-19,50160,1,801.3,801.0,2025-05-19 14:06:00,2025-05-19 15:24:00,,,-0.001974461715665645
2025-05-20,50160,1,797.1,795.8,2025-05-20 10:00:00,2025-05-20 15:24:00,,,-0.0032322434410493144
2025-05-21,50160,1,782.3,786.3,2025-05-21 10:00:00,2025-05-21 12:39:00,-6.293056478759068,-0.20001916990338958,0.0035001003064353345
2025-05-21,50160,-1,789.0,786.9,2025-05-21 13:06:00,2025-05-21 15:04:00,2.636751294193218,-0.06526596648308897,0.0010651453049365745
2025-05-21,50160,-1,787.8,785.9,2025-05-21 15:10:00,2025-05-21 15:24:00,,,0.0008146926646761911
2025-05-22,50160,-1,804.0,806.2,2025-05-22 10:00:00,2025-05-22 15:24:00,,,-0.0043325815040991325
2025-05-23,50160,1,802.9,804.4,2025-05-23 10:00:00,2025-05-23 10:04:00,-3.657436644932158,-0.19094572554310973,0.00026648470785869505
2025-05-23,50160,1,803.5,802.6,2025-05-23 10:06:00,2025-05-23 12:48:00,-1.991998670669845,-0.16460736634321388,-0.002720727344750932
2025-05-23,50160,1,800.5,802.5,2025-05-23 13:01:00,2025-05-23 13:42:00,-2.087801543923464,-0.24821235280022405,0.0008953225674015704
2025-05-23,50160,1,801.3,802.5,2025-05-23 13:43:00,2025-05-23 13:52:00,-3.05630291206651,-0.15183651347021912,-0.00010355377985398644
2025-05-23,50160,1,801.5,799.5,2025-05-23 14:01:00,2025-05-23 15:24:00,,,-0.004098439775598744
2025-05-26,50160,-1,807.7,805.8,2025-05-26 10:11:00,2025-05-26 10:20:00,1.5498682181149421,-0.038703304130270594,0.0007551296910038509
2025-05-26,50160,-1,807.0,805.7,2025-05-26 10:34:00,2025-05-26 10:37:00,1.555029406733782,-0.21172974503669997,1.2203486798474704e-05
2025-05-26,50160,1,804.8,805.7,2025-05-26 10:43:00,2025-05-26 10:50:00,-1.5050507849934007,-0.22371466439116805,-0.00048233456232434926
2025-05-26,50160,-1,807.1,806.0,2025-05-26 10:51:00,2025-05-26 10:56:00,1.9233136908193469,0.20869442523423332,-0.00023616617630156092
2025-05-26,50160,-1,806.5,798.5,2025-05-26 11:20:00,2025-05-26 15:24:00,,,0.008368929910196424
2025-05-27,50160,-1,798.5,797.9,2025-05-27 10:00:00,2025-05-27 10:47:00,2.418388756525683,0.2311388869281001,-0.0008483086591681095
2025-05-27,50160,-1,798.9,799.9,2025-05-27 11:21:00,2025-05-27 15:07:00,2.14317422157316,0.2849112750692274,-0.0028509383667799843
2025-05-27,50160,-1,800.8,800.8,2025-05-27 15:24:00,2025-05-27 15:24:00,,,-0.0016
2025-05-28,50160,1,806.6,794.7,2025-05-28 10:00:00,2025-05-28 15:24:00,,,-0.016463197493133973
2025-05-29,50160,-1,795.8,795.1,2025-05-29 10:02:00,2025-05-29 10:03:00,1.5723062411587507,0.27367077596757533,-0.0007199949146096021
2025-05-29,50160,1,793.6,794.4,2025-05-29 10:07:00,2025-05-29 10:29:00,-2.2301770443119917,-0.28407048786836453,-0.0005924432397002295
2025-05-29,50160,-1,796.0,794.7,2025-05-29 10:42:00,2025-05-29 11:05:00,1.7253336579699916,0.06086728037020577,3.450089824920616e-05
2025-05-29,50160,-1,795.4,795.6,2025-05-29 11:13:00,2025-05-29 12:57:00,1.5300139731021196,0.16767988412261342,-0.001851414206226963
2025-05-29,50160,-1,795.9,795.3,2025-05-29 13:20:00,2025-05-29 13:36:00,1.6932833053291423,-0.21914346642659593,-0.0008458521512858126
2025-05-29,50160,1,794.8,792.0,2025-05-29 13:37:00,2025-05-29 15:24:00,,,-0.005129118863235863
2025-05-30,50160,1,787.7,789.3,2025-05-30 10:05:00,2025-05-30 10:25:00,-2.017269622564001,-0.21311169400404617,0.0004291700050778871
2025-05-30,50160,1,788.5,789.4,2025-05-30 10:30:00,2025-05-30 11:02:00,-1.941107603937154,0.21051813674104217,-0.0004592431743463594
2025-05-30,50160,1,788.9,789.3,2025-05-30 11:05:00,2025-05-30 11:11:00,-1.8296538121124923,-0.12789971605030348,-0.0010930933866872819
2025-05-30,50160,1,788.8,788.9,2025-05-30 11:12:00,2025-05-30 12:42:00,-1.955535310349688,-0.23849567357529888,-0.0014732331873817625
2025-05-30,50160,1,787.8,788.8,2025-05-30 13:03:00,2025-05-30 13:10:00,-2.84797947857418,-0.2031188533872667,-0.0003314472483797507
2025-05-30,50160,1,788.0,788.2,2025-05-30 13:26:00,2025-05-30 15:23:00,-1.7749954410234983,0.13510365664408916,-0.0013462250969758513
2025-06-02,50160,1,776.0,777.0,2025-06-02 10:01:00,2025-06-02 10:03:00,-1.6054893814438618,-0.21514465837213323,-0.0003121698155713142
2025-06-02,50160,-1,778.4,777.3,2025-06-02 10:06:00,2025-06-02 10:09:00,1.6949811770651675,0.18714735554235837,-0.0001858453643786499
2025-06-02,50160,1,775.7,771.6,2025-06-02 10:17:00,2025-06-02 15:24:00,,,-0.006899566465251937
2025-06-03,50160,-1,772.3,770.4,2025-06-03 10:00:00,2025-06-03 11:08:00,2.8473279482880987,0.009699877413995766,0.0008632150913023596
2025-06-03,50160,1,767.9,765.2,2025-06-03 12:30:00,2025-06-03 15:24:00,,,-0.00512227877039997
2025-06-04,50160,1,762.7,765.7,2025-06-04 10:31:00,2025-06-04 15:01:00,-1.6425180448298915,0.28811316111844026,0.002325678948884951
2025-06-04,50160,1,764.3,763.7,2025-06-04 15:04:00,2025-06-04 15:24:00,,,-0.0023853403544998983
2025-06-05,50160,-1,767.5,766.8,2025-06-05 10:00:00,2025-06-05 12:45:00,2.423624841760759,-0.13740577809008545,-0.0006875317101371934
2025-06-05,50160,-1,767.9,766.7,2025-06-05 13:00:00,2025-06-05 14:07:00,2.386791657722973,-0.04314858659098895,-3.607422835096561e-05
2025-06-05,50160,1,766.2,764.5,2025-06-05 14:34:00,2025-06-05 15:24:00,,,-0.0038212068974317163
2025-06-06,50160,1,756.0,747.4,2025-06-06 10:00:00,2025-06-06 15:24:00,,,-0.013040859128149476
2025-06-09,50160,1,743.2,742.3,2025-06-09 10:00:00,2025-06-09 13:22:00,-2.6775232565032585,-0.13316098541028495,-0.0028117133761275826
2025-06-09,50160,-1,749.7,746.6,2025-06-09 13:36:00,2025-06-09 15:24:00,,,0.0025435600285329558
2025-06-10,50160,-1,768.0,760.7,2025-06-10 10:00:00,2025-06-10 10:55:00,5.362778192401637,0.14280738500223894,0.00795067114441658
2025-06-10,50160,-1,762.6,775.6,2025-06-10 11:11:00,2025-06-10 15:24:00,,,-0.018503275945033412
2025-06-11,50160,1,771.4,775.6,2025-06-11 10:00:00,2025-06-11 12:51:00,-2.0537400395844725,0.061760908846053154,0.0038298775943694605
2025-06-11,50160,-1,776.8,780.9,2025-06-11 13:15:00,2025-06-11 15:24:00,,,-0.006864183691514324
2025-06-12,50160,-1,792.4,780.8,2025-06-12 10:00:00,2025-06-12 15:24:00,,,0.013147279725513175
2025-06-13,50160,1,770.5,763.2,2025-06-13 10:00:00,2025-06-13 15:24:00,,,-0.011119534626093604
2025-06-16,50160,1,760.9,761.2,2025-06-16 10:00:00,2025-06-16 12:54:00,-10.584301515448425,0.1903587853603877,-0.0012058077604826006
2025-06-16,50160,-1,763.1,765.0,2025-06-16 13:16:00,2025-06-16 15:24:00,,,-0.004086749530948229
2025-06-17,50160,-1,769.6,767.9,2025-06-17 10:07:00,2025-06-17 10:13:00,1.6544982602771994,-0.09156253176490098,0.0006113830149989195
2025-06-17,50160,-1,768.6,768.6,2025-06-17 10:29:00,2025-06-17 10:56:00,1.6138185174586288,-0.1398434128313005,-0.0016
2025-06-17,50160,-1,770.8,787.2,2025-06-17 11:00:00,2025-06-17 15:24:00,,,-0.022653409197832482
2025-06-18,50160,-1,802.0,797.6,2025-06-18 10:00:00,2025-06-18 10:53:00,2.6792301089972783,0.08270473397563183,0.00390138921888589
2025-06-18,50160,-1,798.6,797.4,2025-06-18 10:55:00,2025-06-18 10:57:00,1.552792694453173,-0.19179866609622412,-9.624031813360132e-05
2025-06-18,50160,-1,800.1,795.7,2025-06-18 11:00:00,2025-06-18 15:24:00,,,0.0039144894725891026
2025-06-19,50160,1,786.7,787.2,2025-06-19 10:29:00,2025-06-19 12:38:00,-1.5994827067615183,0.14163679497528678,-0.0009646355971530785
2025-06-19,50160,1,785.5,785.6,2025-06-19 12:51:00,2025-06-19 15:16:00,-1.521721521906479,-0.1480692514541667,-0.0014727006554197126
2025-06-19,50160,-1,787.1,787.5,2025-06-19 15:20:00,2025-06-19 15:24:00,,,-0.00210806555138366
2025-06-20,50160,-1,790.4,788.9,2025-06-20 10:00:00,2025-06-20 10:30:00,2.2731859368429417,0.29173701607317265,0.00029957633261416534
2025-06-20,50160,1,786.1,788.4,2025-06-20 10:56:00,2025-06-20 11:11:00,-2.106996575124136,-0.08898617552123078,0.0013215644788543096
2025-06-20,50160,-1,791.0,783.9,2025-06-20 11:29:00,2025-06-20 15:24:00,,,0.007416506572977454
2025-06-23,50160,1,765.0,766.7,2025-06-23 10:02:00,2025-06-23 10:24:00,-2.0026219482230636,0.12676199984165823,0.0006197567383130315
2025-06-23,50160,1,765.0,766.4,2025-06-23 10:28:00,2025-06-23 12:50:00,-2.3895741361300673,0.24239104979546536,0.0002283928301149889
2025-06-23,50160,1,764.1,766.2,2025-06-23 12:52:00,2025-06-23 12:58:00,-2.3146587803713086,0.06266048744278516,0.0011445616130275388
2025-06-23,50160,-1,767.5,766.2,2025-06-23 13:22:00,2025-06-23 15:24:00,,,9.524719480354929e-05
2025-06-24,50160,-1,772.6,794.1,2025-06-24 10:00:00,2025-06-24 15:24:00,,,-0.029047947668984452
2025-06-25,50160,1,786.4,786.0,2025-06-25 10:00:00,2025-06-25 14:40:00,-5.904379716564393,-0.23684037834980326,-0.0021087764037502213
2025-06-25,50160,1,785.3,785.2,2025-06-25 15:08:00,2025-06-25 15:24:00,,,-0.00172734797852288
2025-06-26,50160,-1,785.3,784.0,2025-06-26 10:15:00,2025-06-26 10:28:00,1.8183595569473814,0.027595776377881586,5.679003042108983e-05
2025-06-26,50160,-1,786.2,787.5,2025-06-26 10:31:00,2025-06-26 14:05:00,3.455428274828657,0.2632739888448534,-0.0032521577120282292
2025-06-26,50160,-1,788.8,787.2,2025-06-26 14:09:00,2025-06-26 15:01:00,1.6019025286161142,-0.26037855288933875,0.0004304575503818401
2025-06-26,50160,1,785.7,785.6,2025-06-26 15:11:00,2025-06-26 15:24:00,,,-0.0017272831415198326
2025-06-27,50160,-1,802.6,800.1,2025-06-27 10:00:00,2025-06-27 10:09:00,1.7889360733300503,0.2050669604973366,0.001519737976738061
2025-06-27,50160,1,798.4,799.5,2025-06-27 10:37:00,2025-06-27 10:40:00,-1.5797242399228868,-0.2426626969536848,-0.0002231927232451917
2025-06-27,50160,-1,802.5,799.5,2025-06-27 10:44:00,2025-06-27 10:56:00,3.086688445428053,-0.2643069231505136,0.002145322730162053
2025-06-27,50160,-1,802.3,800.0,2025-06-27 10:58:00,2025-06-27 11:24:00,1.9061275738045043,-0.13284297815953428,0.0012708750916829812
2025-06-27,50160,-1,802.0,802.8,2025-06-27 12:34:00,2025-06-27 13:48:00,1.5006145745962036,-0.11404611790002075,-0.0025970090556684746
2025-06-27,50160,-1,805.6,808.0,2025-06-27 14:15:00,2025-06-27 15:24:00,,,-0.004574717116742875
2025-06-30,50160,-1,819.2,818.6,2025-06-30 10:05:00,2025-06-30 12:50:00,1.5372947501517262,-0.0021671578317706028,-0.0008673097730592891
2025-06-30,50160,1,816.3,805.6,2025-06-30 12:55:00,2025-06-30 15:24:00,,,-0.014794593052957654
2025-07-01,50160,-1,805.2,804.0,2025-07-01 10:14:00,2025-07-01 11:11:00,2.1159483830027472,-0.2887202881023852,-0.00010857541332986846
2025-07-01,50160,-1,806.3,804.1,2025-07-01 12:35:00,2025-07-01 12:45:00,2.261939922121621,-0.1554366516791621,0.0011322421368729506
2025-07-01,50160,-1,806.6,804.2,2025-07-01 12:53:00,2025-07-01 13:13:00,1.5934599222975545,-0.2621087701561088,0.001379887976094124
2025-07-01,50160,-1,805.8,822.4,2025-07-01 13:29:00,2025-07-01 15:24:00,,,-0.02199132194365387
2025-07-02,50160,1,809.7,811.3,2025-07-02 10:00:00,2025-07-02 11:23:00,-4.957102018587123,0.20303351242558063,0.0003740907089505054
2025-07-02,50160,-1,815.1,815.0,2025-07-02 12:34:00,2025-07-02 15:14:00,1.778476983701055,-0.28200129008021513,-0.0014773081404508895
2025-07-03,50160,-1,839.6,835.0,2025-07-03 10:00:00,2025-07-03 11:05:00,4.436801832486742,0.0743253149133675,0.0038938630956224596
2025-07-03,50160,1,832.0,834.5,2025-07-03 11:27:00,2025-07-03 12:30:00,-2.048447009716498,-0.23620373221552363,0.0014003022806811912
2025-07-03,50160,-1,838.0,841.9,2025-07-03 12:31:00,2025-07-03 15:24:00,,,-0.006243141861535144
2025-07-04,50160,1,829.5,823.1,2025-07-04 10:00:00,2025-07-04 15:24:00,,,-0.009345409651900812
2025-07-07,50160,1,811.9,813.3,2025-07-07 10:07:00,2025-07-07 10:15:00,-1.5560622654073661,0.05217630009368603,0.00012286530432864475
2025-07-07,50160,-1,815.0,813.9,2025-07-07 10:29:00,2025-07-07 11:10:00,1.6402770419812116,-0.11479782524110546,-0.00024939509213300643
2025-07-07,50160,-1,816.5,814.3,2025-07-07 11:16:00,2025-07-07 12:30:00,2.640278143889654,0.27679492453535526,0.0010980639374341872
2025-07-07,50160,-1,815.4,813.8,2025-07-07 12:34:00,2025-07-07 12:55:00,1.5542369339721755,-0.2970518740554691,0.00036415481756344793
2025-07-07,50160,1,812.5,814.0,2025-07-07 13:02:00,2025-07-07 13:23:00,-1.5361037258173702,0.029071251813100708,0.00024445179864773185
2025-07-07,50160,-1,815.0,814.1,2025-07-07 13:48:00,2025-07-07 13:55:00,1.5222281764469598,0.18380536396080094,-0.0004950953390693881
2025-07-07,50160,-1,814.9,813.9,2025-07-07 14:11:00,2025-07-07 14:12:00,1.998983660229715,-0.200402062522486,-0.00037210200682161296
2025-07-07,50160,-1,814.8,807.1,2025-07-07 14:16:00,2025-07-07 15:24:00,,,0.007895108022324071
2025-07-08,50160,-1,818.2,815.7,2025-07-08 10:00:00,2025-07-08 14:27:00,7.629360231782488,-0.07727933416702494,0.0014601651887634576
2025-07-08,50160,-1,817.1,823.5,2025-07-08 14:34:00,2025-07-08 15:24:00,,,-0.009402063227033196
2025-07-09,50160,1,830.1,838.3,2025-07-09 10:00:00,2025-07-09 10:38:00,-4.708968351066489,-0.1340900383384075,0.008229856182821644
2025-07-09,50160,1,835.0,837.6,2025-07-09 10:57:00,2025-07-09 12:48:00,-1.688787810136307,-0.030226634119983498,0.0015089347054716106
2025-07-09,50160,1,833.9,829.5,2025-07-09 12:59:00,2025-07-09 15:24:00,,,-0.006890381462440443
2025-07-10,50160,-1,826.1,834.4,2025-07-10 10:00:00,2025-07-10 12:35:00,2.696609413956443,-0.08385114270034673,-0.011597072118103017
2025-07-10,50160,-1,840.8,836.1,2025-07-10 12:42:00,2025-07-10 14:28:00,2.637342083854548,-0.055401348368429276,0.004005596406729075
2025-07-10,50160,-1,837.2,839.6,2025-07-10 14:55:00,2025-07-10 15:24:00,,,-0.004462597374633159
2025-07-11,50160,1,843.0,845.7,2025-07-11 10:00:00,2025-07-11 10:36:00,-1.698456286782619,0.287994119828478,0.0015977287863212337
2025-07-11,50160,-1,848.3,845.8,2025-07-11 10:44:00,2025-07-11 10:58:00,1.700649116507884,0.17954432673132262,0.0013514217753008717
2025-07-11,50160,-1,847.6,846.5,2025-07-11 11:03:00,2025-07-11 12:34:00,2.0904948714760967,0.22130861314578248,-0.0003013751790459575
2025-07-11,50160,-1,847.8,846.6,2025-07-11 12:36:00,2025-07-11 12:57:00,1.7496476562410919,0.20687166122133221,-0.00018356916828663806
2025-07-11,50160,1,844.9,847.7,2025-07-11 13:05:00,2025-07-11 15:24:00,,,0.0017085224555609413
2025-07-14,50160,1,840.0,842.2,2025-07-14 10:06:00,2025-07-14 10:26:00,-1.5297581898291166,0.04128912629228137,0.001015623890468223
2025-07-14,50160,1,840.5,842.0,2025-07-14 10:29:00,2025-07-14 10:48:00,-1.6043795443092312,6.55151550504979e-05,0.00018306139365652208
2025-07-14,50160,-1,843.6,843.0,2025-07-14 10:50:00,2025-07-14 13:25:00,1.707361134928605,-0.22253949170793705,-0.0008885093972359508
2025-07-14,50160,1,839.9,842.8,2025-07-14 13:39:00,2025-07-14 14:15:00,-1.9970594921383087,-0.18469215978453513,0.0018468447984524938
2025-07-14,50160,1,842.1,842.3,2025-07-14 14:41:00,2025-07-14 15:24:00,,,-0.0013625267146284755
2025-07-15,50160,1,835.3,836.9,2025-07-15 10:02:00,2025-07-15 10:10:00,-1.8014379664605036,-0.1529802261693584,0.000313647276967712
2025-07-15,50160,1,834.9,836.7,2025-07-15 10:18:00,2025-07-15 10:21:00,-1.9346938814862003,-0.2417388250200886,0.0005536261015982827
2025-07-15,50160,-1,838.9,836.9,2025-07-15 10:40:00,2025-07-15 10:50:00,2.1143348318171444,-0.1034234703383598,0.000786920813420503
2025-07-15,50160,-1,838.9,837.3,2025-07-15 11:01:00,2025-07-15 11:21:00,2.208466941284534,0.15779224289937815,0.0003090806418627474
2025-07-15,50160,-1,839.0,838.8,2025-07-15 12:31:00,2025-07-15 15:13:00,2.1480665513578807,-0.18314710528588324,-0.001361592560558706
2025-07-15,50160,1,837.0,838.6,2025-07-15 15:19:00,2025-07-15 15:24:00,-1.6074675201786803,-0.23619629488986288,0.0003097642471869475
2025-07-16,50160,-1,847.0,842.6,2025-07-16 10:00:00,2025-07-16 10:28:00,4.170340017945484,-0.2552291038000121,0.0036083451071382356
2025-07-16,50160,-1,845.0,846.0,2025-07-16 10:41:00,2025-07-16 14:50:00,1.6986368498573579,0.29732893891440443,-0.0027827322490493944
2025-07-16,50160,-1,846.8,845.7,2025-07-16 15:04:00,2025-07-16 15:20:00,1.5755779479880276,-0.16982229318740358,-0.00030014752746661743
2025-07-16,50160,1,844.3,845.3,2025-07-16 15:22:00,2025-07-16 15:24:00,,,-0.0004162877405722409
2025-07-17,50160,1,832.1,833.2,2025-07-17 10:07:00,2025-07-17 10:12:00,-1.9061281909839973,0.17294733356246578,-0.0002789165195672793
2025-07-17,50160,1,831.9,832.9,2025-07-17 10:27:00,2025-07-17 12:30:00,-2.053820748691375,0.15838819739233842,-0.0003986543485473351
2025-07-17,50160,1,831.7,830.3,2025-07-17 12:31:00,2025-07-17 15:10:00,-2.5542980651569627,0.03889686091688073,-0.0032847176066569577
2025-07-18,50160,-1,836.0,838.9,2025-07-18 10:00:00,2025-07-18 12:54:00,2.446536407317877,0.25823877360604636,-0.005062896767547253
2025-07-18,50160,1,837.5,838.6,2025-07-18 13:28:00,2025-07-18 13:30:00,-1.5247865220056516,0.21841392022822534,-0.00028742896255925555
2025-07-18,50160,-1,839.4,838.6,2025-07-18 14:00:00,2025-07-18 14:04:00,2.927288136752785,0.22483675060724967,-0.0006464838371718407
2025-07-18,50160,-1,839.0,838.6,2025-07-18 14:05:00,2025-07-18 14:25:00,1.5703996470655028,0.14827157923270717,-0.0011231282694561025
2025-07-18,50160,1,837.9,838.4,2025-07-18 14:28:00,2025-07-18 14:38:00,-1.5043317487434231,-0.2945855231938447,-0.0010034480524630128
2025-07-18,50160,1,837.6,833.7,2025-07-18 14:44:00,2025-07-18 15:24:00,,,-0.006267034139759392
2025-07-22,50160,1,843.7,847.1,2025-07-22 10:00:00,2025-07-22 10:22:00,-4.6729375726269495,0.2985035419426735,0.00242177026592409
2025-07-22,50160,-1,848.5,847.2,2025-07-22 10:47:00,2025-07-22 10:53:00,1.6740334222915525,0.15893767228779124,-6.670961291570894e-05
2025-07-22,50160,-1,848.4,847.3,2025-07-22 10:58:00,2025-07-22 11:05:00,1.812016301681023,0.22042985424348077,-0.0003026005138910468
2025-07-22,50160,-1,848.2,847.3,2025-07-22 11:15:00,2025-07-22 11:22:00,1.8256163261790337,0.2640159488975401,-0.0005383661639279721
2025-07-22,50160,-1,848.2,847.0,2025-07-22 11:24:00,2025-07-22 11:26:00,1.9642263239611355,-0.2882958477044104,-0.00018423761156403495
2025-07-22,50160,-1,848.7,847.3,2025-07-22 12:30:00,2025-07-22 12:36:00,3.0534216528941562,0.21618153121210132,5.094377121285152e-05
2025-07-22,50160,1,846.2,847.0,2025-07-22 12:42:00,2025-07-22 12:44:00,-1.723994589453091,-0.2838344245141113,-0.0006550436339127171
2025-07-22,50160,-1,848.8,847.4,2025-07-22 12:59:00,2025-07-22 13:14:00,2.4730072217968497,0.2730185807428024,5.074910731446558e-05
2025-07-22,50160,-1,848.1,847.0,2025-07-22 13:43:00,2025-07-22 14:10:00,1.5098855467437113,-0.18011328635119703,-0.00030214128440004813
2025-07-22,50160,-1,848.0,846.6,2025-07-22 14:27:00,2025-07-22 15:24:00,,,5.230770507973692e-05
2025-07-23,50160,-1,867.0,864.1,2025-07-23 10:00:00,2025-07-23 12:35:00,3.0921914986550956,0.11331836348499795,0.0017504739331882645
2025-07-23,50160,1,863.0,863.9,2025-07-23 13:04:00,2025-07-23 14:57:00,-1.8123902606894318,0.03380121558479928,-0.0005576697185894653
2025-07-23,50160,1,862.2,860.2,2025-07-23 15:02:00,2025-07-23 15:24:00,,,-0.003922341963398309
2025-07-24,50160,1,870.5,875.8,2025-07-24 10:29:00,2025-07-24 15:24:00,,,0.004469995159054306
2025-07-25,50160,-1,889.0,889.5,2025-07-25 10:00:00,2025-07-25 11:24:00,1.7693189169597412,0.13358284825167574,-0.002162271591985351
2025-07-25,50160,1,886.5,884.9,2025-07-25 12:45:00,2025-07-25 15:24:00,,,-0.003406481240958107
2025-07-28,50160,1,876.0,876.1,2025-07-28 10:01:00,2025-07-28 11:07:00,-2.0328957968902306,-0.05271489965440972,-0.001485851264073188
2025-07-28,50160,-1,878.1,876.5,2025-07-28 12:31:00,2025-07-28 12:44:00,1.5970535514460815,0.14925156251035837,0.00022377800466070845
2025-07-28,50160,-1,877.7,876.5,2025-07-28 12:48:00,2025-07-28 12:56:00,1.858097506624389,0.09707818537059518,-0.0002318547632172291
2025-07-28,50160,1,875.2,876.3,2025-07-28 13:21:00,2025-07-28 13:34:00,-1.8300633296613595,-0.03298406257584265,-0.0003439336059118624
2025-07-28,50160,1,875.3,876.5,2025-07-28 13:45:00,2025-07-28 14:25:00,-1.746842103169533,0.21030191357639927,-0.00022998037710297804
2025-07-28,50160,-1,877.2,876.3,2025-07-28 14:38:00,2025-07-28 14:45:00,1.6635195153351192,-0.0546661210906068,-0.0005734815180717546
2025-07-28,50160,1,875.2,876.2,2025-07-28 14:52:00,2025-07-28 15:05:00,-1.8716482812493938,-0.14507505189546843,-0.0004580562879186198
2025-07-28,50160,1,875.2,876.2,2025-07-28 15:08:00,2025-07-28 15:21:00,-1.5631722879101033,-0.18694512296559132,-0.0004580562879186198
2025-07-28,50160,-1,876.9,876.8,2025-07-28 15:22:00,2025-07-28 15:24:00,,,-0.0014859554084410954
2025-07-29,50160,1,864.4,865.8,2025-07-29 10:00:00,2025-07-29 10:02:00,-2.0149200919176375,0.2946476082526442,1.8310375149257476e-05
2025-07-29,50160,-1,867.0,866.2,2025-07-29 10:09:00,2025-07-29 10:53:00,2.23687431080738,-0.0842168151195769,-0.0006768519999844666
2025-07-29,50160,-1,867.6,865.8,2025-07-29 11:03:00,2025-07-29 12:39:00,1.5503460341847137,-0.12097884951896078,0.00047684394483922814
2025-07-29,50160,1,864.2,865.8,2025-07-29 12:47:00,2025-07-29 13:05:00,-2.2068194897639954,0.002833995581016878,0.000249711510047186
2025-07-29,50160,1,864.4,862.6,2025-07-29 13:21:00,2025-07-29 15:24:00,,,-0.0036845404189881368
2025-07-30,50160,-1,872.9,887.0,2025-07-30 10:09:00,2025-07-30 15:24:00,,,-0.01762398056827555
2025-07-31,50160,1,872.0,877.2,2025-07-31 10:00:00,2025-07-31 11:08:00,-3.0504728845907345,-0.1944583864868515,0.004345592634753543
2025-07-31,50160,-1,882.8,890.4,2025-07-31 12:30:00,2025-07-31 15:24:00,,,-0.010172125578753712
2025-08-01,50160,-1,893.9,891.3,2025-08-01 10:00:00,2025-08-01 10:11:00,2.846167413160191,-0.14722752996834643,0.0013128409571352606
2025-08-01,50160,-1,892.7,891.5,2025-08-01 10:14:00,2025-08-01 10:16:00,1.8196881209773115,0.08822384696336905,-0.00025485911787870123
2025-08-01,50160,1,887.3,891.0,2025-08-01 10:23:00,2025-08-01 10:31:00,-2.9905880623168626,-0.16403678608671868,0.002561283629517335
2025-08-01,50160,-1,892.7,891.2,2025-08-01 11:00:00,2025-08-01 11:06:00,2.4838210545822195,-0.2948551978338632,8.170901229682687e-05
2025-08-01,50160,-1,892.3,891.4,2025-08-01 11:13:00,2025-08-01 11:17:00,1.964867802159189,0.0911494565531106,-0.0005908616063497703
2025-08-01,50160,-1,892.2,891.4,2025-08-01 11:20:00,2025-08-01 11:22:00,1.874131823475325,0.078797805511622,-0.0007029378182909891
2025-08-01,50160,1,890.4,891.2,2025-08-01 12:30:00,2025-08-01 12:32:00,-2.3283231500688077,-0.2870809915995756,-0.0007019307883153729
2025-08-01,50160,1,890.3,891.2,2025-08-01 12:35:00,2025-08-01 12:45:00,-2.1538248826706066,-0.07080541842392181,-0.0005896154066059056
2025-08-01,50160,1,890.2,885.4,2025-08-01 13:00:00,2025-08-01 15:24:00,,,-0.007006636283713371
2025-08-04,50160,-1,871.7,871.5,2025-08-04 10:00:00,2025-08-04 12:40:00,1.5299531289590977,-0.16912371780448573,-0.0013705369425452384
2025-08-04,50160,1,870.7,870.7,2025-08-04 13:09:00,2025-08-04 14:29:00,-1.9380810629794283,-0.2480391689115598,-0.0016
2025-08-04,50160,1,869.9,870.8,2025-08-04 15:03:00,2025-08-04 15:04:00,-2.1657868576856476,-0.06627391816988908,-0.0005659331531027458
2025-08-04,50160,-1,871.6,870.1,2025-08-04 15:07:00,2025-08-04 15:24:00,,,0.00012245549848611354
2025-08-05,50160,-1,884.2,884.0,2025-08-05 10:00:00,2025-08-05 14:11:00,3.0245015903519175,0.2958357264074927,-0.0013737812455005753
2025-08-05,50160,-1,884.8,883.9,2025-08-05 14:33:00,2025-08-05 15:09:00,1.5085143672552437,-0.1857724208974459,-0.0005823032988319938
2025-08-06,50160,1,953.0,969.9,2025-08-06 10:00:00,2025-08-06 10:54:00,-3.6467405431281534,-0.24364462097657996,0.015978069745294917
2025-08-06,50160,1,967.6,969.0,2025-08-06 11:06:00,2025-08-06 13:33:00,-1.5440752407006328,-0.19886468540188768,-0.00015416684510599393
2025-08-06,50160,1,967.1,969.2,2025-08-06 13:49:00,2025-08-06 14:23:00,-1.998136737844747,-0.14942351681114632,0.0005690862194532729
2025-08-06,50160,1,968.1,969.2,2025-08-06 14:48:00,2025-08-06 14:49:00,-1.867624175267432,-0.22832383553169047,-0.00046439878365507874
2025-08-06,50160,1,968.3,969.3,2025-08-06 14:51:00,2025-08-06 14:55:00,-1.912114228068674,-0.06574352422330047,-0.0005677951189232157
2025-08-06,50160,1,968.1,969.3,2025-08-06 14:58:00,2025-08-06 15:10:00,-2.2264796544182226,-0.02426533860060825,-0.00036122622746371635
2025-08-06,50160,1,967.1,969.1,2025-08-06 15:11:00,2025-08-06 15:16:00,-2.8908998104005126,-0.2860972527058032,0.00046590301758678916
2025-08-07,50160,-1,980.0,975.9,2025-08-07 10:00:00,2025-08-07 10:28:00,5.324485612339231,0.026257736523663824,0.0025924495172021354
2025-08-07,50160,1,974.6,976.0,2025-08-07 10:50:00,2025-08-07 10:57:00,-1.522800645936935,0.14794702086114764,-0.000164543996313262
2025-08-07,50160,1,974.5,975.5,2025-08-07 11:08:00,2025-08-07 12:55:00,-1.7024222481279088,0.14749503574095482,-0.000574358884449561
2025-08-07,50160,1,974.2,975.5,2025-08-07 13:13:00,2025-08-07 13:28:00,-1.544617860587126,0.2095004637796157,-0.00026646130927646464
2025-08-07,50160,1,973.8,975.5,2025-08-07 13:48:00,2025-08-07 14:00:00,-2.3008066970279986,0.19376744350761427,0.00014421631456540624
2025-08-07,50160,-1,976.7,979.8,2025-08-07 14:12:00,2025-08-07 15:24:00,,,-0.0047689267510430304
2025-08-08,50160,-1,998.0,993.5,2025-08-08 10:00:00,2025-08-08 14:01:00,4.581012720493078,-0.04821114041141052,0.0029192143195924686
2025-08-08,50160,-1,995.3,993.9,2025-08-08 14:31:00,2025-08-08 15:15:00,2.6898695669087678,0.15727506265341767,-0.0001923987219420403
2025-08-12,50160,1,994.7,997.0,2025-08-12 10:14:00,2025-08-12 10:16:00,-2.294602550365815,0.16762475576228128,0.0007095858034700351
2025-08-12,50160,-1,998.3,996.8,2025-08-12 10:21:00,2025-08-12 10:25:00,1.8205936973193881,-0.13322355527832705,-9.631569080922908e-05
2025-08-12,50160,1,995.6,994.0,2025-08-12 10:29:00,2025-08-12 13:18:00,-1.6006760258439203,-0.2751520892207605,-0.003208363836862976
2025-08-12,50160,1,992.3,993.8,2025-08-12 13:39:00,2025-08-12 15:04:00,-1.758185662776583,-0.28319090320845874,-8.95017519756357e-05
2025-08-12,50160,-1,996.0,996.0,2025-08-12 15:24:00,2025-08-12 15:24:00,,,-0.0016
2025-08-13,50160,1,999.3,999.2,2025-08-13 10:00:00,2025-08-13 14:03:00,-2.1396210756668217,-0.07524899255921222,-0.0017000750563756451
2025-08-13,50160,-1,999.7,1002.5,2025-08-13 14:54:00,2025-08-13 15:24:00,,,-0.004396925207589211
2025-08-14,50160,1,1015.5,1009.0,2025-08-14 10:00:00,2025-08-14 15:24:00,,,-0.008021360666830386
2025-08-15,50160,-1,1012.5,1010.5,2025-08-15 10:00:00,2025-08-15 10:07:00,2.336153732742463,0.05219517112061926,0.00037726213701845556
2025-08-15,50160,-1,1012.0,1010.5,2025-08-15 10:26:00,2025-08-15 10:29:00,1.6072700327390277,-0.05941926915384844,-0.00011668699626480022
2025-08-15,50160,-1,1012.0,1011.5,2025-08-15 10:31:00,2025-08-15 10:46:00,2.2396619792040773,0.287076857007143,-0.0011058067603892498
2025-08-15,50160,-1,1013.5,1081.0,2025-08-15 11:08:00,2025-08-15 15:24:00,,,-0.06607685174715346
2025-08-18,50160,1,1115.0,1121.5,2025-08-18 10:40:00,2025-08-18 10:44:00,-1.5838995761461026,-0.0017161005428103983,0.004212670066043914
2025-08-18,50160,1,1118.0,1117.0,2025-08-18 10:52:00,2025-08-18 14:37:00,-1.6005605849971536,-0.05134063806022053,-0.002494854645843711
2025-08-18,50160,1,1111.0,1116.5,2025-08-18 14:56:00,2025-08-18 15:20:00,-1.9266060204332527,-0.2814057416159084,0.003338281640582577
2025-08-19,50160,1,1122.0,1133.0,2025-08-19 10:01:00,2025-08-19 10:22:00,-1.5234944784089923,-0.17137793038711036,0.008156174945364655
2025-08-19,50160,1,1128.5,1133.0,2025-08-19 10:28:00,2025-08-19 12:40:00,-1.658337871929323,0.2592766385339072,0.0023796647704159594
2025-08-19,50160,-1,1138.5,1133.0,2025-08-19 12:59:00,2025-08-19 13:56:00,2.07840833599276,-0.1169912662012189,0.0032426244757880153
2025-08-19,50160,-1,1135.0,1133.0,2025-08-19 14:22:00,2025-08-19 14:24:00,1.671927220222373,-0.2768431495425205,0.000163668887496704
2025-08-19,50160,-1,1135.0,1133.5,2025-08-19 14:32:00,2025-08-19 14:45:00,1.6478616034777196,0.09271632799293807,-0.0002775400320806029
2025-08-19,50160,1,1129.5,1131.0,2025-08-19 14:58:00,2025-08-19 15:24:00,,,-0.0002728597919375063
2025-08-20,50160,1,1116.0,1094.5,2025-08-20 10:00:00,2025-08-20 15:24:00,,,-0.021053225978338565
2025-08-21,50160,-1,1149.5,1143.5,2025-08-21 10:03:00,2025-08-21 10:12:00,2.3603076309039466,-0.08363868331907422,0.0036333307404003857
2025-08-21,50160,-1,1147.0,1143.5,2025-08-21 10:19:00,2025-08-21 10:48:00,1.7342458756576713,-0.23503252732491045,0.0014561036665348937
2025-08-21,50160,-1,1147.5,1144.0,2025-08-21 10:58:00,2025-08-21 11:07:00,2.0489874031134754,0.02401901698100958,0.0014547699949569632
2025-08-21,50160,-1,1146.5,1144.0,2025-08-21 11:10:00,2025-08-21 11:14:00,1.8865126086012676,0.002961501075160789,0.0005829303582158792
2025-08-21,50160,-1,1148.0,1144.5,2025-08-21 12:32:00,2025-08-21 12:54:00,2.4671370592213138,0.12586094228222539,0.001453437486890343
2025-08-21,50160,1,1140.0,1141.0,2025-08-21 13:06:00,2025-08-21 14:52:00,-1.71429008178569,-0.2692230674989657,-0.0007231915264656139
2025-08-21,50160,1,1138.0,1141.5,2025-08-21 15:15:00,2025-08-21 15:24:00,-2.088991968855931,-0.2243967090247698,0.001470851283573938
2025-08-22,50160,-1,1204.0,1193.5,2025-08-22 10:08:00,2025-08-22 11:01:00,1.6135112249116337,-0.2182512704684759,0.007159180089881578
2025-08-22,50160,1,1185.0,1193.5,2025-08-22 11:20:00,2025-08-22 12:32:00,-1.7214617968672041,-0.046830143424198334,0.005547392209653117
2025-08-22,50160,1,1189.5,1193.0,2025-08-22 12:54:00,2025-08-22 13:19:00,-1.6110220872857453,-0.28419218248799605,0.0013380923549036812
2025-08-22,50160,-1,1199.0,1205.5,2025-08-22 13:33:00,2025-08-22 15:24:00,,,-0.007006542593711554
2025-08-25,50160,1,1258.0,1263.5,2025-08-25 10:15:00,2025-08-25 10:40:00,-1.8159219814849854,-0.18390094922745004,0.002762489567863174
2025-08-25,50160,1,1259.5,1263.5,2025-08-25 10:50:00,2025-08-25 11:12:00,-1.7098235826768853,-0.055350739128501525,0.0015708310355841
2025-08-25,50160,1,1256.5,1263.0,2025-08-25 12:30:00,2025-08-25 12:55:00,-2.798493491523738,0.08962676364668554,0.0035597653668442255
2025-08-25,50160,-1,1266.5,1263.0,2025-08-25 13:19:00,2025-08-25 13:24:00,1.5627143648990949,0.16745899249277205,0.001167347091238766
2025-08-25,50160,1,1259.0,1263.0,2025-08-25 13:27:00,2025-08-25 13:42:00,-1.9606665457888366,0.11436696771723473,0.001572088306143979
2025-08-25,50160,-1,1265.0,1263.0,2025-08-25 13:58:00,2025-08-25 14:00:00,2.1978569102613066,0.22776764520305567,-1.77211888705087e-05
2025-08-25,50160,-1,1265.5,1263.0,2025-08-25 14:07:00,2025-08-25 14:11:00,3.1364717553028014,0.24630394338714587,0.00037745763468762243
2025-08-25,50160,-1,1264.0,1263.0,2025-08-25 14:13:00,2025-08-25 14:15:00,1.543700900248496,0.24697995557770966,-0.000808547643688373
2025-08-25,50160,-1,1264.5,1263.0,2025-08-25 14:16:00,2025-08-25 14:25:00,2.159333211130873,0.162453831643704,-0.0004130562404712744
2025-08-25,50160,-1,1267.0,1270.5,2025-08-25 14:31:00,2025-08-25 15:24:00,,,-0.004358622439079661
2025-08-26,50160,-1,1257.5,1252.5,2025-08-26 10:10:00,2025-08-26 10:14:00,1.793323113267494,-0.12094257212018011,0.0023840690148744592
2025-08-26,50160,1,1249.5,1247.5,2025-08-26 10:28:00,2025-08-26 13:32:00,-1.7760161289111125,-0.0698611954185794,-0.0032019226493333044
2025-08-26,50160,1,1246.0,1248.0,2025-08-26 14:27:00,2025-08-26 14:31:00,-1.8237537559751544,0.04535851462785252,3.849581974620618e-06
2025-08-26,50160,1,1246.0,1240.0,2025-08-26 14:32:00,2025-08-26 15:24:00,,,-0.006427040748315868
2025-08-27,50160,-1,1250.0,1316.5,2025-08-27 10:00:00,2025-08-27 15:24:00,,,-0.0534331486400172
2025-08-28,50160,-1,1327.0,1371.0,2025-08-28 10:01:00,2025-08-28 15:24:00,,,-0.034219645230106815
2025-08-29,50160,-1,1361.5,1358.5,2025-08-29 10:08:00,2025-08-29 10:37:00,1.6948767512039862,0.010310957139337794,0.0006058832474118319
2025-08-29,50160,-1,1363.0,1360.0,2025-08-29 11:03:00,2025-08-29 13:42:00,1.531631104648941,-0.0631694076026594,0.0006034529664349093
2025-08-29,50160,-1,1364.0,1360.5,2025-08-29 13:54:00,2025-08-29 15:13:00,2.589819444683353,-0.2332991575433399,0.0009692801801064216
2025-08-29,50160,-1,1364.5,1364.5,2025-08-29 15:23:00,2025-08-29 15:24:00,,,-0.0016
2025-09-01,50160,1,1370.5,1375.5,2025-09-01 10:06:00,2025-09-01 13:09:00,-1.7470955868512585,-0.16686277735529717,0.002041664621788686
2025-09-01,50160,-1,1383.0,1377.5,2025-09-01 13:15:00,2025-09-01 13:25:00,1.769459814175804,0.24181089773718714,0.0023847906376886236
2025-09-01,50160,1,1372.0,1376.5,2025-09-01 13:59:00,2025-09-01 14:06:00,-1.5334403238047256,0.21124362054001497,0.0016745162968315808
2025-09-01,50160,-1,1379.5,1385.0,2025-09-01 14:31:00,2025-09-01 15:24:00,,,-0.005579024964098017
2025-09-02,50160,1,1396.0,1401.0,2025-09-02 10:02:00,2025-09-02 10:16:00,-1.5230282241166093,-0.24845276229302282,0.0019752630146892686
2025-09-02,50160,-1,1407.5,1409.0,2025-09-02 10:20:00,2025-09-02 11:03:00,1.5885629228287017,0.21332691089027275,-0.002665151884834704
2025-09-02,50160,1,1400.5,1407.0,2025-09-02 11:27:00,2025-09-02 12:30:00,-1.5443986812379358,-0.14923469041120951,0.003030462414225864
2025-09-02,50160,-1,1417.5,1413.0,2025-09-02 12:43:00,2025-09-02 13:46:00,1.9684810768843142,0.23775807287654444,0.0015796529173796841
2025-09-02,50160,-1,1417.5,1412.5,2025-09-02 14:13:00,2025-09-02 14:24:00,2.512850844852877,0.29413790101149384,0.0019335725813111272
2025-09-02,50160,-1,1415.5,1413.5,2025-09-02 14:26:00,2025-09-02 15:19:00,1.649248303665376,0.25880950109507384,-0.00018607258169076697
2025-09-03,50160,-1,1467.0,1451.5,2025-09-03 10:00:00,2025-09-03 10:13:00,3.951772323588394,0.19242898845168996,0.009021994678297122
2025-09-03,50160,1,1445.0,1449.0,2025-09-03 10:56:00,2025-09-03 10:59:00,-1.6056223441386477,-0.24309173020837443,0.0011643417741498856
2025-09-03,50160,-1,1458.0,1451.0,2025-09-03 11:08:00,2025-09-03 12:38:00,3.0623050833786887,0.03413813548029094,0.0032126596844155707
2025-09-03,50160,1,1447.0,1436.0,2025-09-03 13:03:00,2025-09-03 15:24:00,,,-0.00923097702331435
2025-09-04,50160,-1,1487.0,1485.5,2025-09-04 10:00:00,2025-09-04 12:41:00,3.0712290802810793,0.05773301947579427,-0.0005907484425072813
2025-09-04,50160,1,1472.5,1469.5,2025-09-04 12:50:00,2025-09-04 15:24:00,,,-0.00363942966676968
2025-09-05,50160,1,1491.5,1502.0,2025-09-05 10:00:00,2025-09-05 11:16:00,-4.041722878882955,-0.2646376635343472,0.005415228369276914
2025-09-05,50160,1,1496.0,1503.0,2025-09-05 11:27:00,2025-09-05 12:34:00,-1.8556160584875225,-0.03342142043942997,0.003068231218551901
2025-09-05,50160,-1,1509.0,1502.5,2025-09-05 12:36:00,2025-09-05 12:38:00,1.528115281771171,-0.17377789589374937,0.002716792358486253
2025-09-05,50160,1,1498.0,1479.0,2025-09-05 13:01:00,2025-09-05 15:24:00,,,-0.014364701366365031
2025-09-08,50160,-1,1560.5,1552.0,2025-09-08 10:00:00,2025-09-08 13:15:00,4.887981905244643,0.0769305065030311,0.003861860967670037
2025-09-08,50160,-1,1556.5,1573.5,2025-09-08 13:24:00,2025-09-08 15:24:00,,,-0.012462726622798796
2025-09-09,50160,1,1525.5,1502.5,2025-09-09 10:00:00,2025-09-09 15:24:00,,,-0.016791837747361742
2025-09-10,50160,-1,1508.5,1501.5,2025-09-10 10:00:00,2025-09-10 11:23:00,2.326293467365476,-0.017000533171471332,0.003051171175730844
2025-09-10,50160,-1,1505.5,1502.0,2025-09-10 11:27:00,2025-09-10 12:30:00,1.7309821232947649,0.2183532910003235,0.0007275155977085007
2025-09-10,50160,1,1497.0,1473.0,2025-09-10 12:31:00,2025-09-10 15:24:00,,,-0.017761967956998102
2025-09-11,50160,-1,1600.0,1591.0,2025-09-11 10:00:00,2025-09-11 13:10:00,7.0750476633139145,0.16700109718152834,0.004040879890085729
2025-09-11,50160,1,1573.5,1586.5,2025-09-11 13:26:00,2025-09-11 14:44:00,-1.7200711567291063,-0.2059714878544693,0.006627894518788774
2025-09-11,50160,1,1582.5,1587.5,2025-09-11 14:52:00,2025-09-11 15:08:00,-1.5994368211951386,-0.029700746747833514,0.0015545767485155668
2025-09-11,50160,-1,1595.0,1595.0,2025-09-11 15:24:00,2025-09-11 15:24:00,,,-0.0016
2025-09-12,50160,-1,1659.5,1643.5,2025-09-12 10:00:00,2025-09-12 12:35:00,7.72345844525956,-0.09606224698301118,0.008088238055755178
2025-09-12,50160,-1,1653.5,1645.0,2025-09-12 12:38:00,2025-09-12 12:49:00,1.5231770732562921,0.09023180287757314,0.003553869222375227
2025-09-12,50160,-1,1649.5,1645.0,2025-09-12 13:14:00,2025-09-12 13:21:00,2.475408773478824,0.23876241426996828,0.0011318274691638792
2025-09-12,50160,1,1639.0,1643.0,2025-09-12 13:32:00,2025-09-12 14:21:00,-1.9690951728885788,-0.2539215909646011,0.0008375392934383511
2025-09-12,50160,1,1638.5,1644.0,2025-09-12 14:43:00,2025-09-12 14:50:00,-2.0390280304367585,0.12283779567529261,0.0017511074772560357
2025-09-12,50160,-1,1648.5,1643.0,2025-09-12 14:51:00,2025-09-12 14:53:00,1.7686080459214926,-0.2560784991218454,0.0017419444745177114
2025-09-12,50160,1,1639.0,1643.0,2025-09-12 15:00:00,2025-09-12 15:07:00,-1.6217957580128595,-0.23278712569021742,0.0008375392934383511
2025-09-12,50160,1,1639.5,1639.5,2025-09-12 15:10:00,2025-09-12 15:24:00,,,-0.0016
2025-09-16,50160,1,1576.0,1588.5,2025-09-16 10:00:00,2025-09-16 10:06:00,-1.7078844007593805,0.035947739936807305,0.0063001832917463805
2025-09-16,50160,-1,1612.0,1592.0,2025-09-16 10:23:00,2025-09-16 10:45:00,1.990145417664548,0.07080559388804668,0.010884556662245283
2025-09-16,50160,-1,1597.0,1606.5,2025-09-16 12:33:00,2025-09-16 15:24:00,,,-0.007531030340900792
2025-09-17,50160,-1,1614.5,1608.5,2025-09-17 10:04:00,2025-09-17 10:08:00,1.5881015532799994,0.20528760111378944,0.002123243519248871
2025-09-17,50160,-1,1617.5,1607.0,2025-09-17 10:11:00,2025-09-17 10:48:00,2.165537071235686,-0.08631574807725713,0.004912660637543062
2025-09-17,50160,-1,1613.5,1607.5,2025-09-17 10:57:00,2025-09-17 12:31:00,1.5124386633627906,-0.18196688391182148,0.0021255553802420587
2025-09-17,50160,1,1599.5,1579.5,2025-09-17 12:46:00,2025-09-17 15:24:00,,,-0.014182739147432863
2025-09-18,50160,-1,1639.5,1632.5,2025-09-18 10:00:00,2025-09-18 10:38:00,2.8489282661176767,0.27396774284474473,0.002678735134116865
2025-09-18,50160,-1,1637.5,1630.5,2025-09-18 10:40:00,2025-09-18 11:00:00,1.80083381548909,-0.26208203830737603,0.00268397228003313
2025-09-18,50160,-1,1638.5,1629.5,2025-09-18 11:03:00,2025-09-18 13:00:00,1.5112111624741025,-0.29136148149054125,0.003907969861253082
2025-09-18,50160,1,1623.0,1631.5,2025-09-18 13:07:00,2025-09-18 14:03:00,-1.9269315047846414,0.2158915344259924,0.003623548518784203
2025-09-18,50160,-1,1638.0,1631.0,2025-09-18 14:07:00,2025-09-18 14:15:00,1.7220406649051019,-0.026037356995113656,0.002682661792000848
2025-09-18,50160,1,1622.5,1630.5,2025-09-18 14:28:00,2025-09-18 14:49:00,-1.665857780371487,-0.16246825733504136,0.0033185466511287485
2025-09-18,50160,-1,1639.5,1638.0,2025-09-18 14:53:00,2025-09-18 15:24:00,,,-0.0006846681283117963
2025-09-19,50160,-1,1647.0,1643.0,2025-09-19 10:15:00,2025-09-19 10:17:00,1.7454134901098703,-0.296150139947481,0.0008316121403722208
2025-09-19,50160,1,1639.5,1642.5,2025-09-19 10:23:00,2025-09-19 10:51:00,-1.8800922154112227,-0.278149450587289,0.00022815407406262338
2025-09-19,50160,-1,1654.0,1643.5,2025-09-19 11:03:00,2025-09-19 12:33:00,2.307827586021023,-0.23479668289236705,0.00476848247936248
2025-09-19,50160,1,1633.0,1628.5,2025-09-19 12:48:00,2025-09-19 13:41:00,-2.037358783846051,-0.2929180831601674,-0.0043594682541769365
2025-09-19,50160,-1,1639.0,1632.5,2025-09-19 14:11:00,2025-09-19 14:23:00,1.7023163832664334,-0.001585045529820875,0.0023737175932435984
2025-09-19,50160,-1,1636.0,1632.0,2025-09-19 14:38:00,2025-09-19 14:43:00,1.5414819885718016,-0.2776762898987963,0.0008479816386400016
2025-09-19,50160,1,1628.5,1632.0,2025-09-19 14:44:00,2025-09-19 14:55:00,-1.860813917067635,-0.20065668184424126,0.0005469108077640549
2025-09-19,50160,1,1626.5,1626.0,2025-09-19 15:01:00,2025-09-19 15:24:00,,,-0.0019074558056502338
2025-09-22,50160,1,1635.0,1636.0,2025-09-22 10:00:00,2025-09-22 12:47:00,-2.321301838782229,-0.2080841788323981,-0.0009885661686614205
2025-09-22,50160,1,1633.0,1636.0,2025-09-22 13:10:00,2025-09-22 13:25:00,-2.0942986523372733,-0.18867746621942735,0.00023542419222718244
2025-09-22,50160,1,1633.5,1634.0,2025-09-22 13:58:00,2025-09-22 15:24:00,,,-0.0012939556211765705
2025-09-24,50160,1,1642.5,1652.5,2025-09-24 10:00:00,2025-09-24 11:04:00,-1.9384627666553085,-0.17176973950704238,0.004469821367075774
2025-09-24,50160,1,1649.0,1695.5,2025-09-24 12:30:00,2025-09-24 15:24:00,,,0.026208639006094304
2025-09-25,50160,-1,1773.0,1841.0,2025-09-25 10:00:00,2025-09-25 15:24:00,,,-0.03923587515887005
2025-09-26,50160,-1,1830.0,1819.5,2025-09-26 10:28:00,2025-09-26 10:40:00,1.5370790185599765,0.2087199793822441,0.004154228783252152
2025-09-26,50160,-1,1832.0,1821.0,2025-09-26 10:48:00,2025-09-26 11:29:00,3.036776200645935,0.2156326316253227,0.004422465506467596
2025-09-26,50160,1,1806.5,1816.5,2025-09-26 12:30:00,2025-09-26 12:48:00,-2.1690528033469145,-0.25189801575369664,0.003920301073561779
2025-09-26,50160,-1,1825.0,1819.5,2025-09-26 13:18:00,2025-09-26 13:24:00,1.5265371252414668,0.20442296419705686,0.0014182489643773863
2025-09-26,50160,1,1812.5,1817.5,2025-09-26 13:29:00,2025-09-26 13:46:00,-1.5084170734282747,-0.17124016875474032,0.0011548226788446836
2025-09-26,50160,1,1814.0,1818.0,2025-09-26 13:55:00,2025-09-26 14:11:00,-1.5423766161238734,-0.24063514007211972,0.000602644062342318
2025-09-26,50160,1,1813.0,1818.0,2025-09-26 14:13:00,2025-09-26 14:19:00,-3.571552069062208,-0.19260965436449812,0.0011540639825730196
2025-09-26,50160,1,1814.0,1788.0,2025-09-26 14:34:00,2025-09-26 15:24:00,,,-0.016036674941622475
2025-09-29,50160,-1,1835.0,1828.5,2025-09-29 10:22:00,2025-09-29 10:27:00,1.5351740923257728,-0.20693530855902734,0.0019485228992347362
2025-09-29,50160,1,1823.5,1828.5,2025-09-29 10:30:00,2025-09-29 10:36:00,-1.7015316557181386,-0.13642377803821884,0.0011382273407010374
2025-09-29,50160,-1,1837.0,1829.0,2025-09-29 10:39:00,2025-09-29 10:40:00,2.1769022981009694,-0.025215271880923047,0.002764436824259908
2025-09-29,50160,-1,1835.5,1829.5,2025-09-29 10:42:00,2025-09-29 10:54:00,1.7377486226408478,-0.08370298686696616,0.0016742184776275266
2025-09-29,50160,-1,1841.0,1888.0,2025-09-29 11:04:00,2025-09-29 15:24:00,,,-0.02680916547236806
2025-09-30,50160,-1,1953.0,1943.0,2025-09-30 10:00:00,2025-09-30 10:13:00,1.5028911779384937,0.07176526823726387,0.0035334814992388002
2025-09-30,50160,-1,1951.5,1946.0,2025-09-30 10:33:00,2025-09-30 11:13:00,2.0293691715613864,-0.08229479664093041,0.0012223238747193115
2025-09-30,50160,-1,1952.5,1948.5,2025-09-30 11:29:00,2025-09-30 13:11:00,1.85212336042404,0.11852708096890828,0.0004507569350770673
2025-09-30,50160,-1,1954.0,1948.5,2025-09-30 13:34:00,2025-09-30 13:56:00,1.9390576148566583,0.20859932541351497,0.0012187078239641652
2025-09-30,50160,-1,1950.5,1948.0,2025-09-30 14:03:00,2025-09-30 14:08:00,2.1197538860968046,-0.15060521614720834,-0.0003174552557691976
2025-09-30,50160,-1,1951.0,1949.0,2025-09-30 14:12:00,2025-09-30 15:01:00,2.767034571066531,0.15865514397324534,-0.000574358884449603
2025-10-01,50160,-1,1935.0,1929.0,2025-10-01 10:02:00,2025-10-01 10:12:00,2.0549890231205565,0.2937814120410787,0.0015055925581531299
2025-10-01,50160,1,1921.5,1926.5,2025-10-01 10:46:00,2025-10-01 10:49:00,-1.6076612871808387,-0.2992419496666798,0.0009987540613135791
2025-10-01,50160,-1,1933.5,1992.5,2025-10-01 10:55:00,2025-10-01 15:24:00,,,-0.03165829961701833
2025-10-02,50160,1,2023.5,2033.5,2025-10-02 10:03:00,2025-10-02 11:00:00,-2.014701794171089,-0.21841623915046537,0.0033297610313589394
2025-10-02,50160,-1,2051.5,2038.0,2025-10-02 11:10:00,2025-10-02 11:15:00,1.590199898578211,0.2707297424092904,0.0050022980995706985
2025-10-02,50160,-1,2044.5,2091.5,2025-10-02 12:38:00,2025-10-02 15:24:00,,,-0.024328251077556092
2025-10-03,50160,1,2056.0,2063.5,2025-10-03 10:00:00,2025-10-03 10:10:00,-2.5414812246008722,0.03464325004752443,0.0020412226175807674
2025-10-03,50160,1,2054.0,2062.0,2025-10-03 10:41:00,2025-10-03 12:45:00,-2.0113437740156646,0.12035535323499558,0.0022872740884016477
2025-10-03,50160,-1,2068.5,2066.5,2025-10-03 13:13:00,2025-10-03 14:19:00,2.114427069859207,0.22947242819801178,-0.0006326480503208427
2025-10-03,50160,-1,2077.5,2117.5,2025-10-03 14:26:00,2025-10-03 15:24:00,,,-0.020670899796606107
2025-10-06,50160,1,2179.0,2190.5,2025-10-06 10:24:00,2025-10-06 10:50:00,-1.5475151598224315,0.04292053726770605,0.003663772309333374
2025-10-06,50160,1,2183.5,2190.5,2025-10-06 10:58:00,2025-10-06 11:10:00,-1.7001975944483498,0.08479295835586352,0.0016007343283374828
2025-10-06,50160,1,2184.5,2189.5,2025-10-06 11:24:00,2025-10-06 11:29:00,-2.2589732222932457,-0.27027527246111843,0.0006862378499624692
2025-10-06,50160,-1,2203.0,2212.5,2025-10-06 12:30:00,2025-10-06 15:15:00,3.729701843154342,0.24439521466254138,-0.005903030079741401
2025-10-07,50160,-1,2307.5,2299.5,2025-10-07 10:35:00,2025-10-07 10:44:00,1.7807438515551166,0.19164643464914083,0.001872979397028693
2025-10-07,50160,-1,2306.5,2299.0,2025-10-07 10:48:00,2025-10-07 11:09:00,2.2600188526975686,-0.10406497456888085,0.001656978234693647
2025-10-07,50160,-1,2308.5,2085.5,2025-10-07 11:16:00,2025-10-07 15:24:00,,,0.09998932831004362
2025-10-08,50160,-1,2069.5,2187.5,2025-10-08 10:00:00,2025-10-08 15:24:00,,,-0.057052307042982364
2025-10-09,50160,1,2138.5,2123.0,2025-10-09 10:00:00,2025-10-09 14:03:00,-2.72116256667151,-0.06359676984214886,-0.00887446596370721
2025-10-09,50160,1,2109.0,2121.5,2025-10-09 14:11:00,2025-10-09 14:17:00,-1.5899864897018998,-0.20737802790118565,0.004309484163604854
2025-10-09,50160,-1,2129.0,2123.0,2025-10-09 14:51:00,2025-10-09 14:57:00,2.2355829509631295,-0.12900094266457068,0.001222203190223355
2025-10-09,50160,1,2112.0,2133.5,2025-10-09 15:06:00,2025-10-09 15:24:00,,,0.00852845780190263
2025-10-10,50160,-1,2147.0,2137.0,2025-10-10 10:19:00,2025-10-10 11:30:00,1.8871273246517672,0.21327365582371183,0.003068542559633375
2025-10-10,50160,-1,2145.0,2136.0,2025-10-10 12:34:00,2025-10-10 12:37:00,1.9703947164627253,0.0019085891413252577,0.0026046312820319243
2025-10-10,50160,1,2127.0,2134.5,2025-10-10 12:42:00,2025-10-10 12:59:00,-1.7285439958513333,-0.11638043029004748,0.0019198909977796656
2025-10-10,50160,1,2124.0,2114.0,2025-10-10 13:05:00,2025-10-10 15:24:00,,,-0.006319215931646558
2025-10-14,50160,1,2135.0,2140.5,2025-10-14 10:00:00,2025-10-14 10:40:00,-1.5245190049691435,0.011791133091232406,0.0009727999222758066
2025-10-14,50160,1,2115.5,2020.5,2025-10-14 10:53:00,2025-10-14 15:24:00,,,-0.04754618564159382
2025-10-15,50160,-1,2092.5,2072.5,2025-10-15 10:00:00,2025-10-15 10:24:00,5.296110990939443,0.2672693744087579,0.008003915354180399
2025-10-15,50160,-1,2079.5,2071.5,2025-10-15 10:32:00,2025-10-15 10:46:00,1.5536504992108937,0.0805611485282449,0.0022544976655098446
2025-10-15,50160,-1,2080.5,2073.0,2025-10-15 10:56:00,2025-10-15 12:38:00,2.143001072496429,0.2219648031101515,0.0020114159872164387
2025-10-15,50160,-1,2082.5,2037.5,2025-10-15 12:49:00,2025-10-15 15:24:00,,,0.02024552892598003
2025-10-16,50160,1,2043.0,2044.5,2025-10-16 10:22:00,2025-10-16 13:22:00,-1.7584794215816169,-0.22690979151784293,-0.0008660550129251671
2025-10-16,50160,1,2039.5,2045.5,2025-10-16 14:09:00,2025-10-16 14:41:00,-1.9067266437907637,-0.1981974544801247,0.0013375786118400318
2025-10-16,50160,-1,2048.5,2046.5,2025-10-16 15:07:00,2025-10-16 15:10:00,1.5566407329561276,0.26005436873626114,-0.0006231989455319298
2025-10-16,50160,-1,2049.5,2046.0,2025-10-16 15:19:00,2025-10-16 15:20:00,1.8065845082809235,-0.06904235017597066,0.00010919343282041281
2025-10-16,50160,-1,2049.0,2054.5,2025-10-16 15:22:00,2025-10-16 15:24:00,,,-0.0042806400845647585
2025-10-17,50160,-1,2026.5,2023.5,2025-10-17 10:05:00,2025-10-17 10:43:00,1.5816582409781885,-0.20441332952812288,-0.00011851824755697163
2025-10-17,50160,1,1998.0,1964.5,2025-10-17 10:53:00,2025-10-17 15:24:00,,,-0.018508920209984413
2025-10-20,50160,1,1942.5,1932.5,2025-10-20 10:00:00,2025-10-20 14:03:00,-4.468958817785457,-0.06811094134029229,-0.006761301780225506
2025-10-20,50160,1,1927.0,1916.0,2025-10-20 14:07:00,2025-10-20 15:24:00,,,-0.007324709883560501
2025-10-21,50160,-1,2023.5,1990.5,2025-10-21 10:00:00,2025-10-21 10:25:00,3.8836061411821703,-0.1806387934060181,0.01484282187554832
2025-10-21,50160,-1,2008.5,1997.5,2025-10-21 10:35:00,2025-10-21 11:04:00,1.9352302087743223,0.23088689322615594,0.0038917761589071682
2025-10-21,50160,-1,2001.5,1936.0,2025-10-21 12:30:00,2025-10-21 15:24:00,,,0.031672910596106
2025-10-22,50160,1,1834.5,1846.0,2025-10-22 10:03:00,2025-10-22 10:29:00,-1.7600426010199817,-0.040038629498645326,0.004649171267460762
2025-10-22,50160,1,1839.5,1838.0,2025-10-22 10:32:00,2025-10-22 11:05:00,-1.617287797370255,-0.1530903418467374,-0.002415771629196741
2025-10-22,50160,1,1827.5,1838.5,2025-10-22 12:34:00,2025-10-22 12:54:00,-1.906435727985297,0.06817437377346876,0.004401109117393046
2025-10-22,50160,-1,1854.0,1842.5,2025-10-22 13:08:00,2025-10-22 14:31:00,1.643327091947701,0.28921718511293726,0.004622122062308767
2025-10-22,50160,-1,1850.0,1842.5,2025-10-22 14:34:00,2025-10-22 14:40:00,1.9634506445231974,0.29584870426912113,0.002462294008878793
2025-10-22,50160,-1,1848.0,1842.5,2025-10-22 14:43:00,2025-10-22 15:09:00,1.7318358578969089,0.20985235895786014,0.0013806281381377892
2025-10-22,50160,-1,1848.0,1850.0,2025-10-22 15:19:00,2025-10-22 15:24:00,,,-0.00268166587074097
2025-10-23,50160,-1,1844.0,1824.0,2025-10-23 10:00:00,2025-10-23 10:53:00,5.691334393380153,-0.09488891524522969,0.009305233482262467
2025-10-23,50160,1,1817.0,1823.5,2025-10-23 11:18:00,2025-10-23 11:28:00,-1.749336749900075,-0.1705271659512131,0.0019709418525637673
2025-10-23,50160,-1,1828.5,1823.5,2025-10-23 12:30:00,2025-10-23 12:37:00,1.5484976026728985,-0.1779067762046744,0.001138227340700978
2025-10-23,50160,1,1817.5,1796.5,2025-10-23 12:51:00,2025-10-23 15:24:00,,,-0.013221602854101051
2025-10-24,50160,-1,1820.0,1814.0,2025-10-24 10:14:00,2025-10-24 10:24:00,1.809455778480916,-0.04583404425650548,0.0017021493957591106
2025-10-24,50160,-1,1824.5,1958.0,2025-10-24 10:28:00,2025-10-24 15:24:00,,,-0.07221756721395342
2025-10-27,50160,-1,2024.0,2044.0,2025-10-27 10:13:00,2025-10-27 13:08:00,1.5889241381301225,0.163139165014917,-0.011432920916238834
2025-10-27,50160,-1,2059.0,2083.5,2025-10-27 13:28:00,2025-10-27 15:24:00,,,-0.013428743834718804
2025-10-28,50160,1,1992.0,1997.5,2025-10-28 10:55:00,2025-10-28 11:13:00,-2.1207747338994127,0.024283080158836973,0.0011572394958861128
2025-10-28,50160,-1,2007.0,1998.0,2025-10-28 11:21:00,2025-10-28 12:30:00,1.5560717457313789,0.06731663712623832,0.0028943895878393265
2025-10-28,50160,-1,2005.0,1997.0,2025-10-28 12:45:00,2025-10-28 13:26:00,2.110233633168742,-0.15158845542457802,0.0023980063248543624
2025-10-28,50160,1,1992.0,1998.0,2025-10-28 13:40:00,2025-10-28 13:47:00,-1.5951210728109297,-0.01605360863739701,0.0014075210639553223
2025-10-28,50160,1,1993.5,1994.5,2025-10-28 13:50:00,2025-10-28 15:24:00,,,-0.0010984954759484774
2025-10-29,50160,1,1998.5,2006.0,2025-10-29 10:01:00,2025-10-29 10:13:00,-1.6399228344814127,0.08608719410569356,0.002145790370502631
2025-10-29,50160,1,1991.5,2006.0,2025-10-29 10:29:00,2025-10-29 10:34:00,-3.629555716052771,0.20405337693183379,0.0056545659001818556
2025-10-29,50160,1,1997.0,2006.0,2025-10-29 10:41:00,2025-10-29 10:43:00,-1.5241636003886898,0.2148178860007831,0.0028966351060655407
2025-10-29,50160,1,1996.0,2003.0,2025-10-29 10:45:00,2025-10-29 12:31:00,-1.6840778046993774,-0.04330606185063413,0.0019008787944090556
2025-10-29,50160,-1,2013.5,2003.5,2025-10-29 12:45:00,2025-10-29 13:00:00,1.5134518453103818,-0.0415056438739099,0.0033788502153096105
2025-10-29,50160,1,1997.0,2003.0,2025-10-29 13:05:00,2025-10-29 13:22:00,-1.52983976000868,-0.07852519598575311,0.0014000022500031287
2025-10-29,50160,1,1997.5,2002.0,2025-10-29 13:27:00,2025-10-29 14:03:00,-1.829064265656137,-0.13943737324440766,0.000650282234736159
2025-10-29,50160,-1,2019.0,2006.0,2025-10-29 14:16:00,2025-10-29 14:58:00,1.69540849276433,0.22692072313137993,0.004859649790956632
2025-10-30,50160,1,2009.0,2020.0,2025-10-30 10:00:00,2025-10-30 12:31:00,-3.932284530581863,0.2459769458322052,0.003860425580316112
2025-10-30,50160,-1,2035.0,2019.5,2025-10-30 12:53:00,2025-10-30 13:16:00,1.5680336839579074,-0.0642128116129815,0.006045862873227819
2025-10-30,50160,-1,2031.0,2019.5,2025-10-30 13:20:00,2025-10-30 13:22:00,1.9192098336850465,-0.10056901577173526,0.004078326576917154
2025-10-30,50160,-1,2030.5,2019.0,2025-10-30 13:35:00,2025-10-30 13:44:00,2.383040862330653,-0.29217452665317223,0.004079728813514929
2025-10-30,50160,1,2011.0,2020.0,2025-10-30 13:58:00,2025-10-30 14:02:00,-1.811231824359713,-0.018871443378141863,0.002865400622598455
2025-10-30,50160,-1,2026.0,2049.0,2025-10-30 14:15:00,2025-10-30 15:24:00,,,-0.012888463430271006
2025-10-31,50160,1,2056.0,2044.5,2025-10-31 10:04:00,2025-10-31 12:45:00,-1.7493970559912801,0.041938944697990824,-0.007209086770358711
2025-10-31,50160,-1,2050.0,2045.0,2025-10-31 13:04:00,2025-10-31 13:14:00,1.6396758320798992,0.15646544061751838,0.0008420036555517442
2025-10-31,50160,-1,2050.0,2051.5,2025-10-31 13:24:00,2025-10-31 15:24:00,,,-0.0023314397497869142
2025-11-04,50160,-1,2075.0,2101.5,2025-11-04 10:00:00,2025-11-04 14:40:00,2.283104446445674,-0.20688962651140644,-0.014290221780372729
2025-11-04,50160,1,2093.5,2101.5,2025-11-04 15:07:00,2025-11-04 15:21:00,-2.1602192813238954,-0.08827266188513264,0.0022140689859734067
2025-11-04,50160,-1,2113.5,2113.5,2025-11-04 15:24:00,2025-11-04 15:24:00,,,-0.0016
2025-11-05,50160,1,1989.0,1963.0,2025-11-05 10:00:00,2025-11-05 12:32:00,-7.1659895925915755,-0.008315403207153616,-0.014758084577511089
2025-11-05,50160,-1,1975.5,1962.0,2025-11-05 13:01:00,2025-11-05 13:03:00,1.5040581393338819,-0.1408205309482059,0.005257169726137024
2025-11-05,50160,1,1950.5,1962.0,2025-11-05 13:07:00,2025-11-05 13:12:00,-1.6182750425910502,-0.12215019784329302,0.004278611178597199
2025-11-05,50160,-1,1972.5,1964.0,2025-11-05 13:24:00,2025-11-05 13:26:00,1.5952873374559238,0.1836482735870101,0.00271856380561814
2025-11-05,50160,-1,1970.5,2002.0,2025-11-05 13:38:00,2025-11-05 15:24:00,,,-0.017459363240107422
2025-11-06,50160,1,2020.0,2015.5,2025-11-06 10:00:00,2025-11-06 15:24:00,,,-0.0038302078380299713
2025-11-07,50160,1,1965.0,1931.0,2025-11-07 10:04:00,2025-11-07 15:24:00,,,-0.019054241874847215
2025-11-10,50160,-1,1994.0,1989.0,2025-11-10 10:01:00,2025-11-10 10:20:00,1.6346853759390612,-0.20217610101288666,0.0009106716678114778
2025-11-10,50160,1,1975.0,1988.0,2025-11-10 10:45:00,2025-11-10 12:31:00,-2.2935894130539234,0.14416787448609852,0.004960709881297005
2025-11-10,50160,-1,1995.5,1989.0,2025-11-10 12:50:00,2025-11-10 14:23:00,1.6145959496938669,-0.18987358790719938,0.0016626456348163823
2025-11-10,50160,1,1983.0,1962.5,2025-11-10 14:31:00,2025-11-10 15:24:00,,,-0.01199167886323247
2025-11-11,50160,-1,2024.0,2022.5,2025-11-11 10:00:00,2025-11-11 11:14:00,2.283789193418853,0.2261512193979284,-0.0008586185252906236
2025-11-11,50160,1,2001.0,2013.0,2025-11-11 11:28:00,2025-11-11 13:33:00,-1.9461528049430825,-0.07732993398437414,0.00437909105605801
2025-11-11,50160,1,2004.0,1954.0,2025-11-11 13:41:00,2025-11-11 15:24:00,,,-0.02686662960202736
2025-11-12,50160,-1,1969.5,1933.0,2025-11-12 10:00:00,2025-11-12 11:19:00,2.857880527144115,-0.06014102878259676,0.017106503202629707
2025-11-12,50160,1,1910.5,1919.0,2025-11-12 12:31:00,2025-11-12 13:28:00,-1.5605783925966603,-0.2914324298305376,0.002839229120745259
2025-11-12,50160,-1,1946.0,1954.0,2025-11-12 13:48:00,2025-11-12 15:24:00,,,-0.005702569856777684
2025-11-13,50160,-1,1885.5,1876.5,2025-11-13 10:26:00,2025-11-13 10:28:00,1.7541349294228756,-0.06432294172960425,0.0031846981233362706
2025-11-13,50160,1,1866.0,1872.5,2025-11-13 10:36:00,2025-11-13 12:40:00,-2.1511778056472624,0.1778737377152606,0.001877333984085503
2025-11-13,50160,-1,1885.5,1873.5,2025-11-13 12:57:00,2025-11-13 13:03:00,1.6940966800634591,0.19901710286305727,0.004784698464669768
2025-11-13,50160,-1,1880.5,1872.0,2025-11-13 13:30:00,2025-11-13 13:53:00,2.5421004558229843,-0.1993379159460396,0.0029303208728537556
2025-11-13,50160,-1,1876.5,1873.0,2025-11-13 13:56:00,2025-11-13 14:29:00,2.108184729505298,0.24754923059679054,0.00026691613098702165
2025-11-13,50160,-1,1879.5,1873.0,2025-11-13 14:31:00,2025-11-13 14:35:00,3.210776059764146,0.18317019098157375,0.0018643605601441264
2025-11-13,50160,-1,1876.0,1873.0,2025-11-13 14:54:00,2025-11-13 15:01:00,1.673496283517716,0.20618955987527882,4.2712208148261953e-07
2025-11-13,50160,-1,1876.5,1872.5,2025-11-13 15:05:00,2025-11-13 15:06:00,2.315647539073202,-0.08220332057455994,0.0005339031837009775
2025-11-13,50160,-1,1878.0,1873.0,2025-11-13 15:08:00,2025-11-13 15:14:00,2.9266386432813967,0.1304634349090364,0.0010659573241197202
2025-11-14,50160,1,1762.0,1725.0,2025-11-14 10:26:00,2025-11-14 15:24:00,,,-0.022822477030664645
2025-11-17,50160,-1,1824.5,1793.0,2025-11-17 10:00:00,2025-11-17 12:46:00,4.78957675325172,-0.06132418920257781,0.01581578227136949
2025-11-17,50160,-1,1805.0,1795.0,2025-11-17 13:00:00,2025-11-17 13:09:00,1.5078231340157597,0.13085969266712993,0.003955569844601994
2025-11-17,50160,1,1788.5,1795.5,2025-11-17 13:32:00,2025-11-17 13:59:00,-2.2412992957346325,0.26666889467035026,0.0023062549670652107
2025-11-17,50160,-1,1803.0,1808.5,2025-11-17 14:06:00,2025-11-17 15:24:00,,,-0.004645828188835364
2025-11-18,50160,1,1685.5,1612.0,2025-11-18 10:00:00,2025-11-18 15:24:00,,,-0.04618661160754186
2025-11-19,50160,-1,1655.5,1627.5,2025-11-19 10:00:00,2025-11-19 14:40:00,2.752511338770217,0.07873330488864219,0.015457982904576624
2025-11-19,50160,-1,1636.5,1628.5,2025-11-19 14:50:00,2025-11-19 15:10:00,2.18764327212121,0.2500599248266208,0.0033004692249470604
2025-11-19,50160,-1,1634.0,1628.5,2025-11-19 15:15:00,2025-11-19 15:21:00,1.7541983442150604,0.2803262934141075,0.0017716507036600116
2025-11-20,50160,1,1692.0,1699.5,2025-11-20 10:01:00,2025-11-20 10:11:00,-1.9332643984588738,-0.2871106921308847,0.002822828970002046
2025-11-20,50160,1,1695.0,1700.0,2025-11-20 10:19:00,2025-11-20 10:36:00,-1.5677371297145648,-0.010569647146680699,0.0013455102297567445
2025-11-20,50160,1,1688.0,1686.0,2025-11-20 10:41:00,2025-11-20 13:37:00,-3.111739094969105,-0.2221626016408778,-0.0027855365941016983
2025-11-20,50160,1,1679.0,1686.5,2025-11-20 13:52:00,2025-11-20 14:00:00,-1.5875409552505815,-0.26849336927216405,0.0028569974241641136
2025-11-20,50160,-1,1693.0,1706.0,2025-11-20 14:05:00,2025-11-20 15:24:00,,,-0.00924934591848922
2025-11-21,50160,-1,1610.0,1604.5,2025-11-21 10:22:00,2025-11-21 10:38:00,1.7035275774267453,-0.05305871774296807,0.0018219974285971312
2025-11-21,50160,1,1599.5,1598.5,2025-11-21 11:07:00,2025-11-21 14:56:00,-1.7045039899587178,-0.03600744787918847,-0.002225390889676531
2025-11-21,50160,-1,1606.5,1598.5,2025-11-21 15:15:00,2025-11-21 15:19:00,2.0669460923821927,-0.0833188982082522,0.003392210056017031
2025-11-25,50160,-1,1685.0,1677.0,2025-11-25 10:32:00,2025-11-25 10:37:00,1.5708201459573916,-0.09777396332195755,0.0031590809632532565
2025-11-25,50160,1,1664.0,1610.5,2025-11-25 10:41:00,2025-11-25 15:24:00,,,-0.03427965260990037
2025-11-26,50160,-1,1650.0,1643.5,2025-11-26 10:01:00,2025-11-26 13:13:00,2.176004847245382,0.16181861725111477,0.0023471737903521667
2025-11-26,50160,-1,1653.5,1645.0,2025-11-26 13:25:00,2025-11-26 15:07:00,2.439985359790602,-0.059045760816544,0.003553869222375227
2025-11-26,50160,1,1637.5,1639.0,2025-11-26 15:22:00,2025-11-26 15:24:00,,,-0.0006843887655772575
2025-11-27,50160,1,1708.5,1720.0,2025-11-27 10:00:00,2025-11-27 10:26:00,-3.430528305078574,-0.0036653732118053007,0.005108498252152168
2025-11-27,50160,-1,1727.5,1721.0,2025-11-27 10:38:00,2025-11-27 10:51:00,1.83033161415275,0.06857376684438035,0.0021697594302855696
2025-11-27,50160,-1,1727.5,1754.5,2025-11-27 10:55:00,2025-11-27 15:24:00,,,-0.017108639381444836
2025-11-28,50160,1,1681.5,1668.5,2025-11-28 10:02:00,2025-11-28 15:24:00,,,-0.009361232988895558
2025-12-01,50160,1,1653.0,1663.5,2025-12-01 10:00:00,2025-12-01 10:44:00,-3.9276604343217576,-0.25720190870369913,0.004731997637507326
2025-12-01,50160,1,1658.5,1664.5,2025-12-01 11:00:00,2025-12-01 11:10:00,-1.7723124649050948,-0.175314448879681,0.00201119862797256
2025-12-01,50160,-1,1670.0,1636.5,2025-12-01 11:22:00,2025-12-01 15:24:00,,,0.01866381146956562
2025-12-02,50160,-1,1680.5,1674.0,2025-12-02 10:10:00,2025-12-02 14:48:00,1.8946945505752038,0.23608848237747632,0.002275396115739758
2025-12-02,50160,1,1666.5,1667.0,2025-12-02 14:53:00,2025-12-02 15:24:00,,,-0.0013000149970004017
2025-12-03,50160,1,1667.0,1672.0,2025-12-03 10:00:00,2025-12-03 12:44:00,-4.967596081653056,0.10193908895949523,0.0013949108938529399
2025-12-03,50160,1,1666.5,1671.0,2025-12-03 13:06:00,2025-12-03 13:27:00,-1.6729043807712112,-0.14484820294526768,0.0010966308475993186
2025-12-03,50160,1,1668.5,1671.0,2025-12-03 13:33:00,2025-12-03 13:42:00,-1.6349929998507944,-0.12259344979971522,-0.00010276959603506305
2025-12-03,50160,1,1668.5,1671.5,2025-12-03 13:57:00,2025-12-03 14:11:00,-1.8750964530743337,0.23694074396005704,0.00019640766872464164
2025-12-03,50160,1,1669.0,1660.5,2025-12-03 14:21:00,2025-12-03 15:24:00,,,-0.006705882845033834
2025-12-04,50160,-1,1688.0,1684.5,2025-12-04 10:13:00,2025-12-04 12:39:00,1.5069720551286883,-0.027768864126930234,0.00047561230929482026
2025-12-04,50160,-1,1687.5,1685.0,2025-12-04 13:00:00,2025-12-04 13:32:00,1.5296064538010807,0.1703836396641802,-0.00011742003977716401
2025-12-04,50160,1,1680.5,1684.0,2025-12-04 13:35:00,2025-12-04 13:44:00,-2.246805857471512,-0.2100201555174889,0.0004805476371117785
2025-12-04,50160,-1,1689.0,1694.0,2025-12-04 13:54:00,2025-12-04 15:24:00,,,-0.004555958404199718
2025-12-05,50160,-1,1727.0,1770.0,2025-12-05 10:00:00,2025-12-05 15:24:00,,,-0.02619374742119624
2025-12-08,50160,1,1785.0,1790.0,2025-12-08 10:01:00,2025-12-08 12:41:00,-1.718391575854044,0.2142199550450724,0.001197204621061219
2025-12-08,50160,-1,1793.5,1804.5,2025-12-08 13:12:00,2025-12-08 15:24:00,,,-0.007714527110505964
2025-12-09,50160,1,1751.0,1723.5,2025-12-09 10:00:00,2025-12-09 15:24:00,,,-0.017429946328931748
2025-12-10,50160,1,1750.5,1767.0,2025-12-10 10:00:00,2025-12-10 11:11:00,-5.398489736955,-0.045419698616815725,0.007781731924976086
2025-12-10,50160,-1,1779.0,1768.5,2025-12-10 12:30:00,2025-12-10 12:51:00,2.3003086005350224,0.1136207488123344,0.004319679020299842
2025-12-10,50160,-1,1775.5,1780.5,2025-12-10 13:01:00,2025-12-10 15:24:00,,,-0.004412150334689801
2025-12-11,50160,1,1748.5,1697.5,2025-12-11 10:00:00,2025-12-11 15:24:00,,,-0.03120169707057934
2025-12-12,50160,1,1728.5,1729.5,2025-12-12 10:03:00,2025-12-12 12:48:00,-1.5207867122297005,0.09760557564259356,-0.001021630984455874
2025-12-12,50160,-1,1734.5,1766.0,2025-12-12 13:04:00,2025-12-12 15:24:00,,,-0.01959791475410091
2025-12-15,50160,1,1742.0,1751.0,2025-12-15 10:00:00,2025-12-15 10:21:00,-3.8914916180557126,0.06408403361459028,0.003553174873403701
2025-12-15,50160,-1,1760.0,1752.5,2025-12-15 10:41:00,2025-12-15 11:16:00,1.668335766902909,0.18424895648064304,0.0026704691234523204
2025-12-15,50160,-1,1762.5,1756.5,2025-12-15 12:32:00,2025-12-15 14:21:00,2.093655224353376,0.05641272226394789,0.0018100629805419546
2025-12-15,50160,1,1750.5,1749.5,2025-12-15 14:47:00,2025-12-15 15:24:00,,,-0.0021714285869776054
2025-12-16,50160,1,1692.5,1706.5,2025-12-16 10:00:00,2025-12-16 10:12:00,-3.673495772676406,-0.20455760737366707,0.006637763560331631
2025-12-16,50160,1,1700.5,1709.0,2025-12-16 10:47:00,2025-12-16 15:24:00,,,0.0033860786683407524
2025-12-17,50160,-1,1719.0,1722.5,2025-12-17 10:00:00,2025-12-17 13:47:00,2.937498680076079,0.2430189132098024,-0.003633997504964471
2025-12-17,50160,-1,1726.5,1725.0,2025-12-17 14:04:00,2025-12-17 15:24:00,,,-0.0007308126354131489
2025-12-18,50160,-1,1705.0,1676.5,2025-12-18 10:00:00,2025-12-18 15:24:00,,,0.01525682381133394
2025-12-19,50160,-1,1696.0,1690.5,2025-12-19 10:12:00,2025-12-19 10:23:00,3.88923210354902,-0.28585917201327915,0.0016481942039076939
2025-12-19,50160,-1,1694.5,1692.5,2025-12-19 11:07:00,2025-12-19 12:33:00,2.2442418547267913,0.05299806779758009,-0.0004190137393239959
2025-12-19,50160,-1,1698.5,1693.5,2025-12-19 12:43:00,2025-12-19 12:48:00,1.625026809844087,0.2598703517026796,0.0013481153428122636
2025-12-19,50160,1,1687.5,1692.0,2025-12-19 13:01:00,2025-12-19 13:07:00,-1.7951233956388502,-0.13670917711156472,0.0010631174194836283
2025-12-19,50160,-1,1699.0,1693.0,2025-12-19 13:13:00,2025-12-19 13:19:00,2.1631113890792713,0.16959529072712476,0.0019377395387967045
2025-12-19,50160,-1,1696.0,1693.0,2025-12-19 13:38:00,2025-12-19 13:49:00,1.6324068980453397,0.2007159774166228,0.00017043421871311393
2025-12-19,50160,-1,1695.5,1713.0,2025-12-19 13:53:00,2025-12-19 15:24:00,,,-0.011868536758426671
2025-12-22,50160,-1,1762.0,1777.5,2025-12-22 10:00:00,2025-12-22 15:20:00,1.78220486585563,0.14659695402581033,-0.010358355181271229
2025-12-23,50160,-1,1785.5,1809.0,2025-12-23 10:00:00,2025-12-23 15:24:00,,,-0.014675718360792034
2025-12-24,50160,-1,1855.5,1884.5,2025-12-24 10:00:00,2025-12-24 15:24:00,,,-0.01710833220653776
2025-12-25,50160,1,1891.0,1872.0,2025-12-25 10:00:00,2025-12-25 15:24:00,,,-0.011698411620920154
2025-12-26,50160,-1,1904.0,1907.5,2025-12-26 10:00:00,2025-12-26 13:06:00,2.8167297580532926,0.15512872166217423,-0.003436547807301552
2025-12-26,50160,-1,1913.0,1907.5,2025-12-26 13:22:00,2025-12-26 13:56:00,1.5837783976811108,0.14451334632491772,0.0012792062816407823
2025-12-26,50160,1,1902.0,1907.0,2025-12-26 14:00:00,2025-12-26 14:10:00,-1.9790601217237525,0.0198848853806548,0.0010253624950834347
2025-12-26,50160,-1,1914.0,1914.0,2025-12-26 14:19:00,2025-12-26 15:24:00,,,-0.0016
2025-12-29,50160,1,1954.0,1959.0,2025-12-29 10:03:00,2025-12-29 10:08:00,-1.9785255792888454,-0.14467261520037353,0.0009555853418126545
2025-12-29,50160,-1,1965.0,1960.5,2025-12-29 10:16:00,2025-12-29 10:42:00,1.7911012041515548,-0.034837866116840366,0.0006927025709752733
2025-12-29,50160,1,1954.5,1959.0,2025-12-29 10:49:00,2025-12-29 11:13:00,-1.7559674778180652,-0.15220124917362238,0.0006997327115313304
2025-12-29,50160,1,1954.5,1959.5,2025-12-29 11:19:00,2025-12-29 11:28:00,-1.5431425351864945,-0.040933591392683426,0.0009549324066767367
2025-12-29,50160,1,1953.5,1967.0,2025-12-29 12:30:00,2025-12-29 15:03:00,-1.7617151660798795,-0.1384092336693694,0.005286903893933848
2025-12-29,50160,1,1951.5,1964.5,2025-12-29 15:11:00,2025-12-29 15:24:00,,,0.005039452377844701
2025-12-30,50160,-1,1947.5,1964.5,2025-12-30 10:00:00,2025-12-30 15:24:00,,,-0.01029126125361103
2026-01-05,50160,-1,2022.0,2010.5,2026-01-05 10:00:00,2026-01-05 10:20:00,2.579215319321189,0.2952334721515312,0.004103673243088053
2026-01-05,50160,-1,2017.5,2009.0,2026-01-05 10:36:00,2026-01-05 10:48:00,1.577611169251233,-0.14488983142599007,0.0026220353291694773
2026-01-05,50160,1,2003.0,2009.5,2026-01-05 10:50:00,2026-01-05 11:02:00,-1.7130116610752015,0.07921697432175302,0.0016398782234375278
2026-01-05,50160,-1,2016.5,2020.0,2026-01-05 11:15:00,2026-01-05 15:24:00,,,-0.0033341760818276648
2026-01-06,50160,-1,2086.0,2153.5,2026-01-06 10:11:00,2026-01-06 15:24:00,,,-0.03344606893344756
2026-01-07,50160,1,2178.5,2181.0,2026-01-07 10:15:00,2026-01-07 11:19:00,-1.7567099249876885,-0.19344047247576693,-0.0004530793558676369
2026-01-07,50160,1,2175.5,2141.0,2026-01-07 12:32:00,2026-01-07 15:24:00,,,-0.017585513571051977
2026-01-08,50160,-1,2198.5,2180.5,2026-01-08 10:00:00,2026-01-08 10:15:00,1.8639893922888444,0.2898102457999038,0.006621101338043699
2026-01-08,50160,1,2164.5,2095.0,2026-01-08 10:37:00,2026-01-08 15:24:00,,,-0.03423583452579719
2026-01-09,50160,1,2110.0,2101.0,2026-01-09 10:00:00,2026-01-09 13:25:00,-2.2834216607356694,-0.2748178182886188,-0.005874525625111751
2026-01-09,50160,-1,2111.0,2188.5,2026-01-09 13:47:00,2026-01-09 15:24:00,,,-0.03765460878262952
2026-01-13,50160,-1,2275.5,2262.0,2026-01-13 10:10:00,2026-01-13 10:23:00,1.8105728561100911,-0.19772753108299013,0.004350430780630863
2026-01-13,50160,-1,2269.5,2262.5,2026-01-13 10:31:00,2026-01-13 10:33:00,1.5534003098439393,-0.19811543591462777,0.0014891463224391544
2026-01-13,50160,1,2256.0,2260.5,2026-01-13 10:37:00,2026-01-13 12:30:00,-1.604581127949647,-0.16234738523776315,0.0003926941167102973
2026-01-13,50160,1,2249.5,2263.0,2026-01-13 12:41:00,2026-01-13 14:17:00,-2.13914707486806,-0.12455037012375493,0.0043833973523104775
2026-01-13,50160,-1,2273.5,2263.0,2026-01-13 14:36:00,2026-01-13 15:08:00,2.087277841739471,-0.27113187652548054,0.0030291276315278816
2026-01-14,50160,-1,2407.0,2435.0,2026-01-14 10:00:00,2026-01-14 15:24:00,,,-0.013165597733618214
2026-01-15,50160,-1,2580.5,2566.0,2026-01-15 10:00:00,2026-01-15 10:25:00,4.503529663627923,0.12244991416355756,0.004034912413200065
2026-01-15,50160,-1,2587.0,2576.0,2026-01-15 10:35:00,2026-01-15 13:04:00,1.7903906919694046,-0.1361465461105788,0.0026610949617849426
2026-01-15,50160,-1,2587.5,2571.5,2026-01-15 13:22:00,2026-01-15 15:19:00,1.5670289013160204,0.0959005073780933,0.004602772358653618
2026-01-16,50160,-1,2665.5,2642.5,2026-01-16 10:05:00,2026-01-16 11:05:00,1.6749132386542211,0.2514314872648491,0.007066218518423072
2026-01-16,50160,-1,2650.5,2642.0,2026-01-16 11:15:00,2026-01-16 11:17:00,1.503140098674911,0.2380511685508314,0.0016120953455901813
2026-01-16,50160,1,2625.0,2637.5,2026-01-16 11:27:00,2026-01-16 12:40:00,-1.651571975335263,-0.22621595024483435,0.003150602758597799
2026-01-16,50160,1,2627.0,2640.5,2026-01-16 12:46:00,2026-01-16 13:21:00,-1.6771726060034633,0.27327671953303856,0.0035257824614479483
2026-01-16,50160,1,2632.0,2639.5,2026-01-16 13:50:00,2026-01-16 14:37:00,-2.0909581652992664,0.15054959469739745,0.0012454918184631252
2026-01-16,50160,1,2627.0,2611.5,2026-01-16 14:46:00,2026-01-16 15:24:00,,,-0.0075177418091864154
2026-01-19,50160,1,2635.5,2652.5,2026-01-19 10:24:00,2026-01-19 10:47:00,-1.8626424382137945,0.0685354098886952,0.004829674192876716
2026-01-19,50160,-1,2656.5,2652.0,2026-01-19 11:15:00,2026-01-19 11:24:00,1.6087792848600209,-0.016159614223473062,9.539458524484906e-05
2026-01-19,50160,-1,2663.0,2653.0,2026-01-19 12:30:00,2026-01-19 12:33:00,2.114409318035615,0.12891420046335758,0.002162231676192553
2026-01-19,50160,-1,2662.0,2704.5,2026-01-19 12:37:00,2026-01-19 15:24:00,,,-0.017439332356424815
2026-01-20,50160,1,2711.0,2678.0,2026-01-20 10:00:00,2026-01-20 15:24:00,,,-0.013847323247547677
2026-01-21,50160,-1,2720.0,2697.0,2026-01-21 10:00:00,2026-01-21 12:43:00,3.3488245299360506,-0.006414243270068504,0.006891836150313008
2026-01-21,50160,1,2668.5,2663.0,2026-01-21 12:59:00,2026-01-21 15:24:00,,,-0.003663209960067259
2026-01-22,50160,1,2569.0,2565.0,2026-01-22 10:00:00,2026-01-22 11:01:00,-3.4760891715470823,-0.1655404466266719,-0.003158239505013643
2026-01-22,50160,-1,2580.0,2577.0,2026-01-22 11:24:00,2026-01-22 15:24:00,,,-0.00043653273670193025
2026-01-23,50160,-1,2706.5,2692.0,2026-01-23 10:00:00,2026-01-23 11:15:00,2.2650946028637025,-0.2681502326307704,0.0037718754724141443
2026-01-23,50160,-1,2704.0,2656.5,2026-01-23 11:27:00,2026-01-23 15:24:00,,,0.016122691271856757
2026-01-26,50160,-1,2666.0,2659.5,2026-01-26 10:12:00,2026-01-26 10:23:00,1.5357439400201005,0.259521761770883,0.000841086556281744
2026-01-26,50160,1,2648.5,2656.5,2026-01-26 10:29:00,2026-01-26 11:00:00,-2.005826530774639,-0.05232696379250129,0.0014160249064165654
2026-01-26,50160,1,2647.0,2564.0,2026-01-26 11:10:00,2026-01-26 15:24:00,,,-0.033458384186540596
2026-01-27,50160,-1,2613.5,2603.5,2026-01-27 10:00:00,2026-01-27 10:10:00,1.836140071782902,0.1259967234990675,0.002233625550022783
2026-01-27,50160,1,2594.5,2598.0,2026-01-27 10:21:00,2026-01-27 12:32:00,-1.668200496378685,0.2548698947248527,-0.000251901577249435
2026-01-27,50160,1,2582.5,2564.5,2026-01-27 12:45:00,2026-01-27 15:24:00,,,-0.008594394164470468
2026-01-28,50160,1,2581.5,2588.5,2026-01-28 10:32:00,2026-01-28 10:38:00,-2.084775522946406,0.26399795560101885,0.0011079320222522678
2026-01-28,50160,-1,2595.0,2588.5,2026-01-28 10:39:00,2026-01-28 10:42:00,1.9668380001324532,0.2200868706695573,0.0009079592580330143
2026-01-28,50160,1,2581.5,2597.0,2026-01-28 10:49:00,2026-01-28 12:47:00,-1.5819837540306345,-0.019672238077488552,0.004386307343044698
2026-01-28,50160,1,2584.0,2596.5,2026-01-28 13:12:00,2026-01-28 15:24:00,,,0.0032257983818810565
2026-01-29,50160,1,2588.5,2589.5,2026-01-29 10:01:00,2026-01-29 12:30:00,-1.8265797010274776,-0.20748767634790974,-0.0012137504780099172
2026-01-29,50160,-1,2607.0,2625.5,2026-01-29 12:32:00,2026-01-29 15:24:00,,,-0.008671219144412174
2026-01-30,50160,-1,2721.5,2689.0,2026-01-30 10:00:00,2026-01-30 10:22:00,3.128992417468278,-0.26510556098582666,0.010413821605390028
2026-01-30,50160,1,2665.5,2551.5,2026-01-30 10:42:00,2026-01-30 15:24:00,,,-0.045310235758789556
2026-02-02,50160,-1,2523.0,2488.0,2026-02-02 10:00:00,2026-02-02 10:14:00,6.892373765538147,0.28237326275357677,0.012369494781987638
2026-02-02,50160,1,2472.0,2347.0,2026-02-02 10:41:00,2026-02-02 15:24:00,,,-0.05348962272655787
2026-02-03,50160,-1,2434.5,2425.5,2026-02-03 10:00:00,2026-02-03 11:14:00,2.059409003788639,0.06631813501898434,0.0021037079374844146
2026-02-03,50160,-1,2439.0,2485.0,2026-02-03 11:28:00,2026-02-03 15:24:00,,,-0.020284540314808787
2026-02-04,50160,-1,2616.0,2618.0,2026-02-04 10:00:00,2026-02-04 12:52:00,1.7308594330378737,0.27699043044018634,-0.0023642338927558956
2026-02-04,50160,-1,2630.5,2617.0,2026-02-04 13:02:00,2026-02-04 13:26:00,1.8700328355462534,0.1588836422422524,0.003545318640716058
2026-02-04,50160,1,2606.5,2615.5,2026-02-04 13:55:00,2026-02-04 14:04:00,-2.750073708091574,-0.08633150550465536,0.0018469586025052396
2026-02-04,50160,-1,2623.5,2642.0,2026-02-04 14:17:00,2026-02-04 15:24:00,,,-0.008626901955504189
2026-02-05,50160,-1,2720.5,2684.0,2026-02-05 10:00:00,2026-02-05 10:35:00,5.765414120356397,-0.21040777577612096,0.011907467834407565
2026-02-05,50160,1,2675.0,2542.0,2026-02-05 10:52:00,2026-02-05 15:24:00,,,-0.0525982075807076
2026-02-06,50160,1,2441.0,2457.0,2026-02-06 10:21:00,2026-02-06 10:49:00,-1.9282682353617075,0.2908213374451164,0.004933302128218973
2026-02-06,50160,-1,2473.5,2525.0,2026-02-06 10:54:00,2026-02-06 15:24:00,,,-0.022206911041696843
2026-02-09,50160,-1,2640.5,2633.0,2026-02-09 10:12:00,2026-02-09 10:16:00,2.0896944617089397,0.19733284000556509,0.0012444126506784721
2026-02-09,50160,-1,2638.5,2633.0,2026-02-09 10:19:00,2026-02-09 10:26:00,1.6475772997220162,0.16430170275254297,0.0004866933494131122
2026-02-09,50160,-1,2640.5,2633.5,2026-02-09 10:27:00,2026-02-09 10:32:00,1.993103009556033,0.28406651776733033,0.0010545332235438207
2026-02-09,50160,-1,2638.0,2633.5,2026-02-09 10:41:00,2026-02-09 10:42:00,1.5280526310090983,0.28736433522264226,0.00010729435381584226
2026-02-09,50160,1,2625.5,2628.0,2026-02-09 10:50:00,2026-02-09 11:19:00,-2.030785495136645,-0.18114125370236367,-0.000648253473412824
2026-02-09,50160,1,2612.0,2630.5,2026-02-09 12:30:00,2026-02-09 12:43:00,-1.5393432980593793,0.27990412813619214,0.005457730774540204
2026-02-09,50160,1,2619.5,2628.5,2026-02-09 12:56:00,2026-02-09 13:04:00,-1.8220967609125815,-0.04055587896340058,0.0018298814112282273
2026-02-09,50160,1,2623.5,2629.0,2026-02-09 13:17:00,2026-02-09 13:27:00,-1.6885005553985004,0.16625905874305003,0.000494241603114685
2026-02-09,50160,1,2625.0,2628.0,2026-02-09 13:29:00,2026-02-09 13:37:00,-1.5392092745581234,-0.27620575223136695,-0.00045779542122302043
2026-02-09,50160,1,2623.5,2629.0,2026-02-09 13:44:00,2026-02-09 13:57:00,-2.32878277488118,0.29694687588353674,0.000494241603114685
2026-02-09,50160,-1,2637.0,2650.0,2026-02-09 13:58:00,2026-02-09 15:24:00,3.1347630729088753,0.14075510565615545,-0.006517732626981105
2026-02-10,50160,-1,2738.0,2748.5,2026-02-10 10:00:00,2026-02-10 15:24:00,2.8442075772017166,0.006748088973072336,-0.005427581452320773
2026-02-13,50160,1,3233.0,3314.0,2026-02-13 10:00:00,2026-02-13 10:18:00,-2.9983878952616316,-0.21904552782903813,0.023145420261075078
2026-02-13,50160,1,3278.0,3314.0,2026-02-13 10:34:00,2026-02-13 12:56:00,-1.53340651279546,0.00850076226428577,0.00932243868273325
2026-02-13,50160,-1,3359.0,3319.0,2026-02-13 13:10:00,2026-02-13 13:30:00,1.9129807898120368,0.2631393444363793,0.010379777892318082
2026-02-13,50160,-1,3335.0,3319.0,2026-02-13 13:33:00,2026-02-13 14:25:00,1.8002403972224956,0.021634051666190455,0.003209146629749495
2026-02-13,50160,1,3302.0,3317.0,2026-02-13 14:52:00,2026-02-13 15:02:00,-1.7798070865820863,-0.18143462859479972,0.0029324144669789906
2026-02-13,50160,-1,3332.0,3363.0,2026-02-13 15:05:00,2026-02-13 15:24:00,,,-0.01086070845353623
2026-02-16,50160,1,3359.0,3289.0,2026-02-16 10:00:00,2026-02-16 15:24:00,,,-0.022659743423235797
2026-02-17,50160,1,3269.0,3246.0,2026-02-17 10:00:00,2026-02-17 15:24:00,,,-0.008660658649674068
2026-02-18,50160,1,3267.0,3275.0,2026-02-18 10:04:00,2026-02-18 12:30:00,-1.5817643834345751,-0.051703828513397,0.0008457364682821803
2026-02-18,50160,1,3253.0,3272.0,2026-02-18 12:37:00,2026-02-18 13:34:00,-1.5217385085808488,-0.11268447279698687,0.004223771249286219
2026-02-18,50160,-1,3282.0,3274.0,2026-02-18 13:54:00,2026-02-18 14:02:00,1.6009499432108525,0.1996054965614695,0.0008405137189559672
2026-02-18,50160,-1,3283.0,3273.0,2026-02-18 14:06:00,2026-02-18 14:19:00,1.7752893877707934,0.020443294449890285,0.0014506430004121733
2026-02-18,50160,-1,3280.0,3274.0,2026-02-18 14:21:00,2026-02-18 14:57:00,2.212171543995257,0.02959716629008178,0.00023094344710920508
2026-02-18,50160,1,3261.0,3252.0,2026-02-18 15:01:00,2026-02-18 15:24:00,,,-0.004363705121617967
2026-02-19,50160,-1,3351.0,3337.0,2026-02-19 10:00:00,2026-02-19 10:20:00,1.5654301959682047,-0.09610777048202347,0.002586608985936432
2026-02-19,50160,-1,3349.0,3337.0,2026-02-19 10:48:00,2026-02-19 11:05:00,1.9493665633474015,-0.12555302097113705,0.0019895940428306157
2026-02-19,50160,-1,3352.0,3347.0,2026-02-19 11:11:00,2026-02-19 13:50:00,1.7020556282247623,0.14110884105426402,-0.00010723960935298915
2026-02-19,50160,-1,3356.0,3372.0,2026-02-19 14:04:00,2026-02-19 15:24:00,,,-0.006356251534649276
2026-02-20,50160,-1,3415.0,3396.0,2026-02-20 10:00:00,2026-02-20 10:03:00,1.747102525061899,-0.21579661015965673,0.00397922457365252
2026-02-20,50160,1,3368.0,3393.0,2026-02-20 10:08:00,2026-02-20 10:23:00,-2.0465494306793683,-0.2806209885145306,0.005795389422012742
2026-02-20,50160,1,3389.0,3380.0,2026-02-20 10:38:00,2026-02-20 13:52:00,-1.5748155075965777,-0.2618837754377267,-0.004259183129986868
2026-02-20,50160,-1,3406.0,3384.0,2026-02-20 14:00:00,2026-02-20 14:29:00,1.5569378105986622,-0.09082296921838218,0.004880140496519729
2026-02-20,50160,1,3369.0,3385.0,2026-02-20 14:49:00,2026-02-20 15:10:00,-1.6587112785869584,0.03399804252547028,0.0031379419398224334
2026-02-20,50160,-1,3401.0,3396.0,2026-02-20 15:22:00,2026-02-20 15:24:00,,,-0.0001287624240424892
2026-02-24,50160,-1,3657.0,3684.0,2026-02-24 10:00:00,2026-02-24 15:24:00,,,-0.008955979225816285
2026-02-25,50160,-1,3957.0,4132.0,2026-02-25 10:00:00,2026-02-25 15:24:00,,,-0.04487538885410489
2026-02-26,50160,1,3992.0,4170.0,2026-02-26 10:00:00,2026-02-26 10:25:00,-4.3303706832873905,-0.17966676390000505,0.042023677361492505
2026-02-26,50160,-1,4221.0,4189.0,2026-02-26 10:40:00,2026-02-26 11:11:00,1.6588837203238533,-0.009226865550519516,0.006010024835463857
2026-02-26,50160,1,4147.0,4181.0,2026-02-26 11:23:00,2026-02-26 11:29:00,-1.566936496861396,-0.2928717735796155,0.006565271110183612
2026-02-26,50160,1,4111.0,4111.0,2026-02-26 12:30:00,2026-02-26 15:24:00,,,-0.0016
2026-02-27,50160,1,3955.0,3974.0,2026-02-27 10:07:00,2026-02-27 10:29:00,-1.5748667871425415,0.0003294763538551131,0.003192542910007986
2026-02-27,50160,-1,3985.0,4122.0,2026-02-27 11:01:00,2026-02-27 15:24:00,,,-0.03540117022608888
2026-03-02,50160,-1,4209.0,4351.0,2026-03-02 10:00:00,2026-03-02 15:24:00,,,-0.03478061395010938
2026-03-03,50160,-1,4753.0,4644.0,2026-03-03 10:00:00,2026-03-03 10:45:00,4.361413981767086,-0.17642913803378724,0.021599933796227298
2026-03-03,50160,1,4579.0,4307.0,2026-03-03 10:54:00,2026-03-03 15:24:00,,,-0.06283902760298488
2026-03-04,50160,1,4026.0,3902.0,2026-03-04 10:00:00,2026-03-04 15:24:00,,,-0.032884085016680234
2026-03-05,50160,1,4181.0,4127.0,2026-03-05 10:17:00,2026-03-05 14:39:00,-1.8023163172613015,-0.12207578236671267,-0.014599701603983177
2026-03-05,50160,1,4102.0,4050.0,2026-03-05 14:51:00,2026-03-05 15:24:00,,,-0.014357778531741127
2026-03-06,50160,1,3910.0,3929.0,2026-03-06 10:00:00,2026-03-06 10:52:00,-3.5477162269117732,-0.20209332415196898,0.003247566579048359
2026-03-06,50160,-1,3977.0,4068.0,2026-03-06 11:12:00,2026-03-06 15:24:00,,,-0.02422371196075993
2026-03-09,50160,1,3555.0,3574.0,2026-03-09 10:00:00,2026-03-09 14:28:00,-2.902947136970593,-0.28805568247469376,0.003730353482032004
2026-03-09,50160,-1,3623.0,3683.0,2026-03-09 14:49:00,2026-03-09 15:24:00,,,-0.018025225549988005
2026-03-10,50160,1,3893.0,3945.0,2026-03-10 10:00:00,2026-03-10 10:10:00,-4.693702595852518,-0.03299306930653578,0.011668885669518944
2026-03-10,50160,1,3935.0,3949.0,2026-03-10 11:08:00,2026-03-10 11:21:00,-2.247423097484051,-0.05292715789908317,0.0019515004351458789
2026-03-10,50160,1,3915.0,3933.0,2026-03-10 12:30:00,2026-03-10 13:40:00,-3.4855962980059942,0.05043078621641337,0.00298716400690614
2026-03-10,50160,1,3918.0,3928.0,2026-03-10 13:43:00,2026-03-10 14:39:00,-1.9992293970100055,-0.2460722153856836,0.0009490709698704942
2026-03-10,50160,1,3918.0,3910.0,2026-03-10 14:51:00,2026-03-10 15:24:00,,,-0.00364394552507458
2026-03-11,50160,-1,4187.0,4224.0,2026-03-11 10:00:00,2026-03-11 14:22:00,5.211255691854536,0.18486573705938322,-0.0103980593669541
2026-03-11,50160,-1,4255.0,4222.0,2026-03-11 14:25:00,2026-03-11 14:49:00,1.6218067203130213,0.08869932103219019,0.006185812599208555
2026-03-11,50160,1,4191.0,4216.0,2026-03-11 14:58:00,2026-03-11 15:13:00,-1.5141274005654561,-0.2016899588173913,0.004347442296126823
2026-03-11,50160,1,4198.0,4200.0,2026-03-11 15:20:00,2026-03-11 15:24:00,,,-0.0011236961091186512
2026-03-12,50160,1,4129.0,4147.0,2026-03-12 10:07:00,2026-03-12 10:23:00,-1.5241783121194168,-0.07058477385049843,0.0027499343602911527
2026-03-12,50160,1,4124.0,4149.0,2026-03-12 10:25:00,2026-03-12 10:32:00,-1.694219708009935,0.12204467626590053,0.004443775196017256
2026-03-12,50160,-1,4177.0,4148.0,2026-03-12 10:42:00,2026-03-12 10:48:00,2.0266551711360337,-0.0432817379772963,0.005366995147757405
2026-03-12,50160,1,4123.0,4033.0,2026-03-12 10:53:00,2026-03-12 15:24:00,,,-0.02367053783353182
2026-03-13,50160,-1,3994.0,4065.0,2026-03-13 10:04:00,2026-03-13 15:24:00,,,-0.019220508006150393
2026-03-16,50160,-1,4026.0,4006.0,2026-03-16 10:00:00,2026-03-16 10:13:00,1.536682019127882,0.22782405526390115,0.003380089973973247
2026-03-16,50160,-1,4022.0,3972.0,2026-03-16 10:18:00,2026-03-16 12:49:00,2.556837303585229,-0.2682346080394792,0.010909545167534168
2026-03-16,50160,1,3958.0,3978.0,2026-03-16 13:02:00,2026-03-16 13:19:00,-1.6335420915619372,0.014525660614533283,0.0034403332514065356
2026-03-16,50160,1,3963.0,3975.0,2026-03-16 13:41:00,2026-03-16 14:40:00,-1.6012489491374955,-0.12631386894565683,0.0014234338979973507
2026-03-16,50160,-1,4008.0,4011.0,2026-03-16 14:52:00,2026-03-16 15:24:00,,,-0.0023482230053521345
2026-03-17,50160,1,3976.0,3835.0,2026-03-17 10:00:00,2026-03-17 15:24:00,,,-0.03770685397510812
2026-03-18,50160,-1,3946.0,3930.0,2026-03-18 10:40:00,2026-03-18 10:58:00,2.037842695764647,-0.19995400072482003,0.00246298171925369
2026-03-18,50160,-1,3947.0,3937.0,2026-03-18 11:17:00,2026-03-18 14:08:00,1.8373797771269524,-0.2320669724155406,0.0009367847191095863
2026-03-18,50160,-1,3946.0,3977.0,2026-03-18 14:33:00,2026-03-18 15:24:00,,,-0.009425358625130014
2026-03-19,50160,1,3787.0,3796.0,2026-03-19 10:01:00,2026-03-19 10:08:00,-1.815318612303499,-0.2981343221983368,0.0007737318280235923
2026-03-19,50160,-1,3816.0,3799.0,2026-03-19 10:18:00,2026-03-19 10:26:00,1.8965369382371275,0.03522796678189307,0.002864879380551527
2026-03-19,50160,-1,3812.0,3798.0,2026-03-19 10:38:00,2026-03-19 10:45:00,1.7146951991291732,-0.10526636710200545,0.0020793734018614883
2026-03-19,50160,-1,3814.0,3798.0,2026-03-19 10:52:00,2026-03-19 10:59:00,2.168120777025353,-0.16544286891153817,0.002603894788133153
2026-03-19,50160,1,3780.0,3796.0,2026-03-19 11:01:00,2026-03-19 11:09:00,-2.4022331662970027,-0.26759596928228124,0.0026238711161850224
2026-03-19,50160,-1,3814.0,3801.0,2026-03-19 11:28:00,2026-03-19 13:05:00,1.5381592542181504,-0.15228064975595432,0.001814317171115583
2026-03-19,50160,-1,3819.0,3805.0,2026-03-19 13:23:00,2026-03-19 13:35:00,1.6499809585369416,0.2575066134484897,0.002072616929729971
2026-03-19,50160,1,3790.0,3803.0,2026-03-19 13:41:00,2026-03-19 14:00:00,-1.754546680332852,0.06962841664149995,0.0018242098517875294
2026-03-19,50160,1,3792.0,3795.0,2026-03-19 14:22:00,2026-03-19 15:17:00,-1.8407730269196618,-0.29176720723100874,-0.0008091735451822292
2026-03-23,50160,1,3405.0,3459.0,2026-03-23 10:00:00,2026-03-23 10:15:00,-9.245045317325236,-0.03237780875783956,0.014134590353555923
2026-03-23,50160,1,3418.0,3460.0,2026-03-23 10:30:00,2026-03-23 10:37:00,-1.878056382176887,0.05537096748289953,0.010613004376233706
2026-03-23,50160,1,3439.0,3371.0,2026-03-23 11:12:00,2026-03-23 15:24:00,,,-0.021571295198205435
2026-03-24,50160,1,3542.0,3545.0,2026-03-24 10:00:00,2026-03-24 13:04:00,-3.732242634529797,-0.06071239289164476,-0.0007533793765509489
2026-03-24,50160,1,3516.0,3551.0,2026-03-24 13:38:00,2026-03-24 14:25:00,-1.787660104088636,0.2906955575548867,0.008305274138020333
2026-03-24,50160,-1,3565.0,3548.0,2026-03-24 14:39:00,2026-03-24 15:01:00,1.7364710535418972,0.22803213921608903,0.0031799894189261857
2026-03-24,50160,-1,3558.0,3557.0,2026-03-24 15:02:00,2026-03-24 15:24:00,,,-0.0013189037226747505
2026-03-25,50160,-1,3786.0,3763.0,2026-03-25 10:02:00,2026-03-25 10:24:00,1.5414873741711983,0.2436525388502764,0.004493541175830915
2026-03-25,50160,-1,3784.0,3762.0,2026-03-25 10:34:00,2026-03-25 10:47:00,1.6591029073922468,0.04205889572148129,0.00423092031079321
2026-03-25,50160,1,3747.0,3760.0,2026-03-25 11:15:00,2026-03-25 11:20:00,-1.7186492040756098,-0.1416666157947646,0.0018634375902529083
2026-03-25,50160,-1,3773.0,3759.0,2026-03-25 11:26:00,2026-03-25 11:29:00,1.5108861635903081,-0.2765792536480482,0.0021174764001324203
2026-03-25,50160,1,3726.0,3757.0,2026-03-25 12:30:00,2026-03-25 12:59:00,-3.408493071087746,-0.045669603539156216,0.006685494412435167
2026-03-25,50160,-1,3774.0,3806.0,2026-03-25 13:19:00,2026-03-25 15:24:00,,,-0.010043321927599293
2026-03-26,50160,1,3769.0,3712.0,2026-03-26 10:13:00,2026-03-26 15:24:00,,,-0.016838899361044206
2026-03-27,50160,1,3569.0,3588.0,2026-03-27 10:00:00,2026-03-27 10:11:00,-2.0512844218019137,0.19771090014971068,0.0037094996885264717
2026-03-27,50160,-1,3610.0,3712.0,2026-03-27 10:28:00,2026-03-27 15:24:00,,,-0.02946304257916463
2026-03-30,50160,1,3456.0,3466.0,2026-03-30 10:13:00,2026-03-30 11:17:00,-1.6736576587167942,0.024110097859613766,0.0012893403516052312
2026-03-30,50160,1,3449.0,3577.0,2026-03-30 11:29:00,2026-03-30 15:24:00,,,0.034840126322176784
2026-03-31,50160,-1,3386.0,3392.0,2026-03-31 10:18:00,2026-03-31 12:35:00,1.8020324370748,-0.011797615453974149,-0.0033704342187129716
2026-03-31,50160,1,3356.0,3342.0,2026-03-31 12:55:00,2026-03-31 15:24:00,,,-0.005780358431757826
2026-04-01,50160,1,3533.0,3559.0,2026-04-01 10:00:00,2026-04-01 10:46:00,-1.7741741273545233,-0.2864763985581715,0.005732238151047553
2026-04-01,50160,1,3547.0,3697.0,2026-04-01 11:07:00,2026-04-01 15:24:00,,,0.03981950416301015
2026-04-02,50160,1,3668.0,3738.0,2026-04-02 10:06:00,2026-04-02 10:10:00,-2.594021505497979,0.0902125181161253,0.017304154639152653
2026-04-02,50160,1,3675.0,3535.0,2026-04-02 10:12:00,2026-04-02 15:24:00,,,-0.04043983331626389
2026-04-03,50160,1,3608.0,3629.0,2026-04-03 10:13:00,2026-04-03 10:18:00,-1.86323338130303,0.1671915290257322,0.004203526030556092
2026-04-03,50160,-1,3643.0,3629.0,2026-04-03 10:29:00,2026-04-03 10:33:00,2.2253442134393846,0.14141997073587978,0.0022503897954934543
2026-04-03,50160,-1,3642.0,3645.0,2026-04-03 10:37:00,2026-04-03 13:30:00,1.5222215311748826,0.022454209347281224,-0.002423384155205357
2026-04-03,50160,1,3635.0,3644.0,2026-04-03 13:58:00,2026-04-03 14:02:00,-1.5358042962362688,-0.11559145279431433,0.0008728684122292156
2026-04-03,50160,-1,3654.0,3645.0,2026-04-03 14:05:00,2026-04-03 14:08:00,1.9406393742305923,0.08397884664891302,0.0008660924951935541
2026-04-03,50160,1,3635.0,3643.0,2026-04-03 14:18:00,2026-04-03 14:25:00,-1.947586551000687,-0.29028001158886113,0.0005984070409439468
2026-04-03,50160,-1,3655.0,3668.0,2026-04-03 14:30:00,2026-04-03 15:24:00,,,-0.00515046119247652
2026-04-06,50160,-1,3763.0,3738.0,2026-04-06 10:00:00,2026-04-06 11:05:00,2.4074765927003092,0.2884434917130772,0.005065802577929119
2026-04-06,50160,-1,3764.0,3742.0,2026-04-06 11:10:00,2026-04-06 12:53:00,1.897578957388009,0.08561995448406265,0.004261993871235364
2026-04-06,50160,-1,3756.0,3742.0,2026-04-06 13:04:00,2026-04-06 13:25:00,1.5787711682670125,0.14174541074758779,0.0021343334941185572
2026-04-06,50160,-1,3750.0,3741.0,2026-04-06 13:37:00,2026-04-06 13:46:00,1.6736061830972433,-0.14354505469923087,0.0008028846163103149
2026-04-06,50160,-1,3747.0,3741.0,2026-04-06 13:49:00,2026-04-06 13:56:00,1.6859483119903471,-0.17255563557169049,2.5644455411916525e-06
2026-04-06,50160,-1,3746.0,3742.0,2026-04-06 14:01:00,2026-04-06 14:12:00,1.5296306086124583,0.23176834411640648,-0.0005316238300010611
2026-04-06,50160,1,3738.0,3695.0,2026-04-06 14:13:00,2026-04-06 15:24:00,,,-0.013170154633206041
2026-04-07,50160,1,3713.0,3732.0,2026-04-07 10:00:00,2026-04-07 10:04:00,-1.700372159126765,0.033170098630744445,0.003504107790154311
2026-04-07,50160,1,3706.0,3726.0,2026-04-07 10:10:00,2026-04-07 10:17:00,-1.7424150332605288,-0.27829023000978653,0.0037821443162287215
2026-04-07,50160,-1,3748.0,3732.0,2026-04-07 10:26:00,2026-04-07 10:31:00,1.6069761161935352,0.09613342394914992,0.0026780813910783127
2026-04-07,50160,1,3704.0,3711.0,2026-04-07 10:37:00,2026-04-07 14:26:00,-1.9314520550979517,0.014977868531517762,0.0002880652945276411
2026-04-07,50160,-1,3724.0,3728.0,2026-04-07 14:38:00,2026-04-07 15:24:00,,,-0.002673537408524185
2026-04-08,50160,-1,4233.0,4170.0,2026-04-08 10:00:00,2026-04-08 12:32:00,2.728926938113967,0.1942406056873024,0.013394925728076518
2026-04-08,50160,-1,4189.0,4168.0,2026-04-08 12:45:00,2026-04-08 12:59:00,1.7069728141728162,0.24650614181951241,0.0034257375138319794
2026-04-08,50160,-1,4178.0,4230.0,2026-04-08 13:07:00,2026-04-08 15:24:00,,,-0.013969329923812593
2026-04-09,50160,1,4201.0,4225.0,2026-04-09 10:00:00,2026-04-09 10:13:00,-2.377833949218161,0.27365734752235626,0.004096668621892242
2026-04-09,50160,-1,4251.0,4224.0,2026-04-09 10:34:00,2026-04-09 10:47:00,1.7829308160299708,0.19119097972771057,0.004771702972692671
2026-04-09,50160,-1,4234.0,4423.0,2026-04-09 10:49:00,2026-04-09 15:24:00,,,-0.045271026173516325
2026-04-10,50160,-1,4527.0,4537.0,2026-04-10 10:03:00,2026-04-10 11:13:00,2.865367470094032,0.22289725770747512,-0.0038065322280052645
2026-04-10,50160,-1,4565.0,4532.0,2026-04-10 12:44:00,2026-04-10 13:04:00,1.5526115806071856,0.015453166856642117,0.00565517088117191
2026-04-10,50160,1,4508.0,4529.0,2026-04-10 13:05:00,2026-04-10 13:06:00,-1.8021703348724027,-0.18779113009106935,0.0030475683965468757
2026-04-10,50160,-1,4566.0,4543.0,2026-04-10 13:16:00,2026-04-10 13:55:00,2.0850616308739345,0.292408106092816,0.0034499613303375512
2026-04-10,50160,-1,4561.0,4588.0,2026-04-10 14:06:00,2026-04-10 15:24:00,,,-0.007502301537560786
2026-04-13,50160,-1,4605.0,4576.0,2026-04-13 10:10:00,2026-04-13 10:20:00,1.7103512150714844,-0.26700965164460505,0.004717415629773417
2026-04-13,50160,1,4561.0,4578.0,2026-04-13 10:51:00,2026-04-13 10:57:00,-2.018075907500995,-0.11016352419178607,0.0021203238008114834
2026-04-13,50160,1,4562.0,4569.0,2026-04-13 11:02:00,2026-04-13 13:51:00,-1.7732112339439563,0.22324406489045126,-6.676128106173295e-05
2026-04-13,50160,1,4551.0,4567.0,2026-04-13 14:11:00,2026-04-13 14:30:00,-2.259312157341065,0.014744138077513283,0.0019095451683569253
2026-04-13,50160,-1,4589.0,4635.0,2026-04-13 14:35:00,2026-04-13 15:24:00,,,-0.011574063605122099
2026-04-14,50160,-1,4934.0,4913.0,2026-04-14 10:13:00,2026-04-14 10:24:00,1.7526331018582524,-0.15055687303103377,0.0026652649206538133
2026-04-14,50160,-1,4929.0,5141.0,2026-04-14 10:29:00,2026-04-14 15:24:00,,,-0.043711485350126845
2026-04-15,50160,1,5353.0,4868.0,2026-04-15 10:15:00,2026-04-15 15:24:00,,,-0.0965739762859635
2026-04-16,50160,-1,4985.0,4930.0,2026-04-16 10:10:00,2026-04-16 11:05:00,1.7104771960104037,-0.2322923017414884,0.009494415359202877
2026-04-16,50160,-1,4949.0,4935.0,2026-04-16 11:24:00,2026-04-16 12:36:00,1.7402505325589832,-2.015710841721884e-05,0.0012328630843040898
2026-04-16,50160,1,4909.0,4926.0,2026-04-16 12:46:00,2026-04-16 14:15:00,-1.7356238311740042,0.018998654479686808,0.0018570446224306207
2026-04-16,50160,-1,4969.0,4934.0,2026-04-16 14:30:00,2026-04-16 14:57:00,1.5649501566377542,0.29650976545575775,0.005468594513018539
2026-04-16,50160,-1,4956.0,4986.0,2026-04-16 15:01:00,2026-04-16 15:24:00,,,-0.007635021334470078
2026-04-17,50160,1,4890.0,4909.0,2026-04-17 10:11:00,2026-04-17 10:32:00,-1.681023787691318,0.22359605904495147,0.002277951589134834
2026-04-17,50160,-1,4923.0,4906.0,2026-04-17 10:55:00,2026-04-17 12:30:00,1.97321643401242,0.14636814861811,0.0018591549397660222
2026-04-17,50160,-1,4924.0,4902.0,2026-04-17 12:34:00,2026-04-17 12:49:00,1.5448687013144577,-0.2996904999185777,0.002877923216286251
2026-04-17,50160,-1,4919.0,4908.0,2026-04-17 13:12:00,2026-04-17 13:44:00,1.5131562054637966,-0.07951284331286118,0.000638730964537743
2026-04-17,50160,1,4878.0,4904.0,2026-04-17 13:57:00,2026-04-17 14:08:00,-1.7632462429901448,-0.2790379392701304,0.0037158988401816634
2026-04-17,50160,-1,4941.0,4911.0,2026-04-17 14:25:00,2026-04-17 14:42:00,1.9262860870718748,0.2265431149687489,0.004490152806505364
2026-04-17,50160,1,4899.0,4909.0,2026-04-17 15:02:00,2026-04-17 15:07:00,-1.8751629401790626,-0.001850068053408958,0.00043915241947766023
2026-04-17,50160,-1,4922.0,4925.0,2026-04-17 15:21:00,2026-04-17 15:24:00,,,-0.002209322655188013
2026-04-20,50160,-1,4945.0,4920.0,2026-04-20 10:00:00,2026-04-20 10:09:00,2.34341548403341,-0.17688074290850642,0.003468434570458729
2026-04-20,50160,-1,4936.0,4923.0,2026-04-20 10:18:00,2026-04-20 10:28:00,1.7892339339474483,0.15212699536208174,0.0010371858270231003
2026-04-20,50160,-1,4930.0,4927.0,2026-04-20 10:38:00,2026-04-20 12:38:00,1.5164415178847301,0.1859546892500689,-0.0009912955072272716
2026-04-20,50160,1,4912.0,4831.0,2026-04-20 13:01:00,2026-04-20 15:24:00,,,-0.01822770527257176
2026-04-21,50160,1,4793.0,4799.0,2026-04-21 10:15:00,2026-04-21 13:03:00,-2.4602028401712577,0.22002362255614386,-0.00034895730138578894
2026-04-21,50160,1,4782.0,4791.0,2026-04-21 13:41:00,2026-04-21 14:04:00,-2.059696418387024,-0.2928854210700315,0.0002802888648521279
2026-04-21,50160,-1,4807.0,4794.0,2026-04-21 14:08:00,2026-04-21 14:31:00,1.8409956846625184,0.11938660161575743,0.001108052899630988
2026-04-21,50160,-1,4803.0,4827.0,2026-04-21 15:17:00,2026-04-21 15:24:00,,,-0.006584433995668557
2026-04-22,50160,1,4780.0,4798.0,2026-04-22 10:06:00,2026-04-22 10:35:00,-2.151880089847883,0.2243094320697891,0.0021586179141382267
2026-04-22,50160,-1,4809.0,4801.0,2026-04-22 11:03:00,2026-04-22 12:53:00,2.056513728750613,0.09201057305897731,6.493274672230679e-05
2026-04-22,50160,1,4786.0,4796.0,2026-04-22 13:15:00,2026-04-22 14:09:00,-1.623612891912022,-0.053110406651573606,0.00048724767908628623
2026-04-22,50160,-1,4819.0,4870.0,2026-04-22 14:32:00,2026-04-22 15:24:00,,,-0.012127499436302777
2026-04-23,50160,1,4828.0,4674.0,2026-04-23 10:00:00,2026-04-23 15:24:00,,,-0.034017067118618835
2026-04-24,50160,1,4673.0,4671.0,2026-04-24 10:02:00,2026-04-24 12:49:00,-1.5595805058513958,-0.08245613036993095,-0.002028082198318174
2026-04-24,50160,1,4642.0,4641.0,2026-04-24 13:01:00,2026-04-24 15:24:00,,,-0.0018154475932065338
2026-04-27,50160,-1,4827.0,4873.0,2026-04-27 10:00:00,2026-04-27 15:24:00,,,-0.011084607183013184
2026-04-28,50160,1,4908.0,4788.0,2026-04-28 10:05:00,2026-04-28 15:24:00,,,-0.02635373915293829
2026-04-30,50160,1,4740.0,4759.0,2026-04-30 10:00:00,2026-04-30 10:54:00,-2.9209246030446843,-0.08071845729334329,0.0024004264319883745
2026-04-30,50160,-1,4783.0,4761.0,2026-04-30 11:05:00,2026-04-30 12:30:00,1.5490030326209767,-0.2319574971893569,0.003010234485778117
2026-04-30,50160,1,4740.0,4754.0,2026-04-30 12:55:00,2026-04-30 14:01:00,-1.8496799777870478,-0.18973090884495894,0.0013492332310169957
2026-04-30,50160,-1,4771.0,4774.0,2026-04-30 14:28:00,2026-04-30 15:24:00,,,-0.0022286013826683295
2026-05-01,50160,-1,4813.0,4805.0,2026-05-01 10:13:00,2026-05-01 12:47:00,1.739288322232803,0.2483294501114017,6.354789871650026e-05
2026-05-01,50160,-1,4824.0,4809.0,2026-05-01 12:57:00,2026-05-01 14:56:00,1.6865268086166474,0.1055685887364549,0.0015142971293587812
2026-05-01,50160,1,4792.0,4800.0,2026-05-01 15:03:00,2026-05-01 15:24:00,,,6.805710069701328e-05
2026-05-07,50160,1,4975.0,4986.0,2026-05-07 10:03:00,2026-05-07 10:07:00,-1.5607817161732074,-0.2736856525063659,0.0006086144908100169
2026-05-07,50160,-1,4995.0,5295.0,2026-05-07 10:36:00,2026-05-07 15:24:00,,,-0.059925566952852914
2026-05-08,50160,-1,5186.0,5398.0,2026-05-08 10:00:00,2026-05-08 15:24:00,,,-0.041665827479340244
2026-05-11,50160,-1,5719.0,5672.0,2026-05-11 10:00:00,2026-05-11 10:10:00,2.264393742019944,0.0988299591093105,0.006652175703352804
2026-05-11,50160,1,5620.0,5664.0,2026-05-11 10:27:00,2026-05-11 11:23:00,-1.6069005138863286,0.20326074563851448,0.00619869248581884
2026-05-11,50160,-1,5723.0,5686.0,2026-05-11 12:30:00,2026-05-11 14:31:00,3.0903240309190605,-0.11705879948721529,0.004886130198157184
2026-05-11,50160,1,5627.0,5682.0,2026-05-11 14:39:00,2026-05-11 14:46:00,-1.5591891688519075,-0.10434430528276649,0.008126842980854266
2026-05-11,50160,-1,5714.0,5714.0,2026-05-11 15:21:00,2026-05-11 15:24:00,,,-0.0016
2026-05-12,50160,1,5068.0,4762.0,2026-05-12 10:00:00,2026-05-12 15:24:00,,,-0.06387851439422158
2026-05-13,50160,-1,4535.0,4525.0,2026-05-13 10:00:00,2026-05-13 11:12:00,3.008331375068109,-0.02699654209569837,0.0006075064152104581
2026-05-13,50160,-1,4568.0,4651.0,2026-05-13 11:23:00,2026-05-13 15:24:00,,,-0.019606777888250916
2026-05-14,50160,-1,4777.0,4732.0,2026-05-14 10:02:00,2026-05-14 10:08:00,1.9369768250710315,-0.002627714111807022,0.007864788291684431
2026-05-14,50160,-1,4750.0,4735.0,2026-05-14 10:35:00,2026-05-14 10:43:00,1.6078350539822168,0.1752706269597623,0.0015628914085083067
2026-05-14,50160,1,4690.0,4465.0,2026-05-14 10:45:00,2026-05-14 15:24:00,,,-0.05076336812972567
2026-05-15,50160,1,4476.0,4182.0,2026-05-15 10:00:00,2026-05-15 15:24:00,,,-0.06954018944323702
2026-05-18,50160,1,4150.0,4193.0,2026-05-18 10:04:00,2026-05-18 10:59:00,-1.5567833193286031,0.26167603830543995,0.008708133946018614
2026-05-18,50160,-1,4207.0,4187.0,2026-05-18 12:30:00,2026-05-18 12:31:00,2.198466703225067,-0.10297489123168997,0.0031653175713775043
2026-05-18,50160,1,4167.0,4188.0,2026-05-18 12:38:00,2026-05-18 13:03:00,-2.097948537931667,0.12430075394854892,0.0034269405679740097
2026-05-18,50160,1,4168.0,4080.0,2026-05-18 13:17:00,2026-05-18 15:24:00,,,-0.022939316034995494
2026-05-19,50160,1,3848.0,3919.0,2026-05-19 10:00:00,2026-05-19 10:27:00,-2.919503998109465,-0.21413912939584237,0.016682986414034304
2026-05-19,50160,1,3902.0,3840.0,2026-05-19 10:51:00,2026-05-19 15:24:00,,,-0.017616875601283936
2026-05-20,50160,-1,3795.0,3792.0,2026-05-20 10:03:00,2026-05-20 14:39:00,1.6605155148803452,-0.07021430229244904,-0.000809173545182127
2026-05-20,50160,1,3779.0,3792.0,2026-05-20 14:50:00,2026-05-20 14:54:00,-1.8428073604172481,-0.13676725621160574,0.0018341600254233985
2026-05-20,50160,1,3777.0,3791.0,2026-05-20 15:06:00,2026-05-20 15:22:00,-2.4930815995305102,-0.21787378142677444,0.0020997928038778762
2026-05-21,50160,-1,4040.0,4004.0,2026-05-21 10:00:00,2026-05-21 10:30:00,2.2650972416561514,0.15671878959902713,0.007350830520084557
2026-05-21,50160,-1,4037.0,4004.0,2026-05-21 10:40:00,2026-05-21 11:08:00,1.702393991572797,0.14547092118660424,0.006607980417829622
2026-05-21,50160,-1,4016.0,3997.0,2026-05-21 11:12:00,2026-05-21 13:30:00,1.6538261653094963,-0.16847473764694396,0.0031423026602416535
2026-05-21,50160,1,3983.0,3960.0,2026-05-21 13:45:00,2026-05-21 15:24:00,,,-0.0073912789331180345
