sector,N,net,wr,sharpe
銀行業,87,8.075894796494163,93.10344827586206,9.814620292926167
輸送用機器,51,4.890362549914255,78.43137254901961,5.733477125866688
機械,175,5.740219476921019,78.28571428571428,4.3988972705948175
電気機器,312,4.378300213464965,73.07692307692307,3.8673104354212358
化学,68,3.7495713391400525,75.0,3.648751195404645
情報･通信業,242,1.8752346755478655,57.85123966942148,1.6685326599553065
サービス業,203,1.1482297442289422,55.172413793103445,0.7608909769478097
