date,close,dd
2016-05-10,16565.1895,0.0
2016-05-11,16579.0098,0.0
2016-05-12,16646.3398,0.0
2016-05-13,16412.2109,-0.014064887705824924
2016-05-16,16466.4004,-0.01080954745378937
2016-05-17,16652.8008,0.0
2016-05-18,16644.6895,-0.0004870832298672356
2016-05-19,16646.6602,-0.0003687427762903983
2016-05-20,16736.3496,0.0
2016-05-23,16654.5996,-0.004884577697875092
2016-05-24,16498.7598,-0.01419603471954256
2016-05-25,16757.3496,0.0
2016-05-26,16772.4609,0.0
2016-05-27,16834.8398,0.0
2016-05-30,17068.0195,0.0
2016-05-31,17234.9805,0.0
2016-06-01,16955.7305,-0.016202513254946815
2016-06-02,16562.5508,-0.039015402425317536
2016-06-03,16642.2305,-0.03439226403534368
2016-06-06,16580.0293,-0.03800127305046863
2016-06-07,16675.4492,-0.03246486411748495
2016-06-08,16830.9199,-0.023444215675207825
2016-06-09,16668.4102,-0.03287327769242343
2016-06-10,16601.3594,-0.036763667936845046
2016-06-13,16019.1797,-0.0705426269556847
2016-06-14,15859.0,-0.07983649879963606
2016-06-15,15919.5801,-0.07632154849261374
2016-06-16,15434.1396,-0.10448755076920457
2016-06-17,15599.6602,-0.09488379171650363
2016-06-20,15965.2998,-0.07366882138334885
2016-06-21,16169.1104,-0.061843417809495205
2016-06-22,16065.7197,-0.06784230478241626
2016-06-23,16238.3496,-0.05782605324096546
2016-06-24,14952.0195,-0.132460898345664
2016-06-27,15309.21,-0.11173615775196277
2016-06-28,15323.1396,-0.11092794099767045
2016-06-29,15566.8301,-0.09678864446640956
2016-06-30,15575.9199,-0.09626124033038508
2016-07-01,15682.4805,-0.09007843089813772
2016-07-04,15775.7998,-0.08466390199861273
2016-07-05,15669.3301,-0.09084143727345684
2016-07-06,15378.9902,-0.10768740353376094
2016-07-07,15276.2402,-0.11364911611011108
2016-07-08,15106.9805,-0.12346982347905766
2016-07-11,15708.8203,-0.08855015530768962
2016-07-12,16095.6504,-0.06610567966700054
2016-07-13,16231.4297,-0.058227556451253326
2016-07-14,16385.8906,-0.04926549815359538
2016-07-15,16497.8496,-0.04276946527441672
2016-07-19,16723.3105,-0.029687878091884223
2016-07-20,16681.8906,-0.03209112421101967
2016-07-21,16810.2207,-0.024645215003289422
2016-07-22,16627.25,-0.03526145561928551
2016-07-25,16620.2891,-0.03566533771245051
2016-07-26,16383.04,-0.049430894337246345
2016-07-27,16664.8203,-0.03308156919585736
2016-07-28,16476.8398,-0.04398848609083139
2016-07-29,16569.2695,-0.038625573147587966
2016-08-01,16635.7695,-0.03476714116386748
2016-08-02,16391.4492,-0.04894297965698324
2016-08-03,16083.1104,-0.06683326969821646
2016-08-04,16254.8896,-0.05686637707539044
2016-08-05,16254.4502,-0.056891871737249855
2016-08-08,16650.5703,-0.0339083760495118
2016-08-09,16764.9707,-0.027270689398227077
2016-08-10,16735.1191,-0.02900272501033585
2016-08-12,16919.9199,-0.018280299185717164
2016-08-15,16869.5605,-0.021202228804378498
2016-08-16,16596.5098,-0.03704504916614215
2016-08-17,16745.6406,-0.028392251444671057
2016-08-18,16486.0098,-0.04345642862781318
2016-08-19,16545.8203,-0.03998613169304144
2016-08-22,16598.1895,-0.03694759039617135
2016-08-23,16497.3594,-0.042797907430182525
2016-08-24,16597.3008,-0.03699915413307264
2016-08-25,16555.9492,-0.03939843738146398
2016-08-26,16360.71,-0.05072651518230631
2016-08-29,16737.4902,-0.028865150152041164
2016-08-30,16725.3594,-0.02956899777171207
2016-08-31,16887.4004,-0.020167130447290238
2016-09-01,16926.8398,-0.017878795975429185
2016-09-02,16925.6797,-0.01794610675654673
2016-09-05,17037.6309,-0.011450526445330289
2016-09-06,17081.9805,-0.0088772946392367
2016-09-07,17012.4395,-0.012912170106603948
2016-09-08,16958.7695,-0.016026185814367655
2016-09-09,16965.7598,-0.015620597888114873
2016-09-12,16672.9199,-0.032611617982393426
2016-09-13,16729.0391,-0.02935549593456166
2016-09-14,16614.2402,-0.03601630416698187
2016-09-15,16405.0098,-0.04815617284858553
2016-09-16,16519.2891,-0.04152551260501858
2016-09-20,16492.1504,-0.04310014159865183
2016-09-21,16807.6191,-0.024796163825076656
2016-09-23,16754.0195,-0.02790609481687567
2016-09-26,16544.5605,-0.040059227221057925
2016-09-27,16683.9297,-0.03197281250187667
2016-09-28,16465.4004,-0.044652217622178525
2016-09-29,16693.7109,-0.03140529227752842
2016-09-30,16449.8398,-0.04555506749775551
2016-10-03,16598.6699,-0.0369197168514348
2016-10-04,16735.6504,-0.02897189816953971
2016-10-05,16819.2402,-0.024121889781076433
2016-10-06,16899.0996,-0.01948832492151642
2016-10-07,16860.0898,-0.021751733342547097
2016-10-11,17024.7598,-0.012197327406317737
2016-10-12,16840.0,-0.022917374348059294
2016-10-13,16774.2402,-0.026732858792616665
2016-10-14,16856.3691,-0.021967614062574747
2016-10-17,16900.1191,-0.01942917196802174
2016-10-18,16963.6094,-0.015745367393946275
2016-10-19,16998.9102,-0.013697160841000255
2016-10-20,17235.5,0.0
2016-10-21,17184.5898,-0.0029537988454061415
2016-10-24,17234.4199,-6.266716950475981e-05
2016-10-25,17365.25,0.0
2016-10-26,17391.8398,0.0
2016-10-27,17336.4199,-0.0031865461410242046
2016-10-28,17446.4102,0.0
2016-10-31,17425.0195,-0.0012260803084865879
2016-11-01,17442.4004,-0.00022983524713870995
2016-11-02,17134.6797,-0.017867887801927163
2016-11-04,16905.3594,-0.031012156300211147
2016-11-07,17177.2109,-0.015430068244067785
2016-11-08,17171.3809,-0.015764234409666567
2016-11-09,16251.54,-0.06848802626456629
2016-11-10,17344.4199,-0.005845918950134421
2016-11-11,17374.7891,-0.004105205551110824
2016-11-14,17672.6191,0.0
2016-11-15,17668.1504,-0.00025286008682212646
2016-11-16,17862.2109,0.0
2016-11-17,17862.6309,0.0
2016-11-18,17967.4102,0.0
2016-11-21,18106.0195,0.0
2016-11-22,18162.9395,0.0
2016-11-24,18333.4102,0.0
2016-11-25,18381.2207,0.0
2016-11-28,18356.8906,-0.001323638968112828
2016-11-29,18307.0391,-0.004035727616283902
2016-11-30,18308.4805,-0.003957310626274135
2016-12-01,18513.1191,0.0
2016-12-02,18426.0801,-0.0047014768030094745
2016-12-05,18274.9902,-0.012862710962627588
2016-12-06,18360.5391,-0.008241723027644698
2016-12-07,18496.6895,-0.0008874571546401144
2016-12-08,18765.4707,0.0
2016-12-09,18996.3691,0.0
2016-12-12,19155.0293,0.0
2016-12-13,19250.5195,0.0
2016-12-14,19253.6094,0.0
2016-12-15,19273.7891,0.0
2016-12-16,19401.1504,0.0
2016-12-19,19391.5996,-0.0004922800866486998
2016-12-20,19494.5293,0.0
2016-12-21,19444.4902,-0.002566827812559569
2016-12-22,19427.6699,-0.0034296493632188785
2016-12-26,19396.6406,-0.005021342064411849
2016-12-27,19403.0605,-0.0046920240336348895
2016-12-28,19401.7207,-0.004760751007206743
2016-12-29,19145.1406,-0.01792239733636447
2016-12-30,19114.3691,-0.01950086581469801
2017-01-04,19594.1602,0.0
2017-01-05,19520.6895,-0.0037496222981783234
2017-01-06,19454.3301,-0.007136315033292373
2017-01-10,19301.4395,-0.014939180705483723
2017-01-11,19364.6699,-0.011712178407115248
2017-01-12,19134.6992,-0.023448874323279245
2017-01-13,19287.2793,-0.01566185520928831
2017-01-16,19095.2402,-0.025462688622909124
2017-01-17,18813.5293,-0.039839977423477446
2017-01-18,18894.3691,-0.035714268580900876
2017-01-19,19072.25,-0.026636007599856182
2017-01-20,19137.9102,-0.023284998966171533
2017-01-23,18891.0293,-0.035884717325114
2017-01-24,18787.9902,-0.04114338107738846
2017-01-25,19057.5,-0.027388782908899456
2017-01-26,19402.3906,-0.00978707931560141
2017-01-27,19467.4004,-0.006469264245374529
2017-01-30,19368.8496,-0.011498864850558732
2017-01-31,19041.3398,-0.028213528641048757
2017-02-01,19148.0801,-0.0227659718735993
2017-02-02,18914.5801,-0.034682787782861935
2017-02-03,18918.1992,-0.03449808479161043
2017-02-06,18976.7109,-0.031511904245837496
2017-02-07,18910.7793,-0.034876763945208555
2017-02-08,19007.5996,-0.02993548047034933
2017-02-09,18907.6699,-0.03503545408391617
2017-02-10,19378.9297,-0.010984420756139257
2017-02-13,19459.1504,-0.006890308062297068
2017-02-14,19238.9805,-0.018126814131079527
2017-02-15,19437.9805,-0.007970726910765835
2017-02-16,19347.5293,-0.012586959455399338
2017-02-17,19234.6191,-0.01834940085873127
2017-02-20,19251.0801,-0.017509303613838956
2017-02-21,19381.4395,-0.010856331571689304
2017-02-22,19379.8691,-0.010936477900185704
2017-02-23,19371.4609,-0.01136559555127048
2017-02-24,19283.5391,-0.01585273861341585
2017-02-27,19107.4707,-0.024838497543773097
2017-02-28,19118.9902,-0.024250592786313918
2017-03-01,19393.5391,-0.01023882105444851
2017-03-02,19564.8008,-0.00149837501073391
2017-03-03,19469.1699,-0.00637895672609623
2017-03-06,19379.1406,-0.010973657345110355
2017-03-07,19344.1504,-0.01275940369212658
2017-03-08,19254.0293,-0.01735878938052171
2017-03-09,19318.5801,-0.014064399657199855
2017-03-10,19604.6094,0.0
2017-03-13,19633.75,0.0
2017-03-14,19609.5,-0.001235118100210042
2017-03-15,19577.3809,-0.0028710307506207844
2017-03-16,19590.1406,-0.0022211447125486394
2017-03-17,19521.5898,-0.005712622397657019
2017-03-21,19455.8809,-0.009059354427962019
2017-03-22,19041.3809,-0.030170960718151174
2017-03-23,19085.3105,-0.02793350735340938
2017-03-24,19262.5293,-0.018907274463615065
2017-03-27,18985.5898,-0.03301255236518741
2017-03-28,19202.8691,-0.021945929840198608
2017-03-29,19217.4805,-0.02120173171197548
2017-03-30,19063.2207,-0.029058600623925512
2017-03-31,18909.2598,-0.036900245750302374
2017-04-03,18983.2305,-0.0331327178964792
2017-04-04,18810.25,-0.041943082701979995
2017-04-05,18861.2695,-0.03934452155090096
2017-04-06,18597.0605,-0.05280140064939198
2017-04-07,18664.6309,-0.04935985738842552
2017-04-10,18797.8809,-0.04257307442541547
2017-04-11,18747.8691,-0.04512031068950151
2017-04-12,18552.6094,-0.05506541541987642
2017-04-13,18426.8398,-0.061471201375182916
2017-04-14,18335.6309,-0.06611671738715219
2017-04-17,18355.2598,-0.0651169644107723
2017-04-18,18418.5898,-0.06189139619278017
2017-04-19,18432.1992,-0.06119823263513091
2017-04-20,18430.4902,-0.06128527662825489
2017-04-21,18620.75,-0.05159483033042589
2017-04-24,18875.8809,-0.03860032342267783
2017-04-25,19079.3301,-0.02823810530336801
2017-04-26,19289.4297,-0.017537164321639986
2017-04-27,19251.8691,-0.01945022728719681
2017-04-28,19196.7402,-0.02225809129687395
2017-05-01,19310.5195,-0.016463003756287065
2017-05-02,19445.6992,-0.009577935952123307
2017-05-08,19895.6992,0.0
2017-05-09,19843.0,-0.0026487734595423973
2017-05-10,19900.0898,0.0
2017-05-11,19961.5508,0.0
2017-05-12,19883.9004,-0.003889998366259362
2017-05-15,19869.8496,-0.004593891572792996
2017-05-16,19919.8203,-0.0020905439871936604
2017-05-17,19814.8809,-0.007347620506519048
2017-05-18,19553.8594,-0.020423834003919117
2017-05-19,19590.7598,-0.018575260194714005
2017-05-22,19678.2793,-0.014190856353705872
2017-05-23,19613.2793,-0.017447116383362493
2017-05-24,19742.9805,-0.01094956510092393
2017-05-25,19813.1309,-0.007435289045778948
2017-05-26,19686.8398,-0.01376200690779994
2017-05-29,19682.5703,-0.01397589309544034
2017-05-30,19677.8496,-0.014212382737317175
2017-05-31,19650.5703,-0.015578974956194314
2017-06-01,19860.0293,-0.005085852347704534
2017-06-02,20177.2793,0.0
2017-06-05,20170.8203,-0.00032011253370511916
2017-06-06,19979.9004,-0.009782235605966916
2017-06-07,19984.6191,-0.00954837355103666
2017-06-08,19909.2598,-0.01328323288858868
2017-06-09,20013.2598,-0.008128920532908479
2017-06-12,19908.5801,-0.013316919293474783
2017-06-13,19898.75,-0.013804105888547524
2017-06-14,19883.5195,-0.014558940064828274
2017-06-15,19831.8203,-0.01712118838539345
2017-06-16,19943.2598,-0.011598169233847044
2017-06-19,20067.75,-0.005428348310567266
2017-06-20,20230.4102,0.0
2017-06-21,20138.7891,-0.004528879992754531
2017-06-22,20110.5098,-0.0059267409219413425
2017-06-23,20132.6699,-0.0048313553226913
2017-06-26,20153.3496,-0.003809146687495102
2017-06-27,20225.0898,-0.0002629902185570243
2017-06-28,20130.4102,-0.004943053502691752
2017-06-29,20220.3008,-0.0004997130508009873
2017-06-30,20033.4297,-0.009736851504869581
2017-07-03,20055.8008,-0.008631036062728858
2017-07-04,20032.3496,-0.009790241425752022
2017-07-05,20081.6309,-0.0073542403999301564
2017-07-06,19994.0605,-0.011682892124451283
2017-07-07,19929.0898,-0.014894428586524455
2017-07-10,20080.9805,-0.007386390019911593
2017-07-11,20195.4805,-0.0017265937593295977
2017-07-12,20098.3809,-0.006526278938229213
2017-07-13,20099.8105,-0.006455613045354802
2017-07-14,20118.8594,-0.005514015726680532
2017-07-18,19999.9102,-0.011393738323704383
2017-07-19,20020.8594,-0.010358208159318316
2017-07-20,20144.5898,-0.00424214828822389
2017-07-21,20099.75,-0.006458603592723877
2017-07-24,19975.6699,-0.012591949321917206
2017-07-25,19955.1992,-0.013603826975292832
2017-07-26,20050.1602,-0.008909853938601775
2017-07-27,20079.6406,-0.007452621993794262
2017-07-28,19959.8398,-0.013374439634446844
2017-07-31,19925.1797,-0.015087706921533273
2017-08-01,19985.7891,-0.012091751851872834
2017-08-02,20080.0391,-0.007432923925585921
2017-08-03,20029.2598,-0.009942971892878294
2017-08-04,19952.3301,-0.01374564812333856
2017-08-07,20055.8906,-0.008626597200683483
2017-08-08,19996.0098,-0.011586537182523338
2017-08-09,19738.7109,-0.024304959471360577
2017-08-10,19729.7402,-0.024748385971926523
2017-08-14,19537.0996,-0.03427071389783276
2017-08-15,19753.3105,-0.023583293432181573
2017-08-16,19729.2793,-0.024771168505520524
2017-08-17,19702.6309,-0.026088413175131664
2017-08-18,19470.4102,-0.03756720662045698
2017-08-21,19393.1309,-0.04138716376596252
2017-08-22,19383.8398,-0.04184642780995107
2017-08-23,19434.6406,-0.039335317086155785
2017-08-24,19353.7695,-0.043332818827371056
2017-08-25,19452.6094,-0.038447109688363956
2017-08-28,19449.9004,-0.03858101700775207
2017-08-29,19362.5508,-0.04289875447013913
2017-08-30,19506.5391,-0.035781335763522826
2017-08-31,19646.2402,-0.028875835646674064
2017-09-01,19691.4707,-0.026640067832139014
2017-09-04,19508.25,-0.035696765061145386
2017-09-05,19385.8105,-0.041749015054573624
2017-09-06,19357.9707,-0.043125151263615824
2017-09-07,19396.5195,-0.04121966345497041
2017-09-08,19274.8203,-0.047235320023318095
2017-09-11,19545.7695,-0.03384215610220298
2017-09-12,19776.6191,-0.022431136863453105
2017-09-13,19865.8203,-0.01802187382241016
2017-09-14,19807.4395,-0.020907668001709512
2017-09-15,19909.5,-0.015862762881594827
2017-09-19,20299.3809,0.0
2017-09-20,20310.4609,0.0
2017-09-21,20347.4805,0.0
2017-09-22,20296.4492,-0.0025079910999301624
2017-09-25,20397.5801,0.0
2017-09-26,20330.1895,-0.003303852695742071
2017-09-27,20267.0508,-0.00639925419388343
2017-09-28,20363.1094,-0.001689940661147249
2017-09-29,20356.2793,-0.00202478920526461
2017-10-02,20400.7793,0.0
2017-10-03,20614.0703,0.0
2017-10-04,20626.6602,0.0
2017-10-05,20628.5605,0.0
2017-10-06,20690.7109,0.0
2017-10-10,20823.5098,0.0
2017-10-11,20881.2695,0.0
2017-10-12,20954.7207,0.0
2017-10-13,21155.1797,0.0
2017-10-16,21255.5605,0.0
2017-10-17,21336.1191,0.0
2017-10-18,21363.0508,0.0
2017-10-19,21448.5195,0.0
2017-10-20,21457.6406,0.0
2017-10-23,21696.6504,0.0
2017-10-24,21805.1699,0.0
2017-10-25,21707.6191,-0.004473746384337951
2017-10-26,21739.7793,-0.0029988576241271048
2017-10-27,22008.4492,0.0
2017-10-30,22011.6699,0.0
2017-10-31,22011.6094,-2.748542035857504e-06
2017-11-01,22420.0801,0.0
2017-11-02,22539.1191,0.0
2017-11-06,22548.3496,0.0
2017-11-07,22937.5996,0.0
2017-11-08,22913.8203,-0.0010366952259469597
2017-11-09,22868.7109,-0.0030033090297731935
2017-11-10,22681.4199,-0.0111685487787484
2017-11-13,22380.9902,-0.024266244494040357
2017-11-14,22380.0098,-0.0243089865427768
2017-11-15,22028.3203,-0.03964143222728511
2017-11-16,22351.1191,-0.025568521128078392
2017-11-17,22396.8008,-0.023576957023872747
2017-11-20,22261.7598,-0.02946427750879399
2017-11-21,22416.4805,-0.022718990177158727
2017-11-22,22523.1504,-0.018068551514867415
2017-11-24,22550.8496,-0.0168609622080943
2017-11-27,22495.9902,-0.019252642286074262
2017-11-28,22486.2402,-0.01967770856022799
2017-11-29,22597.1992,-0.014840279974195791
2017-11-30,22724.9609,-0.0092703117897307
2017-12-01,22819.0293,-0.00516925493808007
2017-12-04,22707.1602,-0.01004636073602061
2017-12-05,22622.3809,-0.013742444959236377
2017-12-06,22177.0391,-0.0331578069747106
2017-12-07,22498.0293,-0.01916374457944603
2017-12-08,22811.0801,-0.005515812561310951
2017-12-11,22938.7305,0.0
2017-12-12,22866.1699,-0.0031632352104228323
2017-12-13,22758.0703,-0.007875771503571327
2017-12-14,22694.4492,-0.010649294650373231
2017-12-15,22553.2207,-0.01680606518307537
2017-12-18,22901.7695,-0.0016112923075670693
2017-12-19,22868.0,-0.0030834531143736355
2017-12-20,22891.7207,-0.002049363629778922
2017-12-21,22866.0996,-0.003166299896151581
2017-12-22,22902.7598,-0.0015681207815751996
2017-12-25,22939.1797,0.0
2017-12-26,22892.6895,-0.002026672296394305
2017-12-27,22911.2109,-0.001219258943248147
2017-12-28,22783.9805,-0.006765682209638912
2017-12-29,22764.9395,-0.007595746765085898
2018-01-04,23506.3301,0.0
2018-01-05,23714.5293,0.0
2018-01-09,23849.9902,0.0
2018-01-10,23788.1992,-0.0025908186746341766
2018-01-11,23710.4297,-0.005851595695833822
2018-01-12,23653.8203,-0.00822515641956112
2018-01-15,23714.8809,-0.005664962495456338
2018-01-16,23951.8105,0.0
2018-01-17,23868.3398,-0.003484943236336857
2018-01-18,23763.3691,-0.007867522164973662
2018-01-19,23808.0605,-0.006001633989213495
2018-01-22,23816.3301,-0.005656374076606907
2018-01-23,24124.1504,0.0
2018-01-24,23940.7793,-0.007601142297637198
2018-01-25,23669.4902,-0.018846682368552914
2018-01-26,23631.8809,-0.02040567198586185
2018-01-29,23629.3398,-0.020511006265323095
2018-01-30,23291.9707,-0.03449571015773456
2018-01-31,23098.2891,-0.042524245745043765
2018-02-01,23486.1094,-0.026448226752888937
2018-02-02,23274.5293,-0.035218695204287886
2018-02-05,22682.0801,-0.0597770398579508
2018-02-06,21610.2402,-0.10420720142749562
2018-02-07,21645.3691,-0.10275102993886154
2018-02-08,21890.8594,-0.09257490784007039
2018-02-09,21382.6191,-0.1136426052127415
2018-02-13,21244.6797,-0.11936050191429737
2018-02-14,21154.1699,-0.12311233559545365
2018-02-15,21464.9805,-0.11022854093962198
2018-02-16,21720.25,-0.09964704912468125
2018-02-19,22149.2109,-0.08186566023067077
2018-02-20,21925.0996,-0.09115557495446547
2018-02-21,21970.8105,-0.08926075589381166
2018-02-22,21736.4395,-0.09897595813363846
2018-02-23,21892.7793,-0.0924953236902386
2018-02-26,22153.6309,-0.08168244134309488
2018-02-27,22389.8594,-0.07189024157302537
2018-02-28,22068.2402,-0.08522207687778294
2018-03-01,21724.4707,-0.09947209166794102
2018-03-02,21181.6406,-0.12197361362827519
2018-03-05,21042.0898,-0.1277583064645459
2018-03-06,21417.7598,-0.1121859445877107
2018-03-07,21252.7207,-0.11902718447651517
2018-03-08,21368.0703,-0.11424568551852499
2018-03-09,21469.1992,-0.11005366638735592
2018-03-12,21824.0293,-0.09534516498454593
2018-03-13,21968.0996,-0.08937312876311687
2018-03-14,21777.2891,-0.09728265083275212
2018-03-15,21803.9492,-0.0961775300488924
2018-03-16,21676.5098,-0.10146017826186327
2018-03-19,21480.9004,-0.10956862547167667
2018-03-20,21380.9707,-0.11371093508022556
2018-03-22,21591.9902,-0.10496370475289352
2018-03-23,20617.8594,-0.1453436055513896
2018-03-26,20766.0996,-0.13919871764686054
2018-03-27,21317.3203,-0.11634938654668636
2018-03-28,21031.3105,-0.12820513256292743
2018-03-29,21159.0801,-0.12290879682129652
2018-03-30,21454.3008,-0.11067123839519744
2018-04-02,21388.5801,-0.11339550842793611
2018-04-03,21292.2891,-0.1173869857816836
2018-04-04,21319.5508,-0.11625692733203974
2018-04-05,21645.4199,-0.10274892416522152
2018-04-06,21567.5195,-0.10597807000904791
2018-04-09,21678.2598,-0.10138763684709906
2018-04-10,21794.3203,-0.09657666949381971
2018-04-11,21687.0996,-0.10102120736239473
2018-04-12,21660.2793,-0.1021329687946233
2018-04-13,21778.7402,-0.09722249949162975
2018-04-16,21835.5293,-0.09486846425895279
2018-04-17,21847.5898,-0.09436852955451636
2018-04-18,22158.1992,-0.0814930750887708
2018-04-19,22191.1797,-0.0801259595861249
2018-04-20,22162.2402,-0.08132556659902102
2018-04-23,22088.0391,-0.08440136818248312
2018-04-24,22278.1191,-0.07652212697198235
2018-04-25,22215.3203,-0.07912527771340705
2018-04-26,22319.6094,-0.07480226122284483
2018-04-27,22467.8691,-0.06865656499969419
2018-05-01,22508.0293,-0.06699183487100135
2018-05-02,22472.7793,-0.06845302622553706
2018-05-07,22467.1602,-0.0686859504905093
2018-05-08,22508.6895,-0.06696446810412848
2018-05-09,22408.8809,-0.07110175784677575
2018-05-10,22497.1797,-0.06744157506164439
2018-05-11,22758.4805,-0.056610072369636555
2018-05-14,22865.8594,-0.05215897675716685
2018-05-15,22818.0195,-0.05414204763041108
2018-05-16,22717.2305,-0.05831997714622095
2018-05-17,22838.3691,-0.053298511188190845
2018-05-18,22930.3594,-0.04948530747014401
2018-05-21,23002.3691,-0.04650034431886141
2018-05-22,22960.3398,-0.04824255282374612
2018-05-23,22689.7402,-0.05945951157724494
2018-05-24,22437.0098,-0.06993575201719848
2018-05-25,22450.7891,-0.06936456920779255
2018-05-28,22481.0898,-0.0681085374098811
2018-05-29,22358.4297,-0.07319307294651911
2018-05-30,22018.5195,-0.08728311111839193
2018-05-31,22201.8203,-0.07968488291301645
2018-06-01,22171.3496,-0.08094796159121931
2018-06-04,22475.9395,-0.06832202886614391
2018-06-05,22539.5391,-0.06568568317332313
2018-06-06,22625.7305,-0.062112856832462704
2018-06-07,22823.2598,-0.053924825472817406
2018-06-08,22694.5,-0.05926220721953379
2018-06-11,22804.0391,-0.054721566484679074
2018-06-12,22878.3496,-0.05164123002648824
2018-06-13,22966.3809,-0.04799213571475658
2018-06-14,22738.6094,-0.05743377391644833
2018-06-15,22851.75,-0.05274384295000911
2018-06-18,22680.3301,-0.059849581272715
2018-06-19,22278.4805,-0.0765071461335276
2018-06-20,22555.4297,-0.06502698225592218
2018-06-21,22693.0391,-0.05932276479257881
2018-06-22,22516.8301,-0.06662702202354032
2018-06-25,22338.1504,-0.07403369529647763
2018-06-26,22342.0,-0.0738741207648912
2018-06-27,22271.7695,-0.07678533209608907
2018-06-28,22270.3906,-0.07684249058569959
2018-06-29,22304.5098,-0.07542817342077257
2018-07-02,21811.9297,-0.09584672047144915
2018-07-03,21785.5391,-0.09694066987743521
2018-07-04,21717.0391,-0.09978014811249047
2018-07-05,21546.9902,-0.10682905541825827
2018-07-06,21788.1406,-0.09683283188285874
2018-07-09,22052.1797,-0.08588782053025168
2018-07-10,22196.8906,-0.0798892300057954
2018-07-11,21932.2109,-0.0908607956614298
2018-07-12,22187.9609,-0.08025938604660665
2018-07-13,22597.3496,-0.0632893086257661
2018-07-16,22597.3496,-0.0632893086257661
2018-07-17,22697.3594,-0.05914367869303272
2018-07-18,22794.1895,-0.055129854438314196
2018-07-19,22764.6797,-0.056353101661975935
2018-07-20,22697.8809,-0.05912206135143305
2018-07-23,22396.9902,-0.071594653961368
2018-07-24,22510.4805,-0.06689022714764692
2018-07-25,22614.25,-0.06258874923943425
2018-07-26,22586.8691,-0.0637237487957295
2018-07-27,22712.75,-0.058505703894135896
2018-07-30,22544.8398,-0.06546595730061433
2018-07-31,22553.7207,-0.06509782412896903
2018-08-01,22746.6992,-0.05709843360950029
2018-08-02,22512.5293,-0.06680529980446481
2018-08-03,22525.1797,-0.06628091242541745
2018-08-06,22507.3203,-0.06702122450704007
2018-08-07,22662.7402,-0.060578721976463856
2018-08-08,22644.3105,-0.06134267426885209
2018-08-09,22598.3906,-0.06324615684704071
2018-08-10,22298.0801,-0.07569469886906355
2018-08-13,21857.4297,-0.09396064368758028
2018-08-14,22356.0801,-0.0732904691225934
2018-08-15,22204.2207,-0.07958538096330214
2018-08-16,22192.0391,-0.08009033553364009
2018-08-17,22270.3809,-0.07684289267239852
2018-08-20,22199.0,-0.0798017906570504
2018-08-21,22219.7305,-0.07894246505775382
2018-08-22,22362.5508,-0.07302224413258496
2018-08-23,22410.8203,-0.07102136537832227
2018-08-24,22601.7695,-0.06310609388341404
2018-08-27,22799.6406,-0.054903894149159305
2018-08-28,22813.4707,-0.054330605566113355
2018-08-29,22848.2207,-0.05289014033008177
2018-08-30,22869.5,-0.05200806574311523
2018-08-31,22865.1504,-0.052188366393205676
2018-09-03,22707.3809,-0.05872826509985607
2018-09-04,22696.9004,-0.05916270526981959
2018-09-05,22580.8301,-0.06397407885502149
2018-09-06,22487.9395,-0.06782460202204665
2018-09-07,22307.0605,-0.075322441199836
2018-09-10,22373.0898,-0.07258537900675655
2018-09-11,22664.6895,-0.060497919130863886
2018-09-12,22604.6094,-0.06298837367553456
2018-09-13,22821.3203,-0.05400522208649472
2018-09-14,23094.6699,-0.042674269681223564
2018-09-18,23420.5391,-0.029166262369181628
2018-09-19,23672.5195,-0.018721111106984267
2018-09-20,23674.9297,-0.018621202925347302
2018-09-21,23869.9297,-0.010538016708766529
2018-09-25,23940.2598,-0.007622676734762801
2018-09-26,24033.7891,-0.0037456780239604193
2018-09-27,23796.7402,-0.01357188520927144
2018-09-28,24120.0391,-0.00017042258201127591
2018-10-01,24245.7598,0.0
2018-10-02,24270.6191,0.0
2018-10-03,24110.9609,-0.006578249996103347
2018-10-04,23975.6191,-0.012154613723883156
2018-10-05,23783.7207,-0.020061227033141393
2018-10-09,23469.3906,-0.03301228109175014
2018-10-10,23506.0391,-0.03150228664747978
2018-10-11,22590.8594,-0.06920959424557893
2018-10-12,22694.6602,-0.06493278533632463
2018-10-15,22271.3008,-0.0823760733816633
2018-10-16,22549.2402,-0.07092439187099264
2018-10-17,22841.1191,-0.05889837396030828
2018-10-18,22658.1602,-0.0664366612716526
2018-10-19,22532.0801,-0.07163142369120701
2018-10-22,22614.8203,-0.06822235531684484
2018-10-23,22010.7793,-0.09311010117578755
2018-10-24,22091.1797,-0.08979743742919188
2018-10-25,21268.7305,-0.12368405550890949
2018-10-26,21184.5996,-0.12715042361651163
2018-10-29,21149.8008,-0.12858420657262914
2018-10-30,21457.2891,-0.11591504890783766
2018-10-31,21920.4609,-0.09683140715598815
2018-11-01,21687.6504,-0.10642368409959524
2018-11-02,22243.6602,-0.08351492360571888
2018-11-05,21898.9902,-0.09771604466406048
2018-11-06,22147.75,-0.08746662337921163
2018-11-07,22085.8008,-0.09001905929956266
2018-11-08,22486.9199,-0.07349211788338761
2018-11-09,22250.25,-0.08324341013616743
2018-11-12,22269.8809,-0.08243457621565164
2018-11-13,21810.5195,-0.10136122156026917
2018-11-14,21846.4805,-0.09987955354628753
2018-11-15,21803.6191,-0.10164553239599894
2018-11-16,21680.3398,-0.10672489602871316
2018-11-19,21821.1602,-0.10092280258314468
2018-11-20,21583.1191,-0.11073059112859629
2018-11-21,21507.5391,-0.11384464436673547
2018-11-22,21646.5508,-0.10811707312402252
2018-11-26,21812.0,-0.10130022188020738
2018-11-27,21952.4004,-0.09551543330841528
2018-11-28,22177.0195,-0.08626065908636016
2018-11-29,22262.5996,-0.08273458092381325
2018-11-30,22351.0605,-0.0790898078079928
2018-12-03,22574.7598,-0.06987293125950789
2018-12-04,22036.0508,-0.0920688628004549
2018-12-05,21919.3301,-0.09687799846852696
2018-12-06,21501.6191,-0.1140885606828217
2018-12-07,21678.6797,-0.10679329560241824
2018-12-10,21219.5,-0.12571245452902358
2018-12-11,21148.0195,-0.12865759983848135
2018-12-12,21602.75,-0.1099217572080804
2018-12-13,21816.1895,-0.10112760576428803
2018-12-14,21374.8301,-0.11931253125718577
2018-12-17,21506.8809,-0.11387176357606799
2018-12-18,21115.4492,-0.12999956395838297
2018-12-19,20987.9199,-0.13525403643288192
2018-12-20,20392.5801,-0.15978327474967458
2018-12-21,20166.1895,-0.16911103845719366
2018-12-25,19155.7402,-0.21074365177606857
2018-12-26,19327.0605,-0.20368489899789988
2018-12-27,20077.6191,-0.17276032320082024
2018-12-28,20014.7695,-0.17534985747438148
2019-01-04,19561.9609,-0.1940065138264232
2019-01-07,20038.9707,-0.17435271768572225
2019-01-08,20204.0391,-0.16755155619413098
2019-01-09,20427.0605,-0.1583626105359628
2019-01-10,20163.8008,-0.16920945786669273
2019-01-11,20359.6992,-0.16113803623575473
2019-01-15,20555.2891,-0.15307932544662606
2019-01-16,20442.75,-0.15771617049521414
2019-01-17,20402.2695,-0.15938405131165367
2019-01-18,20666.0703,-0.1485149095352084
2019-01-21,20719.3301,-0.14632049497245836
2019-01-22,20622.9102,-0.15029319544634123
2019-01-23,20593.7207,-0.15149586357275902
2019-01-24,20574.6309,-0.1522824030475597
2019-01-25,20773.5605,-0.14408608967045267
2019-01-28,20649.0,-0.14921824140860085
2019-01-29,20664.6406,-0.14857381614958476
2019-01-30,20556.5391,-0.15302782284610117
2019-01-31,20773.4902,-0.14408898617670618
2019-02-01,20788.3906,-0.1434750586976169
2019-02-04,20883.7695,-0.13954524958945125
2019-02-05,20844.4492,-0.14116532775218749
2019-02-06,20874.0605,-0.1399452805882484
2019-02-07,20751.2793,-0.14500412146470554
2019-02-08,20333.1699,-0.16223109858783946
2019-02-12,20864.2109,-0.1403511045995527
2019-02-13,21144.4805,-0.1288034140010874
2019-02-14,21139.7109,-0.12899993144385846
2019-02-15,20900.6309,-0.1388505248306583
2019-02-18,21281.8496,-0.12314352129567219
2019-02-19,21302.6504,-0.12228648506127315
2019-02-20,21431.4902,-0.1169780172603837
2019-02-21,21464.2305,-0.11562904878681068
2019-02-22,21425.5098,-0.11722442218212725
2019-02-25,21528.2305,-0.11299211563993428
2019-02-26,21449.3906,-0.11624048354003469
2019-02-27,21556.5098,-0.1118269496471147
2019-02-28,21385.1602,-0.11888690964623982
2019-03-01,21602.6895,-0.10992424993394578
2019-03-04,21822.0391,-0.1008865900746635
2019-03-05,21726.2793,-0.10483209305526131
2019-03-06,21596.8105,-0.1101664769647347
2019-03-07,21456.0098,-0.11596775872931897
2019-03-08,21025.5605,-0.133703165404627
2019-03-11,21125.0898,-0.12960235118188634
2019-03-12,21503.6895,-0.11400325589552018
2019-03-13,21290.2402,-0.12279781111970067
2019-03-14,21287.0195,-0.1229305106601093
2019-03-15,21450.8496,-0.11618036970470191
2019-03-18,21584.5,-0.11067369517574444
2019-03-19,21566.8496,-0.11140092837598847
2019-03-20,21608.9199,-0.10966754449209737
2019-03-22,21627.3398,-0.1089086062909701
2019-03-25,20977.1094,-0.13569945152326168
2019-03-26,21428.3906,-0.11710572722885348
2019-03-27,21378.7305,-0.11915182666271573
2019-03-28,21033.7598,-0.1333653371866398
2019-03-29,21205.8105,-0.1262764904089323
2019-04-01,21509.0293,-0.11378324502649384
2019-04-02,21505.3105,-0.11393646732315943
2019-04-03,21713.2109,-0.10537053832302123
2019-04-04,21724.9492,-0.10488689594242784
2019-04-05,21807.5,-0.1014856312420972
2019-04-08,21761.6504,-0.10337473014851939
2019-04-09,21802.5898,-0.10168794169737505
2019-04-10,21687.5703,-0.10642698438623677
2019-04-11,21711.3809,-0.10544593813018965
2019-04-12,21870.5605,-0.09888740744977542
2019-04-15,22169.1094,-0.08658657166268979
2019-04-16,22221.6602,-0.08442136937495759
2019-04-17,22277.9707,-0.08210125962547032
2019-04-18,22090.1191,-0.08984113635568525
2019-04-19,22200.5605,-0.08529072091119427
2019-04-22,22217.9004,-0.08457628095692049
2019-04-23,22259.7402,-0.08285239415256618
2019-04-24,22200.0,-0.08531381467726962
2019-04-25,22307.5801,-0.08088129074548411
2019-04-26,22258.7305,-0.08289399589316604
2019-05-07,21923.7207,-0.09669709661423509
2019-05-08,21602.5898,-0.10992835778136367
2019-05-09,21402.1309,-0.11818768150005698
2019-05-10,21344.9199,-0.12054489372296229
2019-05-13,21191.2793,-0.12687520607993064
2019-05-14,21067.2305,-0.13198627471352797
2019-05-15,21188.5605,-0.12698722629617631
2019-05-16,21062.9805,-0.1321613835553127
2019-05-17,21250.0898,-0.12445209112939348
2019-05-20,21301.7305,-0.12232438685505131
2019-05-21,21272.4492,-0.12353083733245196
2019-05-22,21283.3691,-0.12308091473447413
2019-05-23,21151.1406,-0.12852900402528267
2019-05-24,21117.2207,-0.1299265744729189
2019-05-27,21182.5801,-0.12723363121791975
2019-05-28,21260.1406,-0.12403797725950882
2019-05-29,21003.3691,-0.13461749725205818
2019-05-30,20942.5293,-0.13712422358439147
2019-05-31,20601.1895,-0.15118813347451854
2019-06-03,20410.8809,-0.15902924371632532
2019-06-04,20408.5391,-0.15912573074825265
2019-06-05,20776.0996,-0.14398147346805823
2019-06-06,20774.0391,-0.14406637035476355
2019-06-07,20884.7109,-0.13950646195094385
2019-06-10,21134.4199,-0.1292179316513603
2019-06-11,21204.2793,-0.12633957903447146
2019-06-12,21129.7207,-0.12941154846766967
2019-06-13,21032.0,-0.13343784460776276
2019-06-14,21116.8906,-0.12994017527966562
2019-06-17,21124.0,-0.12964725320912807
2019-06-18,20972.7109,-0.1358806788739889
2019-06-19,21333.8691,-0.12100020967326708
2019-06-20,21462.8594,-0.11568554095927441
2019-06-21,21258.6406,-0.1240997803801388
2019-06-24,21285.9902,-0.1229729199614854
2019-06-25,21193.8105,-0.12677091537397167
2019-06-26,21086.5898,-0.13118863127805414
2019-06-27,21338.1699,-0.12082300776579691
2019-06-28,21275.9199,-0.12338783727193836
2019-07-01,21729.9707,-0.10467999969559894
2019-07-02,21754.2695,-0.10367883858389093
2019-07-03,21638.1602,-0.10846278329999426
2019-07-04,21702.4492,-0.1058139427518765
2019-07-05,21746.3809,-0.10400386531549166
2019-07-08,21534.3496,-0.11273999598963669
2019-07-09,21565.1504,-0.11147093895103821
2019-07-10,21533.4805,-0.11277580471772963
2019-07-11,21643.5293,-0.10824156521001149
2019-07-12,21685.9004,-0.10649578774033008
2019-07-16,21535.25,-0.1127028976364266
2019-07-17,21469.1797,-0.11542513145039635
2019-07-18,21046.2402,-0.1328511187421667
2019-07-19,21466.9902,-0.11551534340547576
2019-07-22,21416.7891,-0.11758373316484527
2019-07-23,21620.8809,-0.10917472640819448
2019-07-24,21709.5703,-0.10552053861699806
2019-07-25,21756.5508,-0.10358484427782888
2019-07-26,21658.1504,-0.1076391454719835
2019-07-29,21616.8008,-0.10934283501651587
2019-07-30,21709.3105,-0.10553124291749116
2019-07-31,21521.5293,-0.11326821902124451
2019-08-01,21540.9902,-0.11246638945440002
2019-08-02,21087.1602,-0.1311651296113827
2019-08-05,20720.2891,-0.14628098217733543
2019-08-06,20585.3105,-0.1518423813095069
2019-08-07,20516.5605,-0.154675024338378
2019-08-08,20593.3496,-0.15151115366480283
2019-08-09,20684.8203,-0.1477423705273344
2019-08-13,20455.4395,-0.15719333669572522
2019-08-14,20655.1309,-0.1489656355737543
2019-08-15,20405.6504,-0.1592447511979619
2019-08-16,20418.8105,-0.1587025276994274
2019-08-19,20563.1602,-0.1527550197514328
2019-08-20,20677.2207,-0.1480554898576938
2019-08-21,20618.5703,-0.15047200835515562
2019-08-22,20628.0098,-0.15008308131703163
2019-08-23,20710.9102,-0.14666741236938619
2019-08-26,20261.0391,-0.16520303761019417
2019-08-27,20456.0801,-0.15716694264300823
2019-08-28,20479.4199,-0.15620529432642283
2019-08-29,20460.9297,-0.1569671290338036
2019-08-30,20704.3691,-0.1469369192976211
2019-09-02,20620.1895,-0.15040529394653968
2019-09-03,20625.1602,-0.15020049076539632
2019-09-04,20649.1406,-0.14921244839609393
2019-09-05,21085.9395,-0.1312154249909513
2019-09-06,21199.5703,-0.12653359963116884
2019-09-09,21318.4199,-0.12163674885409081
2019-09-10,21392.0996,-0.11860099192937346
2019-09-11,21597.7598,-0.11012736382979205
2019-09-12,21759.6094,-0.10345882359465641
2019-09-13,21988.2891,-0.09403674420484798
2019-09-17,22001.3203,-0.09349983165447973
2019-09-18,21960.7109,-0.0951730234190854
2019-09-19,22044.4492,-0.09172283124825609
2019-09-20,22079.0898,-0.09029556646126091
2019-09-24,22098.8398,-0.089481825372967
2019-09-25,22020.1504,-0.0927239923599642
2019-09-26,22048.2402,-0.091566634161384
2019-09-27,21878.9004,-0.09854378621928117
2019-09-30,21755.8398,-0.10361413895700744
2019-10-01,21885.2402,-0.0982825732698347
2019-10-02,21778.6094,-0.10267598406667755
2019-10-03,21341.7402,-0.1206759039780736
2019-10-04,21410.1992,-0.11785525075460479
2019-10-07,21375.25,-0.11929523050361746
2019-10-08,21587.7793,-0.1105385811934233
2019-10-09,21456.3809,-0.11595246863727504
2019-10-10,21551.9805,-0.11201356622996061
2019-10-11,21798.8691,-0.10184124227799363
2019-10-15,22207.2109,-0.08501671059556948
2019-10-16,22472.9199,-0.0740689470092668
2019-10-17,22451.8594,-0.07493668342395099
2019-10-18,22492.6797,-0.07325480214058488
2019-10-21,22548.9004,-0.07093839233791943
2019-10-23,22625.3809,-0.06778723662636199
2019-10-24,22750.5996,-0.06262796567888118
2019-10-25,22799.8105,-0.06060037421954356
2019-10-28,22867.2695,-0.05782092307649467
2019-10-29,22974.1309,-0.053418011079906846
2019-10-30,22843.1191,-0.05881596979946835
2019-10-31,22927.0391,-0.05535829121062663
2019-11-01,22850.7695,-0.05850075740342364
2019-11-05,23251.9902,-0.04196962985587782
2019-11-06,23303.8203,-0.03983412190750424
2019-11-07,23330.3203,-0.03874226677637571
2019-11-08,23391.8691,-0.03620632816902469
2019-11-11,23331.8398,-0.03867966021517755
2019-11-12,23520.0098,-0.03092666474255701
2019-11-13,23319.8691,-0.03917287795926061
2019-11-14,23141.5508,-0.04651996289620808
2019-11-15,23303.3203,-0.039854722947714194
2019-11-18,23416.7598,-0.03518077954591603
2019-11-19,23292.6504,-0.04029434502558693
2019-11-20,23148.5703,-0.04623074489270029
2019-11-21,23038.5801,-0.05076256995850592
2019-11-22,23112.8809,-0.04770122242163988
2019-11-25,23292.8105,-0.04028774857251172
2019-11-26,23373.3203,-0.03697057731831821
2019-11-27,23437.7695,-0.034315136196917284
2019-11-28,23409.1406,-0.03549470643705177
2019-11-29,23293.9102,-0.04024243864467392
2019-12-02,23529.5,-0.030535648758955647
2019-12-03,23379.8105,-0.03670316757597669
2019-12-04,23135.2305,-0.04678037240508626
2019-12-05,23300.0898,-0.03998782626851072
2019-12-06,23354.4004,-0.037750116559655544
2019-12-09,23430.6992,-0.034606447266110396
2019-12-10,23410.1895,-0.035451489574899187
2019-12-11,23391.8594,-0.036206727829204755
2019-12-12,23424.8105,-0.03484907395707926
2019-12-13,24023.0996,-0.01019831834450402
2019-12-16,23952.3496,-0.013113365534214938
2019-12-17,24066.1191,-0.008425825445878332
2019-12-18,23934.4297,-0.01385170269513225
2019-12-19,23864.8496,-0.01671854757095992
2019-12-20,23816.6309,-0.018705258326105034
2019-12-23,23821.1094,-0.01852073480894434
2019-12-24,23830.5801,-0.018130522265911275
2019-12-25,23782.8691,-0.02009631472482709
2019-12-26,23924.9199,-0.014243526239509863
2019-12-27,23837.7207,-0.01783631469046454
2019-12-30,23656.6191,-0.02529807737784484
2020-01-06,23204.8594,-0.04391151686773409
2020-01-07,23575.7207,-0.028631259760489525
2020-01-08,23204.7598,-0.043915620594943916
2020-01-09,23739.8691,-0.021868004182884593
2020-01-10,23850.5703,-0.017306884437900516
2020-01-14,24025.1699,-0.010113017677410574
2020-01-15,23916.5801,-0.014587143349796161
2020-01-16,23933.1309,-0.013905215957181749
2020-01-17,24041.2598,-0.009450080323661791
2020-01-20,24083.5098,-0.007709292425919223
2020-01-21,23864.5605,-0.016730459092409444
2020-01-22,24031.3496,-0.009858401181039422
2020-01-23,23795.4395,-0.019578388093116184
2020-01-24,23827.1797,-0.018270625820171138
2020-01-27,23343.5098,-0.038198831936676836
2020-01-28,23215.7109,-0.043464412492057236
2020-01-29,23379.4004,-0.03672006454915688
2020-01-30,22977.75,-0.053268896630659035
2020-01-31,23205.1797,-0.0438983198413756
2020-02-03,22971.9395,-0.05350830131893913
2020-02-04,23084.5898,-0.0488668745990084
2020-02-05,23319.5605,-0.03918559292127821
2020-02-06,23873.5898,-0.01635843314767349
2020-02-07,23827.9805,-0.018237631194170878
2020-02-10,23685.9805,-0.02408832661380267
2020-02-12,23861.2109,-0.01686846958098409
2020-02-13,23827.7305,-0.018247931714275856
2020-02-14,23687.5898,-0.024022020105782915
2020-02-17,23523.2402,-0.030793565541968437
2020-02-18,23193.8008,-0.04436715419426607
2020-02-19,23400.6992,-0.03584250967870861
2020-02-20,23479.1504,-0.03261015702726766
2020-02-21,23386.7402,-0.03641764951929061
2020-02-25,22605.4102,-0.06861007101380456
2020-02-26,22426.1895,-0.07599433670812294
2020-02-27,21948.2305,-0.09568724186355837
2020-02-28,21142.9609,-0.12886602468249364
2020-03-02,21344.0801,-0.12057949523009903
2020-03-03,21082.7305,-0.1313476424670188
2020-03-04,21100.0605,-0.13063361041334132
2020-03-05,21329.1191,-0.12119591955526177
2020-03-06,20749.75,-0.14506713180629172
2020-03-09,19698.7598,-0.1883701145472635
2020-03-10,19867.1191,-0.18143336112921815
2020-03-11,19416.0605,-0.20001791384052503
2020-03-12,18559.6309,-0.23530459509374446
2020-03-13,17431.0508,-0.28180444313429154
2020-03-16,17002.0391,-0.29948061769878787
2020-03-17,17011.5293,-0.2990896017151866
2020-03-18,16726.5508,-0.3108313087901412
2020-03-19,16552.8301,-0.3179889630421501
2020-03-23,16887.7793,-0.3041883591671546
2020-03-24,18092.3496,-0.25455755679507985
2020-03-25,19546.6309,-0.19463814171926086
2020-03-26,18664.5996,-0.23097966627476751
2020-03-27,19389.4297,-0.20111515820377235
2020-03-30,19084.9707,-0.21365950240634768
2020-03-31,18917.0098,-0.22057984091555372
2020-04-01,18065.4102,-0.2556675161203449
2020-04-02,17818.7207,-0.2658316367381003
2020-04-03,17820.1895,-0.2657711191223795
2020-04-06,18576.3008,-0.23461776053335204
2020-04-07,18950.1797,-0.2192131720282322
2020-04-08,19353.2402,-0.20260624089312995
2020-04-09,19345.7695,-0.2029140492753232
2020-04-10,19498.5,-0.1966212349317451
2020-04-13,19043.4004,-0.21537228525002894
2020-04-14,19638.8105,-0.19084015042698277
2020-04-15,19550.0898,-0.19449562784329633
2020-04-16,19290.1992,-0.20520366124488354
2020-04-17,19897.2598,-0.18019150158390485
2020-04-20,19669.1191,-0.18959137305236684
2020-04-21,19280.7793,-0.2055917807222314
2020-04-22,19137.9492,-0.21147667798881986
2020-04-23,19429.4395,-0.19946667120658657
2020-04-24,19262.0,-0.20636552695106158
2020-04-27,19783.2207,-0.18489014975312268
2020-04-28,19771.1895,-0.18538586022307113
2020-04-30,20193.6895,-0.16797798124564522
2020-05-01,19619.3496,-0.19164197999382715
2020-05-07,19674.7695,-0.18935856481716207
2020-05-08,20179.0898,-0.16857951925915227
2020-05-11,20390.6602,-0.15986237862387287
2020-05-12,20366.4805,-0.16085863256780286
2020-05-13,20267.0508,-0.1649553430633337
2020-05-14,19914.7793,-0.17946966173598766
2020-05-15,20037.4707,-0.1744145208063521
2020-05-18,20133.7305,-0.17044841678554457
2020-05-19,20433.4492,-0.15809938280478397
2020-05-20,20595.1504,-0.15143695695838266
2020-05-21,20552.3105,-0.15320204996336495
2020-05-22,20388.1602,-0.15996538382492276
2020-05-25,20741.6504,-0.14540085217686105
2020-05-26,21271.1699,-0.12358354715393305
2020-05-27,21419.2305,-0.11748314240570812
2020-05-28,21916.3105,-0.09700241227056294
2020-05-29,21877.8906,-0.09858539208008921
2020-06-01,22062.3906,-0.09098360824260976
2020-06-02,22325.6094,-0.08013844607696874
2020-06-03,22613.7598,-0.06826605012313014
2020-06-04,22695.7402,-0.06488828708947103
2020-06-05,22863.7305,-0.05796673723910073
2020-06-08,23178.0996,-0.04501407629935561
2020-06-09,23091.0293,-0.04860155380214437
2020-06-10,23124.9492,-0.04720398335450782
2020-06-11,22472.9102,-0.07406934666944698
2020-06-12,22305.4805,-0.08096779863353376
2020-06-15,21530.9492,-0.11288009954389666
2020-06-16,22582.2109,-0.069565930438091
2020-06-17,22455.7598,-0.07477597882948117
2020-06-18,22355.4609,-0.07890850217331302
2020-06-19,22478.7891,-0.07382712375886602
2020-06-22,22437.2695,-0.07553781765707002
2020-06-23,22549.0508,-0.07093219554502417
2020-06-24,22534.3203,-0.07153912279065022
2020-06-25,22259.7891,-0.0828503793708335
2020-06-26,22512.0801,-0.07245546529960589
2020-06-29,21995.0391,-0.09375863016201336
2020-06-30,22288.1406,-0.08168223858780765
2020-07-01,22121.7305,-0.08853868091069828
2020-07-02,22145.9609,-0.08754033802129102
2020-07-03,22306.4805,-0.08092659655311385
2020-07-06,22714.4395,-0.06411783702707441
2020-07-07,22614.6895,-0.06822774454896374
2020-07-08,22438.6504,-0.07548092170421816
2020-07-09,22529.2891,-0.07174641869765896
2020-07-10,22290.8105,-0.08157223315329443
2020-07-13,22784.7402,-0.061221301932096184
2020-07-14,22587.0098,-0.06936820577436364
2020-07-15,22945.5,-0.05459766372420227
2020-07-16,22770.3594,-0.06181382081019926
2020-07-17,22696.4199,-0.06486028203540961
2020-07-20,22717.4805,-0.06399254150051736
2020-07-21,22884.2207,-0.057122498370880015
2020-07-22,22751.6094,-0.06258635981807315
2020-07-27,22715.8496,-0.0640597379734742
2020-07-28,22657.3809,-0.06646877005292373
2020-07-29,22397.1094,-0.07719249732694289
2020-07-30,22339.2305,-0.07957722841936066
2020-07-31,21710.0,-0.10550283408304162
2020-08-03,22195.3809,-0.08550413120693734
2020-08-04,22573.6602,-0.06991823706713773
2020-08-05,22514.8496,-0.07234135613788273
2020-08-06,22418.1504,-0.076325564352827
2020-08-07,22329.9395,-0.07996003694854248
2020-08-11,22750.2402,-0.06264277370658422
2020-08-12,22843.9609,-0.05878128588817089
2020-08-13,23249.6094,-0.042067723768941634
2020-08-14,23289.3594,-0.040429941072248954
2020-08-17,23096.75,-0.04836584906068586
2020-08-18,23051.0801,-0.0502475439532567
2020-08-19,23110.6094,-0.04779481294731369
2020-08-20,22880.6191,-0.05727089178372047
2020-08-21,22920.3008,-0.05563592318912047
2020-08-24,22985.5098,-0.05294917672701638
2020-08-25,23296.7695,-0.040124629536129164
2020-08-26,23290.8594,-0.040368137951618976
2020-08-27,23208.8594,-0.043746708546054336
2020-08-28,22882.6504,-0.057187197997763506
2020-08-31,23139.7598,-0.046593755822240235
2020-09-01,23138.0703,-0.0466633667371098
2020-09-02,23247.1504,-0.04216903968469432
2020-09-03,23465.5293,-0.03317137468487574
2020-09-04,23205.4297,-0.04388801932127062
2020-09-07,23089.9492,-0.04864605616920592
2020-09-08,23274.1309,-0.041057386953924024
2020-09-09,23032.5391,-0.0510114717263227
2020-09-10,23235.4707,-0.04265026762337509
2020-09-11,23406.4902,-0.0356039084309967
2020-09-14,23559.3008,-0.02930779380077697
2020-09-15,23454.8906,-0.0336097112578394
2020-09-16,23475.5293,-0.0327593538806763
2020-09-17,23319.3691,-0.039193478999470566
2020-09-18,23360.3008,-0.03750700780434557
2020-09-23,23346.4902,-0.03807603325619324
2020-09-24,23087.8203,-0.04873377127821188
2020-09-25,23204.6191,-0.04392141772765901
2020-09-28,23511.6191,-0.031272379038736586
2020-09-29,23539.0996,-0.030140125267756335
2020-09-30,23185.1191,-0.044724858295847936
2020-10-02,23029.9004,-0.05112019165592696
2020-10-05,23312.1406,-0.03949130823778624
2020-10-06,23433.7305,-0.0344815513997333
2020-10-07,23422.8203,-0.034931074337531065
2020-10-08,23647.0703,-0.025691507803358826
2020-10-09,23619.6895,-0.02681965372692119
2020-10-12,23558.6895,-0.029332980632537642
2020-10-13,23601.7793,-0.02755759122765855
2020-10-14,23626.7305,-0.026529549878684278
2020-10-15,23507.2305,-0.03145319848886752
2020-10-16,23410.6309,-0.035433302976601855
2020-10-19,23671.1309,-0.024700161027206735
2020-10-20,23567.0391,-0.02898895974186333
2020-10-21,23639.4609,-0.026005030914106442
2020-10-22,23474.2695,-0.032811260261589315
2020-10-23,23516.5898,-0.03106757585759312
2020-10-26,23494.3398,-0.031984322146936806
2020-10-27,23485.8008,-0.032336146711642755
2020-10-28,23418.5098,-0.035108675905181186
2020-10-29,23331.9395,-0.03867555236775977
2020-10-30,22977.1309,-0.053294404838647114
2020-11-02,23295.4805,-0.040177739017790426
2020-11-04,23695.2305,-0.02370720736991827
2020-11-05,24105.2793,-0.006812343736217308
2020-11-06,24325.2305,0.0
2020-11-09,24839.8398,0.0
2020-11-10,24905.5898,0.0
2020-11-11,25349.5996,0.0
2020-11-12,25520.8809,0.0
2020-11-13,25385.8691,-0.005290248425554922
2020-11-16,25906.9297,0.0
2020-11-17,26014.6191,0.0
2020-11-18,25728.1406,-0.011012211975842456
2020-11-19,25634.3398,-0.01461790766715465
2020-11-20,25527.3691,-0.018729853323126266
2020-11-24,26165.5898,0.0
2020-11-25,26296.8594,0.0
2020-11-26,26537.3105,0.0
2020-11-27,26644.7109,0.0
2020-11-30,26433.6191,-0.007922465392559364
2020-12-01,26787.5391,0.0
2020-12-02,26800.9805,0.0
2020-12-03,26809.3691,0.0
2020-12-04,26751.2402,-0.002168230807042759
2020-12-07,26547.4395,-0.009770076984019771
2020-12-08,26467.0801,-0.01276751417473676
2020-12-09,26817.9395,0.0
2020-12-10,26756.2402,-0.0023006726523490117
2020-12-11,26652.5195,-0.006168259123710884
2020-12-14,26732.4395,-0.003188164400176996
2020-12-15,26687.8398,-0.004851219087879555
2020-12-16,26757.4004,-0.0022574105665351674
2020-12-17,26806.6699,-0.0004202261698740273
2020-12-18,26763.3906,-0.002034045158465725
2020-12-21,26714.4199,-0.0038600877595387217
2020-12-22,26436.3906,-0.014227375671423292
2020-12-23,26524.7891,-0.010931130633656583
2020-12-24,26668.3496,-0.005577978874924394
2020-12-25,26656.6094,-0.0060157529999648185
2020-12-28,26854.0293,0.0
2020-12-29,27568.1504,0.0
2020-12-30,27444.1699,-0.004497236782341374
2021-01-04,27258.3809,-0.011236499203080341
2021-01-05,27158.6309,-0.014854805057941012
2021-01-06,27055.9395,-0.01857980650018498
2021-01-07,27490.1309,-0.002830059284644637
2021-01-08,28139.0293,0.0
2021-01-12,28164.3398,0.0
2021-01-13,28456.5898,0.0
2021-01-14,28698.2598,0.0
2021-01-15,28519.1797,-0.006240103102000627
2021-01-18,28242.2109,-0.015891169122387083
2021-01-19,28633.4609,-0.002257938301889695
2021-01-20,28523.2598,-0.006097930718433342
2021-01-21,28756.8594,0.0
2021-01-22,28631.4492,-0.004361053418788896
2021-01-25,28822.2891,0.0
2021-01-26,28546.1797,-0.009579717941278987
2021-01-27,28635.2109,-0.006490747468076874
2021-01-28,28197.4199,-0.021680068430095734
2021-01-29,27663.3906,-0.04020841287030197
2021-02-01,28091.0508,-0.025370583768101973
2021-02-02,28362.1699,-0.015964006134405184
2021-02-03,28646.5,-0.006099067960566695
2021-02-04,28341.9492,-0.016665570813388375
2021-02-05,28779.1895,-0.0014953565919232359
2021-02-08,29388.5,0.0
2021-02-09,29505.9297,0.0
2021-02-10,29562.9297,0.0
2021-02-12,29520.0703,-0.0014497683563480246
2021-02-15,30084.1504,0.0
2021-02-16,30467.75,0.0
2021-02-17,30292.1895,-0.005762174758556116
2021-02-18,30236.0898,-0.007603456113431384
2021-02-19,30017.9199,-0.014764139130720166
2021-02-22,30156.0293,-0.010231169022983377
2021-02-24,29671.6992,-0.026127653010150076
2021-02-25,30168.2695,-0.009829426196552138
2021-02-26,28966.0098,-0.04928950119388531
2021-03-01,29663.5,-0.02639676379122191
2021-03-02,29408.1699,-0.03477710365878672
2021-03-03,29559.0996,-0.029823350920235248
2021-03-04,28930.1094,-0.0504678094050266
2021-03-05,28864.3203,-0.05262711227445416
2021-03-08,28743.25,-0.05660083202730759
2021-03-09,29027.9395,-0.04725686996906564
2021-03-10,29036.5605,-0.04697391504131421
2021-03-11,29211.6406,-0.04122750777461415
2021-03-12,29717.8301,-0.02461356352208488
2021-03-15,29766.9707,-0.02300069089447032
2021-03-16,29921.0898,-0.017942256976639204
2021-03-17,29914.3301,-0.018164121078845685
2021-03-18,30216.75,-0.008238219100524358
2021-03-19,29792.0508,-0.02217752213405977
2021-03-22,29174.1504,-0.04245799574960418
2021-03-23,28995.9199,-0.048307804153572165
2021-03-24,28405.5195,-0.06768568404296349
2021-03-25,28729.8809,-0.05703962714673716
2021-03-26,29176.6992,-0.04237434008090524
2021-03-29,29384.5195,-0.0355533473919144
2021-03-30,29432.6992,-0.03397201303017128
2021-03-31,29178.8008,-0.0423053622272731
2021-04-01,29388.8691,-0.03541058660386798
2021-04-02,29854.0,-0.02014425088823424
2021-04-05,30089.25,-0.012422971830870377
2021-04-06,29696.6309,-0.02530935497370168
2021-04-07,29730.7891,-0.024188228536731415
2021-04-08,29708.9805,-0.024904021465319892
2021-04-09,29768.0605,-0.0229649219256427
2021-04-12,29538.7305,-0.03049189716995837
2021-04-13,29751.6094,-0.023504873185581476
2021-04-14,29620.9902,-0.027792003019586287
2021-04-15,29642.6895,-0.02707979749078948
2021-04-16,29683.3691,-0.025744628336519804
2021-04-19,29685.3691,-0.025678985156435852
2021-04-20,29100.3809,-0.04487922803620226
2021-04-21,28508.5508,-0.06430403295287634
2021-04-22,29188.1699,-0.041997853468011215
2021-04-23,29020.6309,-0.047496749842046104
2021-04-26,29126.2305,-0.044030803062254265
2021-04-27,28991.8906,-0.048440052186328186
2021-04-28,29053.9707,-0.046402484594366133
2021-04-30,28812.6309,-0.05432364057076744
2021-05-06,29331.3691,-0.03729782803127901
2021-05-07,29357.8203,-0.03642965758876193
2021-05-10,29518.3398,-0.031161152366026346
2021-05-11,28608.5898,-0.061020593906671805
2021-05-12,28147.5098,-0.07615397264320467
2021-05-13,27448.0098,-0.0991126748775345
2021-05-14,28084.4707,-0.07822301614001681
2021-05-17,27824.8301,-0.08674483347145756
2021-05-18,28406.8398,-0.06764234969763105
2021-05-19,28044.4492,-0.07953658540588004
2021-05-20,28098.25,-0.07777075760435215
2021-05-21,28317.8301,-0.07056378958078624
2021-05-24,28364.6094,-0.06902841857373776
2021-05-25,28553.9805,-0.06281295796374853
2021-05-26,28642.1895,-0.059917798327740024
2021-05-27,28549.0098,-0.06297610424137001
2021-05-28,29149.4102,-0.04327000845155948
2021-05-31,28860.0801,-0.05276628238054992
2021-06-01,28814.3398,-0.05426755175554476
2021-06-02,28946.1406,-0.04994163993074652
2021-06-03,29058.1094,-0.04626664587965956
2021-06-04,28941.5195,-0.05009331178048926
2021-06-07,29019.2402,-0.04754239482731737
2021-06-08,28963.5605,-0.049369891114375064
2021-06-09,28860.8008,-0.05274262786060668
2021-06-10,28958.5605,-0.049533999064584666
2021-06-11,28948.7305,-0.04985663529469675
2021-06-14,29161.8008,-0.04286332925798586
2021-06-15,29441.3008,-0.033689694841266604
2021-06-16,29291.0098,-0.038622484430258175
2021-06-17,29018.3301,-0.0475722657564146
2021-06-18,28964.0801,-0.04935283701618931
2021-06-21,28010.9297,-0.0806367486932904
2021-06-22,28884.1309,-0.05197689688276952
2021-06-23,28874.8906,-0.052280178221233986
2021-06-24,28875.2305,-0.05226902216277862
2021-06-25,29066.1797,-0.04600176580154425
2021-06-28,29048.0195,-0.04659781244102379
2021-06-29,28812.6094,-0.0543243462349533
2021-06-30,28791.5293,-0.055016228635196285
2021-07-01,28707.0391,-0.0577893313421568
2021-07-02,28783.2793,-0.05528700675304221
2021-07-05,28598.1895,-0.061361948289584856
2021-07-06,28643.2109,-0.05988427435567123
2021-07-07,28366.9492,-0.06895162261735777
2021-07-08,28118.0293,-0.07712156952843585
2021-07-09,27940.4199,-0.08295099244282889
2021-07-12,28569.0195,-0.062319354071108
2021-07-13,28718.2402,-0.05742169342993819
2021-07-14,28608.4902,-0.061023862937039985
2021-07-15,28279.0898,-0.07183530782548753
2021-07-16,28003.0801,-0.08089438504648361
2021-07-19,27652.7402,-0.09239309761961423
2021-07-20,27388.1602,-0.10107703391290801
2021-07-21,27548.0,-0.09583083752492394
2021-07-26,27833.2891,-0.0864671956412928
2021-07-27,27970.2207,-0.0819728828023073
2021-07-28,27581.6602,-0.09472605623979458
2021-07-29,27782.4199,-0.08813680366945376
2021-07-30,27283.5898,-0.10450920071222847
2021-08-02,27781.0195,-0.08818276702414851
2021-08-03,27641.8301,-0.09275118444913066
2021-08-04,27584.0801,-0.09464663127405215
2021-08-05,27728.1191,-0.08991904226600256
2021-08-06,27820.0391,-0.08690208170934832
2021-08-10,27888.1504,-0.08466656054352562
2021-08-11,28070.5098,-0.07868123507643332
2021-08-12,28015.0195,-0.08050251495433702
2021-08-13,27977.1504,-0.08174543902979381
2021-08-16,27523.1895,-0.09664515758465919
2021-08-17,27424.4707,-0.0998852655676904
2021-08-18,27585.9102,-0.09458656448211644
2021-08-19,27281.1699,-0.10458862567797089
2021-08-20,27013.25,-0.11338218279984569
2021-08-23,27494.2402,-0.09759531964126
2021-08-24,27732.0996,-0.08978839592684063
2021-08-25,27724.8008,-0.09002795414823872
2021-08-26,27742.2891,-0.08945396033510833
2021-08-27,27641.1406,-0.09277381493546455
2021-08-30,27789.2891,-0.08791134560313774
2021-08-31,28089.5391,-0.07805666319304838
2021-09-01,28451.0195,-0.06619230169605572
2021-09-02,28543.5098,-0.06315662298660063
2021-09-03,29128.1094,-0.04396913457672458
2021-09-06,29659.8906,-0.026515230038319237
2021-09-07,29916.1406,-0.018104697590074825
2021-09-08,30181.2109,-0.009404668871183519
2021-09-09,30008.1895,-0.01508350633046418
2021-09-10,30381.8398,-0.002819709364820122
2021-09-13,30447.3691,-0.0006689335444856059
2021-09-14,30670.0996,0.0
2021-09-15,30511.7109,-0.005164270806606863
2021-09-16,30323.3398,-0.011306119136306969
2021-09-17,30500.0508,-0.005544448900322463
2021-09-21,29839.7109,-0.027074861537130568
2021-09-22,29639.4004,-0.03360599454981894
2021-09-24,30248.8105,-0.013736150371027822
2021-09-27,30240.0605,-0.014021444521164939
2021-09-28,30183.9609,-0.015850574544596596
2021-09-29,29544.2891,-0.0367071028357534
2021-09-30,29452.6602,-0.039694667310438136
2021-10-01,28771.0703,-0.06191793716900751
2021-10-04,28444.8906,-0.07255304120368755
2021-10-05,27822.1191,-0.09285853444049463
2021-10-06,27528.8691,-0.10241996410080134
2021-10-07,27678.2109,-0.09755066788240896
2021-10-08,28048.9395,-0.08546304492600998
2021-10-11,28498.1992,-0.07081491186288813
2021-10-12,28230.6094,-0.07953968952875523
2021-10-13,28140.2793,-0.08248490657004592
2021-10-14,28550.9297,-0.0690956314990252
2021-10-15,29068.6309,-0.05221596019857733
2021-10-18,29025.4609,-0.05362352002273907
2021-10-19,29215.5195,-0.0474266506783696
2021-10-20,29255.5508,-0.04612142831124033
2021-10-21,28708.5801,-0.06395543299768103
2021-10-22,28804.8496,-0.06081656154778181
2021-10-25,28600.4102,-0.06748231753378464
2021-10-26,29106.0098,-0.050997219454742226
2021-10-27,29098.2402,-0.051250547618045594
2021-10-28,28820.0898,-0.0603196541298483
2021-10-29,28892.6895,-0.05795253759136798
2021-11-01,29647.0801,-0.03335559758012663
2021-11-02,29520.9004,-0.037469692468817484
2021-11-04,29794.3691,-0.028553232999608547
2021-11-05,29611.5703,-0.03451339623298788
2021-11-08,29507.0508,-0.037921259310158884
2021-11-09,29285.4609,-0.045146208132953114
2021-11-10,29106.7793,-0.05097212987205302
2021-11-11,29277.8594,-0.04539405538806929
2021-11-12,29609.9707,-0.034565551264137406
2021-11-15,29776.8008,-0.02912604822450593
2021-11-16,29808.1191,-0.028104913620821792
2021-11-17,29688.3301,-0.032010639443766364
2021-11-18,29598.6602,-0.034934330633866084
2021-11-19,29745.8691,-0.030134577717510935
2021-11-22,29774.1094,-0.02921380144458352
2021-11-24,29302.6602,-0.044585424169930055
2021-11-25,29499.2793,-0.03817464942304927
2021-11-26,28751.6191,-0.06255214443450985
2021-11-29,28283.9199,-0.0778014982383689
2021-11-30,27821.7598,-0.09287024943342548
2021-12-01,27935.6191,-0.08915786175014573
2021-12-02,27753.3691,-0.0951001313344284
2021-12-03,28029.5703,-0.08609457857776248
2021-12-06,27927.3691,-0.08942685337741785
2021-12-07,28455.5996,-0.07220387376896553
2021-12-08,28860.6191,-0.058998194449945696
2021-12-09,28725.4707,-0.06340471421227467
2021-12-10,28437.7695,-0.07278522499483508
2021-12-13,28640.4902,-0.06617550730092836
2021-12-14,28432.6406,-0.07295245301387943
2021-12-15,28459.7207,-0.07206950511500787
2021-12-16,29066.3203,-0.05229129741724092
2021-12-17,28545.6797,-0.06926680798910745
2021-12-20,27937.8105,-0.08908641105293313
2021-12-21,28517.5898,-0.07018268046315701
2021-12-22,28562.2109,-0.06872780745713658
2021-12-23,28798.3691,-0.06102785854663484
2021-12-24,28782.5898,-0.061542343344721306
2021-12-27,28676.4609,-0.06500268098249029
2021-12-28,29069.1602,-0.052198702347872494
2021-12-29,28906.8809,-0.05748982634539601
2021-12-30,28791.7109,-0.06124494946211401
2022-01-04,29301.7891,-0.044613826425265346
2022-01-05,29332.1602,-0.04362357532089667
2022-01-06,28487.8691,-0.07115172524578306
2022-01-07,28478.5605,-0.07145523257446484
2022-01-11,28222.4805,-0.07980473268498933
2022-01-12,28765.6602,-0.06209433372691109
2022-01-13,28489.1309,-0.071110584199081
2022-01-14,28124.2793,-0.08300658730172505
2022-01-17,28333.5195,-0.07618430101218199
2022-01-18,28257.25,-0.0786710715474821
2022-01-19,27467.2305,-0.10442969347253117
2022-01-20,27772.9297,-0.09446235707692319
2022-01-21,27522.2598,-0.10263546062954432
2022-01-24,27588.3691,-0.10047996387986957
2022-01-25,27131.3398,-0.11538142510629468
2022-01-26,27011.3301,-0.11929434686283191
2022-01-27,26170.3008,-0.14671614564955637
2022-01-28,26717.3398,-0.12887991403849242
2022-01-31,27001.9805,-0.11959919099838856
2022-02-01,27078.4805,-0.11710490500004767
2022-02-02,27533.5996,-0.1022657259319758
2022-02-03,27241.3105,-0.11179582540384059
2022-02-04,27439.9902,-0.10531786469972859
2022-02-07,27248.8691,-0.11154937690518618
2022-02-08,27284.5195,-0.11038699398289542
2022-02-09,27579.8691,-0.10075710676857408
2022-02-10,27696.0801,-0.09696804179925134
2022-02-14,27079.5898,-0.11706873622281944
2022-02-15,26865.1895,-0.12405926780883358
2022-02-16,27460.4004,-0.10465238919537134
2022-02-17,27232.8691,-0.11207105763686531
2022-02-18,27122.0703,-0.1156836575776885
2022-02-21,26910.8691,-0.12256988236190802
2022-02-22,26449.6094,-0.13760927597378914
2022-02-24,25970.8203,-0.15322021647428896
2022-02-25,26476.5,-0.1367325067310835
2022-02-28,26526.8203,-0.13509181104843893
2022-03-01,26844.7207,-0.12472665396887073
2022-03-02,26393.0293,-0.1394540727216942
2022-03-03,26577.2695,-0.13344691257539976
2022-03-04,25985.4707,-0.15274253951232686
2022-03-07,25221.4102,-0.1776547670552724
2022-03-08,24790.9492,-0.19168996764523072
2022-03-09,24717.5293,-0.1940838268422188
2022-03-10,25690.4004,-0.16236332013737587
2022-03-11,25162.7793,-0.1795664302309603
2022-03-14,25307.8496,-0.17483640646540322
2022-03-15,25346.4805,-0.17357684420431418
2022-03-16,25762.0098,-0.16002849237568184
2022-03-17,26652.8906,-0.13098128315175095
2022-03-18,26827.4297,-0.1252904278145872
2022-03-22,27224.1094,-0.11235666805594591
2022-03-23,28040.1602,-0.08574929440398693
2022-03-24,28110.3906,-0.08345942900035452
2022-03-25,28149.8398,-0.08217318603034462
2022-03-28,27943.8906,-0.08888816911439057
2022-03-29,28252.4199,-0.07882855717886228
2022-03-30,28027.25,-0.08617023206536967
2022-03-31,27821.4297,-0.09288101235902091
2022-04-01,27665.9805,-0.09794944063370437
2022-04-04,27736.4707,-0.09565110443919134
2022-04-05,27787.9805,-0.09397162505465095
2022-04-06,27350.3008,-0.10824219168822002
2022-04-07,26888.5703,-0.12329693575563094
2022-04-08,26985.8008,-0.12012673085678538
2022-04-11,26821.5195,-0.12548313015586043
2022-04-12,26334.9805,-0.14134675650026252
2022-04-13,26843.4902,-0.1247667744776414
2022-04-14,27172.0,-0.11405569742590604
2022-04-15,27093.1895,-0.11662531738240589
2022-04-18,26799.7109,-0.12619420055616648
2022-04-19,26985.0898,-0.12014991304429934
2022-04-20,27217.8496,-0.11256076912120627
2022-04-21,27553.0605,-0.10163120239752987
2022-04-22,27105.2598,-0.11623176469893182
2022-04-25,26590.7793,-0.13300642492859738
2022-04-26,26700.1094,-0.12944171201843768
2022-04-27,26386.6309,-0.13966269284629262
2022-04-28,26847.9004,-0.12462297970496328
2022-05-02,26818.5293,-0.12558062576360207
2022-05-06,27003.5605,-0.11954767502613528
2022-05-09,26319.3398,-0.1418567222390109
2022-05-10,26167.0996,-0.14682052092194708
2022-05-11,26213.6406,-0.1453030494886297
2022-05-12,25748.7207,-0.16046178408889156
2022-05-13,26427.6504,-0.13832525017297315
2022-05-16,26547.0508,-0.13443219467079914
2022-05-17,26659.75,-0.13075763210107083
2022-05-18,26911.1992,-0.12255911943631259
2022-05-19,26402.8398,-0.1391342009205604
2022-05-20,26739.0293,-0.12817272689913284
2022-05-23,27001.5195,-0.11961422192447013
2022-05-24,26748.1406,-0.12787565254597355
2022-05-25,26677.8008,-0.13016908494160873
2022-05-26,26604.8398,-0.13254798168311133
2022-05-27,26781.6797,-0.12678210865673223
2022-05-30,27369.4297,-0.10761849302895643
2022-05-31,27279.8008,-0.11054084741218118
2022-06-01,27457.8906,-0.10473422133914434
2022-06-02,27413.8809,-0.10616915962020546
2022-06-03,27761.5703,-0.09483273083338806
2022-06-06,27915.8906,-0.08980111039482908
2022-06-07,27943.9492,-0.08888625845871079
2022-06-08,28234.2891,-0.07941971274198278
2022-06-09,28246.5293,-0.07902062046123914
2022-06-10,27824.2891,-0.09278778149126066
2022-06-13,26987.4395,-0.12007330096834767
2022-06-14,26629.8594,-0.13173221648096634
2022-06-15,26326.1602,-0.14163434278511444
2022-06-16,26431.1992,-0.13820954138668662
2022-06-17,25963.0,-0.15347519771341078
2022-06-20,25771.2207,-0.1597281705599678
2022-06-21,26246.3105,-0.14423784590513689
2022-06-22,26149.5508,-0.14739270034845275
2022-06-23,26171.25,-0.14668519694014948
2022-06-24,26491.9707,-0.1362280838501092
2022-06-27,26871.2695,-0.12386102913079555
2022-06-28,27049.4707,-0.11805077085566429
2022-06-29,26804.5996,-0.1260348042691064
2022-06-30,26393.0391,-0.13945375319224584
2022-07-01,25935.6191,-0.15436795321003782
2022-07-04,26153.8105,-0.1472538126351569
2022-07-05,26423.4707,-0.13846152948261048
2022-07-06,26107.6504,-0.14875886480655587
2022-07-07,26490.5293,-0.13627508076302441
2022-07-08,26517.1895,-0.1354058237228548
2022-07-11,26812.3008,-0.12578370629093105
2022-07-12,26336.6602,-0.14129198980495006
2022-07-13,26478.7695,-0.13665850957979941
2022-07-14,26643.3906,-0.13129103108618545
2022-07-15,26788.4707,-0.12656068779118013
2022-07-19,26961.6797,-0.12091320042534193
2022-07-20,27680.2598,-0.09748386340421278
2022-07-21,27803.0,-0.0934819135703101
2022-07-22,27914.6602,-0.08984122764309521
2022-07-25,27699.25,-0.09686468706479201
2022-07-26,27655.2109,-0.09830058393419772
2022-07-27,27715.75,-0.09632670381024788
2022-07-28,27815.4805,-0.09307498629707744
2022-07-29,27801.6406,-0.09352623686947537
2022-08-01,27993.3496,-0.08727555615763305
2022-08-02,27594.7305,-0.10027255014196301
2022-08-03,27741.9004,-0.09547406882239151
2022-08-04,27932.1992,-0.08926936774603766
2022-08-05,28175.8691,-0.08132449951352627
2022-08-08,28249.2402,-0.07893223144276984
2022-08-09,27999.9609,-0.08705999441879875
2022-08-10,27819.3301,-0.09294946991303554
2022-08-12,28546.9805,-0.06922439534562186
2022-08-15,28871.7793,-0.05863431561859034
2022-08-16,28868.9102,-0.05872786275529418
2022-08-17,29222.7695,-0.04719026409682747
2022-08-18,28942.1406,-0.0563401822144719
2022-08-19,28930.3301,-0.056725264107065465
2022-08-22,28794.5,-0.061154010729068564
2022-08-23,28452.75,-0.07229678510727766
2022-08-24,28313.4707,-0.07683799305301242
2022-08-25,28479.0098,-0.07144058312741841
2022-08-26,28641.3809,-0.06614646598669671
2022-08-29,27878.9609,-0.09100520495212228
2022-08-30,28195.5801,-0.08068182145714331
2022-08-31,28091.5293,-0.08407440254938081
2022-09-01,27661.4707,-0.09809648286893724
2022-09-02,27650.8398,-0.09844310384958777
2022-09-05,27619.6094,-0.09946137246975228
2022-09-06,27626.5098,-0.09923638461219741
2022-09-07,27430.3008,-0.10563378802982437
2022-09-08,28065.2793,-0.08493028499979183
2022-09-09,28214.75,-0.08005678599100474
2022-09-12,28542.1094,-0.06938321778387702
2022-09-13,28614.6309,-0.06701865095997284
2022-09-14,27818.6191,-0.0929726521005495
2022-09-15,27875.9102,-0.0911046731651306
2022-09-16,27567.6504,-0.10115549804083457
2022-09-20,27688.4199,-0.09721780297055183
2022-09-21,27313.1309,-0.1094541179774976
2022-09-22,27153.8301,-0.11464812784631462
2022-09-26,26431.5508,-0.13819807745260793
2022-09-27,26571.8691,-0.13362299286435975
2022-09-28,26173.9805,-0.14659616886278382
2022-09-29,26422.0508,-0.13850782538704243
2022-09-30,25937.2109,-0.15431605249824498
2022-10-03,26215.7891,-0.14523299754787877
2022-10-04,26992.2109,-0.11991772925315192
2022-10-05,27120.5293,-0.11573390195315836
2022-10-06,27311.3008,-0.10951378847168791
2022-10-07,27116.1094,-0.11587801299478007
2022-10-11,26401.25,-0.1391860364222619
2022-10-12,26396.8301,-0.13933014746388372
2022-10-13,26237.4199,-0.1445277243247035
2022-10-14,27090.7598,-0.11670453786201596
2022-10-17,26775.7891,-0.1269741719391091
2022-10-18,27156.1406,-0.11457279388815556
2022-10-19,27257.3809,-0.11127184927694211
2022-10-20,27006.9609,-0.11943680482863517
2022-10-21,26890.5801,-0.12323140613472294
2022-10-24,26974.9004,-0.12048213889726012
2022-10-25,27250.2793,-0.11150339726969793
2022-10-26,27431.8398,-0.10558360886444595
2022-10-27,27345.2402,-0.108407192782641
2022-10-28,27105.1992,-0.11623374056470304
2022-10-31,27587.4609,-0.1005095757824015
2022-11-01,27678.9199,-0.09752755090498633
2022-11-02,27663.3906,-0.0980338844416404
2022-11-04,27199.7402,-0.11315122693634816
2022-11-07,27527.6406,-0.10246001939948057
2022-11-08,27872.1094,-0.09122859842294084
2022-11-09,27716.4297,-0.0963045421606652
2022-11-10,27446.0996,-0.10511866743334608
2022-11-11,28263.5703,-0.07846499787695516
2022-11-14,27963.4707,-0.08824975905849353
2022-11-15,27990.1699,-0.08737923042154061
2022-11-16,28028.3008,-0.08613597068331658
2022-11-17,27930.5703,-0.08932247810502714
2022-11-18,27899.7695,-0.09032673959754611
2022-11-21,27944.7891,-0.08885887348080213
2022-11-22,28115.7402,-0.08328500504771763
2022-11-24,28383.0898,-0.0745680591138348
2022-11-25,28283.0293,-0.07783053629209613
2022-11-28,28162.8301,-0.08174963670479907
2022-11-29,28027.8398,-0.08615100160939804
2022-11-30,27968.9902,-0.08806979550858718
2022-12-01,28226.0801,-0.07968736756237993
2022-12-02,27777.9004,-0.0943002871761135
2022-12-05,27820.4004,-0.09291457273259074
2022-12-06,27885.8691,-0.09077996277521061
2022-12-07,27686.4004,-0.09728364886040353
2022-12-08,27574.4297,-0.1009344586543175
2022-12-09,27901.0098,-0.09028629955932721
2022-12-12,27842.3301,-0.09219955386124679
2022-12-13,27954.8496,-0.08853085041823605
2022-12-14,28156.2109,-0.0819654560234947
2022-12-15,28051.6992,-0.08537306478130913
2022-12-16,27527.1191,-0.10247702293082872
2022-12-19,27237.6406,-0.11191548266116491
2022-12-20,26568.0293,-0.13374818971895364
2022-12-21,26387.7207,-0.139627159867456
2022-12-22,26507.8691,-0.13570971579107627
2022-12-23,26235.25,-0.14459847401343295
2022-12-26,26405.8691,-0.1390354304555308
2022-12-27,26447.8691,-0.13766601853487304
2022-12-28,26340.5,-0.14116679295035617
2022-12-29,26093.6699,-0.1492146996483833
2022-12-30,26094.5,-0.14918763419992287
2023-01-04,25716.8594,-0.1615006232324071
2023-01-05,25820.8008,-0.15811160913217248
2023-01-06,25973.8496,-0.15312144600925914
2023-01-10,26175.5605,-0.14654465289053065
2023-01-11,26446.0,-0.13772696062584688
2023-01-12,26449.8203,-0.1376023995696447
2023-01-13,26119.5195,-0.14837187225828252
2023-01-16,25822.3203,-0.1580620657651859
2023-01-17,26138.6797,-0.14774715306108754
2023-01-18,26791.1191,-0.12647433658806906
2023-01-19,26405.2305,-0.13905625203773386
2023-01-20,26553.5293,-0.13422096288203778
2023-01-23,26906.0391,-0.12272736473278356
2023-01-24,27299.1895,-0.10990867796203707
2023-01-25,27395.0098,-0.10678445269867987
2023-01-26,27362.75,-0.10783628495291886
2023-01-27,27382.5605,-0.10719036269448567
2023-01-30,27433.4004,-0.10553272543007985
2023-01-31,27327.1094,-0.1089983483457615
2023-02-01,27346.8809,-0.10835369768411185
2023-02-02,27402.0508,-0.10655488057169527
2023-02-03,27509.4609,-0.10305276934933738
2023-02-06,27693.6504,-0.0970472622788614
2023-02-07,27685.4707,-0.0973139617714186
2023-02-08,27606.4609,-0.0998900799135326
2023-02-09,27584.3496,-0.10061101986118104
2023-02-10,27670.9805,-0.09778641540505462
2023-02-13,27427.3203,-0.10573096736862253
2023-02-14,27602.7695,-0.10001043817934008
2023-02-15,27501.8594,-0.10330061660445344
2023-02-16,27696.4395,-0.09695632354581596
2023-02-17,27513.1309,-0.10293310883150841
2023-02-20,27531.9395,-0.10231985356839213
2023-02-21,27473.0996,-0.10423833119863746
2023-02-22,27104.3203,-0.11626239713939501
2023-02-24,27453.4805,-0.10487801285131793
2023-02-27,27423.9609,-0.10584050075924767
2023-02-28,27445.5605,-0.10513624481349915
2023-03-01,27516.5293,-0.10282230384409974
2023-03-02,27498.8691,-0.10339811547269973
2023-03-03,27927.4707,-0.08942354070477165
2023-03-06,28237.7793,-0.07930591461137615
2023-03-07,28309.1602,-0.07697853710263147
2023-03-08,28444.1895,-0.07257590060124886
2023-03-09,28623.1504,-0.06674087227287662
2023-03-10,28143.9707,-0.08236454830423834
2023-03-13,27832.9609,-0.09250503705569979
2023-03-14,27222.0391,-0.1124241702821206
2023-03-15,27229.4805,-0.11218154309482575
2023-03-16,27010.6094,-0.11931784531928946
2023-03-17,27333.7891,-0.10878055642179918
2023-03-20,26945.6699,-0.12143520068646929
2023-03-22,27466.6094,-0.10444994446643396
2023-03-23,27419.6094,-0.10598238161574147
2023-03-24,27385.25,-0.10710267142399499
2023-03-27,27476.8691,-0.10411542647875849
2023-03-28,27518.25,-0.1027662003419122
2023-03-29,27883.7793,-0.09084810079977712
2023-03-30,27782.9297,-0.0941363066196238
2023-03-31,28041.4805,-0.08570624596210963
2023-04-03,28188.1504,-0.08092406716540312
2023-04-04,28287.4199,-0.07768738057831415
2023-04-05,27813.2598,-0.09314739232212998
2023-04-06,27472.6309,-0.10425361318357118
2023-04-07,27518.3105,-0.10276422773664551
2023-04-10,27633.6602,-0.09900324549321005
2023-04-11,27923.3691,-0.0895572735603376
2023-04-12,28082.6992,-0.08436230836368075
2023-04-13,28156.9707,-0.08194068270974897
2023-04-14,28493.4707,-0.07096908482162212
2023-04-17,28514.7793,-0.07027431694418118
2023-04-18,28658.8301,-0.0655775340227458
2023-04-19,28606.7598,-0.06727528853541775
2023-04-20,28657.5703,-0.06561860985935641
2023-04-21,28564.3691,-0.06865743924744216
2023-04-24,28593.5195,-0.06770698912239603
2023-04-25,28620.0703,-0.06684129907422931
2023-04-26,28416.4707,-0.07347967334282801
2023-04-27,28457.6797,-0.07213605201334272
2023-04-28,28856.4395,-0.059134470499078606
2023-05-01,29123.1797,-0.050437394080063536
2023-05-02,29157.9492,-0.0493037329425563
2023-05-08,28949.8809,-0.05608780937900837
2023-05-09,29242.8203,-0.04653650684590549
2023-05-10,29122.1797,-0.05046999912579353
2023-05-11,29126.7207,-0.050321939613133804
2023-05-12,29388.3008,-0.041793108490590036
2023-05-15,29626.3398,-0.03403183601007931
2023-05-16,29842.9902,-0.02696793981066825
2023-05-17,30093.5898,-0.01879712839276204
2023-05-18,30573.9297,-0.0031356239873443492
2023-05-19,30808.3496,0.0
2023-05-22,31086.8203,0.0
2023-05-23,30957.7695,-0.004151302666358658
2023-05-24,30682.6797,-0.013000383960144024
2023-05-25,30801.1309,-0.009190048941737472
2023-05-26,30916.3105,-0.0054849546642118385
2023-05-29,31233.5391,0.0
2023-05-30,31328.1602,0.0
2023-05-31,30887.8809,-0.014053787301560039
2023-06-01,31148.0098,-0.005750430247097538
2023-06-02,31524.2207,0.0
2023-06-05,32217.4297,0.0
2023-06-06,32506.7793,0.0
2023-06-07,31913.7402,-0.01824355143051648
2023-06-08,31641.2695,-0.026625516850265152
2023-06-09,32265.1699,-0.0074325849931247134
2023-06-12,32434.0,-0.0022388960569833527
2023-06-13,33018.6484,0.0
2023-06-14,33502.4219,0.0
2023-06-15,33485.4883,-0.0005054440556729878
2023-06-16,33706.0781,0.0
2023-06-19,33370.4219,-0.009958328554397933
2023-06-20,33388.9102,-0.009409813240775722
2023-06-21,33575.1406,-0.0038846851185573295
2023-06-22,33264.8789,-0.013089603563221863
2023-06-23,32781.5391,-0.02742944454282259
2023-06-26,32698.8105,-0.02988385646682512
2023-06-27,32538.3301,-0.034645027420143526
2023-06-28,33193.9883,-0.015192802867207589
2023-06-29,33234.1406,-0.014001554811563843
2023-06-30,33189.0391,-0.015339636918481947
2023-07-03,33753.3281,0.0
2023-07-04,33422.5195,-0.009800769838752443
2023-07-05,33338.6992,-0.01228408940213499
2023-07-06,32773.0195,-0.029043316768517347
2023-07-07,32388.4199,-0.04043773686423524
2023-07-10,32189.7305,-0.04632424972635507
2023-07-11,32203.5703,-0.045914222011191774
2023-07-12,31943.9297,-0.05360651828582197
2023-07-13,32419.3301,-0.03952196939062724
2023-07-14,32391.2598,-0.04035359997581989
2023-07-18,32493.8906,-0.03731298721917731
2023-07-19,32896.0312,-0.025398885036169272
2023-07-20,32490.5195,-0.03741286181495096
2023-07-21,32304.25,-0.04293141392477973
2023-07-24,32700.9395,-0.031178809890453407
2023-07-25,32682.5098,-0.031724821233257816
2023-07-26,32668.3398,-0.0321446316874453
2023-07-27,32891.1602,-0.025543196731465434
2023-07-28,32759.2305,-0.029451839446907657
2023-07-31,33172.2188,-0.017216355622128865
2023-08-01,33476.5781,-0.008199191474691947
2023-08-02,32707.6895,-0.030978829610582848
2023-08-03,32159.2793,-0.047226418540932014
2023-08-04,32192.75,-0.04623479188115964
2023-08-07,32254.5605,-0.04440355023835407
2023-08-08,32377.2891,-0.04076750582707711
2023-08-09,32204.3301,-0.04589171163835548
2023-08-10,32473.6504,-0.037912637717049336
2023-08-14,32059.9102,-0.05017039786367028
2023-08-15,32238.8906,-0.04486779779206429
2023-08-16,31766.8203,-0.0588536867865187
2023-08-17,31626.0,-0.0630257287132524
2023-08-18,31450.7598,-0.06821751897111439
2023-08-21,31565.6406,-0.06481397903989206
2023-08-22,31856.7109,-0.056190524216780835
2023-08-23,32010.2598,-0.05164137577295669
2023-08-24,32287.2109,-0.04343622636726008
2023-08-25,31624.2793,-0.06307670738992999
2023-08-28,32169.9902,-0.04690908983283337
2023-08-29,32226.9707,-0.04522094519029063
2023-08-30,32333.4609,-0.042065991116295276
2023-08-31,32619.3398,-0.033596340385764756
2023-09-01,32710.6191,-0.030892035206448232
2023-09-04,32939.1797,-0.02412053702046635
2023-09-05,33036.7617,-0.021229503587825382
2023-09-06,33241.0195,-0.015178017364160246
2023-09-07,32991.0781,-0.022582958271305964
2023-09-08,32606.8398,-0.03396667423737687
2023-09-11,32467.7598,-0.0380871568039538
2023-09-12,32776.3711,-0.028944019893552442
2023-09-13,32706.5195,-0.031013492859093827
2023-09-14,33168.1016,-0.017338334704837477
2023-09-15,33533.0898,-0.00652493583292002
2023-09-19,33242.5898,-0.015131494544385338
2023-09-20,33023.7812,-0.021614073072693585
2023-09-21,32571.0293,-0.03502762146882932
2023-09-22,32402.4102,-0.040023250329498605
2023-09-25,32678.6191,-0.03184008986657527
2023-09-26,32315.0508,-0.042611421775620384
2023-09-27,32371.9004,-0.04092715526917179
2023-09-28,31872.5195,-0.055722167438653214
2023-09-29,31857.6191,-0.05616361724045815
2023-10-02,31759.8809,-0.05905927836490876
2023-10-03,31237.9395,-0.07452268388313388
2023-10-04,30526.8809,-0.09558900948792659
2023-10-05,31075.3594,-0.07933939705341231
2023-10-06,30994.6699,-0.08172996131898469
2023-10-10,31746.5293,-0.0594548423211636
2023-10-11,31936.5098,-0.05382634549746812
2023-10-12,32494.6602,-0.037290186504601364
2023-10-13,32315.9902,-0.042583590446004016
2023-10-16,31659.0293,-0.062047179282448295
2023-10-17,32040.2891,-0.05075170646653948
2023-10-18,32042.25,-0.05069361145456941
2023-10-19,31430.6191,-0.0688142216115275
2023-10-20,31259.3594,-0.0738880827576821
2023-10-23,30999.5508,-0.08158535631927799
2023-10-24,31062.3496,-0.07972483460082846
2023-10-25,31269.9199,-0.07357520990648614
2023-10-26,30601.7793,-0.09337001645179988
2023-10-27,30991.6895,-0.08181826075989229
2023-10-30,30696.9609,-0.09055009896935173
2023-10-31,30858.8496,-0.0857538697050736
2023-11-01,31601.6504,-0.06374712720550957
2023-11-02,31949.8906,-0.0534299164413361
2023-11-06,32708.4805,-0.030955394884452758
2023-11-07,32271.8203,-0.04389219918138976
2023-11-08,32166.4805,-0.04701307069035354
2023-11-09,32646.4609,-0.03279283147192824
2023-11-10,32568.1094,-0.03511412849389506
2023-11-13,32585.1094,-0.03461047445570253
2023-11-14,32695.9297,-0.03132723377283786
2023-11-15,33519.6992,-0.006921655230791801
2023-11-16,33424.4102,-0.009744754621693108
2023-11-17,33585.1992,-0.004981105848344325
2023-11-20,33388.0312,-0.010822544636716946
2023-11-21,33354.1406,-0.011826611551232435
2023-11-22,33451.8281,-0.008932452500883925
2023-11-24,33625.5312,-0.0037862014560869905
2023-11-27,33447.6719,-0.009055587025209477
2023-11-28,33408.3906,-0.010219362635235929
2023-11-29,33321.2188,-0.012801976110912605
2023-11-30,33486.8906,-0.007893666047111947
2023-12-01,33431.5117,-0.009534360553915211
2023-12-04,33231.2695,-0.015466877768417597
2023-12-05,32775.8203,-0.02896033828438982
2023-12-06,33445.8984,-0.00910812999207622
2023-12-07,32858.3086,-0.02651648149623509
2023-12-08,32307.8594,-0.04282447928445898
2023-12-11,32791.8008,-0.028486888675134825
2023-12-12,32843.6992,-0.02694930992597422
2023-12-13,32926.3516,-0.024500591395015592
2023-12-14,32686.25,-0.03161401141951392
2023-12-15,32970.5508,-0.023191114597081786
2023-12-18,32758.9805,-0.02945924612393991
2023-12-19,33219.3906,-0.015818810471610933
2023-12-20,33675.9414,-0.002292713173963845
2023-12-21,33140.4688,-0.018157003605223654
2023-12-22,33169.0508,-0.01731021303348168
2023-12-25,33254.0312,-0.014792523525998691
2023-12-26,33305.8516,-0.013257255660072187
2023-12-27,33681.2383,-0.002135783463675711
2023-12-28,33539.6211,-0.006331434914117473
2023-12-29,33464.1719,-0.008566746341081455
2024-01-04,33288.2891,-0.013777574721587138
2024-01-05,33377.4219,-0.011136863271269504
2024-01-09,33763.1797,0.0
2024-01-10,34441.7188,0.0
2024-01-11,35049.8594,0.0
2024-01-12,35577.1094,0.0
2024-01-15,35901.7891,0.0
2024-01-16,35619.1797,-0.007871735840596306
2024-01-17,35477.75,-0.011811085481531092
2024-01-18,35466.1719,-0.012133579159151142
2024-01-19,35963.2695,0.0
2024-01-22,36546.9492,0.0
2024-01-23,36517.5703,-0.00080386737178062
2024-01-24,36226.4805,-0.008768685403705456
2024-01-25,36236.4688,-0.008495384889746105
2024-01-26,35751.0703,-0.021776890203464738
2024-01-29,36026.9414,-0.01422848723033765
2024-01-30,36065.8594,-0.01316361038420144
2024-01-31,36286.7109,-0.007120657283207765
2024-02-01,36011.4609,-0.014652065677755788
2024-02-02,36158.0195,-0.010641919736490646
2024-02-05,36354.1602,-0.0052751051515951275
2024-02-06,36160.6602,-0.01056966473141363
2024-02-07,36119.9219,-0.011684348744491091
2024-02-08,36863.2812,0.0
2024-02-09,36897.4219,0.0
2024-02-13,37963.9688,0.0
2024-02-14,37703.3203,-0.0068656810191036755
2024-02-15,38157.9414,0.0
2024-02-16,38487.2383,0.0
2024-02-19,38470.3789,-0.0004380516956965508
2024-02-20,38363.6094,-0.0032122050180980466
2024-02-21,38262.1602,-0.005848122908834408
2024-02-22,39098.6797,0.0
2024-02-26,39233.7109,0.0
2024-02-27,39239.5195,0.0
2024-02-28,39208.0312,-0.000802463954738375
2024-02-29,39166.1914,-0.0018687308339746522
2024-03-01,39910.8203,0.0
2024-03-04,40109.2305,0.0
2024-03-05,40097.6289,-0.0002892501266009706
2024-03-06,40090.7812,-0.00045997641365869146
2024-03-07,39598.7109,-0.01272823222076025
2024-03-08,39688.9414,-0.010478612896849149
2024-03-11,38820.4883,-0.03213081337972812
2024-03-12,38797.5117,-0.03270366406057068
2024-03-13,38695.9688,-0.035235323200727975
2024-03-14,38807.3789,-0.03245765585056526
2024-03-15,38707.6406,-0.034944322853563525
2024-03-18,39740.4414,-0.009194619178744756
2024-03-19,40003.6016,-0.0026335309524324613
2024-03-21,40815.6602,0.0
2024-03-22,40888.4297,0.0
2024-03-25,40414.1211,-0.011600068857621215
2024-03-26,40398.0312,-0.011993576265903916
2024-03-27,40762.7305,-0.0030741997411557476
2024-03-28,40168.0703,-0.017617683175541465
2024-03-29,40369.4414,-0.012692791183418706
2024-04-01,39803.0898,-0.02654393695143542
2024-04-02,39838.9102,-0.02566788472192172
2024-04-03,39451.8516,-0.0351340980942586
2024-04-04,39773.1406,-0.02727639843796692
2024-04-05,38992.0781,-0.0463786849706288
2024-04-08,39347.0391,-0.03769747606619378
2024-04-09,39773.1289,-0.027276684582484667
2024-04-10,39581.8086,-0.03195576620542129
2024-04-11,39442.6289,-0.03535965579035183
2024-04-12,39523.5508,-0.03338056535832201
2024-04-15,39232.8008,-0.040491378909569664
2024-04-16,38471.1992,-0.05911771417330802
2024-04-17,37961.8008,-0.07157596712499825
2024-04-18,38079.6992,-0.0686925499611446
2024-04-19,37068.3516,-0.09342687229683455
2024-04-22,37438.6094,-0.08437155266933616
2024-04-23,37552.1602,-0.08159446387348057
2024-04-24,38460.0781,-0.059389700651673594
2024-04-25,37628.4805,-0.07972791383573241
2024-04-26,37934.7617,-0.07223725688834648
2024-04-30,38405.6602,-0.060720588152105126
2024-05-01,38274.0508,-0.06393933245130234
2024-05-02,38236.0703,-0.06486821380670438
2024-05-07,38835.1016,-0.05021782726960533
2024-05-08,38202.3711,-0.06569238827970947
2024-05-09,38073.9805,-0.06883241104267701
2024-05-10,38229.1094,-0.06503845512071593
2024-05-13,38179.4609,-0.066252698376431
2024-05-14,38356.0586,-0.06193368438406921
2024-05-15,38385.7305,-0.06120800476717747
2024-05-16,38920.2617,-0.04813508404310274
2024-05-17,38787.3789,-0.05138497162682665
2024-05-20,39069.6797,-0.04448079843966224
2024-05-21,38946.9297,-0.04748287019689579
2024-05-22,38617.1016,-0.05554940888326654
2024-05-23,39103.2188,-0.043660539499759676
2024-05-24,38646.1094,-0.05483997102485938
2024-05-27,38900.0195,-0.048630143407047965
2024-05-28,38855.3711,-0.049722100235118694
2024-05-29,38556.8711,-0.057022453958411656
2024-05-30,38054.1289,-0.06931791758195105
2024-05-31,38487.8984,-0.0587093052389831
2024-06-03,38923.0312,-0.04806735094549264
2024-06-04,38837.4609,-0.050160126349875545
2024-06-05,38490.1719,-0.05865370271238368
2024-06-06,38703.5117,-0.05343609466127275
2024-06-07,38683.9297,-0.05391500764823942
2024-06-10,39038.1602,-0.04525166443356965
2024-06-11,39134.7891,-0.0428884311005957
2024-06-12,38876.7109,-0.04920019709145251
2024-06-13,38720.4688,-0.0530213783191581
2024-06-14,38814.5586,-0.05072024323790558
2024-06-17,38102.4414,-0.06813634860621698
2024-06-18,38482.1094,-0.058850885633301764
2024-06-19,38570.7617,-0.05668273438243576
2024-06-20,38633.0195,-0.05516010804396332
2024-06-21,38596.4688,-0.05605402107188284
2024-06-24,38804.6484,-0.05096261498151888
2024-06-25,39173.1484,-0.04195028551072
2024-06-26,39667.0703,-0.029870538168405125
2024-06-27,39341.5391,-0.03783198844635505
2024-06-28,39583.0781,-0.0319247183024004
2024-07-01,39631.0586,-0.030751268983068902
2024-07-02,40074.6914,-0.01990143192023819
2024-07-03,40580.7617,-0.007524573632623488
2024-07-04,40913.6484,0.0
2024-07-05,40912.3711,-3.1219410880023446e-05
2024-07-08,40780.6992,-0.003249507320887024
2024-07-09,41580.1719,0.0
2024-07-10,41831.9883,0.0
2024-07-11,42224.0195,0.0
2024-07-12,41190.6797,-0.024472795632353272
2024-07-16,41275.0781,-0.022473971242837343
2024-07-17,41097.6914,-0.026675056362173155
2024-07-18,40126.3516,-0.0496794934456678
2024-07-19,40063.7891,-0.051161173795877035
2024-07-22,39599.0,-0.06216886812493072
2024-07-23,39594.3906,-0.06227803347807759
2024-07-24,39154.8516,-0.07268772457818706
2024-07-25,37869.5117,-0.10312868958389898
2024-07-26,37667.4102,-0.10791510031393392
2024-07-29,38468.6289,-0.08893967567441086
2024-07-30,38525.9492,-0.08758214740782788
2024-07-31,39101.8203,-0.07394367558967241
2024-08-01,38126.3281,-0.0970464548028167
2024-08-02,35909.6992,-0.1495433256893034
2024-08-05,31458.4199,-0.25496387429434564
2024-08-06,34675.4609,-0.17877404115920337
2024-08-07,35089.6211,-0.16896540131618698
2024-08-08,34831.1484,-0.17508686258540596
2024-08-09,35025.0,-0.17049583590685868
2024-08-13,36232.5117,-0.14189809191424796
2024-08-14,36442.4297,-0.13692656143264625
2024-08-15,36726.6406,-0.13019553716339116
2024-08-16,38062.6719,-0.09855403747149183
2024-08-19,37388.6211,-0.11451771899641161
2024-08-20,38062.9219,-0.09854811667089158
2024-08-21,37951.8008,-0.10117982017320748
2024-08-22,38211.0117,-0.09504087596397592
2024-08-23,38364.2695,-0.09141124046705218
2024-08-26,38110.2188,-0.09742797461525421
2024-08-27,38288.6211,-0.09320283683556008
2024-08-28,38371.7617,-0.09123380117802382
2024-08-29,38362.5312,-0.09145240897778584
2024-08-30,38647.75,-0.08469751440883078
2024-09-02,38700.8711,-0.08343943664576992
2024-09-03,38686.3086,-0.08378432328073371
2024-09-04,37047.6094,-0.12259396810860224
2024-09-05,36657.0898,-0.13184272283693887
2024-09-06,36391.4688,-0.13813347874188053
2024-09-09,36215.75,-0.142295062647932
2024-09-10,36159.1602,-0.1436352903351611
2024-09-11,35619.7695,-0.156409789456449
2024-09-12,36833.2695,-0.1276702233429008
2024-09-13,36581.7617,-0.13362673347571752
2024-09-17,36203.2188,-0.14259184159385863
2024-09-18,36380.1719,-0.1384010255110838
2024-09-19,37155.3281,-0.12004284433413548
2024-09-20,37723.9102,-0.10657699937828047
2024-09-24,37940.5898,-0.1014453325553244
2024-09-25,37870.2617,-0.10311092718209836
2024-09-26,38925.6289,-0.07811645217717844
2024-09-27,39829.5586,-0.05670850213585199
2024-09-30,37919.5508,-0.10194360345063791
2024-10-01,38651.9688,-0.08459759971454162
2024-10-02,37808.7617,-0.10456744412975649
2024-10-03,38552.0586,-0.0869637932030608
2024-10-04,38635.6211,-0.08498476560243173
2024-10-07,39332.7383,-0.06847479785765076
2024-10-08,38937.5391,-0.07783438049994273
2024-10-09,39277.9609,-0.06977210210884832
2024-10-10,39380.8906,-0.06733439719067968
2024-10-11,39605.8008,-0.06200780340204237
2024-10-15,39910.5508,-0.05479034747035405
2024-10-16,39180.3008,-0.07208500602364498
2024-10-17,38911.1914,-0.07845837841184211
2024-10-18,38981.75,-0.07678732480691475
2024-10-21,38954.6016,-0.0774302858589766
2024-10-22,38411.9609,-0.09028175538806782
2024-10-23,38104.8594,-0.09755490237020192
2024-10-24,38143.2891,-0.09664476400689426
2024-10-25,37913.9219,-0.1020769138286326
2024-10-28,38605.5312,-0.0856973907943559
2024-10-29,38903.6797,-0.07863627952331731
2024-10-30,39277.3906,-0.0697856086391776
2024-10-31,39081.25,-0.07443084616802065
2024-11-01,38053.6719,-0.09876718629310033
2024-11-05,38474.8984,-0.08879119383695822
2024-11-06,39480.6719,-0.06497125646695012
2024-11-07,39381.4102,-0.06732209139871215
2024-11-08,39500.3711,-0.06450471632621346
2024-11-11,39533.3203,-0.06372437375366413
2024-11-12,39376.0898,-0.06744809550876607
2024-11-13,38721.6602,-0.08294708418273644
2024-11-14,38535.6992,-0.08735123618441865
2024-11-15,38642.9102,-0.08481213637181095
2024-11-18,38220.8516,-0.09480783562067086
2024-11-19,38414.4297,-0.09022328629798027
2024-11-20,38352.3398,-0.09169377396673473
2024-11-21,38026.1719,-0.09941847435912632
2024-11-22,38283.8516,-0.09331579386941125
2024-11-25,38780.1406,-0.08156208103304807
2024-11-26,38442.0,-0.08957033330282549
2024-11-27,38134.9688,-0.09684181535583081
2024-11-28,38349.0586,-0.09177148329045282
2024-11-29,38208.0312,-0.09511146374873203
2024-12-02,38513.0195,-0.08788836410991141
2024-12-03,39248.8594,-0.07046131882351947
2024-12-04,39276.3906,-0.06980929184157858
2024-12-05,39395.6016,-0.06698599360015922
2024-12-06,39091.1719,-0.07419586380211862
2024-12-09,39160.5,-0.07255395237774565
2024-12-10,39367.5781,-0.06764967982264225
2024-12-11,39372.2305,-0.0675394960917921
2024-12-12,39849.1406,-0.05624473766643656
2024-12-13,39470.4414,-0.0652135474691129
2024-12-16,39457.4883,-0.06552031835813277
2024-12-17,39364.6797,-0.06771832321648108
2024-12-18,39081.7109,-0.07441993058003404
2024-12-19,38813.5781,-0.08077017395276642
2024-12-20,38701.8984,-0.08341510689194342
2024-12-23,39161.3398,-0.07253406322436928
2024-12-24,39036.8516,-0.07548234246149876
2024-12-25,39130.4297,-0.07326611337890276
2024-12-26,39568.0586,-0.06290165956369942
2024-12-27,40281.1602,-0.04601313003846075
2024-12-30,39894.5391,-0.05516955580223715
2025-01-06,39307.0508,-0.06908316011932514
2025-01-07,40083.3008,-0.050699074255590615
2025-01-08,39981.0586,-0.05312049697210863
2025-01-09,39605.0898,-0.06202464215894943
2025-01-10,39190.3984,-0.0718458625190812
2025-01-14,38474.3008,-0.088805346918713
2025-01-15,38444.5781,-0.08950927563871558
2025-01-16,38572.6016,-0.08647726917613796
2025-01-17,38451.4609,-0.08934626889323039
2025-01-20,38902.5,-0.07866421859718975
2025-01-21,39027.9805,-0.07569243851831786
2025-01-22,39646.25,-0.061049836811486013
2025-01-23,39958.8711,-0.053645968025379576
2025-01-24,39931.9805,-0.05428282354786251
2025-01-27,39565.8008,-0.0629551314980803
2025-01-28,39016.8711,-0.075955544687071
2025-01-29,39414.7812,-0.06653175925139021
2025-01-30,39513.9688,-0.06418267924492593
2025-01-31,39572.4883,-0.0627967500820239
2025-02-03,38520.0898,-0.08772091676397598
2025-02-04,38798.3711,-0.08113032441167767
2025-02-05,38831.4805,-0.08034618779010383
2025-02-06,39066.5312,-0.07477943448751967
2025-02-07,38787.0195,-0.08139916665205216
2025-02-10,38801.1719,-0.08106399249839302
2025-02-12,38963.6992,-0.0772148255568137
2025-02-13,39461.4688,-0.06542604737097568
2025-02-14,39149.4297,-0.07281613253328478
2025-02-17,39174.25,-0.0722283083447326
2025-02-18,39270.3984,-0.06995120632700547
2025-02-19,39164.6094,-0.07245662862579916
2025-02-20,38678.0391,-0.0839801715229882
2025-02-21,38776.9414,-0.0816378483341691
2025-02-25,38237.7891,-0.09440670138000484
2025-02-26,38142.3711,-0.09666650518669839
2025-02-27,38256.1719,-0.0939713378069087
2025-02-28,37155.5,-0.1200387731916428
2025-03-03,37785.4688,-0.10511909459496149
2025-03-04,37331.1797,-0.1158781152988052
2025-03-05,37418.2383,-0.11381628885426232
2025-03-06,37704.9297,-0.10702651840145161
2025-03-07,36887.1719,-0.1263936418938041
2025-03-10,37028.2695,-0.1230519988747163
2025-03-11,36793.1094,-0.12862134311964313
2025-03-12,36819.0898,-0.12800604404798555
2025-03-13,36790.0312,-0.12869424475327373
2025-03-14,37053.1016,-0.12246389522437584
2025-03-17,37396.5195,-0.11433065959056787
2025-03-18,37845.4219,-0.10369921319309738
2025-03-19,37751.8789,-0.10591461099528898
2025-03-21,37677.0586,-0.10768659530388869
2025-03-24,37608.4883,-0.10931055959748226
2025-03-25,37780.5391,-0.1052358456778375
2025-03-26,38027.2891,-0.099392015485404
2025-03-27,37799.9688,-0.10477568816014782
2025-03-28,37120.3281,-0.12087175641816861
2025-03-31,35617.5586,-0.15646215064863744
2025-04-01,35624.4805,-0.15629821788993836
2025-04-02,35725.8711,-0.15389696378858497
2025-04-03,34735.9297,-0.1773419463298609
2025-04-04,33780.5781,-0.19996773163672876
2025-04-07,31136.5801,-0.2625860714184257
2025-04-08,33012.5781,-0.21815643108065552
2025-04-09,31714.0293,-0.24891022513856131
2025-04-10,34609.0,-0.1803480481056523
2025-04-11,33585.5781,-0.20458595610491326
2025-04-14,33982.3594,-0.19518890426810265
2025-04-15,34267.5391,-0.18843493571236158
2025-04-16,33920.3984,-0.19665633917206782
2025-04-17,34377.6016,-0.1858283032481074
2025-04-18,34730.2812,-0.17747572089862274
2025-04-21,34279.9219,-0.1881416713536711
2025-04-22,34220.6016,-0.18954656602505593
2025-04-23,34868.6289,-0.1741992043178172
2025-04-24,35039.1484,-0.17016075648600915
2025-04-25,35705.7383,-0.15437377296588273
2025-04-28,35839.9883,-0.15119430304355563
2025-04-30,36045.3789,-0.14632999589250373
2025-05-01,36452.3008,-0.13669278217342629
2025-05-02,36830.6914,-0.1277312810070107
2025-05-07,36779.6602,-0.128939863245374
2025-05-08,36928.6289,-0.12541180737186797
2025-05-09,37503.3281,-0.11180108989860627
2025-05-12,37644.2617,-0.10846333092471216
2025-05-13,38183.2617,-0.09569808483060216
2025-05-14,38128.1289,-0.09700380609193304
2025-05-15,37755.5117,-0.10582857465760687
2025-05-16,37753.7188,-0.10587103627119154
2025-05-19,37498.6289,-0.11191238200332865
2025-05-20,37529.4883,-0.11118153258715702
2025-05-21,37298.9805,-0.11664069546955391
2025-05-22,36985.8711,-0.12405612876339267
2025-05-23,37160.4688,-0.1199210960955529
2025-05-26,37531.5312,-0.1111331501729721
2025-05-27,37724.1094,-0.10657228168436217
2025-05-28,37722.3984,-0.1066128036436702
2025-05-29,38432.9805,-0.08978394394688083
2025-05-30,37965.1016,-0.10086481463471286
2025-06-02,37470.6719,-0.11257449329285196
2025-06-03,37446.8086,-0.11313965265670656
2025-06-04,37747.4492,-0.1060195204769645
2025-06-05,37554.4883,-0.11058945252713337
2025-06-06,37741.6094,-0.10615782564234555
2025-06-09,38088.5703,-0.0979406804224312
2025-06-10,38211.5117,-0.09502903436277543
2025-06-11,38421.1914,-0.09006314758830569
2025-06-12,38173.0898,-0.09593898799710432
2025-06-13,37834.25,-0.10396379956200053
2025-06-16,38311.3281,-0.09266506235864169
2025-06-17,38536.7383,-0.087326626968804
2025-06-18,38885.1484,-0.07907516005197002
2025-06-19,38488.3398,-0.08847285844020603
2025-06-20,38403.2305,-0.09048851921830903
2025-06-23,38354.0898,-0.09165232836253312
2025-06-24,38790.5586,-0.08131534943043506
2025-06-25,38942.0703,-0.07772706717322364
2025-06-26,39584.5781,-0.06251042490163694
2025-06-27,40150.7891,-0.04910073518699465
2025-06-30,40487.3906,-0.0411289337340327
2025-07-01,39986.3281,-0.05299569833705675
2025-07-02,39762.4805,-0.05829712635482287
2025-07-03,39785.8984,-0.05774251548931775
2025-07-04,39810.8789,-0.05715089725174072
2025-07-07,39587.6797,-0.062436969081070104
2025-07-08,39688.8086,-0.06004191287378513
2025-07-09,39821.2812,-0.05690453747540558
2025-07-10,39646.3594,-0.06104724586914334
2025-07-11,39569.6797,-0.0628632667242871
2025-07-14,39459.6211,-0.06546980682405201
2025-07-15,39678.0195,-0.06029743331280912
2025-07-16,39663.3984,-0.06064370778343364
2025-07-17,39901.1914,-0.05501200803490536
2025-07-18,39819.1094,-0.056955972654379794
2025-07-22,39774.9219,-0.05800247416047166
2025-07-23,41171.3203,-0.024931288220914283
2025-07-24,41826.3398,-0.009418328825847588
2025-07-25,41456.2305,-0.018183702288220194
2025-07-28,40998.2695,-0.0290296853429598
2025-07-29,40674.5508,-0.036696380836031106
2025-07-30,40654.6992,-0.037166530296813605
2025-07-31,41069.8203,-0.027335133264610234
2025-08-01,40799.6016,-0.03373477742923081
2025-08-04,40290.6992,-0.04578721597075808
2025-08-05,40549.5391,-0.0396570582296174
2025-08-06,40794.8594,-0.03384708791165658
2025-08-07,41059.1484,-0.027587878032312996
2025-08-08,41820.4805,-0.009557095813675587
2025-08-12,42718.1719,0.0
2025-08-13,43274.6719,0.0
2025-08-14,42649.2617,-0.014452107261383906
2025-08-15,43378.3086,0.0
2025-08-18,43714.3086,0.0
2025-08-19,43546.2891,-0.003843581321105294
2025-08-20,42888.5508,-0.018889874424320663
2025-08-21,42610.1719,-0.025258015861652994
2025-08-22,42633.2891,-0.024729191301906872
2025-08-25,42807.8203,-0.020736649601270307
2025-08-26,42394.3984,-0.03019400837555508
2025-08-27,42520.2695,-0.027314605634640943
2025-08-28,42828.7891,-0.02025697142102334
2025-08-29,42718.4688,-0.02278063709327416
2025-09-01,42188.7891,-0.03489748663210002
2025-09-02,42310.4883,-0.03211351946213781
2025-09-03,41938.8906,-0.04061411599221765
2025-09-04,42580.2695,-0.025942057333602553
2025-09-05,43018.75,-0.015911462911711194
2025-09-08,43643.8086,-0.0016127442537201553
2025-09-09,43459.2891,-0.005833776357611065
2025-09-10,43837.6719,0.0
2025-09-11,44372.5,0.0
2025-09-12,44768.1211,0.0
2025-09-16,44902.2695,0.0
2025-09-17,44790.3789,-0.002491869592471274
2025-09-18,45303.4297,0.0
2025-09-19,45045.8086,-0.0056865694651812015
2025-09-22,45493.6602,0.0
2025-09-24,45630.3086,0.0
2025-09-25,45754.9297,0.0
2025-09-26,45354.9883,-0.008740946661316862
2025-09-29,45043.75,-0.015543236644946723
2025-09-30,44932.6289,-0.01797185145713376
2025-10-01,44550.8516,-0.026315811386767307
2025-10-02,44936.7305,-0.017882208657398535
2025-10-03,45769.5,0.0
2025-10-06,47944.7617,0.0
2025-10-07,47950.8789,0.0
2025-10-08,47734.9883,-0.004502328319158422
2025-10-09,48580.4414,0.0
2025-10-10,48088.8008,-0.010120134478646459
2025-10-14,46847.3203,-0.03567528515704277
2025-10-15,47672.6719,-0.01868590473531606
2025-10-16,48277.7383,-0.006230966439922159
2025-10-17,47582.1484,-0.020549278088692002
2025-10-20,49185.5,0.0
2025-10-21,49316.0586,0.0
2025-10-22,49307.7891,-0.00016768371671926907
2025-10-23,48641.6094,-0.013676056423535754
2025-10-24,49299.6484,-0.00033275570809709887
2025-10-27,50512.3203,0.0
2025-10-28,50219.1797,-0.005803348534753394
2025-10-29,51307.6484,0.0
2025-10-30,51325.6094,0.0
2025-10-31,52411.3398,0.0
2025-11-04,51497.1992,-0.01744165677672671
2025-11-05,50212.2695,-0.041957910413883304
2025-11-06,50883.6797,-0.029147510936173404
2025-11-07,50276.3711,-0.040734862114706005
2025-11-10,50911.7617,-0.028611710857275208
2025-11-11,50842.9297,-0.029925014433613062
2025-11-12,51063.3086,-0.025720220187922083
2025-11-13,51281.8281,-0.021550902997522714
2025-11-14,50376.5312,-0.03882382338945667
2025-11-17,50323.9102,-0.039827823672616836
2025-11-18,48702.9805,-0.07075490369357063
2025-11-19,48537.6992,-0.07390844452329759
2025-11-20,49823.9414,-0.049367148595579224
2025-11-21,48625.8789,-0.07222598991831153
2025-11-25,48659.5195,-0.07158413263841046
2025-11-26,49559.0703,-0.05442084691755966
2025-11-27,50167.1016,-0.04281970673834978
2025-11-28,50253.9102,-0.0411634125025746
2025-12-01,49303.2812,-0.05930126212877318
2025-12-02,49303.4492,-0.05929805671558119
2025-12-03,49864.6797,-0.048589868332272634
2025-12-04,51028.4219,-0.026385852856980363
2025-12-05,50491.8711,-0.03662315650247894
2025-12-08,50581.9414,-0.03490462955117968
2025-12-09,50655.1016,-0.033508744609501484
2025-12-10,50602.8008,-0.03450663552775657
2025-12-11,50148.8203,-0.04316851102516561
2025-12-12,50836.5508,-0.03004672282771914
2025-12-15,50168.1094,-0.042800478075166515
2025-12-16,49383.2891,-0.057774724163796365
2025-12-17,49512.2812,-0.055313575479327914
2025-12-18,49001.5,-0.06505919926893378
2025-12-19,49507.2109,-0.05541031599424984
2025-12-22,50402.3906,-0.0383304301638937
2025-12-23,50412.8711,-0.03813046389628838
2025-12-24,50344.1016,-0.03944257498259951
2025-12-25,50407.7891,-0.03822742764534326
2025-12-26,50750.3906,-0.03169064569496094
2025-12-29,50526.9219,-0.035954392831606286
2025-12-30,50339.4805,-0.03953074483320118
2026-01-05,51832.8008,-0.011038431801356219
2026-01-06,52518.0781,0.0
2026-01-07,51961.9805,-0.010588689078475655
2026-01-08,51117.2617,-0.026673032423857768
2026-01-09,51939.8906,-0.011009304241847317
2026-01-13,53549.1602,0.0
2026-01-14,54341.2305,0.0
2026-01-15,54110.5,-0.004245956484183688
2026-01-16,53936.1719,-0.0074539828464134095
2026-01-19,53583.5703,-0.013942639742027918
2026-01-20,52991.1016,-0.02484538696634775
2026-01-21,52774.6406,-0.028828752782843248
2026-01-22,53688.8906,-0.012004511013051111
2026-01-23,53846.8711,-0.009097316999474248
2026-01-26,52885.25,-0.02679329280186249
2026-01-27,53333.5391,-0.018543772209942855
2026-01-28,53358.7109,-0.018080554874442933
2026-01-29,53375.6016,-0.017769728272899465
2026-01-30,53322.8516,-0.01874044607804748
2026-02-02,52655.1797,-0.03102710013163945
2026-02-03,54720.6602,0.0
2026-02-04,54293.3594,-0.007808765435911136
2026-02-05,53818.0391,-0.01649506962637115
2026-02-06,54253.6797,-0.008533897403525836
2026-02-09,56363.9414,0.0
2026-02-10,57650.5391,0.0
2026-02-12,57639.8398,-0.00018558889764141995
2026-02-13,56941.9688,-0.01229078359130209
2026-02-16,56806.4102,-0.014642168367858366
2026-02-17,56566.4883,-0.01880382762977506
2026-02-18,57143.8398,-0.008789151114807159
2026-02-19,57467.8281,-0.0031692851940737787
2026-02-20,56825.6992,-0.014307583465425044
2026-02-24,57321.0898,-0.005714591834580118
2026-02-25,58583.1211,0.0
2026-02-26,58753.3906,0.0
2026-02-27,58850.2695,0.0
2026-03-02,58057.2383,-0.013475404730304619
2026-03-03,56279.0508,-0.04369085684475926
2026-03-04,54245.5391,-0.07824484813956545
2026-03-05,55278.0586,-0.060699992206492914
2026-03-06,55620.8398,-0.05487535957673062
2026-03-09,52728.7188,-0.10401907675206146
2026-03-10,54248.3906,-0.07819639466561834
2026-03-11,55025.3711,-0.06499372785370172
2026-03-12,54452.9609,-0.07472027974315398
2026-03-13,53819.6094,-0.08548236299920431
2026-03-16,53751.1484,-0.08664567118082622
2026-03-17,53700.3906,-0.08750816170858833
2026-03-18,55239.3984,-0.061356916980643605
2026-03-19,53372.5312,-0.09307923899991666
2026-03-23,51515.4883,-0.12463462380575852
2026-03-24,52252.2812,-0.11211483576978354
2026-03-25,53749.6211,-0.08667162348338953
2026-03-26,53603.6484,-0.08915203183564013
2026-03-27,53373.0703,-0.09307007846412674
2026-03-30,51885.8516,-0.11834130853045621
2026-03-31,51063.7188,-0.1323112156691143
2026-04-01,53739.6797,-0.08684055049229644
2026-04-02,52463.2695,-0.10852966442235235
2026-04-03,53123.4883,-0.09731104459937956
2026-04-06,53413.6797,-0.09238003234632597
2026-04-07,53429.5586,-0.09211021370089056
2026-04-08,56308.4219,-0.043191775018124656
2026-04-09,55895.3203,-0.050211311266807446
2026-04-10,56924.1094,-0.03272984331872941
2026-04-13,56502.7695,-0.03988936703170065
2026-04-14,57877.3906,-0.016531426419381212
2026-04-15,58134.2383,-0.01216699950711364
2026-04-16,59518.3398,0.0
2026-04-17,58475.8984,-0.017514624962707726
2026-04-20,58824.8906,-0.011651017187814805
2026-04-21,59349.1719,-0.002842281901149435
2026-04-22,59585.8594,0.0
2026-04-23,59140.2305,-0.007478769367216698
2026-04-24,59716.1797,0.0
2026-04-27,60537.3594,0.0
2026-04-28,59917.4609,-0.01023993292974723
2026-04-30,59284.9219,-0.02068867080449499
2026-05-01,59513.1211,-0.01691911094490195
2026-05-07,62833.8398,0.0
2026-05-08,62713.6484,-0.0019128450590091273
2026-05-11,62417.8789,-0.006620014013531628
2026-05-12,62742.5703,-0.0014525532784644968
2026-05-13,63272.1094,0.0
2026-05-14,62654.0508,-0.009768262918068649
2026-05-15,61409.2891,-0.029441412933199906
2026-05-18,60815.9492,-0.038819002927062196
2026-05-19,60550.5898,-0.04301294244506415
2026-05-20,59804.4102,-0.05480612599901724
2026-05-21,61684.1406,-0.025097453128376412
2026-05-22,63339.0703,0.0
2026-05-25,65158.1914,0.0
2026-05-26,64996.0898,-0.0024878161366523877
2026-05-27,64999.4102,-0.0024368570794922606
2026-05-28,64693.1211,-0.007137556921200994
2026-05-29,66329.5,0.0
2026-06-01,66934.3281,0.0
2026-06-02,66734.2422,-0.002989286748364406
2026-06-03,68402.1328,0.0
2026-06-04,67470.6875,-0.01361719674331563
2026-06-05,66588.1172,-0.0265198689827989
2026-06-08,64024.6016,-0.06399699864329378
2026-06-09,65416.6289,-0.04364635688669638
2026-06-10,64179.2695,-0.06173584254086306
2026-06-11,64217.2695,-0.06118030430770438
2026-06-12,66020.0391,-0.034824845403066296
2026-06-15,69317.5,0.0
2026-06-16,69404.5,0.0
2026-06-17,69902.25,0.0
2026-06-18,71053.4922,0.0
2026-06-19,71250.0625,0.0
2026-06-22,72353.9609,0.0
2026-06-23,69788.3828,-0.03545870976636467
2026-06-24,69174.9688,-0.04393666995499623
2026-06-25,72366.3438,0.0
2026-06-26,69360.8828,-0.04153119865093968
2026-06-29,69468.1094,-0.04004947946534232
2026-06-30,70062.3203,-0.031838329519143116
2026-07-01,70474.9609,-0.026136223010343573
2026-07-02,68733.1484,-0.050205595712298434
2026-07-03,69744.0703,-0.03623609211551737
2026-07-06,69737.6875,-0.03632429333814158
2026-07-07,68256.9609,-0.056785830044933094
2026-07-08,66819.0469,-0.07665575747934916
2026-07-09,67743.8516,-0.06387627116792394
2026-07-10,68557.7266,-0.05262967562000842
2026-07-13,67242.7266,-0.07080110630102066
2026-07-14,67743.5,-0.06388112978011196
2026-07-15,68751.5078,-0.04995189490283458
2026-07-16,66835.5391,-0.07642785871959457
