date,atm_iv,atm_iv_next,skew,term,dte_near,iv_chg5,rv20,vrp,skew_z,ivchg5_z,atm_z
2016-07-19,28.128935714285717,25.17174285714286,2.6326874999999994,2.957192857142857,24,,38.16572142484927,-10.036785710563557,,,
2016-07-20,27.50740833333333,24.797075,2.9257500000000007,2.710333333333331,23,,37.99869520525901,-10.49128687192568,,,
2016-07-21,29.485925,26.075008333333336,2.1716250000000024,3.4109166666666653,22,,37.93531349786633,-8.44938849786633,,,
2016-07-22,28.858,25.623064285714285,4.1042375,3.234935714285715,21,,38.07514654617788,-9.217146546177883,,,
2016-07-25,30.0489,25.513864285714284,4.6333375,4.535035714285716,18,,21.81487120157925,8.234028798420749,,,
2016-07-26,31.07337857142857,25.944792857142858,5.0705124999999995,5.1285857142857125,17,2.944442857142853,21.751011647559274,9.322366923869296,,,
2016-07-27,32.014964285714285,26.381735714285718,3.650450000000003,5.6332285714285675,16,4.5075559523809545,22.25587843399478,9.759085851719504,,,
2016-07-28,32.37535,26.450464285714283,7.07805892857143,5.924885714285715,15,2.8894249999999957,22.465287356814656,9.910062643185341,,,
2016-07-29,25.431241666666665,23.654533333333333,2.2102874999999997,1.7767083333333318,14,-3.4267583333333356,22.46892388248685,2.9623177841798167,,,
2016-08-01,24.179178571428572,22.264792857142858,3.9585749999999997,1.9143857142857144,11,-5.869721428571427,22.42919350117763,1.7499850702509434,,,
2016-08-02,22.959972916666665,21.78565,4.4938,1.1743229166666644,10,-8.113405654761905,23.255271746454298,-0.2952988297876331,,,
2016-08-03,23.853766666666665,22.510358333333336,5.5864875000000005,1.343408333333329,9,-8.16119761904762,24.24396102565907,-0.39019435899240307,,,
2016-08-04,21.7411,21.612857142857145,3.1051714285714276,0.12824285714285466,8,-10.634249999999998,23.248724311488463,-1.5076243114884633,,,
2016-08-05,20.0011,20.160271428571427,4.1593017857142875,-0.15917142857142608,7,-5.430141666666664,23.007441373749863,-3.006341373749862,,,
2016-08-08,18.117221428571426,19.784221428571428,4.91685,-1.6670000000000016,32,-6.061957142857146,23.506378973433165,-5.389157544861739,,,
2016-08-09,17.680135714285715,19.622407142857142,4.797812499999999,-1.942271428571427,31,-5.27983720238095,19.774903170304086,-2.0947674560183707,,,
2016-08-10,17.3082,19.66605,4.390162499999999,-2.357849999999999,30,-6.545566666666666,18.19313481687258,-0.8849348168725797,,,
2016-08-12,16.523514285714285,19.9176625,5.071275,-3.394148214285714,28,-5.217585714285715,18.33709145193572,-1.8135771662214353,,,
2016-08-15,16.883235714285714,19.906599999999997,5.1553875,-3.0233642857142833,25,-3.117864285714287,18.2033636019642,-1.3201278876784848,,,
2016-08-16,17.353592857142857,20.52795,5.798124999999999,-3.1743571428571435,24,-0.7636285714285691,19.128704187076874,-1.7751113299340169,,,
2016-08-17,16.95077857142857,20.276933333333332,6.060575,-3.3261547619047604,23,-0.7293571428571433,18.769886412271198,-1.8191078408426264,,,
2016-08-18,18.464157142857143,21.175516666666667,6.580637500000002,-2.7113595238095236,22,1.1559571428571438,19.569461168249937,-1.105304025392794,,,
2016-08-19,17.986508333333333,21.168799999999997,6.7975125,-3.1822916666666643,21,1.4629940476190484,19.395170130853728,-1.408661797520395,,,
2016-08-22,17.460814285714285,21.043225,7.142424999999999,-3.5824107142857144,18,0.577578571428571,19.05931982167953,-1.598505535965245,,,
2016-08-23,17.523735714285714,21.392166666666668,7.1414875,-3.8684309523809546,17,0.17014285714285649,19.178466869995408,-1.654731155709694,,,
2016-08-24,17.431035714285713,21.439012499999997,7.832012499999998,-4.007976785714284,16,0.48025714285714116,18.56019837081277,-1.1291626565270576,,,
2016-08-25,17.532575,21.5621,7.918962499999999,-4.029525,15,-0.9315821428571418,17.537670274763624,-0.0050952747636223705,,,
2016-08-26,18.75467857142857,22.230150000000002,6.777950000000001,-3.4754714285714314,14,0.7681702380952373,17.58178699001566,1.1728915814129088,,,
2016-08-29,18.535821428571428,21.681183333333333,6.810012499999999,-3.1453619047619057,11,1.0750071428571424,19.323045912902007,-0.7872244843305793,,,
2016-08-30,17.694378571428572,21.328966666666666,5.7717874999999985,-3.634588095238094,10,0.17064285714285887,19.282306245256702,-1.5879276738281298,,,
2016-08-31,17.382835714285715,21.262025,6.004950000000001,-3.8791892857142862,9,-0.0481999999999978,18.692317731191253,-1.3094820169055374,,,
2016-09-01,17.507641666666665,21.44056666666667,6.477662500000001,-3.9329250000000044,8,-0.024933333333336805,17.054298773394407,0.4533428932722572,,,
2016-09-02,19.394333333333336,21.575116666666666,7.473725000000002,-2.1807833333333306,7,0.6396547619047652,16.803943480251714,2.5903898530816214,,,
2016-09-05,21.16596428571429,21.465066666666665,4.126887499999999,-0.29910238095237673,39,2.630142857142861,16.86107462315491,4.304889662559379,,,
2016-09-06,21.029892857142855,21.395575,4.024137499999998,-0.3656821428571462,38,3.3355142857142823,14.78670689087057,6.243185966272284,,,
2016-09-07,20.487428571428573,21.08951666666667,4.404724999999999,-0.6020880952380949,37,3.1045928571428583,14.749604101190899,5.737824470237674,,,
2016-09-08,19.971271428571427,20.699333333333335,4.5611,-0.7280619047619084,36,2.4636297619047625,14.78880950252722,5.182461926044207,,,
2016-09-09,18.970792857142857,20.306557142857145,4.2798750000000005,-1.335764285714287,35,-0.4235404761904782,14.277786900706504,4.6930059564363535,,,
2016-09-12,21.283366666666666,21.76515,6.025962500000002,-0.48178333333333256,32,0.11740238095237743,15.557041349736856,5.72632531692981,,,
2016-09-13,19.805707142857145,20.794178571428574,6.1863125,-0.9884714285714296,31,-1.22418571428571,14.446199413208868,5.359507729648277,,,
2016-09-14,20.506792857142855,21.19462857142857,6.306975000000001,-0.6878357142857148,30,0.019364285714281948,14.296010783856,6.210782073286856,,,
2016-09-15,22.08212142857143,22.33392142857143,6.765214285714286,-0.25179999999999936,29,2.110850000000003,13.912047012601558,8.170074415969871,,,
2016-09-16,21.220685714285715,21.69017857142857,7.552962500000003,-0.46949285714285693,28,2.249892857142857,14.083362569523844,7.13732314476187,,,
2016-09-20,21.269192857142855,21.45122142857143,6.7406875,-0.18202857142857454,24,-0.014173809523811087,14.039937372278304,7.2292554848645505,,,
2016-09-21,18.192500000000003,20.181541666666668,4.396700000000003,-1.9890416666666653,23,-1.6132071428571422,15.420208314609374,2.7722916853906288,,,
2016-09-23,15.604892857142858,18.55625,6.851862499999999,-2.951357142857141,21,-4.901899999999998,15.362753139391758,0.24213971775109933,,,
2016-09-26,16.56586666666667,18.938175,6.477599999999999,-2.372308333333333,18,-5.5162547619047615,16.02385608180007,0.542010584866599,,,
2016-09-27,15.987191666666666,18.718008333333334,6.325775,-2.7308166666666676,17,-5.233494047619049,15.649200985183453,0.33799068148321254,,,
2016-09-28,17.195549999999997,19.139585714285715,7.116512499999999,-1.944035714285718,16,-4.073642857142858,14.140515859300635,3.0550341406993624,,,
2016-09-29,15.968758333333334,18.434616666666663,5.898562500000001,-2.4658583333333297,15,-2.223741666666669,15.059673644973087,0.909084688360247,,,
2016-09-30,18.221933333333332,19.457608333333333,8.1712125,-1.2356750000000005,14,2.617040476190475,15.448026189583782,2.7739071437495504,,,
2016-10-03,17.12197857142857,18.34995,8.101825000000002,-1.2279714285714292,11,0.5561119047619023,15.83375159307661,1.288226978351961,,,
2016-10-04,15.787892857142857,17.883435714285717,6.410712499999999,-2.09554285714286,10,-0.19929880952380863,16.166701678047083,-0.37880882090422574,,,
2016-10-05,16.345925,18.409858333333332,5.110731944444446,-2.063933333333331,9,-0.8496249999999961,16.082037660192817,0.2638873398071837,,,
2016-10-06,16.306785714285716,18.605707142857142,6.1566875,-2.2989214285714255,8,0.3380273809523828,16.156947528441595,0.14983818584412134,,,
2016-10-07,16.2471,18.77212857142857,5.124400000000001,-2.525028571428571,7,-1.9748333333333328,16.117690240425688,0.12940975957431178,,,
2016-10-11,17.85904285714286,18.082135714285712,7.0103875,-0.2230928571428521,31,0.7370642857142897,16.474883712151346,1.3841591449915143,,,
2016-10-12,18.09715,18.271885714285716,6.850937500000001,-0.17473571428571688,30,2.309257142857142,16.93883399532335,1.1583160046766494,,,
2016-10-13,18.9155,18.956835714285713,7.939599999999999,-0.04133571428571159,29,2.5695750000000004,15.775622712127573,3.1398772878724284,,,
2016-10-14,17.47562142857143,18.091471428571428,8.3349375,-0.6158499999999982,28,1.1688357142857129,15.823994620299512,1.6516268082719172,,,
2016-10-17,17.522785714285714,17.991914285714287,8.372762500000002,-0.46912857142857334,25,1.2756857142857143,15.602955420935785,1.9198302933499285,,,
2016-10-18,16.726264285714286,17.300014285714283,7.755624999999998,-0.5737499999999969,24,-1.1327785714285739,14.782070645239259,1.944193640475028,,,
2016-10-19,16.594614285714286,17.27068571428571,7.606362500000001,-0.6760714285714258,23,-1.5025357142857132,14.65244064838473,1.9421736373295566,,,
2016-10-20,15.481650000000002,16.49807857142857,7.663237500000001,-1.0164285714285697,22,-3.4338499999999996,15.238671195768838,0.24297880423116425,,,
2016-10-21,15.870533333333334,16.837833333333332,7.315268055555556,-0.967299999999998,21,-1.605088095238095,13.97810253770385,1.892430795629485,,,
2016-10-24,16.356364285714285,16.954321428571426,7.205037500000001,-0.5979571428571404,18,-1.1664214285714287,13.896358446114002,2.4600058396002833,,,
2016-10-25,15.882178571428572,16.550021428571426,6.235962499999999,-0.6678428571428547,17,-0.8440857142857148,13.017606346222541,2.8645722252060306,,,
2016-10-26,15.29487142857143,16.35397857142857,7.318852777777778,-1.0591071428571404,16,-1.2997428571428564,12.82682945735505,2.4680419712163797,,,
2016-10-27,15.869150000000001,16.43657857142857,7.390966666666666,-0.5674285714285681,15,0.3874999999999993,11.689840055594756,4.1793099444052455,,,
2016-10-28,15.501942857142858,16.254414285714283,7.0867875,-0.7524714285714253,14,-0.3685904761904766,11.024022659140213,4.477920198002645,,,
2016-10-31,17.444435714285717,16.98332142857143,8.287368055555554,0.46111428571428803,11,1.088071428571432,9.160106821099857,8.28432889318586,,,
2016-11-01,16.940600000000003,17.028592857142854,10.288037500000002,-0.08799285714285077,10,1.0584214285714317,8.886660142823539,8.053939857176465,,,
2016-11-02,23.06129285714286,19.86785714285714,14.854849999999995,3.1934357142857195,9,7.76642142857143,11.164925534173452,11.896367322969407,,,
2016-11-04,30.490178571428572,22.3047,18.605487500000002,8.185478571428572,7,14.621028571428571,12.204529554040155,18.285649017388415,,,
2016-11-07,20.878735714285714,19.621314285714284,8.025054166666667,1.2574214285714298,32,5.376792857142856,13.346703588165129,7.532032126120585,,,
2016-11-08,20.080585714285714,19.153021428571428,8.237506944444444,0.9275642857142863,31,2.636149999999997,13.303712556342346,6.776873157943369,,,
2016-11-09,24.110457142857143,22.358842857142857,8.280437499999998,1.751614285714286,30,7.16985714285714,23.54539439306349,0.565062749793654,,,
2016-11-10,18.366589285714284,19.631441666666667,6.704947499999999,-1.2648523809523837,29,-4.694703571428576,33.30086826576646,-14.934278980052177,,,
2016-11-11,19.544935714285714,19.9136875,6.286925,-0.3687517857142879,28,-10.945242857142858,33.23995115087968,-13.69501543659397,,,
2016-11-14,20.03927142857143,20.1036,6.0840250000000005,-0.06432857142857173,25,-0.8394642857142856,33.66630842872207,-13.62703700015064,,,
2016-11-15,19.24185,20.0313375,6.391868055555555,-0.7894874999999999,24,-0.8387357142857148,33.67890027212492,-14.437050272124921,,,
2016-11-16,18.712264285714284,18.767935714285713,5.763744444444445,-0.05567142857142926,23,-5.39819285714286,33.81804403636977,-15.105779750655486,,,
2016-11-17,17.447485714285712,20.033549999999998,5.461122222222222,-2.5860642857142864,22,-0.9191035714285718,33.829958099524674,-16.382472385238962,,,
2016-11-18,17.287057142857144,18.237392857142858,5.255370833333334,-0.9503357142857141,21,-2.25787857142857,33.59291240920065,-16.305855266343507,,,
2016-11-21,16.856607142857143,17.922449999999998,5.1048222222222215,-1.0658428571428544,18,-3.182664285714285,33.593662915088736,-16.737055772231592,,,
2016-11-22,16.813492857142855,17.919192857142857,6.271365277777775,-1.1057000000000023,17,-2.428357142857145,33.59404660786235,-16.7805537507195,,,
2016-11-24,17.165357142857143,17.757042857142856,6.093813888888889,-0.5916857142857133,15,-1.5469071428571404,33.63465386025512,-16.469296717397977,,,
2016-11-25,17.463385714285714,18.000114285714286,7.544222222222224,-0.5367285714285721,14,0.015900000000002024,33.631805313644676,-16.168419599358963,,,
2016-11-28,18.26787142857143,17.75527142857143,9.464275,0.5125999999999991,11,0.9808142857142848,33.59444432776781,-15.326572899196382,,,
2016-11-29,18.525775,17.5818875,9.609255555555556,0.9438874999999989,10,1.669167857142856,33.62410784449927,-15.098332844499271,,,
2016-11-30,18.82061875,17.4087625,8.686044444444445,1.4118562499999996,9,2.0071258928571467,33.60858119687253,-14.787962446872527,,,
2016-12-01,19.13755714285714,17.573114285714286,10.753580555555555,1.5644428571428541,8,1.9721999999999973,33.74129895458148,-14.60374181172434,,,
2016-12-02,21.3807375,18.04370625,11.145155555555554,3.337031249999999,7,3.9173517857142848,32.98367944813471,-11.60294194813471,,,
2016-12-05,18.108307142857143,19.870283333333333,5.936931944444442,-1.7619761904761901,39,-0.1595642857142856,32.67420953737922,-14.565902394522077,,,
2016-12-06,17.47555,19.155987500000002,4.135444444444445,-1.6804375000000036,38,-1.050225000000001,32.3659751978997,-14.890425197899702,,,
2016-12-07,16.396749999999997,18.540950000000002,4.472844444444444,-2.144200000000005,37,-2.423868750000004,32.36597786848005,-15.969227868480054,,,
2016-12-08,16.983192857142857,18.62806666666667,3.874231944444446,-1.644873809523812,36,-2.1543642857142835,23.928939669843864,-6.945746812701007,,,
2016-12-09,17.492328571428573,19.35857142857143,4.6741444444444475,-1.8662428571428578,35,-3.888408928571426,10.626761372090119,6.865567199338454,,,
2016-12-12,17.579625,19.45208125,4.093140000000002,-1.872456249999999,32,-0.5286821428571429,10.652992168888865,6.926632831111135,,,
2016-12-13,16.59832142857143,18.773264285714284,5.287666666666668,-2.1749428571428524,31,-0.8772285714285672,9.646199385013322,6.952122043558109,,,
2016-12-14,16.269528571428573,18.706,6.004833333333332,-2.4364714285714264,30,-0.12722142857142416,9.621541560348938,6.6479870110796355,,,
2016-12-15,16.2638375,18.53643125,5.249715555555557,-2.2725937499999986,29,-0.7193553571428559,9.35428473641442,6.90955276358558,,,
2016-12-16,16.10565,18.6948625,5.608271111111112,-2.5892124999999986,28,-1.3866785714285719,9.292469804946842,6.8131801950531585,,,
2016-12-19,15.87678125,18.563625000000002,6.617344444444443,-2.6868437500000013,25,-1.7028437499999995,9.408892063383572,6.4678891866164285,,,
2016-12-20,14.973357142857143,17.932035714285714,5.813822222222223,-2.958678571428571,24,-1.624964285714288,9.31625039749545,5.657106745361693,,,
2016-12-21,14.710675,18.222625,6.0550322222222235,-3.5119500000000006,23,-1.558853571428573,9.578130530034636,5.132544469965364,,,
2016-12-22,14.10141875,18.019262500000004,6.53446888888889,-3.917843750000003,22,-2.1624187500000005,9.423614162475502,4.6778045875244985,,,
2016-12-26,13.86904375,17.91281875,6.362233333333332,-4.043775,18,-2.2366062500000012,9.558149437619399,4.310894312380601,,,
2016-12-27,13.86904375,17.91281875,6.362233333333332,-4.043775,17,-2.007737500000001,9.483738099557979,4.385305650442021,,,
2016-12-28,14.34764375,17.94579375,6.221208888888887,-3.5981500000000004,16,-0.6257133928571434,9.325567954562667,5.022075795437333,,,
2016-12-29,16.107178571428573,18.92975,9.377314444444444,-2.8225714285714254,15,1.396503571428573,10.936076370995586,5.171102200432987,,,
2016-12-30,16.639499999999998,19.334185714285717,9.595688888888887,-2.6946857142857183,14,2.5380812499999976,10.489124112199093,6.150375887800905,,,
2017-01-04,18.843987499999997,19.15710625,5.856300000000001,-0.313118750000001,9,4.974943749999998,13.05039702295526,5.793590477044738,,,
2017-01-05,16.534937499999998,18.565375,6.866999999999997,-2.0304375000000014,8,2.6658937499999986,12.62579570714603,3.9091417928539673,,,
2017-01-06,16.04264375,18.6563125,6.211637777777778,-2.6136687499999987,7,1.6950000000000003,12.833006961647936,3.2096367883520642,,,
2017-01-10,18.53143125,18.8339625,6.133767777777777,-0.3025312499999977,31,2.4242526785714276,13.262011703931579,5.269419546068422,,,
2017-01-11,18.04232857142857,18.54837142857143,6.100866666666668,-0.5060428571428588,30,1.4028285714285715,12.456770426112824,5.585558145315746,,,
2017-01-12,17.708257142857143,18.44002857142857,6.908999999999999,-0.7317714285714274,29,-1.1357303571428545,12.667594675043576,5.040662467813567,,,
2017-01-13,16.04863125,17.1025,6.207772222222223,-1.0538687499999995,28,-0.4863062499999984,12.637019056877113,3.4116121931228864,,,
2017-01-16,17.17323125,17.78425,6.691177777777778,-0.6110187499999995,25,1.1305875000000007,13.02207159723126,4.15115965276874,,,
2017-01-17,18.694481250000003,18.85270625,7.949777777777779,-0.15822499999999806,24,0.16305000000000192,13.99140007916608,4.703081170833922,,,
2017-01-18,18.3295,18.757285714285715,7.656444444444443,-0.4277857142857151,23,0.28717142857142974,14.105889455813585,4.223610544186414,,,
2017-01-19,18.342543749999997,18.6940125,6.0807111111111105,-0.3514687500000022,22,0.6342866071428546,14.337058686310186,4.005485063689811,,,
2017-01-20,17.96565,18.582842857142857,6.214155555555557,-0.6171928571428573,21,1.9170187500000004,14.417847776866646,3.5478022231333544,,,
2017-01-23,18.83432857142857,19.09472142857143,6.346455555555554,-0.26039285714285754,18,1.6610973214285707,14.869735520160543,3.9645930512680287,,,
2017-01-24,18.460212499999997,18.8698375,5.554922222222224,-0.4096250000000019,17,-0.23426875000000535,14.931023337766817,3.5291891622331804,-0.4217133261281925,,-0.10553669644566695
2017-01-25,17.3145375,17.796968749999998,4.880566666666667,-0.48243124999999765,16,-1.0149624999999993,15.972173990865054,1.3423635091349464,-0.7364612301645401,,-0.4062963599625978
2017-01-26,17.766693749999998,17.70546875,3.0605888888888906,0.061224999999996754,15,-0.5758499999999991,17.3173506401519,0.44934310984809755,-1.5776021418836152,,-0.2852589952039284
2017-01-27,16.3320625,17.36134375,3.953012222222224,-1.0292812500000004,14,-1.6335875000000009,17.357650704493025,-1.025588204493026,-1.1464545197801985,,-0.6631347074988477
2017-01-30,16.844457142857145,17.469935714285715,5.648544444444443,-0.6254785714285696,11,-1.9898714285714263,17.457299432584154,-0.6128422897270092,-0.3466649476754061,,-0.5239687869117058
2017-01-31,19.823606249999997,18.5733625,8.441944444444445,1.2502437499999957,10,1.3633937500000002,17.878671918853467,1.9449343311465306,0.9658361628365878,0.5406414931547265,0.27131696019445567
2017-02-01,18.273706249999996,17.94080625,5.059878888888889,0.3328999999999951,9,0.9591687499999964,17.989544524767215,0.2841617252327815,-0.6290060946523259,0.4177940643187178,-0.14393642586989264
2017-02-02,19.371675,18.767875,7.476533333333332,0.6037999999999997,8,1.6049812500000016,15.93209450327425,3.4395804967257497,0.5131696245366567,0.6083367625810521,0.15115479446203606
2017-02-03,20.04346875,19.00920625,6.68633333333333,1.0342625000000005,7,3.7114062499999996,15.92826681795588,4.115201932044119,0.13733153931743478,1.2298850405052095,0.33136280566637943
2017-02-06,18.48947857142857,18.950964285714285,6.18247777777778,-0.4614857142857147,32,1.6450214285714253,15.995528548444138,2.493950022984432,-0.10248659898316607,0.6062893819240152,-0.08974632810605641
2017-02-07,17.77541875,18.48615625,5.980933333333333,-0.7107375000000005,31,-2.0481874999999974,15.828195285078294,1.9472234649217057,-0.19816850159273786,-0.5028391975126849,-0.28299747373450423
2017-02-08,16.72467857142857,17.70444285714286,5.897377777777779,-0.979764285714289,30,-1.5490276785714272,15.907469609899472,0.8172089615290972,-0.23737811258344285,-0.35068225739915865,-0.567253332179165
2017-02-09,16.5695875,18.83135,4.85277777777778,-2.2617624999999997,29,-2.802087499999999,15.464636875606317,1.104950624393684,-0.7366095675340842,-0.7259796813996477,-0.6067015854410053
2017-02-10,17.156950000000002,18.808612500000002,4.159588888888891,-1.6516625000000005,28,-2.886518749999997,17.662663503722385,-0.505713503722383,-1.0629589396460775,-0.7472217627977038,-0.44358257787324024
2017-02-13,16.44256875,18.6201625,4.691636666666666,-2.1775937499999998,25,-2.046909821428571,17.28403404950048,-0.8414652995004808,-0.8015407064810686,-0.4898135940557032,-0.6370105449333772
2017-02-14,16.269771428571428,18.593983333333334,4.304822222222224,-2.3242119047619063,24,-1.5056473214285724,16.901461393350708,-0.6316899647792802,-0.9814898921082252,-0.32354387235206417,-0.6811222401681688
2017-02-15,15.8485125,18.418862500000003,4.2222100000000005,-2.570350000000003,23,-0.8761660714285693,17.18273953956075,-1.3342270395607496,-1.0140785853581922,-0.13057942801157807,-0.7929686881526085
2017-02-16,15.83235,18.1781625,4.809233333333335,-2.345812499999999,22,-0.7372375000000009,17.04288258763607,-1.2105325876360684,-0.726613026428555,-0.08762463733507077,-0.7928945412213132
2017-02-17,15.25835,18.224933333333333,5.265688888888889,-2.9665833333333325,21,-1.8986000000000018,17.16479685174163,-1.9064468517416309,-0.503559976741884,-0.4434183681049814,-0.9456695245677486
2017-02-20,15.379607142857143,18.1996,4.956666666666667,-2.819992857142857,18,-1.0629616071428565,16.43691743123675,-1.0573102883796075,-0.6502668655167146,-0.18460445496508446,-0.9063148693844295
2017-02-21,15.286085714285715,17.9816625,4.7922666666666665,-2.695576785714284,17,-0.9836857142857127,16.37669196966597,-1.090606255380255,-0.7263582162442376,-0.1594511850104153,-0.9263062263372993
2017-02-22,15.086942857142857,17.949175,4.560144444444445,-2.8622321428571436,16,-0.7615696428571432,15.679244449063793,-0.5923015919209362,-0.8345225152236248,-0.09003877528319373,-0.9750337842233475
2017-02-23,15.06247857142857,18.123925,5.157311111111113,-3.061446428571429,15,-0.7698714285714292,14.319470673972056,0.7430078974565149,-0.5411042379465075,-0.09230538154561976,-0.9753306667607712
2017-02-24,14.913475,18.5657875,5.420947777777776,-3.652312499999999,14,-0.34487500000000004,14.343207226592991,0.570267773407009,-0.410690212052731,0.040689497427964315,-1.009775825875836
2017-02-27,17.220707142857144,19.2269375,6.569857777777781,-2.0062303571428544,11,1.8411000000000008,14.58914260682351,2.6315645360336344,0.1516847727421123,0.7240524665293502,-0.3680089320757581
2017-02-28,17.94557142857143,19.3417125,6.437677777777779,-1.3961410714285698,10,2.659485714285715,13.245096378523524,4.700475050047906,0.08642391601937979,0.97516687613544,-0.16567342257086384
2017-03-01,16.553318750000003,19.002425000000002,5.458255555555553,-2.44910625,9,1.4663758928571458,14.04578958495511,2.507529165044893,-0.39510742511352237,0.5966606465157865,-0.552105461953182
2017-03-02,16.4426,18.739762499999998,4.519929999999999,-2.297162499999999,8,1.380121428571428,13.456257060652058,2.9863429393479404,-0.8543069220039368,0.5668978129183073,-0.5805517312195966
2017-03-03,15.88470625,18.904162499999998,5.247443333333333,-3.0194562499999975,7,0.9712312500000007,13.651400828282794,2.2333054217172066,-0.49219717051184936,0.4358009416306113,-0.733371181221487
2017-03-06,15.997542857142857,18.8346125,3.994933333333332,-2.8370696428571414,39,-1.2231642857142866,13.801819634991439,2.1957232221514182,-1.105712869545991,-0.259391095985305,-0.6983025242464846
2017-03-07,15.24924375,17.9178125,3.431823333333332,-2.6685687500000004,38,-2.6963276785714303,13.741635651222442,1.507608098777558,-1.372054461354207,-0.724504454616328,-0.9035793968596759
2017-03-08,15.231471428571428,18.194516666666665,3.865500000000001,-2.963045238095237,37,-1.3218473214285744,13.804708112703116,1.4267633158683122,-1.149044115511927,-0.28540893135392803,-0.9033170057642584
2017-03-09,14.9032125,17.856775,3.702867777777776,-2.9535624999999985,36,-1.5393874999999984,13.653040131610958,1.2501723683890429,-1.2196383806109892,-0.353655370228132,-0.9895434811648007
2017-03-10,14.855375,17.803762499999998,2.9749888888888876,-2.9483874999999973,35,-1.0293312500000003,11.698138114274062,3.157236885725938,-1.561352928205849,-0.18948336282646389,-0.9967142761274986
2017-03-13,14.525857142857143,17.60632857142857,2.790799999999999,-3.0804714285714265,32,-1.471685714285714,11.629079510155304,2.8967776327018395,-1.6326699187413372,-0.3305779543424967,-1.0821350808669856
2017-03-14,14.5966375,17.51589375,3.32678888888889,-2.91925625,31,-0.6526062499999998,10.787996353135656,3.8086411468643444,-1.3588062973375805,-0.0661537550250091,-1.0552065691637535
2017-03-15,14.818562499999999,17.4065125,3.7062500000000007,-2.587950000000003,30,-0.41290892857142936,10.235571943262833,4.582990556737165,-1.1654701746683158,0.011379082891269146,-0.9866729778998271
2017-03-16,13.408312500000001,16.5911875,3.3126822222222234,-3.1828749999999992,29,-1.4948999999999995,10.062141264291563,3.3461712357084377,-1.3451045266868025,-0.3386991190681338,-1.3713580821604365
2017-03-17,12.988681249999999,16.1112,3.1831777777777788,-3.122518750000001,28,-1.8666937500000014,9.894859023396332,3.093822226603667,-1.395193454923907,-0.45800025384395526,-1.4746410213307946
2017-03-21,13.543050000000001,16.148087500000003,2.733984444444445,-2.6050375000000017,24,-0.9828071428571423,10.001535214809243,3.541514785190758,-1.5949840653565908,-0.16896553388958033,-1.308679278970751
2017-03-22,16.6048875,17.31653125,5.130944444444447,-0.7116437500000004,23,2.0082500000000003,12.416217127712127,4.1886703722878735,-0.43969353784527593,0.8061264737354132,-0.4525684498915997
2017-03-23,16.03238125,17.0894125,4.929099999999998,-1.0570312500000014,22,1.2138187500000015,12.465480008928974,3.566901241071026,-0.5350184737434559,0.5435738074226139,-0.6102080263991068
2017-03-24,15.553178571428571,16.76997857142857,5.180188888888889,-1.2167999999999992,21,2.14486607142857,12.962966095139738,2.5902124762888334,-0.41216999747499317,0.8449196130015796,-0.7410813660149356
2017-03-27,17.327764285714288,17.570314285714286,6.324852222222219,-0.24254999999999782,18,4.339083035714289,13.845983241553562,3.4817810441607264,0.1422742690221071,1.5499049249402468,-0.2422826411645049
2017-03-28,15.06166875,16.47755625,5.342166666666666,-1.4158874999999984,17,1.51861875,14.112783320552102,0.9488854294478983,-0.3343820413524477,0.6240911311711991,-0.8754744398915584
2017-03-29,14.66233125,15.91251875,5.874474444444443,-1.250187500000001,16,-1.9425562500000009,14.113419494767616,0.5489117552323837,-0.07468924489204923,-0.5089756851697599,-0.9822493319975093
2017-03-30,15.1577375,16.54610625,6.635844444444446,-1.3883687500000015,15,-0.8746437500000006,13.381304370310968,1.7764331296890319,0.29659306018326326,-0.15751068086125497,-0.8385360140553945
2017-03-31,16.1074,16.887606249999997,6.871922222222221,-0.7802062499999991,14,0.5542214285714273,13.106604039979617,3.0007959600203815,0.4109267862366541,0.31246781945481367,-0.5686453085502033
2017-04-03,15.087764285714286,16.003328571428572,4.839714444444443,-0.9155642857142858,11,-2.240000000000002,13.19416533702445,1.8935989486898368,-0.585393027657672,-0.6086185353998975,-0.8523901331640392
2017-04-04,16.65286875,16.35600625,7.134655555555554,0.2968624999999996,10,1.5911999999999988,13.44248428853935,3.2103844614606505,0.5424294719034157,0.6572888538759003,-0.4086082906379211
2017-04-05,15.40927142857143,16.19719285714286,6.974644444444447,-0.7879214285714298,9,0.74694017857143,13.52366973929965,1.8856016892717786,0.4618990137508832,0.37598994175186606,-0.7575833348765676
2017-04-06,17.458142857142857,17.320885714285716,6.98522222222222,0.1372571428571412,8,2.300405357142857,14.235079622919072,3.223063234223785,0.4655265297460285,0.8879354117849126,-0.1758080078093872
2017-04-07,18.08375,17.73105,7.114111111111111,0.3526999999999987,7,1.97635,14.248671699374746,3.835078300625252,0.527496791567652,0.7764900164534884,0.002161038681352747
2017-04-10,17.944375,17.294062500000003,9.084033333333334,0.6503124999999983,32,2.856610714285715,13.313202524563241,4.63117247543676,1.4919906952360853,1.0631590435255707,-0.03749663902716574
2017-04-11,18.912992857142857,18.048914285714286,10.367088888888889,0.8640785714285713,31,2.2601241071428575,13.246257638777035,5.666735218365822,2.0946654392869695,0.8602263032367783,0.23891847386424275
2017-04-12,19.759974999999997,18.927443750000002,10.397200000000002,0.8325312499999953,30,4.350703571428568,13.549139268764963,6.210835731235035,2.0780888114318152,1.541849888591766,0.48024090226404287
2017-04-13,19.67376875,18.91934375,10.49711111111111,0.7544250000000012,29,2.215625892857144,13.61576102424093,6.0580077257590705,2.0947631035765717,0.8292239269048933,0.45395343091250007
2017-04-14,19.891278571428572,18.620921428571428,11.502358333333335,1.2703571428571436,28,1.8075285714285734,13.56023236967574,6.331046201752832,2.5253880012234413,0.6907755317942583,0.5148345633472806
2017-04-17,19.522335714285713,18.486692857142856,12.186066666666665,1.0356428571428573,25,1.5779607142857124,13.648414712511759,5.8739210017739545,2.7804616223129317,0.6120428835209142,0.40703725350334624
2017-04-18,19.270975,18.097525,10.334877777777777,1.173449999999999,24,0.3579821428571428,13.842180375230246,5.428794624769754,1.8961789515304384,0.20486111756296935,0.3333071160997914
2017-04-19,18.908925,17.719987500000002,10.828566666666665,1.188937499999998,23,-0.8510499999999972,11.96102540907629,6.94789959092371,2.0928903404115062,-0.19859289721826556,0.22765381251152667
2017-04-20,19.90493125,18.281031249999998,10.02631111111111,1.6239000000000026,22,0.23116249999999994,11.886592219986644,8.018339030013356,1.70798763161309,0.16355932734705747,0.5155333072712194
2017-04-21,19.2301,17.65564285714286,10.040799999999999,1.574457142857142,21,-0.6611785714285716,12.017437461189754,7.212662538810246,1.6967481668722029,-0.1358637105280244,0.31798030118031617
2017-04-24,14.920235714285715,15.064735714285714,7.600433333333333,-0.14449999999999896,18,-4.602099999999998,12.188431323367405,2.7318043909183096,0.5907483500255661,-1.4510561798151005,-0.9361095954332104
2017-04-25,13.34943125,14.003250000000001,6.53971111111111,-0.653818750000001,17,-5.92154375,12.106739604974639,1.2426916450253618,0.1098125977412964,-1.8709327626516865,-1.3842706394069841
2017-04-26,12.71163125,13.690175,5.044745555555554,-0.97854375,16,-6.19729375,12.750994658539685,-0.03936340853968545,-0.5674081058298617,-1.93757374870563,-1.5559939028394396
2017-04-27,12.30752142857143,13.539928571428572,4.9756888888888895,-1.2324071428571415,15,-7.59740982142857,12.40670159488863,-0.0991801663172005,-0.5967245950039001,-2.358350580943338,-1.656878619158446
2017-04-28,11.97381875,13.57265625,5.713444444444443,-1.5988375000000001,14,-7.256281250000001,12.05937890712628,-0.08556015712628096,-0.25966543873597714,-2.2112452513798715,-1.7349546234410638
2017-05-01,12.1727125,13.2176375,6.270733333333334,-1.044925000000001,11,-2.7475232142857156,12.149516000074517,0.023196499925482783,-0.004966419949355101,-0.7499593200330725,-1.661403297408671
2017-05-02,13.63436875,13.665368749999999,6.927253333333333,-0.030999999999998806,10,0.28493749999999984,11.728964334938183,1.9054044150618168,0.2950274791695665,0.23126283072701956,-1.2351140883673895
2017-05-08,13.3655625,14.43745625,3.941866666666666,-1.071893750000001,32,0.6539312499999994,13.94374374403409,-0.5781812440340914,-1.0701928084223853,0.35000868026058163,-1.302846604326526
2017-05-09,13.3784875,14.522725,3.850550000000002,-1.1442374999999991,31,1.07096607142857,12.64848504918209,0.7300024508179099,-1.1058209920857678,0.4841322944724811,-1.2903317407650436
2017-05-10,12.61638125,13.99970625,4.5986577777777775,-1.3833249999999992,30,0.6425625000000004,12.648276882015743,-0.0318956320157433,-0.7595273931185893,0.3434760169366271,-1.494921254871945
2017-05-11,12.3901,15.223749999999999,4.867574444444447,-2.8336499999999987,29,0.21738750000000095,12.563692800675042,-0.173592800675042,-0.633768880596397,0.20400061082812498,-1.5457771855753342
2017-05-12,12.023575000000001,14.962475,5.974866666666667,-2.9388999999999985,28,-1.6107937499999991,12.64486011759716,-0.621285117597159,-0.1240806815691048,-0.39368924984421483,-1.634185474037678
2017-05-15,12.404618750000001,15.074337499999999,5.9210222222222235,-2.6697187499999977,25,-0.9609437499999984,11.711995393607836,0.6926233563921649,-0.14853429544480776,-0.17987979709057125,-1.5143048521875249
2017-05-16,12.108106249999999,14.9519375,6.018427777777777,-2.843831250000001,24,-1.2703812500000016,11.082513438853152,1.025592811146847,-0.10324657659918879,-0.2809473902607339,-1.58356281762775
2017-05-17,13.3140375,14.962937499999999,7.502270000000001,-1.6488999999999994,23,0.6976562499999996,11.116956131276984,2.1970813687230155,0.5824887093725599,0.367213591716377,-1.2385828662673752
2017-05-18,14.83265625,15.745012500000001,8.018299999999998,-0.912356250000002,22,2.442556249999999,12.654720671777199,2.177935578222801,0.8186570919466247,0.9396114452267242,-0.8112491459987642
2017-05-19,14.56056875,15.9181875,8.405934444444444,-1.3576187500000003,21,2.536993749999999,12.662218666151606,1.8983500838483938,0.9938854371085187,0.9661386630153815,-0.8834243263845221
2017-05-22,13.4453375,15.806375,7.694180000000001,-2.3610374999999983,18,1.04071875,12.639612792742144,0.8057247072578573,0.6609091410256522,0.4698146536396603,-1.1882156500893206
2017-05-23,13.3473,15.528937500000001,7.3505111111111106,-2.181637500000001,17,1.2391937500000019,12.80359992545269,0.54370007454731,0.49951948166771554,0.5338872242302836,-1.2083467425635792
2017-05-24,12.555037500000001,15.1619125,6.025944444444443,-2.6068749999999987,16,-0.7589999999999986,12.595631957019132,-0.04059445701913056,-0.11752651421975381,-0.1291666897539207,-1.41897162459636
2017-05-25,11.94365,14.897012499999999,4.878700000000002,-2.953362499999999,15,-2.8890062499999996,11.953861672002963,-0.010211672002963468,-0.6512674981112284,-0.8345426193212824,-1.5757940349547335
2017-05-26,12.302668749999999,15.119924999999999,5.21144,-2.81725625,14,-2.257900000000001,11.921931452432784,0.3807372975672152,-0.4941374643825344,-0.6222434692623147,-1.4651204342727404
2017-05-29,12.82009375,14.940375,7.176539999999999,-2.1202812499999997,11,-0.625243750000001,11.403806558285678,1.4162871917143214,0.4256585987217432,-0.07748651249377364,-1.3134667136019829
2017-05-30,11.97509375,14.555912500000002,5.845419999999997,-2.5808187500000024,10,-1.3722062500000014,11.361064945928215,0.6140288040717845,-0.1989330812478754,-0.326367656458123,-1.5344051778367247
2017-05-31,11.90310625,14.0200625,6.169355555555555,-2.1169562499999994,9,-0.6519312500000005,11.304604855242259,0.5985013947577418,-0.04636024793375859,-0.08480830170279803,-1.5418167337533815
2017-06-01,12.565875,12.11781875,4.264516666666665,0.4480562500000005,8,0.6222250000000003,11.68212423310313,0.8837507668968705,-0.9408409515594969,0.34225662991177214,-1.351047150624809
2017-06-02,14.48536875,13.362549999999999,5.596411111111113,1.1228187500000004,7,2.1827000000000005,12.62955886783452,1.8558098821654792,-0.3115306197673296,0.8639125154903765,-0.82248368690419
2017-06-05,13.1604625,14.170625000000001,3.9736222222222217,-1.0101625000000016,39,0.34036874999999966,9.894231295901795,3.2662312040982044,-1.0735474303140593,0.24278778912453142,-1.1787861293119888
2017-06-06,13.26144375,14.647974999999999,4.5468455555555565,-1.386531249999999,38,1.2863500000000005,10.48312315549854,2.7783205945014604,-0.7995391453402866,0.5603796528129,-1.1450035123839344
2017-06-07,13.1884125,14.4914375,5.058791111111111,-1.3030249999999999,37,1.2853062499999997,10.44044518561919,2.7479673143808103,-0.5556594940370536,0.5583039653057318,-1.1586925305523448
2017-06-08,13.102474999999998,14.588625,4.530553333333332,-1.486150000000002,36,0.5365999999999982,10.474171049228213,2.6283039507717856,-0.8029453476341226,0.30396622414376345,-1.175719738734762
2017-06-09,12.0111875,13.86481875,5.3311844444444425,-1.8536312499999994,35,-2.474181249999999,10.538524702200764,1.4726627977992361,-0.42211267165923616,-0.7153404614536538,-1.4630371960741344
2017-06-12,12.27025,13.953075,6.251701111111112,-1.6828249999999993,32,-0.8902124999999987,10.718936079647412,1.5513139203525892,0.015231690472102917,-0.17672191071290724,-1.3832846658780547
2017-06-13,12.137718750000001,13.7457125,5.82078888888889,-1.6079937499999986,31,-1.1237249999999985,10.682177133109318,1.4555416168906827,-0.18953896082071423,-0.2556163635022132,-1.4096944987756188
2017-06-14,11.9860125,13.70898125,5.717011111111111,-1.7229687500000015,30,-1.2024000000000008,10.507826500173618,1.4781859998263815,-0.23850410513769452,-0.2817695380858672,-1.440760024794041
2017-06-15,12.14335,13.7499625,5.975408888888889,-1.6066125000000007,29,-0.9591249999999985,9.313929951416599,2.829420048583401,-0.11465667705543514,-0.19809709999286662,-1.3890307346955657
2017-06-16,11.5782875,13.38120625,5.254360000000002,-1.80291875,28,-0.43290000000000006,9.46861232657106,2.10967517342894,-0.4590543909720988,-0.017684271963960288,-1.5299896482482915
2017-06-19,11.310156249999999,13.1111125,4.768940000000001,-1.8009562500000023,25,-0.9600937500000022,9.576905814864418,1.7332504351355809,-0.6898907207079316,-0.19833679896409137,-1.5895442686625771
2017-06-20,11.704743749999999,13.376475,4.125210000000001,-1.6717312500000006,24,-0.43297500000000255,9.751485731948968,1.9532580180510308,-0.9949769978855404,-0.01680947516002647,-1.4733472816295323
2017-06-21,11.608662500000001,13.34443125,5.452580000000001,-1.7357687499999983,23,-0.3773499999999981,9.788467142498915,1.8201953575010865,-0.35594972375600814,0.002380611401805995,-1.4884115332051617
2017-06-22,11.816775,13.50248125,5.5634033333333335,-1.6857062500000008,22,-0.32657500000000006,9.774893301902706,2.041881698097294,-0.30184838730929,0.019897577813866873,-1.4234051479729206
2017-06-23,11.0926375,12.98491875,5.72129,-1.89228125,21,-0.4856499999999997,9.403851210768154,1.688786289231846,-0.22513025893468935,-0.03516663078506079,-1.6034362119388466
2017-06-26,11.21729375,12.8530625,5.567012222222223,-1.6357687500000004,18,-0.09286249999999896,9.390760109293632,1.8265336407063675,-0.29904234323404916,0.10106963240997395,-1.5586657677409301
2017-06-27,11.26041875,12.75421875,5.823249999999998,-1.4938000000000002,17,-0.4443249999999992,9.411100723397697,1.8493180266023028,-0.17447851233029837,-0.021257861324992734,-1.5360058057774362
2017-06-28,11.5159625,12.84138125,6.86509,-1.325418749999999,16,-0.09270000000000067,9.610606843621182,1.905355656378818,0.3306882755115513,0.10122062491704553,-1.458764529824239
2017-06-29,11.43473125,12.7517625,6.226318888888887,-1.3170312499999994,15,-0.38204374999999935,9.044488638195446,2.3902426118045543,0.019839092304065685,3.07736551695251e-05,-1.470068253467802
2017-06-30,13.33074375,13.71978125,7.806613333333331,-0.3890375000000006,14,2.2381062499999995,7.856747692591597,5.473996057408403,0.7876904134086486,0.9146973779206347,-0.968950047080076
2017-07-03,13.20006875,13.2735625,8.044319999999999,-0.0734937500000008,11,1.9827750000000002,7.874179798307527,5.325888951692473,0.9002225886144174,0.8221783058204577,-0.998959092613002
2017-07-04,13.52225625,13.569749999999999,10.52583111111111,-0.047493749999999224,10,2.2618375000000004,7.096460419091179,6.425795830908821,2.087637231850106,0.916435797925787,-0.9109422969192156
2017-07-05,13.84994375,13.53906875,8.923573333333334,0.31087499999999935,9,2.333981249999999,7.144448095382377,6.705495654617622,1.3035824694469487,0.9379511980043939,-0.8220813253603979
2017-07-06,14.935775,14.0144625,10.567615555555555,0.9213124999999991,8,3.501043749999999,7.191586866496663,7.744188133503337,2.075724778245532,1.3395875162586037,-0.5356251674732221
2017-07-07,14.8140625,14.08083125,9.694880000000001,0.7332312500000011,7,1.4833187500000005,7.037447964976135,7.776614535023866,1.6434855924238327,0.6305757322594518,-0.5660602624700429
2017-07-10,12.371168749999999,13.25160625,6.5812011111111115,-0.8804375000000011,31,-0.8289000000000009,7.2903230606825495,5.080845689317449,0.15227510113026144,-0.1804137175431133,-1.2029941950631324
2017-07-11,11.25080625,12.236706250000001,5.5277055555555545,-0.9859000000000009,30,-2.2714499999999997,7.512932452114986,3.7378737978850145,-0.35236925793206886,-0.6855334798056063,-1.4876591277550903
2017-07-12,11.648518750000001,12.440618749999999,6.283676666666667,-0.7920999999999978,29,-2.2014249999999986,7.754617136305657,3.893901613694344,0.01098094430912193,-0.6588916611184865,-1.3750635756497633
2017-07-13,11.004850000000001,11.921800000000001,6.023147777777776,-0.9169499999999999,28,-3.9309249999999984,7.668575258418836,3.336274741581165,-0.11427003348784887,-1.2615534925698129,-1.532951635913998
2017-07-14,10.967793749999998,11.53066875,5.68548,-0.5628750000000018,27,-3.846268750000002,7.446253585706819,3.52154016429318,-0.2766368804589674,-1.225312728126959,-1.5320358066926625
2017-07-18,11.226175,11.697218750000001,7.045076666666665,-0.47104375000000154,23,-1.1449937499999994,7.443662169573097,3.782512830426903,0.3799301438649301,-0.2748489826763061,-1.4554329573875995
2017-07-19,10.61388125,10.60778125,6.0639933333333325,0.006099999999999994,22,-0.6369249999999997,6.8019685951929105,3.81191265480709,-0.09512219816702998,-0.09565221991543524,-1.6027626666505714
2017-07-20,9.6433875,10.360299999999999,6.285831111111111,-0.7169124999999994,21,-2.0051312500000016,7.020466596552638,2.622920903447361,0.012530067626710202,-0.5770923127922563,-1.8375866470703146
2017-07-21,9.8586125,10.506075,6.453616666666667,-0.6474624999999996,20,-1.1462375000000016,7.048568048823562,2.810044451176438,0.09394644919436479,-0.2728527678015269,-1.7672809167165398
2017-07-24,11.002862499999999,11.125387499999999,7.557305555555555,-0.12252499999999955,17,0.03506875000000065,7.362246482261379,3.64061601773862,0.6300631529315475,0.14526163199996758,-1.464405346598538
2017-07-25,10.92391875,10.48048125,7.0573711111111095,0.44343749999999993,16,-0.3022562499999992,7.345837092412766,3.5780816575872345,0.38524375043360276,0.025489454267096784,-1.4751746019635952
2017-07-26,9.997900000000001,10.073137500000001,7.1796588888888895,-0.07523750000000007,15,-0.615981249999999,7.444656557953293,2.5532434420467087,0.4439592174869655,-0.08590779924791168,-1.698363814681105
2017-07-27,10.289618749999999,10.16973125,6.9668399999999995,0.11988749999999904,14,0.6462312499999996,7.29706317536002,2.9925555746399786,0.3334032028607558,0.3630615543027217,-1.6254782395654315
2017-07-28,11.696212500000001,11.07995,9.296723333333333,0.6162625000000013,13,1.837600000000002,7.368268461535978,4.3279440384640235,1.4703510310491643,0.7857997198708374,-1.2632920246946848
2017-07-31,11.3352,10.831925,8.603110000000001,0.5032750000000004,10,0.3323375000000013,6.646680573547091,4.68851942645291,1.1222957137362908,0.2475056135802255,-1.3651209374546551
2017-08-01,11.22351875,10.454175,7.658122222222222,0.7693437500000009,9,0.29959999999999987,6.734258321966924,4.489260428033076,0.6475601223785343,0.2352932849910222,-1.4015541193351455
2017-08-02,9.98040625,9.5972,4.785188888888886,0.38320624999999886,8,-0.01749375000000164,6.938880248960777,3.041526001039223,-0.7804707244694271,0.12133534324024511,-1.7546638560470507
2017-08-03,9.330833035714285,9.69665,5.652094444444444,-0.365816964285715,7,-0.9587857142857139,6.941898157654696,2.3889348780595894,-0.3509528043677305,-0.2119005404422365,-1.962413345142992
2017-08-04,10.3121375,11.00905625,6.614102222222224,-0.69691875,35,-1.384075000000001,6.901972747648431,3.4101647523515695,0.12204315032400505,-0.35884102882529956,-1.7197864356344414
2017-08-07,9.756518750000001,10.701606250000001,6.487639999999999,-0.9450874999999996,32,-1.578681249999999,7.039106553426958,2.7174121965730436,0.06011028902565283,-0.4240010394116213,-1.9337730386469294
2017-08-08,9.996981250000001,10.706275,7.004614444444444,-0.7092937499999987,31,-1.2265374999999992,6.575439481310124,3.4215417686898775,0.31132851517942545,-0.29988726124726006,-1.859439196783398
2017-08-09,12.671468749999999,12.395143749999999,8.47098888888889,0.27632499999999993,30,2.6910624999999992,7.605486854976193,5.065981895023806,1.0414538730585339,1.1205073480439092,-1.0274426865184083
2017-08-10,12.6797375,13.129462499999999,9.546544444444445,-0.44972499999999904,29,3.348904464285715,7.482520330495572,5.197217169504428,1.5684620993607765,1.3618122735082665,-1.0198503084252863
2017-08-14,14.50463125,13.638725,11.365622222222223,0.8659062499999983,25,4.192493749999999,8.104451762602096,6.400179487397903,2.4419528145319194,1.6756707648153986,-0.4372437346510459
2017-08-15,12.34055,12.66055,9.923933333333334,-0.3200000000000003,24,2.584031249999999,9.205757843445243,3.1347921565547576,1.7121231739174987,1.0833898453482091,-1.122305577659176
2017-08-16,12.263693750000002,13.044625,9.44152222222222,-0.7809312499999983,23,2.2667125000000006,9.015407157493279,3.248286592506723,1.4599087663219679,0.9551091455832219,-1.1382610633391854
2017-08-17,11.8057,12.9142375,9.843820000000001,-1.1085375000000006,22,-0.8657687499999991,8.994606072066203,2.811093927933797,1.6426427133326256,-0.27276960216230817,-1.2747026297153283
2017-08-18,14.40610625,13.761475,11.736221111111114,0.6446312499999998,21,1.7263687500000007,9.409092853331249,4.997013396668752,2.533334380349605,0.7390930644935912,-0.43648224496025945
2017-08-21,14.1004875,13.584499999999998,11.274455555555557,0.5159875000000014,18,-0.40414374999999936,9.442480300373475,4.658007199626525,2.275909637555545,-0.11428864869019596,-0.5304367164196375
2017-08-22,13.695135714285716,13.294075,9.756766666666667,0.4010607142857161,17,1.3545857142857152,9.30593891780427,4.389196796481446,1.527197822317629,0.584123610002501,-0.6564235877751586
2017-08-23,12.81818125,13.22035,8.468039999999998,-0.4021687499999995,16,0.5544874999999987,9.419910101752006,3.3982711482479946,0.8991260297818272,0.25605273661167377,-0.9310827780129682
2017-08-24,13.5688625,13.0320875,8.25931111111111,0.5367750000000004,15,1.7631625,9.18684190804772,4.38202059195228,0.7931240023985398,0.7405140247283141,-0.6856442792664768
2017-08-25,12.95199375,13.337575000000001,7.281141111111111,-0.3855812500000013,14,-1.4541125000000008,9.442761774436635,3.509231975563365,0.3200816355851219,-0.5590376391050642,-0.8769239431734631
2017-08-28,12.688612500000001,12.891,5.106573333333333,-0.2023874999999986,11,-1.4118749999999984,9.308684646019385,3.3799278539806163,-0.7226728964669,-0.5378009499164794,-0.953550786056444
2017-08-29,13.43735,12.8905125,7.042811111111114,0.5468375000000005,10,-0.2577857142857152,9.37758066784227,4.05976933215773,0.20752040285486836,-0.06867521095761268,-0.7085599825591036
2017-08-30,12.636828571428572,12.708966666666667,6.408088888888891,-0.07213809523809545,9,-0.18135267857142878,9.77394580160203,2.862882769826541,-0.09615524762665076,-0.03654854618650543,-0.9571803131067532
2017-08-31,12.7973625,13.12105,5.072666666666667,-0.32368750000000013,8,-0.7714999999999996,10.004606183888516,2.7927563161114843,-0.7334288110736465,-0.2737246203887054,-0.899141496863621
2017-09-01,12.4785,13.1995125,5.65165,-0.7210125000000005,7,-0.4734937499999994,10.059222678365185,2.419277321634816,-0.45136210976844,-0.15167111233342384,-0.9932775047125562
2017-09-04,13.526357142857144,13.66415,7.388088888888889,-0.1377928571428555,39,0.8377446428571425,10.45814759315878,3.0682095496983646,0.3839798599870457,0.37584696692599895,-0.6543666870771451
2017-09-05,14.16545,14.2654,7.768655555555556,-0.09994999999999976,38,0.7280999999999995,10.333332622912158,3.832117377087842,0.5646465034435151,0.33157117885537485,-0.4457445402646338
2017-09-06,14.254674999999999,14.1161,7.991244444444444,0.13857499999999945,37,1.6178464285714274,10.322295539332577,3.9323794606674216,0.6687244463287765,0.6902278409049577,-0.4124613876176632
2017-09-07,13.44425,14.171087499999999,8.3257,-0.7268374999999985,36,0.6468875000000001,9.474925601970446,3.9693243980295545,0.823506082186286,0.2968904782439064,-0.6660421518527264
2017-09-08,14.371656250000001,14.773362500000001,10.234288888888889,-0.40170625000000015,35,1.8931562500000005,9.665424397284033,4.706231852715968,1.7204498310970673,0.7965132103122518,-0.36605856154410527
2017-09-11,12.05148125,13.1253375,7.706829999999998,-1.0738562500000004,32,-1.4748758928571437,10.493026296773195,1.5584549532268053,0.5131900605798853,-0.5604618842661251,-1.099029276355309
2017-09-12,10.910081250000001,12.513575,6.615703333333332,-1.6034937499999984,31,-3.255368749999999,10.597880528360088,0.31220072163991297,-0.004987236598005265,-1.268661384708101,-1.4509272323616675
2017-09-13,11.14870625,12.5199875,6.178533333333332,-1.3712812499999991,30,-3.105968749999999,10.700395030211839,0.44831121978816135,-0.21779425684351753,-1.1988607018330613,-1.3661562300724515
2017-09-14,10.89065,12.66338125,6.45645,-1.7727312499999996,29,-2.5535999999999994,10.748662976277625,0.14198702372237548,-0.08988191730625132,-0.9693391012151531,-1.4391205748672153
2017-09-15,11.03226875,12.72641875,6.469581111111111,-1.6941500000000005,28,-3.339387500000001,9.863128566684951,1.169140183315049,-0.08771630525713525,-1.275800754425567,-1.3838418102337224
2017-09-19,11.4888875,12.75125625,5.287774444444446,-1.2623687500000003,24,-0.5625937499999996,11.598801898204595,-0.10991439820459448,-0.6576488232937581,-0.15253588095175236,-1.2282111102477038
2017-09-20,11.055475000000001,12.7121375,5.82880111111111,-1.6566624999999995,23,0.1453937500000002,11.572098000673403,-0.5166230006734018,-0.4012936635167587,0.1324294730365564,-1.3561718491347077
2017-09-21,10.60623125,12.71174375,5.345501111111112,-2.1055124999999997,22,-0.5424749999999996,11.572971592636987,-0.9667403426369869,-0.6326030716630631,-0.14426223180346748,-1.4913225243616297
2017-09-22,10.53991875,12.632562499999999,5.523641111111111,-2.092643749999999,21,-0.3507312500000008,11.46454593094977,-0.9246271809497699,-0.5452393100741119,-0.06826294099220173,-1.5005772723671449
2017-09-25,10.685175000000001,12.668581249999999,5.748980000000001,-1.983406249999998,18,-0.3470937499999991,11.460742591447627,-0.7755675914476257,-0.435516159649939,-0.06620660506166144,-1.4436880651564372
2017-09-26,11.35765625,13.0755,6.431747777777778,-1.7178437500000001,17,-0.1312312500000008,11.607167503511144,-0.24951125351114456,-0.10618403850582563,0.024620567618072905,-1.2216539544301634
2017-09-27,11.381725,12.939525,6.817209999999999,-1.5578000000000003,16,0.32624999999999815,11.510568773372094,-0.12884377337209507,0.08081424796188486,0.21321021675024104,-1.2071714324022225
2017-09-28,11.605118749999999,13.22858125,6.518139999999999,-1.6234625000000005,15,0.9988874999999986,11.390946198692891,0.214172551307108,-0.06278625811287498,0.4840263451247555,-1.1281101198765964
2017-09-29,11.71425,13.65204375,7.489090000000001,-1.9377937500000009,14,1.1743312499999998,11.265112538193064,0.44913746180693614,0.3997057915268785,0.5506608689552106,-1.0836113881978926
2017-10-02,11.298300000000001,13.4211,8.267280000000001,-2.122799999999998,11,0.6131250000000001,11.264471881842429,0.03382811815757236,0.7716115839277891,0.31664781995566094,-1.2110713715195942
2017-10-03,10.660144444444445,13.212994444444444,7.860057777777779,-2.5528499999999994,10,-0.6975118055555551,10.853107188850682,-0.19296274440623762,0.5723231488853021,-0.22821701822312646,-1.4074282379563396
2017-10-04,11.090688888888888,13.700033333333334,7.501860000000001,-2.609344444444446,9,-0.2910361111111115,10.354455871912265,0.7362330169766231,0.39743291792095325,-0.06943128263664859,-1.2569263060792533
2017-10-05,10.730044444444445,13.237572222222223,7.8141099999999994,-2.507527777777778,8,-0.8750743055555539,10.279496506913365,0.4505479375310806,0.5461898884879877,-0.31915134515768223,-1.3622494635681903
2017-10-06,10.940081249999999,13.3656875,7.444290000000002,-2.4256062500000013,7,-0.7741687500000012,10.27022075872028,0.669860491279719,0.36524302657403224,-0.2797820918033308,-1.28368478571817
2017-10-10,13.05076875,13.4169875,5.640355555555557,-0.3662187499999998,31,1.7524687499999985,9.680441262318688,3.370327487681312,-0.4984614524002744,0.780026373284824,-0.5954253147431713
2017-10-11,13.284844444444445,13.654583333333333,5.459979999999998,-0.36973888888888773,30,2.6247000000000007,8.917554754462223,4.367289689982222,-0.5804344645194353,1.1392934647467927,-0.514941706522238
2017-10-12,13.240606249999999,13.85786875,5.400020000000001,-0.6172625000000007,29,2.149917361111111,8.344970042686464,4.895636207313535,-0.6069561856237307,0.9352932707091558,-0.5258035300447512
2017-10-13,14.171812500000001,14.517262500000001,4.195658888888888,-0.3454499999999996,28,3.4417680555555563,8.657640755669545,5.514171744330456,-1.182944680120079,1.4612685475774654,-0.2214275119401503
2017-10-16,14.520722222222222,14.879722222222222,5.393609999999999,-0.359,25,3.5806409722222234,8.36566568319997,6.155056539022253,-0.6054362798378822,1.5068334301820991,-0.10610590202291675
2017-10-17,13.5347875,14.118918749999999,6.318016666666667,-0.5841312499999987,24,0.4840187500000006,8.344842345732953,5.189945154267047,-0.1639272852983103,0.22193752340635264,-0.42228074216867395
2017-10-18,12.644222222222222,13.398922222222222,6.577240909090909,-0.7546999999999997,23,-0.6406222222222233,5.867431132387773,6.7767910898344494,-0.03848105963968865,-0.24163927365283713,-0.7049637312675845
2017-10-19,13.001043750000001,13.4498125,7.0022,-0.4487687499999993,22,-0.23956249999999812,5.8384850092406495,7.162558740759351,0.16553416727504697,-0.07145432066201049,-0.5835327054396167
2017-10-20,13.9475375,13.8405875,8.4189,0.10694999999999943,21,-0.22427500000000222,5.88799509796061,8.059542402039389,0.8451422848842274,-0.06065334064707238,-0.2704115999868596
2017-10-23,12.520781249999999,13.04671875,6.637186666666668,-0.5259375000000013,18,-1.9999409722222232,6.269589313796217,6.2511919362037816,-0.0076290614183180255,-0.793563827584835,-0.729704820586375
2017-10-24,12.324506249999999,13.2315625,6.509166666666669,-0.9070562500000019,17,-1.2102812500000013,6.270246019229529,6.05426023077047,-0.0657461750880046,-0.46128619487471806,-0.7873291643430801
2017-10-25,13.044044444444445,13.814477777777778,6.7860700000000005,-0.7704333333333331,16,0.3998222222222232,6.4467235863916175,6.597320858052828,0.06953466674569647,0.205744726074818,-0.547802100398648
2017-10-26,12.45775,13.395438888888888,7.926049999999998,-0.9376888888888875,15,-0.5432937500000001,6.03623996025825,6.421510039741751,0.6181716536156032,-0.1882251161729203,-0.7336408909616428
2017-10-27,12.45065,13.2674,5.701232954545455,-0.8167500000000008,14,-1.4968874999999997,6.787746124785906,5.662903875214093,-0.4500855547341868,-0.590176092449586,-0.7313428300180403
2017-10-30,12.829894444444445,13.431094444444444,5.318756565656567,-0.6011999999999986,11,0.3091131944444463,6.750062498884538,6.079831945559907,-0.6302034316007014,0.16080809072053906,-0.6034700721845464
2017-10-31,11.307242361111111,12.971027777777778,6.048428282828283,-1.6637854166666664,10,-1.0172638888888876,6.867781687067989,4.439460674043122,-0.2765956658705289,-0.393683279297046,-1.09132135185586
2017-11-01,14.171677777777777,14.322733333333332,4.7037571428571425,-0.15105555555555483,9,1.127633333333332,8.31783333214045,5.853844445637327,-0.9197441805531018,0.4992021086090387,-0.15710566000047962
2017-11-02,14.157271527777777,15.115966666666667,5.8616102272727275,-0.9586951388888902,8,1.699521527777776,8.21536156536207,5.941909962415707,-0.3602539433513488,0.7327394281575729,-0.16033092319424636
2017-11-06,14.543655555555556,14.576955555555557,4.208894545454546,-0.03330000000000055,32,2.093005555555557,8.193865295348058,6.349790260207499,-1.1460880021644464,0.8928379421567127,-0.03286703618483781
2017-11-07,14.72072,14.625845,3.8272220779220767,0.09487500000000004,31,1.8908255555555549,9.317891715831502,5.402828284168498,-1.3184928868632828,0.8038015468417542,0.025796132380094084
2017-11-08,15.274011111111111,15.233155555555555,4.335296363636365,0.04085555555555587,30,3.96676875,9.557014801087243,5.716996310023868,-1.067094882120965,1.6549872945535138,0.2091032958718022
2017-11-09,19.186777777777777,18.265825,5.2600527272727255,0.920952777777778,29,5.0151,9.83358208774782,9.353195690029958,-0.6193649004588575,2.065750349272589,1.4775431439509186
2017-11-10,17.40913888888889,17.144087499999998,6.865972727272727,0.26505138888889235,28,3.2518673611111133,10.829164311142888,6.579974577746002,0.17268452489641453,1.3718765659731305,0.9192799488449703
2017-11-13,17.0878,16.9384125,7.70739,0.14938750000000312,25,2.544144444444445,12.221638351357543,4.866161648642459,0.6605731950534681,1.1855485904218324,0.8791117596701546
2017-11-14,17.04515,17.0322,5.010120000000001,0.012950000000000017,24,2.3244299999999996,12.239872084289388,4.805277915710612,-0.7786339615748699,1.1025356379958173,0.8767424876202623
2017-11-15,17.93391111111111,17.49492,5.03065909090909,0.4389911111111111,23,2.6599000000000004,13.858347066951687,4.0755640441594245,-0.7613007348047739,1.2555819347292243,1.1978105569895718
2017-11-16,18.014794444444444,17.449275,3.894827272727273,0.565519444444444,22,-1.1719833333333334,14.598450127135449,3.4163443173089956,-1.3587536663489979,-0.4892801537575614,1.260108127545649
2017-11-17,19.42332222222222,18.337125,3.012536363636361,1.0861972222222214,21,2.0141833333333317,14.584167339749134,4.839154882473087,-1.811357618636032,0.9923152096008653,1.7620046267509273
2017-11-20,18.88843888888889,17.99342,4.76473,0.8950188888888881,18,1.8006388888888871,14.864765074892489,4.0236738139964,-0.8748291061460906,0.9156307769351385,1.5731341209499399
2017-11-21,17.546166666666664,17.475749999999998,3.432018181818183,0.07041666666666657,17,0.5010166666666649,14.593169674418807,2.952996992247858,-1.5693314153154936,0.26875386819987945,1.0994163799536842
2017-11-22,17.613805555555555,17.413719999999998,2.7239427272727283,0.20008555555555674,16,-0.320105555555557,14.586038270311747,3.027767285243808,-1.9215051708718134,-0.1394409687051505,1.1300225948630453
2017-11-24,17.375972222222224,17.039920000000002,2.7643272727272716,0.33605222222222153,14,-0.6388222222222204,14.40886063950374,2.967111582718484,-1.8810275972706862,-0.3112501358804454,1.0481536570332306
2017-11-27,17.843383333333332,16.96668,4.301008181818183,0.8767033333333316,11,-1.57993888888889,14.4910007492872,3.352382584046131,-1.0760630082973992,-0.7826982745129276,1.2170228856964898
2017-11-28,17.864061111111113,16.84223,5.746502727272727,1.021831111111112,10,-1.0243777777777758,13.95346548583305,3.910595625278063,-0.32558158997295217,-0.5069456122987093,1.2225715717288685
2017-11-29,17.404177777777775,16.7017375,6.226468181818181,0.7024402777777752,9,-0.14198888888888916,14.01421638507113,3.3899613927066454,-0.0782713092936088,-0.06897506601004516,1.0537491370902927
2017-11-30,16.943372222222223,16.38068,7.827537272727273,0.5626922222222213,8,-0.6704333333333317,14.086839861443645,2.856532360778578,0.7513092691820337,-0.3409553023984146,0.8859757467691506
2017-12-01,17.433145000000003,16.71282,6.6545727272727255,0.7203250000000025,7,0.057172777777779515,12.670629729512829,4.7625152704871745,0.14010247181170776,0.02518911314006933,1.0631108280843897
2017-12-04,16.259916666666665,16.58652,4.057281818181819,-0.3266033333333347,39,-1.5834666666666664,12.717160202035679,3.542756464630987,-1.2009375640825692,-0.804386619577037,0.6397219183755447
2017-12-05,15.74387777777778,16.6102375,4.433154545454546,-0.8663597222222208,38,-2.1201833333333333,12.80056000393079,2.9433177738469887,-0.9986811207434444,-1.068650558817054,0.4572053104485095
2017-12-06,16.458122222222222,17.1414625,4.724263636363634,-0.6833402777777771,37,-0.946055555555553,13.036924749128948,3.421197473093274,-0.8406974631655453,-0.4689649262115911,0.7232372459729034
2017-12-07,15.280283333333333,16.369100000000003,4.114876363636364,-1.0888166666666699,36,-1.6630888888888897,14.231096433129098,1.0491869002042353,-1.1503079922883408,-0.8258725942439075,0.29858507330593753
2017-12-08,14.569595,15.93748,3.949618181818183,-1.3678850000000011,35,-2.8635500000000036,15.149834121201705,-0.5802391212017053,-1.2322786058973219,-1.4226299860298182,0.044027880008922
2017-12-11,14.265735,15.603645,4.106457272727273,-1.3379100000000008,32,-1.994181666666666,14.962505686487207,-0.6967706864872074,-1.147022395688061,-0.9764422309631462,-0.05876599625195568
2017-12-12,13.626544444444445,15.321916666666667,4.193766363636366,-1.6953722222222218,31,-2.1173333333333346,14.121606930132971,-0.4950624856885266,-1.0942453759395017,-1.0330495418046806,-0.2929211200588936
2017-12-13,13.535916666666665,15.258744444444446,4.834418181818183,-1.7228277777777805,30,-2.922205555555557,14.268394904629606,-0.7324782379629404,-0.7561785176461082,-1.4334401085140527,-0.3219492476018214
2017-12-14,13.091505555555557,15.059761111111111,4.528472727272728,-1.9682555555555545,29,-2.1887777777777764,12.935492627750047,0.15601292780550935,-0.9192763968640588,-1.0627728762610207,-0.4850491633220121
2017-12-15,13.382461111111112,15.241844444444444,4.130372727272729,-1.8593833333333318,28,-1.1871338888888872,12.238264762230688,1.144196348880424,-1.1325196493451222,-0.5576826440542275,-0.3703892449679647
2017-12-18,13.38343888888889,14.923222222222222,4.077804545454546,-1.5397833333333324,25,-0.8822961111111098,13.328845677380375,0.05459321150851437,-1.1578002554737468,-0.41186211865810995,-0.36477922111822214
2017-12-19,12.782744444444443,14.760766666666667,4.123625454545454,-1.978022222222224,24,-0.8438000000000017,13.099818889933312,-0.31707444548886876,-1.1335664221511559,-0.3914525853990106,-0.5867394965077967
2017-12-20,12.627016666666666,14.642766666666667,3.8007409090909086,-2.0157500000000006,23,-0.9088999999999992,12.93267856656656,-0.3056618998998939,-1.2985373339041344,-0.42467039584046695,-0.640377652981584
2017-12-21,12.106188888888889,14.252433333333332,3.5404063636363645,-2.1462444444444433,22,-0.9853166666666677,12.877720230549928,-0.7715313416610385,-1.4257065768563464,-0.4618124838419234,-0.8319835292940277
2017-12-22,11.591894444444444,14.15326111111111,3.8352045454545447,-2.5613666666666663,21,-1.7905666666666686,12.880218812551576,-1.2883243681071317,-1.2635798494481012,-0.8701394242413428,-1.019534227888791
2017-12-25,11.92598,14.589815,3.8510518181818174,-2.6638350000000006,18,-1.4574588888888904,12.826304805248846,-0.9003248052488466,-1.2479176263892728,-0.6998680070743235,-0.8857711716239199
2017-12-26,12.308722222222222,15.040577777777777,5.332064545454546,-2.731855555555555,17,-0.4740222222222208,12.8619960765382,-0.553273854315977,-0.46671678929942,-0.20059626664682217,-0.7348308982610662
2017-12-27,13.046705555555555,15.416255555555555,5.14639,-2.3695500000000003,16,0.41968888888888856,12.773770165417112,0.2729353901384428,-0.562568568426803,0.2523401228414827,-0.451697317335902
2017-12-28,13.310055555555556,15.508177777777778,5.246214545454546,-2.1981222222222225,15,1.2038666666666664,12.817355543587238,0.49270001196831714,-0.5082113103285568,0.6481993271342322,-0.34959106849568045
2017-12-29,13.433844444444444,15.610677777777777,5.8996999999999975,-2.1768333333333327,14,1.8419500000000006,12.732687220792865,0.7011572236515793,-0.1639248303653091,0.9671038899285713,-0.3015664830945982
2018-01-04,12.47998611111111,14.87805,5.9491022727272735,-2.39806388888889,8,0.5540061111111108,16.948296749295082,-4.468310638183972,-0.13713340096698562,0.3025983704844379,-0.6607568651039926
2018-01-05,14.190370000000001,15.23508,4.349036111111111,-1.0447099999999985,7,1.8816477777777791,16.996910118368856,-2.8065401183688543,-0.9708521261402908,0.9762788285942593,-0.012970161802144003
2018-01-09,15.670755555555555,15.85075,2.8396388888888886,-0.17999444444444457,31,2.6240500000000004,14.84704294889198,0.8237126066635749,-1.74378625800473,1.346135319255188,0.5458330203241424
2018-01-10,15.022,15.664755,2.9229636363636367,-0.6427549999999993,30,1.7119444444444447,14.43583672323425,0.5861632767657508,-1.6867636576313023,0.8784139817753043,0.3019599221541452
2018-01-11,14.54961,15.417825,3.808084090909089,-0.8682150000000011,29,1.115765555555555,13.9711510107314,0.578458989268599,-1.2182624721662743,0.5780276226003243,0.1262171493029527
2018-01-12,13.764955555555556,14.7012,3.553769696969699,-0.9362444444444442,28,1.284969444444446,13.981677391117783,-0.21672183556222713,-1.3415320675580544,0.6806254860150787,-0.16511433521876429
2018-01-15,13.70779,14.560525,3.490037878787877,-0.8527350000000009,25,-0.48258000000000223,13.873677037163517,-0.16588703716351816,-1.3630365185933975,-0.23128077815004736,-0.18295029611465843
2018-01-16,13.53709,14.50247,2.9394709090909075,-0.9653800000000015,24,-2.133665555555556,13.93138104361916,-0.3942910436191607,-1.6331020501652393,-1.0829198859167386,-0.24468686105076362
2018-01-17,13.970455555555557,14.852455555555554,4.561631818181818,-0.8819999999999979,23,-1.0515444444444437,13.968755586159403,0.0016999693961530227,-0.7919843474406508,-0.5137236695192857,-0.07216834595002211
2018-01-18,14.923205555555555,15.202622222222221,4.176254545454544,-0.2794166666666662,22,0.37359555555555524,13.830568486303202,1.092637069252353,-0.9847079212331996,0.23281538185335113,0.3008628426989185
2018-01-19,14.629555,15.0882,4.66954909090909,-0.45864500000000064,21,0.864599444444444,12.987906909035141,1.6416480909648588,-0.7259412463949867,0.485397330323393,0.1927142603842538
2018-01-22,15.037175000000001,15.231805,5.1938200000000005,-0.1946299999999983,18,1.329385000000002,12.940345965019503,2.096829034980498,-0.4542609422959715,0.7239317262054054,0.35284710047986495
2018-01-23,14.876622222222222,15.19648888888889,4.025001666666665,-0.31986666666666785,17,1.339532222222223,13.486910166595012,1.3897120556272107,-1.0471560481043076,0.7285849730532621,0.2947704618224097
2018-01-24,14.98016,15.238895,4.653827272727273,-0.2587349999999997,16,1.0097044444444432,13.917578727642644,1.062581272357356,-0.7186636060279292,0.554284382248226,0.34296178850915293
2018-01-25,15.238395,15.854330000000001,4.522885606060607,-0.6159350000000003,15,0.31518944444444585,14.743876517615234,0.49451848238476614,-0.7795761465262543,0.1917960532726665,0.4513104371470762
2018-01-26,14.929616666666668,15.740388888888889,3.6860636363636363,-0.8107722222222211,14,0.300061666666668,14.788640444650492,0.14097622201617632,-1.2006590852733288,0.1846287401838586,0.3367896284886082
2018-01-29,15.024044444444444,15.650411111111111,3.555954545454547,-0.6263666666666676,11,-0.013130555555557422,14.743710328733869,0.2803341157105752,-1.2578598653050508,0.025213339469743128,0.3805247289745586
2018-01-30,16.357366666666664,16.27693888888889,5.517663636363636,0.08042777777777488,10,1.4807444444444418,15.797739834357866,0.5596268323087976,-0.25553508075886666,0.8072087260142975,0.9201539482913444
2018-01-31,16.57186111111111,16.432788888888886,5.363436363636364,0.13907222222222515,9,1.591701111111112,15.976862727987779,0.5949983831233325,-0.3337727096034475,0.8602095373779954,1.0132252942644522
2018-02-01,15.399777777777778,15.63775,3.997963636363636,-0.23797222222222203,8,0.16138277777777787,16.933195773552747,-1.5334179957749683,-1.0268764484671202,0.11056063190332222,0.5468173289581514
2018-02-02,16.209427777777776,16.25458888888889,4.434899999999999,-0.04516111111111343,7,1.2798111111111083,12.929433007054017,3.279994770723759,-0.809757257617523,0.6907535508882711,0.8782214572592263
2018-02-05,18.438677777777777,18.07281111111111,6.564863636363636,0.36586666666666545,32,3.4146333333333327,15.24947980619513,3.1891979715826473,0.2737149953008341,1.786231453121777,1.7678540709283759
2018-02-06,26.688121428571428,22.522926249999998,11.238243333333333,4.16519517857143,31,10.330754761904764,22.08367493305606,4.6044464955153686,2.6185093266112234,5.081363994705534,4.840331678227462
2018-02-07,23.339890909090908,21.479144444444444,10.169547222222224,1.8607464646464642,30,6.768029797979796,22.193367857778494,1.146523051312414,2.063689450978822,3.246182519046241,3.4954551335459567
2018-02-08,24.309261111111113,20.23885,9.333658181818183,4.070411111111113,29,8.909483333333334,22.908675698122966,1.4005854129881463,1.6276229633028243,4.11961370051524,3.761242481936023
2018-02-09,31.52975892857143,22.311654166666667,11.670226136363638,9.218104761904762,28,15.320331150793653,23.915263050051124,7.614495878520305,2.7471145052341144,6.471093163032475,5.97858731882113
2018-02-13,28.640172222222223,21.70647,14.262239999999998,6.933702222222223,24,10.201494444444446,23.74770972901753,4.892462493204693,3.886655468956965,4.148406127466686,4.778451158469632
2018-02-14,26.90863125,22.739825,11.714293333333334,4.168806249999999,23,0.22050982142857123,23.047618545625863,3.8610127043741365,2.622650672853888,0.027630681518739528,4.069344539869937
2018-02-15,22.251061111111113,19.74854,9.910459999999997,2.5025211111111147,22,-1.0888297979797947,24.195146654328642,-1.944085543217529,1.7549875483661532,-0.5158179660313141,2.5410060765747917
2018-02-16,20.516599999999997,19.05907,9.31333909090909,1.4575299999999984,21,-3.7926611111111157,24.94923478214505,-4.432634782145055,1.4629342345336533,-1.6241764360714466,1.9719313190314731
2018-02-19,19.291977777777777,18.540287499999998,8.295442727272725,0.7516902777777794,18,-12.237781150793651,26.300758249145183,-7.008780471367405,0.9810745477660874,-4.8572732899968445,1.5756752409001697
2018-02-20,21.06358125,18.618187499999998,10.486557272727275,2.445393750000001,17,-7.576590972222224,26.355710634815672,-5.292129384815674,1.9771779445474156,-2.971077615120665,2.112308494139131
2018-02-21,20.066305555555555,18.33832,10.863335454545453,1.7279855555555557,16,-6.842325694444444,25.705078220458887,-5.638772664903332,2.122883833446874,-2.645124609898665,1.7866010692909173
2018-02-22,22.162855555555556,19.35132,15.008483636363636,2.8115355555555546,15,-0.08820555555555742,25.77563690462885,-3.6127813490732947,3.8886823777202184,-0.06404325640984347,2.4037388618208895
2018-02-23,19.523066666666665,18.2949,11.068177272727272,1.2281666666666666,14,-0.9935333333333318,25.989740117798398,-6.466673451131733,2.1058017412545085,-0.4103513710998065,1.5813913556653507
2018-02-26,19.09186111111111,17.612325,10.129770909090908,1.4795361111111127,11,-0.20011666666666628,26.57904205556742,-7.487180944456309,1.6734512258176937,-0.10752587953562427,1.4402188639179054
2018-02-27,19.13357777777778,17.508650000000003,11.227199090909092,1.6249277777777777,10,-1.930003472222218,27.014504326044854,-7.880926548267073,2.127520116391209,-0.7696333387346282,1.4424153565912043
2018-02-28,20.96175625,18.150550000000003,13.491045454545457,2.811206249999998,9,0.8954506944444454,27.019583450563996,-6.057827200563995,3.0448392620773,0.3089673238193175,1.9749404927930259
2018-03-01,24.31153888888889,19.28172,17.69832909090909,5.02981888888889,8,2.1486833333333344,27.34746451422533,-3.0359256253364393,4.619549165016764,0.7833094546902627,2.9215739429621195
2018-03-02,29.7504,20.8757125,16.66144,8.8746875,7,10.227333333333334,27.39059025795102,2.3598097420489808,4.040689643920475,3.7476943186022416,4.3402779835516565
2018-03-05,23.035856250000002,20.97305,9.63675,2.0628062500000013,39,3.9439951388888908,27.358357597679117,-4.322501347679115,1.2412892286051334,1.4000945988956321,2.3933167663852153
2018-03-06,20.9299375,20.0937625,7.478460000000002,0.8361750000000008,38,1.7963597222222205,27.339468334299365,-6.409530834299364,0.38329253741305924,0.6012541092000596,1.7829691853480227
2018-03-07,22.444761111111113,21.014809999999997,8.346687272727273,1.4299511111111158,37,1.4830048611111124,21.553504291001506,0.8912568201096072,0.7236283370183401,0.48595733871728475,2.1818532750288737
2018-03-08,21.331205555555556,19.9451,7.4110090909090935,1.386105555555556,36,-2.980333333333334,21.65254448309417,-0.3213389275386156,0.35179897973545277,-1.156863947098546,1.8598743078052191
2018-03-09,20.844494444444443,19.958661111111113,6.42052,0.8858333333333306,35,-8.905905555555556,21.295879085243538,-0.4513846407990947,-0.041531291862403084,-3.2628361963876302,1.711921055862562
2018-03-12,19.80569375,19.20531875,5.299842727272729,0.6003749999999997,32,-3.2301625000000023,20.38885142656112,-0.5831576765611217,-0.48659783912773286,-1.198477413499122,1.4184371104622044
2018-03-13,18.60313888888889,18.653277777777777,6.154227272727272,-0.05013888888888829,31,-2.326798611111112,20.27868796406875,-1.6755490751798625,-0.14974171677142356,-0.8663812308462034,1.084646624266386
2018-03-14,18.501694444444446,18.580355555555556,6.800870909090911,-0.07866111111110996,30,-3.9430666666666667,20.51214120835006,-2.0104467639056125,0.1022542812828326,-1.4400567159414215,1.0522386456075996
2018-03-15,18.27745,18.33341875,7.547816363636361,-0.055968749999998124,29,-3.0537555555555542,19.91709802899124,-1.639648028991239,0.39338745297243055,-1.1193849205349102,0.9860841763400825
2018-03-16,18.6208125,18.904200000000003,9.58027,-0.28338750000000346,28,-2.2236819444444436,19.603881790195672,-0.9830692901956724,1.1928111809441053,-0.8192931232150922,1.0732567053112059
2018-03-19,18.96163333333333,18.377777777777776,10.185316363636364,0.5838555555555551,25,-0.8440604166666681,18.392537128644896,0.5690962046884351,1.4212828867016198,-0.3253755372948742,1.1581365055561008
2018-03-20,19.388961111111108,19.20643888888889,9.596727272727271,0.18252222222221803,24,0.7858222222222189,18.151815980192403,1.2371451309187051,1.1786385237746773,0.25720005601478085,1.264699371959701
2018-03-22,17.702294444444444,18.084344444444447,8.965270909090908,-0.3820500000000031,22,-0.7994000000000021,18.544222904499094,-0.8419284600546497,0.9204147270877514,-0.3130714834949288,0.8059005907127048
2018-03-23,24.97821111111111,22.213005555555554,14.1844,2.765205555555557,21,6.70076111111111,24.388337969568123,0.5898731415429879,2.94417635858567,2.344655299889746,2.7115113444191326
2018-03-26,23.660577777777778,21.545416666666668,13.15007,2.11516111111111,18,5.039765277777779,24.388198793356832,-0.7276210155790537,2.4977261083228983,1.7363958058664593,2.3273478782275903
2018-03-27,19.930431249999998,19.36420625,9.51981,0.5662249999999993,17,0.9687979166666665,25.998063108315666,-6.067631858315668,1.0750664387624815,0.29539377501045977,1.3381933539190225
2018-03-28,22.083425,20.32451875,12.082234545454543,1.758906249999999,16,2.6944638888888903,25.865290461555208,-3.78186546155521,2.051519598633044,0.8981673743742836,1.87876695371887
2018-03-29,21.70859375,20.5891125,10.700600000000001,1.1194812499999998,15,4.0062993055555545,25.697475328470986,-3.9888815784709877,1.5034154226632188,1.349884290466646,1.7624209116176668
2018-03-30,20.240468749999998,19.610018750000002,10.169060000000002,0.6304499999999962,14,-4.737742361111113,25.764892893184477,-5.524424143184479,1.2859892981057603,-1.709363082135054,1.3752448621177094
2018-04-02,21.81633888888889,19.784866666666666,11.425509090909088,2.0314722222222237,11,-1.8442388888888885,24.094882920536005,-2.2785440316471153,1.7540190546031897,-0.6914502752722466,1.7637606920475173
2018-04-03,21.641225,20.02554375,12.14966,1.615681249999998,10,1.7107937500000006,24.02433905564097,-2.38311405564097,2.007931444906249,0.5533597637165018,1.7029616591705639
2018-04-04,20.8013625,19.495706249999998,11.68626,1.305656250000002,9,-1.2820624999999986,23.165496317697556,-2.3641338176975566,1.8105852512065947,-0.4884003557339997,1.4806226727881882
2018-04-05,20.136322222222223,19.035088888888886,11.189056363636364,1.1012333333333366,8,-1.572271527777776,23.603823876297813,-3.4675016540755905,1.6054916930092094,-0.5859611063453473,1.3027228240396564
2018-04-06,22.143050000000002,20.052806250000003,13.483979999999999,2.090243749999999,7,1.9025812500000043,23.592991300222554,-1.4499413002225516,2.434433202506736,0.6297217158313765,1.7899650360061525
2018-04-09,18.70024375,19.16228125,7.1218900000000005,-0.462037500000001,32,-3.116095138888891,23.602986472196044,-4.902742722196045,0.05274081492840528,-1.1282739560870434,0.921837663715945
2018-04-10,18.937683333333332,19.374561111111113,6.331061818181816,-0.4368777777777808,31,-2.7035416666666663,22.931498451605542,-3.9938151182722095,-0.24239882411833857,-0.9772680544682418,0.9767237653359815
2018-04-11,18.074093750000003,18.59115,7.838669999999997,-0.517056249999996,30,-2.727268749999997,22.852806269553483,-4.77871251955348,0.3176550191848862,-0.984293456727305,0.7571593945295793
2018-04-12,17.12846111111111,17.970783333333333,8.030625454545454,-0.8423222222222222,29,-3.0078611111111115,22.655390185042833,-5.526929073931722,0.38811797174567697,-1.0741579672665416,0.5206157648176296
2018-04-13,15.940727777777779,16.979144444444444,7.119765454545455,-1.0384166666666648,28,-6.202322222222223,22.741971188970705,-6.801243411192926,0.04678013865758766,-2.159660006273393,0.22376636457516494
2018-04-16,14.98611111111111,16.181166666666666,7.1664781818181815,-1.1950555555555553,25,-3.714132638888888,22.653780512574297,-7.667669401463186,0.06400433941129144,-1.2880049193320946,-0.011924288629856694
2018-04-17,14.107083333333332,15.429099999999998,6.573472727272728,-1.3220166666666664,24,-4.8306000000000004,22.3783301382295,-8.271246804896169,-0.1572660179878248,-1.656422271205281,-0.22765807041228198
2018-04-18,14.413544444444444,15.383866666666666,5.498309090909089,-0.9703222222222223,23,-3.660549305555559,22.75484766735203,-8.341303222907587,-0.5549077038119017,-1.2440671333071887,-0.14772527520396556
2018-04-19,14.00531875,15.272762499999999,6.128009090909092,-1.2674437499999982,22,-3.1231423611111104,22.55592446693689,-8.55060571693689,-0.3135987690756447,-1.0512771609688203,-0.2454121874405403
2018-04-20,13.411772222222222,14.879516666666667,5.741599999999998,-1.4677444444444454,21,-2.528955555555557,14.025034113728813,-0.6132618915065908,-0.4532153074218283,-0.8408557808408642,-0.3888407515430083
2018-04-23,13.401438888888888,14.787,5.983670909090909,-1.3855611111111124,18,-1.5846722222222223,14.167878174724105,-0.7664392858352169,-0.35640446831102535,-0.5112535933044823,-0.38615352229255445
2018-04-24,13.403694444444444,14.516211111111112,5.5323090909090915,-1.112516666666668,17,-0.7033888888888882,11.48067339927261,1.9230210451718328,-0.5210080864339229,-0.20464253699179888,-0.3801783698012648
2018-04-25,13.718338888888889,14.561827777777777,6.742027272727272,-0.8434888888888885,16,-0.695205555555555,10.082601414655329,3.6357374742335598,-0.05316697172449582,-0.1988349755951823,-0.29563564139245624
2018-04-26,13.9987,14.832566666666667,6.855527272727274,-0.8338666666666672,15,-0.006618750000001228,10.03432277534239,3.964377224657609,-0.004371974379982245,0.039005849014448084,-0.21986069668688685
2018-04-27,12.781994444444443,14.215477777777778,6.936007272727274,-1.433483333333335,14,-0.6297777777777789,9.26360769384156,3.5183867506028825,0.03268884861531316,-0.17610788787090548,-0.5233575388065584
2018-05-01,13.178344444444445,14.112288888888889,6.447099999999999,-0.9339444444444442,10,-0.2230944444444436,9.047710033607212,4.130634410837233,-0.15126150126583682,-0.03529672748961865,-0.41704393176951765
2018-05-02,12.203711111111112,13.411950000000001,8.207157272727274,-1.2082388888888893,9,-1.199983333333332,8.799803336438648,3.4039077746724633,0.5353004380267081,-0.37124237602559157,-0.659564896096727
2018-05-07,13.67531111111111,14.44207777777778,5.517316363636365,-0.766766666666669,32,-0.04302777777777855,8.849117254153763,4.826193856957348,-0.5068295181508714,0.021375140385937245,-0.28237640968255223
2018-05-08,12.838327777777778,13.852955555555557,4.977220000000001,-1.014627777777779,31,-1.1603722222222217,7.505119347388242,5.3332084303895355,-0.7135691794918677,-0.375066548272948,-0.4954997139353653
2018-05-09,12.932383333333334,13.892233333333333,5.415594545454546,-0.9598499999999994,30,0.1503888888888909,7.592926208906239,5.339457124427095,-0.5441675355822916,0.07434962703693962,-0.4717614145700985
2018-05-10,12.722955555555554,13.714933333333335,5.306243434343434,-0.9919777777777803,29,-0.4553888888888906,7.537834250613601,5.185121304941953,-0.5873345937947068,-0.15117335945639446,-0.5257894985398638
2018-05-11,12.668477777777778,13.746855555555555,5.418736363636365,-1.0783777777777779,28,0.4647666666666659,8.210701914743055,4.457775863034723,-0.5430632503051878,0.16893542300117112,-0.5406485409627052
2018-05-14,12.163905555555555,13.253611111111113,5.312040404040404,-1.0897055555555575,25,-1.5114055555555552,7.808849673655074,4.355055881900481,-0.5826779916417857,-0.5493070061248257,-0.6695697574560325
2018-05-15,11.91441,12.939225,5.77349090909091,-1.0248150000000003,24,-0.9239177777777776,7.871054527688134,4.043355472311866,-0.4016727268728039,-0.33443581117137633,-0.7309234430656374
2018-05-16,12.449638888888888,13.34083888888889,6.5468081818181805,-0.8912000000000013,23,-0.482744444444446,8.17213269273898,4.277506196149908,-0.10589596574019754,-0.17284204887150406,-0.5930876077737728
2018-05-17,11.947833333333334,14.123362499999999,5.84616909090909,-2.1755291666666654,22,-0.7751222222222207,8.250338552379645,3.697494780953688,-0.3824029945297902,-0.2762482445945761,-0.7191310442175948
2018-05-18,11.885795,13.976759999999999,6.047562727272727,-2.090964999999999,21,-0.7826827777777776,8.247780561289632,3.6380144387103677,-0.306530315689684,-0.2769279353491828,-0.7338615537975729
2018-05-21,12.086622222222221,14.152940000000001,5.871718181818181,-2.0663177777777797,18,-0.07728333333333381,7.0102252389040425,5.076396983318179,-0.3770725053979773,-0.020687190018653736,-0.6822350600465216
2018-05-22,11.650938888888888,13.83647,5.643259090909092,-2.1855311111111124,17,-0.2634711111111123,7.131973228703954,4.518965660184934,-0.46573187871222965,-0.090207694900596,-0.7926539670707832
2018-05-23,13.287015,14.42882,8.095118181818181,-1.1418049999999997,16,0.8373761111111122,8.562175386707212,4.724839613292788,0.48865065031240973,0.3067104470392013,-0.37692952605838254
2018-05-24,14.05306875,15.05235,8.567063636363638,-0.999281250000001,15,2.105235416666666,9.51311499112238,4.539953758877619,0.6685738908125536,0.7614081088956917,-0.183819408684411
2018-05-25,12.884177777777778,14.2348,8.359745454545456,-1.3506222222222224,14,0.9983827777777776,9.05788675671625,3.826291021061527,0.5859991035183801,0.35953338220346953,-0.4814471292410437
2018-05-28,12.463505555555557,13.81583,7.6464227272727285,-1.3523244444444433,11,0.37688333333333546,8.982602104129992,3.480903451425565,0.30837951732078045,0.13736129454738522,-0.5859292392954586
2018-05-29,13.986427777777777,14.077675,9.18390909090909,-0.09124722222222204,10,2.3354888888888894,9.092071250144375,4.894356527633402,0.9062434100134797,0.8491383295518893,-0.1972168704266176
2018-05-30,17.47018333333333,15.641210000000001,11.45216,1.8289733333333302,9,4.183168333333331,10.26122043860512,7.208962894728211,1.773759199166722,1.5092785127842645,0.6859931038439353
2018-05-31,14.89125,14.507750000000001,10.876590909090908,0.38349999999999795,8,0.8381812499999999,10.744662685033594,4.146587314966405,1.5381120558693238,0.30007403247266456,0.027716812622993407
2018-06-01,14.61550625,14.68525,8.138263636363636,-0.06974375000000066,7,1.7313284722222217,10.742770400101001,3.872735849898998,0.47877365410501077,0.6192300666228922,-0.044630861272094716
2018-06-04,12.832611111111111,13.83042,6.634663636363637,-0.9978088888888887,39,0.3691055555555547,11.886941959033152,0.9456691520779597,-0.10373786096209676,0.12231783455833835,-0.5002300763484132
2018-06-05,12.645233333333334,13.8414,6.159909090909091,-1.1961666666666666,38,-1.3411944444444437,11.911952847301272,0.7332804860320614,-0.2886449733493708,-0.49914204696633896,-0.5484749280793009
2018-06-06,12.399799999999999,13.6953625,6.384018181818181,-1.2955625000000008,37,-5.070383333333332,11.85768277572326,0.5421172242767387,-0.20085240051973283,-1.8329233598749095,-0.6105076564545372
2018-06-07,12.404672222222223,13.526625,5.809218181818183,-1.1219527777777767,36,-2.486577777777777,12.157984921478247,0.24668730074397516,-0.4228002492675285,-0.8995042921725837,-0.6098767290853297
2018-06-08,13.149461111111112,14.155338888888888,7.804190909090908,-1.0058777777777763,35,-1.4660451388888873,11.648848527248129,1.5006125838629831,0.34519603217834,-0.5308664575243854,-0.4214623236002321
2018-06-11,13.050583333333334,14.088899999999999,7.17930909090909,-1.038316666666665,32,0.21797222222222246,11.654869748286929,1.3957135850464049,0.09960250746395577,0.07543510208973646,-0.447306446347818
2018-06-12,12.818466666666666,13.80321111111111,7.122702727272728,-0.9847444444444449,31,0.17323333333333224,11.690183500708883,1.1282831659577823,0.07539031105241963,0.062285943311856926,-0.5046350466427157
2018-06-13,11.99745,13.314816666666667,6.895399090909089,-1.3173666666666666,30,-0.40234999999999843,11.630759451715393,0.36669054828460723,-0.017157405695822792,-0.14395034000856796,-0.7125137708798687
2018-06-14,12.811444444444444,13.73328888888889,8.07988181818182,-0.9218444444444458,29,0.4067722222222212,12.056582686190923,0.7548617582535204,0.437832069137623,0.14877064271933513,-0.5043534569648344
2018-06-15,11.965188888888889,13.389033333333334,8.081760909090908,-1.4238444444444447,28,-1.1842722222222228,12.105134754420783,-0.13994586553189414,0.4342069952835909,-0.4209700172047975,-0.718398303278057
2018-06-18,13.236711111111111,13.969149999999999,9.193109090909092,-0.732438888888888,25,0.18612777777777723,12.308939205041565,0.9277719060695464,0.8596209304469973,0.07331720575809347,-0.39455933068154764
2018-06-19,16.61152222222222,15.657866666666667,11.7059,0.953655555555553,24,3.7930555555555543,13.738414190554202,2.8731080316680178,1.8170140778861843,1.3611602841367665,0.4610383232422964
2018-06-20,14.153233333333333,14.639961111111111,10.509154545454544,-0.4867277777777783,23,2.155783333333332,14.004998161444915,0.14823517188841784,1.3428344044741332,0.7673549484723934,-0.16778997371836835
2018-06-21,13.293188888888888,14.284688888888889,10.060045454545456,-0.9915000000000003,22,0.48174444444444475,13.556784261687172,-0.2635953727982834,1.1605556641318044,0.163762660863984,-0.38866167607485697
2018-06-22,14.613022222222222,14.77678888888889,10.52442181818182,-0.1637666666666675,21,2.647833333333333,13.877763414109756,0.7352588081124658,1.3278409164320648,0.9353229066021699,-0.05438649839554438
2018-06-25,15.66076111111111,15.127194444444445,11.616109090909092,0.5335666666666654,18,2.4240499999999994,14.161817258224573,1.498943852886537,1.7281324720508557,0.849196239996944,0.2100224539656531
2018-06-26,15.233272222222222,15.145433333333333,11.911118181818184,0.08783888888888924,17,-1.3782499999999978,14.03058090233779,1.2026913198844316,1.8201673814616037,-0.5119975060576172,0.09708805839651269
2018-06-27,16.075783333333334,15.275572222222223,12.217444545454548,0.8002111111111105,16,1.922550000000001,12.891127118127727,3.1846562152056066,1.9139810045383652,0.6659736491293069,0.3085165256292429
2018-06-28,16.686677777777778,15.83756111111111,13.373086363636363,0.8491166666666672,15,3.393488888888889,12.564635553605688,4.122042224172089,2.316610058654891,1.1839021926958064,0.4605775837099862
2018-06-29,16.60601666666667,15.581683333333334,12.073100000000002,1.0243333333333347,14,1.992994444444447,12.560095941297043,4.045920725369626,1.810258135234189,0.6799238239751021,0.43522892335064445
2018-07-02,21.82450625,17.8302875,16.498969999999996,3.994218749999998,11,6.163745138888888,13.909800663626621,7.914705586373378,3.363231763883557,2.138797941891603,1.7576587629611278
2018-07-03,19.98818888888889,17.352738888888886,13.813173636363636,2.6354500000000023,10,4.7549166666666665,13.816819720112058,6.171369168776831,2.3502981474836764,1.6249776095136583,1.2772665955548366
2018-07-04,18.02776111111111,16.76643333333333,11.717036363636364,1.2613277777777796,9,1.9519777777777776,13.668301680638145,4.359459430472967,1.5807946379562394,0.6360455879867756,0.7701219009016304
2018-07-05,19.631175,17.1062,11.86449,2.5249749999999977,8,2.944497222222221,13.197745454216259,6.43342954578374,1.6174060661421885,0.978238756729681,1.1704149868857499
2018-07-06,17.35555,16.043333333333333,9.504134545454548,1.312216666666668,7,0.749533333333332,14.046623922648168,3.308926077351833,0.7713606668390428,0.20728403704828083,0.5839146374978158
2018-07-09,14.6526125,15.022606249999999,7.313163636363637,-0.369993749999999,32,-7.171893749999999,14.732242348848684,-0.0796298488486844,-0.01034196751362127,-2.528320942220514,-0.11045214507305522
2018-07-10,13.610777777777777,14.187527777777778,7.762345454545455,-0.5767500000000005,31,-6.377411111111112,14.92311849321891,-1.3123407154411328,0.14971741294344146,-2.221576807801234,-0.37754588463572997
2018-07-11,15.111831250000002,15.16079375,8.572636363636361,-0.048962499999998244,30,-2.9159298611111097,15.22545851906363,-0.11362726906362752,0.4374805156681444,-1.025911290627605,0.004907894076944809
2018-07-12,14.20875,14.815100000000001,8.065745454545455,-0.6063500000000008,29,-5.422424999999999,15.70217423513055,-1.4934242351305507,0.26108642542414656,-1.8634142915901781,-0.22721173356339763
2018-07-13,13.192477777777778,13.868144444444443,8.103916363636364,-0.6756666666666646,28,-4.1630722222222225,17.052229781947798,-3.8597520041700193,0.2760092096741921,-1.4215553787410538,-0.4868402668786531
2018-07-17,13.551905555555555,13.868538888888889,8.729127272727272,-0.31663333333333377,24,-1.100706944444445,15.555992712427075,-2.0040871568715204,0.5030003229307778,-0.37599184942211417,-0.3932313370369851
2018-07-18,13.357688888888887,13.832705555555556,7.679227272727273,-0.47501666666666864,23,-0.2530888888888896,15.023776617492308,-1.6660877286034204,0.13025986784956217,-0.08501929165076351,-0.44132458074597136
2018-07-19,13.513422222222221,14.0151,7.4661636363636354,-0.501677777777779,22,-1.5984090277777803,14.88956210340576,-1.3761398811835388,0.05263959805572404,-0.5421391236999565,-0.40287254530120925
2018-07-20,13.532055555555555,14.258622222222222,7.737818181818183,-0.7265666666666668,21,-0.6766944444444452,14.643278168015836,-1.1112226124602813,0.14699290973845722,-0.2306220509984965,-0.40106437760351277
2018-07-23,15.874311111111112,15.551577777777778,8.693127272727272,0.32273333333333376,18,2.6818333333333335,15.16596813799462,0.7083429731164923,0.48619507339321755,0.9074046825953488,0.19592629336875614
2018-07-24,14.429883333333333,14.570916666666665,7.536517272727272,-0.14103333333333268,17,0.8779777777777777,15.266388203458392,-0.8365048701250597,0.06920649710906344,0.2871839943122624,-0.17913416811928345
2018-07-25,13.848672222222223,13.955355555555556,7.654781818181817,-0.1066833333333328,16,0.490983333333336,15.276891930730935,-1.4282197085087116,0.10891558740961362,0.14948255058136134,-0.3324482238072683
2018-07-26,14.1241,14.030988888888889,7.783718181818182,0.09311111111111181,15,0.610677777777779,15.290569171260335,-1.166469171260335,0.15415948609631883,0.188216708460915,-0.2648400797095643
2018-07-27,13.751066666666667,13.748772222222222,7.0788636363636375,0.002294444444444821,14,0.2190111111111115,15.385911053378601,-1.6348443867119347,-0.10042957402454641,0.05261601575522575,-0.365418258880754
2018-07-30,15.71961111111111,14.430933333333332,7.621909090909089,1.288677777777778,11,-0.15470000000000184,13.146193144101609,2.573417967009501,0.09277043559011748,-0.07827432190600402,0.1391483999298211
2018-07-31,13.60028888888889,13.350999999999999,6.942018181818181,0.24928888888889134,10,-0.8295944444444423,13.112139173048465,0.4881497158404251,-0.15225760999553156,-0.3106715876448723,-0.4177523047610776
2018-08-01,12.8545,12.732305555555556,4.762727272727272,0.12219444444444427,9,-0.9941722222222236,13.18992617471981,-0.3354261747198102,-0.9298874157788175,-0.36573350637182156,-0.6154670976134013
2018-08-02,13.800699999999999,13.494944444444444,10.060410909090912,0.3057555555555549,8,-0.32340000000000124,13.470986912472815,0.32971308752718365,0.964723793526227,-0.13522948354420314,-0.37175456896987485
2018-08-03,12.997994444444444,13.325322222222223,8.188936363636362,-0.32732777777777855,7,-0.7530722222222224,13.056948621963166,-0.05895417751872145,0.2930431392798388,-0.2826619252476635,-0.5871398937319133
2018-08-06,13.245938888888888,13.346055555555555,6.1603200000000005,-0.10011666666666663,39,-2.4736722222222216,12.485780569631652,0.7601583192572363,-0.4320224816071159,-0.8683244724669996,-0.5265060102539842
2018-08-07,12.611799999999999,12.85768888888889,5.671963636363635,-0.24588888888889038,38,-0.9884888888888916,12.506330967267914,0.10546903273208486,-0.6018124195489242,-0.3551061404195443,-0.6952607513745719
2018-08-08,12.636894444444444,12.964327777777779,5.992595454545455,-0.32743333333333524,37,-0.21760555555555605,11.554250259033676,1.0826441854107678,-0.48327957597312987,-0.08974689283535255,-0.6908152243581941
2018-08-09,12.280650000000001,12.620688888888889,6.001185454545455,-0.34003888888888767,36,-1.5200499999999977,10.989224271432969,1.2914257285670327,-0.4776446505402644,-0.5340451412481191,-0.7868770735906774
2018-08-10,13.628966666666667,13.650105555555555,7.1672909090909105,-0.021138888888888374,35,0.6309722222222227,10.060631697525558,3.568334969141109,-0.06385420932259042,0.20299952594498857,-0.43556284809003265
2018-08-13,15.92356111111111,15.12748888888889,8.565714545454547,0.7960722222222216,32,2.6776222222222223,12.160754700892475,3.7628064102186354,0.4334017556169591,0.8988844340836111,0.16746765367051705
2018-08-14,13.505011111111111,13.400355555555556,8.00376909090909,0.10465555555555461,31,0.8932111111111123,14.78557942690274,-1.280568315791628,0.22993918443529238,0.28460543120896287,-0.48263453240029314
2018-08-15,14.14415,13.880527777777779,8.45869090909091,0.26362222222222087,30,1.507255555555556,14.809904332964855,-0.6657543329648554,0.39021708899478624,0.49090082782559574,-0.31759539026227585
2018-08-16,14.7936,15.2161125,8.808554545454545,-0.42251249999999985,29,2.5129499999999982,14.812380904673148,-0.018780904673148413,0.5128377972899848,0.8296793824469891,-0.14877910826141658
2018-08-17,14.3353,14.91962,8.55593,-0.58432,28,0.7063333333333333,14.893457562265002,-0.5581575622650021,0.42216505381468955,0.21412754339172846,-0.27447409001987616
2018-08-20,14.187355555555555,14.819500000000001,8.819136363636362,-0.632144444444446,25,-1.7362055555555553,14.192833407582208,-0.005477852026652741,0.5178662658205657,-0.617590564370903,-0.3163135327721622
2018-08-21,13.196005555555555,14.50055,8.076899999999998,-1.3045444444444456,24,-0.3090055555555562,14.055809312606298,-0.8598037570507433,0.25741301114398546,-0.12169096203099736,-0.5825485484968256
2018-08-22,12.99938888888889,14.410137500000001,7.253350000000001,-1.4107486111111118,23,-1.1447611111111105,14.159620535920522,-1.1602316470316332,-0.035322689566329515,-0.40531845396324445,-0.6366994375867312
2018-08-23,12.582788888888889,14.2692625,6.199300000000001,-1.6864736111111114,22,-2.210811111111111,14.18948593647446,-1.6066970475855715,-0.41113235438387447,-0.7673071225276354,-0.7498508192609181
2018-08-24,11.898555555555555,14.101412499999999,6.474386363636363,-2.2028569444444432,21,-2.436744444444445,14.388848827762146,-2.490293272206591,-0.3074683131542571,-0.8421291568386704,-0.9350342443535977
2018-08-27,12.39631111111111,14.335090000000001,5.799845454545455,-1.9387788888888906,18,-1.791044444444445,14.461499394245813,-2.0651882831347024,-0.5452165270962182,-0.6145932938890413,-0.7973771291322622
2018-08-28,12.381545,14.37004,6.050436363636363,-1.9884950000000003,17,-0.8144605555555557,14.46136855055309,-2.0798235505530904,-0.44839646768381125,-0.2772094922109164,-0.7986838172682277
2018-08-29,11.776388888888889,14.085262499999999,6.556026363636365,-2.3088736111111103,16,-1.2230000000000008,14.161523768412279,-2.38513487952339,-0.25989367050406026,-0.41459836769390124,-0.9585151042062136
2018-08-30,12.601155555555556,14.3171875,6.230756363636365,-1.7160319444444436,15,0.018366666666667086,13.599686012559104,-0.9985304570035485,-0.3754136019119222,0.01423348532218828,-0.7359594215884224
2018-08-31,12.699927777777777,14.3352875,6.41109909090909,-1.6353597222222227,14,0.8013722222222217,13.603953768433291,-0.9040259906555139,-0.30692934833630175,0.2857681203279386,-0.7080338354493781
2018-09-03,13.405955555555554,14.455950000000001,6.9731818181818195,-1.0499944444444473,11,1.0096444444444437,13.867637711368655,-0.4616821558131008,-0.10128641874287339,0.3543503446187589,-0.5185885868007624
2018-09-04,13.65420634920635,14.220030000000001,6.649845454545455,-0.5658236507936518,10,1.2726613492063503,13.658807634974455,-0.004601285768105257,-0.22180742610603185,0.44149220485338686,-0.453040971364445
2018-09-05,14.545872222222222,14.846925,8.267145454545453,-0.3010527777777785,9,2.7694833333333335,13.781308367598315,0.7645638546239066,0.36739071849079397,0.9523283768292877,-0.2140520393286234
2018-09-06,14.96186111111111,14.89107,8.821763636363638,0.07079111111111125,8,2.3607055555555547,13.83924575267635,1.1226153584347607,0.5662798085701911,0.8069507716753531,-0.10450795409756884
2018-09-07,16.510019444444445,15.58728,10.612554545454547,0.9227394444444457,7,3.8100916666666684,13.288924439458699,3.221095004985747,1.2102684558388166,1.295295024195223,0.3095296316713638
2018-09-10,14.100861111111112,15.2114,6.121799999999999,-1.1105388888888879,32,0.6949055555555574,11.014104215708901,3.0867568954022104,-0.4279250515707358,0.22511023412771983,-0.34316233611412744
2018-09-11,13.533516666666667,14.78305,5.894390909090907,-1.249533333333332,31,-0.12068968253968215,8.85562514708515,4.677891519581518,-0.508445374864761,-0.05335065926066303,-0.49653918424246224
2018-09-12,13.48246111111111,14.8206375,6.291299999999998,-1.3381763888888898,30,-1.0634111111111118,8.50431209655583,4.97814901455528,-0.3615434737296669,-0.374259390213877,-0.5094516723301911
2018-09-13,13.468577777777778,14.654824999999999,6.031363636363636,-1.186247222222221,29,-1.4932833333333324,9.016151463286054,4.452426314491724,-0.45332302204099606,-0.5175028922506208,-0.512184326394621
2018-09-14,13.2987,14.725683333333333,5.177577777777778,-1.4269833333333324,28,-3.2113194444444453,9.740230748660732,3.558469251339268,-0.7592137737201132,-1.0990162522432854,-0.5578737068077262
2018-09-18,14.51272,15.021285,5.199375454545455,-0.5085650000000008,24,0.41185888888888833,10.453480904417207,4.059239095582793,-0.7449234645244758,0.14305442766300777,-0.2300939340029414
2018-09-19,14.17863,15.031569999999999,4.982275454545455,-0.8529399999999985,23,0.6451133333333328,10.80631152824063,3.3723184717593693,-0.8190632196275078,0.22015275020701097,-0.3230749461719503
2018-09-20,13.8991,14.80165,5.187545454545454,-0.9025499999999997,22,0.41663888888889034,10.787307099074006,3.1117929009259946,-0.7415313818180317,0.1372128282791805,-0.40294626154084945
2018-09-21,13.83371111111111,15.06875,3.317494999999999,-1.235038888888889,21,0.36513333333333264,10.947950419837925,2.8857606912731857,-1.4122416101202087,0.11505234383809539,-0.424540234971291
2018-09-25,14.146374999999999,15.023340000000001,4.221830000000001,-0.876965000000002,17,0.8476749999999988,10.765277543679579,3.38109745632042,-1.0790043759406935,0.27692579120299016,-0.3440100328529753
2018-09-26,14.364175,15.075725,5.094677272727271,-0.7115500000000008,16,-0.14854500000000037,10.55237570029032,3.81179929970968,-0.7606899766740635,-0.0710909960458952,-0.28901886817231937
2018-09-27,13.64757,15.12525,5.89141818181818,-1.4776799999999994,15,-0.5310600000000001,11.443580794971904,2.203989205028096,-0.47403503536598157,-0.20337165242803232,-0.48812489484977567
2018-09-28,13.938733333333333,15.226016666666666,5.619848333333334,-1.287283333333333,14,0.03963333333333274,12.130506091425692,1.808227241907641,-0.5717764080882195,-0.005935926591823553,-0.4125742216657427
2018-10-01,14.215188888888889,15.338144444444445,5.223914999999998,-1.1229555555555564,11,0.38147777777777847,12.142149767702952,2.0730391211859374,-0.7145646131364178,0.11098036261164759,-0.341738386363124
2018-10-02,14.64553,15.413355,6.902561666666667,-0.7678249999999984,10,0.4991550000000018,12.108459857884709,2.537070142115292,-0.11020480211587415,0.150497631684153,-0.22851070057212813
2018-10-03,14.166722222222223,15.37123888888889,6.3384613636363625,-1.2045166666666667,9,-0.1974527777777766,12.073805589049439,2.092916633172784,-0.3150906629434139,-0.09054353875624525,-0.3658680252634909
2018-10-04,15.590516666666666,15.977933333333334,10.111452272727274,-0.3874166666666685,8,1.942946666666666,12.405027160465613,3.185489506201053,1.041983493832169,0.6460808706278758,0.02438432900940095
2018-10-05,14.95902388888889,15.94534,6.446371212121214,-0.9863161111111101,7,1.0202905555555564,12.689446650745499,2.269577238143391,-0.2802167826328505,0.32633686453132665,-0.15555046358373936
2018-10-09,16.706605555555555,16.376055555555556,6.551975757575757,0.3305499999999988,31,2.491416666666666,13.711534225420117,2.9950713301354384,-0.2421587959322578,0.8314034555785538,0.3266860220220858
2018-10-10,16.15287777777778,16.024044444444446,6.160518181818182,0.1288333333333327,30,1.5073477777777775,13.175864221734152,2.9770135560436266,-0.38141869773401754,0.4913753337114402,0.16744075399619937
2018-10-11,22.635977777777775,20.461805555555557,11.346190909090911,2.174172222222218,29,8.469255555555552,19.979115448650443,2.656862329127332,1.4789459833655758,2.835277171799028,1.9604772142119504
2018-10-12,21.061011111111114,19.486177777777776,11.039863636363638,1.5748333333333377,28,5.470494444444448,19.501867053198882,1.5591440579122313,1.359437388508211,1.7979264760323923,1.5089782519711494
2018-10-15,24.00945,21.447005555555556,11.682397272727272,2.562444444444445,25,9.050426111111111,20.614738575391485,3.3947114246085164,1.575671484424418,2.940444823785796,2.2983919034901743
2018-10-16,21.267933333333332,20.453072222222225,11.31810909090909,0.8148611111111066,24,4.561327777777777,20.827962273823978,0.4399710595093538,1.435113787587154,1.4403231756816028,1.5278271000184909
2018-10-17,18.412961111111112,18.23186666666667,9.107227272727272,0.18109444444444378,23,2.260083333333334,20.906573893863754,-2.493612782752642,0.6478480992074014,0.6764150724487636,0.7331850495819242
2018-10-18,20.080033333333333,18.648,11.132272727272728,1.432033333333333,22,-2.5559444444444424,20.326588177574337,-0.24655484424100393,1.3539047981522143,-0.9051801850624462,1.1848582600647126
2018-10-19,20.84241111111111,19.42518888888889,9.674181818181818,1.4172222222222217,21,-0.21860000000000213,19.829432663176448,1.012978447934664,0.8322195518901278,-0.13167358442775265,1.3832280640501011
2018-10-22,20.482355555555557,18.78866111111111,10.024472727272727,1.6936944444444464,18,-3.527094444444444,19.930789704974664,0.5515658505808929,0.9486332499783546,-1.2129154961192383,1.2732568804045898
2018-10-23,26.161322222222225,21.94768888888889,13.475979999999996,4.213633333333334,17,4.893388888888893,21.350389331162628,4.810932891059597,2.1392115862365917,1.552752043671556,2.7785548929118318
2018-10-24,24.88992777777778,21.178505555555553,13.009319999999999,3.7114222222222253,16,6.476966666666666,21.38242842661076,3.50749935116702,1.9518856035693728,2.056490890761093,2.3958974989211614
2018-10-25,30.72843888888889,24.719716666666667,11.760948863636361,6.008722222222222,15,10.648405555555556,24.287787922511807,6.440650966377081,1.5032800745695456,3.3284263235461826,3.826506853504067
2018-10-26,28.88476875,24.3579,10.698132222222224,4.526868749999998,14,8.042357638888888,24.256082893796638,4.6286858562033615,1.1264403449877862,2.456195769394908,3.2637856698885064
2018-10-29,29.15417777777778,24.415661111111113,13.763304545454549,4.738516666666666,11,8.671822222222222,23.23140989726858,5.922767880509198,2.1571289086735983,2.6073972220881823,3.2492865413404513
2018-10-30,27.79210625,23.56513125,10.985499999999998,4.2269749999999995,10,1.630784027777775,24.068168771681254,3.7239374783187458,1.1985466353018823,0.41585141383805685,2.8498846460602016
2018-10-31,25.968555555555554,23.055300000000003,12.559459090909094,2.9132555555555513,9,1.0786277777777755,25.881134824146244,0.08742073140930984,1.7184815657862216,0.2406504674983617,2.3657699151105533
2018-11-01,25.453825000000002,22.757925,12.648140000000001,2.6959000000000017,8,-5.2746138888888865,25.95301059162976,-0.4991855916297574,1.7302791838734302,-1.7212970639967045,2.2100217422199933
2018-11-02,23.96883888888889,22.126533333333334,10.251819999999999,1.842305555555555,7,-4.91592986111111,28.13304689793433,-4.164208009045442,0.9146617686495649,-1.5956148973323174,1.831047930353345
2018-11-05,23.43933888888889,21.52267777777778,7.434836363636364,1.916661111111111,39,-5.714838888888888,28.413536948394814,-4.974198059505923,-0.034871969971593704,-1.8231953635634284,1.6867711893658088
2018-11-06,22.663166666666665,20.649416666666667,6.897727272727273,2.013749999999998,38,-5.128939583333334,28.700150239654835,-6.03698357298817,-0.21779692524144556,-1.6317972144224502,1.4875520918081255
2018-11-07,20.868055555555557,19.44943888888889,7.376515454545455,1.4186166666666686,37,-5.100499999999997,28.652004994344622,-7.783949438789065,-0.059006541222070816,-1.608226770052105,1.0511813631095215
2018-11-08,17.750294444444442,17.44473,7.186629090909092,0.30556444444444253,36,-7.7035305555555595,26.083629038034395,-8.333334593589953,-0.12476053959900996,-2.3621296915673904,0.3031771169717013
2018-11-09,17.571872222222225,17.446820000000002,7.01516,0.125052222222223,35,-6.396966666666664,26.267158185291667,-8.695285963069441,-0.1861668299181975,-1.947323140792606,0.2574484894841813
2018-11-12,17.289144444444446,17.18489,6.952176363636363,0.10425444444444665,32,-6.150194444444445,25.409240104871238,-8.120095660426792,-0.20908576429755651,-1.8526583139381416,0.18700149307103472
2018-11-13,19.513550000000002,18.24575,7.839789999999997,1.2678000000000011,31,-3.149616666666663,25.99015222514681,-6.476602225146809,0.08706055879773014,-0.9593645972076962,0.713863231587596
2018-11-14,19.71908888888889,18.3324875,8.108712727272728,1.3866013888888915,30,-1.1489666666666665,25.45824301438116,-5.73915412549227,0.1732141598673452,-0.36583695330585864,0.7576622254544441
2018-11-15,20.4314125,18.719625,7.936558181818182,1.7117874999999998,29,2.681118055555558,25.365322091432684,-4.933909591432684,0.10993242893327665,0.766753378331786,0.9215053390466187
2018-11-16,20.53708125,19.2346875,8.518979999999999,1.3023937500000002,28,2.9652090277777745,25.367066133754406,-4.829984883754406,0.3048651643125146,0.8554793191031971,0.94447614303385
2018-11-19,19.580725,18.328587499999998,7.658605454545455,1.2521375000000035,25,2.291580555555555,25.468585983920907,-5.8878609839209055,0.009474185215383542,0.6576212602533634,0.7139129162588052
2018-11-20,19.88150625,18.666712500000003,8.380230000000001,1.2147937499999983,24,0.3679562499999989,23.94376283862936,-4.06225658862936,0.2554140180142232,0.08982878197044807,0.7819285815311225
2018-11-21,20.207516666666667,19.03069,7.423536363636362,1.176826666666667,23,0.48842777777777613,23.89501077417284,-3.687494107506172,-0.07524977310357452,0.12786603334131666,0.8552130396554675
2018-11-22,19.291505555555553,18.734537500000002,7.089139090909093,0.5569680555555507,22,-1.1399069444444478,19.70416792777042,-0.4126623722148679,-0.19291815368350554,-0.3517989555820722,0.636098400036258
2018-11-26,20.03966875,18.2703875,7.657209999999999,1.7692812500000024,18,-0.49741249999999937,19.75518513485589,0.28448361514411147,-0.0031155948365439315,-0.161549370912043,0.8107984641648455
2018-11-27,19.985483333333335,18.385260000000002,6.002248181818182,1.6002233333333322,17,0.40475833333333355,19.794396084571233,0.19108724876210204,-0.5796011001264809,0.1087864116776938,0.7971196801225303
2018-11-28,19.827688888888886,18.483800000000002,6.027709090909092,1.343888888888884,16,-0.05381736111111479,19.49134451982637,0.3363443690625161,-0.5733175836331988,-0.025537590515776507,0.7584215066140985
2018-11-29,19.957677777777775,17.92987,8.095470000000002,2.027807777777774,15,-0.24983888888889183,18.083604959671018,1.8740728181067574,0.13698353310955025,-0.08303244113338068,0.7860330063599942
2018-11-30,20.547177777777776,17.4138625,9.316990909090908,3.1333152777777755,14,1.2556722222222234,17.594076364083875,2.9531014136939007,0.5557587085923075,0.3634074813622041,0.9212181889227818
2018-12-03,17.48038888888889,16.31925,7.13459090909091,1.161138888888889,11,-2.5592798611111114,15.565594503697938,1.9147943851909517,-0.21479721626445625,-0.7694147409908059,0.19702957283162748
2018-12-04,19.953166666666668,17.518880000000003,9.088390909090911,2.434286666666665,10,-0.03231666666666655,16.98536504205328,2.9678016246133865,0.4670491111879739,-0.019651423118895426,0.7780607399381891
2018-12-05,20.566472222222224,17.8699375,10.864489090909089,2.696534722222225,9,0.7387833333333376,16.579116289825148,3.987355932397076,1.0848379033303546,0.20774418521714333,0.918776458026923
2018-12-06,25.112144444444446,19.47031,12.822118181818183,5.641834444444445,8,5.154466666666671,17.857055336468,7.2550891079764455,1.7552746522276366,1.5086942319125403,1.966774063619324
2018-12-07,22.709875,19.01745,13.145309999999998,3.692425,7,2.1626972222222243,16.754321676627356,5.955553323372644,1.848322073501018,0.6186518103080085,1.3946209008230048
2018-12-10,21.057756249999997,20.582525,10.43316,0.47523124999999666,32,3.577367361111108,17.905705561674452,3.152050688325545,0.8985361035803417,1.0311239008480872,1.004731549914566
2018-12-11,20.755927777777778,20.2329,9.134249999999998,0.5230277777777772,31,0.8027611111111099,17.86682798009965,2.889099797678128,0.44165352073212993,0.20874808300879072,0.9288839249406435
2018-12-12,18.733977777777778,19.12825,7.504489090909093,-0.3942722222222237,30,-1.8324944444444462,18.405024004956733,0.32895377282104477,-0.13089942576778751,-0.5705148745872936,0.4570682645053403
2018-12-13,17.36280625,18.356225000000002,6.967230000000001,-0.9934187500000036,29,-7.749338194444448,18.756339106389177,-1.3935328563891787,-0.3224825408450422,-2.2876392318208234,0.13833358130434523
2018-12-14,19.428627777777777,19.71283888888889,8.418790909090909,-0.2842111111111123,28,-3.2812472222222233,20.1019548893732,-0.6733271115954231,0.18056103187015982,-0.9772940546303124,0.6131368577441942
2018-12-17,18.448611111111113,19.37616111111111,7.493600000000001,-0.9275499999999965,25,-2.609145138888884,20.175320979591135,-1.7267098684800217,-0.15011848053025298,-0.7814360304165593,0.38257135295972355
2018-12-18,21.140344444444445,20.863022222222224,6.66263,0.2773222222222209,24,0.38441666666666663,20.964071463114394,0.17627298133005098,-0.4483127966753524,0.09059617352319255,0.9988093137167501
2018-12-19,21.500922222222222,21.12358888888889,7.20139,0.37733333333333263,23,2.7669444444444444,20.745694966603658,0.7552272556185642,-0.26272924610532994,0.7812898197858811,1.0737353089893789
2018-12-20,24.42723125,23.4188,10.413537142857141,1.0084312499999974,22,7.064425,22.912264645464468,1.5149666045355303,0.8709747418989953,2.0124823644383225,1.731844240812449
2018-12-21,24.81545,23.76031875,10.470603333333333,1.0551312499999987,21,5.3868222222222215,22.836596068757782,1.9788539312422166,0.8841367304263302,1.511066071418335,1.8014367474496458
2018-12-25,36.6474875,28.8271,15.342572222222223,7.820387499999995,17,18.198876388888884,28.031153033073974,8.616334466926023,2.577517231328255,4.937098641595812,4.323595749399851
2018-12-26,33.570693750000004,28.076925,11.018427777777774,5.4937687500000045,16,12.43034930555556,28.19651528171443,5.374178468285574,1.0451406421884888,3.265381279317074,3.5400409314867036
2018-12-27,26.476006249999998,24.6496,13.172202222222225,1.826406249999998,15,4.9750840277777755,31.871907022099066,-5.395900772099068,1.7884763218315016,1.249679377010128,1.9893183373072398
2018-12-28,28.5727125,25.518275000000003,12.068536666666667,3.054437499999999,14,4.145481250000003,31.711436466102715,-3.138723966102713,1.3891617808471832,1.0198477972709032,2.400578972830927
2019-01-04,27.87875,25.26408125,11.93326,2.61466875,7,3.0633000000000017,32.09827618948086,-4.219526189480863,1.3319937284818368,0.7252067533068169,2.2233666307958875
2019-01-07,24.70015625,23.99544375,7.775771111111112,0.7047124999999994,32,-11.947331249999998,33.43334317538798,-8.733186925387983,-0.14218797835995978,-3.2135839310286602,1.5415347805389643
2019-01-08,22.1454125,22.027081250000002,6.7824977777777775,0.11833124999999711,31,-11.425281250000005,33.068643400335255,-10.923230900335255,-0.5007847674780892,-3.011535919065518,0.9977610081942065
2019-01-09,21.122693750000003,21.14900625,8.045613333333332,-0.026312499999995964,30,-5.353312499999994,33.50777153132734,-12.38507778132734,-0.05475368372978876,-1.4375182746021427,0.7766052037031465
2019-01-10,22.07795,21.8749,9.786892222222221,0.20305000000000106,29,-6.4947625,33.190193038902954,-11.112243038902953,0.5612630113269733,-1.713005542441054,0.969598242693433
2019-01-11,21.60345625,21.531156250000002,9.598569999999999,0.07229999999999848,28,-6.2752937499999994,33.26113025108055,-11.65767400108055,0.48861237163776183,-1.6408001328826332,0.8630375025633462
2019-01-15,20.24864375,20.1918875,9.730375555555558,0.0567562499999994,24,-4.4515125,32.81860218014062,-12.569958430140623,0.5308301532067263,-1.1692665182703497,0.573205861687174
2019-01-16,19.732543749999998,19.61249375,9.23547222222222,0.1200499999999991,23,-2.4128687500000012,32.84244126909007,-13.109897519090069,0.3490977798911994,-0.6501106107585513,0.45948991185438326
2019-01-17,19.001368749999997,19.0606125,10.5028,-0.059243750000003814,22,-2.121325000000006,31.702827206282358,-12.70145845628236,0.7973817464478404,-0.5722579182197198,0.30171182152751214
2019-01-18,17.93695625,18.3671375,9.54488,-0.43018124999999685,21,-4.14099375,31.880489583532107,-13.943533333532105,0.44630164324697835,-1.074111384168076,0.07546225151361009
2019-01-21,18.013181250000002,18.367112499999998,7.6206,-0.35393124999999515,18,-3.5902749999999983,31.222737071953116,-13.209555821953114,-0.26010759257931254,-0.9285703999939128,0.089082875123407
2019-01-22,17.978900000000003,18.014022222222223,9.343779999999999,-0.0351222222222205,17,-2.2697437499999964,31.104116290742486,-13.125216290742483,0.36328345383428845,-0.5921873625343965,0.07904309207964651
2019-01-23,18.31985625,18.171837500000002,9.3705,0.14801874999999853,16,-1.412687499999997,30.504347801025983,-12.184491551025982,0.3668086699675,-0.37367426859451613,0.14740860391484706
2019-01-24,17.90939375,17.892993750000002,9.277840000000001,0.016399999999997306,15,-1.091974999999998,30.451433703568632,-12.542039953568633,0.32615546086527375,-0.29228850747350776,0.0571799391574654
2019-01-25,16.59960625,17.08298125,8.27203,-0.4833749999999988,14,-1.3373500000000007,28.811365736975635,-12.211759486975634,-0.056136603383496554,-0.35497709760636464,-0.22300634673111802
2019-01-28,18.07030625,17.37639375,10.51219,0.6939125000000033,11,0.057124999999999204,28.581854192926855,-10.511547942926853,0.7771756191904581,-0.0049496258781761915,0.08545314208853384
2019-01-29,17.8465625,17.368875,10.404390000000003,0.4776875000000018,10,-0.132337500000002,20.787273477449148,-2.9407109774491467,0.7303440613601081,-0.05215958914867964,0.035521212163148824
2019-01-30,19.41548125,17.6813375,9.457755555555558,1.7341437499999977,9,1.0956249999999983,20.931927663258985,-1.5164464132589863,0.3671596029295769,0.25685461929721826,0.36495229493813097
2019-01-31,16.799631249999997,16.293206249999997,8.63355,0.5064250000000001,8,-1.1097625000000022,16.66627863023842,0.13335261976157753,0.04973511368777657,-0.29610582327039614,-0.1925976801523732
2019-02-01,14.9011125,15.9722375,7.398569999999999,-1.0711250000000003,7,-1.6984937500000008,16.57377574119326,-1.6726632411932592,-0.4272544456071281,-0.4412545466594059,-0.5963521667092467
2019-02-04,15.15603888888889,15.55033888888889,6.977019999999998,-0.39429999999999943,32,-2.9142673611111114,13.755069019225981,1.4009698696629087,-0.5941197308537458,-0.7427229820692488,-0.5423342884439565
2019-02-05,14.38929375,14.91700625,5.862849999999998,-0.5277124999999998,31,-3.457268750000001,11.434282217938328,2.955011532061672,-1.0263791690828579,-0.8742156283026474,-0.7043728257715105
2019-02-06,14.746233333333333,14.988066666666667,6.609060000000001,-0.241833333333334,30,-4.6692479166666665,11.194854286906985,3.551379046426348,-0.7481383667142595,-1.1704574776608352,-0.6282805713287415
2019-02-07,14.794072222222223,15.06563888888889,7.080060000000001,-0.27156666666666673,29,-2.0055590277777746,10.92567722030463,3.868395001917593,-0.5751980273448919,-0.5010362516033721,-0.6178465537828349
2019-02-08,17.2246125,16.7576,8.774143333333335,0.46701249999999916,28,2.3234999999999992,12.376729152475601,4.847883347524398,0.08008950738746805,0.5816726573528215,-0.10201733324709159
2019-02-12,15.895111111111111,15.304633333333333,6.450060000000001,0.5904777777777781,24,0.7390722222222212,15.014518953054765,0.8805921580563467,-0.8311767455677938,0.18606324715695857,-0.38398369824349954
2019-02-13,16.1358,15.929866666666666,4.303014545454545,0.2059333333333342,23,1.7465062499999995,15.34940487581357,0.7863951241864289,-1.6734512233802592,0.43649640433217635,-0.3335369822564963
2019-02-14,15.582927777777778,15.9371875,5.396378181818182,-0.35425972222222235,22,0.8366944444444453,15.147820169401363,0.4351076083764145,-1.249307487532806,0.20931026388495197,-0.4504472461740162
2019-02-15,16.193725,16.428425,7.524520000000001,-0.23470000000000013,21,1.3996527777777779,15.801411291048836,0.39231370895116413,-0.41566962941378793,0.3526171871397948,-0.31868677557051356
2019-02-18,16.16187777777778,15.98589,5.244770000000003,0.1759877777777792,18,-1.0627347222222205,16.40950769550092,-0.2476299177231418,-1.3005891676369723,-0.256438139696615,-0.31885201773019173
2019-02-19,16.496225000000003,15.8525125,6.1491299999999995,0.643712500000003,17,0.6011138888888912,16.40502515535127,0.09119984464873099,-0.9384784159810675,0.17334095973599126,-0.2421690172081798
2019-02-20,16.11905625,16.2506625,6.000409999999999,-0.1316062500000008,16,-0.016743749999999835,16.320690173097113,-0.2016339230971127,-0.9898508971761666,0.02480850063051607,-0.3173959399103337
2019-02-21,14.50778888888889,15.83457,5.550550000000001,-1.32678111111111,15,-1.0751388888888886,16.2741926091711,-1.7664037202822094,-1.156827412665175,-0.23937771221668208,-0.6615277511300336
2019-02-22,14.82621875,15.76075,5.1969400000000014,-0.9345312499999991,14,-1.36750625,16.298613073719377,-1.4723943237193762,-1.2901025757841853,-0.30986056249216665,-0.5862873950116132
2019-02-25,15.501861111111111,15.483170000000001,4.70035,0.018691111111110104,11,-0.6600166666666674,16.088645516569162,-0.5867844054580509,-1.4733322969998188,-0.1172373023236476,-0.4300220616723255
2019-02-26,14.5505625,15.357099999999999,7.299659999999999,-0.8065374999999992,10,-1.9456625000000027,15.958887294360979,-1.4083247943609791,-0.44565423432339096,-0.4644806296197305,-0.6369460367400765
2019-02-27,14.18804375,14.9640375,6.116240000000001,-0.7759937499999996,9,-1.9310124999999996,15.989133246969326,-1.8010894969693254,-0.9055949249918311,-0.4631781092382655,-0.7125068040287004
2019-02-28,14.380749999999999,15.10805,6.938872727272727,-0.7273000000000014,8,-0.12703888888889026,16.18439244443669,-1.80364244443669,-0.5794678473224868,0.013360846983990982,-0.6646308427723623
2019-03-01,13.855916666666667,15.2009,6.205819090909092,-1.3449833333333334,7,-0.9703020833333333,16.15852837391598,-2.302611707249314,-0.8608475060910817,-0.22955554401947437,-0.7758768988777296
2019-03-04,14.279399999999999,14.8565625,4.332960000000002,-0.5771625000000018,39,-1.2224611111111123,16.404577014924918,-2.125177014924919,-1.5818546244158902,-0.30837818184585275,-0.6757926510666286
2019-03-05,14.344472222222223,15.15523,4.6123509090909085,-0.810757777777777,38,-0.20609027777777733,16.557131962338627,-2.212659740116404,-1.4699348681076079,-0.022204315262381407,-0.6552708118333734
2019-03-06,14.946833333333334,15.465775,5.4782018181818195,-0.5189416666666666,37,0.7587895833333338,16.74637969648979,-1.7995463631564554,-1.1185143391387162,0.2473884517257192,-0.5161107491391349
2019-03-07,15.5391625,16.080575,6.23631,-0.5414124999999999,36,1.1584125000000007,17.005050535732728,-1.4658880357327284,-0.8123648346180972,0.3582469641658853,-0.38014466058661894
2019-03-08,17.280072222222223,17.029155555555555,7.371060909090909,0.2509166666666687,35,3.424155555555556,18.517543210050043,-1.2374709878278196,-0.35855323495434727,0.9883425112910262,0.011913920236249707
2019-03-11,16.435633333333335,16.431783333333335,6.412440000000002,0.003849999999999909,32,2.1562333333333363,16.803884761318756,-0.3682514279854203,-0.7328578890617476,0.6302998541569732,-0.17372738618009048
2019-03-12,15.17356111111111,15.666566666666668,5.074009090909092,-0.49300555555555725,31,0.8290888888888883,15.482135648594886,-0.30857453748377495,-1.280236185880693,0.25930686661808067,-0.4512095831105262
2019-03-13,15.70229375,15.9144,6.29838,-0.21210624999999972,30,0.7554604166666667,15.330073200324307,0.37222054967569385,-0.779622671880124,0.253447465689104,-0.3244997010255018
2019-03-14,14.6716,15.6325875,5.1891099999999994,-0.9609874999999999,29,-0.8675625,15.329730015854334,-0.6581300158543346,-1.234829585405323,-0.20545368083520954,-0.5550123438700566
2019-03-15,14.119175,15.1284,5.241919999999999,-1.009224999999999,28,-3.160897222222223,14.882222165047953,-0.7630471650479524,-1.2056704699564136,-0.856196634776751,-0.6763401570622876
2019-03-18,14.01033125,14.996056249999999,4.508089999999999,-0.9857249999999986,25,-2.425302083333335,13.653576890303249,0.35675435969675107,-1.4989122835505002,-0.640926641343448,-0.695165884079609
2019-03-19,13.71281875,15.01088125,5.047480000000002,-1.2980625000000003,24,-1.4607423611111106,13.663716786077993,0.049101963922007386,-1.2669719575494611,-0.3669872076310344,-0.7574630983128453
2019-03-20,13.784922222222223,15.010105555555555,4.876411818181818,-1.225183333333332,23,-1.917371527777778,13.525354938499321,0.2595672837229017,-1.331866209634487,-0.5119143402629073,-0.7347142760204812
2019-03-22,13.816205555555555,14.72633888888889,5.961372727272728,-0.9101333333333343,21,-0.8553944444444443,13.520103258502605,0.29610229705295055,-0.8855556459851024,-0.20702352250345754,-0.7218649372137435
2019-03-25,17.517405555555555,16.61407777777778,8.366490000000002,0.9033277777777755,18,3.398230555555555,17.417483588583558,0.09992196697199773,0.10601458368438592,1.020335731025258,0.13410623493411178
2019-03-26,15.97909375,15.877925000000001,8.074480000000001,0.10116874999999936,17,1.9687625000000004,19.059020416003307,-3.0799266660033062,-0.01705659871267943,0.599987519632286,-0.21904419630616706
2019-03-27,15.773988888888889,15.807433333333332,7.996709090909091,-0.03344444444444328,16,2.0611701388888886,19.032761703120368,-3.258772814231479,-0.05003644077083461,0.6213767778329021,-0.26416041050915584
2019-03-28,17.2854375,16.7355875,8.794740000000001,0.5498499999999993,15,3.5005152777777777,19.75170532080113,-2.4662678208011286,0.28223880054311684,1.0318539497022599,0.08638714021351328
2019-03-29,16.13511875,15.9341625,7.8336500000000004,0.20095625000000084,14,2.3189131944444448,19.84970544758306,-3.7145866975830586,-0.11269960186692762,0.6845619231335922,-0.1770068261474658
2019-04-01,16.86411111111111,15.934505555555555,8.27069090909091,0.9296055555555558,11,-0.6532944444444446,20.18677241662763,-3.322661305516519,0.07108155378501814,-0.17605107842382628,-0.006107990748533951
2019-04-02,16.544705555555556,15.645116666666667,8.243163636363636,0.8995888888888892,10,0.5656118055555552,19.816171409525037,-3.271465853969481,0.06084488984426844,0.1760161755729696,-0.07896385126341517
2019-04-03,15.320533333333334,15.2329,8.364409090909088,0.08763333333333279,9,-0.4534555555555553,20.094957799800785,-4.774424466467451,0.12243835430484942,-0.1122715172395302,-0.3558144545244921
2019-04-04,14.997183333333334,15.33237777777778,6.347634545454547,-0.33519444444444524,8,-2.2882541666666665,19.971938623703032,-4.974755290369698,-0.7215961563883475,-0.6425571799472259,-0.4251420224688341
2019-04-05,14.90574375,15.33833125,8.65138,-0.43258750000000035,7,-1.229375000000001,19.83917448972103,-4.933430739721032,0.2584140540461612,-0.3292707563613297,-0.44217904256988616
2019-04-08,14.657883333333334,15.41168888888889,5.65268,-0.7538055555555552,32,-2.2062277777777766,18.26489146280124,-3.607008129467907,-1.009004593731608,-0.6105790350589642,-0.4946210330367113
2019-04-09,14.23544375,15.201868750000001,6.981176363636365,-0.966425000000001,31,-2.309261805555556,18.230762491413167,-3.9953187414131666,-0.43692246621634456,-0.6348344865781237,-0.5880573926413583
2019-04-10,14.48366875,15.40995,6.437459999999998,-0.9262812500000006,30,-0.8368645833333339,17.330612365897487,-2.8469436158974872,-0.6636284199288114,-0.20687993075289487,-0.5246888913522599
2019-04-11,13.713872222222221,14.931305555555555,6.945800909090909,-1.217433333333334,29,-1.2833111111111126,16.88926426501292,-3.1753920427906976,-0.4402217353236651,-0.3394664532928741,-0.6997728385989355
2019-04-12,13.266311111111111,14.57,6.935365454545453,-1.303688888888889,28,-1.6394326388888878,17.029851094118598,-3.7635399830074867,-0.43848414176122286,-0.44082127685030315,-0.7987246764057309
2019-04-15,13.802433333333333,14.746411111111112,6.375516161616163,-0.9439777777777785,25,-0.8554500000000012,17.442993332628006,-3.6405599992946733,-0.6742950655199731,-0.20972968206765802,-0.6661508252510991
2019-04-16,12.400416666666667,14.056166666666666,6.540143636363638,-1.6557499999999994,24,-1.8350270833333333,17.362768180209482,-4.962351513542815,-0.5967861968756533,-0.4987972172966687,-0.9900112927801145
2019-04-17,12.456322222222223,13.94271111111111,6.763220909090908,-1.4863888888888876,23,-2.0273465277777767,17.345314104961,-4.888991882738775,-0.49361632421973145,-0.5510779324554985,-0.969234549489264
2019-04-18,12.865272222222222,14.584483333333333,7.497202727272729,-1.719211111111111,22,-0.8485999999999994,17.70957546207623,-4.844303239854009,-0.17091111216189703,-0.2057411762032669,-0.8660512754633697
2019-04-19,12.006599999999999,14.2972,7.279174545454545,-2.2906000000000013,21,-1.2597111111111126,17.76260736011032,-5.7560073601103205,-0.26886101835216014,-0.3293892816167578,-1.0609920086977531
2019-04-22,12.541127777777778,14.495372222222223,7.475454545454545,-1.954244444444445,18,-1.2613055555555555,13.214936870877041,-0.6738090930992637,-0.18165009240685648,-0.33189912702133634,-0.9281995254320735
2019-04-23,12.0207,14.250644444444443,7.673462222222222,-2.2299444444444436,17,-0.3797166666666669,11.28308770299652,0.73761229700348,-0.09370444961962267,-0.07374361953808059,-1.043937285550192
2019-04-24,12.720116666666666,14.593122222222222,8.02043818181818,-1.8730055555555563,16,0.2637944444444429,11.302054488642836,1.4180621780238294,0.05774423548369772,0.11040281269423184,-0.8749949224374031
2019-04-25,12.6953,14.575316666666666,8.076163636363637,-1.8800166666666662,15,-0.1699722222222224,9.068246125184242,3.6270538748157577,0.0807470238060803,-0.02347401974006279,-0.8775422352892679
2019-04-26,13.292005555555555,14.937138888888889,9.768797777777776,-1.6451333333333338,14,1.2854055555555561,9.02342145578472,4.268584099770836,0.8213383727153979,0.40667959429242134,-0.7363747466985351
2019-05-07,16.76686875,16.5849125,7.331309090909093,0.18195624999999893,38,4.225740972222223,9.91688499865773,6.84998375134227,-0.25703607600599704,1.2800242159523918,0.07662948901762438
2019-05-08,18.176566666666666,17.82839444444444,7.870849999999999,0.34817222222222455,37,6.155866666666666,11.37993733635744,6.7966293303092264,-0.021743689696344305,1.8392926783711938,0.4037196606024029
2019-05-09,20.408388888888886,19.295383333333334,9.240470000000002,1.113005555555553,36,7.688272222222221,11.291933097777559,9.116455791111328,0.5786693862542024,2.264138114931956,0.9205394672052315
2019-05-10,20.45751111111111,19.29933888888889,9.97813,1.1581722222222197,35,7.76221111111111,11.301987174404122,9.155523936706988,0.8982403024835783,2.2528808753789327,0.9248785585757008
2019-05-13,19.94084375,19.0827,9.40344,0.85814375,32,6.648838194444444,11.373886807539249,8.56695694246075,0.6378905801757933,1.9041287647016363,0.7974950776089453
2019-05-14,19.80578125,18.940424999999998,9.12857,0.8653562500000014,31,3.0389124999999986,11.48143880503377,8.324342444966229,0.5118212109333665,0.8478517945754082,0.7599595360631345
2019-05-15,17.22969375,17.37386875,8.0545,-0.1441750000000006,30,-0.946872916666667,11.717147905637075,5.512545844362924,0.03335617443083012,-0.3097081962903626,0.15338425679494871
2019-05-16,17.64231875,17.403512499999998,8.058360000000002,0.23880625000000322,29,-2.7660701388888853,11.748038692209889,5.894280057790112,0.033106813779143325,-0.8349137524757406,0.24598034491361642
2019-05-17,16.92645,16.950380000000003,7.2805327272727265,-0.02393000000000356,28,-3.5310611111111108,12.28150786968827,4.64494213031173,-0.31389016371456874,-1.0508529331319394,0.07446824854012188
2019-05-20,16.343587499999998,16.508537500000003,7.104850000000001,-0.1649500000000046,25,-3.597256250000001,11.957939796549045,4.385647703450953,-0.3898833331253089,-1.065146592421475,-0.06659141677228832
2019-05-21,16.52912222222222,16.596220000000002,7.630038181818181,-0.06709777777778214,24,-3.2766590277777787,10.590696041844446,5.938426180377775,-0.16073449111176158,-0.9669540140508888,-0.025564513732636483
2019-05-22,15.7864875,16.1004,7.22251,-0.3139125000000007,23,-1.4432062499999994,10.507900943787096,5.278586556212904,-0.3472901797362102,-0.43758048337649763,-0.20380151307016
2019-05-23,16.434666666666665,16.6178125,8.152205454545454,-0.18314583333333445,22,-1.2076520833333362,10.449615834560715,5.98505083210595,0.06329994756164527,-0.3679724753232418,-0.05404691059569039
2019-05-24,16.522127777777776,16.74955,7.969439999999999,-0.22742222222222352,21,-0.40432222222222336,10.2194867665537,6.302641011224075,-0.023356530812905747,-0.13634540625658448,-0.03698514191566147
2019-05-27,16.19715625,16.5729625,7.584630000000001,-0.3758062500000001,18,-0.14643124999999912,10.062245241939337,6.134911008060662,-0.20060186923338408,-0.06126862440465444,-0.1175338513647337
2019-05-28,15.652711111111111,16.27067,7.20371909090909,-0.6179588888888876,17,-0.8764111111111088,10.231035385598176,5.4216757255129355,-0.37656254260474786,-0.2726053812528785,-0.2506374026133976
2019-05-29,16.623061111111113,16.634729999999998,8.411529999999999,-0.01166888888888451,16,0.8365736111111133,10.690218896126838,5.932842214984275,0.1645064825734963,0.21957685518966052,-0.024250700456018945
2019-05-30,17.2779625,16.827725,7.814449999999999,0.45023750000000007,15,0.843295833333336,10.689911514197158,6.588050985802843,-0.1080662944693403,0.21998824709711198,0.12768114726012111
2019-05-31,18.86296875,17.6377375,8.8247225,1.2252312500000002,14,2.3408409722222245,11.293555585953214,7.569413164046786,0.34478264535180014,0.6479951633922976,0.5011039696638844
2019-06-03,19.50795,17.953162499999998,9.94246,1.5547875000000033,11,3.310793750000002,11.42435767253797,8.08359232746203,0.8451433431540272,0.9214901437157133,0.649612403376441
2019-06-04,18.6713125,17.64595,8.438749999999999,1.0253625,10,3.0186013888888876,10.761632038183102,7.909680461816897,0.15836548324921304,0.8326975013722461,0.4434866541481688
2019-06-05,16.9198625,16.5462,7.675920000000001,0.3736625000000018,9,0.29680138888888763,12.37387839557873,4.5459841044212705,-0.1926601741318903,0.049703905508516694,0.017196589115304257
2019-06-06,15.7678875,16.06145,7.49804,-0.29356250000000017,8,-1.5100750000000005,12.074551791863836,3.693335708136164,-0.2726249390304441,-0.4668337176058973,-0.2635045153534937
2019-06-07,14.763813194444445,15.8760625,5.111419999999999,-1.1122493055555545,7,-4.099155555555555,12.301300523420368,2.4625126710240774,-1.3493217373675683,-1.2010269412979746,-0.507000510696913
2019-06-10,15.666922222222222,15.5395125,5.973750000000001,0.1274097222222217,32,-3.8410277777777786,12.893398449232357,2.773523772989865,-0.9516923368735921,-1.1188556408952204,-0.29185828099839634
2019-06-11,15.34204375,15.6066125,5.807650000000002,-0.26456875000000046,31,-3.329268749999999,12.76250649359083,2.5795372564091696,-1.0216224301753138,-0.9664787408178428,-0.374035635240754
2019-06-12,15.825177777777778,15.831937499999999,6.3455400000000015,-0.006759722222220432,30,-1.0946847222222225,12.664153133579124,3.1610246441986547,-0.7726398381194849,-0.32484323984022273,-0.25881152844380517
2019-06-13,15.850918749999998,15.8673,6.7309372727272745,-0.016381250000002012,29,0.08303124999999767,12.592895174356505,3.2580235756434934,-0.5923104055809452,0.01629320094927705,-0.2509790467555617
2019-06-14,15.345183333333335,15.61033888888889,6.390000000000002,-0.26515555555555537,28,0.5813701388888894,12.251981523119913,3.093201810213422,-0.7406542682055861,0.15935673758942814,-0.37428035936364695
2019-06-17,15.052688888888888,15.465077777777779,5.929049999999998,-0.41238888888889136,25,-0.6142333333333347,12.212345375927011,2.8403435129618764,-0.944699378230847,-0.18058329729499756,-0.44582723341585334
2019-06-18,15.304649999999999,15.641,6.135169999999999,-0.33635000000000126,24,-0.03739375000000145,12.444786665959608,2.8598633340403907,-0.8496216902572123,-0.014792475309828758,-0.38764568995503834
2019-06-19,14.86375,15.040856250000001,5.404390000000001,-0.17710625000000135,23,-0.9614277777777787,13.95707712914728,0.9066728708527201,-1.1783082189121115,-0.28010899913643617,-0.4978784911943828
2019-06-20,13.639075,14.26664375,5.48061,-0.62756875,22,-2.211843749999998,13.89553777363169,-0.25646277363168934,-1.140393847463511,-0.644014452912828,-0.798441481462843
2019-06-21,14.487844444444445,14.681866666666666,5.393759090909091,-0.19402222222222143,21,-0.85733888888889,14.352399199409243,0.13544524503520172,-1.1779941581041642,-0.2564904466733664,-0.5943965914158852
2019-06-24,14.41026875,14.57480625,5.783939999999999,-0.16453749999999978,18,-0.6424201388888875,14.320689175251522,0.08957957474847866,-0.9959730042706381,-0.19561223089092028,-0.6151589786079205
2019-06-25,14.762,14.87414375,6.903470000000002,-0.11214374999999954,17,-0.5426499999999983,14.349254957883605,0.41274504211639496,-0.4901496244096469,-0.16600141877239805,-0.5314325586685524
2019-06-26,15.08636875,15.104825,6.938080000000001,-0.01845624999999984,16,0.22261875000000053,13.772834236903646,1.3135345130963536,-0.4741353843771774,0.05432461082669576,-0.4549253508960658
2019-06-27,15.03945625,14.93953125,6.773719999999999,0.09992500000000071,15,1.4003812500000006,14.318248876632511,0.7212073733674895,-0.5480017001122892,0.39132887596786387,-0.47057398937553435
2019-06-28,16.005699999999997,15.054522222222221,6.602070000000001,0.9511777777777759,14,1.5178555555555526,12.874885822336513,3.130814177663485,-0.622302452493411,0.42373759612332534,-0.2365148283744056
2019-07-01,14.581394444444445,13.973883333333333,6.3742745454545435,0.607511111111112,11,0.17112569444444503,13.941312020273386,0.6400824241710588,-0.7211727924197963,0.034604300339966386,-0.5914476165005107
2019-07-02,13.778611111111111,14.015616666666666,4.770800000000001,-0.23700555555555525,10,-0.9833888888888893,13.910084573397603,-0.13147346228649148,-1.4302213459062227,-0.2963646338990505,-0.7906329967727164
2019-07-03,12.9998,13.884272222222222,5.536499090909091,-0.8844722222222217,9,-2.0865687499999996,13.080925824573612,-0.08112582457361128,-1.0792939975224798,-0.6081393088736043,-0.9776923267140939
2019-07-04,11.45201875,13.57914375,4.20204,-2.1271249999999995,8,-3.5874375,13.059905767734165,-1.6078870177341642,-1.6639937050274418,-1.0328177697446208,-1.3531333235156855
2019-07-05,11.930855555555556,13.334905555555554,2.7354636363636367,-1.404049999999998,7,-4.074844444444441,13.007528723732728,-1.0766731681771713,-2.2892257660953477,-1.1648012096528224,-1.2322636982469315
2019-07-08,13.159611111111111,13.630127777777778,4.667679999999999,-0.4705166666666667,32,-1.4217833333333338,13.103486991846147,0.056124119264964634,-1.4172749629954187,-0.39877235927703353,-0.9280333732776346
2019-07-09,12.7442125,13.38414375,5.270500000000002,-0.6399312500000001,31,-1.0343986111111114,13.075544381552891,-0.3313318815528916,-1.1415897069860768,-0.2837472888531644,-1.025161620606771
2019-07-10,13.096477777777778,13.633055555555556,5.22584,-0.5365777777777776,30,0.09667777777777786,13.004742467220067,0.091735310557711,-1.15426500865865,0.039879803797274224,-0.9354963221009958
2019-07-11,11.928888888888888,12.986577777777779,5.133170909090911,-1.0576888888888902,29,0.47687013888888785,12.909224296213958,-0.9803354073250699,-1.1891185701590947,0.15099523652960112,-1.2135295504096881
2019-07-12,11.17450625,12.616993749999999,5.6697299999999995,-1.4424874999999986,28,-0.7563493055555561,12.874884061858907,-1.7003778118589068,-0.9443972156473254,-0.19962945382760316,-1.386800345295791
2019-07-16,11.23886111111111,12.407383333333332,5.12701,-1.1685222222222222,24,-1.9207500000000017,13.20666929554555,-1.9678081844344408,-1.1845914520630498,-0.5310366292852271,-1.360936534262546
2019-07-17,11.20065,12.347338888888888,6.333259999999999,-1.1466888888888889,23,-1.5435625000000002,12.948032742263338,-1.7473827422633388,-0.6351004255215451,-0.4159829382939034,-1.358875223863315
2019-07-18,13.940025,14.241125,8.06338,-0.3010999999999999,22,0.843547222222222,13.560991246053304,0.3790337539466968,0.19589616896233292,0.28241131173553696,-0.6907787824570085
2019-07-19,12.373272222222223,12.768550000000001,7.338069999999998,-0.3952777777777783,21,0.44438333333333446,15.24042448684889,-2.8671522646266663,-0.14520537755064994,0.16797326687417685,-1.0620968078193092
2019-07-22,12.99183125,13.26151875,7.502830000000001,-0.26968749999999986,18,1.8173250000000003,14.84959449679464,-1.85776324679464,-0.057577656750237696,0.5700964419954914,-0.9058076673926574
2019-07-23,12.642355555555556,13.027194444444444,6.84299090909091,-0.38483888888888806,17,1.403494444444446,15.197704541241327,-2.5553489856857716,-0.3749825225373262,0.448453200789312,-0.9837250775255523
2019-07-24,12.871577777777777,13.273288888888889,7.305060000000001,-0.401711111111112,16,1.6709277777777771,15.115453328204973,-2.2438755504271963,-0.1491384146611554,0.5203650378174182,-0.9257111440195407
2019-07-25,13.035916666666667,13.603677777777778,6.388676767676769,-0.5677611111111105,15,-0.9041083333333333,14.934225434033186,-1.8983087673665189,-0.5939263867119352,-0.24492832735679917,-0.8852481416993255
2019-07-26,13.534033333333333,13.670705555555555,6.780255454545454,-0.13667222222222186,14,1.1607611111111105,14.564283737447237,-1.0302504041139038,-0.3992600888017816,0.3620403852610493,-0.7633586849949556
2019-07-29,13.895372222222221,13.679766666666666,6.589018181818183,0.21560555555555538,11,0.9035409722222205,14.534936322494682,-0.6395641002724606,-0.4896246702594725,0.2797302752820729,-0.6761587046435618
2019-07-30,13.8445,13.246922222222222,6.274799999999999,0.5975777777777775,10,1.2021444444444445,12.498442150169717,1.3460578498302826,-0.6390615889631964,0.36333826454129975,-0.6893238419434574
2019-07-31,15.693177777777779,14.055927777777779,5.449881818181819,1.6372499999999999,9,2.821600000000002,12.8566728107677,2.836504967010079,-1.0336475360233213,0.8413993968143416,-0.24755180714953612
2019-08-01,14.1905,13.5913375,5.1251999999999995,0.5991625000000003,8,1.154583333333333,12.737220119100638,1.4532798808993626,-1.1835692310031691,0.3423243248092606,-0.6100212029120058
2019-08-02,17.57440625,15.83539375,9.109370000000002,1.7390124999999994,7,4.040372916666666,14.691973084996778,2.8824331650032207,0.7480531647098744,1.1935292485880296,0.2004700290368012
2019-08-05,17.98185,17.32219375,8.585429999999999,0.6596562500000012,39,4.08647777777778,15.689488328046359,2.2923616719536426,0.4919279685484965,1.1982738806310107,0.2946559335373251
2019-08-06,19.580381250000002,18.49730625,9.189354444444444,1.083075000000001,38,5.735881250000002,15.527824291201728,4.052556958798274,0.78341298306361,1.6766528902551505,0.675972475205179
2019-08-07,18.91570625,17.81766875,9.41437,1.0980375000000002,37,3.222528472222221,15.470012546563531,3.4456937034364685,0.8874763625826716,0.9299205243309614,0.5116159287415283
2019-08-08,18.256331250000002,17.40528125,9.36951,0.8510500000000008,36,4.065831250000002,15.625222451831656,2.6311087981683468,0.861193434239771,1.171267408970799,0.3487997896416429
2019-08-09,17.0248,16.414099999999998,8.90889,0.6107000000000014,35,-0.5496062500000001,15.585544414966654,1.4392555850333455,0.63592868621991,-0.18494106620235107,0.04911645505526718
2019-08-13,18.779643749999998,17.632025,10.16046,1.1476187499999995,31,0.7977937499999967,15.807573055852975,2.972070694147023,1.230796004461255,0.21067623259077073,0.4680941584018951
2019-08-14,16.950375,16.138537499999998,8.971430000000002,0.8118375000000029,30,-2.630006250000001,16.34113410416455,0.6092408958354518,0.6551594499030461,-0.7935740562831862,0.025182149661582845
2019-08-15,19.193199999999997,17.6268875,9.484975555555554,1.5663124999999987,29,0.2774937499999979,16.72706113432326,2.4661388656767365,0.8960974883799172,0.05918403647804739,0.5618398805611329
2019-08-16,19.80823125,18.029875,9.817551111111111,1.778356249999998,28,1.5518999999999963,15.439836444982062,4.368394805017937,1.0478832284364763,0.43053161124589195,0.7044292066527367
2019-08-19,18.7360125,17.4403625,8.91418888888889,1.295650000000002,25,1.711212500000002,13.66772049256015,5.068292007439851,0.6166233901760546,0.47475383232587587,0.4406693497721368
2019-08-20,16.23409375,16.606787500000003,8.690683333333334,-0.3726937500000034,24,-2.5455499999999986,13.936222714545817,2.2978710354541825,0.5077226500971352,-0.7721228065847139,-0.16833544871888165
2019-08-21,16.118155555555557,16.6978625,8.92237,-0.5797069444444425,23,-0.8322194444444442,13.289307701317263,2.828847854238294,0.614253310420006,-0.2718014870991244,-0.19951413475987054
2019-08-22,15.603344444444444,16.3904,8.17743,-0.7870555555555558,22,-3.5898555555555536,13.11617839438185,2.4871660500625943,0.2507926169750566,-1.0760624481578218,-0.32807212192749297
2019-08-23,15.59089375,16.216675,7.327820000000001,-0.6257812499999993,21,-4.217337499999999,13.220382368368428,2.3705113816315713,-0.16220830155382526,-1.251318478685465,-0.33461788129295245
2019-08-26,19.563625000000002,17.397725,10.203969999999998,2.1659000000000006,18,0.8276125000000008,14.92043145455185,4.6431935454481525,1.2181749955826737,0.21935968662143207,0.6280952204618552
2019-08-27,17.694625000000002,17.260237500000002,10.066359999999998,0.4343874999999997,17,1.4605312500000025,15.607553528592149,2.087071471407853,1.1433451604717895,0.4031871037383284,0.16784784126133218
2019-08-28,17.28370625,17.083937499999998,8.903160000000002,0.19976875000000405,16,1.1655506944444447,15.459407777583174,1.824298472416828,0.5824995928554293,0.3190908322252768,0.06603496159267898
2019-08-29,17.860318749999998,17.3674125,9.11088,0.4929062499999972,15,2.256974305555554,15.32027947700238,2.5400392729976176,0.679758962265822,0.6361273816852563,0.20313524603397665
2019-08-30,16.19199375,16.5004125,8.42441,-0.30841874999999774,14,0.6011000000000024,16.11481030798557,0.07718344201443017,0.3497360177840575,0.15349091297342768,-0.20770285231109498
2019-09-02,16.981272222222223,16.458375,9.066849999999999,0.5228972222222232,11,-2.5823527777777784,14.451065858129045,2.5302063640931785,0.6579805365033512,-0.7707333053134959,-0.01632979652885599
2019-09-03,16.957194444444443,16.3040625,8.763089999999998,0.6531319444444428,10,-0.7374305555555587,13.083226568815673,3.87396787562877,0.5114649518493698,-0.2300233189781831,-0.024811029302451354
2019-09-04,16.02189642857143,16.1135375,6.5354600000000005,-0.09164107142856892,9,-1.261809821428571,12.874838928704374,3.1470574998670564,-0.554852540582838,-0.3838713324512545,-0.2564737772896089
2019-09-05,14.96184375,15.3497375,8.20449,-0.3878937499999999,8,-2.8984749999999977,14.74747033772589,0.2143734122741101,0.2470685350298882,-0.8579076938055392,-0.5193671809448124
2019-09-06,13.84455,15.2328375,5.6081199999999995,-1.3882875000000006,7,-2.347443750000002,14.793753662301462,-0.9492036623014624,-0.9957157909417931,-0.6952135527538769,-0.7957129093501981
2019-09-09,13.50171875,14.583212499999998,5.21668,-1.0814937499999981,32,-3.479553472222223,14.83039397078682,-1.3286752207868204,-1.1795189318482007,-1.0225989218620526,-0.8818231543929398
2019-09-10,13.292483333333333,14.5403375,5.082578181818182,-1.2478541666666665,31,-3.66471111111111,14.063059466637306,-0.7705761333039725,-1.2381020027973189,-1.0737328092150733,-0.9361748982433126
2019-09-11,14.178766666666666,14.5951,5.83017818181818,-0.4163333333333341,30,-1.8431297619047644,14.052787442861241,0.12597922380542492,-0.8810869897493221,-0.5438228561256114,-0.720332860524273
2019-09-12,13.914694444444445,14.527159999999999,5.231491919191919,-0.6124655555555538,29,-1.0471493055555552,13.081454933423785,0.8332395110206594,-1.1637735349350506,-0.3120163989561291,-0.7882919466267291
2019-09-13,13.982938888888889,14.638194444444444,5.437481111111113,-0.6552555555555557,28,0.13838888888888867,13.28791681079875,0.6950220780901386,-1.061603248374562,0.031213809348523282,-0.7753285019250963
2019-09-17,14.341905555555556,14.73856111111111,5.533952222222224,-0.39665555555555443,24,0.8401868055555557,13.27005596459559,1.0718495909599657,-1.0132120844566457,0.23439855080446642,-0.6890257576087826
2019-09-18,14.427399999999999,14.861622222222223,5.131080000000001,-0.43422222222222473,23,1.1349166666666655,13.36951147471683,1.0578885252831682,-1.1998075072750725,0.3197101056226781,-0.6704924530555981
2019-09-19,14.215872222222222,14.952877777777777,4.908873737373737,-0.7370055555555552,22,0.037105555555555725,13.190646761543013,1.0252254606792093,-1.2972693269930509,0.0015384566967979417,-0.7244312044238519
2019-09-20,13.740549999999999,14.721083333333333,4.469387272727273,-0.9805333333333337,21,-0.17414444444444577,13.164252229342374,0.5762977706576251,-1.495048495919161,-0.058257381843264955,-0.8429857377361007
2019-09-24,14.3499,14.738077777777779,5.125340909090911,-0.38817777777777884,17,0.3669611111111113,13.191501830788214,1.158398169211786,-1.1770142127242784,0.10208849847143552,-0.6908961373636551
2019-09-25,15.4999,15.549261111111111,6.362319090909091,-0.049361111111110745,16,1.1579944444444443,9.678334702783179,5.8215652972168215,-0.5910297972446895,0.3341697703138702,-0.4050697170254297
2019-09-26,15.101505555555555,15.378216666666667,6.204063636363637,-0.276711111111112,15,0.6741055555555562,9.509279599729457,5.592225955826098,-0.6592216057094583,0.19719406708400541,-0.5027099091113353
2019-09-27,14.719149999999999,15.452411111111111,7.059244545454547,-0.733261111111112,14,0.503277777777777,10.315863529637316,4.4032864703626835,-0.2580543161205864,0.1475003401770541,-0.5987925606079719
2019-09-30,16.232683333333334,15.77448888888889,7.384043636363639,0.45819444444444457,11,2.492133333333335,10.70200711187578,5.530676221457554,-0.10773992308991036,0.7249432176739729,-0.22470484941790872
2019-10-01,15.701727777777778,15.158383333333333,4.7018590909090925,0.5433444444444451,10,1.3518277777777783,10.257314603063788,5.44441317471399,-1.3677733910635175,0.38920384909316685,-0.3598919677201323
2019-10-02,15.683638888888888,15.560022222222223,7.232015454545454,0.12361666666666515,9,0.18373888888888779,10.332794557528558,5.35084433136033,-0.17848425618803287,0.04630483752220286,-0.3671285453079871
2019-10-03,19.31965,16.947883333333333,9.54909,2.371766666666666,8,4.2181444444444445,13.164149715329224,6.155500284670776,0.9067236342912426,1.2144038967050386,0.5374099437293998
2019-10-04,18.161916666666666,16.685366666666667,7.844829999999998,1.4765499999999996,7,3.4427666666666674,13.172856715702444,4.989059950964222,0.09767738373894251,0.982851162017011,0.24390175658308894
2019-10-07,16.635627777777778,16.70292222222222,7.293827272727274,-0.06729444444444255,32,0.40294444444444366,11.100335065951723,5.535292711826054,-0.16791872148889403,0.0981769315691907,-0.14140275283435425
2019-10-08,15.434027777777779,15.924472222222223,6.685969999999999,-0.490444444444444,31,-0.2676999999999996,11.46371452968857,3.9703132480892087,-0.46033751481640195,-0.09627902569041794,-0.44498969962332563
2019-10-09,16.38201875,16.7088,7.803329999999999,-0.3267812499999998,30,0.6983798611111123,11.58114954865894,4.80086920134106,0.06334265366455083,0.1845840805472362,-0.20961772160796746
2019-10-10,15.998725,16.32686875,7.661259999999999,-0.32814374999999885,29,-3.320924999999999,11.622123380814774,4.376601619185227,-0.011444877574167569,-0.9789117995571078,-0.30821409121172194
2019-10-11,15.48565,15.81499375,7.706238181818183,-0.3293437499999996,28,-2.676266666666667,11.82952607194958,3.6561239280504196,0.00527402685744058,-0.7876919059612321,-0.43884173911069313
2019-10-15,13.684483333333333,14.402072222222223,6.807341818181817,-0.7175888888888906,24,-2.951144444444445,13.26831276264688,0.416170570686452,-0.4320815949141638,-0.8634394488858137,-0.8928377976061539
2019-10-16,13.486561111111111,14.338033333333334,6.200130303030303,-0.8514722222222222,23,-1.9474666666666671,13.413140376865448,0.07342073424566387,-0.7281569623036754,-0.5699044357050258,-0.9418889237224556
2019-10-17,13.098216666666666,14.144761111111112,6.788349999999999,-1.0465444444444465,22,-3.2838020833333346,13.431651549928581,-0.3334348832619156,-0.44695726181816814,-0.9510239832277951,-1.0375620697100598
2019-10-18,13.576016666666668,14.310872222222223,7.008148484848487,-0.7348555555555549,21,-2.4227083333333326,13.391045244354489,0.184971422312179,-0.3403031085546449,-0.6980707701603117,-0.9154767909663173
2019-10-21,13.729622222222222,14.269477777777777,6.06943090909091,-0.5398555555555546,18,-1.7560277777777777,13.365248655864395,0.3643735663578269,-0.7959933645353118,-0.5034701132183464,-0.8760993957904166
2019-10-23,13.383233333333333,14.17913888888889,6.290304040404042,-0.7959055555555565,16,-0.3012499999999996,13.388679614625273,-0.005446281291940025,-0.6824817359366212,-0.08096677407148398,-0.9595190451185603
2019-10-24,13.032399999999999,13.829555555555554,5.826865454545455,-0.7971555555555554,15,-0.45416111111111235,13.474037318237524,-0.4416373182375253,-0.906159748295486,-0.12346696834898992,-1.0440390886203916
2019-10-25,12.233822222222223,13.516772222222222,5.8185518181818185,-1.2829499999999996,14,-0.8643944444444429,13.343743457192506,-1.1099212349702832,-0.9078456588618076,-0.2383679237817784,-1.2359623211293471
2019-10-28,12.629605555555555,13.42002777777778,6.317044444444443,-0.7904222222222241,11,-0.9464111111111126,13.349299842054801,-0.7196942864992462,-0.6659911023352214,-0.2593394153228501,-1.1308309432828125
2019-10-29,12.6449,13.146766666666666,6.45688,-0.5018666666666665,10,-1.0847222222222221,12.891939842982115,-0.24703984298211523,-0.5919211877293226,-0.29189918470021864,-1.118503130294183
2019-10-30,13.610238888888889,13.69533888888889,7.293142727272729,-0.08510000000000062,9,0.22700555555555546,12.89848749360798,0.711751395280908,-0.17673045248450817,0.09878327252415893,-0.8705910158009812
2019-10-31,11.628066666666667,12.83807,3.4329718181818194,-1.2100033333333329,8,-1.4043333333333319,12.842120305171791,-1.2140536385051242,-2.0569356804540355,-0.37457535923874313,-1.3562796791661158
2019-11-01,10.412088888888889,12.728238888888889,2.823367272727271,-2.3161500000000004,7,-1.8217333333333343,12.737955356674133,-2.3258664677852448,-2.3297493284440782,-0.4933825050296307,-1.644486021493861
2019-11-05,13.184922222222223,13.294033333333333,4.723517171717171,-0.10911111111111005,38,0.555316666666668,10.703218690207784,2.481703532014439,-1.3879454656656145,0.2212295378910249,-0.9462462680621765
2019-11-06,13.374505,13.408905,5.568826363636365,-0.03440000000000154,37,0.7296049999999994,10.721916623454943,2.652588376545056,-0.9688916397135232,0.2698355133416409,-0.8920464741340115
2019-11-07,12.974,13.200785,5.173147222222223,-0.22678499999999957,36,-0.6362388888888884,10.564661844099849,2.4093381559001514,-1.1534013710691582,-0.13973997625458828,-0.9839077019101655
2019-11-08,13.13118888888889,13.418222222222223,6.016670000000001,-0.2870333333333335,35,1.5031222222222222,10.374338179283646,2.756850709605244,-0.7340183824420123,0.4973254644723789,-0.9373402027004789
2019-11-11,13.17025,13.33494,6.316474999999999,-0.16469000000000023,32,2.758161111111111,9.98559068187992,3.1846593181200795,-0.5826798605008002,0.8799483458805795,-0.9230944456935838
2019-11-12,12.706522222222222,12.94733888888889,5.313682727272727,-0.24081666666666734,31,-0.4784000000000006,10.078519613107275,2.6280026091149473,-1.0817275387240053,-0.08863124730795696,-1.033681456648621
2019-11-13,13.71116,13.511790000000001,6.521331666666667,0.19936999999999827,30,0.33665500000000037,10.701635609655472,3.0095243903445272,-0.4651035257351815,0.17547339525877745,-0.7814617277559959
2019-11-14,13.93682777777778,15.13375,6.582727272727272,-1.19692222222222,29,0.962827777777779,9.775556377088698,4.161271400689081,-0.42768291696038885,0.3838546920662084,-0.7213822112141374
2019-11-15,13.043099999999999,14.95908,6.211990909090908,-1.9159800000000011,28,-0.08808888888889044,9.261064944235079,3.7820350557649203,-0.6151058180666097,0.06484023893668327,-0.9596476309651054
2019-11-18,12.582855,14.23234,6.634145454545454,-1.6494850000000003,25,-0.587394999999999,9.261080923044595,3.321774076955405,-0.38770656712672635,-0.09221782512539214,-1.0846753794105133
2019-11-19,12.903944444444445,14.739889999999999,6.309954545454545,-1.8359455555555542,24,0.1974222222222224,9.629010867492863,3.2749335769515824,-0.5535336911386373,0.16032970434474028,-0.9939823493809461
2019-11-20,13.457583333333334,14.8943,6.893472727272728,-1.4367166666666655,23,-0.2535766666666657,10.026403171406399,3.4311801619269353,-0.23297456341258144,0.009492322187634133,-0.8367455080527119
2019-11-21,14.071961111111111,15.04312,7.17400909090909,-0.9711588888888887,22,0.13513333333333222,10.21827549826656,3.8536856128445507,-0.0742066040220606,0.1287887153160862,-0.6590932873055672
2019-11-22,13.424083333333334,14.8329,7.001572727272727,-1.4088166666666666,21,0.3809833333333348,10.112613100030073,3.311470233303261,-0.16747731594165002,0.20173257697760738,-0.8361323140200665
2019-11-25,13.261025,14.636099999999999,6.422936363636364,-1.375074999999999,18,0.6781699999999997,10.403934392059844,2.8570906079401563,-0.4824195970928941,0.29239572939172304,-0.8761259281325959
2019-11-26,12.865705555555556,14.29195,6.3978781818181805,-1.4262444444444444,17,-0.03823888888888938,10.417335394828429,2.4483701607271264,-0.4937450824835465,0.051763244058086945,-0.9812971291815903
2019-11-27,12.4471,14.091429999999999,5.335333333333333,-1.6443299999999983,16,-1.0104833333333332,10.352465094740435,2.094634905259566,-1.0673492558421918,-0.27999903685745875,-1.0926849916065247
2019-11-28,12.764716666666667,14.0683875,6.57211818181818,-1.3036708333333333,15,-1.3072444444444447,10.085045544486816,2.679671122179851,-0.3926590865442657,-0.38871856142957695,-0.9949456657827896
2019-11-29,12.79759,14.187619999999999,6.6075363636363615,-1.3900299999999994,14,-0.6264933333333342,10.26917816918741,2.5284118308125887,-0.37255075492536155,-0.16898840552873876,-0.9787979913992162
2019-12-02,13.023927777777779,13.89839,5.724659090909091,-0.8744622222222205,11,-0.2370972222222214,10.649124440602623,2.3748033371751553,-0.8475555400239935,-0.0412419960747303,-0.9072190912422277
2019-12-03,13.688266666666667,13.92185,6.984095454545454,-0.23358333333333192,10,0.8225611111111117,9.170900299743403,4.517366366923264,-0.16040494219821325,0.31538128238215396,-0.7122563249602808
2019-12-04,15.94243888888889,14.395216666666666,8.33469090909091,1.5472222222222243,9,3.49533888888889,9.897754229447289,6.044684659441602,0.5731091405427357,1.2190414599459505,-0.06596139942523332
2019-12-05,14.55753,13.569695,6.869418181818183,0.9878350000000005,8,1.7928133333333331,10.238155288489478,4.319374711510521,-0.22016815060406253,0.6449203515554742,-0.45563684120030423
2019-12-06,14.404992857142856,13.633927777777778,5.424703636363638,0.7710650793650782,7,1.6074028571428567,10.22801073011844,4.1769821270244165,-0.9995464782093212,0.5833452036202298,-0.49412017390510876
2019-12-09,13.850655,14.40034,6.759227272727271,-0.5496850000000002,32,0.8267272222222211,10.24919441432408,3.6014605856759196,-0.2714422559503918,0.31778249260959923,-0.6470698560847082
2019-12-10,14.311972222222224,14.7349125,6.699181818181817,-0.42294027777777643,31,0.6237055555555564,9.82666065471549,4.485311567506734,-0.3024591384612956,0.24871137141106997,-0.5091148396239915
2019-12-11,14.241355555555556,14.69615,6.69712909090909,-0.4547944444444436,30,-1.7010833333333348,9.329562320903372,4.911793234652183,-0.3026787351568303,-0.5390450399431865,-0.5242687268484189
2019-12-12,14.15779,14.55521,6.303199999999999,-0.39742000000000033,29,-0.39973999999999954,8.863983091047862,5.2938069089521385,-0.5135321636711248,-0.09784097844625556,-0.5427183286660456
2019-12-13,12.904483333333333,13.935738888888888,6.373437500000001,-1.0312555555555551,28,-1.500509523809523,12.302020791544416,0.6024625417889169,-0.4764139702529584,-0.46841996612331194,-0.8971449125748916
2019-12-16,11.938055,13.434940000000001,5.504509090909092,-1.4968850000000007,25,-1.9125999999999994,12.333328535104698,-0.39527353510469787,-0.9464655745103248,-0.6051816556538904,-1.166903116222612
2019-12-17,11.084330000000001,12.974409999999999,5.0720101010101,-1.8900799999999975,24,-3.2276422222222223,12.151471701146347,-1.0671417011463458,-1.1719577374144374,-1.0443912774993203,-1.401434848176672
2019-12-18,11.700915,13.344605000000001,5.740600000000001,-1.6436900000000012,23,-2.5404405555555556,12.092586666481122,-0.3916716664811215,-0.8032454163545091,-0.8063125194537654,-1.2142031174630363
2019-12-19,11.182511111111111,13.1602,4.990891666666666,-1.9776888888888884,22,-2.975278888888889,11.979299572151266,-0.7967884610401548,-1.2016207421838097,-0.9521469619491003,-1.3521632451141472
2019-12-20,11.512474999999998,13.34905,5.2055727272727275,-1.8365750000000016,21,-1.3920083333333348,12.039055836590006,-0.5265808365900071,-1.0769472663722792,-0.4157134456959392,-1.247162954691973
2019-12-23,11.75368,13.426985,4.9648,-1.673305000000001,18,-0.18437500000000107,11.815168428226508,-0.06148842822650913,-1.2004377960792172,-0.0069533464796482525,-1.1688718706416579
2019-12-24,11.795665,13.441485,4.920562878787878,-1.6458200000000005,17,0.7113349999999983,11.785007802823143,0.010657197176856315,-1.2271073008785887,0.3032223646581577,-1.155188413677836
2019-12-25,11.27553,13.22074,5.361109090909093,-1.9452099999999994,16,-0.42538500000000035,11.8104157418031,-0.5348857418030999,-0.9868851185989886,-0.07948013934370549,-1.2997472635408962
2019-12-26,11.562695,13.07602,4.888018181818181,-1.513325,15,0.38018388888888843,11.92720520533042,-0.36451020533042033,-1.2459502406146896,0.19943353655850915,-1.2070844617381467
2019-12-27,11.871945,13.356345,4.27931893939394,-1.484399999999999,14,0.35947000000000173,11.849685458268503,0.022259541731497023,-1.5757389068904701,0.19299780649569823,-1.1082744868109824
2019-12-30,13.187227777777778,13.94593888888889,4.615934090909093,-0.7587111111111113,11,1.433547777777779,11.748928884950919,1.4382988928268592,-1.374235945051709,0.5550845221479191,-0.7158370271924104
2020-01-06,15.3478,15.30184,7.066472727272727,0.04595999999999911,39,3.552135,13.481891701251705,1.8659082987482947,0.0035068305836648272,1.2756696373562841,-0.07837361440931134
2020-01-07,13.898145,14.160264999999999,6.386175757575758,-0.26211999999999946,38,2.6226149999999997,14.087315531410411,-0.1891705314104115,-0.37483044700761436,0.9476669502128272,-0.4993081106486728
2020-01-08,15.4653,15.436074999999999,7.247381818181816,0.02922500000000028,37,3.9026049999999994,15.078955603547678,0.386344396452321,0.11042839110278277,1.3770269764578693,-0.03399376963621814
2020-01-09,13.44341111111111,13.9681,6.34120303030303,-0.524688888888889,36,1.5714661111111106,17.14433064034798,-3.70091952923687,-0.3988246676564315,0.5728821237518124,-0.6246046653936271
2020-01-10,13.2345,13.975944444444444,6.002296969696969,-0.7414444444444435,35,0.04727222222222238,17.17768683713263,-3.943186837132629,-0.5864688524617191,0.0525129955155623,-0.6804457099771901
2020-01-14,12.894195,13.49142,5.458678787878789,-0.5972249999999999,31,-2.4536049999999996,17.31069707645896,-4.416502076458961,-0.8861203734621114,-0.8050639252662547,-0.7783762937164916
2020-01-15,13.05532,13.73743,5.897784848484848,-0.6821099999999998,30,-0.8428249999999995,17.421141604643488,-4.365821604643488,-0.6318338558611208,-0.2369852956160632,-0.7265280636891763
2020-01-16,12.61522,13.497409999999999,5.964545454545455,-0.8821899999999978,29,-2.8500799999999984,17.42136818160959,-4.80614818160959,-0.5998802785764733,-0.9969843578055549,-0.911642824067804
2020-01-17,11.707615,12.80219,5.692235454545454,-1.094574999999999,28,-1.7357961111111102,14.996360969797381,-3.2887459697973807,-0.7577461850558028,-0.5755202811863663,-1.2837402412364802
2020-01-20,11.874445000000001,12.8061,6.343029090909091,-0.9316549999999992,25,-1.3600549999999991,14.9650255745091,-3.090580574509099,-0.3591917642073589,-0.4176610023836366,-1.2404043362255464
2020-01-21,12.9348,13.607144444444444,7.317783333333335,-0.6723444444444446,24,0.040604999999999336,15.223834959874797,-2.2890349598747974,0.26272262643478267,0.15932481347836566,-0.8631905952712989
2020-01-22,12.155445,12.891729999999999,7.610054545454544,-0.7362849999999987,23,-0.8998749999999998,15.315557059843284,-3.160112059843284,0.46813995970531896,-0.2198851918197858,-1.2054317995097203
2020-01-23,13.33932,13.666855,8.848996212121214,-0.32753499999999924,22,0.7241,15.6972073901181,-2.3578873901180994,1.26310027946636,0.4470123652787803,-0.7180749355474734
2020-01-24,12.714694999999999,13.320170000000001,7.896600000000001,-0.605475000000002,21,1.0070799999999984,15.689180971957681,-2.974485971957682,0.6455934806271131,0.5741416200774535,-0.9863943745528367
2020-01-27,18.18463888888889,16.287933333333335,12.129254545454547,1.896705555555556,18,6.3101938888888895,17.29764188264618,0.8869970062427122,3.2921369776318783,2.927063148279938,1.4177809754907245
2020-01-28,18.06841111111111,16.2678,10.284672727272726,1.8006111111111096,17,5.133611111111112,17.360107659220592,0.7083034518905187,2.121988914913234,2.3896952503245976,1.3959017798973603
2020-01-29,16.0996,15.322061111111111,9.151990909090907,0.7775388888888877,16,3.9441549999999985,17.60619506305343,-1.5065950630534317,1.4127483094817253,1.8512953717965448,0.5335983212943561
2020-01-30,18.197222222222223,16.89237222222222,10.439827272727271,1.3048500000000018,15,4.857902222222222,18.336402945767816,-0.13918072354559285,2.214954957743887,2.244098121621308,1.503878484393056
2020-01-31,16.660716666666666,15.979433333333333,10.955045454545456,0.681283333333333,14,3.9460216666666668,18.797491833765847,-2.136775167099181,2.512817583614115,1.8115205380606614,0.8112540163048357
2020-02-03,19.276266666666665,16.95742222222222,11.224037272727273,2.3188444444444443,11,1.0916277777777736,18.927318065744846,0.348948600921819,2.6668836154392483,0.5187552687451561,2.01932240006337
2020-02-04,17.15022777777778,15.943555555555555,8.582476363636363,1.206672222222224,10,-0.9181833333333316,17.82275032882331,-0.6725225510455317,1.0344250880686696,-0.39730752377175915,1.0395671054854236
2020-02-05,15.824681666666667,15.21069,8.079855303030303,0.6139916666666672,9,-0.27491833333333204,17.24229835619739,-1.4176166895307247,0.720140165679563,-0.11144111626794914,0.43122931890936467
2020-02-06,16.54608125,15.468705555555555,9.017950000000003,1.077375694444445,8,-1.6511409722222226,18.234441243061024,-1.6883599930610238,1.3056240889373056,-0.7421860638757686,0.7715505102290646
2020-02-07,14.789437222222222,14.79304,8.138981818181819,-0.0036027777777771774,7,-1.8712794444444434,16.410531928791883,-1.6210947065696608,0.764277318204934,-0.8415307200839656,-0.041288505551079345
2020-02-10,15.406545000000001,15.03824,8.318154545454545,0.3683050000000012,32,-3.8697216666666634,16.46045245468879,-1.0539074546887903,0.8810426699055899,-1.7402432357606012,0.25361259412485593
2020-02-12,14.033422222222221,13.945083333333333,7.178557575757576,0.08833888888888808,30,-3.1168055555555583,16.465210619647692,-2.4317883974254713,0.17022510255871443,-1.3903392221872224,-0.38813949609321363
2020-02-13,13.68271,14.14537,8.162836363636362,-0.4626599999999996,29,-2.1419716666666666,16.397010266285843,-2.714300266285843,0.800636356557857,-0.9429826794261399,-0.5473274350818986
2020-02-14,13.932075000000001,14.30257,9.102445454545455,-0.37049499999999824,28,-2.614006249999999,16.516660667484818,-2.5845856674848164,1.4069784604612952,-1.1489976999626899,-0.4236112986883261
2020-02-17,13.825811111111111,14.27943,8.08364318181818,-0.45361888888888835,25,-0.9636261111111111,16.55575357777527,-2.729942466664159,0.7649722145258189,-0.4008682485419829,-0.4677865586133677
2020-02-18,15.87555,14.88234,8.467493939393938,0.9932100000000013,24,0.46900499999999923,17.141088464231526,-1.2655384642315255,1.0112754285120835,0.24283192216292068,0.5165846154660758
2020-02-19,15.404872222222222,14.7510125,8.509618181818182,0.6538597222222222,23,1.3714500000000012,17.322138109217487,-1.9172658869952652,1.0334086495110009,0.6448370117979763,0.2898032086663215
2020-02-20,15.031077777777778,14.620650000000001,8.486754545454547,0.4104277777777767,22,1.3483677777777778,17.148761447312683,-2.1176836695349053,1.012908038721753,0.6283786393801111,0.11077189165314762
2020-02-21,16.50861111111111,15.479775,10.885936363636365,1.0288361111111115,21,2.5765361111111105,16.876841212808163,-0.3682301016970513,2.4991818440177718,1.1758523964366945,0.814372209551337
2020-02-25,23.97168888888889,18.144012500000002,11.180747499999999,5.827676388888889,17,10.14587777777778,20.526799110503582,3.44488977838531,2.6361716942375724,4.437887617144404,4.213701939348787
2020-02-26,27.00707222222222,19.8653125,17.125136363636365,7.141759722222218,16,11.13152222222222,19.536822270669145,7.470249951553075,5.854465997508392,4.641849834342414,5.272637906207035
2020-02-27,31.730737499999996,21.6527375,18.225814772727272,10.077999999999996,15,16.325865277777773,20.712305389978486,11.01843211002151,5.997308768052742,6.258539148607419,6.641738521670825
2020-02-28,45.08436111111111,26.7467,26.13644696969697,18.337661111111107,14,30.05328333333333,23.698655510611587,21.38570560049952,8.564285778213646,9.314067134453868,9.50032904820146
2020-03-02,44.903105555555555,25.105225,32.53169,19.797880555555555,11,28.394494444444444,23.76256427327036,21.140541282285195,9.260774586290664,7.666640427712077,8.085665898766285
2020-03-03,41.9365625,25.2016,29.819499999999998,16.7349625,10,17.96487361111111,23.387606951260594,18.548955548739407,7.307888575944831,4.588383622316709,6.590508115474076
2020-03-04,36.28511666666667,23.3552,21.010742727272728,12.929916666666667,9,9.278044444444447,23.38034343767968,12.904773228986986,4.267588673775208,2.2818751009371523,4.917213329632716
2020-03-05,28.16189375,20.898875,15.479400000000002,7.2630187500000005,8,-3.5688437499999957,23.777200309051604,4.384693440948396,2.4970052036417885,-1.042513311147197,2.94442738783754
2020-03-06,38.12172777777778,25.68128,21.80450111111111,12.440447777777777,7,-6.962633333333329,24.564592502256545,13.557135275521233,4.267882260464934,-1.8986848571738877,4.9616115746180585
2020-03-09,45.282418750000005,34.781549999999996,23.58882333333333,10.50086875000001,32,0.37931319444444966,27.0928206621117,18.189598087888307,4.575172894835782,-0.013905601961553124,6.0173221184520065
2020-03-10,41.9358125,31.749762500000003,16.198366666666665,10.186049999999994,31,-0.0007500000000035811,27.730725872402996,14.205086627597002,2.430502481510881,-0.11262224132729581,5.0396962685550095
2020-03-11,47.3227875,35.114625000000004,14.930211111111113,12.208162499999993,30,11.03767083333333,28.130602302031555,19.192185197968442,2.0469636349942597,2.6720817158243064,5.651289178876378
2020-03-12,56.632525,41.685225,17.26305079365079,14.947299999999998,29,28.47063125,29.956697208024714,26.675827791975287,2.6505484066122067,6.445858875505174,6.623107586565444
2020-03-13,70.72415000000001,48.03672857142857,25.112962500000002,22.68742142857144,28,32.60242222222223,34.49365585198982,36.23049414801019,4.590349880422573,6.683666524537254,7.746220805055003
2020-03-16,78.80779285714286,54.40334285714286,11.031412499999988,24.404449999999997,25,33.52537410714285,34.44271022427721,44.36508263286565,0.8663287430853039,6.287085296303353,7.729592804810011
2020-03-17,69.13412857142856,53.367,20.781499999999994,15.767128571428564,24,27.198316071428565,34.82261186749232,34.31151670393624,3.3459520750281513,4.808917519827353,6.014649792958696
2020-03-18,71.55667857142856,54.36767142857143,18.619249999999994,17.189007142857136,23,24.233891071428566,34.8143672928359,36.742311278592666,2.734964213851137,4.102294842202785,5.8265982600004325
2020-03-19,75.9006,58.12428333333334,12.47475,17.77631666666666,22,19.268074999999996,33.61238954885676,42.288210451143236,1.1649002807642073,3.144702091176203,5.824405634528717
2020-03-23,65.90412142857143,52.574842857142855,15.354237500000004,13.329278571428574,18,-4.82002857142858,35.44445660307207,30.45966482549936,1.873884028392697,-1.0355563767757445,4.604618306137412
2020-03-24,51.702864285714284,39.095507142857144,4.590729166666669,12.60735714285714,17,-27.104928571428573,46.551357776781124,5.15150650893316,-0.8397748706214777,-4.663644448811016,3.1770835384532456
2020-03-25,51.200625,35.8687625,19.467170000000003,15.3318625,16,-17.93350357142856,55.70842283071937,-4.507797830719369,2.850687099636691,-3.071782283597779,3.058556413659175
2020-03-26,63.091781250000004,41.49626875,23.7245,21.595512500000005,15,-8.464897321428559,57.39713742280244,5.694643827197567,3.7780699846139556,-1.5185505376743897,3.993130237771464
2020-03-27,57.38984285714285,40.15537142857143,22.662188888888892,17.234471428571425,14,-18.510757142857145,59.55709264520706,-2.167249788064204,3.4244785383399763,-3.0716680603507447,3.394485530826805
2020-03-30,65.11658125,42.70725625,34.63071111111111,22.409324999999995,11,-0.7875401785714331,58.54321226278662,6.573368987213378,5.7870363825303475,-0.25675671849005555,3.917997060215011
2020-03-31,58.3170875,39.46536875,22.512,18.851718749999996,10,6.614223214285715,58.29833480566388,0.018752694336122033,3.0595679809397525,0.9130263809369201,3.2642282858565266
2020-04-01,57.18249374999999,41.70680625,29.605062499999995,15.475687499999992,9,5.98186874999999,59.986682433925196,-2.8041886839252044,4.3887303959057755,0.8075675034596873,3.0970844045251513
2020-04-02,56.732981249999995,42.5470875,13.053987499999998,14.185893749999991,8,-6.358800000000009,59.93436677757064,-3.2013855275706433,0.958686576475597,-1.1418719058511464,2.993138236206144
2020-04-03,52.76005,40.2533375,22.1738625,12.506712499999999,7,-4.629792857142853,59.59768849526842,-6.837638495268422,2.787597143678499,-0.8664487356823954,2.6316519276196617
2020-04-06,38.33269375,35.3983125,8.3418,2.934381249999994,32,-26.7838875,61.75256016019202,-23.41986641019202,-0.031552043275834475,-4.193307486395091,1.4971089966153166
2020-04-07,37.581325,34.467537500000006,8.440844444444444,3.1137874999999937,31,-20.7357625,59.82424286352395,-22.24291786352395,-0.014263523115821972,-3.1949041378374035,1.4263070284943078
2020-04-08,36.73599375,33.96655,23.358877777777778,2.7694437500000006,30,-20.446499999999993,60.27837863904727,-23.54238488904727,2.963675339113474,-3.08032120473637,1.3496549483982243
2020-04-09,36.778968750000004,34.651825,11.740693333333336,2.127143750000002,29,-19.95401249999999,59.732890337971675,-22.95392158797167,0.6306765496766258,-2.943341661979431,1.3422652184240977
2020-04-10,36.196650000000005,34.51927857142857,19.2827,1.6773714285714334,28,-16.563399999999994,57.36063890639189,-21.163988906391886,2.1138753018225627,-2.4166547670319636,1.2874309236776045
2020-04-13,38.85484375,36.1497375,14.450777777777773,2.70510625,25,0.5221500000000034,52.9760343322373,-14.121190582237297,1.146287375488426,0.012581877503630478,1.47696198817585
2020-04-14,32.36314375,31.6928125,14.679899999999996,0.6703312500000003,24,-5.218181250000001,52.57249051941151,-20.20934676941151,1.1837127960939577,-0.7977455988502128,0.9774518229940374
2020-04-15,31.73371875,31.6826125,13.42914,0.05110625000000013,23,-5.002274999999997,52.68869265229751,-20.95497390229751,0.9307300935245143,-0.7621834856136754,0.9235718303514063
2020-04-16,34.28125625,33.9948125,15.847785555555557,0.28644374999999656,22,-2.4977125000000058,52.49227751434151,-18.21102126434151,1.3962438424713972,-0.40569655239805347,1.1085545935434893
2020-04-17,31.79065,31.53425625,17.78562,0.25639375000000086,21,-4.406000000000006,52.712320862766596,-20.921670862766597,1.7584694027045138,-0.6729476319307124,0.9144495732543569
2020-04-20,32.586149999999996,32.4399375,14.940790000000003,0.1462124999999972,18,-6.268693750000004,53.04181894092458,-20.455668940924582,1.1946744280979062,-0.9320307010290975,0.9676590735476812
2020-04-21,36.26110625,35.145025000000004,16.153668888888888,1.1160812499999935,17,3.8979624999999984,48.61962498615997,-12.358518736159972,1.4180851336389586,0.5025758277579997,1.2344937486354974
2020-04-22,37.24331428571429,36.42079285714286,21.10618888888889,0.8225214285714344,16,5.50959553571429,40.02857009754505,-2.7852558118307584,2.342857428149794,0.7260309710399783,1.2975362293148023
2020-04-23,32.097375,32.941931249999996,15.955341111111114,-0.8445562499999966,15,-2.183881249999999,36.63438778233318,-4.5370127823331785,1.3432415298906044,-0.36102482246893686,0.9060402682568289
2020-04-24,32.55428571428571,33.90098571428571,18.251244444444445,-1.3466999999999985,14,0.7636357142857122,34.20377891396322,-1.649493199677508,1.7632207677470662,0.05373550712108562,0.9334685227461114
2020-04-27,28.025881249999998,30.136306249999997,15.566644444444446,-2.1104249999999993,11,-4.560268749999999,34.970734075131624,-6.944852825131626,1.2426733806022328,-0.6959928108359813,0.5912750478022941
2020-04-28,26.00250625,28.15119375,13.986444444444444,-2.148687500000001,10,-10.258599999999998,34.760111471637515,-8.757605221637515,0.9363858178564359,-1.4891151177085609,0.4367096295555388
2020-04-30,22.735,25.70161875,12.36402,-2.966618750000002,8,-14.508314285714292,30.27923150148986,-7.544231501489861,0.6248246653449595,-2.0619765555167864,0.1901944321576001
2020-05-01,31.9523,30.922692857142856,19.96217777777778,1.0296071428571452,7,-0.1450749999999985,31.98403066874057,-0.03173066874056829,2.036558836486634,-0.059932515940651986,0.8719293413524537
2020-05-07,28.73333125,28.25780625,12.070869999999996,0.47552499999999753,36,-3.8209544642857125,31.94505572490462,-3.2117244749046208,0.5505733345309125,-0.5710527389625522,0.6270043412371356
2020-05-08,25.72940625,25.826475000000002,12.048164444444442,-0.09706875000000181,35,-2.2964749999999974,29.933329352021254,-4.203923102021253,0.5422695684225776,-0.35844400589707104,0.3992527447258191
2020-05-11,23.581218749999998,23.91499375,9.880426666666668,-0.3337750000000028,32,-2.421287500000002,29.45494558140461,-5.8737268314046105,0.1336030729351963,-0.374879560459875,0.23597525212051698
2020-05-12,24.080733333333335,24.118466666666666,12.64782,-0.03773333333333184,31,1.3457333333333352,28.7638124274762,-4.683079094142865,0.6487782307765992,0.14848649087966576,0.26984993665846374
2020-05-13,24.629718750000002,24.70126875,11.22418,-0.07154999999999845,30,-7.322581249999999,28.869189480470116,-4.239470730470114,0.3788363613414227,-1.0535887067986434,0.3074200586690574
2020-05-14,28.331400000000002,27.0163625,17.422040000000003,1.3150375000000025,29,-0.40193124999999696,29.620938408772048,-1.2895384087720458,1.5274773513119773,-0.09144072207527124,0.5792230602101741
2020-05-15,27.10145625,26.338637499999997,14.786852222222223,0.762818750000001,28,1.372049999999998,28.181839736499004,-1.0803834864990058,1.028214334102098,0.1545659754482165,0.483162391902065
2020-05-18,25.74345,26.0402,13.0839,-0.2967499999999994,25,2.1622312500000014,26.165051315131123,-0.42160131513112376,0.7064535059632516,0.2630935512984745,0.37795502440889095
2020-05-19,24.347018749999997,24.670775,10.795377777777777,-0.3237562500000024,24,0.26628541666666194,26.49541559892738,-2.1483968489273835,0.2794717253071056,0.0001214254263621518,0.27038929084593394
2020-05-20,23.0631,23.35405,11.812523333333331,-0.29095000000000226,23,-1.5666187500000035,25.90425709949787,-2.8411570994978703,0.465476286482549,-0.2515858822936997,0.17249668220922124
2020-05-21,22.96165625,23.2469,10.467839999999999,-0.28524374999999935,22,-5.369743750000001,23.78504282231038,-0.8233865723103797,0.213229866792401,-0.7742493267567596,0.16349013801485415
2020-05-22,23.821550000000002,24.3137125,14.941249999999997,-0.49216249999999917,21,-3.2799062499999962,23.559013735604523,0.2625362643954787,1.0396212237896145,-0.4783359221845117,0.22678713649786994
2020-05-25,22.79257777777778,23.346510000000002,11.22317,-0.5539322222222225,18,-2.9508722222222197,22.685924029355373,0.10665374842240638,0.3478961239195634,-0.42737366539410504,0.14911232845470668
2020-05-26,21.391294444444444,22.6252,10.265239999999999,-1.2339055555555554,17,-2.9557243055555524,23.514150521824657,-2.122856077380213,0.16932834544117173,-0.42328483801527667,0.04385952737662427
2020-05-27,20.9995,21.677175,9.493253333333332,-0.6776749999999971,16,-2.0635999999999974,23.238157472138216,-2.2386574721382146,0.02568144115560603,-0.29580517108978605,0.014197175932226537
2020-05-28,22.647305555555555,22.00582222222222,7.342881818181819,0.6414833333333334,15,-0.3143506944444461,23.503277516636594,-0.855971961081039,-0.3731150041311908,-0.051609847808579884,0.13586874472199734
2020-05-29,22.15167222222222,21.76777777777778,10.771002727272727,0.3838944444444401,14,-1.6698777777777813,22.39671233320056,-0.24504011097834066,0.2614708958369646,-0.24177628716062607,0.09745908726450733
2020-06-01,23.80129375,22.20579375,8.879901818181821,1.5954999999999977,11,1.0087159722222196,22.3239248637845,1.4773688862154977,-0.09089685201843004,0.13032312643149008,0.21886063506007603
2020-06-02,23.405216666666668,22.19166111111111,9.124448484848486,1.2135555555555584,10,2.0139222222222237,21.694392668455713,1.7108239982109552,-0.04697853031123155,0.2679388982041652,0.18715670515617197
2020-06-03,24.2347,22.245405555555557,7.035844444444447,1.9892944444444431,9,3.235199999999999,17.749320995885782,6.485379004114218,-0.43455149378721214,0.43527359583205844,0.2469684442088607
2020-06-04,23.369683333333334,22.76857222222222,9.259830909090912,0.6011111111111127,8,0.7223777777777798,17.726038481217117,5.643644852116218,-0.02289066757852762,0.08237630359900251,0.18001545706121244
2020-06-05,21.427622222222222,21.191394444444445,8.127514141414139,0.2362277777777777,7,-0.7240499999999983,16.38013244722199,5.047489775000233,-0.2332992809752788,-0.12035999196637007,0.03315158464785545
2020-06-08,21.134945000000002,20.58002,9.316780555555557,0.5549250000000008,32,-2.6663487499999974,16.528794930299366,4.606150069700636,-0.013284407741366763,-0.3908716226584178,0.009867490730208551
2020-06-09,21.444844444444442,20.696399999999997,8.700707272727271,0.7484444444444449,31,-1.960372222222226,16.71013597180564,4.7347084726388005,-0.12863751210623126,-0.29102227512359174,0.031526350476805125
2020-06-10,21.79373888888889,20.88595,11.604724545454545,0.9077888888888879,30,-2.440961111111111,16.29341336232801,5.500325526560879,0.40796829548497926,-0.3573181009572768,0.05585618195022108
2020-06-11,24.912744444444442,23.356189999999998,11.936463636363637,1.5565544444444441,29,1.5430611111111077,18.75492365601761,6.157820788426832,0.4668662908338557,0.1995841161724981,0.2871440216799032
2020-06-12,28.362644444444445,25.45101111111111,15.548436363636366,2.9116333333333344,28,6.935022222222223,19.358760079895923,9.003884364548522,1.129684822370685,0.9487215494621245,0.5421651922089827
2020-06-15,35.37096666666667,29.0426,17.585229999999996,6.328366666666668,25,14.236021666666666,24.161256550447245,11.209710116219423,1.4941625156272005,1.9469933037947615,1.0599359202285823
2020-06-16,29.510372222222223,25.186072222222222,15.030827272727276,4.324300000000001,24,8.065527777777781,28.63158259348573,0.8787896287364916,1.0168900623035526,1.0870310206780354,0.6184491899766877
2020-06-17,29.442877777777777,25.73197777777778,10.257109090909093,3.7108999999999988,23,7.6491388888888885,28.8513616020244,0.5915161757533767,0.13632246622588762,1.0250464783182127,0.6098057143021893
2020-06-18,29.692505555555556,26.286683333333333,15.307654545454547,3.4058222222222234,22,4.779761111111114,28.934276956788356,0.7582285987672002,1.0588751449901423,0.6259353693376455,0.6243000874542544
2020-06-19,26.417233333333336,25.195555555555558,10.905984545454544,1.2216777777777779,21,-1.9454111111111096,28.572449192129785,-2.155215858796449,0.24731149686689077,-0.3015979286826082,0.3768338035797888
2020-06-22,27.1555375,25.221425,15.198290909090908,1.9341125000000012,18,-8.215429166666667,28.28240060424918,-1.1268631042491783,1.0282928318785247,-1.1619725543559043,0.4282969373002641
2020-06-23,25.009772222222225,24.266122222222222,10.838745454545453,0.7436500000000024,17,-4.500599999999999,27.15255717448134,-2.1427849522591167,0.2240432784266527,-0.6500318154840009,0.26548775364373267
2020-06-24,23.685455555555556,23.678933333333333,11.401045454545454,0.006522222222223206,16,-5.757422222222221,27.137194702669774,-3.4517391471142176,0.3235928745143453,-0.8209843498827722,0.16424187754081546
2020-06-25,26.52636111111111,25.509522222222223,12.750300000000003,1.0168388888888877,15,-3.166144444444445,26.49571853180639,0.030642579304721806,0.5672242679469616,-0.46332014404713984,0.37319589318422386
2020-06-26,23.908427777777778,24.021677777777775,12.130832727272725,-0.11324999999999719,14,-2.5088055555555577,26.732936340512282,-2.824508562734504,0.44937325062077277,-0.3714365430586676,0.1753970207619584
2020-06-29,29.80571666666667,27.108966666666667,12.340152727272727,2.6967500000000015,11,2.6501791666666676,27.968791800114456,1.8369248665522129,0.4836823363060995,0.33639447566517716,0.6113603489054863
2020-06-30,25.576727777777776,24.885572222222223,12.530509090909092,0.6911555555555537,10,0.5669555555555519,28.05143115298113,-2.4747033752033545,0.5141306699644882,0.049503332283665026,0.29258815692916185
2020-07-01,24.0697,24.420316666666665,12.502030000000001,-0.3506166666666637,9,0.3842444444444446,27.736784032898125,-3.6670840328981242,0.5044202282910536,0.024167280254548455,0.17750676083099493
2020-07-02,23.260827777777777,23.24071111111111,9.727865454545455,0.02011666666666656,8,-3.265533333333334,27.694271731397542,-4.433443953619765,-0.009877778207111148,-0.4758984770665365,0.11463975696405894
2020-07-03,19.521050000000002,21.772,8.436990909090909,-2.250949999999996,7,-4.387377777777775,27.688043712299354,-8.166993712299352,-0.25047008082513106,-0.6284436089408889,-0.16676991290015156
2020-07-06,19.512916666666666,20.564666666666668,8.139618181818182,-1.051750000000002,39,-10.292800000000003,28.04974449450515,-8.536827827838483,-0.30775331927788213,-1.428172044382525,-0.16896001676450573
2020-07-07,20.033194444444447,21.3204,8.283390909090912,-1.287205555555552,38,-5.543533333333329,28.058955276763914,-8.025760832319467,-0.2832712517264497,-0.775277038564579,-0.13176702437401594
2020-07-08,20.78464375,21.93305,8.174454545454545,-1.1484062500000007,37,-3.2850562500000002,28.142161945481515,-7.357518195481514,-0.30448655314416984,-0.46518208362003866,-0.07732688314492907
2020-07-09,20.5818,21.857955555555556,7.505754545454547,-1.2761555555555546,36,-2.679027777777776,26.298583874443203,-5.716783874443202,-0.4287995105232236,-0.3807757926733328,-0.09420511051210435
2020-07-10,21.41721111111111,22.680005555555557,8.450763636363636,-1.2627944444444452,35,1.896161111111109,26.44346871788362,-5.026257606772507,-0.2551580518421805,0.2432844333832994,-0.03349569577775389
2020-07-13,19.58942777777778,20.80846111111111,8.654914545454545,-1.219033333333332,32,0.0765111111111132,24.001412208827425,-4.411984431049646,-0.21897766263198967,-0.004235657921062586,-0.17170332843353645
2020-07-14,20.151155555555555,21.444872222222223,9.00908181818182,-1.2937166666666684,31,0.11796111111110719,17.492241227153006,2.658914328402549,-0.15537561138947226,0.0014496054680731081,-0.13129202859812375
2020-07-15,19.217280000000002,20.5686,8.507918181818184,-1.3513199999999976,30,-1.5673637499999984,18.209827151806028,1.0074528481939744,-0.25152753279563383,-0.228208339393493,-0.20315022379751077
2020-07-16,19.40202222222222,20.859972222222222,9.068490909090908,-1.4579500000000003,29,-1.1797777777777796,18.37310274243626,1.0289194797859622,-0.1501395078781765,-0.1758311939785089,-0.19133925783440645
2020-07-17,18.638927777777777,20.042833333333334,8.853545454545454,-1.403905555555557,28,-2.7782833333333343,18.34629360544664,0.2926341723311374,-0.19398914377754617,-0.3944999344367354,-0.25113346938666203
2020-07-20,18.192366666666665,19.68506111111111,9.089567272727272,-1.4926944444444459,25,-1.397061111111114,18.325975133911736,-0.1336084672450717,-0.15522451007408775,-0.20753158484924394,-0.2868942982704152
2020-07-21,16.86951111111111,18.54029444444444,6.766272727272728,-1.6707833333333326,24,-3.2816444444444457,18.41837748522482,-1.548866374113711,-0.5922927434293399,-0.4637565063750798,-0.38789147522684614
2020-07-22,17.112333333333332,18.301405555555554,7.903754545454543,-1.1890722222222223,23,-2.1049466666666703,18.560516574650766,-1.4481832413174338,-0.3815908575089798,-0.3024807130007322,-0.37115432343120724
2020-07-27,18.32598888888889,19.14463333333333,9.596972727272728,-0.8186444444444412,18,-1.0760333333333314,17.965971880786906,0.360017008101984,-0.06729920309461565,-0.1613776074715289,-0.28137948976842736
2020-07-28,17.315672222222222,18.365877777777776,8.962572727272725,-1.0502055555555536,17,-1.323255555555555,17.585898745436108,-0.2702265232138856,-0.18965222327506717,-0.19413600129901015,-0.3595906904675375
2020-07-29,19.44662222222222,19.786294444444444,11.114427272727273,-0.33967222222222304,16,1.254255555555556,15.920524819484209,3.526097402738012,0.21149640017467222,0.15659071841793376,-0.2013133520395548
2020-07-30,17.564805555555555,18.833033333333333,10.550536363636361,-1.2682277777777777,15,0.6952944444444462,15.272534015991498,2.292271539564057,0.10136155165490997,0.07889075111990287,-0.34596988363326986
2020-07-31,21.447533333333332,21.84842777777778,10.539979090909092,-0.40089444444444666,14,4.3352,18.21442533339089,3.233107999942444,0.09630964523132222,0.5722803852455463,-0.05504316928443645
2020-08-03,19.399077777777777,19.769277777777777,11.477327272727273,-0.37020000000000053,11,1.0730888888888863,19.9689378363379,-0.5698600585601241,0.2708617554913255,0.12708323556317677,-0.21219694914655904
2020-08-04,16.911477777777776,17.98885,8.121472727272728,-1.0773722222222233,10,-0.4041944444444461,20.70778274871841,-3.7963049709406356,-0.36386274994399215,-0.07400938100995519,-0.4026823692428663
2020-08-05,17.370044444444446,18.16967777777778,7.904559090909093,-0.7996333333333325,9,-2.076577777777775,19.661477213728713,-2.291432769284267,-0.40521179039299066,-0.30004794444043736,-0.3694326156286902
2020-08-06,16.761044444444444,18.28038888888889,7.790954545454547,-1.519344444444446,8,-0.8037611111111111,19.65891627912624,-2.8978718346817978,-0.42755296694597217,-0.1252148244318331,-0.4172637125694763
2020-08-07,16.3353875,18.19741666666667,9.287945454545454,-1.8620291666666695,7,-5.112145833333333,19.51367758979317,-3.178290089793169,-0.1460618963103701,-0.7086754647826746,-0.450962420617743
2020-08-11,17.629516666666667,18.062377777777776,8.483054545454547,-0.4328611111111087,31,-1.7695611111111091,20.597866395061722,-2.9683497283950544,-0.3001344774229305,-0.2525813589573724,-0.35411212207617826
2020-08-12,17.841305555555557,17.999833333333335,8.02026909090909,-0.1585277777777776,30,0.9298277777777813,20.202495204375918,-2.3611896488203605,-0.3888659308276564,0.11544564069923732,-0.3395056861599653
2020-08-13,17.118761111111112,19.51091,8.834226262626263,-2.3921488888888867,29,-0.2512833333333333,19.667331766688818,-2.5485706555777057,-0.23655949167618276,-0.044907219342928496,-0.3957519590170196
2020-08-14,17.387622222222223,19.75457,8.779694545454545,-2.366947777777778,28,0.6265777777777792,19.328783543627388,-1.9411613214051648,-0.24900922222215394,0.07505508563694302,-0.3765288696958039
2020-08-17,18.478677777777776,20.30355,8.371614545454545,-1.8248722222222256,25,2.1432902777777763,18.862483642718768,-0.38380586494099234,-0.3290741183765908,0.2821842157846422,-0.29422615890251247
2020-08-18,17.81975,20.36208,7.760920454545452,-2.5423299999999998,24,0.1902333333333317,18.649848570210157,-0.8300985702101578,-0.4477062396285244,0.016472443518274756,-0.3458020918738499
2020-08-19,17.657744444444447,20.06725,7.766835454545454,-2.4095055555555547,23,-0.18356111111111062,18.604376916101874,-0.946632471657427,-0.44542308005105347,-0.0322179730175926,-0.358202177559948
2020-08-20,19.076788888888892,20.79025,9.642127272727272,-1.7134611111111084,22,1.9580277777777795,19.002773253621573,0.07401563526731891,-0.08957689583465697,0.26117402792956806,-0.25019203089795555
2020-08-21,18.2881,20.929775,9.034363636363636,-2.6416749999999993,21,0.9004777777777768,18.83437615173041,-0.5462761517304102,-0.20506199543468986,0.11961371572629331,-0.31000319301874746
2020-08-24,18.31106666666667,20.79391,8.540981818181816,-2.4828433333333315,18,-0.16761111111110694,18.725574140256224,-0.41450747358955553,-0.2982074865924662,-0.02448761250609608,-0.3080499554858485
2020-08-25,17.2997,20.57217,8.16240181818182,-3.2724699999999984,17,-0.5200499999999977,19.255646703619558,-1.9559467036195564,-0.3692106740180922,-0.07021386117041996,-0.384950250732392
2020-08-26,17.670966666666665,20.82007,9.930158181818182,-3.1491033333333363,16,0.01322222222221825,19.21180678872053,-1.540840122053865,-0.033862074185973666,0.0024120547340325065,-0.35682526955440563
2020-08-27,17.337322222222223,20.954810000000002,9.142748181818185,-3.6174877777777787,15,-1.7394666666666687,18.699610782560562,-1.3622885603383388,-0.1828158071846756,-0.23589412628355508,-0.38181027997007794
2020-08-28,21.887050000000002,22.206575,12.603636363636365,-0.3195249999999987,14,3.598950000000002,19.49197522260254,2.395074777397461,0.47235506819766365,0.490651390387297,-0.035954130959979146
2020-08-31,18.72287777777778,21.587125,9.380584545454546,-2.8642472222222217,11,0.4118111111111098,16.281276308716237,2.441601469061542,-0.14020274695602827,0.05483067031925311,-0.27746155844850084
2020-09-01,18.30468888888889,21.765787500000002,9.984236363636363,-3.4610986111111117,10,1.0049888888888887,14.688043846768192,3.616645042120698,-0.025587593967819133,0.13623380534791335,-0.3089078625610127
2020-09-02,17.06733888888889,22.01506,7.552722727272727,-4.9477211111111075,9,-0.6036277777777741,13.657805922141714,3.409532966747177,-0.4865611727127047,-0.08245978060275828,-0.40281969940683404
2020-09-03,16.798122222222222,22.305419999999998,8.810361111111114,-5.507297777777776,8,-0.539200000000001,13.842566123790897,2.955556098431325,-0.24769456397521944,-0.07475587108367669,-0.4235773866881817
2020-09-04,20.792266666666666,23.47452,12.668363636363633,-2.682253333333332,7,-1.0947833333333357,14.459600973455114,6.332665693211553,0.48237826255703653,-0.15059864501466738,-0.1200716683490692
2020-09-07,19.98018888888889,23.1911125,8.825581818181817,-3.2109236111111095,32,1.257311111111111,14.518650951730445,5.461537937158445,-0.2480632834699296,0.1685367280354538,-0.18351640407275246
2020-09-08,19.077872222222222,22.400570000000002,8.431563636363634,-3.3226977777777797,31,0.773183333333332,13.30547114066235,5.772401081559872,-0.32386417201397,0.09965018403814872,-0.253635620428094
2020-09-09,20.27294444444444,23.085250000000002,9.928054545454547,-2.812305555555561,30,3.2056055555555503,13.864482996440339,6.408461448004102,-0.039260852790807335,0.43124817105287233,-0.16248904917968554
2020-09-10,17.96572222222222,21.63149,7.207472727272727,-3.6657677777777806,29,1.1675999999999966,12.719448161725321,5.246274060496898,-0.5537866772396044,0.1524707322534652,-0.33898538839393505
2020-09-11,17.102794444444445,21.003094444444443,7.5597509090909085,-3.900299999999998,28,-3.6894722222222214,12.975572805972263,4.127221638472182,-0.485690899331806,-0.5094544409345061,-0.4049007702446924
2020-09-14,16.263195,20.524504999999998,6.241593939393939,-4.261309999999998,25,-3.71699388888889,12.74339332071158,3.5198016792884204,-0.7330525181941844,-0.50980555292769,-0.46851732280789776
2020-09-15,16.178445,20.52456,6.514711666666665,-4.346115000000001,24,-2.899427222222222,12.849064008210927,3.3293809917890727,-0.6793249838388158,-0.3959741189392737,-0.47499081074081523
2020-09-16,16.13083888888889,20.469133333333332,6.532217272727271,-4.338294444444443,23,-4.142105555555553,12.833202794892149,3.29763609399674,-0.6735405525360959,-0.5648086702108335,-0.4783167256472117
2020-09-17,16.97691,21.106164999999997,7.838976666666667,-4.129254999999997,22,-0.9888122222222187,12.512679757853244,4.464230242146757,-0.425283913178883,-0.13371498097829185,-0.41365528103160976
2020-09-18,15.905222222222221,20.581444444444443,6.329661818181821,-4.676222222222222,21,-1.1975722222222238,12.5128557483206,3.392366473901621,-0.7108056089750477,-0.16228118242341008,-0.49552464963357973
2020-09-23,16.46145,21.016727777777778,6.65686909090909,-4.555277777777778,16,0.19825499999999963,12.50339772262278,3.9580522773772184,-0.6473217762932783,0.026811082241139334,-0.45357126287394317
2020-09-24,18.11575,22.24483888888889,8.185763636363639,-4.129088888888891,15,1.9373049999999985,12.242338919904412,5.873411080095586,-0.3604203108560339,0.26224901437469866,-0.32860493245379496
2020-09-25,17.51688,22.214565,6.956727272727274,-4.697685,14,1.386041111111112,12.397202209298431,5.119677790701569,-0.5951217089746013,0.1843130045113611,-0.3758802277505352
2020-09-28,16.93123333333333,21.64967777777778,7.658586363636363,-4.718444444444447,11,-0.04567666666666881,13.188251263100225,3.742982070233106,-0.4646231245567164,-0.013477092532969425,-0.42207881061032093
2020-09-29,16.1391,21.074905,7.747826363636364,-4.935805000000002,10,0.23387777777777785,11.972673771721167,4.166426228278832,-0.44953549526379133,0.02365305005968927,-0.48351083798550004
2020-09-30,17.521125,21.725814999999997,8.299175000000002,-4.204689999999996,9,1.0596750000000021,12.748221421071893,4.7729035789281085,-0.3475849039639628,0.13552911133070825,-0.3789290962006706
2020-10-01,17.77940875,21.652895,7.314074999999999,-3.873486249999999,8,-0.3363412499999967,,,-0.5370358198381826,-0.05527397764828488,-0.3604938358156917
2020-10-02,21.26173888888889,22.84451111111111,13.195445454545453,-1.5827722222222214,7,3.7448588888888885,12.976163338977653,8.285575549911236,0.578175150400424,0.5014642582777215,-0.09554095735878253
2020-10-05,21.21096,21.9267,8.987521212121212,-0.7157400000000003,39,4.279726666666669,13.609554521073782,7.6014054789262175,-0.22751668013784618,0.5725725786056237,-0.10158183322333546
2020-10-06,19.567385,20.525765,8.330745454545454,-0.9583799999999982,38,3.4282850000000025,13.313676412193235,6.253708587806766,-0.35619673069972285,0.45414389004817224,-0.22964719287780178
2020-10-07,18.793039999999998,20.06281,7.962427272727272,-1.2697700000000012,37,1.2719149999999964,12.65861163679153,6.1344283632084675,-0.4302026228306045,0.15867397505109906,-0.29093944792304366
2020-10-08,18.16012222222222,19.357194444444445,7.392962727272728,-1.197072222222225,36,0.38071347222221874,12.87587725892263,5.2842449632995905,-0.5418311683678936,0.036885358799147526,-0.34099280076440264
2020-10-09,17.287599999999998,18.730033333333335,7.993601818181817,-1.4424333333333372,35,-3.9741388888888913,12.646072143266462,4.641527856733536,-0.4280654184657825,-0.5550949614090154,-0.4088151686756535
2020-10-12,16.5218,17.914769999999997,7.737906363636364,-1.3929699999999983,32,-4.689160000000001,12.017758365053695,4.504041634946304,-0.478714784210436,-0.6492986202962937,-0.4683247447353511
2020-10-13,15.983516666666667,17.333855555555555,7.562166666666666,-1.3503388888888885,31,-3.583868333333335,11.680074387904206,4.303442278762461,-0.5130002108718907,-0.4960208679018994,-0.5102806802547918
2020-10-14,16.142583333333334,17.52267777777778,8.085207272727274,-1.3800944444444454,30,-2.6504566666666634,11.422807218094201,4.719776115239133,-0.41305116318546503,-0.3659126024572197,-0.4979922661765881
2020-10-15,16.398699999999998,17.90103888888889,8.366172727272726,-1.502338888888893,29,-1.7614222222222224,11.350046160176966,5.048653839823032,-0.3625258968545405,-0.24296503341603906,-0.4785267923225238
2020-10-16,17.674916666666668,18.727272222222226,9.86446212121212,-1.0523555555555575,28,0.38731666666667053,11.334228051757137,6.340688614909531,-0.07578700409926635,0.04996169088341028,-0.38091654172890804
2020-10-19,17.030405000000002,18.040365,8.692236363636365,-1.0099599999999995,25,0.5086050000000029,12.007109596295528,5.0232954037044735,-0.30119031031038146,0.0685542776971803,-0.4297831230088491
2020-10-20,17.708545,18.390135,10.405389090909093,-0.6815899999999999,24,1.7250283333333343,11.855587803674682,5.852957196325319,0.02725244817903839,0.23555989026982313,-0.3773765751188132
2020-10-21,17.917266666666666,18.52713888888889,9.757009090909092,-0.6098722222222221,23,1.774683333333332,11.882762314504655,6.034504352162012,-0.09979438769925157,0.24156843177632412,-0.3617461959891601
2020-10-22,18.993883333333336,19.37298333333333,10.482536363636363,-0.379099999999994,22,2.5951833333333383,12.182531373503906,6.81135195982943,0.037404091402627376,0.3519246628878076,-0.28000226652211935
2020-10-23,18.57806111111111,18.938894444444443,10.706563636363637,-0.360833333333332,21,0.9031444444444432,11.416337191346535,7.161723919764576,0.07850546693805711,0.1209161910322002,-0.312814109184207
2020-10-26,18.909422222222222,18.94958888888889,11.174354545454548,-0.040166666666667794,18,1.8790172222222203,11.326902523892944,7.582519698329278,0.1663271873588587,0.25133928898282015,-0.2882560043919663
2020-10-27,19.62217777777778,19.227111111111114,11.6189,0.3950666666666649,17,1.913632777777778,10.315880590137565,9.306297187640213,0.24940540724066507,0.2536150799526451,-0.23465803592393075
2020-10-28,20.603395,19.785989999999998,12.186323484848483,0.8174050000000008,16,2.6861283333333326,10.351879733467868,10.251515266532131,0.3553109561369092,0.3560504541010276,-0.1611950486304328
2020-10-29,23.47267,21.829435,14.131471969696968,1.6432350000000007,15,4.4787866666666645,8.856664713012425,14.616005286987576,0.7260267487844702,0.5969848378619044,0.05744815535590663
2020-10-30,26.88854444444444,24.121983333333333,16.458809090909092,2.766561111111109,14,8.31048333333333,10.189687001900992,16.69885744254345,1.16728264660748,1.1112743431392833,0.3176410465513391
2020-11-02,26.594389999999997,22.725645,15.878232575757576,3.868744999999997,11,7.684967777777775,10.454383359380623,16.140006640619376,1.0468443597976533,1.0187629654155825,0.29112285338147315
2020-11-04,23.860084999999998,20.427284999999998,13.209947272727273,3.4328000000000003,9,4.237907222222219,11.970255484404738,11.88982951559526,0.5266504359555876,0.5467406572065533,0.0762794239835225
2020-11-05,17.21705,17.550338888888888,8.534197222222222,-0.3332888888888874,8,-3.3863449999999986,13.328432620927519,3.888617379072482,-0.3790409477131858,-0.48721435708688154,-0.4402960416182038
2020-11-06,17.312025,18.17175,9.021195454545456,-0.859725000000001,7,-6.160645000000002,13.293470409708123,4.018554590291876,-0.28770639548527877,-0.859625843726329,-0.43458932405623457
2020-11-09,17.609234999999998,17.92954,5.374408333333335,-0.32030500000000117,32,-9.279309444444443,14.937986528009391,2.671248471990607,-0.993537505692368,-1.2738851096289716,-0.4135936353160267
2020-11-10,18.92765,18.52869,4.755713333333336,0.39895999999999887,31,-7.666739999999997,14.815820773812288,4.111829226187712,-1.1108729525936984,-1.0500409578692615,-0.31339099594378245
2020-11-11,18.518115,18.109165,4.205324999999998,0.4089500000000008,30,-5.341969999999996,15.72045693302978,2.7976580669702216,-1.2135127492400268,-0.7334642019292484,-0.3474379622728835
2020-11-12,18.943935,18.21172,6.225404615384615,0.7322150000000001,29,1.7268849999999993,15.729141213771944,3.2147937862280553,-0.8221114497879778,0.2181281046003296,-0.316189005643015
2020-11-13,18.57243,18.52055,7.551970000000001,0.05188000000000059,28,1.2604050000000022,15.746935043634858,2.8254949563651426,-0.5709927266893216,0.15386424498072496,-0.34776614470087586
2020-11-16,19.83997,18.95078,4.509395833333333,0.8891899999999993,25,2.230735000000003,16.48003433936022,3.359935660639781,-1.1632990107978949,0.28241992393635273,-0.2521854696432685
2020-11-17,19.562804545454547,18.96387,5.539205555555558,0.5989345454545472,24,0.6351545454545473,16.32823440577632,3.234570139678226,-0.9648579342893862,0.0674157720830846,-0.27613100630832377
2020-11-18,19.213835,19.003410000000002,6.764707575757576,0.2104249999999972,23,0.6957199999999979,16.980873022405117,2.232961977594883,-0.7285385429824813,0.07559352892240298,-0.3055647514043617
2020-11-19,18.28766363636364,18.808108333333337,8.070411363636364,-0.5204446969696974,22,-0.6562713636363604,17.216038921030755,1.0716247153328844,-0.4780139225990873,-0.10653966602923458,-0.38017330362005086
2020-11-20,18.01571,18.92764,7.50120064102564,-0.9119300000000017,21,-0.5567200000000021,17.002770439876038,1.0129395601239608,-0.5903882588607375,-0.09203132445427259,-0.40339395679103507
2020-11-24,18.45187,18.41952,6.131834999999999,0.03235000000000099,17,-1.3881000000000014,18.455569672497063,-0.0036996724970634887,-0.8567533792151845,-0.2018602906792198,-0.3711468865940722
2020-11-25,20.52901,20.11175,5.024721666666668,0.41725999999999885,16,0.9662054545454524,18.307135207725253,2.221874792274747,-1.0718046039101101,0.11461398819939646,-0.21060202835194178
2020-11-26,18.947954545454543,19.50505,4.497727777777779,-0.5570954545454576,15,-0.2658804545454565,18.203853909107508,0.744100636347035,-1.171016042542627,-0.05108791158926666,-0.33695658787152355
2020-11-27,18.266668181818183,19.118850000000002,6.882868461538461,-0.852181818181819,14,-0.020995454545456482,17.91488130746595,0.3517868743522321,-0.7078643077034555,-0.017564011430340667,-0.3922702457502685
2020-11-30,19.93422,19.22987,6.021393589743589,0.7043500000000016,11,1.9185100000000013,18.294018053539784,1.6402019464602162,-0.8750457521077039,0.24268997309954346,-0.26328658154544604
2020-12-01,20.052881818181817,19.307931818181817,5.5275261538461535,0.7449499999999993,10,1.6010118181818171,16.55808919820266,3.494792619979158,-0.9694532750373761,0.19872874792918516,-0.2565932011501673
2020-12-02,19.08347,19.04431,5.67342153846154,0.03915999999999897,9,-1.4455400000000012,16.580334531844958,2.5031354681550404,-0.9402236201624543,-0.21083500283354442,-0.33550892667422616
2020-12-03,18.05677,18.512075,6.932736111111112,-0.4553049999999992,8,-0.8911845454545428,16.301128525318404,1.755641474681596,-0.6958216532250209,-0.13580832883844254,-0.4185350347257875
2020-12-04,16.73728181818182,17.350954545454545,6.682162307692309,-0.6136727272727249,7,-1.5293863636363625,16.015155076841967,0.7221267413398529,-0.7438859210960795,-0.22087130507624272,-0.5241204799456851
2020-12-07,17.65968,18.54582,5.5311196969696965,-0.8861399999999975,32,-2.2745399999999982,16.569677183074617,1.0900028169253844,-0.965225481454942,-0.3197596952845867,-0.45275728250893543
2020-12-08,17.286136363636363,18.49758,5.231688111888111,-1.2114436363636365,31,-2.766745454545454,15.544278103949557,1.741858259686806,-1.0215109439989558,-0.38409677707391354,-0.48403484094399035
2020-12-09,17.08274,18.4206,4.999086111111112,-1.3378599999999992,30,-2.0007299999999972,15.94073751114351,1.142002488856491,-1.0644266688959703,-0.27987212480923435,-0.5019489895251804
2020-12-10,16.998736363636365,18.21985,5.974397202797203,-1.2211136363636363,29,-1.0580336363636356,15.177246533448919,1.8214898301874456,-0.8765742069490842,-0.1529460610958833,-0.5105625568267604
2020-12-11,16.240313636363638,17.96194090909091,6.082216025641024,-1.7216272727272717,28,-0.4969681818181826,15.270656863442985,0.9696567729206524,-0.8550613047028778,-0.0778564192943656,-0.5723989708217296
2020-12-14,16.770422727272727,18.028472727272728,5.882907692307693,-1.2580500000000008,25,-0.8892572727272743,15.013938856686654,1.7564838705860737,-0.892671646433469,-0.13052438582768594,-0.5319395963721811
2020-12-15,16.414385,17.835704999999997,6.413644696969698,-1.421319999999998,24,-0.8717513636363634,13.524151777030818,2.890233222969181,-0.7908801052599549,-0.12782501316908473,-0.5617823980157323
2020-12-16,16.072904545454545,17.64705909090909,6.248181818181816,-1.5741545454545438,23,-1.0098354545454562,13.494884762829596,2.578019782624949,-0.8219907357062396,-0.14543114826733022,-0.5900543328715396
2020-12-17,15.207815,17.313615,5.788281666666666,-2.1057999999999986,22,-1.7909213636363646,12.663744963741705,2.5440700362582955,-0.9078323460527401,-0.24782592836362952,-0.6586985232127707
2020-12-18,14.575963636363637,17.313463636363636,6.296956643356642,-2.737499999999999,21,-1.6643500000000007,12.562264431619033,2.0136992047446043,-0.8088375874898784,-0.22893667649451774,-0.7090772634941538
2020-12-21,15.594409090909092,17.549954545454547,7.078006293706295,-1.9555454545454545,18,-1.1760136363636349,12.432052002045364,3.162357088863729,-0.6599265411824238,-0.1616991815542581,-0.6284250753416517
2020-12-22,18.258965,19.10613,10.006553846153846,-0.8471650000000004,17,1.8445800000000006,10.059432593629575,8.199532406370425,-0.09625553190717293,0.24448225531636253,-0.4176983297306325
2020-12-23,16.85555909090909,18.546799999999998,7.97316923076923,-1.691240909090908,16,0.7826545454545446,9.977864672292442,6.877694418616647,-0.4911062832767701,0.10141292428692773,-0.5307738039489555
2020-12-24,14.748895,17.803975,7.211241666666666,-3.055080000000002,15,-0.4589200000000009,9.631542988635692,5.117352011364307,-0.6392415502972069,-0.06642868513924897,-0.6992240417295331
2020-12-25,14.289854545454546,17.657672727272725,7.073592307692307,-3.36781818181818,14,-0.28610909090909153,9.52828690304403,4.761567642410515,-0.6667939573937134,-0.04321916385890332,-0.7359455050499675
2020-12-28,15.687018181818182,17.443018181818182,6.45377902097902,-1.7560000000000002,11,0.09260909090908953,9.379155151658383,6.307863030159799,-0.7870219497695128,0.006927728943971316,-0.6256609863615004
2020-12-29,16.774486363636363,17.92046818181818,6.970054807692307,-1.1459818181818164,10,-1.4844786363636366,12.3306415229381,4.443844840698263,-0.6887305315751879,-0.20569844128405232,-0.5409061079944558
2020-12-30,15.9235,18.103686363636363,8.427464335664336,-2.1801863636363628,9,-0.9320590909090889,12.50791255169166,3.41558744830834,-0.4093491459060883,-0.13257375735657229,-0.6112790441193398
2021-01-04,18.83831818181818,19.304731818181818,5.7694629370629364,-0.46641363636363664,39,4.089423181818182,12.823994693932681,6.0143234878855,-0.9260363405012998,0.540215968750848,-0.3806498257340181
2021-01-05,19.050136363636362,19.311913636363634,7.687173717948717,-0.26177727272727225,38,4.7602818181818165,12.881274335352606,6.1688620282837565,-0.5563047982430716,0.6261527453603402,-0.366790307673022
2021-01-06,18.835185000000003,19.401795,6.92984551282051,-0.5666099999999972,37,3.1481668181818208,12.617503043666876,6.217681956333127,-0.7059205547511369,0.4066050283469205,-0.38701550931303813
2021-01-07,17.77855909090909,18.670877272727274,6.785584285714286,-0.8923181818181831,36,1.0040727272727281,13.581178271722496,4.197380819186595,-0.7364015206593417,0.11740392137981327,-0.47464069917621815
2021-01-08,18.751199999999997,19.359604545454545,5.354800000000001,-0.6084045454545475,35,2.8276999999999965,15.094467861391797,3.6567321386082003,-1.0163752004284314,0.36161099994765367,-0.399076685424324
2021-01-12,18.889545454545456,19.382395454545453,4.684292857142857,-0.4928499999999971,31,0.05122727272727445,15.004535615266715,3.885009839278741,-1.1461214109649105,-0.01221388134785035,-0.3910156629808006
2021-01-13,18.183879166666664,19.0288875,4.857750000000003,-0.845008333333336,30,-0.8662571969696984,15.042153546171647,3.1417256204950164,-1.112219077833936,-0.1349912891260498,-0.45088921069791155
2021-01-14,19.359183333333334,20.1379875,3.9281000000000006,-0.7788041666666672,29,0.5239983333333313,15.15320130972797,4.2059820236053636,-1.292917456615472,0.05197316716966013,-0.3586887586585336
2021-01-15,19.271754545454545,19.961081818181817,6.911697619047619,-0.6893272727272723,28,1.4931954545454538,15.447545346614126,3.8242091988404194,-0.7138588582950697,0.18234082509615898,-0.3681831292064235
2021-01-18,20.261195454545454,20.72518636363636,8.108202197802196,-0.46399090909090646,25,1.5099954545454572,16.1315950979447,4.129600356600754,-0.4810937346073038,0.185757069725988,-0.28963901548830856
2021-01-19,19.895472727272725,20.388345454545455,6.045118181818182,-0.49287272727272935,24,1.00592727272727,16.59536293462516,3.3001097926475644,-0.8839518362740568,0.11880054776307598,-0.3216490883917812
2021-01-20,19.621045454545452,20.250163636363638,7.055573809523807,-0.6291181818181855,23,1.4371662878787888,16.702022533057495,2.919022921487958,-0.6862403242702478,0.17825116713034214,-0.3455580313116343
2021-01-21,18.00677727272727,19.234654545454546,5.336302797202798,-1.2278772727272766,22,-1.3524060606060644,16.680479136021532,1.3262981367057378,-1.0207229217265126,-0.195884088719047,-0.4789342715769205
2021-01-22,17.51036818181818,18.92739090909091,6.280889510489512,-1.4170227272727303,21,-1.7613863636363654,16.126275233610887,1.384092948207293,-0.8366269219530519,-0.2499674756263826,-0.5212764760820902
2021-01-25,17.107216666666666,18.397291666666668,6.769963636363634,-1.2900750000000016,18,-3.1539787878787884,16.151261643635646,0.9559550230310201,-0.7427735062813887,-0.437059252432451,-0.5560818930395297
2021-01-26,18.8260625,19.51470833333333,8.704227380952382,-0.6886458333333323,17,-1.0694102272727264,16.862502089615813,1.9635604103841864,-0.3673157977202205,-0.15626324354203783,-0.41810575716220816
2021-01-27,17.71273181818182,19.109213636363634,8.27721188811189,-1.3964818181818153,16,-1.9083136363636335,16.802167427444314,0.9105643907375054,-0.45326601845561487,-0.2697621986428309,-0.5113943977810564
2021-01-28,22.499254166666667,22.345458333333333,13.841827472527473,0.15379583333333358,15,4.492476893939397,18.021336933647266,4.477917233019401,0.6318009376980324,0.5885239399036399,-0.12333695544308076
2021-01-29,24.230377272727274,23.726736363636363,13.769884615384619,0.5036409090909117,14,6.720009090909095,17.251756150687108,6.978621122040167,0.6123062972137895,0.8826952012867958,0.014655683572150876
2021-02-01,21.059995454545458,21.14459090909091,10.967842307692308,-0.08459545454545037,11,3.952778787878792,17.961707401048177,3.0982880534972814,0.05933280380714573,0.5084662065332073,-0.24892706570696294
2021-02-02,19.20029090909091,19.481686363636364,9.48066153846154,-0.28139545454545356,10,0.37422840909091093,17.941281796900558,1.259009112190352,-0.23452523825647725,0.027125992812763688,-0.40494775904601465
2021-02-03,16.641177272727273,17.93660909090909,7.2856940476190495,-1.295431818181818,9,-1.0715545454545463,18.02465395105452,-1.3834766783272485,-0.6645007160208848,-0.16611127549305296,-0.6175088036731963
2021-02-04,17.079986363636365,18.62078181818182,9.06615384615385,-1.540795454545453,8,-5.419267803030301,18.512204647281962,-1.4322182836455966,-0.31565210928528137,-0.74584551848741,-0.5833708302156316
2021-02-05,16.291386363636363,18.039727272727273,4.733491558441557,-1.74834090909091,7,-7.938990909090911,18.453856285131184,-2.1624699214948215,-1.1587127588938837,-1.0753154551597164,-0.6476579161630396
2021-02-08,18.88937272727273,19.76774090909091,5.286834920634924,-0.8783681818181819,32,-2.170622727272729,18.110161746277537,0.7792109809951917,-1.0440426926950175,-0.298434978884868,-0.4334665728792754
2021-02-09,18.688104545454543,19.85727272727273,5.579197142857144,-1.1691681818181863,31,-0.512186363636367,18.114548028188082,0.5735565172664607,-0.9823240982647968,-0.07363408818545827,-0.4511497871179789
2021-02-10,18.578216666666666,20.03921666666667,7.457466666666665,-1.461000000000002,30,1.9370393939393935,17.86644302106607,0.7117736456005979,-0.6126837697192673,0.25682546671226253,-0.46038105069607804
2021-02-12,18.666625,20.713741666666667,7.5434584415584425,-2.0471166666666676,28,1.5866386363636344,17.730332456367737,0.9362925436322627,-0.5928464906030668,0.21111906250735626,-0.45389481362789186
2021-02-15,19.302487499999998,20.738366666666664,5.159802222222222,-1.4358791666666662,25,3.011101136363635,18.521520060843454,0.7809674391565444,-1.0507698722473924,0.401391259255043,-0.4013484948001659
2021-02-16,21.171970833333333,21.862341666666666,4.765801587301588,-0.6903708333333327,24,2.282598106060604,18.233995429459455,2.937975403873878,-1.1219986405452667,0.3017765006103393,-0.24828362698448356
2021-02-17,19.635025,21.646966666666664,4.6731798701298715,-2.011941666666665,23,0.9469204545454559,18.136302218725458,1.498722781274541,-1.1349451079045823,0.12172128028978724,-0.37689079758607924
2021-02-18,18.948229166666664,21.34,6.296848333333333,-2.391770833333336,22,0.37001249999999786,18.052335182587733,0.8958939840789313,-0.8172791896953752,0.043163296096726374,-0.43469890213971546
2021-02-19,19.364741666666667,21.400133333333333,8.274330769230769,-2.0353916666666656,21,0.6981166666666674,18.28540747398489,1.0793341926817774,-0.43467079757391053,0.08587624511255082,-0.4020774912050041
2021-02-22,20.4073,21.918783333333334,8.6978,-1.5114833333333344,18,1.1048125000000013,18.13791496709433,2.269385032905671,-0.3530383044155939,0.13793155173273847,-0.31760655022222073
2021-02-24,21.877345833333333,22.289225000000002,11.875528571428571,-0.4118791666666688,16,0.7053750000000001,19.239402600053875,2.637943233279458,0.258669502946061,0.08223374970826215,-0.19853837924744874
2021-02-25,19.43725,21.118133333333333,8.356411688311688,-1.680883333333334,15,-0.19777500000000003,19.486870482514647,-0.04962048251464779,-0.4232057174075566,-0.04024628623471117,-0.4035720947312513
2021-02-26,26.620979166666665,23.723533333333336,7.183478571428573,2.897445833333329,14,7.672750000000001,24.843244875652765,1.7777342910138998,-0.6485124826305448,1.0109030464063,0.18983112537482263
2021-03-01,22.60012916666667,21.829816666666666,12.17902857142857,0.7703125000000028,11,3.2353875000000016,25.389639241456614,-2.789510074789945,0.31552292223941225,0.41286174756065447,-0.1480926369458336
2021-03-02,21.235279166666665,21.618808333333334,10.06655,-0.38352916666666914,10,0.8279791666666654,24.459880693683463,-3.224601527016798,-0.09479816206422778,0.0895893145311079,-0.26391139054923984
2021-03-03,19.242987499999998,20.3154,9.039659999999998,-1.0724125000000022,9,-2.634358333333335,24.04466137640394,-4.801673876403942,-0.2941566026408717,-0.3728418019286806,-0.43179208186014745
2021-03-04,23.464325000000002,21.87485,10.001042857142856,1.5894750000000037,8,4.0270750000000035,25.335148563215625,-1.8708235632156232,-0.10910628386559325,0.5192470470755824,-0.08209334589428868
2021-03-05,23.333122727272727,21.48005,12.691114285714288,1.8530727272727283,7,-3.287856439393938,25.131383934577183,-1.7982612073044564,0.41066840792217907,-0.458506164741423,-0.09541270160648228
2021-03-08,22.365631818181818,21.679009999999998,8.071028021978023,0.6866218181818198,32,-0.23449734848485093,24.856540953922295,-2.490909135740477,-0.4817437976052641,-0.043755731306891726,-0.17584842606148843
2021-03-09,21.3632375,21.197725,7.004123076923079,0.16551250000000195,31,0.12795833333333562,24.504376948089224,-3.1411394480892234,-0.6821351669722655,0.010941307236477755,-0.2578589489445085
2021-03-10,21.056183333333333,20.882783333333336,7.120142857142856,0.17339999999999733,30,1.8131958333333351,23.27632854852153,-2.2201452151881966,-0.6534384615930021,0.2488938325667326,-0.28017628257404853
2021-03-11,20.3057,20.543683333333334,5.639885714285711,-0.23798333333333233,29,-3.1586250000000007,23.34025733178194,-3.03455733178194,-0.9419961803290219,-0.42607728735456685,-0.3367389114111195
2021-03-12,19.231358333333333,19.773825000000002,5.153294871794873,-0.5424666666666695,28,-4.101764393939394,24.164126526496307,-4.932768193162975,-1.0560912749859006,-0.5592312979552903,-0.42104335220277317
2021-03-15,19.265,19.9275875,6.489162637362636,-0.6625875000000008,25,-3.1006318181818173,24.160069502326092,-4.895069502326091,-0.7870251413902041,-0.4065371259469609,-0.4122981073355618
2021-03-16,18.331066666666665,19.69515833333333,6.325392857142855,-1.364091666666667,24,-3.0321708333333355,23.23772743902783,-4.906660772361164,-0.8170515895528792,-0.3906415196392304,-0.4864986770093861
2021-03-17,18.098370833333334,19.448504166666666,6.955820329670331,-1.350133333333332,23,-2.9578124999999993,22.730466006615615,-4.632095173282281,-0.6757081432087473,-0.3800089654674444,-0.502793444899407
2021-03-18,17.22593333333333,18.907912500000002,6.822618787878785,-1.6819791666666717,22,-3.0797666666666714,22.975020121957485,-5.749086788624155,-0.699791888060776,-0.4010622507170817,-0.5713340091463855
2021-03-19,18.495633333333334,19.638983333333336,8.966035714285717,-1.1433500000000016,21,-0.7357249999999986,23.506581350165437,-5.010948016832103,-0.22496910769808812,-0.051419085007533,-0.45671257044398295
2021-03-22,20.564495833333332,20.770633333333333,9.480421428571429,-0.20613750000000053,18,1.2994958333333315,24.493354306693664,-3.9288584733603322,-0.10562288318494598,0.2507967282266403,-0.27296178155274003
2021-03-23,20.498763636363634,20.25638181818182,9.987042857142857,0.2423818181818156,17,2.1676969696969692,24.439623983050563,-3.9408603466869288,0.011312831301997409,0.387414717225202,-0.2716713053698549
2021-03-24,22.6657,21.23785909090909,11.045453296703297,1.4278409090909108,16,4.567329166666667,24.824334299465995,-2.1586342994659944,0.253841528239675,0.7899908805579143,-0.0725440589994828
2021-03-25,19.697463636363636,19.768513636363636,8.25232857142857,-0.07104999999999961,15,2.471530303030306,24.363843645106392,-4.666380008742756,-0.36493356617388223,0.5103754006928372,-0.3289803990644643
2021-03-26,18.103995833333332,19.103495833333334,6.018078571428571,-0.9995000000000012,14,-0.39163750000000164,20.52585308185545,-2.421857248522116,-0.8712258814841579,0.06639198715207717,-0.47839586415021434
2021-03-29,21.303481818181815,19.436004545454544,11.1614,1.867477272727271,11,0.7389859848484832,18.779152464840536,2.5243293533412796,0.3186158834963524,0.29827137543484933,-0.1563957841146928
2021-03-30,19.323125,18.89465416666667,8.88336,0.428470833333332,10,-1.175638636363633,18.538828189251177,0.784296810748824,-0.20205851484249782,-0.03875477144354027,-0.35287986725464987
2021-03-31,18.962941666666666,18.931570833333332,8.820178571428574,0.03137083333333379,9,-3.7027583333333354,18.683166142661474,0.279775524005192,-0.21358897215802852,-0.5259462055424493,-0.393049498729109
2021-04-01,17.08516363636364,18.30204090909091,8.327849999999998,-1.2168772727272703,8,-2.6122999999999976,17.146358351473026,-0.06119471510938723,-0.3232607995309748,-0.3104392579569406,-0.6149924020068386
2021-04-02,16.518568939393937,18.215070833333332,8.492064615384617,-1.696501893939395,7,-1.5854268939393954,17.89186354181242,-1.3732946024184827,-0.28914889630032403,-0.13300978322190388,-0.6826576718854089
2021-04-05,17.44945416666667,18.3070125,5.339163333333332,-0.8575583333333299,39,-3.854027651515146,17.877203653688518,-0.427749487021849,-1.0264553525829512,-0.6407208285362076,-0.566356361780913
2021-04-06,17.383583333333334,18.455633333333335,5.496662564102564,-1.0720500000000008,38,-1.939541666666667,18.440201858449594,-1.05661852511626,-0.9923435770956651,-0.23225035681078032,-0.5835956271736183
2021-04-07,16.660129166666664,17.804716666666664,5.825920329670328,-1.1445875,37,-2.3028125000000017,18.437522989479437,-1.7773938228127726,-0.913392926880247,-0.3355068906101392,-0.6894044220027316
2021-04-08,15.957025000000002,17.210675000000002,5.945296923076922,-1.2536500000000004,36,-1.1281386363636372,18.358448676415172,-2.4014236764151704,-0.9286554458017315,-0.07114576455955333,-0.821946686873711
2021-04-09,15.566133333333333,16.759566666666665,5.6588010989010975,-1.1934333333333313,35,-0.9524356060606038,17.328619005321634,-1.7624856719883013,-1.0106721806644035,-0.02503991799338125,-0.9120781275855036
2021-04-12,15.518308333333334,16.63887916666667,5.967892857142857,-1.1205708333333355,32,-1.9311458333333356,17.535043766488435,-2.0167354331551017,-0.9597235171657428,-0.2402997505925283,-0.9576812068257025
2021-04-13,14.543227272727272,15.933186363636363,5.727375274725276,-1.389959090909091,31,-2.8403560606060623,17.63402453102511,-3.0907972582978367,-1.021918852578691,-0.45118027984554315,-1.1868693505758208
2021-04-14,14.541881818181817,15.992581818181819,6.298678571428571,-1.4507000000000012,30,-2.1182473484848465,17.69434304450818,-3.1524612263263627,-0.8602479688978961,-0.2893864682557952,-1.2464204554670515
2021-04-15,14.7003625,16.21785,7.052535714285714,-1.5174874999999979,29,-1.256662500000001,17.261099933956576,-2.560737433956575,-0.6315788386958242,-0.12509925207543843,-1.2230100132381787
2021-04-16,15.018629166666667,16.417608333333334,6.722807142857141,-1.3989791666666669,28,-0.5475041666666662,16.552111250031082,-1.5334820833644152,-0.7279143438128655,0.031097951204735595,-1.1646679675988805
2021-04-19,15.122808333333333,16.285016666666664,7.564835714285714,-1.1622083333333304,25,-0.3955000000000002,14.621920754155344,0.5008875791779897,-0.4736631744864392,0.05266824158729938,-1.1485435498692307
2021-04-20,17.032441666666667,17.6972875,7.388714285714286,-0.6648458333333345,24,2.4892143939393954,16.225748175326057,0.8066934913406101,-0.5236012629433315,0.8656723975282707,-0.7405823564892853
2021-04-21,19.03191818181818,19.285595454545454,8.049540559440558,-0.25367727272727336,23,4.490036363636364,16.221601098214713,2.8103170836034685,-0.309876338208477,1.4804086176006264,-0.2945924040404945
2021-04-22,16.223266666666667,17.050320833333334,7.552385714285716,-0.8270541666666666,22,1.5229041666666667,17.83491708077011,-1.611650414103444,-0.46201866593423135,0.5834850067979861,-0.9364033653837479
2021-04-23,16.599595454545454,17.544777272727273,8.368202747252749,-0.945181818181819,21,1.5809662878787876,17.098563419407892,-0.49896796486243744,-0.19407801881113368,0.5949462419341988,-0.8467584616457983
2021-04-26,16.735540909090908,17.275536363636363,7.688864285714287,-0.5399954545454548,18,1.6127325757575743,16.944117019115577,-0.20857611002466925,-0.40722746549683236,0.5985313945226327,-0.811734366246425
2021-04-27,16.244913636363638,17.05497727272727,7.12245164835165,-0.8100636363636333,17,-0.7875280303030294,16.987894995906654,-0.7429813595430161,-0.5847302260726852,-0.1324899967039459,-0.931858975325208
2021-04-28,15.625458333333334,16.835725,7.269185714285715,-1.2102666666666657,16,-3.4064598484848467,16.751955782762053,-1.1264974494287188,-0.5318947274498325,-0.9308121353902302,-1.0828951613383093
2021-04-30,15.845120833333333,17.077779166666666,7.478147802197801,-1.2326583333333332,14,-0.37814583333333474,16.749699662536997,-0.9045788292036647,-0.45621852984609873,-0.0165161942847055,-1.0301071392738037
2021-05-06,15.578079166666667,16.773445833333334,6.974707142857142,-1.1953666666666667,8,-1.0215162878787876,17.04727911775115,-1.469199951084482,-0.6194694359248148,-0.20827791408487578,-1.1124842649155164
2021-05-07,14.220208333333334,15.929087500000001,4.76455,-1.7088791666666676,7,-2.515332575757574,16.751078547449545,-2.530870214116211,-1.3892774975462734,-0.6612566355161111,-1.4988772291792631
2021-05-10,15.606329166666665,16.3608875,6.398021978021978,-0.7545583333333354,32,-0.6385844696969727,16.292247273667755,-0.6859181070010898,-0.8145915894958362,-0.0832205239462854,-1.12854798076418
2021-05-11,19.14076818181818,18.839418181818182,7.85690705128205,0.30134999999999934,31,3.515309848484847,19.63828523622887,-0.4975170544106895,-0.29096976144153824,1.194757632029525,-0.14092551258924424
2021-05-12,22.030772727272726,21.09536818181818,9.78492692307692,0.9354045454545457,30,6.185651893939394,20.275413682086146,1.7553590451865801,0.4199570513780316,1.9958582696159632,0.6924437006661245
2021-05-13,24.057318181818182,21.37796,9.26649903846154,2.6793581818181806,29,8.479239015151515,21.684810516503735,2.3725076653144477,0.238758923278195,2.6887036716397077,1.279716925371192
2021-05-14,20.370004545454545,19.936175,9.7301,0.43382954545454666,28,6.1497962121212115,23.637945084716648,-3.267940539262103,0.4151505917641737,2.0087700301350955,0.22261077608197122
2021-05-17,22.67116818181818,20.652191666666667,10.555400000000002,2.0189765151515147,25,7.064839015151517,23.46334806168278,-0.792179879864598,0.7611613589337697,2.2673151764756843,0.9178592721379537
2021-05-18,20.89061363636364,19.721075,9.885135164835166,1.1695386363636402,24,1.7498454545454578,24.958181466182033,-4.067567829818394,0.508872417585987,0.5868385295933278,0.4076082864665646
2021-05-19,22.67795909090909,20.865090000000002,11.95475384615385,1.8128690909090892,23,0.6471863636363651,25.21801679616719,-2.5400577052581,1.305877744253974,0.2352100202671176,0.951134291051581
2021-05-20,22.009304545454548,20.3274,11.253407142857142,1.6819045454545467,22,-2.0480136363636348,25.230634480930718,-3.22132993547617,1.0321009352321462,-0.6171195298028935,0.7532247393563862
2021-05-21,20.340808333333335,19.661883333333336,10.535235714285715,0.6789249999999996,21,-0.029196212121210152,25.492025314971155,-5.15121698163782,0.7621621143928207,0.02275022945631463,0.25567294335164026
2021-05-24,20.435131818181816,19.613458333333334,10.916125824175825,0.8216734848484819,18,-2.236036363636366,24.65901075349342,-4.223878935311603,0.9100040454895804,-0.688058623222852,0.2906043876605641
2021-05-25,18.605208333333334,18.673283333333334,9.147264285714286,-0.06807500000000033,17,-2.2854053030303056,23.712367608318957,-5.107159274985623,0.24570544972425984,-0.7007599901743067,-0.2576452880115491
2021-05-26,17.969554545454542,18.52648333333333,9.638103846153843,-0.556928787878789,16,-4.708404545454549,22.081074359521754,-4.111519814067211,0.45321894703822024,-1.4602859047798094,-0.44737438143626673
2021-05-27,17.084316666666666,18.1125,9.188078571428573,-1.0281833333333346,15,-4.924987878787881,22.026604470408845,-4.942287803742179,0.28120767438624544,-1.514758583807274,-0.7175859490648153
2021-05-28,16.51335,17.802416666666666,8.393292857142857,-1.2890666666666668,14,-3.827458333333336,23.29480551956181,-6.78145551956181,-0.03509613105004119,-1.1590385698154833,-0.8900358921018788
2021-05-31,18.018004545454545,18.051458333333333,7.03277912087912,-0.03345378787878772,11,-2.417127272727271,23.513351256650818,-5.495346711196273,-0.5780142605695961,-0.7121936314334939,-0.4107548790425754
2021-06-01,18.18188333333333,18.090025,8.52812857142857,0.09185833333333093,10,-0.42332500000000195,23.50079518546167,-5.318911852128338,0.030185568995906725,-0.08968204048948371,-0.353867606469427
2021-06-02,18.45055,18.425783333333335,7.5218428571428575,0.024766666666664605,9,0.48099545454545733,23.369526169717453,-4.918976169717453,-0.3706412662027409,0.1928812342600781,-0.26312547101340605
2021-06-03,17.685129166666666,18.177991666666667,6.121642857142856,-0.4928625000000011,8,0.6008125,22.482055573262574,-4.796926406595908,-0.9382980153603915,0.22683301526925423,-0.5009246087990995
2021-06-04,17.893541666666668,18.793441666666666,7.316285714285716,-0.8998999999999988,7,1.3801916666666685,22.510157468202955,-4.6166158015362875,-0.44269032540971426,0.4700551583515308,-0.4303797731063535
2021-06-07,17.603436363636362,18.330289999999998,6.012016483516483,-0.7268536363636358,32,-0.4145681818181828,22.43082209247919,-4.8273857288428275,-0.9721936415109403,-0.10420679977572032,-0.5185585236101845
2021-06-08,17.377958333333332,18.441741666666665,5.188099999999999,-1.0637833333333333,31,-0.8039249999999996,19.35390850521727,-1.9759501718839374,-1.3031959009779168,-0.22777206938016717,-0.5847271495358266
2021-06-09,16.75082727272727,18.024933333333333,6.68669120879121,-1.2741060606060621,30,-1.6997227272727287,18.38721139233352,-1.636384119606248,-0.6834468102674884,-0.5134605276221272,-0.7784750847444217
2021-06-10,16.847579166666666,18.03865,7.2769642857142856,-1.1910708333333346,29,-0.8375500000000002,15.515565559783855,1.3320136068828106,-0.43870296398644676,-0.23614996219374057,-0.7411775626840892
2021-06-11,15.12055,17.095508333333335,6.937042857142856,-1.9749583333333351,28,-2.772991666666668,13.564457553042578,1.5560924469574218,-0.5742075067995717,-0.8470682342351086,-1.2844716529471425
2021-06-14,14.4569125,16.579791666666665,6.8142664835164855,-2.1228791666666655,25,-3.1465238636363626,13.083254154523994,1.3736583454760058,-0.6240164099309595,-0.9585209050650997,-1.4861501658614762
2021-06-15,14.5535,16.373508333333334,6.787621666666666,-1.820008333333334,24,-2.8244583333333324,11.5118896590816,3.0416103409183997,-0.6305897916128539,-0.8501948820369466,-1.443364529126803
2021-06-16,15.072770833333333,16.520408333333336,8.09634642857143,-1.4476375000000026,23,-1.678056439393938,10.491679292062484,4.581091541270849,-0.09475821423128021,-0.4835830658505702,-1.2661463614823358
2021-06-17,15.830404545454545,16.95238181818182,8.438023076923079,-1.1219772727272748,22,-1.0171746212121207,11.262707850575747,4.567696694878798,0.04656326212831774,-0.275523130556264,-1.0157666880182956
2021-06-18,15.552654166666667,16.80735,8.548242857142856,-1.254695833333333,21,0.43210416666666696,11.080796882967936,4.47185728369873,0.09195126436712608,0.1835924023297727,-1.0957708635305032
2021-06-21,22.63220909090909,20.01295,10.712576923076924,2.6192590909090896,18,8.17529659090909,16.530595280875783,6.101613810033307,0.9814316351209224,2.606843622853301,1.1622407417427796
2021-06-22,17.715331818181816,17.619086363636363,10.073842857142857,0.09624545454545341,17,3.161831818181817,19.812614988199122,-2.097283170017306,0.724874679430814,1.0241480410755084,-0.3995183040222982
2021-06-23,16.05148181818182,17.107750000000003,8.859599999999999,-1.056268181818183,16,0.9787109848484867,19.79226325307874,-3.7407814348969204,0.2402755103123124,0.3483872774607891,-0.9337218569870485
2021-06-24,15.172268181818183,16.73910909090909,8.672821428571428,-1.5668409090909066,15,-0.6581363636363626,19.745974779102127,-4.573706597283945,0.18243971135699588,-0.15932545375761897,-1.266268589728613
2021-06-25,14.564612499999999,16.4341375,8.069457692307692,-1.8695249999999994,14,-0.9880416666666676,18.41241435036248,-3.8478018503624796,-0.06766913042380354,-0.26069039766588814,-1.4909142159801876
2021-06-28,14.313204166666667,16.001445833333335,7.494263186813189,-1.6882416666666682,11,-8.319004924242423,18.045657923740237,-3.7324537570735696,-0.3163752583833547,-2.7051820474261703,-1.597140246369837
2021-06-29,14.453254166666667,16.2956875,7.863042857142858,-1.8424333333333323,10,-3.262077651515149,18.285882814015007,-3.83262864734834,-0.14369813734105327,-0.9972177740538645,-1.567487219494297
2021-06-30,14.088308333333334,15.8944125,6.453585714285715,-1.8061041666666657,9,-1.963173484848486,18.206921484126077,-4.1186131507927435,-0.7706710085505917,-0.5585883068670635,-1.7046052303411698
2021-07-01,14.394312500000002,16.20180416666667,7.892692857142855,-1.8074916666666674,8,-0.777955681818181,18.162351963682024,-3.7680394636820225,-0.11186226430081304,-0.17079172726495606,-1.5955543857710857
2021-07-02,14.055924999999998,15.8213,6.658814285714286,-1.7653750000000024,7,-0.5086875000000006,18.15050246131799,-4.094577461317993,-0.6727940088038868,-0.0843293306275132,-1.7198927328435778
2021-07-05,14.985445454545456,16.182831818181818,7.2123785714285695,-1.1973863636363618,39,0.6722412878787889,18.242517359611387,-3.2570719050659314,-0.4119125429332852,0.31533025481223614,-1.3533658778983686
2021-07-06,14.872531818181818,16.204627272727272,7.004350549450548,-1.3320954545454544,38,0.4192776515151504,18.254443396040397,-3.3819115778585793,-0.5020022298119977,0.22320897291586184,-1.4014537905904825
2021-07-07,16.302231818181816,17.3827,7.544653846153846,-1.0804681818181834,37,2.2139234848484826,18.516266882646967,-2.2140350644651505,-0.2430843181369549,0.8394881185718488,-0.832490847377762
2021-07-08,17.395154545454545,18.19122727272727,7.582392857142855,-0.7960727272727262,36,3.0008420454545437,18.651020632005867,-1.2558660865513218,-0.21822562452295444,1.1115322363830373,-0.3949713912017875
2021-07-09,18.2755375,18.8870625,4.842295512820513,-0.6115250000000003,35,4.2196125,18.724033088850806,-0.44849558885080754,-1.5088264237396642,1.522366026081277,-0.018110971045431256
2021-07-12,15.656208333333332,16.718,7.970628571428573,-1.061791666666668,32,0.6707628787878761,20.362880516468664,-4.706672183135332,-0.011469702727753984,0.2965169868498427,-1.1210711432568825
2021-07-13,14.917736363636363,16.151136363636365,8.30927857142857,-1.2334000000000014,31,0.04520454545454555,20.12150482640266,-5.203768462766297,0.1541106331887663,0.07616623058943012,-1.4289856222873942
2021-07-14,15.368990909090911,16.590590909090906,9.103713186813188,-1.2215999999999951,30,-0.9332409090909053,20.09376952672037,-4.7247786176294575,0.5346987661450406,-0.268269551845891,-1.2255516268957063
2021-07-15,16.50868181818182,17.28549090909091,9.090012637362635,-0.7768090909090901,29,-0.8864727272727251,20.22908347464789,-3.72040165646607,0.5260129286729447,-0.27177187961981525,-0.7328282335308661
2021-07-16,17.017181818181818,17.458927272727273,9.360163736263736,-0.44174545454545466,28,-1.2583556818181805,20.454249385260027,-3.437067567078209,0.6532344469878673,-0.41331547993233186,-0.5107529175977648
2021-07-19,19.126027272727274,19.051336363636363,8.968522377622378,0.07469090909091136,25,3.4698189393939423,17.243690384662766,1.8823368880645077,0.463498373644522,1.27336515250612,0.3947124556066983
2021-07-20,19.847386363636364,19.7797,8.561958571428573,0.0676863636363656,24,4.9296500000000005,12.921390418464796,6.925995945171568,0.26636568772697766,1.7779511570914972,0.7058564351459542
2021-07-21,19.543195454545454,19.50242272727273,9.339864335664334,0.040772727272724296,23,4.174204545454543,13.248405845083589,6.294789609461866,0.6375252780822693,1.49965340282476,0.5803700582870844
2021-07-26,18.51309090909091,18.54385909090909,9.513830769230768,-0.030768181818181972,18,2.004409090909089,13.975600275376495,4.537490633714414,0.7187100432793674,0.724187426819452,0.13899105559354008
2021-07-27,17.24946818181818,18.01409090909091,9.597800000000001,-0.7646227272727302,17,0.23228636363636213,13.853176843242618,3.396291338575562,0.7572988812697965,0.09418564864396516,-0.4006727019021281
2021-07-28,19.71022272727273,19.55505909090909,11.507383216783214,0.15516363636363906,16,0.5841954545454549,14.48508651056873,5.225136216704,1.6569438354766903,0.21633203914735613,0.6590730409954064
2021-07-29,17.561013636363636,18.278554545454547,8.665092307692309,-0.7175409090909106,15,-2.2863727272727274,14.731396839583782,2.8296167967798542,0.3042170236216314,-0.802087170405082,-0.26403653973992086
2021-07-30,20.26043181818182,19.86852727272727,8.98489,0.3919045454545511,14,0.717236363636367,15.813935916546356,4.4464959016354655,0.4562640400900799,0.2604840553352706,0.895551560818378
2021-08-02,17.995918181818183,18.48695,9.141442948717948,-0.49103181818181696,11,-0.517172727272726,17.443995826075824,0.5519223557423594,0.5307089261679607,-0.180139434302033,-0.07886395164411687
2021-08-03,17.727963636363636,18.514063636363637,9.540636904761904,-0.7861000000000011,10,0.47849545454545606,17.406252885953652,0.3217107504099843,0.7153848064085689,0.1694887489055338,-0.1957784166227808
2021-08-04,16.419295454545455,17.885577272727275,8.750925174825174,-1.4662818181818196,9,-3.2909272727272736,17.32777149177001,-0.9084760372245562,0.33768367980605585,-1.1725400735273344,-0.7576648089512633
2021-08-05,15.326977272727273,17.124581818181817,7.595027380952381,-1.7976045454545435,8,-2.2340363636363634,17.469239065600746,-2.142261792873473,-0.20901238100806932,-0.7934561823937267,-1.2190147958547544
2021-08-06,15.538878030303032,16.825966666666666,7.690017307692308,-1.2870886363636345,7,-4.72155378787879,17.281406271130113,-1.742528240827081,-0.16139502783593662,-1.6657706457284331,-1.1225257183015453
2021-08-10,16.706222727272724,17.05295,7.889961538461538,-0.346727272727275,31,-1.289695454545459,17.06468678022966,-0.3584640529569363,-0.060243966439434776,-0.4465227194866204,-0.6180036085532492
2021-08-11,16.809220833333335,16.949458333333332,7.6005010989011,-0.1402374999999978,30,-0.9187428030303018,17.082623973044562,-0.27340313971122754,-0.19378067331125054,-0.31282930962399863,-0.5723276702670683
2021-08-12,16.626081818181817,17.953200000000002,8.289668681318682,-1.3271181818181859,29,0.20678636363636116,14.976093226416648,1.6499885917651689,0.14182487792382298,0.0920912452663713,-0.644535910086227
2021-08-13,15.829781818181818,17.55616,7.247115934065937,-1.7263781818181805,28,0.5028045454545449,14.796504575612596,1.0332772425692216,-0.3540501715520775,0.19830257808703683,-0.9789229141814298
2021-08-16,17.691304545454546,18.51279,8.38040974025974,-0.8214854545454529,25,2.1524265151515145,15.719455748216205,1.9718487972383407,0.19414469893514555,0.7810309962111613,-0.1824459360213486
2021-08-17,18.034045454545456,18.722258333333336,9.252366433566433,-0.6882128787878798,24,1.327822727272732,15.31991305468812,2.714132399857336,0.6132413568194798,0.48329448861711116,-0.03660894156365236
2021-08-18,16.31733181818182,18.091766666666665,8.012238461538463,-1.7744348484848445,23,-0.4918890151515143,15.207258809143365,1.1100730090384552,0.012875556175870988,-0.16458841407238775,-0.7717684181406522
2021-08-19,18.47114090909091,18.93629,10.15180142857143,-0.4651490909090903,22,1.8450590909090927,15.062711712423074,3.4084291966678357,1.044842029995327,0.6608838972832871,0.1480751417018371
2021-08-20,19.632986363636363,19.41746,9.95459658119658,0.21552636363636424,21,3.8032045454545447,15.083055377461482,4.54993098617488,0.9451643102453926,1.3498462193048801,0.6428185219009214
2021-08-23,17.10065909090909,18.40166,9.143753846153846,-1.3010009090909094,18,-0.5906454545454558,16.29586416972894,0.8047949211801502,0.5516094145809216,-0.21591381213327954,-0.44176069463224765
2021-08-24,15.856490909090908,17.96494,8.143658791208791,-2.1084490909090903,17,-2.177554545454548,16.163397623412692,-0.3069067143217836,0.07090088734856456,-0.7785883768973536,-0.9715157825291343
2021-08-25,16.05921818181818,18.101869999999998,8.289484615384614,-2.0426518181818167,16,-0.25811363636363893,16.051264202650277,0.007953979167904635,0.14218457957840006,-0.09315543768226447,-0.8812859958316128
2021-08-26,15.955309090909092,18.08699,7.993157142857143,-2.1316809090909086,15,-2.515831818181818,15.23256693784182,0.7227421530672711,-2.5209057569144568e-06,-0.8910192231264595,-0.9199059996098412
2021-08-27,16.08376818181818,18.139633333333332,7.673403846153846,-2.055865151515153,14,-3.5492181818181834,15.062400030459102,1.021368151359077,-0.1540508511038898,-1.250045992890596,-0.8608916745816947
2021-08-30,15.439145454545454,17.617710000000002,8.022584615384616,-2.178564545454549,11,-1.6615136363636367,13.603794809787034,1.8353506447584191,0.013868587940522868,-0.5770350517426,-1.1290365071383743
2021-08-31,14.419267171717173,17.11725,5.329201648351649,-2.697982828282825,10,-1.4372237373737349,12.59017143371895,1.8290957379982231,-1.2743733993493889,-0.49288783999948554,-1.547792263375822
2021-09-01,14.173791666666666,17.178375000000003,5.122500000000002,-3.0045833333333363,9,-1.885426515151515,13.120195716974639,1.0535959496920277,-1.3620237899117889,-0.6477515673696742,-1.6359657366263871
2021-09-02,14.81485,17.523633333333333,4.500885714285715,-2.708783333333333,8,-1.1404590909090917,13.066185606239996,1.748664393760004,-1.643884818189529,-0.381845117642679,-1.3553079849659277
2021-09-03,17.033086363636365,18.042258333333336,3.2729333333333344,-1.0091719696969719,7,0.9493181818181853,14.605030107711048,2.4280562559253163,-2.199164678858976,0.35756443091369944,-0.4244850497242791
2021-09-06,18.21075,18.649083333333333,2.7439873015873033,-0.4383333333333326,32,2.7716045454545473,15.625640457220523,2.5851095427794775,-2.411530483119309,0.9981887246342205,0.06844047458467968
2021-09-07,18.619745833333333,18.867508333333333,4.482761428571429,-0.24776250000000033,31,4.20047866161616,15.738539330675891,2.8812065026574416,-1.5822933451379768,1.4901731589700873,0.2378297988293177
2021-09-08,18.797191666666667,19.134991666666664,5.289645238095236,-0.3377999999999979,30,4.6234,15.817978309203982,2.979213357462685,-1.2010709692553345,1.6344952265744332,0.3189758512226096
2021-09-09,18.790633333333332,19.088324999999998,5.991847619047618,-0.29769166666666536,29,3.9757833333333323,16.050060015226627,2.740573318106705,-0.8649183147421127,1.3961414510635928,0.3160875593667337
2021-09-10,18.02123846153846,18.841653846153847,5.807980000000001,-0.8204153846153872,28,0.9881520979020948,16.24527606601564,1.7759623955228179,-0.9436041342590115,0.3485605526908529,-0.007701380984331009
2021-09-13,17.783566666666665,18.790575,5.414261428571429,-1.007008333333335,25,-0.42718333333333547,14.370417063005036,3.41314960366163,-1.1215018050158063,-0.1479802655060766,-0.10910294999281607
2021-09-14,17.712754166666667,18.540979166666666,6.8118888888888875,-0.8282249999999998,24,-0.9069916666666664,14.017285786542724,3.695468380123943,-0.46386471004481605,-0.3156803652426422,-0.14055904435757785
2021-09-15,16.633692307692307,18.49351153846154,6.356111666666667,-1.859819230769233,23,-2.1634993589743594,14.527558201617616,2.106134106074691,-0.6717951894610925,-0.7541122277776753,-0.5899318892923803
2021-09-16,16.6551125,18.443508333333334,6.5265690476190485,-1.7883958333333325,22,-2.135520833333331,13.8938078791978,2.7613046208022016,-0.5868466260180798,-0.7390774487443386,-0.5757035575240605
2021-09-17,16.505200000000002,18.42754615384615,7.234526666666664,-1.9223461538461493,21,-1.5160384615384572,12.687821457588697,3.817378542411305,-0.250257401109846,-0.5188306023246967,-0.6345351620963553
2021-09-21,21.189441666666667,20.3478125,9.946919999999999,0.8416291666666673,17,3.4058750000000018,15.378741140037643,5.810700526629024,1.0308043842346188,1.2029003102697133,1.3419303205040645
2021-09-22,21.635595833333333,20.573662499999998,10.461849999999998,1.0619333333333358,16,3.922841666666667,15.741185896616564,5.8944099367167695,1.2640278845722563,1.375182500406422,1.5170432384143187
2021-09-24,17.5282,18.80436153846154,7.673288717948719,-1.2761615384615403,14,0.8945076923076911,16.784180092893934,0.7440199071060647,-0.04921423552600453,0.3140435914988636,-0.20914561075757998
2021-09-27,18.908025000000002,18.9603125,6.742537948717949,-0.05228749999999849,11,2.2529125000000008,16.81441319705284,2.093611802947162,-0.48869139330125255,0.7824873548567591,0.36650860391263335
2021-09-28,18.849895833333335,18.872283333333336,7.111215476190477,-0.02238750000000067,10,2.3446958333333328,16.71339291229398,2.136502921039355,-0.3162699699486367,0.807999481531547,0.3379420676908253
2021-09-29,21.181116666666668,20.08802083333333,9.037407142857141,1.0930958333333365,9,-0.00832499999999925,19.04976065392662,2.1313560127400493,0.58701383513593,-0.023147986634481022,1.3080116408780222
2021-09-30,20.1584625,19.853729166666668,11.187292857142857,0.3047333333333313,8,-1.4771333333333345,18.942933742727284,1.2155287572727147,1.586127611734258,-0.5396962456447553,0.8721889832201359
2021-10-01,23.386777272727272,21.631013636363633,10.933662637362637,1.755763636363639,7,5.858577272727274,20.58933319787158,2.7974440748556937,1.4538200011430964,2.0178556538444585,2.1964493500905746
2021-10-04,22.1486625,21.906679166666667,10.769121428571427,0.24198333333333366,39,3.2406374999999983,20.988479021972584,1.1601834780274167,1.3649748813060634,1.0962761008749178,1.6640328402443085
2021-10-05,23.71724090909091,23.082845454545456,9.974853846153845,0.6343954545454551,38,4.8673450757575765,20.907443974562977,2.8097969345279346,0.9896467340594891,1.6515223659753857,2.2805579792851582
2021-10-06,24.72923636363636,23.983745454545456,11.252307051282052,0.7454909090909041,37,3.5481196969696924,19.63893651404291,5.09029984959345,1.5686365275544674,1.1879499334297527,2.646202075507401
2021-10-07,23.464940909090906,22.62529545454545,7.3147769230769235,0.8396454545454546,36,3.306478409090907,19.40439382770296,4.060547081387945,-0.2536726734750182,1.0970705244723613,2.106798767070219
2021-10-08,21.185454166666666,20.878820833333332,8.198057142857142,0.306633333333334,35,-2.201323106060606,19.853970301521993,1.3314838651446728,0.15438316108752848,-0.8002363678284004,1.183407089478894
2021-10-11,20.254849999999998,20.060404545454546,8.09713846153846,0.19444545454545192,32,-1.8938125000000028,21.004955263978996,-0.7501052639789982,0.10804504606543515,-0.6896453511995372,0.8056721330027539
2021-10-12,21.012877272727273,20.54246818181818,10.263978571428574,0.47040909090909366,31,-2.704363636363638,20.362074111770376,0.6508031609568974,1.1031668641631942,-0.9639485498025001,1.1009931417046446
2021-10-13,20.827822727272725,20.406577272727272,8.76726153846154,0.4212454545454527,30,-3.9014136363636354,20.247222248272546,0.5806004790001786,0.4250198708050901,-1.3644397749026294,1.0286612120371315
2021-10-14,19.338283333333333,19.383854166666666,7.9023,-0.04557083333333267,29,-4.126657575757573,20.926581117619794,-1.5882977842864605,0.022787092475973266,-1.4305428580511013,0.43812356556738086
2021-10-15,18.021225,18.599804166666665,6.39197857142857,-0.578579166666664,28,-3.164229166666665,22.26262889334168,-4.24140389334168,-0.6793289682974691,-1.0910595892091488,-0.08645440141234013
2021-10-18,18.098966666666666,18.38554166666667,8.465357142857144,-0.2865750000000027,25,-2.155883333333332,22.21955493035846,-4.120588263691793,0.28847061839010507,-0.7390837001658822,-0.0542335470296692
2021-10-19,17.030166666666666,17.752116666666666,6.642285714285716,-0.7219499999999996,24,-3.982710606060607,22.255162440868663,-5.224995774201997,-0.5615206598643092,-1.3559611414883588,-0.48014307615496266
2021-10-20,17.0459,17.8379,7.493335714285713,-0.7920000000000016,23,-3.7819227272727254,21.016265660286436,-3.9703656602864363,-0.1632154082477965,-1.2879187635012395,-0.47338525107429275
2021-10-21,18.584420833333333,18.814595833333332,8.815285714285714,-0.23017499999999913,22,-0.7538625000000003,21.88035679382366,-3.2959359604903256,0.4518223622101204,-0.25739012964561125,0.13907231222761346
2021-10-22,17.66045,18.3623875,8.290849999999999,-0.7019374999999997,21,-0.3607750000000003,20.400596603630692,-2.7401466036306914,0.2057033207985008,-0.12685948388959073,-0.23398820396696265
2021-10-25,18.517118181818184,18.74669090909091,10.201692857142856,-0.22957272727272482,18,0.4181515151515178,20.44894249740435,-1.9318243155861659,1.0909693101076952,0.13810636600880297,0.10598893553105149
2021-10-26,17.46213636363636,17.775731818181818,9.232942857142856,-0.3135954545454567,17,0.4319696969696949,21.685678500069454,-4.2235421364330925,0.6378831022707618,0.13997577079914475,-0.31974024978145493
2021-10-27,17.408054166666666,17.662391666666664,9.793057142857144,-0.25433749999999833,16,0.36215416666666655,20.412220078417665,-3.0041659117509987,0.8987219738583547,0.11584820731551054,-0.34101497205432507
2021-10-28,18.352679166666668,18.0413875,10.07720714285714,0.3112916666666692,15,-0.23174166666666451,20.640342176707637,-2.287663010040969,1.0265211347414192,-0.08868205405655555,0.03660942013823225
2021-10-29,18.82916363636364,17.92189090909091,10.96607802197802,0.9072727272727299,14,1.1687136363636377,18.898717708195864,-0.06955407183222562,1.4363947078140784,0.39693987479662984,0.22644777422627432
2021-11-01,17.049641666666666,16.902291666666667,9.278871428571428,0.14734999999999943,11,-1.4674765151515174,20.415380623927152,-3.3657389572604863,0.6551188108212239,-0.511464347478299,-0.4876218244173595
2021-11-02,16.160758333333334,16.877175,9.03407142857143,-0.7164166666666674,10,-1.3013780303030273,18.500627255428096,-2.3398689220947624,0.5454468251402543,-0.4491274328931691,-0.8393869778151114
2021-11-04,15.521283333333333,16.441312500000002,7.768559523809525,-0.9200291666666693,8,-1.8867708333333333,17.901865905221072,-2.3805825718877394,-0.03804632696952182,-0.6478457380989372,-1.0887104680713804
2021-11-05,15.7847875,16.845170833333334,8.012142857142855,-1.0603833333333341,7,-2.567891666666668,18.244482228755704,-2.4596947287557036,0.08193390667946324,-0.8771498963108487,-0.9764691980788172
2021-11-08,16.74737727272727,17.293927272727274,7.3355,-0.5465500000000034,32,-2.0817863636363683,18.006672117252183,-1.2592948445249128,-0.2289608595933441,-0.7032795886146906,-0.5869778964612935
2021-11-09,17.325545833333333,17.673783333333333,7.601307142857145,-0.34823749999999976,31,0.27590416666666684,17.618041488111174,-0.29249565477784145,-0.09570353631304404,0.1165762449264572,-0.3511667519014593
2021-11-10,17.891613636363637,18.11127727272727,8.28117142857143,-0.2196636363636344,30,1.730855303030303,17.38643432460446,0.5051793117591785,0.24349299593937418,0.6276476255870487,-0.1166540877729584
2021-11-11,17.73079583333333,18.358766666666668,8.259685714285716,-0.627970833333336,29,2.209512499999999,17.356877516676914,0.37391831665641817,0.2581347114097146,0.815761428305397,-0.17123441366678377
2021-11-12,17.019862500000002,17.93335833333333,7.397292857142858,-0.9134958333333287,28,1.235075000000002,17.08554451434603,-0.06568201434602727,-0.1643570991619221,0.4871469901985495,-0.4613869036999462
2021-11-15,16.710704166666666,17.722541666666665,7.24066476190476,-1.0118374999999986,25,-0.036673106060604255,16.069457534303645,0.6412466323630213,-0.23748582361712053,0.03653172887897969,-0.5873261133325859
2021-11-16,16.52275,17.76095,6.873664285714284,-1.2382000000000026,24,-0.8027958333333345,16.0383389416762,0.48441105832379705,-0.4283210106250593,-0.2444105212675967,-0.6664909081928567
2021-11-17,16.409441666666666,17.92045,6.5596838095238095,-1.5110083333333328,23,-1.4821719696969708,16.02232440321885,0.3871172634478164,-0.5895754884838821,-0.5016148681077496,-0.7130356688484366
2021-11-18,16.5402375,17.981341666666665,6.688492857142858,-1.4411041666666655,22,-1.1905583333333318,16.077544031199224,0.4626934688007758,-0.525385546020705,-0.4161176765369244,-0.6545854488853466
2021-11-19,16.066554545454544,17.978180000000002,5.548864285714288,-1.911625454545458,21,-0.9533079545454584,14.389413925239078,1.6771406202154662,-1.1346638310749653,-0.3429020239867073,-0.8517939597718734
2021-11-22,15.921004166666666,17.715308333333333,6.40683380952381,-1.7943041666666666,18,-0.7896999999999998,14.379823923744395,1.5411802429222714,-0.6868425040749015,-0.2899367396882035,-0.9082780448425025
2021-11-24,17.24236666666667,18.280725,7.529958571428573,-1.0383583333333313,16,0.7196166666666706,15.401298766008434,1.841067900658235,-0.08852297700710023,0.28953487214537466,-0.34046225833089083
2021-11-25,16.535154545454546,17.999119999999998,6.7081642857142825,-1.463965454545452,15,0.12571287878787984,14.321702318609224,2.2134522268453214,-0.5268754096983128,0.06379133277312007,-0.6389385696078633
2021-11-26,21.758436363636363,19.47265,10.49764945054945,2.285786363636362,14,5.218198863636363,17.110033429262756,4.648402934373607,1.4922797153582086,1.9978239280793515,1.5834827456938327
2021-11-29,28.634854545454544,21.2319,16.899607142857146,7.402954545454545,11,12.5683,17.74277943855071,10.892075106903835,4.693844111938909,4.574569828547405,4.327053003848147
2021-11-30,30.940399999999997,22.27084166666667,23.87205104895105,8.669558333333327,10,15.01939583333333,18.51606046831809,12.424339531681905,7.310316022479367,5.150792868813339,4.986738934623503
2021-12-01,29.16523825757576,21.666958333333334,10.721284615384619,7.498279924242425,9,11.92287159090909,15.587058978567814,13.578179279007944,1.3088367746930942,3.9386288564188794,4.130837738147561
2021-12-02,27.66366818181818,21.86497,13.668216666666666,5.798698181818182,8,11.128513636363635,15.63307417931234,12.030594002505842,2.6001681943728645,3.56417578948515,3.4662499785063843
2021-12-03,25.862568181818183,21.58738,12.243961538461534,4.275188181818184,7,4.10413181818182,15.705980176652165,10.156588005166018,1.9389289346441074,1.2686763639535976,2.752984834249309
2021-12-06,22.412358333333334,21.534758333333333,10.542173717948721,0.877600000000001,39,-6.222496212121211,15.66551657896027,6.746841754373063,1.1723130460826614,-2.054799514128537,1.5008488729933147
2021-12-07,20.646725,20.544075,7.474428571428572,0.10265000000000057,38,-10.293674999999997,17.444966011668125,3.201758988331875,-0.19998424851485685,-3.278950682307325,0.8622810829858027
2021-12-08,19.049681818181817,19.64815,7.434429120879123,-0.5984681818181841,37,-10.115556439393941,18.1823336537465,0.8673481644353167,-0.21893087782057435,-3.146108701225492,0.2875568049980258
2021-12-09,18.4749,19.27091,8.173221428571429,-0.796009999999999,36,-9.18876818181818,18.133244623510507,0.34165537648949496,0.10801508267813095,-2.8033638300338284,0.08330353232835018
2021-12-10,18.609304166666668,19.358058333333332,8.118535714285713,-0.7487541666666644,35,-7.253264015151515,18.254603799166123,0.3547003675005449,0.07908317403672642,-2.184650274268945,0.1337669536375837
2021-12-13,17.880277272727273,18.785654545454545,7.404049450549451,-0.9053772727272715,32,-4.53208106060606,17.925397364003082,-0.04512009127580896,-0.24541770415853353,-1.357500312690076,-0.12671504029182598
2021-12-14,18.304995833333333,19.272970833333332,9.078078571428572,-0.9679749999999991,31,-2.341729166666667,17.81485029943403,0.4901455338993017,0.504127553408042,-0.6981770586772537,0.025695600026762796
2021-12-15,18.235145833333334,19.133433333333333,8.336728571428571,-0.8982874999999986,30,-0.814535984848483,17.81240187969459,0.4227439536387436,0.1676481336416319,-0.24138755462354936,-0.0015673978596599052
2021-12-16,15.861129166666666,17.725741666666664,7.447279670329669,-1.864612499999998,29,-2.6137708333333354,19.63067303456017,-3.769543867893505,-0.23683422497116813,-0.7801579557960666,-0.8522307341307871
2021-12-17,17.7937625,18.86745833333333,8.657364285714285,-1.073695833333332,28,-0.8155416666666682,20.536565150518882,-2.7428026505188825,0.30405440110232135,-0.2438387687795266,-0.15838766774338367
2021-12-20,22.430295833333332,21.04488333333333,10.681516025641024,1.385412500000001,25,4.550018560606059,21.507175904733636,0.9231199285996965,1.210927938453562,1.354450070138286,1.494467894520653
2021-12-21,19.257254545454543,19.576595454545455,9.063560989010991,-0.3193409090909114,24,0.9522587121212105,23.068268021857374,-3.811013476402831,0.47309308278760653,0.275649923670851,0.35542087482305856
2021-12-22,18.258154166666664,19.304520833333335,10.386142857142858,-1.046366666666671,23,0.023008333333329745,22.509254858938974,-4.25110069227231,1.064408857461012,-0.0030099437893903046,-0.0051662566913271485
2021-12-23,16.322595833333335,18.20757916666667,8.798692857142859,-1.8849833333333343,22,0.46146666666666825,22.588420588070267,-6.265824754736933,0.3402987553020699,0.1265997136129651,-0.6979838053033013
2021-12-24,15.643545833333334,18.060941666666665,8.363871428571429,-2.4173958333333303,21,-2.1502166666666653,20.656580925413053,-5.013035092079718,0.13954048529484453,-0.6529999218087992,-0.9393432751428598
2021-12-27,16.335866666666668,18.409566666666667,9.169114285714285,-2.0736999999999988,18,-6.094429166666664,19.78829763628579,-3.4524309696191224,0.5006401748096599,-1.814771144064595,-0.692088192612821
2021-12-28,15.352475000000002,17.780720833333334,9.593971978021976,-2.4282458333333317,17,-3.9047795454545415,19.199376793091993,-3.846901793091991,0.6878423153730747,-1.1592018988156987,-1.0446329522595752
2021-12-29,15.224287499999999,17.889970833333333,9.553550000000001,-2.665683333333334,16,-3.0338666666666647,19.379654612130647,-4.155367112130648,0.663844076480769,-0.8983489372662761,-1.092683464167444
2021-12-30,15.719275,18.15765,10.5991,-2.4383750000000006,15,-0.6033208333333349,19.256223272583668,-3.5369482725836683,1.1313983924850308,-0.17919926870261302,-0.915543977500677
2022-01-04,15.306904166666667,17.399408333333334,9.631118333333333,-2.092504166666666,10,-0.33664166666666695,19.863991245404,-4.557087078737334,0.6923824820736822,-0.09769522266374159,-1.0568485598667803
2022-01-05,14.7433125,17.314725,8.200775,-2.571412499999999,9,-1.5925541666666678,19.749544024828758,-5.006231524828758,0.04137222796773201,-0.4669936444676007,-1.252188513605084
2022-01-06,19.365095454545454,19.135422727272726,12.183715384615386,0.22967272727272814,8,4.012620454545452,21.738813639800615,-2.3737181852551608,1.8322560678359883,1.1852418135162075,0.39166238103141704
2022-01-07,18.40985,19.0061,11.37353956043956,-0.5962500000000013,7,3.1855624999999996,21.09333448596041,-2.6834844859604097,1.4528822402608677,0.9351710634190403,0.044146409145073034
2022-01-11,18.92880909090909,19.23845909090909,9.36457380952381,-0.30964999999999776,30,3.2095340909090915,21.25879283624864,-2.3299837453395504,0.5434812093562417,0.9369450816507079,0.2263689508247051
2022-01-12,17.47333181818182,18.045022727272727,7.673533516483518,-0.5716909090909077,29,2.1664276515151517,22.088362559275758,-4.615030741093939,-0.2196861566674146,0.6253029559157081,-0.29860030672820537
2022-01-13,17.835063636363635,18.337795454545454,7.183507692307694,-0.5027318181818181,28,3.0917511363636354,22.23206596589835,-4.397002329534715,-0.43816502468668916,0.891678131178654,-0.17132610713869417
2022-01-14,19.650286363636365,19.59819090909091,8.681210389610392,0.052095454545455055,27,0.28519090909091105,22.55351552474413,-2.9032291611077667,0.23193053101229696,0.07144264104921415,0.4818448685404438
2022-01-17,18.791577272727274,19.00566818181818,9.222857142857142,-0.21409090909090622,24,0.38172727272727514,22.72631768747465,-3.9347404147473775,0.4735895323000685,0.10542237419477114,0.17272211519440253
2022-01-18,19.435631818181818,19.30948181818182,9.267853846153848,0.1261499999999991,23,0.506822727272727,21.290850334279536,-1.8552185160977182,0.48978642076264894,0.14577901051679779,0.4039171147632083
2022-01-19,22.862768181818183,22.251113636363634,9.819711965811965,0.6116545454545488,22,5.389436363636364,22.628904384522244,0.23386379729593898,0.73328430177107,1.5799967734113036,1.6231832446688144
2022-01-20,21.893445454545457,20.834754545454544,10.556010897435897,1.0586909090909131,21,4.058381818181822,21.828172269392034,0.06527318515342273,1.0573973778050751,1.1842612208557517,1.2671855116216157
2022-01-21,24.41819090909091,22.79753636363636,11.342722857142856,1.6206545454545491,20,4.767904545454545,20.573721556182957,3.8444693529079537,1.4025363072317394,1.3823947751340124,2.141814086293089
2022-01-24,24.269695454545456,22.529586363636362,11.142932307692309,1.740109090909094,17,5.478118181818182,20.593842787217216,3.6758526673282397,1.3025802009642655,1.5757194324831483,2.0629152419637684
2022-01-25,27.80739090909091,24.80038181818182,12.94057777777778,3.00700909090909,16,8.37175909090909,20.893189403295587,6.914201505795322,2.098267904034345,2.3839727338523025,3.2246352390451674
2022-01-26,26.943431818181818,24.158922727272724,10.277721538461542,2.7845090909090935,15,4.080663636363635,20.878682805925123,6.064749012256694,0.8867877297408981,1.1398428231575735,2.8692226047978426
2022-01-27,30.997899999999998,27.031205,10.065796153846154,3.966694999999998,14,9.10445454545454,23.197018533941495,7.800881466058502,0.7865096306506097,2.545085846946828,4.085251725017703
2022-01-28,25.142118181818184,23.695527272727276,11.30666923076923,1.446590909090908,13,0.7239272727272734,24.05392097634503,1.0881972054731541,1.3354127467261294,0.162744991198566,2.1452026322746023
2022-01-31,23.862145454545455,22.36995909090909,9.582123076923075,1.492186363636364,10,-0.4075500000000005,24.611223786429072,-0.7490783318836165,0.5533953450457325,-0.1569192292115589,1.7153064045449098
2022-02-01,22.565777272727274,21.204604545454544,11.627646153846158,1.3611727272727308,9,-5.241613636363635,24.7086818956415,-2.1429046229142266,1.4635900103208657,-1.5207629297916128,1.2876250966291105
2022-02-02,19.080145454545452,19.07854090909091,8.937723076923074,0.0016045454545405846,8,-7.863286363636366,24.611609070385782,-5.53146361584033,0.24709926854627734,-2.2349254088479493,0.16638709449355757
2022-02-03,19.91196818181818,19.462227272727272,10.460838461538462,0.44974090909090947,7,-11.085931818181816,24.700633259634564,-4.788665077816383,0.927387575553123,-3.075389392630756,0.42999211181569286
2022-02-04,19.01834090909091,19.25804090909091,9.40803076923077,-0.23969999999999914,35,-6.123777272727274,23.042169047948445,-4.023828138857535,0.4510536730981616,-1.6928605396296235,0.14272378478540337
2022-02-07,20.770895454545453,20.346045454545454,9.987507692307695,0.4248499999999993,32,-3.0912500000000023,23.104125268524623,-2.3332298139791696,0.7085827559492908,-0.8596835904502815,0.7011212671481006
2022-02-08,20.18435909090909,19.969795454545455,9.858907692307692,0.21456363636363562,31,-2.3814181818181837,22.99022328940641,-2.805864198497318,0.665189807200544,-0.6592319419279448,0.5172021066118746
2022-02-09,19.015486363636363,19.066122727272727,9.632261538461538,-0.05063636363636448,30,-0.06465909090908895,22.17089853437664,-3.155412170740277,0.5759816530088697,-0.016246663237664542,0.14875259292176943
2022-02-10,18.854440909090908,19.30525,10.151138461538464,-0.45080909090909316,29,-1.057527272727274,22.090361569131804,-3.2359206600408967,0.8178042051637473,-0.2856896300661126,0.09955540678568674
2022-02-14,24.042727272727273,21.366883333333334,12.947523076923076,2.675843939393939,25,5.0243863636363635,22.998708690433713,1.0440185822935604,2.0846942675372566,1.3878570564474892,1.7649969293713026
2022-02-15,25.885354545454547,22.135441666666665,14.492146153846157,3.7499128787878817,24,5.114459090909094,22.820100138507627,3.06525440694692,2.738009893407691,1.4006447830630873,2.3233877786045602
2022-02-16,21.586195454545454,20.318199999999997,13.445538461538462,1.2679954545454564,23,1.401836363636363,24.43023669355688,-2.8440412390114247,2.2358215201137224,0.3745954797881743,0.9447513837103088
2022-02-17,23.366068181818182,21.12666,15.136592307692307,2.239408181818181,22,4.350581818181819,22.456860284507528,0.9092078973106545,2.936941980329691,1.183074880948639,1.4978375112997107
2022-02-18,23.466936363636364,21.062649999999998,13.49323846153846,2.4042863636363663,21,4.612495454545456,22.068640085077163,1.3982962785592008,2.1851116929211587,1.2454831311294792,1.5170864581112917
2022-02-21,25.21999090909091,21.777791666666666,12.699346153846154,3.4421992424242447,18,1.1772636363636373,22.013862167248302,3.2061287418426083,1.8183449355164896,0.2912175107711657,2.045687141675022
2022-02-22,28.1169,22.51656,14.42154166666667,5.600340000000003,17,2.2315454545454543,22.694807589437392,5.422092410562609,2.5275390872379173,0.583045626004018,2.892201327173019
2022-02-24,31.150845,24.141260000000003,14.155981666666666,7.009584999999998,15,9.564649545454547,22.834496398650277,8.316348601349723,2.3752092936169995,2.572805842972872,3.7056870917792573
2022-02-25,24.745718181818184,22.0499,12.829450000000001,2.695818181818183,14,1.3796500000000016,24.044761911264143,0.7009562705540411,1.7918080544506665,0.33586751344417237,1.769340559921742
2022-02-28,28.065113636363634,22.490699999999997,13.713180128205131,5.574413636363637,11,4.59817727272727,21.150996391767386,6.914117244596248,2.145043306012539,1.211919324983077,2.711363800287147
2022-03-01,25.35979090909091,21.768258333333335,12.011407692307692,3.591532575757576,10,0.13980000000000103,20.26051113692878,5.099279772162131,1.412668811264492,-0.005263439643604052,1.8968665756962335
2022-03-02,29.14865,23.184733333333334,14.332530769230772,5.963916666666666,9,1.0317499999999988,20.74812230068682,8.40052769931318,2.3643532924853172,0.23770264273934288,2.9374705173929896
2022-03-03,26.401415,22.58736,11.507774358974359,3.8140549999999998,8,-4.74943,20.903992614553633,5.497422385446367,1.1655206549137038,-1.3311389458143654,2.123272061418886
2022-03-04,30.73579090909091,23.88328,12.978603333333336,6.85251090909091,7,5.990072727272725,21.15403696412226,9.58175394496865,1.7654267208251473,1.5796279124212746,3.270784925533021
2022-03-07,30.019195,25.78476,11.578308333333329,4.234435000000001,32,1.9540813636363659,23.094729730951872,6.924465269048127,1.181816202112165,0.4846495428281148,3.010658938605125
2022-03-08,31.821825000000004,27.26663,11.665809523809521,4.555195000000005,31,6.462034090909093,23.166290662034488,8.655534337965516,1.2094074869351883,1.6885855006198225,3.407591524953183
2022-03-09,31.806925,27.35277,10.947922222222225,4.454155,30,2.6582749999999997,23.166241439837155,8.640683560162845,0.9033438728957012,0.6746292112548573,3.348511985616991
2022-03-10,28.01765,24.859070000000003,10.874000000000002,3.158579999999997,29,1.6162349999999996,27.80499721860962,0.21265278139037846,0.8768972252852392,0.3941661557780878,2.325639409171224
2022-03-11,29.05733,26.372955,7.395208333333333,2.6843749999999993,28,-1.6784609090909086,27.983987905878234,1.0733420941217666,-0.5707545891702669,-0.49748543933741846,2.5558177812767116
2022-03-14,29.683120000000002,26.20078,11.623449999999998,3.4823400000000007,25,-0.33607499999999746,28.053595739317206,1.6295242606827962,1.1864728717043962,-0.13578741211097806,2.6672821077499207
2022-03-15,29.060344999999998,26.20928,11.314802564102568,2.8510649999999984,24,-2.761480000000006,27.29507379875484,1.7652712012451595,1.0540384441953665,-0.7882147874420004,2.478784337895757
2022-03-16,26.34653636363636,24.7218,10.487133333333336,1.6247363636363588,23,-5.460388636363639,28.090249014950903,-1.7437126513145422,0.7168283527106618,-1.5155098756425884,1.7873189618878378
2022-03-17,25.153536363636363,23.60535,9.884438461538462,1.5481863636363613,22,-2.864113636363637,29.739122890842296,-4.585586527205933,0.4622008236607731,-0.8075754968322315,1.4818449421146724
2022-03-18,23.454504999999997,22.482585,8.05313846153846,0.9719199999999972,21,-5.602825000000003,29.753994788551385,-6.299489788551387,-0.30381985725087557,-1.5358552432226305,1.0549237272093175
2022-03-22,22.39865,21.333972727272727,8.61016923076923,1.0646772727272733,17,-7.284470000000002,30.21703686139047,-7.818386861390469,-0.07375748396736151,-1.9649160652824809,0.7904364101398382
2022-03-23,23.053518181818184,21.097554545454546,8.542515476190474,1.955963636363638,16,-6.006826818181814,31.77335733990046,-8.719839158082276,-0.10721831568593605,-1.613954307736645,0.9488318088583151
2022-03-24,22.969395454545456,21.155586363636363,8.934867307692308,1.8138090909090927,15,-3.3771409090909046,30.940985779719483,-7.971590325174027,0.05128629240605431,-0.9144196026691934,0.922715268849674
2022-03-25,22.986795454545454,21.37375909090909,10.143151298701298,1.6130363636363647,14,-2.166740909090908,29.91473402054316,-6.927938565997707,0.5550558998287101,-0.592915004662972,0.9217962050601167
2022-03-28,24.79675,21.214158333333334,10.357746153846154,3.5825916666666657,11,1.342245000000002,29.605281041689835,-4.808531041689836,0.6397546958665391,0.3396411509356194,1.3579072791970899
2022-03-29,21.82869090909091,20.423677272727275,9.988676923076923,1.405013636363634,10,-0.5699590909090908,29.747971561387793,-7.919280652296884,0.4791148905522485,-0.17419444209862142,0.6229372179563964
2022-03-30,20.603604545454544,20.631013636363637,9.82227857142857,-0.02740909090909227,9,-2.4499136363636396,29.80986196839937,-9.206257422944827,0.4041806995256929,-0.678305498372473,0.3182191962522263
2022-03-31,20.05231818181818,20.231863636363638,8.678615384615384,-0.17954545454545823,8,-2.9170772727272762,29.18119941773997,-9.128881235921789,-0.07952602660457463,-0.8001202809102635,0.18097447806807276
2022-04-01,19.220754545454547,20.375950000000003,8.314169230769231,-1.1551954545454564,7,-3.7660409090909077,29.274933867692827,-10.05417932223828,-0.23186650852818397,-1.0198739161703154,-0.022450802885961324
2022-04-04,18.914786363636363,19.68997272727273,7.355110439560438,-0.7751863636363652,39,-5.881963636363636,27.80489736969743,-8.890111006061066,-0.6332661390038825,-1.5693671048130724,-0.0962622121281209
2022-04-05,18.211063636363637,19.29925,7.558408974358974,-1.088186363636364,38,-3.6176272727272725,24.926998294249618,-6.715934657885981,-0.5419853981491594,-0.959952240732701,-0.26555303549620635
2022-04-06,19.672840909090908,20.272854545454546,7.47485,-0.6000136363636379,37,-0.9307636363636362,24.77393928772679,-5.101098378635882,-0.5757717209406326,-0.24165257528603096,0.0949316244552706
2022-04-07,21.438745454545455,21.51172727272727,8.603092307692307,-0.07298181818181604,36,1.3864272727272748,25.846489332707645,-4.40774387816219,-0.10261583504756933,0.37336942916309385,0.5269217448147128
2022-04-08,20.041777272727273,20.5806,7.88202307692308,-0.5388227272727271,35,0.8210227272727266,22.428985785840798,-2.3872085131135243,-0.40396617044886657,0.22276765242673924,0.18388586604454218
2022-04-11,20.264125,20.640230000000003,8.763180769230772,-0.3761050000000026,32,1.3493386363636368,20.97409303158524,-0.709968031585241,-0.028946543733462254,0.36071072602054477,0.2377690283533745
2022-04-12,21.91949,21.854475,8.71163653846154,0.06501499999999893,31,3.708426363636363,22.282453408799206,-0.36296340879920663,-0.05068834770648558,0.9808302197810701,0.6425201330738726
2022-04-13,19.466609090909092,20.044463636363638,7.02393076923077,-0.5778545454545458,30,-0.20623181818181635,23.09483730635015,-3.628228215441059,-0.7655513926543983,-0.06377921718856987,0.035893477012387716
2022-04-14,18.663531818181816,19.593854545454548,6.803730769230768,-0.9303227272727312,29,-2.775213636363638,22.82392507481846,-4.160393256636645,-0.8550503526224962,-0.7464475866576484,-0.16432689615196056
2022-04-15,18.922636363636364,19.827895454545455,7.856199999999998,-0.905259090909091,28,-1.119140909090909,19.641989347578594,-0.7193529839422297,-0.4143931133280837,-0.3090218317332564,-0.10187922017009876
2022-04-18,20.737659999999998,21.09929,9.319792307692307,-0.3616300000000017,25,0.47353499999999826,19.941488995226145,0.7961710047738535,0.20346394600536344,0.11335032041176013,0.34293926056094526
2022-04-19,19.429040909090908,20.389318181818183,7.489646153846152,-0.960277272727275,24,-2.4904490909090917,19.361865631704838,0.06717527738607032,-0.5836818183395112,-0.6774634233355329,0.017144395812727396
2022-04-20,19.197677272727272,20.077886363636363,8.383707142857144,-0.8802090909090907,23,-0.26893181818181944,16.236080898921088,2.9615963738061843,-0.20503447338634087,-0.08553317484534179,-0.04326841372274937
2022-04-21,18.802018181818184,19.83735909090909,8.739246153846153,-1.0353409090909054,22,0.13848636363636757,16.907652242797248,1.8943659390209362,-0.05757565016782488,0.022061898111571446,-0.14460915339215
2022-04-22,20.20166818181818,20.971654545454545,8.522969230769228,-0.7699863636363631,21,1.2790318181818172,17.731210262287597,2.4704579195305847,-0.15582307583237143,0.32325167073638633,0.1981005515398549
2022-04-25,25.003654545454545,24.228122727272726,11.413053205128207,0.7755318181818183,18,4.2659945454545465,18.684110041047266,6.319544504407279,1.087692211343634,1.1119785486516336,1.3790512172135763
2022-04-26,22.724044999999997,22.91359,10.256953846153849,-0.18954500000000252,17,3.2950040909090887,18.17955524646472,4.544489753535277,0.5805397187657415,0.846650179223547,0.8067412236176829
2022-04-27,24.063618181818182,24.03273181818182,10.413161538461537,0.030886363636362546,16,4.865940909090909,18.372609429876423,5.691008751941759,0.6429414223576461,1.2552178532624543,1.1307227966070394
2022-04-28,21.967077272727273,22.591545454545454,9.769153846153845,-0.6244681818181803,15,3.1650590909090894,19.644245069118053,2.32283220360922,0.3582655245602874,0.7983350882522386,0.6037591686726015
2022-05-02,26.786855,24.968745,12.36433717948718,1.8181100000000008,11,6.585186818181818,19.593021680727833,7.193833319272166,1.4746824730120307,1.6891197836859468,1.7853799325429345
2022-05-06,27.41308181818182,25.14974090909091,10.883423076923073,2.2633409090909105,7,2.4094272727272745,19.772721738832292,7.640360079349527,0.8257807485330911,0.5871788904950587,1.9177827253403161
2022-05-09,27.40098,26.023485,8.602646153846152,1.3774949999999997,32,4.676935000000004,21.519021136135276,5.881958863864725,-0.16436209829483975,1.185176605985123,1.8929862085063938
2022-05-10,27.657519999999998,26.28222,8.35363782051282,1.3752999999999993,31,3.5939018181818163,20.992493300037694,6.665026699962304,-0.27393229751136355,0.8960095023628375,1.932803345481091
2022-05-11,26.424925,25.616500000000002,8.727897435897436,0.8084249999999997,30,4.457847727272728,20.28150014306043,6.143424856939571,-0.11210848313489982,1.1181542098785875,1.6169464476681892
2022-05-12,27.269354545454547,24.9786,8.815958333333331,2.290754545454547,29,0.482499545454548,21.018240927544465,6.251113617910082,-0.07586789697353401,0.0741456044818554,1.8014337474298465
2022-05-13,24.257845,23.25566,9.552256410256412,1.0021850000000008,28,-3.1552368181818196,23.23381622930575,1.024028770694251,0.2400777928301174,-0.8788349218490186,1.067607351584156
2022-05-16,24.14151,23.23731,9.72775,0.9041999999999994,25,-3.2594700000000003,22.3401421714737,1.801367828526299,0.31245370665696265,-0.9064909040990377,1.0313886305705418
2022-05-17,22.175990909090906,22.26748333333333,8.637130769230769,-0.09149242424242487,24,-5.481529090909092,21.28526937542262,0.8907215336682874,-0.1644636434380117,-1.4783743125764708,0.5530964608085392
2022-05-18,20.51887272727273,21.720341666666666,8.739376923076922,-1.201468939393937,23,-5.906052272727273,21.09084017665679,-0.5719674493840614,-0.12315773107333212,-1.5767359189356487,0.149454646497452
2022-05-19,23.29453636363636,22.852433333333334,9.629269871794872,0.4421030303030271,22,-3.9748181818181862,22.093929280654656,1.2006070829817048,0.2584964271934851,-1.0711630498254503,0.8128757849232272
2022-05-20,21.662504545454546,21.93927,8.519653846153847,-0.27676545454545476,21,-2.595340454545454,22.31649378186147,-0.6539892364069253,-0.23332140096701817,-0.7099352878073235,0.4128402585335684
2022-05-23,21.75147727272727,21.642780000000002,8.883484615384617,0.10869727272726948,18,-2.390032727272729,22.459122341091224,-0.7076450683639521,-0.07489052970231797,-0.6509863286625694,0.4317746262117992
2022-05-24,22.161245454545455,22.08391,9.86476923076923,0.0773354545454552,17,-0.014745454545451508,22.45910655745043,-0.2978611029049745,0.35743812441532286,-0.027492663957727117,0.5309426129868221
2022-05-25,21.14585,21.63745,9.259401282051282,-0.4916000000000018,16,0.6269772727272702,21.921616268251263,-0.7757662682512638,0.09065722064450317,0.1496746843743148,0.2881449375860722
2022-05-26,20.503145454545454,21.801191666666668,9.083938461538462,-1.2980462121212142,15,-2.7913909090909073,21.226143005084733,-0.7229975505392794,0.014461027768807916,-0.7453959468951294,0.13195231166798146
2022-05-27,18.7369,21.09898,8.445592307692309,-2.3620800000000024,14,-2.925604545454547,20.239250103332886,-1.502350103332887,-0.26342130838160116,-0.7749139239952398,-0.2933363906653834
2022-05-30,17.465345454545457,19.84925,7.512738461538461,-2.383904545454545,11,-4.286131818181815,21.591039028051735,-4.125693573506279,-0.6703495046337004,-1.1284693274018167,-0.5986382704422977
2022-05-31,17.381999999999998,19.69932,6.469999999999999,-2.3173200000000023,10,-4.779245454545457,21.114375373172987,-3.7323753731729887,-1.12134380905827,-1.2499493434817366,-0.6138583062750141
2022-06-01,16.415513636363634,19.550649999999997,7.376438461538459,-3.135136363636363,9,-4.730336363636365,20.38628722321425,-3.9707735868506155,-0.7153051240894486,-1.2311074167260079,-0.8424396400669419
2022-06-02,16.754136363636363,19.801341666666666,6.181492307692309,-3.047205303030303,8,-3.749009090909091,20.394439781878308,-3.6403034182419454,-1.232757809188574,-0.9660589466936268,-0.7559711071484119
2022-06-03,15.439131818181817,17.426163636363636,6.915619780219782,-1.9870318181818192,7,-3.2977681818181814,20.70856993701021,-5.269438118828393,-0.9020960651635409,-0.8452530001443502,-1.0674964018391129
2022-06-06,17.860945454545455,19.336241666666666,7.268647619047618,-1.4752962121212114,32,0.3955999999999982,18.10086883816021,-0.23992338361475518,-0.7424570982704383,0.12549459856158457,-0.4809631486837322
2022-06-07,17.721558333333334,19.451241666666668,6.7082999999999995,-1.729683333333334,31,0.3395583333333363,17.823824778298984,-0.1022664449656503,-0.9822374002668464,0.1057441692924612,-0.5143651831746163
2022-06-08,17.482663636363636,19.01821,7.306386923076923,-1.5355463636363638,30,1.0671500000000016,17.986005675987847,-0.5033420396242114,-0.7154703824271209,0.2928415608060816,-0.5726343077612729
2022-06-09,18.243131818181816,19.42308,7.356793076923076,-1.1799481818181832,29,1.488995454545453,16.14836274761108,2.0947690705707345,-0.690959289558518,0.39986647411272275,-0.39080396067267764
2022-06-10,18.949013636363638,19.92261818181818,7.5284423076923055,-0.9736045454545419,28,3.509881818181821,15.50088246363884,3.448131172724798,-0.6169341284206528,0.9299401237432192,-0.22091241512606985
2022-06-13,23.849913636363638,22.77732727272727,10.286069230769233,1.0725863636363684,25,5.9889681818181835,19.418062143538773,4.431851492824865,0.5897217710502736,1.57374081536039,0.9587621969338898
2022-06-14,24.770072727272726,23.24530909090909,7.8645076923076935,1.5247636363636374,24,7.048514393939392,20.00161804066837,4.768454686604358,-0.4729771614118253,1.8344269661402208,1.1721933518171097
2022-06-15,24.87274,23.12915,9.363123076923078,1.743590000000001,23,7.390076363636364,20.065644626262124,4.8070953737378765,0.17933455213270819,1.9031484094982476,1.1873953247500901
2022-06-16,23.88327,22.58928,9.40534487179487,1.2939900000000009,22,5.640138181818184,18.96551784612547,4.917752153874531,0.19445244268623202,1.4370943997829888,0.9423912380214403
2022-06-17,25.465255,23.647865000000003,11.85311060606061,1.817389999999996,21,6.516241363636361,19.366978542054326,6.098276457945673,1.2625550007370907,1.6483883661929934,1.311335209132938
2022-06-20,25.089895,23.542225000000002,7.701584999999998,1.5476699999999965,18,1.2399813636363604,19.00113604342065,6.088758956579348,-0.5734904204405138,0.2841710974463235,1.2114442453990282
2022-06-21,22.17232272727273,22.206381818181818,7.274491666666666,-0.03405909090908921,17,-2.597749999999998,20.138374979448145,2.033947747824584,-0.7643100548473981,-0.7052225384670248,0.5090823876533985
2022-06-22,22.378349999999998,22.286122727272726,8.455790209790212,0.09222727272727127,16,-2.4943900000000028,20.153660118958292,2.224689881041705,-0.24317890140147885,-0.6763244862092123,0.553435234678497
2022-06-23,22.192259999999997,22.363419999999998,9.812432867132866,-0.17116000000000042,15,-1.6910100000000021,20.152631559296555,2.039628440703442,0.3540546480282072,-0.4706367412458525,0.5033263699769279
2022-06-24,20.580904545454544,21.51039090909091,8.447976923076922,-0.9294863636363644,14,-4.884350454545455,20.518049930091475,0.06285461536306869,-0.2554027081697422,-1.2902048084596405,0.11125467879382077
2022-06-27,20.73095909090909,20.946445454545454,8.32676923076923,-0.21548636363636575,11,-4.35893590909091,19.591751085076478,1.1392080058326108,-0.31261784800100706,-1.151617313049176,0.1419937558014733
2022-06-28,19.784195454545454,20.556449999999998,7.443184615384617,-0.772254545454544,10,-2.3881272727272744,19.74753342894115,0.036662025604304205,-0.7049164554024532,-0.6439407705951691,-0.09162026147914543
2022-06-29,20.477635,20.963075,9.467532051282053,-0.48544000000000054,9,-1.9007149999999982,19.79770892544785,0.6799260745521494,0.19516662260804965,-0.5175874247489263,0.07216669067812755
2022-06-30,21.936095454545452,21.779113636363636,7.673583333333333,0.15698181818181567,8,-0.2561645454545456,20.436671463865924,1.499423990679528,-0.6021973409698266,-0.09439768170128161,0.4212582151785856
2022-07-01,22.849885,22.496585,9.72226013986014,0.35330000000000084,7,2.2689804545454564,20.39568341360684,2.454201586393161,0.3120516329710502,0.5648460003132265,0.6434508114442026
2022-07-04,22.156154545454548,22.21425909090909,7.2403013986013995,-0.05810454545454036,39,1.4251954545454595,20.584488809400884,1.5716657360536637,-0.788468683660354,0.3484739589440934,0.47041338489862694
2022-07-05,21.015435,21.4021,8.249083333333335,-0.3866650000000007,38,1.231239545454546,21.09448070105544,-0.0790457010554384,-0.33808048732163964,0.2979134455051791,0.18820798606269273
2022-07-06,22.248445454545454,22.148095454545455,9.0868,0.10034999999999883,37,1.7708104545454546,20.7382285858666,1.510216868678853,0.034163208979495464,0.4351479690902701,0.4834734316452846
2022-07-07,21.004163636363636,20.98036818181818,7.571923076923074,0.023795454545457062,36,-0.9319318181818161,21.714276563343503,-0.7101129269798676,-0.639151204008391,-0.2652964513446768,0.17348781617256148
2022-07-08,21.399695454545455,21.35844090909091,6.334069230769231,0.04125454545454588,35,-1.4501895454545455,21.296086055604903,0.10360939894055221,-1.185725412770555,-0.4104435348473327,0.26482799010706304
2022-07-11,20.91656,20.975920000000002,9.458524999999998,-0.059360000000001634,32,-1.2395945454545476,19.00408142571332,1.9124785742866806,0.19939401397542947,-0.3579299235458768,0.13993545779828226
2022-07-12,21.602635,21.553365,8.75931474358974,0.049269999999999925,31,0.5871999999999993,19.481209658173157,2.1214253418268427,-0.1156832741068808,0.11791422542810799,0.3038669375883221
2022-07-13,21.053827272727272,21.191645454545455,8.502307692307692,-0.13781818181818295,30,-1.194618181818182,19.144205605342584,1.9096216673846875,-0.2313545798397581,-0.3485230458012925,0.1614559861029475
2022-07-14,20.63728181818182,20.879527272727273,7.295884615384615,-0.2422454545454542,29,-0.36688181818181675,19.216919027672034,1.4203627905097846,-0.7709756429311114,-0.13179764703153024,0.05109147036106349
2022-07-15,20.148754545454544,20.74158181818182,8.154030769230769,-0.592827272727277,28,-1.250940909090911,18.021155093642193,2.127599451812351,-0.39016619939912534,-0.3613559601195255,-0.07704652042072238
2022-07-19,19.739427272727273,20.317004545454544,8.236461538461537,-0.5775772727272717,24,-1.1771327272727277,17.775088055427844,1.964339217299429,-0.3560275347500303,-0.34028690559341085,-0.1858371418175914
2022-07-20,19.313640909090907,19.821422727272726,7.014310897435898,-0.5077818181818188,23,-2.2889940909090924,18.926588732017247,0.38705217707365946,-0.9009930919457331,-0.6266881798479939,-0.29723931386605856
2022-07-21,18.50295,19.31594090909091,6.679967948717948,-0.8129909090909102,22,-2.5508772727272735,18.783995710035327,-0.28104571003532897,-1.0473819188071294,-0.689631858087814,-0.504326568714169
2022-07-22,17.7556,18.836140909090908,6.85053116883117,-1.0805409090909066,21,-2.881681818181818,18.767687962499537,-1.0120879624995354,-0.9798034684901403,-0.7697887077823783,-0.6932549888323392
2022-07-25,18.223990909090908,19.122172727272726,7.798239102564104,-0.8981818181818184,18,-1.924763636363636,18.839312395982155,-0.6153214868912471,-0.5542985205564602,-0.5159262180058106,-0.5783546100113193
2022-07-26,17.810190909090906,18.747077272727275,7.471968589743593,-0.9368863636363685,17,-1.9292363636363667,18.334048608479247,-0.5238576993883406,-0.6986040166621388,-0.514771965066208,-0.6886379884892254
2022-07-27,17.399172727272727,18.417709090909092,7.334544871794872,-1.0185363636363647,16,-1.9144681818181795,18.235520611191934,-0.8363478839192062,-0.7561798331417645,-0.5096842788678632,-0.7972809172004788
2022-07-28,16.503383333333332,17.858595833333332,7.237733974358976,-1.3552125000000004,15,-1.9995666666666665,17.835788839530267,-1.3324055061969347,-0.7952197288653672,-0.5305726177900639,-1.026288548799419
2022-07-29,15.611445454545454,17.48242727272727,7.2066660256410255,-1.8709818181818179,14,-2.1441545454545476,16.659937163740477,-1.048491709195023,-0.8042843675780645,-0.567258245501053,-1.2509730370960448
2022-08-01,15.756445454545453,17.209495454545454,7.5277467948717955,-1.453050000000001,11,-2.467545454545455,14.918043527346086,0.8384019271993672,-0.6577939700407843,-0.6462103858406675,-1.207314150937262
2022-08-02,18.067554545454545,18.638409090909093,9.4527,-0.570854545454548,10,0.2573636363636389,16.127771017550455,1.9397835279040905,0.19940880355540952,0.07233145982703212,-0.6167039148779532
2022-08-03,16.68069090909091,17.995231818181818,8.964803296703295,-1.3145409090909084,9,-0.718481818181818,15.913922625812072,0.7667682832788376,-0.0175930188132458,-0.1793446924802389,-0.9649517155165956
2022-08-04,15.433866666666667,17.397375,7.216943356643359,-1.9635083333333334,8,-1.0695166666666651,15.024511991654549,0.40935467501211775,-0.7924173470313528,-0.2686839271474771,-1.2749676660005618
2022-08-05,14.859483333333333,16.732875,7.339514285714287,-1.8733916666666666,7,-0.7519621212121201,14.582954429725786,0.2765289036075469,-0.7331185755888977,-0.183989683608399,-1.414231829620047
2022-08-08,16.503527272727275,17.370268181818183,7.20946,-0.8667409090909075,32,0.7470818181818224,14.563788616419915,1.9397386563073606,-0.7844424435860597,0.21071112384184393,-0.9938636300608757
2022-08-09,16.93809090909091,17.651922727272726,7.708492857142858,-0.7138318181818164,31,-1.129463636363635,14.844837109174422,2.0932537999164875,-0.5599525299075193,-0.2849525308797081,-0.883241693194658
2022-08-10,18.026083333333332,18.402245833333332,8.071097435897435,-0.3761624999999995,30,1.345392424242423,13.266456020707471,4.759627312625861,-0.3966599889046991,0.3665726828305333,-0.6064182043838817
2022-08-12,16.0379875,17.987783333333333,6.971070634920633,-1.949795833333333,28,0.604120833333333,15.587270311231876,0.45071718876812383,-0.8814062597291329,0.17006933841311644,-1.1031824802191719
2022-08-15,16.519045454545456,18.099741666666667,6.579790476190475,-1.580696212121211,25,1.6595621212121223,15.797718860477136,0.7213265940683193,-1.0480193842590664,0.44677571383227,-0.9800712884553721
2022-08-16,15.63045,17.865458333333333,6.557853246753245,-2.235008333333333,24,-0.8730772727272758,15.853905448446229,-0.223455448446229,-1.0515743892306466,-0.22315267643386613,-1.2013772451910232
2022-08-17,15.9333875,18.061233333333334,6.112415079365078,-2.1278458333333337,23,-1.0047034090909097,16.112492229520686,-0.17910472952068623,-1.243228856976192,-0.25929814354101394,-1.1267966659110553
2022-08-18,15.809520833333334,18.184133333333335,6.848011904761904,-2.3746125000000013,22,-2.2165624999999984,14.49243973872211,1.3170810946112237,-0.915809832771891,-0.5831370737629611,-1.158540413073471
2022-08-19,15.141691666666667,17.9054,6.490713095238094,-2.7637083333333337,21,-0.8962958333333333,14.4968624421405,0.6448292245261662,-1.0690199445194308,-0.23431482083338256,-1.3223770422594399
2022-08-22,16.021608333333333,18.104008333333333,8.222288095238097,-2.0824,18,-0.4974371212121227,14.664789922836983,1.3568184104963503,-0.3075895619851413,-0.12924123994176162,-1.1001167694415273
2022-08-23,17.067687499999998,18.9572,8.955149999999998,-1.8895125000000021,17,1.4372374999999984,15.086848376135093,1.9808391238649055,0.014191810165835771,0.38125950516134005,-0.8388240037539938
2022-08-24,16.696599999999997,18.840525,8.319628571428572,-2.143925000000003,16,0.7632124999999963,15.217701459491268,1.4788985405087285,-0.268030016655254,0.20268528768332464,-0.9335283684784271
2022-08-25,15.606677272727273,18.31896,7.89383901098901,-2.7122827272727275,15,-0.2028435606060608,15.304479291795476,0.3021979809317976,-0.45487822684548507,-0.050402153676715994,-1.2024895153700481
2022-08-26,15.337745454545455,18.192500000000003,7.472646153846155,-2.854754545454547,14,0.1960537878787889,15.362926621896131,-0.025181167350675437,-0.6370247929398851,0.05637901458709335,-1.2639776305899018
2022-08-29,19.54192727272727,19.497408333333333,9.947528571428574,0.044518939393938695,11,3.5203189393939383,18.389127845451718,1.1527994272755535,0.45017093224224214,0.9306469844411314,-0.21770861953271112
2022-08-30,17.103229166666665,18.997225,9.142982967032964,-1.893995833333335,10,0.03554166666666703,18.668656498962864,-1.5654273322961991,0.09747747340618662,0.01155659623586543,-0.8258317250188824
2022-08-31,16.72363181818182,18.914566666666666,8.140575274725276,-2.190934848484847,9,0.027031818181821876,17.92434107447184,-1.200709256290022,-0.34135824209466614,0.013295712351781048,-0.9163706040948031
2022-09-01,18.712118181818184,19.667416666666668,9.653276923076923,-0.955298484848484,8,3.1054409090909108,18.73906790547052,-0.026949723652336388,0.32473828544540795,0.8239657848364874,-0.422064310690346
2022-09-02,17.798736363636365,19.460191666666667,8.038830769230767,-1.6614553030303014,7,2.46099090909091,18.556672918548887,-0.7579365549125221,-0.38683263647978106,0.6484509231866556,-0.6533262917822507
2022-09-05,17.967077272727273,19.364725,6.634621428571428,-1.3976477272727266,39,-1.5748499999999979,18.236128278029355,-0.2690510053020816,-1.0011271490854774,-0.4177419442665132,-0.6140835170264412
2022-09-06,17.85543181818182,19.356316666666665,7.053514285714286,-1.5008848484848443,38,0.7522026515151552,18.193659336210608,-0.3382275180287877,-0.8143419395889268,0.19441984148138905,-0.6450413505932562
2022-09-07,18.67407272727273,19.848716666666668,7.025084615384614,-1.1746439393939383,37,1.9504409090909114,18.105821361842807,0.5682513654299228,-0.8250681871217737,0.5064423679079203,-0.44293615349446663
2022-09-08,17.979970833333333,19.064591666666665,7.141538461538461,-1.0846208333333323,36,-0.7321473484848511,19.849813895213604,-1.869843061880271,-0.7716903649213394,-0.2055445402445528,-0.6216014226462689
2022-09-09,17.426968181818182,18.729386363636365,6.378353846153846,-1.302418181818183,35,-0.37176818181818305,17.576688242882504,-0.1497200610643219,-1.1111797311882838,-0.11115794947777936,-0.7667352392734631
2022-09-12,17.0368375,18.3252,6.572163736263738,-1.288362499999998,32,-0.9302397727272727,17.596801946349583,-0.5599644463495821,-1.0319810888491454,-0.2603612271925945,-0.8714448202511286
2022-09-13,16.409018181818183,18.027549999999998,5.86625576923077,-1.6185318181818147,31,-1.446413636363637,17.631102260946186,-1.2220840791280025,-1.3513519078667513,-0.3969267740302876,-1.0345720526981177
2022-09-14,18.610133333333334,19.716441666666668,6.8093,-1.1063083333333346,30,-0.06393939393939618,19.523752115751964,-0.9136187824186308,-0.9498631680074947,-0.029155526397658327,-0.476506243366054
2022-09-15,17.90803181818182,19.502059090909093,6.751528571428572,-1.5940272727272742,29,-0.07193901515151424,19.393957892160266,-1.4859260739784474,-0.9963430055385307,-0.028313833490971812,-0.654951145867651
2022-09-16,18.669672727272726,19.897913636363636,7.471261538461537,-1.2282409090909105,28,1.2427045454545436,19.65731331145035,-0.9876405841776226,-0.679818456377974,0.32464977740981127,-0.4610053419150315
2022-09-20,18.9892125,19.786079166666667,7.382046153846154,-0.7968666666666664,24,1.952375,19.7805242569883,-0.7913117569882999,-0.7277796333241866,0.5176332004070785,-0.3798334159173596
2022-09-21,20.57508,20.67048,7.481723076923078,-0.09540000000000148,23,4.1660618181818165,19.903671160104707,0.6714088398952924,-0.6866044652423374,1.107838050001225,0.02236868884943809
2022-09-22,19.433395454545455,20.421013636363636,5.149730769230768,-0.9876181818181813,22,0.823262121212121,19.92445066562164,-0.491055211076187,-1.7569101587552793,0.2163016504657315,-0.27018371316092826
2022-09-26,23.09529,22.374405000000003,8.107488461538463,0.7208849999999956,18,5.18725818181818,21.53043304954082,1.564856950459177,-0.40313404524537244,1.369412183145631,0.6583087656340257
2022-09-27,22.327415,22.211289999999998,8.294091666666667,0.11612500000000026,17,3.6577422727272726,21.5082157192576,0.8191992807423993,-0.3201498638802717,0.9564569823694686,0.4580833328191296
2022-09-28,24.329720000000002,23.433,9.540057692307691,0.896720000000002,16,5.340507500000001,20.177688799239682,4.1520312007603195,0.2518690676845018,1.390585678690497,0.9613712212012624
2022-09-29,22.670920000000002,22.5661,11.332053146853145,0.10482000000000369,15,2.0958400000000026,20.01117393467776,2.659746065322242,1.0758118295050922,0.5280775911928796,0.532683716907982
2022-09-30,25.195625,24.135604999999998,10.713726153846153,1.0600200000000015,14,5.762229545454545,20.73396335008412,4.461661649915879,0.7821820289943648,1.4841984892345101,1.1684849505444073
2022-10-03,25.1513,23.78501,11.738166666666665,1.3662899999999993,11,2.0560100000000006,20.894441723545437,4.256858276454562,1.2515132442020627,0.5097436643061592,1.1501403697274288
2022-10-04,22.14025,21.98185,10.298523076923079,0.15840000000000032,10,-0.1871649999999967,23.765402644681917,-1.625152644681915,0.584692696559815,-0.0776253788331181,0.38243483420517477
2022-10-05,20.604313636363635,21.306336363636362,8.57863076923077,-0.7020227272727269,9,-3.725406363636367,23.85911299630912,-3.2547993599454834,-0.21439145905403098,-1.0057136327367686,-0.011940251617572655
2022-10-06,20.0261,20.9665,7.702076923076923,-0.9404000000000003,8,-2.644820000000003,24.02285592905376,-3.996755929053762,-0.6237124724087699,-0.7153592860202058,-0.16060129777480694
2022-10-07,21.08367727272727,21.684281818181816,6.912038461538462,-0.6006045454545443,7,-4.111947727272728,24.02449056259235,-2.94081328986508,-0.9900375253720956,-1.0935235514253898,0.1070094460080377
2022-10-11,24.36860909090909,23.78245909090909,8.217317948717948,0.58615,31,-0.7826909090909098,24.051803899239133,0.3168051916699568,-0.38221740157450834,-0.21653020143864712,0.9405964928421084
2022-10-12,24.249204545454546,23.72043181818182,8.256065384615386,0.5287727272727274,30,2.1089545454545444,23.8769780424173,0.3722265030372469,-0.3594492386181386,0.5405081080938838,0.9045838533641998
2022-10-13,24.844554545454542,23.964872727272727,8.406308333333332,0.8796818181818153,29,4.2402409090909075,23.232175961270716,1.6123785841838263,-0.28531026045928554,1.105357436180276,1.0532106456263624
2022-10-14,22.819863636363635,22.35877272727273,7.5947,0.4610909090909061,28,2.793763636363636,26.49328418063124,-3.6734205442676036,-0.6577509663667109,0.7247054303721575,0.5379677574988809
2022-10-17,23.527886363636362,22.917749999999998,7.924115384615384,0.6101363636363644,25,2.4442090909090908,24.992898326863084,-1.465011963226722,-0.5004175308119868,0.6365895471803783,0.7180882449140839
2022-10-18,21.732736363636363,21.73199090909091,6.54450769230769,0.0007454545454521622,24,-2.6358727272727265,25.604957262471544,-3.872220898835181,-1.1340790854355591,-0.7006425096488706,0.2656211773403801
2022-10-19,20.88475454545455,21.18662727272727,6.383976923076926,-0.3018727272727233,23,-3.364449999999998,25.391708154228017,-4.506953608773468,-1.2050640170118443,-0.8863750811630215,0.05245145819536629
2022-10-20,22.027881818181818,21.996663636363635,6.8760153846153855,0.0312181818181827,22,-2.8166727272727243,25.499696114133748,-3.47181429595193,-0.9722626547371865,-0.7404767774012356,0.34276792665575756
2022-10-21,22.05944090909091,22.17812272727273,6.8751999999999995,-0.11868181818181966,21,-0.7604227272727258,25.110034735203186,-3.0505938261122765,-0.9688852899655394,-0.19792148725377479,0.3489059081662677
2022-10-24,23.082831818181816,22.70275,7.434753846153846,0.3800818181818144,18,-0.44505454545454626,25.071855994835758,-1.9890241766539418,-0.7041554603642102,-0.11696754663511046,0.6069964335843844
2022-10-25,21.840327272727272,21.804422727272726,6.742730769230768,0.03590454545454591,17,0.10759090909090929,23.237885925746955,-1.3975586530196829,-1.018973281272222,0.025239051712024323,0.28973241294153207
2022-10-26,21.37455,21.369945454545455,7.327453846153848,0.004604545454544251,16,0.48979545454545104,23.271728420351312,-1.8971784203513131,-0.7470608326409999,0.12211017969047165,0.16919575395902153
2022-10-27,20.976740909090907,20.946454545454543,8.243321428571427,0.030286363636363944,15,-1.0511409090909112,22.510617336104026,-1.5338764270131193,-0.32808501712800886,-0.29045392708037937,0.06503488837535268
2022-10-28,20.933172727272726,20.986604545454547,9.375423076923077,-0.053431818181820745,14,-1.1262681818181832,22.663272428346318,-1.7300997010735912,0.1947290237723597,-0.3117079968077349,0.05111768142390005
2022-10-31,20.99934090909091,20.362809090909092,8.406030769230771,0.6365318181818189,11,-2.083490909090905,22.101405770393928,-1.1020648613030168,-0.2581861159185013,-0.569778062681999,0.06408529949871576
2022-11-01,20.13751818181818,19.82869090909091,7.822353846153845,0.30882727272727095,10,-1.702809090909092,21.91938408749631,-1.7818659056781314,-0.5299885803472815,-0.47113220186907373,-0.15943613260309505
2022-11-02,20.043195454545454,19.65184545454545,7.3954538461538455,0.39135000000000275,9,-1.3313545454545448,19.572381155746264,0.47081429879919057,-0.7248979866273799,-0.37112432643777055,-0.18515145362919233
2022-11-04,19.71605909090909,19.38281818181818,5.962161538461537,0.333240909090911,7,-1.2606818181818156,20.540961867916725,-0.8249027770076331,-1.38061093604424,-0.35119703320259676,-0.2712857980272698
2022-11-07,19.262363636363638,19.637472727272726,6.03086923076923,-0.3751090909090884,32,-1.6708090909090885,20.83514833175991,-1.5727846953962725,-1.3372880380588428,-0.4584221350630673,-0.38845704815294696
2022-11-08,18.541936363636363,19.019418181818182,5.870314285714283,-0.47748181818181834,31,-2.4574045454545477,21.052079240880104,-2.510142877243741,-1.3996833808145164,-0.6649525959953078,-0.5747019939136131
2022-11-09,18.71228181818182,19.088177272727272,6.992253846153847,-0.3758954545454536,30,-1.4252363636363619,18.49387833037575,0.2184034878060679,-0.8783509609902052,-0.38740431492221183,-0.5328210613334486
2022-11-10,19.70193181818182,20.33779,7.029184615384615,-0.635858181818179,29,-0.3412636363636352,18.983080167481788,0.7188516507000315,-0.8551071545359565,-0.09799577214968393,-0.2802196419428464
2022-11-11,18.21813636363636,19.79578,6.034873809523809,-1.5776436363636392,28,-1.49792272727273,21.050437639001185,-2.8323012753648236,-1.299666737521608,-0.40380230087191904,-0.6606469389892154
2022-11-14,17.598736363636363,19.67018,6.319232967032967,-2.071443636363636,25,-1.6636272727272754,18.772228775353053,-1.1734924117166905,-1.1611437823652342,-0.44777196874412006,-0.8207268216843846
2022-11-15,16.517968181818183,19.226930000000003,6.1481153846153855,-2.7089618181818196,24,-2.02396818181818,18.110712267311133,-1.5927440854929493,-1.230267274098807,-0.542965672205025,-1.0993144617943869
2022-11-16,16.63704090909091,19.089599999999997,6.741243956043958,-2.4525590909090873,23,-2.0752409090909083,17.5577949111395,-0.9207540020485894,-0.9573132688152981,-0.5563827374423248,-1.0713236565708095
2022-11-17,15.964941666666668,18.951066666666666,5.762000000000002,-2.9861249999999977,22,-3.736990151515151,17.62774315313927,-1.6628014864726026,-1.3930673690937052,-0.9972858807130044,-1.2448447347000602
2022-11-18,15.53040909090909,18.405733333333334,6.547296153846153,-2.8753242424242433,21,-2.6877272727272707,17.220126544622502,-1.6897174537134116,-1.034934541736694,-0.716808655620901,-1.353480851293883
2022-11-21,14.614308333333334,18.016666666666666,6.046346153846153,-3.402358333333332,18,-2.984428030303029,17.0766578308923,-2.462349497558968,-1.2554273874273547,-0.7913925986575836,-1.580853941871698
2022-11-22,14.059722727272728,17.615366666666667,5.674200000000001,-3.5556439393939385,17,-2.4582454545454553,17.13689943120007,-3.0771767039273428,-1.4130751011107427,-0.6467534095149389,-1.7108647100161574
2022-11-24,14.26125909090909,17.7911,6.05458041958042,-3.5298409090909093,15,-2.375781818181819,17.095247117696307,-2.8339880267872157,-1.2346563972626743,-0.6199524152316375,-1.6489040037604001
2022-11-25,14.495190909090908,17.79927,5.439814285714284,-3.3040790909090916,14,-1.4697507575757598,17.113205652536355,-2.618014743445446,-1.5009182330993707,-0.3762080741995836,-1.5818377746885335
2022-11-28,15.513931818181819,18.127033333333333,7.429566666666666,-2.6131015151515147,11,-0.016477272727271952,17.157452617964005,-1.643520799782186,-0.6135359930883744,0.010108054682137413,-1.3208880608811793
2022-11-29,16.048604545454545,18.36948,7.218003846153845,-2.3208754545454546,10,1.434296212121211,16.89541489494614,-0.8468103494915944,-0.7089093948269855,0.39333026285894185,-1.1846217345176036
2022-11-30,16.145854545454544,18.47298,5.998448351648353,-2.327125454545456,9,2.0861318181818156,15.841997846250475,0.30385669920406855,-1.251069314969088,0.5626181853930088,-1.1594413759624114
2022-12-01,15.543972727272727,18.32766,6.533838461538462,-2.783687272727274,8,1.2827136363636367,16.103728273988803,-0.559755546716076,-1.011727369211921,0.3465350268759578,-1.308904803537291
2022-12-02,17.415490909090906,19.012839999999997,5.481638461538459,-1.5973490909090913,7,2.9202999999999975,17.195750672738516,0.21974023635238993,-1.4805288584986998,0.7766718193431519,-0.8392773577102641
2022-12-05,17.31397916666667,18.303600000000003,5.39443076923077,-0.9896208333333334,39,1.800047348484851,15.963996204631187,1.349982962035483,-1.514101254520308,0.4764701641137556,-0.8675847673539034
2022-12-06,16.921227272727272,18.308891666666668,5.924303571428572,-1.3876643939393958,38,0.8726227272727272,15.453273696510086,1.4679535762171856,-1.2722579765998705,0.23026650836819385,-0.9663324858793564
2022-12-07,17.502166666666668,18.622008333333333,6.460646153846154,-1.119841666666666,37,1.3563121212121239,15.031275829413984,2.470890837252684,-1.033440427215167,0.35719332478337973,-0.8211330956016077
2022-12-08,17.548495454545453,18.718275,6.677076923076923,-1.1697795454545457,36,2.0045227272727253,14.969226447849602,2.579269006695851,-0.9301965982678604,0.5342274891534506,-0.80423985640903
2022-12-09,16.849186363636363,18.219213636363637,6.30624880952381,-1.370027272727274,35,-0.5663045454545426,15.103166150662291,1.7460202129740718,-1.10224769844787,-0.13908758219297881,-0.9752110531513433
2022-12-12,17.34637272727273,18.251068181818184,6.699592307692306,-0.904695454545454,32,0.032393560606060134,10.711734293908352,6.634638433364378,-0.9893294781349601,0.041508008015045714,-0.8454002405657317
2022-12-13,17.47151363636364,18.316672727272728,5.88870769230769,-0.8451590909090889,31,0.5502863636363671,10.16268761751732,7.308826018846318,-1.3853213810949077,0.20497656646965567,-0.8080192644067747
2022-12-14,15.549809090909092,17.260113636363634,6.0257844155844165,-1.7103045454545427,30,-1.952357575757576,10.476657297184454,5.073151793724637,-1.3135573184984293,-0.5130211923563086,-1.299161635155292
2022-12-15,14.480608333333333,17.122612500000002,6.047728571428571,-2.64200416666667,29,-3.06788712121212,10.562958550142678,3.9176497831906545,-1.294421823215942,-0.8349912064574903,-1.564442197578221
2022-12-16,15.931754545454545,18.05213181818182,6.251046153846154,-2.120377272727275,28,-0.917431818181818,12.482922789710365,3.4488317557441803,-1.1813305750852068,-0.20744383719263612,-1.1772114327660639
2022-12-19,16.8216,18.52102272727273,6.65366923076923,-1.6994227272727294,25,-0.5247727272727296,12.963928825172466,3.8576711748275336,-0.9737404824509734,-0.1041688038430716,-0.9404329207099331
2022-12-20,19.9179,20.16274,6.849833333333333,-0.24483999999999995,24,2.4463863636363605,15.388067650190232,4.529832349809768,-0.8722122832758621,0.7933360012405788,-0.13839486921704358
2022-12-21,19.3163,19.890572727272726,6.15066783216783,-0.5742727272727279,23,3.7664909090909067,15.10811046606949,4.208189533930508,-1.219296096657907,1.1992825242444025,-0.2954125593219464
2022-12-22,17.455127272727275,19.08495909090909,5.469128671328669,-1.6298318181818168,22,2.974518939393942,14.656470509378078,2.7986567633491966,-1.5513669858082584,0.9474970914082101,-0.7765780155174058
2022-12-23,18.202118181818182,19.630281818181817,5.985734999999998,-1.4281636363636352,21,2.270363636363637,14.861179859485421,3.340938322332761,-1.2850387580117186,0.7197245501747684,-0.5833468315145934
2022-12-26,17.08458636363636,19.034086363636362,4.773063846153846,-1.9495000000000005,18,0.26298636363636163,15.295895741651213,1.7886906219851486,-1.8723769466043865,0.08346001892032029,-0.8711260313286241
2022-12-27,16.948905,18.96605,5.426256060606061,-2.0171449999999993,17,-2.9689949999999996,15.376257962143514,1.5726470378564859,-1.5336560699587691,-0.9327388083940255,-0.9040726727283885
2022-12-28,16.591305,18.84894,5.227625,-2.2576350000000005,16,-2.724995,15.378540670566041,1.2127643294339574,-1.6202128166520846,-0.8555877851648668,-0.9982088696612066
2022-12-29,17.273325,19.291134999999997,5.573848333333331,-2.017809999999997,15,-0.18180227272727478,14.835609849365824,2.437715150634176,-1.4371801455807143,-0.05483607453644835,-0.8206542704539167
2022-12-30,17.834105,19.235695,4.702370454545452,-1.4015899999999988,14,-0.3680131818181813,14.181719735059476,3.6523852649405253,-1.8458269151901463,-0.1078241536123465,-0.6704638020229449
2023-01-04,18.422130000000003,19.484540000000003,5.5629846153846145,-1.0624099999999999,9,1.337543636363641,14.62605769509123,3.7960723049087726,-1.4121377221115334,0.4314499242522238,-0.5172048147407039
2023-01-05,17.473555,18.624245000000002,4.556736363636361,-1.1506900000000009,8,0.5246500000000012,14.73373895356151,2.7398160464384915,-1.8816353621534463,0.17356223412998906,-0.7614577685618173
2023-01-06,17.10959,18.020519999999998,3.505760606060605,-0.9109299999999969,7,0.5182850000000023,15.069859645755814,2.0397303542441865,-2.3550003707313993,0.17147475031388285,-0.8570653948752193
2023-01-10,17.160485,17.662039999999998,4.540514102564105,-0.5015549999999962,31,-0.1128399999999985,15.553823981900521,1.60666101809948,-1.8386324342858358,-0.03082225994423625,-0.846830150208471
2023-01-11,16.686484999999998,17.216839999999998,5.008396153846153,-0.5303550000000001,30,-1.1476200000000034,15.378578449933597,1.3079065500664004,-1.5999505249006403,-0.36741334196240094,-0.9704362334481923
2023-01-12,17.38624,17.572274999999998,5.59549487179487,-0.18603499999999684,29,-1.035890000000002,15.410390161850716,1.9758498381492853,-1.310321792951842,-0.33637382262064025,-0.7928027763043649
2023-01-13,17.326672727272726,17.35156818181818,5.663143181818183,-0.0248954545454545,28,-0.14688227272727516,15.593069339831937,1.7336033874407892,-1.2677332054890909,-0.0557200065521616,-0.8123716868636593
2023-01-16,18.555175,18.185695,5.907806293706294,0.36947999999999936,25,1.4455849999999977,15.316978885912771,3.238196114087227,-1.1431172363792348,0.451981770618924,-0.49648707130920333
2023-01-17,18.133195454545454,17.387386363636367,5.7328902097902095,0.7458090909090878,24,0.972710454545453,16.40149441324905,1.7317010412964038,-1.2156139614338672,0.29874442724623895,-0.6114016690386528
2023-01-18,16.129595454545452,16.173581818181816,5.726738461538462,-0.04398636363636399,23,-0.5568895454545455,18.18175906059815,-2.052163606052698,-1.2103346129908483,-0.19273370262911485,-1.139889490553808
2023-01-19,16.38464090909091,16.517022727272728,5.842307692307692,-0.1323818181818197,22,-1.0015990909090924,18.497383175009887,-2.1127422659189783,-1.14891270750766,-0.3299017181601149,-1.0675838488315612
2023-01-20,15.698205,16.158540000000002,5.022180128205129,-0.4603350000000024,21,-1.6284677272727262,16.447630370104786,-0.7494253701047864,-1.5227409951578477,-0.5261045242227861,-1.241424679024154
2023-01-23,16.286472727272727,16.199386363636364,4.8151846153846165,0.08708636363636302,18,-2.268702272727271,16.880009795127485,-0.5935370678547578,-1.6042603187404363,-0.7260442371414207,-1.0827939877588542
2023-01-24,16.445640909090912,16.316236363636364,4.91480769230769,0.12940454545454827,17,-1.6875545454545424,17.51794956372857,-1.0723086546376592,-1.5452244308366145,-0.5340057179772032,-1.0392267087575309
2023-01-25,16.13945,16.13104090909091,5.357660989010988,0.008409090909090366,16,0.009854545454548003,16.960603664876082,-0.821153664876082,-1.3311476997935208,0.017363863306785417,-1.1154676981355502
2023-01-26,15.94735,15.986981818181818,4.310323076923076,-0.03963181818181738,15,-0.4372909090909083,16.919775303698408,-0.9724253036984081,-1.7985694491401183,-0.12620000100344494,-1.1585760658792683
2023-01-27,15.462077272727274,15.626986363636362,4.930384615384616,-0.164909090909088,14,-0.23612772727272535,16.923857088299727,-1.4617798155724522,-1.4980793758864384,-0.060405930236825445,-1.2772855420245972
2023-01-30,15.603072727272728,15.446818181818182,5.413976923076923,0.1562545454545461,11,-0.6833999999999989,16.784444762187473,-1.1813720349147445,-1.2650501637175104,-0.20341157101106686,-1.2332727613758772
2023-01-31,16.259377272727274,15.551368181818182,5.721284615384615,0.7080090909090924,10,-0.18626363636363763,16.394312381134974,-0.1349351084076993,-1.1150429617320612,-0.03583791510477819,-1.0557770537362785
2023-02-01,17.368909090909092,15.884854545454546,6.751600549450551,1.484054545454546,9,1.2294590909090921,16.383405982954706,0.9855031079543863,-0.6369159153539871,0.42954706363128753,-0.7647874904244102
2023-02-02,15.852077272727271,14.935954545454546,5.617289010989012,0.9161227272727253,8,-0.09527272727272873,15.120392756217646,0.7316845165096257,-1.1491786652382594,0.0037046473783026884,-1.1458068536027035
2023-02-03,15.347972727272728,14.722331818181818,4.805796153846156,0.6256409090909099,7,-0.11410454545454662,15.11953765759699,0.22843506967573823,-1.5097487045145304,0.004838698862625825,-1.2649147634141371
2023-02-06,14.834727272727273,15.549931818181818,5.162903205128206,-0.7152045454545455,32,-0.7683454545454556,15.140314495235069,-0.30558722250779624,-1.3400447579202077,-0.20234381972340706,-1.3886339573341915
2023-02-07,14.850925,15.453345833333334,5.65152948717949,-0.6024208333333334,31,-1.4084522727272741,15.08989838455953,-0.23897338455953054,-1.105182687394661,-0.4112552113660992,-1.3751744319225594
2023-02-08,14.221818181818183,15.147227272727273,5.087197252747254,-0.9254090909090902,30,-3.1470909090909096,14.946649165874105,-0.724830984055922,-1.3543557493052776,-0.9979558237387494,-1.5375874598918478
2023-02-09,14.16914090909091,15.928541666666668,5.512269230769231,-1.759400757575758,29,-1.6829363636363617,14.967212191927661,-0.7980712828367515,-1.1498469507743765,-0.4927180058396262,-1.538007566906665
2023-02-10,14.423100000000002,16.249625,5.415387179487178,-1.8265250000000002,28,-0.9248727272727262,13.92821241264643,0.4948875873535723,-1.1849295651253753,-0.23223856515257005,-1.4585932116990346
2023-02-13,14.83613181818182,16.348041666666667,5.471092307692308,-1.5119098484848479,25,0.0014045454545463798,13.600278585967281,1.235853232214538,-1.1514306633385183,0.07845187014061697,-1.339409538000414
2023-02-14,14.14178181818182,15.888816666666667,5.078692307692309,-1.747034848484848,24,-0.709143181818181,13.232909979690731,0.9088718384910877,-1.3219109653262475,-0.1786957350537947,-1.5078859378868057
2023-02-15,13.040659090909092,15.57289,5.18892802197802,-2.5322309090909076,23,-1.181159090909091,10.555675691858472,2.48498339905062,-1.2607714238276506,-0.3681211224689231,-1.7742135333936941
2023-02-16,12.644340909090909,15.16615,5.025142307692306,-2.521809090909091,22,-1.5248000000000008,8.917855169805039,3.72648573928587,-1.324879460759061,-0.5028001481906909,-1.8567974967400156
2023-02-17,13.339672727272728,15.458749999999998,5.490635164835165,-2.119077272727271,21,-1.083427272727274,9.379442234022791,3.960230493249936,-1.1018296429130863,-0.3461177357646277,-1.6627598790683804
2023-02-20,13.430845454545455,15.434000000000001,5.725561538461541,-2.003154545454546,18,-1.405286363636364,8.355759462111706,5.075085992433749,-0.9859595661870407,-0.4650776116500594,-1.6242058522697327
2023-02-21,13.855818181818183,15.736820000000002,6.533369230769232,-1.8810018181818187,17,-0.2859636363636362,6.764275337963166,7.0915428438550165,-0.6092934846746878,-0.057054176197042034,-1.5050495376068338
2023-02-22,15.509627272727272,16.37275,6.438499999999998,-0.863122727272728,16,2.4689681818181803,8.237888678878129,7.271738593849143,-0.6470545446288848,0.9398528616251492,-1.0837312511268538
2023-02-24,13.61490909090909,15.781179999999999,5.834069230769231,-2.1662709090909082,14,0.9705681818181819,9.491597359726338,4.123311731182753,-0.9211543847587685,0.4034665980645047,-1.544435585675449
2023-02-27,13.917786363636363,16.080883333333333,5.578423076923077,-2.1630969696969693,11,0.5781136363636357,9.499052377759146,4.418733985877218,-1.0416400017615617,0.2683177104086413,-1.4574019212314153
2023-02-28,12.955850000000002,15.81907,5.406453846153848,-2.8632199999999983,10,-0.47499545454545355,9.480067908723328,3.475782091276674,-1.1213707971102345,-0.11740155159261703,-1.6806311658289599
2023-03-01,12.426436363636363,15.55094,5.021603296703297,-3.124503636363638,9,-1.4293818181818203,9.40437721461706,3.0220591490193023,-1.31538176689916,-0.46351497399177805,-1.792932483460472
2023-03-02,12.446922727272728,15.677109999999999,5.083759340659341,-3.230187272727271,8,-3.062704545454544,9.409586635357673,3.037336091915055,-1.28520537514243,-1.0624212340235717,-1.7690097724339073
2023-03-03,13.0568625,15.802908333333335,5.257192307692307,-2.7460458333333353,7,-0.5580465909090915,10.841490979663995,2.2153715203360047,-1.1960768447535683,-0.12703570805711317,-1.6045577090646874
2023-03-06,15.507586363636364,16.198230000000002,2.7126346153846157,-0.6906436363636388,39,1.5898000000000003,11.3827334331216,4.124852930514763,-2.4751030064418056,0.6748119838645158,-0.99570949724387
2023-03-07,15.401775,16.210016666666668,2.537528571428572,-0.8082416666666674,38,2.445924999999999,11.217370008417065,4.1844049915829356,-2.5640679677701503,1.0302955681696533,-1.0214674820271916
2023-03-08,15.897820833333334,16.628675,2.6715942857142885,-0.730854166666667,37,3.4713844696969716,11.277328393285382,4.620492440047952,-2.4806493527217017,1.4147221124867513,-0.8895555806933763
2023-03-09,16.336372727272725,16.8194,2.9527205128205125,-0.4830272727272771,36,3.8894499999999965,11.29095235121044,5.045420376062285,-2.336962313084542,1.57807673203467,-0.773706580751405
2023-03-10,16.415354545454544,17.033763636363638,4.153753571428572,-0.6184090909090934,35,3.358492045454545,13.084444662940742,3.3309098825138026,-1.7083995336813786,1.3653518020306723,-0.7472321401248828
2023-03-13,16.53456818181818,17.0283,4.533507692307692,-0.4937318181818213,32,1.0269818181818167,13.737730411351665,2.7968377704665155,-1.5234011238924001,0.478187104343172,-0.7123002671982014
2023-03-14,19.770436363636364,18.972431818181818,6.953423626373624,0.7980045454545461,31,4.368661363636363,15.605531177514157,4.164905186122207,-0.229483394957734,1.7357872510209893,0.13068506683119024
2023-03-15,17.558154545454546,17.95254090909091,4.40943076923077,-0.3943863636363645,30,1.6603337121212114,15.404369019875261,2.153785525579284,-1.5976662328317344,0.7191466632273164,-0.43836555151648204
2023-03-16,19.607809090909093,18.98722272727273,7.257861538461537,0.6205863636363631,29,3.2714363636363686,15.595809488357789,4.011999602551304,-0.039571381019872294,1.3334648591707141,0.11668022570329097
2023-03-17,17.39193636363636,17.686163636363638,6.18993076923077,-0.29422727272727656,28,0.9765818181818169,16.01254858847058,1.3793877751657817,-0.62132279701333,0.46764371220090223,-0.4747963674122858
2023-03-20,20.603065,19.446925,7.667964743589742,1.1561400000000006,25,4.068496818181821,16.611759798375626,3.9913052016243746,0.2088813224068373,1.6615287032924917,0.43191518992931766
2023-03-22,18.09335,17.83061818181818,6.2359692307692285,0.2627318181818197,23,-1.6770863636363629,18.093165838444786,0.0001841615552145015,-0.5873598180980145,-0.5588355405547764,-0.26849071831789945
2023-03-23,17.49466818181818,17.54554090909091,5.6601307692307685,-0.05087272727272918,22,-0.06348636363636473,18.087477266240807,-0.5928090844226261,-0.9069752443748853,0.06389580240610787,-0.43347891486890733
2023-03-24,16.13780909090909,17.41035909090909,4.718330769230768,-1.272549999999999,21,-3.4700000000000024,17.3914485739077,-1.253639482998608,-1.4336949929329619,-1.248020403128386,-0.827007272486134
2023-03-27,16.024027272727274,17.13411818181818,4.6209412087912085,-1.110090909090907,18,-1.3679090909090874,16.820006082404447,-0.7959788096771732,-1.4833840624219434,-0.43842223908941147,-0.8596881907717409
2023-03-28,14.73065,16.595713636363637,4.614114285714283,-1.8650636363636366,17,-5.872415,16.82219216243323,-2.091542162433228,-1.477883962488193,-2.1783922501340576,-1.2437235264876498
2023-03-29,14.511622727272727,15.875018181818183,4.942550000000001,-1.363395454545456,16,-3.5817272727272744,17.44742749328673,-2.935804766014005,-1.280305609601877,-1.2901976811137827,-1.3024649288191195
2023-03-30,14.425286363636364,15.927740909090911,5.356146153846156,-1.5024545454545475,15,-3.0693818181818173,17.501939496967772,-3.0766531333314084,-1.0350502092541873,-1.1031141404978304,-1.3185518508003844
2023-03-31,14.396822727272728,15.864036363636364,6.032342857142856,-1.4672136363636366,14,-1.7409863636363632,17.768714214878273,-3.371891487605545,-0.6420204912635106,-0.6043483886249554,-1.3162150355289417
2023-04-03,15.1463125,16.020654166666667,6.214932417582418,-0.8743416666666661,11,-0.8777147727272734,17.01680187451566,-1.8704893745156603,-0.5324013199329577,-0.2749704359564649,-1.0800107656300342
2023-04-04,13.980218181818183,15.487627272727273,6.604354761904762,-1.507409090909091,10,-0.7504318181818181,16.60024575834509,-2.6200275765269065,-0.30422639288327724,-0.22914676335692852,-1.4231682022408567
2023-04-05,15.7105125,16.443804166666666,6.722623076923078,-0.7332916666666662,9,1.1988897727272736,17.623060309467316,-1.9125478094673163,-0.2297831159477295,0.5446570634832195,-0.8897052619122966
2023-04-06,16.13682409090909,16.721586363636362,6.557976923076922,-0.5847622727272714,8,1.7115377272727272,17.937953843762916,-1.801129752853825,-0.31846083392463964,0.7487194977315734,-0.7537930871301891
2023-04-07,15.4451,16.45605,5.497884065934066,-1.0109500000000011,7,1.0482772727272724,17.738452920917076,-2.2933529209170764,-0.9290515119505455,0.48090421011122086,-0.9582387281535323
2023-04-10,15.947818181818182,16.41035,5.523391758241759,-0.46253181818181943,32,0.8015056818181812,16.947726889529502,-0.9999087077113202,-0.9073282444092775,0.3777031594920652,-0.7980191602823792
2023-04-11,15.680936363636363,16.264072727272726,5.431623076923078,-0.5831363636363633,31,1.7007181818181802,16.953620507833968,-1.272684144197605,-0.9535707751640027,0.7310935592141843,-0.8735347047147817
2023-04-12,15.220327272727273,15.863418181818181,5.747500000000002,-0.6430909090909083,30,-0.4901852272727272,14.833488708366197,0.3868385643610761,-0.7622322750488932,-0.15237735951252337,-1.0077295690097392
2023-04-13,14.90380909090909,15.608736363636364,5.44562142857143,-0.7049272727272733,29,-1.233015,14.830137751371868,0.07367133953722238,-0.9332998474774673,-0.46344283736023933,-1.0969646251634846
2023-04-14,14.751686363636363,15.443918181818182,5.970901398601399,-0.6922318181818188,28,-0.693413636363637,14.78210962355903,-0.030423259922667256,-0.6216335185689602,-0.24980657365002576,-1.1362250380244086
2023-04-17,14.313322727272727,15.064072727272727,5.3318468531468515,-0.75075,25,-1.6344954545454549,14.38399691792332,-0.07067419065059255,-0.9888682088699815,-0.6323984203340864,-1.2593573561560154
2023-04-18,13.970866666666666,14.819954166666667,5.286142857142858,-0.8490875000000013,24,-1.710069696969697,13.03115092182378,0.9397157448428857,-1.0075458272947373,-0.6581166055488937,-1.3514330322859063
2023-04-19,13.72854090909091,14.756236363636365,6.087204285714284,-1.027695454545455,23,-1.491786363636363,11.655220956136404,2.073319952954506,-0.5355294232688784,-0.565144994485769,-1.4121698998691932
2023-04-20,13.708504545454545,14.9015,5.92340194805195,-1.1929954545454553,22,-1.1953045454545457,11.571993818492555,2.1365107269619905,-0.625437480745637,-0.44029252740997,-1.4056593960440873
2023-04-21,13.421570833333334,14.749616666666666,6.287403246753245,-1.3280458333333325,21,-1.3301155303030292,11.672910500171641,1.748660333161693,-0.40765010860393686,-0.4892704429380582,-1.478585459903729
2023-04-24,13.217763636363637,14.678690909090909,6.830443506493506,-1.4609272727272717,18,-1.0955590909090898,11.669477615003377,1.5482860213602603,-0.08911669997960865,-0.3916242684429876,-1.5254509560109386
2023-04-25,13.24078181818182,14.563372727272727,6.727306923076924,-1.3225909090909074,17,-0.7300848484848466,11.674464154966579,1.5663176632152407,-0.14934638271976758,-0.24582848579235148,-1.5053182939914225
2023-04-26,13.876075,14.858149999999998,6.807122619047618,-0.9820749999999983,16,0.1475340909090903,11.305073639557211,2.5710013604427893,-0.10020874936369681,0.1123277831434529,-1.3061979643839405
2023-04-27,13.720345833333333,14.539750000000002,6.618305952380952,-0.8194041666666685,15,0.01184128787878791,11.175785481612895,2.5445603517204383,-0.20533385483621072,0.057379678585374454,-1.3406443850733227
2023-04-28,12.079468181818182,13.440395454545454,5.925948412698412,-1.360927272727272,14,-1.3421026515151517,11.729245546168551,0.3502226356496312,-0.6085834414701533,-0.5010907925032773,-1.8052940522810188
2023-05-01,12.443327272727274,13.567581818181818,5.286914285714284,-1.1242545454545443,11,-0.7744363636363634,11.982291972741296,0.46103529998597814,-0.9765248185668398,-0.26683300869976195,-1.6813065133082932
2023-05-02,12.476941666666667,13.530691666666666,7.22469155844156,-1.053749999999999,10,-0.7638401515151525,11.962205430380724,0.5147362362859429,0.1659297654398274,-0.260975537891376,-1.6551252727460934
2023-05-08,14.131308333333333,15.500725,5.5877678571428575,-1.369416666666666,32,0.255233333333333,10.365819697751899,3.765488635581434,-0.7914685299780748,0.15968316767185756,-1.1654402283399081
2023-05-09,13.650986363636363,15.215004545454546,5.571377142857143,-1.5640181818181826,31,-0.06935946969696971,9.248535463843293,4.40245089979307,-0.797665249859341,0.03347251951397195,-1.2974648999667926
2023-05-10,13.921595454545454,15.46239090909091,6.0125168831168825,-1.5407954545454565,30,1.8421272727272715,9.592341460128107,4.329253994417346,-0.5283099847065026,0.8295022330987634,-1.2093644511350254
2023-05-11,13.360622727272727,16.09705,6.330592207792206,-2.7364272727272727,29,0.917295454545453,9.623600028167862,3.7370226991048643,-0.3302352382476485,0.45585947692474355,-1.3636469246702405
2023-05-12,13.210995454545454,16.074025,6.020630000000001,-2.8630295454545447,28,0.7340537878787874,9.476996692657949,3.7339987618875057,-0.5121243551901802,0.3845780939748422,-1.3954270797344832
2023-05-15,13.654395454545455,16.095216666666666,6.002449999999998,-2.440821212121211,25,-0.47691287878787847,9.617769288064485,4.0366261664809695,-0.5193860903298133,-0.11429131451298231,-1.2636499262315213
2023-05-16,14.588095833333334,16.402,6.002473333333333,-1.813904166666667,24,0.9371094696969706,9.755908236618959,4.832187596714375,-0.5136156445035489,0.4931237004754436,-0.9872055124725168
2023-05-17,15.0645375,16.788066666666666,5.548819999999999,-1.7235291666666654,23,1.1429420454545465,9.400243553949377,5.664293946050623,-0.7935619725334275,0.5920145830770925,-0.8428069734654329
2023-05-18,18.239766666666668,18.210266666666666,4.057438095238094,0.029500000000002302,22,4.879143939393941,10.445392087235813,7.794374579430855,-1.7191874781627874,2.192526308160379,0.13356375432599243
2023-05-19,18.31478333333333,18.980233333333334,1.7259166666666665,-0.6654500000000034,21,5.103787878787877,10.53697562841754,7.777807704915791,-3.1176087676240214,2.282521298043382,0.1690544809492042
2023-05-22,17.1347375,18.190841666666667,2.9171644444444453,-1.0561041666666675,18,3.4803420454545453,10.496487117593647,6.638250382406353,-2.34660378934587,1.5740145348346866,-0.19125356754327147
2023-05-23,17.161337500000002,18.521725,5.3781066666666675,-1.360387499999998,17,2.573241666666668,10.879535410430902,6.2818020895691,-0.8277412419030709,1.1778326822716698,-0.17530853563246196
2023-05-24,16.442041666666668,17.81543333333333,6.470822051282049,-1.373391666666663,16,1.377504166666668,11.537524208995919,4.9045174576707495,-0.14603128901679016,0.6614227305593112,-0.40009660347774945
2023-05-25,15.8978125,17.568591666666666,4.978661666666667,-1.6707791666666658,15,-2.3419541666666674,11.498009960465518,4.399802539534482,-1.0654374748739537,-0.9433406212775157,-0.5705484885087801
2023-05-26,16.8868375,17.896575,5.837198333333333,-1.0097375,14,-1.4279458333333324,11.450736440615911,5.436101059384088,-0.5255534146985356,-0.5631931569425791,-0.24440043722776142
2023-05-29,17.529507692307693,18.075335714285714,5.04438787878788,-0.5458280219780214,11,0.3947701923076927,10.882485509139004,6.647022183168689,-1.0135992331549522,0.2264469849500204,-0.027650220143340103
2023-05-30,17.080258333333333,17.955516666666668,4.574516666666668,-0.8752583333333348,10,-0.08107916666666881,10.83381620475053,6.246442128582803,-1.297453740482314,0.013143584983364109,-0.16971461053068632
2023-05-31,17.49512307692308,17.804966666666665,7.307306666666669,-0.3098435897435863,9,1.0530814102564108,12.198768936097219,5.29635414082586,0.41978864135642924,0.507099373035917,-0.02762345005892741
2023-06-01,17.20468076923077,17.666316666666667,5.088686666666668,-0.4616358974358974,8,1.306868269230769,12.150724508478005,5.053956260752765,-0.9692319778017933,0.6161946243971895,-0.11767431928121794
2023-06-02,17.57073846153846,18.129935714285715,4.166102500000001,-0.5591972527472535,7,0.6839009615384626,12.496158793121399,5.074579668417062,-1.5414398816154244,0.3416762445503272,0.008629624555789405
2023-06-05,19.445446153846156,18.935742857142856,0.4256750000000018,0.5097032967033002,39,1.9159384615384631,13.290492761394898,6.154953392451258,-3.793451749801355,0.8772590045234226,0.6351152952749729
2023-06-06,18.60538076923077,18.842399999999998,2.344719999999999,-0.23701923076922782,38,1.525122435897437,13.243336915128406,5.362043854102364,-2.56549544476269,0.6986378275203649,0.3552130253766714
2023-06-07,19.642623076923076,19.253441666666667,2.9427749999999975,0.38918141025640907,37,2.1474999999999973,15.38726908054434,4.2553539963787355,-2.169669955870862,0.9674377054076021,0.6975195808689267
2023-06-08,19.82335,19.18655,2.8274644230769255,0.6368000000000009,36,2.618669230769232,16.01903829302575,3.80431170697425,-2.2089072139907815,1.1710145794949165,0.7536438533561612
2023-06-09,19.306665384615386,18.812080769230768,2.4684466666666687,0.4945846153846176,35,1.7359269230769243,16.858437052557125,2.4482283320582603,-2.3862763176077006,0.7709011266032739,0.5776822133045554
2023-06-12,18.881861538461536,18.643134615384618,2.1185062499999994,0.23872692307691779,32,-0.5635846153846202,16.812557561838197,2.0693039766233383,-2.550688168128175,-0.2724871991540682,0.4334758303211196
2023-06-13,19.82055,18.825026923076923,2.029,0.9955230769230781,31,1.2151692307692308,17.450101589227934,2.3704484107720667,-2.557954889485911,0.5275781837187418,0.7397892918363679
2023-06-14,20.641453846153848,19.336915384615384,1.165120833333333,1.3045384615384634,30,0.9988307692307714,17.74106493382607,2.9003889123277773,-2.9897353005323297,0.42792093950224425,1.007052381740178
2023-06-15,20.848084615384614,19.27273076923077,3.748709821428573,1.5753538461538454,29,1.024734615384613,17.407072274552736,3.441012340831879,-1.509098501421595,0.4383123396753197,1.0690562967433739
2023-06-16,19.059782142857145,18.54626785714286,3.4016291666666696,0.5135142857142867,28,-0.2468832417582405,17.385980009007273,1.6738021338498719,-1.6877019922932779,-0.1375546980520705,0.4746840801744842
2023-06-19,18.960384615384616,18.414753846153847,2.303535,0.5456307692307689,25,0.07852307692308003,18.030070105950198,0.9303145094344174,-2.2714546537460025,0.013016027886762625,0.44071292509763027
2023-06-20,18.275784615384616,18.193846153846152,3.642816249999999,0.08193846153846351,24,-1.5447653846153848,17.83955582029631,0.43622879508830437,-1.5113876935641817,-0.7196841940671967,0.21516556693216038
2023-06-21,18.92641785714286,18.114275,2.5255374999999987,0.8121428571428595,23,-1.715035989010989,17.200807190813567,1.7256106663292918,-2.1151900649008066,-0.7944181264828862,0.4405341451651475
2023-06-22,19.09491923076923,18.446753846153847,3.32950568181818,0.6481653846153819,22,-1.7531653846153858,17.88524743612746,1.2096717946417677,-1.6522738974515756,-0.8123765316636933,0.5098663228192066
2023-06-23,20.288065384615386,18.824103846153847,4.086000000000002,1.4639615384615396,21,1.2282832417582412,19.051460546985176,1.2366048376302103,-1.2258051067989066,0.6245061786935675,0.9282277488166529
2023-06-26,19.73913076923077,18.5567,3.9779982142857158,1.1824307692307698,18,0.7787461538461535,18.94207682172327,0.7970539475075,-1.2771693107771525,0.42230293139683467,0.7528619378914455
2023-06-27,18.680269230769234,18.260557692307692,2.9970387500000015,0.4197115384615415,17,0.404484615384618,19.110507768443096,-0.430238537673862,-1.8261885080694702,0.2554617265371281,0.40404353069821813
2023-06-28,18.744264285714287,17.857642857142856,3.4390153409090907,0.8866214285714307,16,-0.18215357142857158,19.146120876376575,-0.4018565906622875,-1.5622890714829503,-0.03668019431538938,0.44117415734305515
2023-06-29,18.402723076923078,17.755396153846153,3.163617613636365,0.6473269230769247,15,-0.692196153846151,19.077538410682198,-0.6748153337591205,-1.6989230283804682,-0.2980382613333789,0.3274004964684136
2023-06-30,17.592210714285713,17.499346428571428,2.8815017045454567,0.09286428571428473,14,-2.6958546703296733,18.851676045884233,-1.2594653315985198,-1.8373319164482924,-1.3082691508811595,0.04626985606308479
2023-07-03,18.92441923076923,17.737446153846154,3.387012500000001,1.1869730769230777,11,-0.8147115384615375,18.26235807847337,0.6620611522958626,-1.5472835776506206,-0.36141287561006363,0.5301951956769086
2023-07-04,18.24876785714286,17.492753571428572,4.5466402777777795,0.7560142857142864,10,-0.4315013736263751,18.575298709530287,-0.3265308523874282,-0.8930943043666228,-0.17891025156302945,0.29126914386107694
2023-07-05,17.389046153846152,17.12971153846154,4.70212875,0.25933461538461344,9,-1.355218131868135,17.128335467846366,0.2607106859997863,-0.7995124789238518,-0.662766169296625,-0.01385385146877931
2023-07-06,17.826034615384614,17.37066153846154,5.081588749999998,0.45537307692307394,8,-0.5766884615384633,18.081354240192734,-0.25531962480812,-0.5820555793130817,-0.265895898451584,0.14710766788190588
2023-07-07,18.664773076923076,18.284765384615383,3.7974274999999977,0.38000769230769293,7,1.0725623626373633,17.405272576466892,1.2595005004561841,-1.293499037708058,0.5811008189157945,0.4542212017423749
2023-07-10,19.016083333333334,18.551383333333334,5.023118749999998,0.46470000000000056,31,0.09166410256410273,17.437617819286732,1.5784655140466022,-0.5990435584838393,0.07282248235109817,0.5886125635511819
2023-07-11,18.549423076923077,18.484949999999998,4.46548125,0.06447307692307902,30,0.3006552197802179,16.0623546823513,2.487068394571775,-0.9071988879981843,0.18552970881484723,0.4280097412059694
2023-07-12,19.018666666666668,18.842958333333332,5.6113,0.17570833333333624,29,1.629620512820516,15.090589328068063,3.928077338598605,-0.2546390795192073,0.8744252539620152,0.6081774360109777
2023-07-13,18.11684230769231,18.128303846153848,3.3079745833333334,-0.011461538461539078,28,0.29080769230769477,16.27087150065582,1.8459708070364904,-1.5466487775320839,0.18202244234100054,0.2804584069112371
2023-07-14,18.15984230769231,18.24571153846154,5.6412245833333365,-0.08586923076923014,27,-0.5049307692307679,15.986455008995465,2.173387298696843,-0.21972012383649675,-0.2267945047676717,0.30434635429776014
2023-07-18,18.195934615384616,18.130126923076922,6.680804583333334,0.06580769230769334,23,-0.8201487179487188,15.792708827734975,2.4032257876496406,0.37457835051027233,-0.39099252508770316,0.3230972934384742
2023-07-19,17.973365384615384,17.89461153846154,3.8148267857142883,0.07875384615384462,22,-0.5760576923076925,16.512613051640564,1.4607523329748204,-1.249492404762084,-0.2660819440136783,0.24601792870889105
2023-07-20,18.19808076923077,17.823515384615384,6.002242500000001,0.37456538461538713,21,-0.8205858974358975,16.83105799710862,1.3670227721221515,0.0013194665245699463,-0.3944128777337234,0.33569166929294353
2023-07-21,18.21975,17.933965384615384,5.652337500000002,0.2857846153846175,20,0.10290769230769214,16.664154793256436,1.5555952067435648,-0.19294828753143162,0.0875559685846805,0.35068703425091663
2023-07-24,18.63018846153846,17.82969230769231,6.372127678571427,0.8004961538461508,17,0.4703461538461511,16.57382358230564,2.05636487923282,0.22708443393774785,0.27566384144417694,0.511733731663701
2023-07-25,18.211726923076924,17.364326923076923,5.229423750000002,0.8474000000000004,16,0.015792307692308327,16.5506944544971,1.6610324685798226,-0.4288443735366563,0.037966880271799404,0.35727677877900926
2023-07-26,17.870196153846152,16.949065384615384,6.018719999999998,0.9211307692307678,15,-0.10316923076923246,16.45102432772817,1.4191718261179815,0.03262759676088388,-0.0264316790339016,0.23094124742112035
2023-07-27,18.36491923076923,16.93991923076923,5.407565178571428,1.4250000000000007,14,0.16683846153846105,14.950764176516671,3.4141550542525607,-0.3164756509627197,0.11170071547436616,0.4228387850965302
2023-07-28,16.969661538461537,16.389623076923076,4.41799,0.5800384615384608,13,-1.2500884615384642,14.988570743845708,1.9810907946158292,-0.8857836824315837,-0.6312615076050545,-0.10810812368833575
2023-07-31,16.921775,16.737460714285714,3.7402187500000004,0.18431428571428654,10,-1.7084134615384592,15.703542998874894,1.2182320011251058,-1.2695612803957521,-0.8743824072622147,-0.12411807979345885
2023-08-01,16.357846153846154,16.405334615384618,5.892908333333331,-0.047488461538463866,9,-1.85388076923077,14.816150118722945,1.5416960351232092,-0.018905476578131207,-0.9552479857782652,-0.3382766571847801
2023-08-02,19.1571,17.641434615384618,7.64168035714286,1.5156653846153816,8,1.286903846153848,16.60152073233426,2.5555792676657383,0.9966183457925795,0.6888143592153305,0.7334259106173575
2023-08-03,20.013511538461536,18.7768,6.478630833333334,1.2367115384615346,7,1.6485923076923044,17.52691808997036,2.4865934484911776,0.3242062705417103,0.8719885385038911,1.056043379282519
2023-08-04,18.653008333333332,18.1432125,5.190706250000002,0.5097958333333317,35,1.6833467948717953,16.582523461212087,2.070484872121245,-0.41996559146803214,0.8831626472010208,0.5335228562439919
2023-08-07,18.441584615384613,17.910434615384617,3.9734871794871793,0.5311499999999967,32,1.519809615384613,16.093120258373368,2.3484643570112453,-1.1192515091983324,0.7905011742537544,0.4496634561731621
2023-08-08,18.11082692307692,17.708896153846155,5.814479047619045,0.4019307692307663,31,1.752980769230767,15.992787780212542,2.1180391428643794,-0.046230474590813996,0.9060849651931969,0.3196682821104894
2023-08-09,18.018176923076922,17.743130769230767,4.959732142857142,0.27504615384615505,30,-1.1389230769230778,16.11749941815294,1.9006775049239835,-0.538258544168329,-0.6236431678330565,0.2809554775762443
2023-08-10,17.16842692307692,17.396678571428573,3.5493266666666656,-0.22825164835165168,29,-2.8450846153846143,16.07754130824673,1.0908856148301922,-1.3530109848832639,-1.5125209531059587,-0.042769954447431334
2023-08-14,17.857679166666664,17.54481666666667,4.678049519230768,0.31286249999999427,25,-0.7953291666666686,15.884577692117292,1.973101474549372,-0.6861279160327108,-0.43324516583171824,0.21917378099092613
2023-08-15,16.979111538461538,17.28077857142857,4.695293846153849,-0.3016670329670319,24,-1.4624730769230752,16.031461986036813,0.9476495524247248,-0.6703572417056197,-0.7831772764697489,-0.11945873239343648
2023-08-16,18.13966153846154,17.90797142857143,5.5112848484848485,0.23169010989010985,23,0.028834615384617734,16.771761558573093,1.3678999798884455,-0.18569577392887335,-0.00020611484090482396,0.32054576930501716
2023-08-17,17.81267692307692,17.870866666666668,4.245454545454546,-0.05818974358974671,22,-0.20550000000000068,16.02997752058994,1.7826994024869798,-0.925179665522684,-0.12157641233562395,0.193145454160099
2023-08-18,17.495158333333332,17.886341666666667,4.263036666666668,-0.3911833333333341,21,0.3267314102564107,15.617753651361193,1.8774046819721395,-0.9075209354650104,0.1556704346099375,0.07048723427273558
2023-08-21,17.997979166666667,17.906166666666667,5.056653939393939,0.09181249999999963,18,0.14030000000000342,15.644829759248626,2.353149407418041,-0.4334435188940603,0.06003625787751119,0.2634403285866598
2023-08-22,16.744880769230768,17.4313,4.305636666666668,-0.6864192307692321,17,-0.2342307692307699,15.33587089639075,1.4090098728400182,-0.8714142089492558,-0.13571735030406695,-0.21847621047968513
2023-08-23,16.4556,17.108114285714286,5.0270383333333335,-0.652514285714286,16,-1.6840615384615383,15.488240168854492,0.967359831145508,-0.4408575069737864,-0.8932249016557858,-0.3293957319240845
2023-08-24,15.663365384615386,16.89575,5.017035576923078,-1.232384615384614,15,-2.1493115384615358,15.863637946525131,-0.2002725619097454,-0.44317657996272714,-1.1334571721317899,-0.6335174503771356
2023-08-25,17.147750000000002,17.543033333333334,5.183292727272729,-0.39528333333333165,14,-0.34740833333333043,17.125797182420975,0.02195281757902734,-0.3425390882272021,-0.18678348736700506,-0.06569396837682011
2023-08-28,16.710534615384617,16.850833333333334,4.797299107142855,-0.14029871794871696,11,-1.28744455128205,18.385323079844554,-1.6747884644599367,-0.5662540787212618,-0.6848429506311038,-0.2350958799249304
2023-08-29,15.908507692307694,16.769985714285713,5.0614430769230765,-0.8614780219780194,10,-0.8363730769230742,17.72742140323855,-1.8189137109308575,-0.4065712940276939,-0.4470986308774071,-0.5448699853268417
2023-08-30,15.234538461538463,16.665241666666667,5.293288095238093,-1.4307032051282036,9,-1.2210615384615373,17.38327903259,-2.148740571051537,-0.26355253289159103,-0.6480296562426306,-0.8022078487295199
2023-08-31,14.198157692307692,16.246475,5.4440333333333335,-2.048317307692308,8,-1.4652076923076933,15.773519867270025,-1.5753621749623328,-0.16688476649953257,-0.7705987391420508,-1.19266676413417
2023-09-01,13.939684615384614,16.24197142857143,4.829044642857145,-2.3022868131868144,7,-3.208065384615388,14.4930973186879,-0.5534127033032856,-0.5290939193508679,-1.6719649903522236,-1.2834035538219852
2023-09-04,15.063539285714285,16.257642857142855,2.8810200000000012,-1.1941035714285704,39,-1.6469953296703324,14.654995751820108,0.40854353389417675,-1.6847785982510057,-0.849352774361278,-0.8528173368039637
2023-09-05,15.300176923076922,16.31149285714286,3.6019302884615367,-1.0113159340659372,38,-0.608330769230772,14.666906763875776,0.633270159201146,-1.2420269110809814,-0.30388681520819094,-0.7624043373694376
2023-09-06,15.271796153846154,16.421557142857143,3.150610416666666,-1.1497609890109892,37,0.037257692307690604,14.74635590711192,0.5254402467342345,-1.5095475378594907,0.041551109240317116,-0.7669927963469968
2023-09-07,16.001438461538463,17.044021428571426,3.673866826923076,-1.0425829670329634,36,1.8032807692307706,14.89759625149947,1.1038422100389926,-1.1873048187021984,0.9668611813722612,-0.48652811400035395
2023-09-08,15.743546153846154,17.069242307692306,3.1293595238095246,-1.3256961538461525,35,1.8038615384615397,15.319739598584139,0.42380655526201494,-1.5067748757463455,0.9616756843051897,-0.5831136497855396
2023-09-11,15.570942307692308,16.598976923076926,3.3099171428571417,-1.0280346153846178,32,0.507403021978023,14.64109878735097,0.929843520341338,-1.3932082834342876,0.28781816606152755,-0.6440421841304866
2023-09-12,15.012465384615385,16.206857692307693,2.7341589285714285,-1.1943923076923078,31,-0.2877115384615365,14.878438781878819,0.13402660273656686,-1.731141249004462,-0.1265943616825096,-0.851607341825067
2023-09-13,15.142357692307693,16.196596153846155,3.69184951923077,-1.0542384615384623,30,-0.12943846153846117,13.75822072382888,1.3841369684788134,-1.1351096971379389,-0.04585207326782545,-0.7969839270477174
2023-09-14,14.695615384615383,16.08800769230769,2.7300562500000023,-1.3923923076923082,29,-1.3058230769230796,14.25916301936584,0.43645236524954356,-1.7059468577826706,-0.6651358587160228,-0.9604629278321613
2023-09-15,14.659073076923077,16.272334615384615,2.671921022727272,-1.613261538461538,28,-1.0844730769230768,14.243939824689786,0.4151332522332911,-1.7233924253124189,-0.5423109628916679,-0.9670609900790071
2023-09-19,15.040084615384615,16.419057692307693,3.3661458333333325,-1.378973076923078,24,-0.5308576923076931,14.854460195745437,0.18562441963917742,-1.291355897038394,-0.2487885745408417,-0.8172000618050846
2023-09-20,15.346,16.640553846153846,3.230008653846154,-1.2945538461538462,23,0.3335346153846146,14.981604434890869,0.36439556510913107,-1.3619576668234212,0.20878314077065221,-0.697532337560397
2023-09-21,16.243953846153847,17.040796153846152,3.5163200000000003,-0.7968423076923052,22,1.1015961538461543,15.913591277968786,0.3303625681850608,-1.1794553931078084,0.612195615279375,-0.3564639967346898
2023-09-22,15.962823076923078,16.88626153846154,2.794126666666667,-0.9234384615384617,21,1.2672076923076947,15.77619881373369,0.18662426318938863,-1.5993357495055487,0.6944930952257398,-0.4620314215839533
2023-09-25,15.730888461538463,16.59878846153846,3.5423019047619047,-0.8678999999999988,18,1.0718153846153857,13.939565450323855,1.7913230112146081,-1.1413822749172142,0.5879467285925966,-0.5454237617006805
2023-09-26,16.312383333333333,17.026495833333335,3.953351785714286,-0.7141125000000024,17,1.2722987179487184,13.382388710193371,2.9299946231399616,-0.8882210706523362,0.6908327038033101,-0.32308468561277004
2023-09-27,16.141776923076925,16.966380769230767,4.188122380952379,-0.8246038461538419,16,0.7957769230769252,13.382205968310817,2.759570954766108,-0.7412487891863438,0.43940344744464127,-0.3839473827991012
2023-09-28,17.4005,17.644046153846155,5.492623333333334,-0.24354615384615386,15,1.1565461538461541,14.438245389379276,2.9622546106207253,0.04586843728049424,0.6333180506415677,0.0947295055897422
2023-09-29,16.996411538461537,17.316365384615388,5.439821666666667,-0.3199538461538509,14,1.033588461538459,13.995686679897299,3.0007248585642383,0.019040882952357382,0.5800344816654774,-0.053091335448507186
2023-10-02,18.54755,17.67210769230769,4.7621036363636335,0.8754423076923104,11,2.8166615384615383,13.929422394182762,4.618127605817239,-0.3888439111516679,1.5252825616776842,0.5381198499969692
2023-10-03,20.540961538461538,18.539853846153846,6.881399999999999,2.0011076923076914,10,4.228578205128205,14.530562700053714,6.0103988384078235,0.8958107227863181,2.2929772813485667,1.3091737776108736
2023-10-04,23.193645075757576,20.03302083333333,8.75205,3.1606242424242446,9,7.051868152680651,16.048147533980828,7.145497541776749,2.023107123363401,3.723479417205644,2.3171556433785656
2023-10-05,20.463025000000002,19.004495833333333,5.47669435897436,1.4585291666666684,8,3.062525000000001,17.489030187872768,2.973994812127234,0.05454508046706425,1.648556047976343,1.2956953820856925
2023-10-06,20.4593,19.18203076923077,5.784015384615387,1.2772692307692282,7,3.462888461538462,17.420272569681032,3.039027430318967,0.2630853678116922,1.850428669531913,1.3053310016028323
2023-10-10,19.36953076923077,19.08963076923077,5.430520000000001,0.27990000000000137,31,0.8219807692307697,19.559011128217747,-0.18948035898697668,0.055297444268244324,0.47222340357420906,0.9073193578894763
2023-10-11,18.84274166666667,18.5264375,5.23901875,0.3163041666666686,30,-1.698219871794869,19.692369466006625,-0.8496277993399559,-0.05314787431003213,-0.8793482091527252,0.7227830510344991
2023-10-12,18.990884615384616,18.57851923076923,3.4774357142857113,0.4123653846153843,29,-4.202760460372961,20.42166581520477,-1.430781199820153,-1.232664203388635,-2.2007874256585356,0.7934181217962684
2023-10-13,18.72609166666667,18.499708333333334,6.204306250000002,0.2263833333333345,28,-1.736933333333333,20.49414519148726,-1.7680535248205906,0.6322759068780844,-0.8925550848201609,0.6909504717244241
2023-10-16,20.437415384615385,19.784207692307692,5.86123375,0.6532076923076922,25,-0.021884615384614392,20.89230541587819,-0.45489003126280636,0.4041219510611651,0.024065005289057625,1.3877536651694211
2023-10-17,19.71640769230769,19.273738461538464,6.16424125,0.4426692307692264,24,0.34687692307691975,20.981796247014252,-1.2653885547065613,0.6161461166911323,0.21559168664876602,1.0992184522469028
2023-10-18,19.69143076923077,19.321203846153846,5.922044166666669,0.37022692307692395,23,0.8486891025641015,20.856137789279938,-1.1647070200491676,0.45880093106952274,0.4854270671565147,1.1141424690420847
2023-10-19,21.313091666666665,20.4567375,6.689315714285716,0.8563541666666659,22,2.3222070512820494,21.70748779890286,-0.39439613223619574,1.0039428551777452,1.2870289004761428,1.8144401614988919
2023-10-20,22.1328,21.021073076923077,7.259259047619047,1.1117269230769224,21,3.406708333333331,21.328558216363767,0.8042417836362326,1.414743721374781,1.8865426995574772,2.191154205401939
2023-10-23,22.79625769230769,21.280865384615385,6.115641538461539,1.5153923076923057,18,2.3588423076923064,21.41930461234641,1.3769530799612824,0.6156879413219895,1.3165206828641853,2.4740558293925647
2023-10-24,21.715804166666665,20.710191666666667,4.482594358974357,1.005612499999998,17,1.9993964743589743,21.111650930015678,0.604153236650987,-0.5347227784807748,1.1221025403993405,2.031890098269936
2023-10-25,21.01231923076923,20.055742307692306,5.91494619047619,0.9565769230769234,16,1.320888461538459,21.092147056588413,-0.07982782581918357,0.4888661186746724,0.7438558104155993,1.735216906867532
2023-10-26,23.3369125,21.6443625,5.625319393939392,1.6925500000000007,15,2.0238208333333354,22.193213175685056,1.1436993243149445,0.2846048836387885,1.12317012957141,2.706096480250448
2023-10-27,21.887307692307694,20.749946153846153,5.227899999999998,1.1373615384615405,14,-0.2454923076923059,22.304800779479358,-0.417493087171664,0.0052553943685211164,-0.1356053684930631,2.08947519023587
2023-10-30,23.978458333333336,21.476666666666667,5.5764733333333325,2.5017916666666693,11,1.182200641025645,22.486875841619206,1.49158249171413,0.2594676257019739,0.6515574247749011,2.9534122506719376
2023-10-31,21.313111538461538,20.214865384615386,4.553957575757575,1.0982461538461514,10,-0.4026926282051271,22.62118430261076,-1.3080727641492231,-0.4693133408577513,-0.22704549228308338,1.8412017578843018
2023-11-01,19.692226923076923,19.35575769230769,5.408683749999998,0.3364692307692323,9,-1.3200923076923061,23.5572094833462,-3.864982560269276,0.15198421745185986,-0.7316501163779138,1.1615656253298487
2023-11-02,17.9769875,18.704904166666665,5.876532083333334,-0.7279166666666654,8,-5.3599250000000005,22.08338446586758,-4.106396965867582,0.4968761866118252,-2.9058189129417413,0.4356777879212579
2023-11-06,18.27522692307692,17.646734615384617,5.197875961538465,0.628492307692305,32,-3.612080769230772,22.693996130973314,-4.418769207896393,0.01250229375423135,-1.935374850592316,0.5719525200334067
2023-11-07,18.296038461538462,17.659253846153845,5.226906666666665,0.6367846153846166,31,-5.682419871794874,23.33802072864373,-5.0419822671052685,0.046794671553015615,-2.9919430033145114,0.5886148446506728
2023-11-08,18.30132692307692,17.733930769230767,5.6012249999999995,0.567396153846154,30,-3.0117846153846166,21.89874773088967,-3.5974208078127496,0.33921587659333907,-1.5672133591335624,0.5989082452160674
2023-11-09,17.821046153846154,17.721899999999998,5.547876666666667,0.09914615384615644,29,-1.8711807692307687,22.402455809526632,-4.581409655680478,0.30812324972564037,-0.9622052706758352,0.3938983820223895
2023-11-10,18.068465384615386,17.979566666666667,5.341919583333333,0.08889871794871951,28,0.09147788461538653,21.586882298086802,-3.518416913471416,0.15805615684484597,0.0744318149440929,0.5078185946698821
2023-11-13,18.040342307692306,17.811525,5.306400892857141,0.22881730769230657,25,-0.23488461538461536,21.484303857337636,-3.44396154964533,0.1328834125411831,-0.10082810155867597,0.4996203248858063
2023-11-14,17.107607692307695,17.57265,4.93858701923077,-0.46504230769230404,24,-1.1884307692307665,20.018075795470715,-2.9104681031630193,-0.1465637445970967,-0.6082286729528282,0.09096374805039566
2023-11-15,16.725726923076923,17.31045,4.6521374999999985,-0.5847230769230762,23,-1.575599999999998,21.382504388867368,-4.656777465790444,-0.3633069224950769,-0.8172641374419697,-0.07522487895973215
2023-11-16,17.06973214285714,17.340485714285713,4.693569886363637,-0.27075357142857115,22,-0.7513140109890131,21.44693020881697,-4.377198065959828,-0.32568800765287126,-0.38045714804287867,0.08044449437390414
2023-11-17,16.40996785714286,17.35947857142857,4.362589999999997,-0.9495107142857115,21,-1.6584975274725267,19.910672520942992,-3.500704663800132,-0.5753291596835389,-0.8594686992106358,-0.20757010763239822
2023-11-20,16.549053846153846,17.34943333333333,5.490849999999998,-0.8003794871794838,18,-1.4912884615384598,19.936036480576377,-3.3869826344225302,0.301413407422118,-0.7705889947791991,-0.14271810993301173
2023-11-21,15.856819230769231,17.150266666666667,5.009508333333336,-1.293447435897436,17,-1.2507884615384643,19.534125000627213,-3.6773057698579823,-0.06820939566460817,-0.644013272846051,-0.4483147088002422
2023-11-22,15.302878571428572,16.82432142857143,5.456827083333334,-1.5214428571428584,16,-1.4228483516483514,19.526730314000247,-4.223851742571675,0.2820047145777293,-0.7376675864098265,-0.6925650425748542
2023-11-24,14.420811538461539,16.4581,5.602983522727271,-2.0372884615384628,14,-2.6489206043956024,19.50407222088953,-5.083260682427991,0.4004673450006703,-1.3874300975469653,-1.079149510753756
2023-11-27,15.580185714285715,16.413107142857143,6.305547916666665,-0.8329214285714279,11,-0.8297821428571446,17.458805318286842,-1.878619604001127,0.9460602048932844,-0.42923816344589616,-0.562923826377825
2023-11-28,15.34165,16.25315,6.802362499999997,-0.911500000000002,10,-1.2074038461538468,17.285287703315976,-1.9436377033159769,1.3313243542375,-0.636794190002233,-0.6684500758151753
2023-11-29,15.09837142857143,16.374428571428574,6.7337145833333345,-1.2760571428571446,9,-0.7584478021978018,16.743430929149188,-1.6450595005777586,1.2729917979467529,-0.40211556020963857,-0.7779773740114422
2023-11-30,14.403715384615385,16.105235714285712,5.6373729166666635,-1.701520329670327,8,-0.8991631868131869,16.74101473561287,-2.3372993509974833,0.42100257751205516,-0.4829239281513806,-1.088212879427355
2023-12-01,13.887035714285714,15.945164285714286,5.740393750000003,-2.058128571428572,7,-0.5337758241758248,15.1285375690835,-1.2415018547977859,0.5023527703358039,-0.2898345074676223,-1.3163628130994272
2023-12-04,15.148138461538462,16.167442857142856,4.675450000000001,-1.0193043956043937,39,-0.4320472527472532,15.115801432382908,0.032337029155554475,-0.3235308183377358,-0.2370616348008801,-0.7576567177413355
2023-12-05,15.477653846153846,16.655457142857145,4.293012083333336,-1.1778032967032992,38,0.1360038461538462,13.818142110532905,1.6595117356209403,-0.6148913233058828,0.07168840993593073,-0.6109233919464827
2023-12-06,15.341628571428572,16.479385714285712,4.025600000000001,-1.13775714285714,37,0.24325714285714284,14.589944557318196,0.751684014110376,-0.8176812019061126,0.13277277696466716,-0.6697774646274278
2023-12-07,16.114707692307693,17.40035,4.1165553571428575,-1.2856423076923065,36,1.7109923076923081,16.080468538585063,0.03423915372263053,-0.7403355213246627,0.9339068958884339,-0.325904798820859
2023-12-08,17.574829166666667,18.1722125,4.7672375,-0.5973833333333332,35,3.6877934523809532,16.42014641718893,1.154682749477736,-0.22419870303791214,1.9924193138107256,0.3200101529438008
2023-12-11,16.94240769230769,17.755784615384616,4.479140000000001,-0.8133769230769268,32,1.7942692307692276,17.279603078184046,-0.3371953858763561,-0.44791984745700747,0.9727229482068436,0.039466371967393665
2023-12-12,16.441296153846153,17.197815384615385,5.356176785714288,-0.7565192307692321,31,0.9636423076923073,17.2851560384158,-0.8438598845696461,0.24292236483581767,0.5241496434011699,-0.18198281968236282
2023-12-13,15.766542307692308,16.821888461538464,4.953247142857142,-1.0553461538461555,30,0.4249137362637363,17.267682975826833,-1.501140668134525,-0.07144946378901146,0.23223116571387165,-0.4799839201898189
2023-12-14,16.20072857142857,16.960796428571427,5.3494424999999985,-0.7600678571428574,29,0.08602087912087697,14.808152032243454,1.3925765391851161,0.2449393444464143,0.0506730165771175,-0.2845682771264715
2023-12-15,15.15746923076923,16.62153076923077,4.9481214285714294,-1.4640615384615394,28,-2.417359935897437,15.202583454389037,-0.04511422361980699,-0.06698830473343613,-1.301780017767989,-0.7437052434062382
2023-12-18,16.449346153846154,17.097184615384617,4.784928750000002,-0.6478384615384627,25,-0.4930615384615358,15.188344096559508,1.261002057286646,-0.1919678423221855,-0.25504646528005537,-0.16889588003007563
2023-12-19,14.711107692307692,16.1728,4.5623903846153855,-1.4616923076923065,24,-1.7301884615384608,15.995842614361933,-1.2847349220542412,-0.36320899070003027,-0.9227481671142715,-0.9351165859666852
2023-12-20,14.531832142857143,16.124114285714285,2.9437130681818164,-1.592282142857142,23,-1.2347101648351657,16.733224126872944,-2.2013919840158014,-1.63677349913685,-0.649367519248454,-1.0075908911945892
2023-12-21,14.495661538461537,16.45193846153846,3.793544711538461,-1.9562769230769241,22,-1.7050670329670332,17.691035460409978,-3.195373921948441,-0.9548989037381037,-0.9056767776183168,-1.0202586129460502
2023-12-22,14.001038461538462,16.247603846153844,4.498213461538462,-2.2465653846153817,21,-1.1564307692307683,17.5742579965149,-3.5732195349764364,-0.39157122720166276,-0.6147226011440304,-1.2369347361400476
2023-12-25,14.06578846153846,16.051346153846154,4.268132692307692,-1.9855576923076939,18,-2.3835576923076935,17.52163883351667,-3.455850371978208,-0.5687704192746564,-1.2775128656123027,-1.2019295409846826
2023-12-26,13.549721428571429,15.794328571428572,3.91406875,-2.2446071428571432,17,-1.1613862637362633,17.53017843071342,-3.980457002141991,-0.8434032546919104,-0.6107870683018944,-1.4178459945161632
2023-12-27,13.605139285714285,15.833842857142857,4.20536931818182,-2.2287035714285715,16,-0.9266928571428572,17.954364982121007,-4.349225696406721,-0.605228509946958,-0.47741845979773095,-1.3824901263393403
2023-12-28,13.283267857142857,16.107614285714284,4.618240909090909,-2.8243464285714275,15,-1.2123936813186802,17.949954858859936,-4.666687001717079,-0.2706317967330605,-0.6274722863775741,-1.5101209443195676
2023-12-29,13.859092307692308,16.47721923076923,4.6235357843137255,-2.6181269230769217,14,-0.1419461538461544,17.958851176215287,-4.099758868522979,-0.2637547624042577,-0.03223736442256487,-1.2480652031125965
2024-01-04,15.60821153846154,17.02991153846154,5.367214423076923,-1.4217000000000013,8,1.542423076923079,17.92772817032456,-2.3195166318630207,0.3344419171919245,0.902391501210204,-0.48005575733014716
2024-01-05,14.682457692307693,16.863334615384616,5.519575,-2.180876923076923,7,1.1327362637362643,17.173182812828667,-2.490725120520974,0.4541104675847003,0.6729665193271597,-0.8789335771248679
2024-01-09,17.245184615384616,17.231007692307692,3.5283437500000012,0.014176923076924197,31,3.640045329670331,16.11555722046512,1.1296273949194955,-1.1338932404463276,2.039602133343784,0.23822094703611393
2024-01-10,17.568167857142857,17.591053571428574,2.5829257352941184,-0.022885714285717285,30,4.2849,16.014288171538517,1.5538796856043398,-1.8688334874323729,2.363548887173895,0.37727556937450357
2024-01-11,19.368628571428573,18.61199642857143,-0.4877249999999975,0.7566321428571428,29,5.5095362637362655,15.163041944240765,4.205586627187808,-4.1416510252187475,2.9684407712734524,1.1556439974429957
2024-01-12,20.125307142857146,19.751375,0.6020460784313748,0.3739321428571465,28,4.517095604395607,15.16899187927369,4.9563152635834555,-3.2241453679964294,2.396112111164232,1.4749854975492602
2024-01-15,20.55110357142857,19.968325,0.999619327731093,0.5827785714285696,25,5.868645879120876,15.238980897642579,5.312122673785991,-2.865181698783654,3.050236073308357,1.6485367213221458
2024-01-16,19.619816666666665,19.05596,2.605867058823531,0.5638566666666662,24,2.374632051282049,15.850933301321193,3.768883365345472,-1.6633653162687598,1.2173062714137899,1.2396494078607567
2024-01-17,19.723478571428572,18.958789285714285,2.71742513368984,0.7646892857142866,23,2.155310714285715,15.578523395702351,4.144955175726221,-1.5743908753735305,1.097137292826541,1.2756609970688744
2024-01-18,18.865321428571427,18.601110714285713,2.114129411764708,0.2642107142857135,22,-0.5033071428571461,15.556010434326422,3.3093109942450045,-1.9936155338783412,-0.2840466597861895,0.9034823472509327
2024-01-19,19.332957142857143,18.532335714285715,3.0334119047619055,0.8006214285714286,21,-0.7923500000000026,15.483543874764077,3.849413268093066,-1.3150352833594963,-0.4351792997992865,1.0964847724752944
2024-01-22,20.801703571428572,19.408996428571427,1.8069039215686296,1.3927071428571445,18,0.25060000000000215,15.671629990545155,5.130073580883417,-2.173241285062784,0.1045175711881265,1.7079769536873401
2024-01-23,19.028983333333336,18.517413333333334,2.8610992063492056,0.5115700000000025,17,-0.5908333333333289,15.423665420592867,3.6053179127404693,-1.4037073464463692,-0.33227418384924057,0.9509375437387649
2024-01-24,17.976356666666668,17.69975,3.4065208333333317,0.276606666666666,16,-1.7471219047619044,14.256922314046419,3.719434352620249,-1.0053996815766257,-0.926535718258553,0.5061239583235811
2024-01-25,17.309773333333332,17.453166666666668,3.892945833333332,-0.1433933333333357,15,-1.5555480952380947,14.278008788388426,3.031764544944906,-0.6523174018502729,-0.8210171235662982,0.2249663184221754
2024-01-26,17.657203333333335,17.53870666666667,4.3050049019607854,0.11849666666666536,14,-1.6757538095238083,15.627842691552122,2.0293606417812136,-0.35380944386083574,-0.879937728627206,0.369760672599602
2024-01-29,19.00826071428571,17.772550000000003,3.7336241176470573,1.2357107142857089,11,-1.7934428571428604,15.671921934730243,3.3363387795554686,-0.7566850424080639,-0.9382211934765502,0.9369202442449385
2024-01-30,17.113078571428574,17.186171428571427,4.463964052287583,-0.07309285714285352,10,-1.9159047619047627,15.458733341956366,1.6543452294722076,-0.23246328999003937,-1.000520149000058,0.13195088663244706
2024-01-31,17.35084642857143,16.983967857142858,2.86362867647059,0.36687857142857183,9,-0.625510238095238,15.21490085100601,2.135945577565419,-1.3669095519592243,-0.3366585189074157,0.23089778926148796
2024-02-01,17.37408,16.903846666666666,5.53538,0.47023333333333284,8,0.06430666666666696,15.617888767829605,1.7561912321703943,0.5356584167845018,0.017838655564266184,0.23916424551704277
2024-02-02,16.990614285714287,17.202282142857143,5.27621699346405,-0.21166785714285652,7,-0.6665890476190484,15.256682407631036,1.7339318780832507,0.3512717431930265,-0.3606727134678488,0.07528816874025289
2024-02-05,17.30423,17.846586666666667,2.917772222222222,-0.5423566666666666,32,-1.704030714285711,15.252850394022788,2.0513796059772123,-1.3209443362456639,-0.8959598600420126,0.20592879847481133
2024-02-06,17.268460714285716,17.769503571428572,4.317354705882352,-0.5010428571428562,31,0.15538214285714247,15.365631567663772,1.9028291466219436,-0.3251573404178241,0.06827326365620988,0.18784302839286351
2024-02-07,16.882056666666664,17.38133333333333,3.8723994117647074,-0.4992766666666668,30,-0.46878976190476607,14.14065354580931,2.7414031208573544,-0.6365117838943982,-0.25615881118329764,0.02184988838894331
2024-02-08,17.175943333333336,17.605473333333336,3.418800000000001,-0.42952999999999975,29,-0.19813666666666307,14.577462852044853,2.598480481288483,-0.9511336267996858,-0.11564156307696513,0.14500574033725208
2024-02-09,16.556316666666667,17.19165,3.717600000000001,-0.6353333333333318,28,-0.4342976190476193,13.824541735385388,2.7317749312812794,-0.7328439190728033,-0.2349601082462914,-0.11654534981714795
2024-02-13,18.51914,18.165126666666666,0.870172222222223,0.3540133333333344,24,1.2149099999999997,16.612948878675923,1.9061911213240776,-2.7062124320821743,0.6185252960102955,0.7113864510919713
2024-02-14,18.441940000000002,18.18037,2.4767833333333336,0.2615700000000025,23,1.1734792857142864,16.530094939186757,1.9118450608132456,-1.5653306216726715,0.5939555836282516,0.6733726045313849
2024-02-15,18.069763333333334,18.195,2.811592105263159,-0.125236666666666,22,1.1877066666666707,16.627326484636555,1.4424368486967794,-1.3207981345847428,0.5970868916952146,0.5106061092510412
2024-02-16,19.76435,18.811521428571428,1.3625622222222198,0.9528285714285722,21,2.588406666666664,16.64644088494762,3.117909115052381,-2.2942537219949966,1.312045023956764,1.219678272056909
2024-02-19,18.28082333333333,18.406757142857145,2.4731827067669165,-0.12593380952381494,18,1.724506666666663,16.298272068384975,1.9825512649483557,-1.5153730704698993,0.8586211389118263,0.5852772562775691
2024-02-20,18.111966666666667,18.30958125,1.5128819444444446,-0.19761458333333337,17,-0.4071733333333327,15.709582375806544,2.402384290860123,-2.144363254703172,-0.25152115158046773,0.5080529710357844
2024-02-21,18.26201,18.182385714285715,2.7782777777777774,0.07962428571428504,16,-0.17993000000000237,15.773359947603986,2.4886500523960144,-1.2735485111478697,-0.13492269916856975,0.5663277579466842
2024-02-22,18.74866875,18.5936375,1.3606368421052615,0.1550312500000004,15,0.6789054166666659,16.67867687413478,2.0699918758652203,-2.203213238380749,0.31058313108823166,0.7674363017064946
2024-02-26,19.387623333333334,18.544657142857144,2.7618061403508776,0.84296619047619,11,-0.37672666666666643,16.62732870816178,2.7602946251715537,-1.252098332047669,-0.23943562422297252,1.0317452216913983
2024-02-27,17.576836666666665,18.04698571428571,3.703217293233081,-0.47014904761904575,10,-0.7039866666666654,15.38656599266974,2.1902706739969258,-0.6173503730353338,-0.4109603832947339,0.25284728851837246
2024-02-28,16.167581249999998,17.784693750000002,5.4226548872180445,-1.6171125000000046,9,-1.9443854166666696,15.459642083641953,0.7079391663580452,0.5323868721147045,-1.055128811428768,-0.3601874971554321
2024-02-29,16.7547875,17.79579375,4.423094736842106,-1.0410062500000024,8,-1.507222500000001,15.53629396081827,1.218493539181729,-0.1337009350629846,-0.8262799028312093,-0.11297100139193347
2024-03-01,18.147671875,18.459512500000002,1.8401184210526331,-0.3118406250000021,7,-0.6009968749999999,16.38540102391861,1.7622708510813894,-1.8422146755456383,-0.35706786733034146,0.4856830486114593
2024-03-04,18.244500000000002,18.36938125,1.003350000000001,-0.12488124999999783,39,-1.1431233333333317,15.720363111754393,2.524136888245609,-2.3656112407516594,-0.6369814670317298,0.522032536537866
2024-03-05,17.984471874999997,18.078425,1.1513640350877203,-0.0939531250000023,38,0.4076352083333319,15.844443141673406,2.1400287333265915,-2.238026523189155,0.17430947377075756,0.40422127329365637
2024-03-06,18.079503125000002,18.174543749999998,1.568254385964913,-0.09504062499999577,37,1.9119218750000044,15.956715404310112,2.1227877206898906,-1.9414726742953001,0.9557452205428056,0.43989946331744767
2024-03-07,18.707240624999997,18.64093125,2.2414374269005855,0.0663093749999959,36,1.9524531249999981,16.728482546142914,1.9787580788570835,-1.488859976465115,0.972307114544613,0.7094971802859578
2024-03-08,18.050046875,18.128606249999997,2.2672164473684226,-0.07855937499999754,35,-0.09762500000000074,16.618791289401216,1.4312555855987839,-1.4587233751999764,-0.09455178335581342,0.4135148726731049
2024-03-11,19.449021875,18.710703125000002,3.430499298245614,0.7383187499999977,32,1.2045218749999975,18.08863082966732,1.3603910453326797,-0.7014491630904748,0.5775774907992876,1.0285585635338752
2024-03-12,19.486190625,18.80611875,3.5440755555555548,0.6800718749999994,31,1.501718750000002,18.115118067986682,1.371072557013317,-0.6237548314973546,0.7259776580985294,1.0396440065036425
2024-03-13,19.403043750000002,18.704309375,4.121229276315791,0.6987343750000008,30,1.3235406249999997,15.351631397176083,4.0514123528239185,-0.2479879514050435,0.6286041244457528,0.9958196629479122
2024-03-14,18.555828124999998,18.021690624999998,3.039238596491227,0.5341374999999999,29,-0.15141249999999928,15.078732154511618,3.4770959704883797,-0.94905751280202,-0.13843740787898798,0.6078476283248927
2024-03-15,18.646549999999998,17.983024999999998,3.813871578947367,0.6635249999999999,28,0.5965031249999981,14.606866280586356,4.039683719413642,-0.45245872371277057,0.25727973124494874,0.6433615937904898
2024-03-18,18.461240625000002,17.863440625000003,2.2535802631578967,0.5977999999999994,25,-0.9877812499999976,17.031763656931556,1.429476968068446,-1.4616171673903866,-0.5675419305903775,0.5550180864375795
2024-03-19,18.247515625,17.58215625,3.4453300751879716,0.6653593749999978,24,-1.2386750000000006,17.103026239312634,1.1444893856873648,-0.6915204952439945,-0.6940767573538744,0.45488901282269306
2024-03-21,17.1299,17.263509374999998,2.4155549999999977,-0.13360937499999892,22,-2.2731437500000027,18.15837424269801,-1.0284742426980102,-1.3501360601442893,-1.2355364582391957,-0.05182572717529413
2024-03-22,16.668388235294117,17.34540882352941,2.9376299999999986,-0.677020588235294,21,-1.887439889705881,18.040169219235437,-1.3717809839413206,-1.0065904266285788,-1.022266596946661,-0.26085045780403915
2024-03-25,17.681021875,17.52145,4.818375,0.15957187499999748,18,-0.9655281249999987,17.41928262559758,0.26173924940241733,0.21295181113888498,-0.5258539323848298,0.20151077362521705
2024-03-26,16.651184375,17.443221875,4.419104444444443,-0.7920374999999993,17,-1.8100562500000024,17.4202682190951,-0.7690838440950998,-0.045868853321302146,-0.9720598269629008,-0.26389710702398356
2024-03-27,17.372014705882354,17.620585294117646,5.554818333333333,-0.24857058823529243,16,-0.8755009191176448,17.613310809245927,-0.24129610336357388,0.6984827304648193,-0.46374793861866626,0.06717072386398727
2024-03-28,17.334015625,17.961637500000002,6.10663110047847,-0.6276218750000027,15,0.20411562500000002,18.561376316489113,-1.227360691489114,1.0585899943272985,0.12143531220459806,0.050003391099022285
2024-03-29,16.69830588235294,17.685938235294117,6.936799999999998,-0.9876323529411764,14,0.029917647058823604,18.587602579276606,-1.8892966969236653,1.6072931105537505,0.0362634090535437,-0.232988108516161
2024-04-01,18.708428125,18.540475,5.87165977443609,0.16795312500000037,11,1.027406250000002,18.19211598094788,0.5163121440521223,0.9123270760162038,0.5756678449618976,0.6834122479176763
2024-04-02,18.260174999999997,18.28139375,6.215005263157895,-0.02121875000000273,10,1.608990624999997,18.09817468776878,0.1620003122312177,1.1341521234747505,0.8885339299404389,0.4772521596997313
2024-04-03,19.301171875,18.764087500000002,5.650672222222223,0.5370843749999992,9,1.929157169117648,18.40462147834531,0.8965503966546926,0.7618504574450118,1.0567424392741287,0.9451749165134636
2024-04-04,18.652759375,18.35821875,5.804552631578947,0.2945406249999998,8,1.3187437499999994,18.675654262173637,-0.022894887173638523,0.8580446156259067,0.7162007822184457,0.6448642141954634
2024-04-05,20.57983,19.314893333333334,5.315831578947368,1.2649366666666673,7,3.8815241176470607,19.482361507930726,1.0974684920692752,0.5371579532711311,2.126325880546917,1.5090743246223095
2024-04-08,19.283540625,18.98181875,3.9041009287925696,0.3017218750000019,32,0.5751124999999995,19.76996942466144,-0.48642879966143937,-0.3803905540060615,0.28372715270441407,0.9125217416053083
2024-04-09,18.621225000000003,18.612171875,4.272176140350876,0.009053125000001216,31,0.36105000000000587,18.382467967119073,0.23875703288092964,-0.13775700868067525,0.1572664316779092,0.6050228446446558
2024-04-10,18.689909375,18.705424999999998,4.913331249999999,-0.015515624999999034,30,-0.6112625000000023,18.498482317809582,0.19142705719041686,0.28383304248736774,-0.3935132445239808,0.6303101021014459
2024-04-11,18.968028125,18.904890625,4.74139375,0.06313749999999985,29,0.3152687500000013,18.524647323470468,0.44338080152953196,0.17574723314852134,0.126593367322996,0.7512970577374511
2024-04-12,18.380946875,18.642240625,4.4920608552631585,-0.2612937500000001,28,-2.198883125000002,18.515618824634565,-0.13467194963456564,0.017976626050545154,-1.2856367663553865,0.47639011290569644
2024-04-15,19.238233333333334,19.128236666666666,5.643861695906434,0.10999666666666741,25,-0.04530729166666703,18.713462478880558,0.5247708544527754,0.7807670169670049,-0.07076163718590837,0.8640347942454669
2024-04-16,20.464303333333334,20.137836666666665,6.778488888888887,0.32646666666666846,24,1.843078333333331,17.418781605459362,3.0455217278739717,1.52747879000889,0.9923773318363722,1.4151875138433265
2024-04-17,21.51588,20.562303333333332,7.815011842105264,0.9535766666666667,23,2.825970625,17.606464139625395,3.9094158603746045,2.1855720757547905,1.535527754783736,1.8757401999331909
2024-04-18,20.348023333333334,19.782623333333333,5.720717105263159,0.5654000000000003,22,1.3799952083333338,15.619641758579702,4.728381574753632,0.8161588037896278,0.7228061523017633,1.3318828517401102
2024-04-19,22.918239285714286,21.700942857142856,6.810844444444445,1.21729642857143,21,4.5372924107142865,17.54366401267396,5.374575273040325,1.5188334310543505,2.4595905275417986,2.4600020172360977
2024-04-22,20.061635714285714,19.965985714285715,4.899350793650793,0.09564999999999912,18,0.8234023809523805,18.106292079964636,1.9553436343210784,0.2775090849996021,0.3973821230421333,1.1661553117871517
2024-04-23,18.676713333333332,19.427336666666665,4.8467531746031725,-0.7506233333333334,17,-1.7875900000000016,18.232690047167736,0.4440232861655957,0.24495657434055096,-1.0478460551624948,0.5383121874008348
2024-04-24,18.07526875,18.805046875,4.742937719298247,-0.7297781249999993,16,-3.44061125,20.257858067773892,-2.1825893177738926,0.18078435341388246,-1.9432010652068783,0.2623458259102309
2024-04-25,19.639093333333335,19.87177666666667,4.836903968253967,-0.23268333333333402,15,-0.7089299999999987,20.958253152683497,-1.319159819350162,0.24356972034540184,-0.4438786780777441,0.9611165823114775
2024-04-26,19.002490625,19.228809375,3.5957888888888903,-0.2263187500000008,14,-3.9157486607142857,21.148864586052657,-2.1463739610526567,-0.5630918414317332,-2.187898641676445,0.6668256627161575
2024-04-30,19.156280000000002,19.018866666666668,3.7183398692810457,0.13741333333333472,10,-0.9053557142857116,21.405041969929634,-2.2487619699296317,-0.4777328784338103,-0.5447872651906952,0.7305455185696174
2024-05-01,19.48950333333333,19.01876,4.969744444444444,0.4707433333333313,9,0.8127899999999997,21.38815850565883,-1.8986551723254976,0.3445481693247971,0.39075837750577985,0.8763637714919086
2024-05-02,18.333260000000003,18.548663333333334,4.204435947712419,-0.21540333333333095,8,0.25799125000000345,21.191814884140822,-2.858554884140819,-0.15230366419188998,0.08378930827788829,0.33921148809948004
2024-05-07,17.810678125,17.889665625,2.4271289473684234,-0.07898750000000021,38,-1.828415208333336,21.797672071830632,-3.9869939468306335,-1.3116125916581962,-1.0563672184295172,0.09000015908758224
2024-05-08,17.947265625,18.049462499999997,2.4991194078947387,-0.10219687499999708,37,-1.055225,21.441960360995353,-3.4946947359953526,-1.2550103006515634,-0.6323457725540603,0.1461630120901204
2024-05-09,17.4583875,17.668525,3.1635582456140376,-0.2101374999999983,36,-1.6978925000000018,21.118032790542387,-3.659645290542386,-0.8102334179002083,-0.9779825988257348,-0.09081696316830343
2024-05-10,17.293076666666664,17.454563333333333,3.0709138888888887,-0.16148666666666855,35,-2.1964266666666674,20.72570194698209,-3.432625280315424,-0.8647426297107097,-1.2415181058223117,-0.17690718345810702
2024-05-13,17.2305875,17.272715625,3.6518902777777775,-0.042128125000001404,32,-1.1026725000000042,20.699333397605596,-3.468745897605597,-0.4737810511498655,-0.6470139316275394,-0.21949973793017463
2024-05-14,17.101660000000003,17.070453333333333,2.9441124999999992,0.03120666666666949,31,-0.7090181249999965,20.810941929698195,-3.709281929698193,-0.9374052411518035,-0.4328628744434444,-0.29444513295571595
2024-05-15,17.22013666666667,17.160766666666667,2.654130555555554,0.059370000000001255,30,-0.7271289583333314,20.787828950582142,-3.5676922839154734,-1.1234040505428728,-0.4428189998982751,-0.24893971743012333
2024-05-16,16.257134375,16.93275,2.3052084795321655,-0.6756156249999989,29,-1.201253125000001,21.34251253764927,-5.0853781626492705,-1.3446556029704164,-0.6971617839380269,-0.7343300262912926
2024-05-17,15.633990625,16.7412875,2.5121736842105253,-1.1072968749999994,28,-1.659086041666665,20.15106577906739,-4.517075154067392,-1.1969145060838124,-0.9411191175156618,-1.0551843699147019
2024-05-20,15.932878125,16.72156875,2.212192397660818,-0.7886906249999992,25,-1.2977093749999984,19.606930088285768,-3.674051963285768,-1.384640684743642,-0.7386778217054413,-0.9145389991450109
2024-05-21,15.84003125,16.644875,2.2350090643274854,-0.8048437499999999,24,-1.2616287500000034,19.662007752946785,-3.821976502946786,-1.358632092442645,-0.7139522117688051,-0.9740544413067542
2024-05-22,15.597126666666666,16.7483875,2.1730183006535952,-1.1512608333333336,23,-1.6230100000000025,17.09794545654354,-1.5008187898768721,-1.3880188605619064,-0.9039072482897355,-1.1115268742932918
2024-05-23,14.860903333333333,16.372431249999998,2.5060789473684206,-1.5115279166666653,22,-1.3962310416666668,17.278716508438944,-2.4178131751056107,-1.1578044739899933,-0.7781119867176081,-1.4979489818296685
2024-05-24,15.312826666666666,16.65733125,3.146796284829721,-1.3445045833333324,21,-0.321163958333333,17.965464840797843,-2.6526381741311766,-0.7263861333659287,-0.19301868180794307,-1.2695294973339961
2024-05-27,15.101463333333333,16.420837499999998,2.9571078947368434,-1.3193741666666643,18,-0.831414791666667,16.042437252384197,-0.9409739190508635,-0.8456828560320533,-0.4654673079904859,-1.3787930126883745
2024-05-28,14.487316666666667,16.2198,3.081356432748537,-1.7324833333333327,17,-1.3527145833333325,13.718202602589999,0.7691140640766676,-0.7596715293015917,-0.7442491375288794,-1.6786370314831423
2024-05-29,15.143821875,16.30389375,4.7471625730994145,-1.1600718749999999,16,-0.4533047916666657,13.872031465453958,1.2717904095460426,0.34005465081043906,-0.24196544305196593,-1.3308066866551813
2024-05-30,16.07883125,16.75184375,5.007952083333333,-0.6730124999999987,15,1.2179279166666674,14.010265865862785,2.068565384137216,0.5090977228982403,0.7002471356508023,-0.8494737851099238
2024-05-31,15.202736666666667,16.388771428571427,4.343314052287582,-1.1860347619047609,14,-0.11008999999999958,14.564276544086294,0.6384601225803728,0.06787407519339117,-0.0399422295692288,-1.2888701712273012
2024-06-03,15.829575,16.48599375,4.0259853801169605,-0.6564187499999985,11,0.7281116666666669,15.061661933743164,0.7679130662568365,-0.1384966828886789,0.4347771911887426,-0.9675242490892081
2024-06-04,15.532856250000002,16.24915625,4.94905380116959,-0.7162999999999968,10,1.0455395833333352,14.055176667526528,1.477679582473474,0.48174273899416614,0.6080322805875421,-1.1168522402185286
2024-06-05,16.573503333333335,16.68075,4.75672287581699,-0.10724666666666494,9,1.4296814583333344,13.118141128774868,3.455362204558467,0.35614455752115703,0.8190262537280665,-0.587159288683371
2024-06-06,16.818921875,16.66856875,4.253805555555555,0.1503531250000023,8,0.7400906250000006,13.161488898729246,3.657432976270755,0.01967952654939647,0.427757263881077,-0.4608552529379749
2024-06-07,16.494484375,16.7054125,3.7696865497076004,-0.21092812500000235,7,1.2917477083333324,13.111893560600663,3.382590814399336,-0.3042765088829801,0.7360944355507237,-0.6240866241832402
2024-06-10,16.605178125000002,16.5371625,4.130741025641026,0.06801562500000102,32,0.7756031250000017,13.430006282489218,3.1751718425107835,-0.053036640605136916,0.4450598014732735,-0.5657633334613382
2024-06-11,16.23624,16.44211875,3.4074048582995964,-0.2058787500000001,31,0.7033837499999969,13.377321286957839,2.8589187130421596,-0.5400818471157149,0.4058892780468467,-0.7502138849968621
2024-06-12,16.342200000000002,16.473737500000002,3.1007308270676717,-0.1315375000000003,30,-0.23130333333333297,13.648717162828802,2.6934828371711994,-0.744794703734542,-0.12110233355464747,-0.6933885528918315
2024-06-13,15.981276666666666,16.36955,3.6709134920634927,-0.38827333333333414,29,-0.8376452083333348,12.805021540253774,3.176255126412892,-0.37127610624341717,-0.4590978288167978,-0.8691773356771814
2024-06-14,14.981884375,15.794034374999999,3.7317695488721814,-0.812149999999999,28,-1.512599999999999,12.781661088061428,2.200223286938572,-0.33423731611279156,-0.8352672100085603,-1.3633497048347492
2024-06-17,16.889276666666667,16.80256333333333,5.772162083333333,0.08671333333333564,25,0.2840985416666655,14.060888303208937,2.82838836345773,1.0648099560633224,0.18885507097356574,-0.3960050802501226
2024-06-18,15.83521,16.301296666666666,5.153838039215685,-0.46608666666666565,24,-0.40102999999999867,14.582371339748784,1.252838660251216,0.6328779788529807,-0.19509503363042593,-0.9213850560277702
2024-06-19,15.395928125000001,16.18393125,5.235703333333333,-0.7880031249999995,23,-0.9462718750000008,14.307375129207283,1.0885529957927176,0.6831948700584453,-0.5015103033847492,-1.1343675071793442
2024-06-20,15.227366666666667,16.07459,5.149594537815124,-0.8472233333333339,22,-0.7539099999999994,13.539927048220232,1.6874396184464349,0.6175467334778237,-0.3908778300779659,-1.209592491527829
2024-06-21,14.960416666666667,15.94072,4.840567460317459,-0.9803033333333335,21,-0.02146770833333278,12.886796122474312,2.073620544192355,0.3971256105333449,0.03128726313741363,-1.3329508200936149
2024-06-24,15.711784375,16.18295,5.306717669172931,-0.47116562500000114,18,-1.1774922916666668,12.813684692357727,2.8980996826422736,0.7166515695372156,-0.6262867076570399,-0.9475000053324828
2024-06-25,15.535109375000001,16.178315625,4.674665384615382,-0.6432062499999986,17,-0.3001006249999989,13.246268084233135,2.2888412907668663,0.2697571449327439,-0.12053082301501468,-1.0294898024902137
2024-06-26,15.399059375,15.9541,4.436247894736841,-0.5550406250000002,16,0.0031312499999991417,13.546004907114343,1.8530544678856575,0.09930868526187206,0.052819810381939225,-1.089715057699941
2024-06-27,15.02286875,15.973109375,4.265577327935224,-0.9502406249999993,15,-0.20449791666666606,12.94822420650577,2.07464454349423,-0.026368115031936715,-0.06562396399946407,-1.2693598996320792
2024-06-28,14.336934374999998,15.626874999999998,5.114392982456138,-1.2899406249999998,14,-0.6234822916666687,12.558151202697603,1.7787831723023952,0.5690239812302174,-0.3084059720186027,-1.6000040339437285
2024-07-01,14.784823333333334,15.6125,4.883785087719296,-0.8276766666666671,11,-0.9269610416666669,12.008507493298582,2.7763158400347514,0.40068297579385714,-0.4850970413243995,-1.3629673835626384
2024-07-02,14.61615625,15.647525000000002,3.6493221052631597,-1.0313687500000022,10,-0.9189531250000016,12.475203862787154,2.1409523872128453,-0.47485633190445026,-0.4830622911954122,-1.4344707299144948
2024-07-03,14.92355,15.6585125,4.332938421052631,-0.7349625,9,-0.4755093749999997,12.401070349951578,2.522479650048423,0.008922255476011042,-0.22407314916066803,-1.2711171934203807
2024-07-04,14.8352125,15.82100625,4.504672727272727,-0.9857937499999991,8,-0.18765624999999986,12.517455978819928,2.3177565211800726,0.1291650785494273,-0.05597707885560339,-1.304481722993934
2024-07-05,14.57093125,15.894740625,5.917828333333333,-1.3238093750000015,7,0.23399687500000077,12.502064403885562,2.068866846114437,1.1217324307707346,0.18758300622416033,-1.42365127961851
2024-07-08,16.0432125,16.30330625,2.5819116666666666,-0.26009374999999935,32,1.2583891666666656,12.44249860899681,3.6007138910031884,-1.2357416725646628,0.7741467802368072,-0.685132374683768
2024-07-09,16.236875,16.295565625000002,2.491310000000002,-0.05869062500000055,31,1.6207187500000018,13.86653009114163,2.370344908858371,-1.2952813024276237,0.9759469150153215,-0.5843074423335486
2024-07-10,16.416064705882352,16.410023529411767,1.7246649999999981,0.006041176470585441,30,1.4925147058823516,13.41919859589693,2.9968661099854224,-1.8242747521913458,0.8953026625954922,-0.4925505746154262
2024-07-11,17.045420588235295,16.802405882352943,1.0475566666666651,0.2430147058823522,29,2.2102080882352944,13.240244063840533,3.8051765243947617,-2.27126571494676,1.2984193498661145,-0.17587804194241213
2024-07-12,17.237103125,17.23125,3.525178333333333,0.005853125000001569,28,2.6661718750000016,16.80157812115781,0.4355250038421907,-0.5454246516127869,1.5462536238607059,-0.07842568803945703
2024-07-16,16.920914705882353,16.775802941176472,3.824289849624062,0.14511176470588083,24,0.877702205882354,14.777081709133192,2.143832996749161,-0.3351146468758425,0.51787868345412,-0.23502666490893295
2024-07-17,16.934535294117648,16.731473529411765,4.25297625,0.20306176470588255,23,0.6976602941176466,14.883845118016662,2.0506901761009857,-0.034962574744030944,0.4118165855538184,-0.2264757457593307
2024-07-18,18.370811764705884,17.600882352941177,3.2902950000000004,0.7699294117647071,22,1.954747058823532,17.748646982748724,0.6221647819571601,-0.7023819826960325,1.1276398693206984,0.48985851051839374
2024-07-19,18.555915625,17.696909375,5.4174157894736865,0.8590062500000002,21,1.5104950367647056,17.79296644762373,0.7629491773762709,0.7738551062812007,0.8691779951158984,0.5833944893531143
2024-07-22,20.175337499999998,18.567603124999998,7.011026900584795,1.6077343749999997,18,2.938234374999997,18.410325193117945,1.7650123068820527,1.8603039710579656,1.668805712512381,1.383406239379708
2024-07-23,18.67289375,17.526453125,4.932031871345028,1.1464406250000003,17,1.7519790441176468,18.35137122289488,0.3215225271051203,0.42925997544532163,0.9949612634617657,0.6374925234977421
2024-07-24,18.89545,17.544384375,4.705091447368421,1.3510656250000004,16,1.9609147058823524,18.55109515953107,0.34435484046893095,0.2689860863892877,1.1070957366871326,0.7460130622919309
2024-07-25,22.854846666666667,19.656253333333332,6.853594444444443,3.198593333333335,15,4.484034901960783,21.373421808445414,1.4814248582212528,1.742327257238091,2.4930090774372777,2.6664277222529447
2024-07-26,22.890819999999998,19.866556666666668,5.229554545454548,3.02426333333333,14,4.334904374999997,21.29169851506929,1.5991214849307092,0.6320369168013951,2.372112240622129,2.638204259322875
2024-07-29,23.06796,19.40042,4.891661111111112,3.667539999999999,11,2.8926225000000017,22.67722031440972,0.3907396855902796,0.3955882150100549,1.5596342624642505,2.6752737888845646
2024-07-30,24.58959,19.498286666666665,4.674541052631579,5.091303333333336,10,5.916696250000001,22.681718004896325,1.907871995103676,0.2498663787590083,3.146765708717172,3.3136209351054977
2024-07-31,22.18873125,18.8338,1.2860830409356723,3.35493125,9,3.2932812499999997,22.98957595576779,-0.8008447057677905,-2.0708711639214146,1.7139611139318016,2.1676135862133727
2024-08-01,25.205280000000002,20.076156666666666,5.116961538461538,5.129123333333336,8,2.350433333333335,23.88473971009586,1.320540289904141,0.56978787147143,1.2007360717782318,3.463740192562197
2024-08-02,36.55736666666667,26.691479166666667,5.754680555555552,9.8658875,7,13.666546666666669,30.82897107951739,5.728395587149276,1.0073475394504476,6.5720975053889115,7.5196686908989125
2024-08-05,55.07259166666667,38.774483333333336,20.76002857142857,16.29810833333333,39,32.00463166666667,54.113987360656864,0.9586043060098035,9.2175096783994,11.044468900369601,10.806098768839437
2024-08-06,37.84090357142857,33.448503571428574,17.61124705882353,4.392399999999995,38,13.251313571428568,66.84133937841202,-29.000435806983447,6.72206043993237,4.324690055353884,5.442227138719384
2024-08-07,30.686689285714287,25.501135714285716,9.300405882352937,5.185553571428571,37,8.497958035714287,66.48211446874875,-35.79542518303446,2.453292722697184,2.6817530806206764,3.401837700318212
2024-08-08,32.25331071428572,30.386957142857142,11.46541176470588,1.8663535714285757,36,7.048030714285716,66.26353543246928,-34.010224718183565,3.442389747481624,2.1726771024885085,3.6966538203531316
2024-08-09,33.08255714285714,28.60384642857143,12.026156617647061,4.478710714285711,35,-3.474809523809526,66.13720293667446,-33.054645793817315,3.6112936278968535,-1.2682742809702812,3.7818075997530305
2024-08-13,26.308476666666664,24.26302,11.325519607843137,2.045456666666663,31,-28.764115000000004,67.58486078580974,-41.276384119143074,3.215692112378458,-8.13968654850498,2.0590136957835505
2024-08-14,24.469032142857145,22.88087142857143,10.310876470588234,1.5881607142857135,30,-13.371871428571424,67.6597133068257,-43.19068116396855,2.6959752358279685,-3.705329950582291,1.5899757887185635
2024-08-15,21.80204666666667,20.447442857142857,9.274494444444443,1.3546038095238124,29,-8.884642619047618,67.84068150866699,-46.03863484200032,2.1864654265886014,-2.4424225907972046,0.9253108278564481
2024-08-16,22.43653125,20.273825,6.5432444444444435,2.162706250000003,28,-9.816779464285716,69.00134186079778,-46.56481061079778,0.9240376770996241,-2.6442309760970364,1.0756759712921538
2024-08-19,25.579216666666667,21.930325,11.213594444444443,3.6488916666666675,25,-7.503340476190473,69.20998500031357,-43.6307683336469,3.0053093324300693,-2.0045769782312925,1.8306459944101092
2024-08-20,24.864409375,21.941425000000002,7.823094444444443,2.9229843749999986,24,-1.4440672916666628,69.53866985723587,-44.67426048223587,1.464248832793057,-0.40756675903822215,1.640086119460176
2024-08-21,24.8198,21.95650714285714,8.597516666666667,2.8632928571428593,23,0.35076785714285563,69.53584110522074,-44.71604110522074,1.792294918977515,0.0620570178612442,1.6135387944614659
2024-08-22,24.568963333333333,21.968178571428574,8.068951169590644,2.600784761904759,22,2.7669166666666634,69.51839645790213,-44.9494331245688,1.5428583740395694,0.6950904463444789,1.5389890328083704
2024-08-23,24.002556666666663,21.78734375,7.735938888888889,2.215212916666662,21,1.5660254166666618,68.48357487519607,-44.481018208529406,1.3841665032773738,0.37543659315750405,1.390519888339591
2024-08-26,24.004643333333334,21.57648125,9.504461111111112,2.4281620833333335,18,-1.5745733333333334,68.50013607615057,-44.495492742817234,2.140907862347908,-0.4505138707013136,1.3801429758775323
2024-08-27,22.22138,20.74192142857143,7.095643274853799,1.4794585714285695,17,-2.643029375000001,68.0967278737078,-45.87534787370781,1.0765438126670115,-0.7287153905799707,0.9475026106005829
2024-08-28,22.11040333333333,20.71804375,7.298994444444443,1.3923595833333309,16,-2.7093966666666702,68.09943876953949,-45.98903543620616,1.1572452163572802,-0.7421973899261992,0.9151396332762918
2024-08-29,21.138366666666666,20.2147875,7.848105555555556,0.9235791666666664,15,-3.4305966666666663,67.86777324116238,-46.72940657449571,1.386895564682481,-0.926489791354266,0.6797055295007013
2024-08-30,19.75298,19.8362875,6.961313742690056,-0.08330750000000009,14,-4.249576666666663,67.30416123305538,-47.55118123305538,0.9946423371600878,-1.1343448521582624,0.34674760693372086
2024-09-02,21.692409374999997,19.9647875,8.559226315789473,1.727621874999997,11,-2.312233958333337,63.39021873973619,-41.697809364736194,1.67292161975969,-0.6262948152617085,0.8032270948023472
2024-09-03,21.468534374999997,20.136425,8.061247368421053,1.3321093749999982,10,-0.7528456250000026,38.06464368753673,-16.596109312536733,1.44668029275058,-0.21978924231972594,0.7442121987687771
2024-09-04,34.90963666666667,23.637164285714285,20.587938888888885,11.272472380952387,9,12.79923333333334,26.35615089631343,8.553485770353241,6.251974730567095,3.2446705903458186,3.8113522894533416
2024-09-05,32.572853333333335,23.21885625,19.300383333333336,9.353997083333333,8,11.434486666666668,26.593530046510583,5.979323286822751,5.379472308836596,2.835993052574181,3.190924654450338
2024-09-06,34.008700000000005,23.64313125,18.476641176470586,10.365568750000005,7,14.255720000000004,26.5877907119727,7.420909288027303,4.813941839169261,3.447842770947728,3.419164625168216
2024-09-09,26.933325,23.73897857142857,8.736026797385623,3.1943464285714285,32,5.240915625000003,26.669376343007155,0.2639486569928451,1.3583953127541009,1.219147944837634,1.8337953077603384
2024-09-10,25.298725,22.87362857142857,7.619066993464049,2.4250964285714325,31,3.8301906250000037,23.80316463863068,1.4955603613693214,0.9599739663420808,0.8666835999879264,1.46115699742323
2024-09-11,26.359463333333334,23.83973125,7.254217647058823,2.5197320833333343,30,-8.550173333333337,24.26301472940239,2.096448603930945,0.8270882653753868,-2.14703081341653,1.6770904608016204
2024-09-12,24.660600000000002,22.5106,8.061044771241828,2.150000000000002,29,-7.912253333333332,27.072917354761138,-2.412317354761136,1.101775008495955,-1.971147836317303,1.294701538299085
2024-09-13,23.440325,22.552014285714286,8.77920588235294,0.8883107142857156,28,-10.568375000000003,23.652563381378357,-0.2122383813783557,1.3422497718657767,-2.568710124307771,1.020502802854395
2024-09-17,24.800203571428572,22.757010714285713,7.953442156862746,2.0431928571428593,24,-2.133121428571428,23.130304412064927,1.669899159363645,1.045315201678987,-0.556046482584575,1.3056265855338711
2024-09-18,24.65302666666667,22.809013333333333,7.605066666666666,1.8440133333333364,23,-0.6456983333333319,22.11594748885656,2.53707917781011,0.9170233984855279,-0.19951315380143234,1.2630502625527247
2024-09-19,24.12202,22.601623333333333,6.962148366013071,1.5203966666666666,22,-2.237443333333335,23.61169550797855,0.51032449202145,0.6873904675572656,-0.5746701040444154,1.138734454699839
2024-09-20,23.026780000000002,22.0443,4.7092666666666645,0.9824800000000025,21,-1.63382,24.16297314810791,-1.1361931481079068,-0.1003226201626169,-0.4287509887946217,0.8946750142845077
2024-09-24,24.881434374999998,22.793615625,3.6962277777777786,2.0878187499999967,17,1.4411093749999964,24.21463691315931,0.6667974618406873,-0.4555754396633555,0.30155374257766965,1.2850667502205035
2024-09-25,25.2941,22.947486666666666,5.152788888888889,2.346613333333334,16,0.49389642857142846,24.11438523807314,1.17971476192686,0.051170588986197064,0.0755170189971155,1.362238171124999
2024-09-26,27.185409375,23.61006875,4.121486842105263,3.575340624999999,15,2.53238270833333,26.024518274940718,1.1608911000592812,-0.3114561907641457,0.5568683815071832,1.7512061966562755
2024-09-27,27.24671875,23.14055625,3.8900789473684227,4.1061625,14,3.1246987500000003,27.187006990249163,0.059711759750836535,-0.39450004449764703,0.6932806796558871,1.7459776306104258
2024-09-30,28.021723333333334,24.271866666666668,11.20536111111111,3.749856666666666,11,4.994943333333332,32.67651262886713,-4.654789295533796,2.1377672829768946,1.1298704388905503,1.8896655909600797
2024-10-01,25.734360000000002,23.886583333333334,7.710958479532167,1.8477766666666682,10,0.8529256250000046,33.31536559322588,-7.581005593225875,0.9175969055074307,0.1471160912631964,1.391586708935503
2024-10-02,28.685053125,25.091675000000002,13.359849999999998,3.5933781249999974,9,3.3909531249999993,34.21377654162392,-5.528723416623922,2.8192197555246072,0.7460489189455412,1.9916046515366905
2024-10-03,28.29979375,25.055984375,11.732352631578944,3.243809374999998,8,1.1143843750000002,34.99087598693709,-6.691082236937092,2.231548528585444,0.20690026427691666,1.8884669541869155
2024-10-04,27.252393333333334,24.75278,13.528044444444443,2.4996133333333326,7,0.005674583333334482,31.06315094987237,-3.8107576165390356,2.7834922405595552,-0.054753474506188594,1.6527612279712904
2024-10-07,27.63281875,24.9425375,6.347136090225565,2.690281249999998,32,-0.38890458333333555,31.16418827736258,-3.531369527362582,0.38607759897545674,-0.14668508715004694,1.7137417824839276
2024-10-08,28.228328124999997,25.636990625000003,7.006201644736841,2.5913374999999945,31,2.493968124999995,31.309821595792762,-3.081493470792765,0.6018006205790761,0.5344827145142335,1.81657538461751
2024-10-09,27.244078125,24.988465625,7.229023308270673,2.2556125000000016,30,-1.4409749999999981,31.207084109824084,-3.9630059848240826,0.6731648385060162,-0.3948135928303555,1.5983107130054082
2024-10-10,26.857126666666666,24.532996666666666,7.4123939849624065,2.3241300000000003,29,-1.4426670833333333,31.142402733784145,-4.285276067117479,0.7308420787602744,-0.3927951666378516,1.5049437778920647
2024-10-11,25.378953125,23.870809375,7.26732024291498,1.5081437499999986,28,-1.873440208333335,30.29657585995397,-4.917622734953969,0.6786861287090944,-0.49048948055206676,1.1945729714933988
2024-10-15,25.735096875,23.976690625,6.842177511961722,1.7584062500000002,24,-1.8977218749999984,28.43843374187755,-2.7033368668775495,0.5374670559393646,-0.49114119801880635,1.2589234064723418
2024-10-16,27.0353875,24.771184375,7.903264444444446,2.264203124999998,23,-1.1929406249999985,29.31234952158161,-2.2769620215816104,0.8922582945773062,-0.3179237572088001,1.5141896242110213
2024-10-17,26.985859374999997,24.724540625000003,5.670568750000001,2.261318749999994,22,-0.2582187500000046,29.11851287786764,-2.132653502867644,0.149132237942863,-0.09212121355945457,1.4923631443483276
2024-10-18,26.242853333333336,23.90144,7.882634736842107,2.3414133333333353,21,-0.6142733333333297,29.121113163450797,-2.878259830117461,0.881031703546051,-0.17340205014520738,1.333586774107741
2024-10-21,28.28356875,24.361053125,8.61218701754386,3.922515624999999,18,2.9046156250000017,28.389340639936616,-0.10577188993661579,1.1164238341492052,0.6644616312432275,1.7252499492436633
2024-10-22,29.837396666666667,25.745223333333335,9.30581461988304,4.092173333333331,17,4.102299791666667,28.532925675643394,1.3044709910232726,1.336141668541566,0.9434375710980086,2.009860836743544
2024-10-23,31.0517,26.304523333333336,11.072777777777777,4.747176666666665,16,4.0163125000000015,28.642029362505017,2.4096706374949832,1.8971690960925172,0.915606026925676,2.2183527206271174
2024-10-24,32.15053,26.553739999999998,11.207466666666669,5.596790000000006,15,5.1646706250000065,28.632596849812487,3.517933150187517,1.9208556891552016,1.1800385255780037,2.395210384417585
2024-10-25,34.63129333333333,27.35243333333333,10.334248538011696,7.278860000000002,14,8.388439999999996,26.83631733476718,7.7949759985661515,1.6221880718570834,1.9244232153548702,2.818507155705865
2024-10-28,31.929783333333333,25.883423333333333,9.527356907894735,6.04636,11,3.6462145833333324,26.301543433800834,5.628239899532499,1.351681607936914,0.8008159071638415,2.2711529914606428
2024-10-29,31.3119125,25.337118750000002,8.389186805555553,5.974793749999996,10,1.4745158333333315,19.530122316061977,11.781790183938021,0.9792591294509364,0.28818231072582096,2.1265572303486535
2024-10-30,31.747684375000002,25.240621875000002,6.475468045112777,6.5070625,9,0.6959843750000019,18.645399573945014,13.102284801054989,0.36288874067302834,0.10622406920354721,2.179477413761804
2024-10-31,32.627721875000006,25.316421875,10.428575563909774,7.311300000000006,8,0.4771918750000026,16.75981075023629,15.867911124763715,1.625418950758262,0.05742861306611227,2.3102230961557364
2024-11-01,36.88924375,26.671490625,10.761646783625736,10.217753124999998,7,2.2579504166666666,18.19142998733454,18.697813762665458,1.7163576608430555,0.4779893318735065,3.0246248803522966
2024-11-05,26.531370000000003,24.214216666666665,4.596580392156863,2.317153333333337,38,-5.39841333333333,18.638320986783903,7.8930490132161,-0.2501808523589025,-1.3187099933305442,1.1566482391202921
2024-11-06,23.576275000000003,22.21815625,3.1862510121457497,1.3581187500000027,37,-7.735637499999996,19.8321872957721,3.7440877042279013,-0.6959427351599767,-1.8478796991928745,0.6245756883540233
2024-11-07,22.014156666666665,20.854599999999998,6.878766165413534,1.159556666666667,36,-9.733527708333337,19.490307107573972,2.5238495590926924,0.4789808236307398,-2.2808261180173948,0.3458106104154318
2024-11-08,20.24911,19.856936666666666,5.400231983805668,0.3921733333333357,35,-12.378611875000004,19.278729036480318,0.9703809635196841,0.007797159752052301,-2.8351821291361383,0.030631650069335672
2024-11-11,19.596859375,19.52948125,5.24262186234818,0.06737812500000118,32,-17.292384374999997,19.260468085687386,0.3363912893126155,-0.04198569420624618,-3.8210802219282565,-0.08325914447674233
2024-11-12,19.773116666666667,19.538343333333334,5.253929699248118,0.23477333333333306,31,-6.758253333333336,19.20013125512561,0.5729854115410582,-0.039273751006018334,-1.4812910830547024,-0.05053966800490698
2024-11-13,21.54360666666667,21.119696666666666,7.640512828947369,0.4239100000000029,30,-2.0326683333333335,19.80570884061358,1.7378978260530893,0.7174852078118523,-0.44094625386529795,0.26583511751665534
2024-11-14,21.195886666666667,20.52547857142857,6.6816771241830075,0.6704080952380949,29,-0.8182699999999983,18.824194104497074,2.371692562169592,0.4111970207676334,-0.17828448985254922,0.20119034492744883
2024-11-15,21.035173333333333,20.50345625,6.949649346405227,0.5317170833333336,28,0.7860633333333311,18.723816070301318,2.311357263032015,0.4940059666473293,0.17189688935623162,0.17040722319610865
2024-11-18,22.87101,21.06415714285714,8.140132163742692,1.8068528571428573,25,3.274150624999997,19.075711151708006,3.795298848291992,0.8676084619387562,0.7149701515317374,0.4965330111735634
2024-11-19,21.651373333333332,20.5724875,7.752137134502924,1.0788858333333309,24,1.8782566666666654,19.19602137074059,2.4553519625927436,0.7408888349718471,0.4020275351482892,0.27530519800120734
2024-11-20,21.232576666666667,20.19091875,7.484771568627451,1.041657916666665,23,-0.31103000000000236,18.547545172527393,2.685031494139274,0.6530912473250905,-0.08410944313764926,0.19777199524443495
2024-11-21,21.952513333333336,20.50122857142857,8.657899415204678,1.4512847619047662,22,0.7566266666666692,18.57762495200495,3.374888381328386,1.018583650156812,0.1517753893073465,0.3242565989555182
2024-11-22,20.791339999999998,20.15392142857143,8.025807017543858,0.6374185714285687,21,-0.24383333333333468,18.734495615804615,2.056844384195383,0.8141885401938599,-0.06979948570165828,0.11387947432628051
2024-11-25,20.67881,19.92622142857143,8.962483333333331,0.7525885714285678,18,-2.1921999999999997,19.101444167426497,1.577365832573502,1.1023518300082822,-0.5002703852629453,0.09118204134405791
2024-11-26,21.216609375,20.1238625,8.210043274853803,1.0927468749999996,17,-0.43476395833333115,18.301918811042235,2.914690563957766,0.8596591173245841,-0.11219557308596428,0.18473331364244905
2024-11-27,21.30419,20.165712499999998,9.359383333333334,1.1384775000000005,16,0.07161333333333175,18.251495722014134,3.0526942779858643,1.2120570276363232,-0.0007778138308603749,0.1975673417501546
2024-11-28,20.173920000000003,19.81250625,8.057013725490197,0.3614137500000041,15,-1.7785933333333332,17.99996940172686,2.173950598273141,0.7979919386780873,-0.41042418710524503,-0.008452106285912366
2024-11-29,20.50955666666667,19.888357142857146,8.316704970760235,0.6211995238095227,14,-0.2817833333333297,17.968943459284482,2.5406132073821865,0.8745372768985167,-0.0800176164426567,0.04919500722885516
2024-12-02,21.506306666666667,19.57252857142857,8.310990196078432,1.9337780952380967,11,0.8274966666666685,15.476891787280305,6.029414879386362,0.8673850778316707,0.1638954063472548,0.2250419979341558
2024-12-03,20.665746666666664,19.31332857142857,7.058030075187972,1.352418095238093,10,-0.5508627083333373,16.41015713635452,4.255589530312143,0.47361461807682764,-0.14225878257254174,0.06965790817716627
2024-12-04,20.320981250000003,19.25484375,7.022430451127818,1.0661375000000035,9,-0.9832087499999957,13.545850153154614,6.775131096845389,0.4605393868123265,-0.23967211415234288,0.0031316431529527875
2024-12-05,19.565175000000004,19.07480625,7.596008646616543,0.4903687500000018,8,-0.608744999999999,13.566330250694985,5.998844749305018,0.6375903522738093,-0.1568465795967175,-0.1368161531470248
2024-12-06,20.4168,19.3819125,8.442060701754386,1.0348875,7,-0.09275666666666993,13.78775185973144,6.629048140268559,0.8983711833226099,-0.04342620405140642,0.014017127698502612
2024-12-09,18.65135625,19.55506875,5.339801960784314,-0.903712500000001,32,-2.854950416666668,13.80398680781595,4.84736944218405,-0.06664094487771136,-0.6536215414004933,-0.30977711018221776
2024-12-10,18.79287,19.7196625,5.243214285714288,-0.9267924999999977,31,-1.872876666666663,13.882650021759044,4.910219978240956,-0.09625798173067021,-0.43502569603109864,-0.2878237191150089
2024-12-11,18.359566666666666,19.695999999999998,5.873601587301586,-1.336433333333332,30,-1.9614145833333367,12.39495346735318,5.9646131993134865,0.10006328118963916,-0.45321529934316596,-0.3710164899346565
2024-12-12,18.655621875,19.641368749999998,6.918451666666666,-0.9857468749999967,29,-0.9095531250000022,12.813255882478172,5.842365992521829,0.42286915314556417,-0.21985133256164902,-0.31995715518059803
2024-12-13,17.87345,19.68813125,6.225022649572651,-1.8146812500000031,28,-2.54335,13.406004349490855,4.467445650509143,0.20443767364453574,-0.5788785855578746,-0.4654899123077639
2024-12-16,17.564715624999998,19.536362500000003,6.0752970085470075,-1.9716468750000047,25,-1.0866406250000011,12.648803416394891,4.915912208605107,0.15529805606369493,-0.2553369186900335,-0.5243311393715712
2024-12-17,17.048133333333332,19.218783333333334,5.379315873015873,-2.170650000000002,24,-1.7447366666666682,12.653340836263958,4.394792497069375,-0.06331440893154437,-0.39788729494325453,-0.6201340452455238
2024-12-18,17.271015625,19.356612499999997,5.453199579831935,-2.0855968749999967,23,-1.0885510416666655,12.971861578287664,4.299154046712337,-0.041120591240156455,-0.24881010573181317,-0.5789094887375676
2024-12-19,18.600253125000002,20.204171875,5.5524312500000015,-1.6039187499999983,22,-0.05536874999999952,12.823739082294109,5.776514042705893,-0.011492733458445984,-0.018340179221638442,-0.3362325550508731
2024-12-20,18.592484374999998,20.41110625,7.424749803921568,-1.8186218750000016,21,0.7190343749999997,12.708409898048338,5.88407447695166,0.5698667269026267,0.15346305375376834,-0.3395151267942632
2024-12-23,16.07798125,19.4148125,6.626069019607842,-3.3368312499999995,18,-1.4867343749999975,12.57458201316041,3.5033992368395914,0.31867627956558264,-0.33353169828357665,-0.8022889426425392
2024-12-24,16.209809375,19.47596875,4.967523333333332,-3.266159375000001,17,-0.8383239583333335,12.180439278368357,4.0293700966316415,-0.19801844307603805,-0.18906345816573208,-0.7780530021288481
2024-12-25,15.610476666666667,19.32174,5.30571137254902,-3.7112633333333314,16,-1.6605389583333334,11.73690348691441,3.873573179752256,-0.09301760815971524,-0.3719740499907463,-0.8888914814625937
2024-12-26,14.4881125,18.515375,4.438768376068378,-4.027262499999999,15,-4.112140625000002,12.161977873036681,2.3261346269633183,-0.3628778354149275,-0.9105311800743918,-1.092521240699745
2024-12-27,14.510784375,18.405234375,4.840233157894737,-3.894449999999999,14,-4.081699999999998,13.28184074101952,1.2289436339804798,-0.23807351518411402,-0.9005341862711201,-1.088038704214685
2024-12-30,16.244071875000003,19.113190625,7.757193522267205,-2.8691187499999984,11,0.1660906250000025,13.807158355142047,2.4369135198579563,0.6658531597263189,0.03668774818832541,-0.7717563180516026
2025-01-06,19.064884375,19.721434375,4.393285714285717,-0.6565500000000029,39,2.8550749999999994,13.436642928099051,5.628241446900947,-0.38446250333041854,0.6265258263826707,-0.25684756838068973
2025-01-07,18.780578124999998,19.3102625,5.618664473684209,-0.5296843750000022,38,3.170101458333331,15.115318409098041,3.665259715901957,-0.003434106849071001,0.6917369152898883,-0.3135825460342506
2025-01-08,18.917946875,19.1896,5.862759999999998,-0.2716531250000003,37,4.429834374999999,15.146594145374333,3.771352729625665,0.07081177959069139,0.9625107023775834,-0.29252398725670703
2025-01-09,19.417240624999998,19.471721875,6.066231746031743,-0.054481250000002035,36,4.906456249999998,15.283626278474555,4.133614346525443,0.13175415004184424,1.0600071298539007,-0.20497214048639126
2025-01-10,19.13774375,19.551790625000002,5.179486666666666,-0.4140468750000039,35,2.8936718749999955,15.77957453417477,3.358169215825228,-0.14655882521494934,0.6136252852273091,-0.2618503707346261
2025-01-14,20.697003333333335,20.588563333333333,6.576226495726495,0.10844000000000165,31,1.6321189583333364,16.93875987010311,3.758243463230226,0.2875762490705055,0.3338698837353104,0.023575750560773195
2025-01-15,20.201478125,20.117203125000003,6.550947773279354,0.0842749999999981,30,1.4209000000000032,16.93288071003919,3.268597414960812,0.2772995512905357,0.2860442280591147,-0.07413336325238844
2025-01-16,19.467375,18.954265624999998,5.632167460317461,0.5131093750000026,29,0.5494281250000022,16.300360076640917,3.1670149233590834,-0.010222058410548214,0.0954414604578655,-0.21522834952007533
2025-01-17,19.130537500000003,18.85609375,5.822632388663969,0.2744437500000032,28,-0.2867031249999954,16.044127990549722,3.086409509450281,0.04893861993951155,-0.08708090813194802,-0.28256934338184986
2025-01-20,19.364290625000002,18.796171875,5.671678151260505,0.5681187500000036,25,0.22654687500000392,16.692615970267415,2.6716746547325876,-0.0009069405016776674,0.028735029086517556,-0.24024923602699308
2025-01-21,18.888315624999997,18.556065625000002,6.511814166666667,0.3322499999999948,24,-1.8086877083333377,16.73692615580694,2.151389469193056,0.2575126845630588,-0.41435790427772623,-0.3311940438005372
2025-01-22,18.072690625,18.077234375,6.237044444444443,-0.0045437499999998465,23,-2.1287875000000014,17.467465579040926,0.6052250459590738,0.16426083330552035,-0.47937095501252075,-0.48401373518681257
2025-01-23,18.312584375,18.004365625,6.284563596491228,0.30821875000000176,22,-1.1547906250000004,17.40011824555772,0.9124661294422793,0.17304026640098297,-0.2597342471624688,-0.43722975220967397
2025-01-24,16.965671874999998,17.232425,6.0618482456140335,-0.26675312500000103,21,-2.1648656250000045,17.3447083137186,-0.37903643871860027,0.09640722276553076,-0.4775803535672603,-0.6879616927086335
2025-01-27,19.127371875,18.796518749999997,7.980178991596642,0.3308531250000044,18,-0.23691875000000095,17.30362077170689,1.8237511032931124,0.702000903900042,-0.047439248837047386,-0.28019456210841964
2025-01-28,20.046266666666668,19.358703333333334,7.760294166666668,0.6875633333333333,17,1.1579510416666707,18.018249494819976,2.0280171718466917,0.6261376708690637,0.2632611990115232,-0.10728780002312288
2025-01-29,17.834934375,18.2432625,5.452718431372549,-0.4083281250000006,16,-0.23775625000000034,18.363179710877215,-0.5282453358772159,-0.11578936382038021,-0.0469967082300389,-0.5230504736546449
2025-01-30,17.096275,17.408584375,7.430367647058823,-0.31230937500000167,15,-1.2163093750000016,17.94362637014272,-0.8473513701427215,0.512857909510773,-0.26396757542374216,-0.6600271438129148
2025-01-31,16.55845625,17.21278125,5.849855462184873,-0.654325,14,-0.4072156249999992,16.669510683419556,-0.11105443341955734,0.0007357654392182191,-0.08367783333481162,-0.7572269655968654
2025-02-03,22.00855333333333,19.85998,9.33893547008547,2.1485733333333314,11,2.88118145833333,18.863579838804036,3.144973494529296,1.1146846345489452,0.6431369607927716,0.26529111431882624
2025-02-04,20.01483125,19.080759375,8.423077731092434,0.9340718750000008,10,-0.03143541666666749,18.453779577635387,1.5610516723646128,0.8136549657149699,-0.00478307046130249,-0.11115436691735618
2025-02-05,18.862356249999998,18.490590625000003,7.754784583333333,0.37176562499999477,9,1.0274218749999982,16.863123542625726,1.9992327073742722,0.5938652598555602,0.22803683332491173,-0.3292914361220036
2025-02-06,17.133965625000002,17.417106250000003,6.267054999999999,-0.2831406250000015,8,0.03769062500000331,17.072062544683575,0.06190308031642644,0.11288179246871044,0.006780697282106931,-0.6540588001473472
2025-02-07,17.969109375,17.65175,5.870568067226891,0.3173593749999988,7,1.4106531249999996,16.944492768791225,1.0246166062087738,-0.017461261669188207,0.30891774440749464,-0.4959773975760269
2025-02-10,17.641665625,17.9567375,5.690935294117647,-0.31507187499999745,32,-4.36688770833333,16.57308155930591,1.0685840656940933,-0.07692913187115995,-0.9707454113222688,-0.5581032100771613
2025-02-12,17.417771875,17.806393749999998,4.9949903846153845,-0.38862187499999834,30,-2.5970593750000006,15.214471916602779,2.2032999583972206,-0.30447946957891403,-0.576135202982713,-0.6002992379210093
2025-02-13,17.03718125,18.21016875,4.950748095238094,-1.1729875000000014,29,-1.825174999999998,15.789663041514318,1.2475182084856815,-0.31796038873424737,-0.40325949681613,-0.6715531349944186
2025-02-14,17.5563,18.43016875,6.234617857142858,-0.8738687499999997,28,0.4223343749999984,16.1017234807532,1.4545765192467996,0.09524198802513348,0.09376833518784072,-0.5744638434532675
2025-02-17,16.961878125,18.300675,5.524611057692308,-1.3387968749999999,25,-1.0072312500000002,16.036449162024905,0.9254289629750936,-0.1375555043441852,-0.2236439975845602,-0.6859543978885192
2025-02-18,16.425134375,17.964175,4.910819523809526,-1.539040625000002,24,-1.2165312500000027,15.5447567187082,0.8803776562917989,-0.33694072097076366,-0.2687838271321935,-0.7859636186484003
2025-02-19,16.057825,17.993481250000002,5.793150892857144,-1.935656250000001,23,-1.3599468749999986,15.54784990116376,0.5099750988362413,-0.053997716825012344,-0.2997316327825393,-0.8540183315031796
2025-02-20,16.71815,18.286675000000002,6.082716666666666,-1.568525000000001,22,-0.3190312499999983,15.024186394277955,1.6939636057220469,0.036394985678758575,-0.06900907390759804,-0.7293777433112154
2025-02-21,16.473686666666666,18.126142857142856,6.753676960784313,-1.6524561904761903,21,-1.0826133333333345,14.71341486475418,1.7602718019124861,0.25028752427944523,-0.23758786145983798,-0.7752225274032403
2025-02-25,19.428350000000002,18.829585714285713,9.335373333333333,0.5987642857142887,17,2.4664718750000034,15.360342350665256,4.068007649334746,1.0807543298344628,0.547288302893183,-0.22068818309888424
2025-02-26,19.768366666666665,19.07485625,8.452463333333334,0.6935104166666655,16,3.3432322916666664,15.135172365376453,4.633194301290212,0.786676161091917,0.7388143826912166,-0.15781045317507406
2025-02-27,18.441133333333333,18.55607857142857,7.924730555555556,-0.11494523809523827,15,2.383308333333332,14.515306200784037,3.925827132549296,0.6088847590524712,0.5251957441635379,-0.40768129478239346
2025-02-28,24.12214,20.12530625,12.209090849673203,3.9968337500000004,14,7.40399,17.015753252876326,7.1063867471236755,1.9874389927535836,1.6236034701298443,0.6567950003524216
2025-03-03,22.193176666666666,19.139578571428572,8.350605555555553,3.053598095238094,11,5.71949,18.331073345810132,3.8621033208565336,0.7252024170647821,1.245820197421248,0.2915122805964556
2025-03-04,24.595673333333334,20.30241875,11.95271111111111,4.293254583333333,10,5.167323333333332,18.597489485974318,5.998183847359016,1.8813397377135248,1.1170016551580788,0.7377062560790714
2025-03-05,25.383473333333335,20.390306250000002,12.403128632478634,4.993167083333333,9,5.615106666666669,16.34576423488894,9.037709098444395,2.0040267450793268,1.2064806502653789,0.8793517364105897
2025-03-06,23.858543333333333,19.828342857142857,12.3092,4.030200476190476,8,5.41741,16.37693888535668,7.481604447976654,1.9541972040364282,1.156154932552883,0.5892256468039914
2025-03-07,29.327136666666668,21.4629125,17.812824242424245,7.864224166666666,7,5.204996666666666,17.88288111983653,11.444255546830139,3.6204302735396205,1.102421415481888,1.5992303738964373
2025-03-10,22.997236666666666,21.187285714285714,6.848148039215687,1.8099509523809516,32,0.8040599999999998,17.758300153909715,5.2389365127569505,0.1658812449718395,0.1452713297922042,0.4143540843712603
2025-03-11,24.031023333333334,21.951121428571426,8.188271657754012,2.0799019047619076,31,-0.5646500000000003,17.733395952011836,6.297627381321497,0.5844301074260462,-0.15325470297671293,0.6019359373126819
2025-03-12,23.582082142857143,21.66549285714286,6.730515151515149,1.9165892857142843,30,-1.801391190476192,17.741469112466824,5.840613030390319,0.12248864021095172,-0.42167434470549764,0.5133382231885438
2025-03-13,23.117083333333333,21.44835,7.70121978609626,1.668733333333332,29,-0.74146,17.57570113167005,5.541382201663282,0.4226631556354556,-0.19127358197192326,0.422805880300482
2025-03-14,21.33725357142857,20.763982142857145,6.5480027777777785,0.5732714285714238,28,-7.989883095238099,17.024099228657096,4.3131543427714725,0.051180442755067695,-1.7495582430816683,0.08785044739057582
2025-03-17,20.774253333333334,20.11749,5.613408730158731,0.656763333333334,25,-2.2229833333333318,17.468012178598908,3.306241154734426,-0.25320148573263146,-0.5016932829976964,-0.01952086047399852
2025-03-18,19.80348,19.327773333333333,5.928148070175439,0.4757066666666674,24,-4.227543333333333,18.165365342022422,1.638114657977578,-0.15879875616422515,-0.9277875632036748,-0.2025504426660555
2025-03-19,19.692586666666667,19.26648,6.478772222222222,0.42610666666666575,23,-3.8894954761904756,18.099174899476214,1.593411767190453,0.012840009519592485,-0.8489805246034359,-0.22409497601334316
2025-03-21,18.789233333333332,18.937403333333336,6.399096666666669,-0.1481700000000039,21,-4.3278500000000015,18.09715235727892,0.6920809760544131,-0.01822043787712551,-0.938089181288671,-0.3939019885946962
2025-03-24,18.84793,18.615789999999997,6.517609523809526,0.23214000000000468,18,-2.4893235714285673,17.66201569583428,1.1859143041657205,0.016217501469887773,-0.5395607222159531,-0.38240520125214705
2025-03-25,18.494513333333334,18.607636666666664,4.656826666666667,-0.11312333333333058,17,-2.2797400000000003,17.73600626623289,0.7585070671004424,-0.5895305779045269,-0.49117664966958124,-0.44773667877210227
2025-03-26,18.404523333333334,18.456743333333335,5.225776143790849,-0.05222000000000193,16,-1.3989566666666668,17.276489604532877,1.1280337288004567,-0.4065146141222676,-0.29969420862743856,-0.4637152496960698
2025-03-27,19.788193333333332,18.90262,6.629856666666665,0.8855733333333333,15,0.09560666666666506,17.380447735302543,2.4077455980307896,0.045356174431165214,0.0210601702085719,-0.20570380266947533
2025-03-28,21.26843,19.532473333333332,8.923403846153846,1.7359566666666666,14,2.4791966666666667,18.414082548615077,2.854347451384921,0.7863442522179853,0.5310618375333634,0.06951583427129958
2025-03-31,30.95362,22.65485,11.375700000000002,8.298770000000001,11,12.10569,21.136034068886516,9.817585931113484,1.5721409080235338,2.5524628394060254,1.8619395171601623
2025-04-01,29.353743333333334,22.316926666666667,11.952456684491981,7.036816666666667,10,10.85923,19.952366654223255,9.40137667911008,1.7418487556771518,2.2552817193144303,1.5493468870917015
2025-04-02,27.64635357142857,21.93782142857143,11.338120098039216,5.708532142857141,9,9.241830238095236,19.747186249850397,7.899167321578172,1.5295647335318552,1.8937318129825966,1.2228762065221344
2025-04-03,32.44419285714285,24.281824999999998,12.705649999999999,8.162367857142854,8,12.65599952380952,21.68138698023638,10.762805876906473,1.950576387031121,2.559620207828473,2.0828507771842095
2025-04-04,37.24001071428572,26.635146428571428,12.119149999999998,10.604864285714289,7,15.971580714285718,22.84954566711865,14.390465047167066,1.7427090287009248,3.1627274655047515,2.9009963079063605
2025-04-07,46.54897142857143,38.77092142857143,15.330797142857143,7.77805,32,15.595351428571426,35.056864762229935,11.492106666341492,2.720341175597933,3.0175837942726207,4.387143374587881
2025-04-08,38.23769615384616,32.90448076923077,10.922168750000004,5.333215384615386,31,8.883952820512825,42.23893022426732,-4.001234070421162,1.3154220716695646,1.672723500726783,2.8826995469236683
2025-04-09,46.04747692307692,38.216357692307696,11.865757692307696,7.831119230769225,30,18.40112335164835,43.97016087655181,2.0773160465251124,1.5975358841542142,3.4463869207767295,4.0612824246589
2025-04-10,32.89282857142857,29.225939285714286,11.904828676470586,3.666889285714287,29,0.4486357142857216,55.374439815244244,-22.48161124381567,1.5954302017033575,-0.0016569941066310627,1.8645685906770952
2025-04-11,37.41207142857143,32.173478571428575,13.966818749999998,5.238592857142855,28,0.17206071428571335,56.17907315473045,-18.767001726159023,2.2072804040110725,-0.054122275155934055,2.562233364059411
2025-04-14,33.59065384615385,30.113026923076923,9.65136066176471,3.477626923076926,25,-12.958317582417578,56.33020701946455,-22.739553173310703,0.8683737779075251,-2.5319052272122327,1.9189412390381448
2025-04-15,29.465249999999997,27.283676923076925,8.435704411764704,2.1815730769230726,24,-8.772446153846161,56.303330320763834,-26.838080320763837,0.4897723499996457,-1.720259127859795,1.2438693968679821
2025-04-16,29.83035,27.7871,11.721374999999998,2.0432500000000005,23,-16.217126923076922,56.00052657304209,-26.170176573042088,1.489753032961739,-3.0521649389437067,1.2917341487372362
2025-04-17,26.650276923076923,26.401376923076924,10.005211764705884,0.248899999999999,22,-6.24255164835165,56.39494938300969,-29.744672459932765,0.9555647010493716,-1.1973827251612164,0.7772143721382048
2025-04-18,25.61094285714286,25.928075,9.254094485294114,-0.3171321428571403,21,-11.80112857142857,56.6377844529307,-31.026841595787843,0.7191095556219623,-2.193039521806758,0.606524900430673
2025-04-21,29.26935357142857,27.535164285714288,12.142554044117645,1.734189285714283,18,-4.321300274725278,56.71883672704211,-27.44948315561354,1.5901323208376252,-0.8210987002819167,1.182608143711207
2025-04-22,29.155407142857143,27.724899999999998,10.203265073529412,1.4305071428571452,17,-0.3098428571428542,56.62737371827754,-27.471966575420396,0.98950757910516,-0.08894688121039826,1.155279193826482
2025-04-23,25.500596428571427,25.40207142857143,9.41274375,0.09852499999999864,16,-4.329753571428572,57.12091735805844,-31.620320929487015,0.7422613500824549,-0.8184185322632163,0.5686532025656881
2025-04-24,25.59227142857143,25.11205,10.899582352941177,0.48022142857142924,15,-1.058005494505494,57.20935511621267,-31.61708368764124,1.1865632720196722,-0.22276537697546175,0.5786818360447268
2025-04-25,23.688339285714285,24.066135714285714,10.161429411764704,-0.37779642857142903,14,-1.9226035714285743,57.48467775054981,-33.79633846483552,0.9546447217505953,-0.37898400070380045,0.27262061446971536
2025-04-28,23.241521428571428,23.689989285714283,11.089558823529412,-0.4484678571428553,11,-6.027832142857143,55.58413999271694,-32.34261856414551,1.2282663493879233,-1.1191844984649728,0.19967436704065222
2025-04-30,21.654407142857142,22.362014285714288,12.69828888888889,-0.707607142857146,9,-7.501000000000001,55.61712645667336,-33.96271931381622,1.7008958698742487,-1.3751427071360702,-0.05331891678141261
2025-05-01,20.732510714285716,21.459635714285714,9.06911176470588,-0.7271249999999974,8,-4.768085714285711,55.74168661560059,-35.009175901314876,0.6014619311520424,-0.8739918046454808,-0.20047763369736238
2025-05-02,21.29691,21.874143333333336,10.386382026143792,-0.5772333333333357,7,-4.295361428571429,54.74026923208717,-33.443359232087175,0.9925913135876794,-0.7821326474267247,-0.10951234963819528
2025-05-07,21.97058333333333,22.247573333333335,8.118042222222222,-0.27699000000000495,37,-1.717755952380955,53.55701986697762,-31.58643653364429,0.3060444846630184,-0.313550550565758,-0.0033620972941162787
2025-05-08,21.1832,21.84447142857143,6.384501111111113,-0.6612714285714318,36,-2.0583214285714284,42.94711237149151,-21.763912371491507,-0.2182342064480264,-0.37498448584977223,-0.13051864376155642
2025-05-09,20.612543333333335,21.213343333333334,7.537225641025639,-0.6007999999999996,35,-1.0418638095238073,38.8232551129675,-18.210711779634167,0.1261131450528347,-0.19284279949187888,-0.22328315816465938
2025-05-12,20.30926,20.68234,7.131308333333333,-0.37308000000000163,32,-0.42325071428571803,34.76388187209696,-14.454621872096961,0.0008541191217265902,-0.08098799238621043,-0.2721447810984199
2025-05-13,18.437503125,19.148665625,6.978890909090911,-0.7111625000000004,31,-2.8594068750000012,18.816418460962776,-0.3789153359627768,-0.04935949299036702,-0.5233142744524655,-0.5704251025280651
2025-05-14,18.24903,18.452640000000002,7.419606565656565,-0.20361000000000118,30,-3.721553333333329,13.862604414978147,4.386425585021854,0.07980857737559466,-0.6769615271542424,-0.5997440183911281
2025-05-15,19.391550000000002,19.787907142857144,8.623255982905981,-0.3963571428571413,29,-1.791649999999997,14.827973650279258,4.563576349720744,0.4408614879645587,-0.325560027451744,-0.41740685533375776
2025-05-16,19.298206666666665,19.823914285714288,8.324848717948719,-0.5257076190476226,28,-1.3143366666666694,14.895450888052297,4.4027557786143685,0.3457831406395383,-0.23798534961067927,-0.43304359203604326
2025-05-19,19.64487666666667,20.114964285714287,9.787713492063492,-0.470087619047618,25,-0.6643833333333298,14.483492655666389,5.16138401100028,0.7839585713389795,-0.12118137989330192,-0.3791174496260028
2025-05-20,19.890953333333332,20.25380714285714,9.499018253968256,-0.3628538095238092,24,1.453450208333333,14.203998858738965,5.686954474594367,0.6896665946485181,0.26047113240943565,-0.3412666435122556
2025-05-21,19.049193333333335,19.76472857142857,9.651397777777778,-0.7155352380952351,23,0.8001633333333338,14.499567750922008,4.549625582411327,0.7299050781784406,0.14041600224110778,-0.47705473900943623
2025-05-22,20.302326666666666,20.233557142857144,10.565383333333333,0.06876952380952162,22,0.9107766666666635,13.876312753302104,6.426013913364562,1.002262296993265,0.1582568121308978,-0.2789054462530628
2025-05-23,19.047243333333334,19.9666,10.171958888888888,-0.9193566666666655,21,-0.2509633333333312,13.723329497825027,5.323913835508307,0.8744266224274226,-0.05278983824359277,-0.48125479046201575
2025-05-26,19.281246666666668,19.78672142857143,9.56268968253968,-0.505474761904761,18,-0.36363000000000056,12.801407402427275,6.479839264239393,0.6810147521580695,-0.0734493875913325,-0.44554963215801807
2025-05-27,18.40651,19.5407,8.542007692307692,-1.1341900000000003,17,-1.4844433333333313,12.804664712175004,5.601845287824997,0.3608041626770038,-0.27591219671965406,-0.5868106266553308
2025-05-28,18.29332,19.343507142857142,8.975472222222223,-1.0501871428571405,16,-0.7558733333333336,11.532042635092242,6.761277364907759,0.4888573158638419,-0.1442733275178251,-0.6068652523867532
2025-05-29,18.88173125,19.1424625,6.863717224880382,-0.2607312499999992,15,-1.4205954166666643,12.844172584779692,6.03755866522031,-0.17334567039595664,-0.2648675854467484,-0.5153090214503646
2025-05-30,19.286343333333335,19.50239285714286,7.999651587301589,-0.2160495238095237,14,0.23910000000000053,13.965755420959633,5.320587912373702,0.17491540834244146,0.03468874000256383,-0.4530961094758365
2025-06-02,21.25963,20.131957142857143,9.777878888888889,1.1276728571428585,11,1.9783833333333334,14.626680067529673,6.6329499324703285,0.7265349134576751,0.34742548745732854,-0.1390735355656533
2025-06-03,20.684673333333336,20.043535714285717,8.852224444444445,0.641137619047619,10,2.2781633333333353,14.249866447317261,6.434806886016075,0.4287628407993228,0.398873377449203,-0.23559964558866128
2025-06-04,19.15183,19.472228571428573,8.363346031746033,-0.32039857142857286,9,0.858509999999999,14.44424136106437,4.707588638935631,0.2678574100747043,0.14013173309736265,-0.48732843830524275
2025-06-05,19.547866666666668,19.662414285714284,9.055132222222223,-0.11454761904761668,8,0.6661354166666662,14.579209729018563,4.968656937648104,0.48223497564710066,0.1045733441738058,-0.426763878906608
2025-06-06,18.872193333333335,19.41079285714286,9.39792380952381,-0.5385995238095234,7,-0.41414999999999935,13.631131599150653,5.241061734182683,0.5856745144904686,-0.09141540376514577,-0.5400431386310541
2025-06-09,18.655766666666665,19.1242375,6.451213675213673,-0.4684708333333347,32,-2.6038633333333365,13.942796395947221,4.712970270719444,-0.36458238935797427,-0.4870163096814623,-0.5793935022065808
2025-06-10,18.84448666666667,19.195764285714283,6.5684619658119665,-0.35127761904761456,31,-1.8401866666666677,13.033861198020274,5.8106254686463945,-0.3296565540253289,-0.34764954940793275,-0.5521320861430673
2025-06-11,18.613668750000002,19.071237500000002,7.046151754385967,-0.4575687500000001,30,-0.5381612499999981,13.160217023159456,5.453451726840546,-0.1785575168995493,-0.11066587921590074,-0.5922925591539511
2025-06-12,19.280396875,19.532506249999997,8.429704385964914,-0.2521093749999963,29,-0.2674697916666666,12.866703567418947,6.413693307581054,0.2632142949219626,-0.06154144794756242,-0.48685818014584376
2025-06-13,21.06472,20.37399,10.20487857142857,0.6907300000000021,28,2.192526666666666,13.299158412877071,7.76556158712293,0.8304029947240312,0.38270623220628003,-0.19795784865806407
2025-06-16,19.6296375,19.62823125,8.921464912280701,0.0014062500000022737,25,0.9738708333333363,13.73240463983542,5.897232860164582,0.4102306867499722,0.16217057702841703,-0.4374800749460194
2025-06-17,19.204290625,19.384815625,9.623655555555555,-0.18052500000000293,24,0.35980395833333034,13.836567723585711,5.367722901414288,0.6322128858803707,0.051791952337405286,-0.5099155911765143
2025-06-18,19.17062333333333,19.46720333333333,10.124489999999998,-0.29657999999999873,23,0.5569545833333294,13.795290736319682,5.375332597013649,0.7881341097281653,0.0876152908142519,-0.5175771498450833
2025-06-19,19.651130000000002,19.9078,9.931094444444447,-0.25666999999999973,22,0.370733125000001,13.993763147563357,5.657366852436645,0.7189640709398837,0.054569420696160775,-0.44093635108531826
2025-06-20,20.033123333333336,20.11797,11.231807264957265,-0.08484666666666385,21,-1.0315966666666654,14.031114735227277,6.002008598106059,1.1335054427563347,-0.19801639820455164,-0.38058155852951125
2025-06-23,20.60691,20.224533333333333,11.027208974358974,0.3823766666666657,18,0.977272499999998,13.713331092679642,6.893578907320357,1.0589010267668748,0.16547345431792237,-0.28896015508956013
2025-06-24,18.52841875,19.338603125,9.275211111111112,-0.8101843749999986,17,-0.6758718749999986,14.125415247807585,4.403003502192416,0.4813582873731372,-0.13348466845835188,-0.6360536566724413
2025-06-25,17.822665625,18.808103125000002,9.430323245614034,-0.9854375000000033,16,-1.3479577083333325,14.141476660412918,3.681188964587081,0.5263336130160993,-0.25476774033097627,-0.7553534975045164
2025-06-26,18.113662499999997,18.708353125000002,8.247569473684209,-0.5946906250000055,15,-1.5374675000000053,13.792853974807336,4.3208085251926605,0.1322074308743892,-0.28905314897655876,-0.7104512939362739
2025-06-27,19.125484375,19.114150000000002,5.819850877192984,0.01133437499999701,14,-0.9076389583333366,13.494446461395098,5.631037913604901,-0.6686349388847234,-0.17417713797570675,-0.5438944233342293
2025-06-30,21.003574999999998,19.64764375,6.3370267942583745,1.3559312499999976,11,0.3966649999999987,12.22985584805587,8.773719151944128,-0.5001325743868257,0.0613385162332335,-0.23451963042605542
2025-07-01,20.24711875,19.549515624999998,9.522338846153847,0.6976031250000005,10,1.7186999999999983,13.4644953245014,6.782623425498599,0.5465544260872862,0.2986898802414077,-0.36513848089091827
2025-07-02,21.39365625,19.976487499999998,10.08190037593985,1.4171687500000019,9,3.5709906250000003,13.697006071443404,7.696650178556595,0.7254319365955438,0.6303522080822975,-0.17754896159598435
2025-07-03,21.404959375,19.90115,12.564178571428574,1.5038093749999994,8,3.291296875000004,13.416879305067459,7.988080069932542,1.5320490262150395,0.5770074230149741,-0.18050948536534672
2025-07-04,22.238037499999997,20.2080375,14.995091729323306,2.0299999999999976,7,3.112553124999998,13.415953594871013,8.822083905128984,2.2998283512905426,0.5413660343486665,-0.04450429738582697
2025-07-07,21.737146875,20.572,7.820514385964913,1.1651468750000014,32,0.7335718750000026,13.493881788023415,8.243265086976585,-0.04889289475128205,0.11087276732528831,-0.13372156065429655
2025-07-08,20.3305375,19.912215625,6.462892481203006,0.4183218749999966,31,0.08341874999999987,13.4874568443166,6.843080655683398,-0.4972856142861341,-0.006630069242290842,-0.37651388587428325
2025-07-09,19.058934375,19.005440625,7.55009097744361,0.05349375000000123,30,-2.3347218749999996,13.433490517530016,5.625443857469984,-0.14511165939289367,-0.4417528665445877,-0.5969291257213376
2025-07-10,18.698034375,18.726821875,7.317237543859651,-0.028787499999999966,29,-2.706925000000002,13.283396734670895,5.414637640329104,-0.22503071191366833,-0.5072266126712529,-0.6634157752403463
2025-07-11,18.760884375,18.644734375,8.116927017543858,0.11615000000000109,28,-3.4771531249999974,12.750420600893333,6.010463774106666,0.03453159412120471,-0.6439260404094179,-0.6571397878467043
2025-07-14,19.651409375,19.009518749999998,8.517517543859647,0.641890625000002,25,-2.0857375000000005,12.260949640566029,7.390459734433971,0.16119639211760192,-0.3920554237308333,-0.5095626393436645
2025-07-15,19.142915625,18.593790625,8.429005639097742,0.5491250000000001,24,-1.1876218749999978,12.245083397014564,6.897832227985436,0.1268091976780743,-0.22959073321831233,-0.6015610908509242
2025-07-16,20.07874375,19.298946875,9.09094245614035,0.7797968750000024,23,1.0198093750000012,11.92730400546855,8.151439744531451,0.3419406167327225,0.1675163846499038,-0.4452032192421191
2025-07-17,19.883812499999998,19.31525,7.689180451127822,0.5685624999999987,22,1.1857781249999988,11.270799272924515,8.613013227075482,-0.1282827344005905,0.19674161512350782,-0.48424555629078864
2025-07-18,20.676446875,19.432978124999998,7.393779323308269,1.2434687500000017,21,1.9155625,11.263628391177392,9.412818483822608,-0.2348906384036865,0.327786583194333,-0.35067581894760413
2025-07-22,18.958459374999997,18.185434375,7.578896140350878,0.773024999999997,17,-0.6929500000000033,11.257598242332026,7.700861132667971,-0.18070789914103427,-0.14074550539666278,-0.6526214550693608
2025-07-23,19.878021875,18.597428125,3.5033507142857125,1.2805937500000013,16,0.7351062500000012,15.903137375068704,3.9748844999312976,-1.570285925146507,0.11723672860295133,-0.4956695249111497
2025-07-24,19.884721875,18.891875,4.188256666666664,0.9928468750000015,15,-0.19402187500000068,16.54121407640603,3.343507798593972,-1.3523717625333695,-0.04856349290578323,-0.4971979652398598
2025-07-25,18.132503125,18.26265625,7.016469999999998,-0.13015312499999965,14,-1.7513093749999982,16.379056518137915,1.7534466068620844,-0.38912387978461777,-0.3263092243269832,-0.8047401880528201
2025-07-28,19.94640882352941,18.79043823529412,7.424288663967609,1.1559705882352915,11,-0.73003805147059,16.405694659451626,3.5407141640777837,-0.2546377780076422,-0.140946498786852,-0.4901786384394683
2025-07-29,19.1423375,18.41890625,7.046419999999998,0.7234312500000009,10,0.18387812500000322,16.461767464660298,2.680570035339702,-0.39053708061512726,0.024270800759651618,-0.6334612677758058
2025-07-30,19.402012499999998,18.56659375,8.449161666666669,0.8354187499999988,9,-0.47600937500000384,15.772510003151346,3.6295024968486516,0.08989099103543939,-0.0930408720504131,-0.5888929918062419
2025-07-31,19.047884375,18.432425000000002,7.236348461538462,0.6154593749999968,8,-0.8368375000000015,15.911099181076176,3.1367851939238225,-0.33669638222750486,-0.15647549287016257,-0.6515738869957022
2025-08-01,19.437158125,19.217896875,9.440581428571427,0.21926124999999885,7,1.3046550000000003,16.175253163816645,3.2619049611833546,0.4309053010754284,0.23120167790270843,-0.5825335153686929
2025-08-04,20.571671875,19.883756249999998,6.868939766081869,0.6879156250000023,39,0.6252630514705899,16.90348937589144,3.6681824991085605,-0.472286949196204,0.10938545638668712,-0.38493145367377835
2025-08-05,19.023078124999998,18.807690625,5.386017352941174,0.2153874999999985,38,-0.11925937500000217,16.85539842197989,2.1676797030201094,-0.994096915931019,-0.023552074994768295,-0.6571729563157435
2025-08-06,18.93575625,18.925596875,5.490581249999998,0.010159375000000637,37,-0.46625624999999715,16.937471032459307,1.998285217540694,-0.9542038274725904,-0.08277644369781967,-0.6691850802932623
2025-08-07,18.2517,18.4733375,5.984471666666668,-0.22163749999999993,36,-0.7961843749999993,17.021511593950112,1.230188406049887,-0.7829369813558273,-0.13892026743141775,-0.7850838363077066
2025-08-08,18.525365625,18.54554375,5.084486153846154,-0.020178125000001046,35,-0.9117925000000007,17.86741088579716,0.6579547392028395,-1.0992217735320233,-0.1571972795954754,-0.7331505353910128
2025-08-12,19.78870294117647,19.524470588235296,6.021767261904763,0.26423235294117475,31,-0.7829689338235291,18.93678126943034,0.8519216717461298,-0.7737040576871071,-0.12934477560441754,-0.5083671595139582
2025-08-13,20.064594117647058,19.547191176470587,4.8188714285714305,0.5174029411764707,30,1.04151599264706,19.031026357372852,1.033567760274206,-1.2124624550034162,0.2036525608638521,-0.4583932910287353
2025-08-14,19.711617647058823,19.459118750000002,6.663730000000001,0.2524988970588211,29,0.7758613970588222,20.202703474933596,-0.4910858278747732,-0.5612071306553702,0.15657877770856685,-0.5162890437254439
2025-08-15,20.022844117647058,19.750812500000002,4.357947619047618,0.2720316176470554,28,1.771144117647058,20.67991626407844,-0.657072146431382,-1.3756240397709156,0.3503546617855093,-0.45556991802389163
2025-08-18,20.14576388888889,19.849905555555555,5.625128571428572,0.2958583333333351,25,1.620398263888891,20.705843542196614,-0.5600796533077244,-0.941260395530164,0.37167987987123957,-0.4391799509454569
2025-08-19,19.501869444444445,19.68156111111111,6.158761904761906,-0.1796916666666668,24,-0.28683349673202585,20.79144324519998,-1.2895738007555337,-0.7451433367674954,0.004101896047026175,-0.5569460903297826
2025-08-20,20.025891176470587,19.767331249999998,7.167899267399267,0.2585599264705891,23,-0.03870294117647077,21.86931359366893,-1.8434224171983438,-0.36087909897915155,0.06124263307512999,-0.44966876254815674
2025-08-21,19.702761764705883,19.662937499999998,7.1708476190476205,0.03982426470588507,22,-0.008855882352939659,18.863259623777715,0.8395021409281682,-0.3543709460078149,0.07328733396705017,-0.5062326088020951
2025-08-22,19.792326470588236,19.6910625,8.334283333333332,0.101263970588235,21,-0.2305176470588215,18.11685854884855,1.6754679217396848,0.09232663373324679,0.025593454233789868,-0.4825047731011603
2025-08-25,19.684133333333335,19.53071111111111,7.616465000000002,0.15342222222222546,18,-0.4616305555555549,17.7637928240242,1.9203405093091348,-0.17572678657924481,-0.04762997180610094,-0.49904680312464245
2025-08-26,19.618261764705885,19.2405625,8.461882499999998,0.37769926470588544,17,0.11639232026143986,17.637089669940853,1.9811720947650322,0.14992692649577433,0.0682464781828857,-0.5081844892612057
2025-08-27,18.822579411764707,19.049577777777777,7.886518333333331,-0.22699836601307055,16,-1.2033117647058802,17.27060249381299,1.5519769179517162,-0.06788625550113843,-0.23385141325058484,-0.662252596380878
2025-08-28,17.805282352941177,18.7069375,5.692020769230769,-0.9016551470588219,15,-1.8974794117647065,17.327341015718375,0.4779413372228021,-0.9047538636471286,-0.40011231988863677,-0.8578902331847099
2025-08-29,17.454276470588233,18.663177777777776,6.909482051282051,-1.2089013071895423,14,-2.3380500000000026,17.180104281762038,0.27417218882619565,-0.43429941472900896,-0.5069660717843609,-0.919902458929861
2025-09-01,19.815662500000002,19.22754375,8.054149579831932,0.5881187500000031,11,0.1315291666666667,17.687890653737917,2.1277718462620854,0.0036817951284641897,0.0530360125990061,-0.4516323285044028
2025-09-02,19.181593749999998,19.039268749999998,8.31306,0.1423249999999996,10,-0.43666801470588723,16.871104822376985,2.3104889276230125,0.1032681630651628,-0.07544666366840722,-0.5719033494443029
2025-09-03,20.544128125,19.49835625,9.655540350877192,1.0457718749999998,9,1.7215487132352933,17.25852013437231,3.285607990627689,0.6145165014054201,0.41643137821177334,-0.30086289915686293
2025-09-04,18.804141176470587,18.83746875,7.737821428571429,-0.03332757352941229,8,0.9988588235294102,17.85895335969683,0.9451878167737569,-0.11935234374041334,0.25257984354519436,-0.6387940211994829
2025-09-05,19.817582352941177,19.0529,7.117521428571429,0.7646823529411755,7,2.363305882352943,18.03013417854437,1.7874481743968076,-0.35323282851347637,0.5592468549638624,-0.4362089082169323
2025-09-08,20.139114705882353,19.458875,2.7763238095238094,0.6802397058823537,32,0.3234522058823508,17.613998521546137,2.525116184336216,-1.9930623128656566,0.09269598203937557,-0.3712629971856593
2025-09-09,19.714308333333335,19.44468333333333,4.031638095238094,0.2696250000000049,31,0.5327145833333375,16.214932938581978,3.4993753947513575,-1.5046571051274487,0.13748577591629343,-0.4527113633019934
2025-09-10,19.907808333333335,19.637344444444444,4.112064761904762,0.27046388888889084,30,-0.636319791666665,15.859578833047241,4.048229500286094,-1.462349285203582,-0.13142250793133434,-0.4136149375961497
2025-09-11,20.482694117647057,19.9031125,3.964071428571426,0.5795816176470581,29,1.67855294117647,15.284808618473953,5.197885499173104,-1.5071666345665453,0.39159403312291957,-0.30132259328672134
2025-09-12,20.181427777777778,19.93008611111111,4.725952380952382,0.2513416666666686,28,0.363845424836601,14.483823394143519,5.697604383634259,-1.2123078848728874,0.08900970031189571,-0.35924528885603185
2025-09-16,19.908730555555557,19.671116666666666,4.833876190476193,0.237613888888891,24,-0.23038415032679538,14.314330459555116,5.594400096000442,-1.164001255137768,-0.04722657298966824,-0.41146355976784815
2025-09-17,20.26087777777778,19.94213333333333,4.8672095238095245,0.31874444444444805,23,0.5465694444444438,14.257079528051033,6.003798249726746,-1.1786940898373317,0.14388308892626872,-0.33515920965173085
2025-09-18,20.15597222222222,19.878122222222224,3.3528214285714313,0.27784999999999727,22,0.24816388888888596,13.232917019756743,6.923055202465479,-1.8053269975526192,0.08606607819957723,-0.3492738173786317
2025-09-19,20.203430555555556,20.01258055555556,6.251952380952382,0.19084999999999752,21,-0.2792635620915007,13.160817328884717,7.04261322667084,-0.6402294204908128,-0.025332044896329408,-0.33263963799621277
2025-09-22,20.60261578947368,20.132734210526316,4.52551212121212,0.4698815789473656,18,0.4211880116959037,13.366950331037634,7.235665458436047,-1.351481902840444,0.14895444479107808,-0.24700008882928928
2025-09-24,20.218602631578946,19.98111052631579,5.289706818181816,0.23749210526315778,16,0.30987207602338884,13.363473132295253,6.855129499283693,-1.0265990067049042,0.12559994619060924,-0.3212708843508829
2025-09-25,20.011605263157897,19.920426315789474,6.607933333333335,0.09117894736842302,15,-0.2492725146198822,12.47095746527725,7.540647797880647,-0.47647811095227943,-0.01829746078278737,-0.3588108304879662
2025-09-26,21.479677777777777,20.616411111111113,8.197701515151515,0.8632666666666644,14,1.3237055555555557,13.249506339653108,8.23017143812467,0.18498810050613357,0.3602930500491277,-0.056965211422722144
2025-09-29,22.09278611111111,20.432205555555555,9.364449999999998,1.6605805555555548,11,1.8893555555555537,13.625984565568249,8.466801545542861,0.669276072607743,0.49388052054212156,0.06922820855598913
2025-09-30,22.28286388888889,20.37503611111111,9.562687121212122,1.9078277777777792,10,1.6802480994152091,13.620619288608893,8.662244600279998,0.7482546066328862,0.43794541977461116,0.11013779537273928
2025-10-01,23.223211111111112,20.42731388888889,11.703456666666668,2.795897222222223,9,3.004608479532166,13.106678624425355,10.116532486685758,1.6224480106489643,0.7642197521442142,0.30349251210241834
2025-10-02,23.779655555555557,20.180100000000003,9.410816666666665,3.599555555555554,8,3.7680502923976604,13.273301330222417,10.50635422533314,0.6703483623777224,0.9475815642424014,0.4175190858667745
2025-10-03,23.974780555555554,19.91695,5.280906493506496,4.0578305555555545,7,2.4951027777777774,13.563456275518915,10.41132428003664,-1.0376133785507906,0.6260339071834856,0.4564976922927851
2025-10-06,23.847770833333335,22.246683333333333,1.2051992753623217,1.601087500000002,39,1.7549847222222255,19.915957569502105,3.9318132638312306,-2.6945817367404947,0.4413436420795335,0.4315830360645851
2025-10-07,22.41581842105263,21.380036842105262,4.349267701863354,1.0357815789473683,38,0.13295453216374042,19.94919180435671,2.4666266166959225,-1.4025067638330082,0.0377890505835907,0.14138791775393317
2025-10-08,21.395065789473684,20.841644736842106,5.295205434782609,0.5534210526315775,37,-1.8281453216374288,19.94883577598257,1.446230013491114,-1.0198369985505678,-0.44644528874908845,-0.06290970470886471
2025-10-09,23.101845,21.893417499999998,3.9553866666666657,1.2084275000000027,36,-0.6778105555555562,20.184317051564236,2.9175279484357652,-1.5697175724956887,-0.15629437798119428,0.29124155967142573
2025-10-10,23.91553684210526,22.657457894736844,11.299540579710143,1.2580789473684177,35,-0.059243713450293,20.89603470875567,3.01950213334959,1.4424305915251185,0.003002539263014259,0.463267729355005
2025-10-14,26.734926315789473,24.60196578947368,9.337542929292933,2.1329605263157916,31,2.887155482456137,23.34847244975985,3.3864538660296226,0.6346253820723212,0.7374976786383894,1.0430506788860419
2025-10-15,25.579205263157895,24.086726315789477,6.442062318840581,1.4924789473684186,30,3.1633868421052647,23.84289599711772,1.7363092660401769,-0.5460535467353534,0.8069261266716398,0.8097727552065321
2025-10-16,26.278465789473685,24.364836842105262,5.518206763285026,1.913628947368423,29,4.883400000000002,24.07819053966572,2.200275249807966,-0.921642845437839,1.2297007269262332,0.957791534251523
2025-10-17,29.21086052631579,26.587834210526317,11.5612508361204,2.623026315789474,28,6.10901552631579,24.848834459311814,4.362026067003978,1.602494479669458,1.5221129228628212,1.5599197901908588
2025-10-20,26.541825,24.4316675,6.639619565217391,2.1101574999999997,25,2.626288157894738,26.932376209447607,-0.390551209447608,-0.45611120699387453,0.6543646984579323,1.010408992191494
2025-10-21,25.687545,23.802595,9.091657246376812,1.88495,24,-1.0473813157894725,26.690812293231144,-1.0032672932311435,0.5657592475349222,-0.25315857601583447,0.8377486157398905
2025-10-22,24.8406,23.41424,7.841454037267081,1.426359999999999,23,-0.738605263157897,26.661515021079772,-1.8209150210797738,0.04207526641987821,-0.17727568109421632,0.6653721435568659
2025-10-23,25.406407894736844,23.82348157894737,8.205239492753623,1.582926315789475,22,-0.8720578947368409,27.38767148571581,-1.9812635909789655,0.1928535433927464,-0.2109865363192117,0.7849448591159608
2025-10-24,24.4175125,23.2072625,8.116825595238094,1.210250000000002,21,-4.79334802631579,27.626226361344813,-3.208713861344812,0.15448402992009738,-1.178521923632435,0.5804658192920924
2025-10-27,25.397581578947367,23.581552631578948,6.2727875,1.8160289473684195,18,-1.1442434210526322,28.130246114916506,-2.732664535969139,-0.6152804385973885,-0.27582806096331774,0.7847862392943868
2025-10-28,24.336129999999997,22.88066,4.877299999999998,1.4554699999999983,17,-1.351415000000003,28.071072092746448,-3.7349420927464507,-1.190071105439447,-0.3269658543921277,0.5672486344726895
2025-10-29,25.8031375,24.143857500000003,6.051148000000001,1.6592799999999954,16,0.9625374999999998,28.45824850258307,-2.655111002583073,-0.7018749016679564,0.24486536050932364,0.8748820680377803
2025-10-30,25.91993,24.7089175,7.375249333333333,1.2110125000000025,15,0.5135221052631564,28.00136505100344,-2.0814350510034387,-0.14897152703504513,0.13257044312664662,0.8997441402390786
2025-10-31,26.9919225,26.0474975,7.132979333333331,0.9444250000000025,14,2.5744100000000003,28.429130124338727,-1.4372076243387255,-0.24756661786086873,0.6433703692504307,1.126069585287183
2025-11-04,29.374769047619047,27.41475476190476,11.475354,1.960014285714287,10,3.97718746867168,29.485005789293954,-0.11023674167490682,1.5533150382461813,0.9910598859329984,1.6254911822432605
2025-11-05,32.99046,29.628320000000002,9.305619166666666,3.3621399999999966,9,8.654330000000002,27.315620714869425,5.674839285130574,0.6570577045937189,2.1298117788946596,2.3716820285068674
2025-11-06,28.079045238095237,27.457738095238096,12.729992499999998,0.6213071428571411,8,2.2759077380952384,27.574105006276657,0.5049402318185798,2.0717937825297805,0.5653361458528205,1.3597256694250477
2025-11-07,28.87654,28.1376,13.634452631578945,0.7389399999999995,7,2.9566099999999977,27.969275205563836,0.9072647944361627,2.4183628393758747,0.7441082881280784,1.5476579987735852
2025-11-10,26.9457425,25.4079475,5.5792649999999995,1.5377950000000027,32,-0.046179999999999666,27.669321938223412,-0.7235794382234104,-0.8838010977763548,0.0016757677570490384,1.1509414432779406
2025-11-11,25.6221525,24.63116,3.6230191666666656,0.9909924999999973,31,-3.7526165476190485,27.31507633663493,-1.6929238366349324,-1.670105324680412,-0.9143458285732897,0.8796947894701297
2025-11-12,23.485485,23.0795575,5.080302666666665,0.40592750000000066,30,-9.504974999999998,25.083543445600302,-1.5980584456003015,-1.070838848183973,-2.3090869467198365,0.4316356707239863
2025-11-13,23.562021428571427,23.270363636363637,5.700044551282051,0.29165779220778987,29,-4.51702380952381,24.598258857270643,-1.0362374286992164,-0.8114984292162324,-1.075290968286065,0.4612557735332154
2025-11-14,25.667492857142857,24.258525,8.496716666666668,1.4089678571428585,28,-3.209047142857141,25.482568443053033,0.1849244140898243,0.3344544970489021,-0.7487604582201732,0.9533362948302235
2025-11-17,24.58978,23.748694999999998,8.824226535087718,0.8410850000000032,25,-2.3559625000000004,24.75412150814346,-0.16434150814345827,0.46291396835534604,-0.544006060887205,0.7146136022785257
2025-11-18,30.0729775,25.908495000000002,12.34074510869565,4.164482499999998,24,4.450825000000002,25.08845324565005,4.9845242543499495,1.8907062202321647,1.1228620820647894,1.9265057042863358
2025-11-19,30.5571175,26.15238,10.043490036231884,4.4047374999999995,23,7.0716325,25.07981817791083,5.47729932208917,0.9415415246514435,1.7628862394379614,2.01051369491166
2025-11-20,29.1202375,25.55291,9.281432575757574,3.567327500000001,22,5.558216071428575,26.845534550563826,2.2747029494361755,0.623703305243586,1.390543912059469,1.6756805797638712
2025-11-21,34.69833684210526,27.5753,11.113621739130433,7.1230368421052646,21,9.030843984962406,27.84661144191798,6.851725400187284,1.3633798311482597,2.3055859299193804,2.8433586217589464
2025-11-25,31.191917500000002,26.789625,12.513754166666665,4.4022925000000015,17,6.602137500000001,27.393720073147076,3.7981974268529264,1.9148297645812333,1.6630083064319885,2.057558342720109
2025-11-26,28.3330575,25.540955,8.066266666666664,2.7921024999999986,16,-1.7399200000000015,26.745568485848555,1.5874890141514442,0.10258013811538058,-0.5043366474226014,1.4321377992942623
2025-11-27,24.442605,23.97348,8.602810833333333,0.4691250000000018,15,-6.1145125,27.073132133737722,-2.630527133737722,0.3180899199408582,-1.6269690089481945,0.5972164549265206
2025-11-28,21.989861904761902,22.736909090909094,8.257451535087721,-0.7470471861471921,14,-7.1303755952381,25.875067484516396,-3.885205579754494,0.1753067432683626,-1.8683237384411562,0.07239483931586098
2025-12-01,26.585430000000002,23.564535,11.230053079710146,3.020895000000003,11,-8.11290684210526,26.646123734011795,-0.060693734011792344,1.376405593054431,-2.0930436459358264,1.0489119158959421
2025-12-02,23.43224,23.01824,10.508398007246377,0.4140000000000015,10,-7.759677500000002,25.25535939481723,-1.8231193948172297,1.0765064712534917,-1.9784639183586263,0.3750160728590228
2025-12-03,22.591075,22.720135,9.986446442687747,-0.12905999999999906,9,-5.741982499999999,25.13286327312776,-2.541788273127761,0.8598526794093441,-1.45667486057008,0.1945635198896699
2025-12-04,23.083444999999998,22.349694999999997,8.2329,0.7337500000000006,8,-1.3591600000000028,24.954481836152553,-1.8710368361525553,0.15137184070329046,-0.3510559827202879,0.29849716802911264
2025-12-05,21.140683333333335,22.616777272727273,8.039748611111111,-1.4760939393939374,7,-0.8491785714285669,24.808721008381195,-3.6680376750478594,0.07322037635471798,-0.2220595352182574,-0.1158032239092758
2025-12-08,22.7588475,22.709755,5.841129166666665,0.04909250000000043,32,-3.8265825000000007,24.432056048809514,-1.6732085488095123,-0.8103580080213448,-0.9686164662356151,0.2272792370714095
2025-12-09,22.7984825,22.91229,4.780915058823528,-0.11380750000000006,31,-0.6337575000000015,24.00744739575579,-1.2089648957557912,-1.2296357465191676,-0.1657951872819464,0.23436702876257137
2025-12-10,22.9162825,22.787555,6.3902424019607835,0.1287275000000001,30,0.3252075000000012,24.0057715719587,-1.089489071958699,-0.576513888370909,0.07501060977731254,0.2580747533316382
2025-12-11,22.697087500000002,23.00601,7.091731666666668,-0.30892249999999777,29,-0.38635749999999547,24.13608474604391,-1.4389972460439076,-0.29225672841304656,-0.10528670856373164,0.20926569184806768
2025-12-12,21.507125000000002,22.15954,8.251320833333335,-0.6524149999999977,28,0.3664416666666668,24.62517607664472,-3.1180510766447185,0.1750427883444663,0.0833727311944488,-0.04515041664027606
2025-12-15,22.7284475,22.753700000000002,8.411735,-0.025252500000000566,25,-0.030400000000000205,24.247693079389563,-1.5192455793895618,0.23950440482504698,-0.015566045942130437,0.21407981191789946
2025-12-16,24.177902631578945,23.542192105263158,9.160273369565218,0.635710526315787,24,1.3794201315789465,24.870318794086344,-0.6924161625073992,0.5375101001019725,0.33700045973878034,0.51975573734035
2025-12-17,23.050135,22.803015000000002,7.628602355072466,0.2471199999999989,23,0.1338524999999997,21.859219976926575,1.1909150230734262,-0.08032456052881239,0.02269935928051836,0.2772387380665453
2025-12-18,23.64468947368421,22.79427105263158,7.669250595238097,0.8504184210526304,22,0.9476019736842076,22.175584180893708,1.469105292790502,-0.06406873882714802,0.22577397129578278,0.40048082952833464
2025-12-19,21.85353157894737,22.11093684210526,8.240261775362317,-0.25740526315789225,21,0.3464065789473665,20.379860773206076,1.4736708057412926,0.1662756951122049,0.07415608578869233,0.01769333383224894
2025-12-22,19.649259999999998,21.344025000000002,7.4085333333333345,-1.6947650000000039,18,-3.0791875000000033,19.263659996749496,0.38560000325050225,-0.17242122591550196,-0.7868925177506667,-0.45302473207628496
2025-12-23,17.327782499999998,20.48476,5.987834222222222,-3.1569775000000035,17,-6.850120131578947,19.268096167433487,-1.9403136674334895,-0.7478506242698145,-1.7205431449611852,-0.9457219043616918
2025-12-24,16.6367325,20.11431,6.66577697368421,-3.477577499999999,16,-6.4134025,18.266774946708626,-1.6300424467086252,-0.4755751731782331,-1.5994784129010102,-1.0899847462893533
2025-12-25,15.9962075,20.138352500000003,6.110373333333335,-4.142145000000003,15,-7.648481973684209,17.76657278606969,-1.7703652860696906,-0.6983902753145175,-1.886835000634807,-1.2213747059858369
2025-12-26,16.180464285714287,20.1279,7.2336729166666665,-3.9474357142857137,14,-5.673067293233082,17.912314762913123,-1.7318504771988366,-0.24625408398042115,-1.3912533776368512,-1.1791547328982959
2025-12-29,17.53519,20.2003975,8.92315688888889,-2.665207500000001,11,-2.114069999999998,16.483792370563393,1.0513976294366074,0.43268692262954395,-0.5132334002279425,-0.8920122384967545
2025-12-30,17.7713775,20.234325,8.533012061403507,-2.4629474999999985,10,0.44359500000000196,16.57302968789144,1.1983478121085582,0.27024813933152997,0.11454094295236047,-0.8430411022622595
2026-01-05,21.03865238095238,21.0342625,5.525833333333331,0.00438988095238102,39,4.401919880952381,19.077476474616024,1.9611759063363579,-0.9491434860247422,1.0819189222047594,-0.15369611979503736
2026-01-06,22.174466666666667,22.11777380952381,4.028179111111111,0.05669285714285621,38,6.178259166666667,17.907762052497745,4.266704614168923,-1.549190949549912,1.5056040731349452,0.08462534964162428
2026-01-07,22.162845238095237,22.26526666666667,5.790411076923078,-0.10242142857143222,37,5.98238095238095,17.9144275760134,4.248417662081838,-0.8331214646448042,1.4465554841277901,0.07921414046435704
2026-01-08,22.226692857142858,22.588742857142858,5.902367647058824,-0.36205,36,4.691502857142858,18.996372217668767,3.2303206394740904,-0.7861797973546689,1.1234892700989705,0.08786705320241313
2026-01-09,21.537,22.397485,5.032678153846156,-0.8604850000000006,35,3.765622499999999,19.772819406184517,1.7641805938154818,-1.1372442628029606,0.8925992035779099,-0.06402196309798935
2026-01-13,25.0825225,25.446885,3.320261538461537,-0.36436250000000214,31,4.043870119047618,22.298644161778046,2.783878338221953,-1.8166704561439575,0.9532603826787202,0.6885860928856309
2026-01-14,25.66042142857143,25.982788095238096,5.284403846153847,-0.32236666666666736,30,3.485954761904761,22.215839459780916,3.444581968790512,-1.0308637057825123,0.8113405602567363,0.806100340815801
2026-01-15,25.691861904761904,26.22294523809524,5.143939230769231,-0.5310833333333349,29,3.529016666666667,22.096496056822595,3.595365847939309,-1.088461515560224,0.8150907762599832,0.8063860896199804
2026-01-16,25.494581818181818,26.29634318181818,4.799957142857142,-0.8017613636363627,28,3.2678889610389596,21.388087421580508,4.10649439660131,-1.2185565960829619,0.7478652230326065,0.7572443268741721
2026-01-19,26.644188636363637,26.67819318181818,6.114897008547008,-0.034004545454543234,25,5.107188636363638,20.512785328206622,6.131403308157015,-0.6956077256856332,1.1893833442267097,0.9985870060530556
2026-01-20,28.484969047619046,27.299509523809522,9.556044857142862,1.1854595238095236,24,3.4024465476190464,21.210381180863877,7.274587866755169,0.6834424701869986,0.7764240579518779,1.3845954792934958
2026-01-21,28.6183,27.44945238095238,8.167865384615382,1.1688476190476216,23,2.957878571428573,20.78283092215995,7.835469077840052,0.12086787776600212,0.6710626718725666,1.400827139799354
2026-01-22,27.86839772727273,26.892604545454546,7.193298290598289,0.9757931818181831,22,2.176535822510825,21.212175404736307,6.656222322536422,-0.2741556077626133,0.4854215763593832,1.2293927841437111
2026-01-23,27.72477380952381,26.650080952380954,8.564043956043953,1.074692857142857,21,2.230191991341993,20.570196287391195,7.154577522132616,0.2742541946260356,0.4992745922680227,1.1888728382813678
2026-01-26,30.707930952380952,28.15870238095238,9.613570879120878,2.5492285714285714,18,4.063742316017315,21.908281169832048,8.799649782548904,0.6936221644188078,0.9408605007686414,1.8077128068522148
2026-01-27,30.329614285714285,27.877285714285712,7.815616000000002,2.4523285714285734,17,1.8446452380952394,21.961578254060623,8.368036031653663,-0.03538838375197724,0.40220341982364843,1.7092049811784467
2026-01-28,31.75199523809524,28.674283333333335,4.925881090909087,3.0777119047619053,16,3.133695238095239,21.971129485976455,9.780865752118785,-1.2018904979064697,0.7115907752482007,1.9854759682011707
2026-01-29,31.194059523809525,28.107345238095238,9.484846000000001,3.0867142857142866,15,3.325661796536796,21.937507478329334,9.256552045480191,0.6347970011268731,0.7537847740458645,1.8471061558889896
2026-01-30,32.66381136363636,28.617104545454545,8.376357342657343,4.046706818181818,14,4.939037554112552,21.827337012996924,10.836474350639438,0.1825593163379603,1.1367179795403994,2.1252639391513415
2026-02-02,37.60295238095238,30.907933333333332,12.546785333333332,6.6950190476190485,11,6.895021428571429,22.393770376666797,15.209182004285584,1.8501499556135985,1.59309598286927,3.0763047678124074
2026-02-03,36.11141818181818,29.547354545454546,11.359169444444447,6.564063636363635,10,5.781803896103895,24.050147801690148,12.061270380128033,1.3602567795516665,1.314417569560481,2.721593158556358
2026-02-04,37.23716590909091,29.594436363636362,6.055447435897435,7.64272954545455,9,5.485170670995672,23.996781745969848,13.240384163121064,-0.7677358030495398,1.2335678745225533,2.8872986900754207
2026-02-05,40.39566818181818,30.12630909090909,8.341123076923076,10.269359090909091,8,9.201608658008656,23.879524238360876,16.516143943457305,0.14587520335493737,2.093536255808169,3.418916517040805
2026-02-06,43.53110476190476,32.044604761904765,12.53006794871795,11.486499999999992,7,10.867293398268394,22.97554638206111,20.555558379843646,1.80927868565614,2.448020833236901,3.8873331545128975
2026-02-09,29.832923529411765,28.298990625000002,6.421497222222225,1.5339329044117633,32,-7.770028851540616,25.814719110687456,4.018204418724309,-0.6257003412578634,-1.8933381086985275,1.3059786418616137
2026-02-10,30.26698684210526,28.67532894736842,4.853470370370367,1.5916578947368407,31,-5.844431339712919,24.873079722229853,5.393907119875408,-1.248638598816835,-1.4346892128781399,1.3751653578190648
2026-02-12,28.927984782608696,26.7877375,6.463438624338625,2.140247282608698,29,-8.309181126482216,24.55947197146528,4.368512811143418,-0.6054621438787224,-1.9834835444466328,1.1162240112709827
2026-02-13,28.901436363636364,27.206213636363636,6.634191883116884,1.6952227272727285,28,-11.494231818181817,25.024498764682935,3.876937598953429,-0.5391976134423196,-2.666473758020932,1.1025838348180914
2026-02-16,27.440429545454542,26.86,5.269812962962963,0.5804295454545425,25,-16.090675216450215,25.000453164371876,2.4399763810826656,-1.0744675155614483,-3.5960699060296486,0.8246191872561235
2026-02-17,27.00524318181818,26.57296363636364,6.912647883597884,0.4322795454545414,24,-2.827680347593585,24.900949271111156,2.1042939107070247,-0.41859332441778435,-0.6663212072713991,0.7379297651591904
2026-02-18,25.596765217391305,25.730545833333334,6.0855877777777785,-0.1337806159420296,23,-4.670221624713957,24.47553596516392,1.1212292522273835,-0.7439806240549522,-1.0652127427434475,0.4707129366785823
2026-02-19,24.529930434782607,25.08522272727273,6.268664682539683,-0.5552922924901225,22,-4.39805434782609,24.304025655014335,0.22590477976827117,-0.6712733549893679,-0.999466331430151,0.2667980603919107
2026-02-20,25.314552272727273,25.16311818181818,7.787257638888889,0.15143409090909188,21,-3.5868840909090913,24.39379934495863,0.9207529277686426,-0.07126502040350069,-0.8160576421886716,0.4087047181996244
2026-02-24,25.519447826086957,25.241725,8.418965384615383,0.27772282608695775,17,-1.9209817193675853,24.481876067952264,1.0375717581346926,0.17594041021088946,-0.45357237741618106,0.4419905881828648
2026-02-25,26.208545833333332,25.495620833333334,4.989764285714283,0.7129249999999985,16,-0.7966973484848481,23.993601727364627,2.214944105968705,-1.1900043679193808,-0.20835244977484266,0.5656940638888219
2026-02-26,25.99948260869565,25.619327272727272,5.976821753246753,0.3801553359683787,15,0.40271739130434625,23.972346298898568,2.0271363097970827,-0.7997582886582041,0.053315330969595745,0.5208342355856137
2026-02-27,25.164352173913045,25.888958333333335,5.676603571428572,-0.7246061594202899,14,0.6344217391304383,23.9475578353221,1.2167943385909439,-0.917998593797553,0.10406847276083167,0.3585813529873423
2026-03-02,29.531002083333334,26.819258333333334,11.898548148148148,2.71174375,11,4.216449810606061,24.792031714367806,4.7389703689655285,1.548085173612835,0.8857252095560251,1.1733854932910175
2026-03-03,34.16328043478261,28.195972727272725,17.314837037037037,5.967307707509882,10,8.64383260869565,27.756535718103,6.406744716679608,3.5961253796676242,1.8368975928818463,2.02453886580397
2026-03-04,47.10399761904762,32.388118181818186,21.082315384615384,14.715879437229432,9,20.895451785714286,30.69908040099376,16.404917218053857,4.804764291399601,4.319739290279078,4.282628092283323
2026-03-05,40.102070454545455,30.24417727272727,22.551188746438747,9.857893181818184,8,14.102587845849804,28.256364500888374,11.845705953657081,5.0514541261965045,2.8357062260834827,2.951299373220386
2026-03-06,37.702054347826085,29.018925,14.457144444444445,8.683129347826085,7,12.53770217391304,28.14518111629364,9.556873231532446,2.1759350742165453,2.4711929974895086,2.48394272043001
2026-03-09,41.94359523809524,34.62919090909091,14.32769089068826,7.314404329004333,32,12.412593154761907,34.075900050316086,7.867695187779155,2.1056716657392567,2.4099865643951266,3.158446549572164
2026-03-10,35.127873809523805,30.154922727272726,8.086154153846152,4.972951082251079,31,0.9645933747411988,35.53016888508898,-0.40229507556517774,-0.04918176018507529,0.10371785774862909,1.949955201414324
2026-03-11,33.90774772727273,29.636627272727274,8.360754700854699,4.2711204545454535,30,-13.19624989177489,33.04937335172819,0.8583743755445354,0.04504848027628927,-2.7014260126017726,1.7213869304929845
2026-03-12,35.353018181818186,30.55892272727273,10.968373076923076,4.794095454545456,29,-4.749052272727269,31.95996510849584,3.3930530733223456,0.9491277498305377,-1.0139458219049804,1.9473008672493837
2026-03-13,37.06787272727273,31.686402272727275,12.839200961538463,5.381470454545454,28,-0.6341816205533561,32.09354539453131,4.974327332741417,1.5823294551582605,-0.1895729464208969,2.2083846548776096
2026-03-16,33.16522857142857,30.18800476190476,9.924845986622078,2.97722380952381,25,-8.77836666666667,31.93215533305364,1.2330732383749314,0.5832453799220738,-1.7963363451650485,1.535842139979808
2026-03-17,31.418156818181817,29.285427272727272,10.309757692307691,2.132729545454545,24,-3.7097169913419883,31.939225684532513,-0.5210688663506957,0.7212188754799623,-0.782418608174136,1.2343063050057574
2026-03-18,30.305604545454546,28.767645454545455,9.81701851851852,1.5379590909090908,23,-3.6021431818181817,33.77665064061029,-3.471046095155746,0.5559136493270067,-0.7546498398644543,1.0411741441592945
2026-03-19,35.82626666666667,31.55618333333333,12.880169142857142,4.270083333333339,22,0.47324848484848303,35.451089533726304,0.37517713294036525,1.6552219913091168,0.060842279994704755,1.9487419304532219
2026-03-23,43.02339047619047,35.15183333333333,17.346432571428572,7.871557142857142,18,5.955517748917742,37.02032990997864,6.003060566211829,3.155845230674716,1.147760249025057,3.07303262315991
2026-03-24,39.56247619047619,33.441359523809524,9.697628000000002,6.121116666666666,17,6.397247619047619,37.59129795363669,1.9711782368394992,0.5030933697244879,1.2265282605792287,2.4676820933439534
2026-03-25,37.12685476190477,31.99129047619048,11.455416,5.135564285714288,16,5.7086979437229495,39.09252624767296,-1.9656714857681905,1.103303584420583,1.0817848844227294,2.049112444428334
2026-03-26,37.770561904761905,32.248914285714285,14.561028615384615,5.52164761904762,15,7.464957359307359,37.96603271570655,-0.19547081094464147,2.147535780582036,1.4175220168029263,2.1234308292954176
2026-03-27,40.171435714285714,33.12212142857143,16.55904991304348,7.049314285714281,14,4.345169047619045,37.86718931725363,2.304246397032081,2.7764570944135993,0.7957072517069758,2.4625443516846794
2026-03-30,43.877607142857144,36.01981190476191,14.396717111111116,7.857795238095235,11,0.8542166666666731,38.67117152917352,5.206435613683624,2.021764591893693,0.10190760731746139,2.976076358078849
2026-03-31,43.6379375,34.731742499999996,14.882905333333326,8.906195000000004,10,4.07546130952381,38.74049087785444,4.897446622145559,2.1554291830317265,0.7341153666887427,2.878822752784104
2026-04-01,36.44912380952381,31.354971428571428,9.311794769230765,5.094152380952384,9,-0.6777309523809549,42.58669424960972,-6.137570440085909,0.2992874508456036,-0.21112044589512718,1.7711259373497779
2026-04-02,38.872009523809524,32.00755,15.061250363636361,6.864459523809522,8,1.1014476190476188,41.4411813932702,-2.569171869460675,2.181874874079927,0.13807397181312822,2.1084150399026305
2026-04-03,34.51708095238095,30.398890476190477,12.203088461538464,4.118190476190474,7,-5.654354761904763,41.08382274056536,-6.566741788184409,1.228905802676476,-1.200343179845839,1.4442333803657974
2026-04-06,32.49507619047619,30.89789761904762,9.06116538461539,1.5971785714285716,32,-11.382530952380954,41.06528169079135,-8.570205500315161,0.18963641992753336,-2.306241088826023,1.133540263468075
2026-04-07,33.221824999999995,31.089629545454542,8.38588076923077,2.132195454545453,31,-10.416112500000004,36.30304879439346,-3.081223794393466,-0.037534341030184507,-2.091348716402272,1.2316187790311417
2026-04-08,28.447615909090906,27.654263636363638,6.681796296296298,0.7933522727272688,30,-8.001507900432905,39.59884929557727,-11.15123338648636,-0.6015344119741154,-1.6065052644528284,0.5163156920051322
2026-04-09,28.732865217391307,28.51434347826087,5.97185341880342,0.2185217391304377,29,-10.139144306418217,39.44638489915352,-10.713519681762214,-0.8314795121143863,-1.9955852955288063,0.5543823466030106
2026-04-10,27.023177272727274,27.323534090909092,9.673131055900622,-0.30035681818181814,28,-7.493903679653677,39.67620273251256,-12.653025459785283,0.39456207937529336,-1.4810834188094302,0.3025157628185218
2026-04-13,28.52749565217391,28.41297391304348,9.95308703703704,0.1145217391304314,25,-3.967580538302279,39.50611731338423,-10.978621661210319,0.4909108578567204,-0.7934092442354851,0.5274924550889194
2026-04-14,25.87876086956522,26.205065217391304,7.4016758928571456,-0.32630434782608475,24,-7.343064130434776,40.20660227806852,-14.327841408503303,-0.35076306266704466,-1.4415442224402442,0.1334624380876355
2026-04-15,26.354821739130436,26.51823695652174,6.738882142857143,-0.1634152173913037,23,-2.09279416996047,40.16952931599416,-13.814707576863725,-0.5649862456700909,-0.4096026752664847,0.20860152530895493
2026-04-16,26.718652083333332,26.574399999999997,7.685986206896551,0.14425208333333472,22,-2.014213134057975,39.82402361842499,-13.105371535091656,-0.244124299751507,-0.3876753950184362,0.27105992931518963
2026-04-17,28.634823913043476,27.70390652173913,6.835685714285713,0.930917391304348,21,1.6116466403162022,38.107815277093124,-9.472991364049648,-0.5224494874765501,0.36193615690436354,0.5823782966267032
2026-04-20,29.960064583333335,28.095166666666668,9.847056318681318,1.864897916666667,18,1.4325689311594232,35.058790141698,-5.098725558364663,0.4965877926648576,0.3334090553494405,0.7969818470579355
2026-04-21,28.457468749999997,27.817297916666668,9.592916428571428,0.6401708333333289,17,2.578707880434777,34.957132997628996,-6.499664247628999,0.41472790605425613,0.6015173253527102,0.5875137877413418
2026-04-22,27.510291666666667,27.7826,8.021065178571426,-0.2723083333333314,16,1.155469927536231,33.990054271919476,-6.479762605252809,-0.11309514919423999,0.29712008729237094,0.4423131198868302
2026-04-23,28.71348260869565,28.222589130434784,10.819553720508168,0.4908934782608654,15,1.9948305253623175,34.179092829532465,-5.465610220836815,0.8472903976271411,0.47448917920419637,0.6434564265099065
2026-04-24,27.669933333333333,28.221433333333334,10.887831681034484,-0.5515000000000008,14,-0.9648905797101435,34.03892304617128,-6.368989712837944,0.8679946064299016,-0.16949931455790543,0.48210692957891244
2026-04-27,27.21840625,28.074831250000003,13.684670402298849,-0.8564250000000015,11,-2.7416583333333335,31.676152119293928,-4.457745869293927,1.804184737206907,-0.5629231657233812,0.41143746413717747
2026-04-28,25.080227083333334,27.563033333333333,10.743775253549696,-2.4828062499999994,10,-3.377241666666663,31.173147945175895,-6.092920861842561,0.808740424318864,-0.7298455019397357,0.07119167109315076
2026-04-30,24.776091666666666,27.650727083333337,10.062189655172414,-2.8746354166666706,8,-2.7342000000000013,27.31794491556796,-2.541853248901294,0.5770888707299003,-0.5912431993346066,0.023484321655617035
2026-05-01,21.391875,25.929135416666668,11.493358076225046,-4.537260416666669,7,-7.3216076086956505,25.10217720792667,-3.71030220792667,1.058065306224777,-1.6361448699344394,-0.517902274810811
2026-05-07,29.029133333333334,28.84359210526316,3.4389616666666676,0.18554122807017492,36,1.3592000000000013,30.313817197799164,-1.2846838644658298,-1.6570054689708589,0.31936665468067393,0.7101416513490981
2026-05-08,26.599007999999998,27.538566,5.152541666666668,-0.9395580000000017,35,-0.6193982500000033,30.520661917921398,-3.9216539179214003,-1.0690133236275041,-0.1278410168925412,0.3213242554944063
2026-05-11,27.899544,28.722748000000003,6.850421904761905,-0.823204000000004,32,2.819316916666665,30.74073060105303,-2.841186601053032,-0.49202844906557547,0.6441098789603027,0.5288040733958009
2026-05-12,27.812812,28.640306000000002,7.558216666666667,-0.8274940000000015,31,3.036720333333335,25.80642652790093,2.0063854720990726,-0.2488996935767672,0.6890702490943206,0.5131919145335483
2026-05-13,26.967764000000003,27.794792,6.1727155555555555,-0.8270279999999985,30,5.575889000000004,25.3746457585577,1.5931182414423013,-0.7118980419765372,1.2532261121355455,0.3751589653430534
2026-05-14,26.671950000000002,28.095108333333336,6.212778095238093,-1.4231583333333333,29,-2.3571833333333316,25.56250280875163,1.1094471912483712,-0.6923995742867344,-0.5412823752027461,0.3253901562740387
2026-05-15,28.428994,29.062,2.7267923538230896,-0.6330060000000017,28,1.8299860000000017,26.73102863904498,1.6979653609550205,-1.8541007207423112,0.4000548548128317,0.6032781006124233
2026-05-18,28.984706250000002,29.028058333333334,9.364386153846159,-0.04335208333333185,25,1.0851622500000033,26.079427612754024,2.905278637245978,0.3860034505537204,0.22581513152453378,0.6872017024325772
2026-05-19,29.722227083333333,29.2012125,5.767739523809521,0.5210145833333328,24,1.9094150833333323,26.178989752532562,3.543237330800771,-0.8214821264983814,0.4088746963435787,0.7997625796973864
2026-05-20,29.30358125,29.049129166666667,9.39228620689655,0.2544520833333337,23,2.335817249999998,25.360344241912298,3.943237008087703,0.3996594582559481,0.5025374916109251,0.7274022950841513
2026-05-21,27.8561875,28.491658333333334,9.17538672413793,-0.6354708333333328,22,1.1842374999999983,26.64577205476152,1.2104154452384819,0.3229389801329245,0.23664476985304717,0.491044167080904
2026-05-22,28.365754,28.831658333333333,7.163912424242426,-0.46590433333333436,21,-0.06324000000000041,27.945222218368652,0.42053178163134675,-0.355365810213469,-0.049312122682773255,0.5680150364051285
2026-05-25,30.108797916666667,29.24963076923077,5.578780241935483,0.8591671474358975,18,1.124091666666665,29.244846105024187,0.8639518116424796,-0.8870175435833069,0.22062800724253767,0.841216939304786
2026-05-26,29.01674038461538,29.171065384615382,5.783896306818182,-0.15432500000000005,17,-0.7054866987179516,29.355061836812812,-0.33832145219743026,-0.8154897614933726,-0.1996119677914672,0.6601064367683944
2026-05-27,29.001632692307695,29.156046153846155,7.331192045454543,-0.1544134615384607,16,-0.301948557692306,29.071550096892686,-0.06991740458499152,-0.29443490842304265,-0.11058734671529147,0.6517650831663798
2026-05-28,28.836421153846153,29.20825,8.92459553349876,-0.37182884615384637,15,0.9802336538461525,29.194848844666744,-0.3584276908205908,0.24157610728774764,0.18068499087438453,0.6196741051486694
2026-05-29,28.541263461538463,29.407988461538462,6.076593750000001,-0.8667249999999989,14,0.17550946153846425,29.958122001049503,-1.4168585395110398,-0.7134244279164946,-0.00508550637591454,0.5668348871291019
2026-06-01,29.12014807692308,29.222088461538462,6.588208333333334,-0.10194038461538213,11,-0.9886498397435872,29.4686890450323,-0.3485409681092193,-0.5371007912005068,-0.2716195649173686,0.6544989090414489
2026-06-02,29.016457407407408,29.10829230769231,9.158221022727275,-0.09183490028490127,10,-0.00028297720797354486,29.035792634841247,-0.019335227433838753,0.3276773745564012,-0.043767330753848824,0.632310441415826
2026-06-03,28.62570185185185,29.266103571428573,7.44100303030303,-0.6404017195767224,9,-0.3759308404558439,29.77146815604181,-1.1457663041899586,-0.2470448195647884,-0.1288119701370788,0.5638382374083417
2026-06-04,27.947842592592593,29.26931923076923,8.395118560606058,-1.3214766381766374,8,-0.8885785612535599,24.802156444594516,3.1456861479980773,0.07698341208844121,-0.2446797085066752,0.4497763173724152
2026-06-05,28.407203703703704,29.416592857142856,9.314409672619046,-1.0093891534391517,7,-0.1340597578347591,,,0.3880790514899436,-0.07183046896507074,0.5187911831773097
2026-06-08,32.671388461538456,30.800811538461538,8.370441935483868,1.8705769230769178,32,3.551240384615376,,,0.07148504040141027,0.7685016114214953,1.1994775951104832
