,topix_rv,topix_day_ret,topix_close_skew,topix_twap_pulse,topix_trend,semi_disp
pair_portfolio,0.0959391824443322,-0.11430009320748764,-0.13529673890552688,0.11031236739451297,0.01457742984465488,-0.21548812144387328
eneos_vwap_trend,-0.005241115703486787,-0.2054295230739343,0.07492756604713181,-0.03543474511272933,-0.01922243138848068,0.026345446153073167
lme_on_copper,,,,,,
lasertec_ma25,-0.38412782290585434,-0.3869107692979181,0.11570878372928596,0.3151998436067951,-0.06785736058295588,-0.2969669874753864
nonferrous_D_strong,,,,,,
nonferrous_D_freq,0.1944163869860557,-0.16505364491654223,-0.09843041874478521,-0.26376257586343804,0.10912682807143657,0.16659179367885882
nonferrous_B_disp,0.06671203794261286,0.010709946666586858,-0.04113553830135167,0.03603744092666834,-0.04531222920853081,0.0890133249877492
semi_sox_fade,0.08020977072645179,0.0014115539029157483,-0.03541736360870562,0.07373748885103384,0.12254103329058837,0.15044838215545128
