signal_time,threshold,n,mean,wr,pf,sharpe,t_stat,total
09:30,20,168,19.7386906705307,53.57142857142857,1.5733348919888208,2.7656533176336615,2.258146477879307,3316.1000326491576
09:30,30,134,25.562498419194757,54.47761194029851,1.7372597671228072,3.385847704638265,2.468991236545233,3425.3747881720974
09:30,50,69,38.601574871834366,57.971014492753625,2.379731045491951,5.542364646829784,2.900142720633923,2663.508666156571
10:00,20,169,0.3821878091821041,47.928994082840234,1.009822112578976,0.05978860976479435,0.04896226916036048,64.5897397517756
10:00,30,140,4.533292950996551,49.28571428571429,1.1278697941156723,0.7278761160908439,0.5425268249258851,634.6610131395172
10:00,50,86,9.568806855459506,52.32558139534884,1.2722321167051898,1.5203804634460736,0.8881805032745466,822.9173895695176
11:00,20,182,-0.5152292739531305,46.7032967032967,0.9847733386577733,-0.08892376911700277,-0.07557067232496942,-93.77172785946975
11:00,30,154,-0.0021720542736495653,47.4025974025974,0.9999368767399727,-0.00036243258308611876,-0.00028332658326344094,-0.33449635814203305
11:00,50,90,-6.332103947301223,44.44444444444444,0.8447346285536759,-0.9931945171892571,-0.59354725078933,-569.8893552571101
