,pair_portfolio,eneos_vwap_trend,lme_on_copper,lasertec_ma25,nonferrous_D_strong,nonferrous_D_freq,nonferrous_B_disp,semi_sox_fade
pair_portfolio,1.0,-0.008540177655958336,-0.016022871234867706,0.05625275929995113,-0.17975247436418193,-0.00947638134362556,0.06919636025694212,0.032291700812843833
eneos_vwap_trend,-0.008540177655958336,1.0,-0.0965452950181776,0.014545613492450081,0.03159377306435981,-0.06589989139644904,0.00650635095278803,-0.011040220067073286
lme_on_copper,-0.016022871234867706,-0.0965452950181776,1.0,-0.02128632860589541,0.03281962680054896,-0.01854766871414391,-0.015086715988165696,0.009733617459925336
lasertec_ma25,0.05625275929995113,0.014545613492450081,-0.02128632860589541,1.0,0.009909170625388803,0.012386653089769403,0.08753056146237857,-0.0007129801826446583
nonferrous_D_strong,-0.17975247436418193,0.03159377306435981,0.03281962680054896,0.009909170625388803,1.0,0.38828304254825974,0.018931936776062936,-0.1496702735807068
nonferrous_D_freq,-0.00947638134362556,-0.06589989139644904,-0.01854766871414391,0.012386653089769403,0.38828304254825974,1.0,0.09354419654996075,-0.05681937347685918
nonferrous_B_disp,0.06919636025694212,0.00650635095278803,-0.015086715988165696,0.08753056146237857,0.018931936776062936,0.09354419654996075,1.0,0.010442370198089242
semi_sox_fade,0.032291700812843833,-0.011040220067073286,0.009733617459925336,-0.0007129801826446583,-0.1496702735807068,-0.05681937347685918,0.010442370198089242,1.0
