code,dt,total_vol,close_vol,close_px,pre_px,open_px,close_pct,adv60,adj_close,fwd_open,fwd_close,fwd2_close,cp_med,close_x,close_jump_bps,fwd_oc_bps,fwd_co_bps,fwd_cc_bps
13060,2025-01-31,1551080.0,459940.0,2925.0,2934.0,2919.0,29.653,5048030335.583333,292.5,285.8,285.4,287.3,3.38,8.773076923076923,-30.674846625766694,-13.995801259623075,-9022.905982905982,-9024.273504273504
13060,2025-05-07,1520260.0,292060.0,2864.0,2867.5,2872.5,19.211,6232977592.5,286.4,286.6,286.5,290.2,3.617,5.311307713574785,-12.205754141237923,-3.4891835310546515,-8999.301675977653,-8999.650837988826
13060,2025-05-20,1981190.0,513440.0,2904.0,2904.0,2924.5,25.916,5883871332.083333,290.4,291.8,290.2,288.3,3.8055,6.810143213769544,0.0,-54.83207676490798,-8995.179063360882,-9000.68870523416
13060,2025-07-10,4759690.0,2955060.0,2915.0,2917.5,2928.0,62.085,4176787176.9166665,291.5,293.5,293.3,293.3,3.5865,17.310748640736094,-8.568980291345785,-6.8143100511064425,-8993.138936535162,-8993.825042881646
13060,2025-07-15,923570.0,137870.0,2934.0,2932.0,2939.5,14.928,4142691270.0833335,293.4,293.6,292.8,295.0,3.5865,4.162275198661648,6.821282401090478,-27.24795640327016,-8999.31833674165,-9002.044989775051
13060,2025-07-31,1644940.0,257140.0,3056.0,3057.0,3039.0,15.632,3877963545.4166665,305.6,305.2,306.4,302.8,3.644,4.2897914379802415,-3.271180896303738,39.31847968545288,-9001.30890052356,-8997.382198952879
13060,2025-10-01,1783830.0,459110.0,3245.0,3242.0,3265.0,25.737,4428939698.833333,324.5,324.6,323.6,328.0,3.9855,6.457659013925479,9.253547193091016,-30.807147258163916,-8999.69183359014,-9002.773497688751
13060,2025-10-08,1213350.0,257210.0,3394.0,3390.0,3402.0,21.198,4370267944.166667,339.4,340.9,341.5,335.0,4.0125,5.282990654205608,11.799410029498247,17.60046934585091,-8995.580436063641,-8993.812610489098
13060,2025-11-17,1264310.0,276270.0,3507.0,3507.0,3508.0,21.851,5645246192.333333,350.7,348.5,341.1,340.5,4.106,5.321724305893814,0.0,-212.338593974174,-9006.273167949814,-9027.37382378101
13060,2025-12-02,1895160.0,790070.0,3501.0,3502.0,3512.0,41.689,6531740275.0,350.1,350.6,349.6,356.6,4.245,9.82073027090695,-2.855511136493627,-28.522532800913105,-8998.571836618108,-9001.42816338189
13060,2025-12-25,459000.0,112630.0,3586.0,3583.0,3582.0,24.538,7851973933.333333,358.6,359.0,358.8,359.9,4.897,5.010822952828262,8.372871895059308,-5.571030640668662,-8998.88455103179,-8999.442275515896
13060,2026-01-08,1644510.0,361370.0,3655.0,3658.0,3679.0,21.974,8008816388.833333,365.5,367.3,369.0,377.5,4.7829999999999995,4.594187748275142,-8.201202843083344,46.28369180506464,-8995.075239398086,-8990.424076607387
13060,2026-02-25,1662870.0,405070.0,4045.0,4042.0,4025.0,24.36,8274429441.333333,404.5,408.6,407.8,413.1,4.776,5.100502512562814,7.422068283027272,-19.579050416055345,-8989.864029666254,-8991.841779975279
13060,2026-02-27,2116310.0,642540.0,4131.0,4134.0,4073.0,30.361,8295388045.0,413.1,403.8,409.4,395.9,4.776,6.356993299832496,-7.256894049346707,138.68251609707727,-9022.512708787219,-9008.956669087387
13060,2026-03-18,2268090.0,543100.0,3907.0,3903.0,3845.0,23.945,9517739793.666666,390.7,381.7,379.1,365.9,4.3385,5.519188659675003,10.2485267742769,-68.11632171862647,-9023.035577169185,-9029.690299462503
13060,2026-03-31,25178030.0,7443120.0,371.4,372.4,371.0,29.562,9163959997.866667,371.4,383.5,389.2,383.0,4.561999999999999,6.4800526085050425,-26.852846401718146,148.63102998696087,325.7942918686063,479.2676359719983
13060,2026-04-09,12475840.0,3725490.0,396.7,396.5,399.5,29.862,8990475262.8,396.7,398.9,396.5,394.8,4.8565000000000005,6.148872644908884,5.044136191676429,-60.16545500125314,55.45752457776665,-5.041593143433332
13060,2026-04-30,17418510.0,4477660.0,394.1,393.6,395.7,25.706,8905474253.933332,394.1,394.2,394.6,407.2,5.541,4.639234795163327,12.703252032519874,10.147133434805777,2.537427048971974,12.687135244862091
13060,2026-05-07,25211910.0,8022270.0,407.2,407.7,,31.819,8900799155.15,407.2,405.5,405.9,407.1,5.737,5.5462785427923995,-12.26391954868733,9.864364981504448,-41.748526522592535,-31.925343811395337
13060,2026-05-14,16840080.0,4780830.0,411.2,411.6,416.6,28.39,8555156482.416667,411.2,413.2,409.9,405.9,6.79,4.181148748159058,-9.718172983479434,-79.8644724104558,48.63813229571967,-31.614785992217787
13060,2026-05-29,16905480.0,4397730.0,417.9,421.7,417.3,26.014,8178806892.6,417.9,,,,5.793,4.4905920939064385,-90.11145364002826,,,
13080,2025-05-07,218170.0,50078.0,2825.0,2833.0,2837.0,22.954,1347939134.55,2825.0,2829.0,2836.0,2864.0,0.5429999999999999,42.272559852670355,-28.23861630780078,24.74372569812644,14.159292035398341,38.93805309734599
13080,2026-03-18,113898.0,10663.0,3860.0,3856.0,3801.0,9.362,1329252749.7333333,3860.0,3772.0,3747.0,3608.0,0.3515,26.634423897581794,10.373443983402453,-66.27783669141074,-227.97927461139844,-292.746113989637
13080,2026-05-07,467740.0,51017.0,4023.0,4030.0,,10.907,1304797299.15,4023.0,4006.0,4009.0,4021.0,0.666,16.376876876876874,-17.369727047146235,7.488766849725881,-42.257022122793586,-34.79990057171256
13200,2024-12-11,17889.0,2531.0,40730.0,40720.0,40660.0,14.148,1623631544.0,40730.0,41220.0,41250.0,40830.0,1.4395,9.828412643278917,2.4557956778004097,7.2780203784561515,120.30444389884653,127.67002209673528
13200,2025-02-20,64887.0,5425.0,40020.0,40000.0,40240.0,8.361,1672299227.8333333,40020.0,39860.0,40130.0,39640.0,1.6795,4.978267341470676,4.999999999999449,67.73707977922649,-39.980009995002064,27.48625687156503
13200,2026-01-07,20638.0,2830.0,53810.0,53780.0,53950.0,13.713,1982929075.5,53810.0,53550.0,52920.0,53690.0,1.6135000000000002,8.498915401301517,5.578281889178083,-117.647058823529,-48.31815647649118,-165.39676640029754
13200,2026-01-08,21774.0,2626.0,52920.0,52880.0,53650.0,12.06,1979696913.6666667,52920.0,53240.0,53690.0,55380.0,1.6135000000000002,7.474434459250077,7.5642965204236745,84.52291510142817,60.468631897203636,145.50264550264646
13200,2026-03-26,23332.0,1889.0,55380.0,55210.0,55800.0,8.096,2649224120.6666665,55380.0,54780.0,55350.0,53960.0,1.8155000000000001,4.459377581933351,30.791523274769084,104.05257393209189,-108.34236186348822,-5.417118093173912
13200,2026-04-20,21345.0,2124.0,61330.0,61240.0,61230.0,9.951,2804538361.3333335,61330.0,61580.0,61820.0,62040.0,1.779,5.593591905564924,14.696276943173547,38.97369275738916,40.76308495026826,79.89564650252801
13210,2024-12-10,267881.0,27232.0,40820.0,40810.0,40900.0,10.166,13560242773.0,40820.0,40830.0,40860.0,41350.0,1.663,6.113048707155743,2.4503798088693074,7.347538574578039,2.449779519844153,9.799118079372171
13210,2025-01-15,338701.0,48112.0,39920.0,39890.0,40260.0,14.205,12826782834.5,39920.0,40250.0,40050.0,39960.0,1.666,8.52641056422569,7.520681875157198,-49.68944099378869,82.66533066132232,32.56513026052011
13210,2025-01-16,414746.0,64362.0,40050.0,40100.0,40230.0,15.518,12899970478.833334,40050.0,39940.0,39960.0,40360.0,1.669,9.297783103654883,-12.468827930174342,5.007511266901243,-27.46566791510641,-22.47191011235938
13210,2025-03-17,241947.0,21991.0,38860.0,38900.0,38940.0,9.089,13540932795.0,38860.0,39400.0,39330.0,39260.0,1.6815,5.405292893250075,-10.282776349614942,-17.766497461928488,138.96037056098766,120.94698919197012
13210,2025-06-02,166994.0,17799.0,39250.0,39270.0,39380.0,10.658,15007494453.833334,39250.0,39410.0,39260.0,39560.0,1.6875,6.315851851851852,-5.092946269417142,-38.061405734585165,40.764331210190186,2.547770700636054
13210,2025-07-16,200515.0,20221.0,40860.0,40880.0,40950.0,10.085,10177762908.0,40860.0,40640.0,41120.0,41050.0,2.114,4.770577105014191,-4.892367906066397,118.11023622047223,-53.84238864415081,63.631913852177924
13210,2025-09-17,147103.0,14425.0,46170.0,46220.0,46090.0,9.806,9860175507.666666,46170.0,46360.0,46740.0,46390.0,2.0395,4.808041186565335,-10.81782778018181,81.96721311475308,41.15226337448652,123.45679012345734
13260,2026-04-20,12657.0,1841.0,69920.0,69930.0,69410.0,14.545,2959375260.0,69920.0,70370.0,69710.0,69660.0,0.882,16.490929705215418,-1.430001430001715,-93.78996731561729,64.3592677345528,-30.034324942791457
13280,2026-01-09,96617.0,13345.0,16745.0,16735.0,16715.0,13.812,1768457059.3333333,16745.0,17285.0,17345.0,17560.0,1.7734999999999999,7.7879898505779535,5.975500448163196,34.712178189182374,322.4843236787112,358.31591519856596
13280,2026-04-15,48835.0,5465.0,18140.0,18120.0,18175.0,11.191,2652983087.0833335,18140.0,18150.0,18130.0,18070.0,1.3625,8.213577981651376,11.03752759381793,-11.019283746556141,5.512679162071876,-5.5126791620729865
13290,2024-12-09,20481.0,3983.0,40700.0,40700.0,40880.0,19.447,1740473757.3333333,4070.0,4096.0,4092.0,4097.0,3.2664999999999997,5.953467013623144,0.0,-9.765625,-8993.611793611793,-8994.594594594595
13290,2024-12-10,23593.0,5304.0,40920.0,40900.0,41010.0,22.481,1721717424.0,4092.0,4093.0,4097.0,4154.0,3.307,6.7980042334442095,4.889975550121939,9.77278279990168,-8999.755620723363,-8998.778103616814
13290,2024-12-25,9821.0,2562.0,40710.0,40640.0,40750.0,26.087,1698181655.0,4071.0,4069.0,4107.0,4187.0,3.263,7.994790070487282,17.224409448819422,93.38903907593954,-9000.491279783837,-8991.156963890937
13290,2025-01-07,39729.0,5424.0,41670.0,41720.0,41420.0,13.652,1623130822.1666667,4167.0,4147.0,4160.0,4122.0,3.3,4.136969696969697,-11.984659635666528,31.347962382444194,-9004.799616030718,-9001.679865610751
13290,2025-01-09,51183.0,26097.0,41220.0,41250.0,41470.0,50.988,1633077944.8333333,4122.0,4089.0,4084.0,4007.0,3.307,15.418203810099788,-7.2727272727268755,-12.227928588897097,-9008.005822416302,-9009.218825812713
13290,2025-01-23,45663.0,8563.0,41640.0,41590.0,41500.0,18.753,1691714198.6666667,4164.0,4165.0,4163.0,4119.0,3.375,5.556444444444445,12.022120702090966,-4.801920768306989,-8999.759846301633,-9000.240153698367
13290,2025-02-05,30071.0,6516.0,40440.0,40410.0,40630.0,21.669,1654655711.0,4044.0,4017.0,4033.0,4002.0,3.3034999999999997,6.559406689874376,7.423904974015461,39.83071944237082,-9006.6765578635,-9002.720079129575
13290,2025-02-21,43282.0,11071.0,40080.0,40040.0,39750.0,25.579,1589417330.0,4008.0,3938.0,3948.0,3934.0,3.7295,6.85856012870358,9.990009990010762,25.39360081259545,-9017.46506986028,-9014.97005988024
13290,2025-02-27,10645.0,1808.0,39540.0,39540.0,39550.0,16.984,1705097213.0,3954.0,3889.0,3839.0,3907.0,3.7295,4.553961657058587,0.0,-128.56775520699415,-9016.439049064238,-9029.084471421345
13290,2025-03-24,12380.0,2457.0,38900.0,38900.0,39060.0,19.847,1701255579.6666667,3890.0,3921.0,3901.0,3926.0,3.588,5.53149386845039,0.0,-51.00739607242999,-8992.030848329048,-8997.172236503857
13290,2025-04-21,324212.0,71499.0,3575.0,,3585.0,22.053,1832612777.25,3575.0,3555.0,3565.0,3625.0,3.3835,6.517807004581055,,28.12939521800173,-55.944055944056046,-27.97202797202747
13290,2025-05-16,76006.0,12171.0,3928.0,3930.0,3932.0,16.013,2184208085.05,3928.0,3918.0,3902.0,3903.0,2.9885,5.3582064580893425,-5.089058524172518,-40.83716181725316,-25.45824847250522,-66.1914460285129
13290,2025-05-21,195733.0,46339.0,3882.0,3885.0,3919.0,23.675,2157150366.516667,3882.0,3840.0,3846.0,3866.0,2.912,8.130151098901099,-7.7220077220074845,15.624999999999112,-108.1916537867078,-92.73570324574987
13290,2025-06-19,157716.0,20862.0,4009.0,4010.0,4042.0,13.228,1999242406.0,4009.0,4005.0,3999.0,3994.0,2.9885,4.426300819809269,-2.4937655860346464,-14.981273408239959,-9.977550511349742,-24.9438762783738
13290,2025-06-25,195857.0,42930.0,4050.0,4051.0,4055.0,21.919,2011967834.6833334,4050.0,4066.0,4120.0,4181.0,3.2955,6.651191018054924,-2.4685262898049842,132.80865715691093,39.5061728395052,172.83950617283938
13290,2025-07-07,241634.0,40076.0,4123.0,4123.0,4148.0,16.585,1871251437.1666667,4123.0,4120.0,4136.0,4152.0,2.9915000000000003,5.544041450777202,0.0,38.83495145631022,-7.2762551540139775,31.530439000728716
13290,2025-07-29,241921.0,83433.0,4237.0,4240.0,4248.0,34.488,1769364224.5166667,4237.0,4250.0,4234.0,4281.0,2.9210000000000003,11.806915439917836,-7.075471698113622,-37.64705882352892,30.68208638187464,-7.080481472739875
13290,2025-10-09,364539.0,44389.0,5048.0,5051.0,5008.0,12.177,2022358696.85,5048.0,5053.0,4995.0,4866.0,2.7625,4.407963800904977,-5.939417937042002,-114.78329705125634,9.904912836766755,-104.99207606973093
13290,2025-11-13,270818.0,37746.0,5337.0,5331.0,5306.0,13.938,2704538931.0666666,5337.0,5216.0,5242.0,5243.0,2.8605,4.872574724698479,11.254924029262536,49.84662576687171,-226.71913059771452,-178.00262319655258
13290,2025-11-17,370821.0,52614.0,5243.0,5237.0,5221.0,14.189,2699028661.5666666,5243.0,5176.0,5076.0,5057.0,2.7815000000000003,5.101204386122595,11.45694099675465,-193.19938176197815,-127.78943353042193,-318.51993133702126
13290,2025-12-01,364716.0,41209.0,5135.0,5130.0,5231.0,11.299,2887076556.3166666,5135.0,5150.0,5122.0,5189.0,2.7075,4.173222530009234,9.746588693957392,-54.3689320388352,29.211295034079487,-25.316455696202667
13290,2025-12-18,806415.0,125074.0,5111.0,5099.0,5084.0,15.51,2970094060.733333,5111.0,5139.0,5146.0,5244.0,2.3754999999999997,6.529151757524732,23.5340262796635,13.62132710644115,54.78379964781732,68.47974955977332
13290,2025-12-22,313807.0,32009.0,5244.0,5239.0,5248.0,10.2,2989078070.45,5244.0,5247.0,5237.0,5241.0,2.339,4.360837964942283,9.543806069860494,-19.058509624547693,5.720823798627261,-13.34858886346324
13290,2025-12-29,293257.0,43252.0,5253.0,5252.0,5264.0,14.749,2966654476.35,5253.0,5239.0,5242.0,5406.0,2.5555,5.771473292897672,1.9040365575029305,5.7262836419158525,-26.651437273939038,-20.940415000951784
13290,2026-01-07,417354.0,44389.0,5405.0,5410.0,5430.0,10.636,3214376837.7,5405.0,5391.0,5323.0,5408.0,2.5555,4.162003521815691,-9.242144177449285,-126.13615284733814,-25.90194264569856,-151.71137835337635
13290,2026-01-09,229993.0,30777.0,5408.0,5403.0,5359.0,13.382,3221519531.4166665,5408.0,5608.0,5575.0,5665.0,2.5555,5.236548620622187,9.254118082546725,-58.84450784593432,369.82248520710084,308.8017751479288
13290,2026-02-17,486823.0,91846.0,5842.0,5839.0,5872.0,18.866,3631451068.85,5842.0,5873.0,5911.0,5946.0,3.378,5.584961515689757,5.137866072957298,64.70287757534443,53.06401917151593,118.11023622047223
13290,2026-02-24,425797.0,98446.0,5933.0,5916.0,5870.0,23.12,3574571632.2166667,5933.0,5986.0,6071.0,6081.0,3.8215000000000003,6.049980374198613,28.735632183907178,141.9979953224182,89.33086128434242,232.59733692904126
13290,2026-04-07,228878.0,33805.0,5567.0,5570.0,5578.0,14.77,4932711605.516666,5567.0,5840.0,5863.0,5821.0,3.2105,4.600529512536988,-5.385996409336125,39.383561643835385,490.38979701814253,531.7046883420162
13290,2026-05-14,474959.0,80912.0,6528.0,6535.0,6616.0,17.036,4699800058.766666,6528.0,6557.0,6400.0,6338.0,2.2515,7.566511214745725,-10.711553175209998,-239.4387677291443,44.4240196078427,-196.07843137254943
13290,2026-05-22,607262.0,63973.0,6583.0,6594.0,6489.0,10.535,4811028155.083333,6583.0,6673.0,6798.0,6756.0,2.2515,4.679102820341994,-16.681831968455853,187.32204405814468,136.71578307762334,326.5988151298793
13290,2026-05-25,640775.0,77175.0,6798.0,6789.0,6664.0,12.044,4817214189.733334,6798.0,6809.0,6756.0,6779.0,2.2515,5.34932267377304,13.256738842244431,-77.83815538258243,16.181229773462036,-61.782877316858276
13290,2026-05-27,710139.0,81163.0,6779.0,6783.0,,11.429,4869506613.583333,6779.0,6727.0,6741.0,6888.0,2.1189999999999998,5.393581878244456,-5.897095680377218,20.811654526535772,-76.70747897919993,-56.055465407877094
13300,2024-12-03,78995.0,10802.0,40650.0,40710.0,40340.0,13.674,1559172054.3333333,40650.0,40790.0,40710.0,40870.0,2.0825,6.566146458583433,-14.738393515106862,-19.612650159352985,34.44034440344357,14.760147601475815
13300,2024-12-04,34662.0,7909.0,40710.0,40760.0,40790.0,22.817,1500809906.5,40710.0,41120.0,40870.0,40580.0,2.185,10.442562929061785,-12.26692836113874,-60.79766536964959,100.712355686563,39.30238270695163
13300,2024-12-05,113509.0,10773.0,40870.0,40830.0,41130.0,9.491,1560334063.3333333,40870.0,40850.0,40580.0,40660.0,2.2805,4.161806621354966,9.796718099437385,-66.0954712362305,-4.893564962075159,-70.95669195008591
13300,2025-01-08,23583.0,5258.0,41580.0,41590.0,41380.0,22.296,1344533444.8333333,41580.0,41450.0,41220.0,40790.0,1.6165,13.792762140426847,-2.4044241404186373,-55.4885404101324,-31.265031265030885,-86.58008658008698
13300,2025-01-09,43771.0,4635.0,41220.0,41180.0,41390.0,10.589,1354673024.3333333,41220.0,40820.0,40790.0,40010.0,1.621,6.532387415175817,9.713453132589311,-7.349338559529128,-97.04027171276053,-104.31829209121778
13300,2025-01-23,39533.0,3519.0,41580.0,41520.0,41400.0,8.901,1381068328.8333333,41580.0,41580.0,41540.0,41160.0,1.8265,4.873254859019983,14.450867052022698,-9.620009620009418,0.0,-9.620009620009418
13300,2025-01-24,66589.0,14887.0,41540.0,41500.0,41630.0,22.357,1382476098.3333333,41540.0,41770.0,41160.0,40550.0,1.837,12.170386499727817,9.638554216866435,-146.03782619104666,55.36831969186417,-91.47809340394831
13300,2025-01-27,60956.0,16414.0,41160.0,41130.0,41790.0,26.928,1392674297.0,41160.0,40690.0,40550.0,40920.0,1.9085,14.109510086455332,7.2939460248000465,-34.40648808060942,-114.18853255588002,-148.2021379980558
13300,2025-02-05,44705.0,14945.0,40360.0,40340.0,40560.0,33.43,1440137361.1666667,40360.0,40450.0,40640.0,40360.0,1.8605,17.968288094598226,4.957858205254517,46.97156983930695,22.29930624380483,69.37561942517378
13300,2025-02-06,20552.0,2035.0,40640.0,40620.0,40450.0,9.902,1427584758.5,40640.0,40420.0,40360.0,40350.0,1.8605,5.322225208277344,4.92368291482137,-14.844136566056765,-54.13385826771644,-68.89763779527547
13300,2025-02-07,29568.0,7562.0,40360.0,40380.0,40410.0,25.575,1436337196.6666667,40360.0,40270.0,40350.0,40580.0,1.8605,13.74630475678581,-4.952947003467045,19.86590514030384,-22.299306243805937,-2.4777006937559687
13300,2025-02-10,26601.0,8262.0,40350.0,40350.0,40260.0,31.059,1442396675.0,40350.0,40570.0,40580.0,41100.0,1.932,16.076086956521742,0.0,2.4648755237866027,54.52292441139983,57.00123915737265
13300,2025-02-12,35410.0,16071.0,40580.0,40530.0,40580.0,45.385,1443343207.0,40580.0,40730.0,41100.0,40750.0,2.075,21.872289156626504,12.336540833950416,90.84213110729155,36.964021685559345,128.14194184327167
13300,2025-02-13,54732.0,8077.0,41100.0,41030.0,40750.0,14.757,1453258974.5,41100.0,41100.0,40750.0,40790.0,2.1775,6.777037887485648,17.060687301975186,-85.15815085158196,0.0,-85.15815085158196
13300,2025-02-14,28776.0,4349.0,40750.0,,41050.0,15.113,1461562801.1666667,40750.0,40600.0,40790.0,40900.0,2.2805,6.6270554702916025,,46.79802955664947,-36.80981595092003,9.815950920244454
13300,2025-02-17,23514.0,3478.0,40790.0,,40570.0,14.791,1464492812.8333333,40790.0,40730.0,40900.0,40770.0,2.2805,6.485858364393773,,41.738276454701406,-14.709487619514183,26.96739396911063
13300,2025-02-18,33727.0,11880.0,40900.0,40870.0,40700.0,35.224,1442272333.0,40900.0,40750.0,40770.0,40210.0,2.2805,15.445735584301687,7.340347443112183,4.907975460122227,-36.67481662591676,-31.784841075794823
13300,2025-02-19,29732.0,3636.0,40770.0,,40770.0,12.229,1445147417.3333333,40770.0,40480.0,40210.0,40380.0,2.3895,5.117807072609332,,-66.69960474308346,-71.13073338238851,-137.35589894530276
13300,2025-02-25,59915.0,11475.0,39800.0,39790.0,39630.0,19.152,1506427756.6666667,39800.0,39620.0,39660.0,39830.0,2.3895,8.015065913370998,2.5131942699174736,10.09591115598285,-45.22613065326642,-35.17587939698474
13300,2025-02-27,51414.0,13550.0,39830.0,39810.0,39840.0,26.355,1553099668.6666667,39830.0,39170.0,38700.0,39340.0,2.409,10.940224159402243,5.023863350916979,-119.98978810313976,-165.70424303289033,-283.70574943509916
13300,2025-03-03,56773.0,15556.0,39340.0,39310.0,39260.0,27.4,1654451735.8333333,39340.0,38820.0,38830.0,38910.0,2.5445,10.76832383572411,7.631645891630345,2.5759917568257684,-132.1809862735135,-129.6390442297912
13300,2025-03-04,103350.0,16142.0,38830.0,38820.0,38810.0,15.619,1708943084.6666667,38830.0,38800.0,38910.0,39260.0,2.666,5.858589647411853,2.5759917568257684,28.350515463917425,-7.7259850630950755,20.60262683492242
13300,2025-03-06,38902.0,15558.0,39260.0,39250.0,39200.0,39.993,1708335445.8333333,39260.0,38560.0,38410.0,38560.0,3.3405,11.972159856308936,2.547770700636054,-38.900414937759194,-178.2985226693834,-216.50534895568006
13300,2025-03-21,44000.0,15387.0,39200.0,39220.0,39190.0,34.97,1744689542.3333333,39200.0,39310.0,39130.0,39340.0,3.099,11.284285253307518,-5.0994390617031815,-45.789875349784296,28.061224489794867,-17.857142857142794
13300,2025-03-25,40219.0,14204.0,39340.0,39340.0,39510.0,35.317,1745975961.3333333,39340.0,39610.0,39590.0,39350.0,3.4675000000000002,10.185147801009371,0.0,-5.049229992426518,68.6324351804779,63.548551093035584
13300,2025-03-26,56134.0,15068.0,39590.0,39560.0,39640.0,26.843,1766348075.3333333,39590.0,39200.0,39350.0,38880.0,3.8019999999999996,7.060231457127828,7.583417593528541,38.26530612244916,-98.50972467794873,-60.621369032584084
13300,2025-03-27,53898.0,12418.0,39350.0,39270.0,39160.0,23.04,1790760484.1666667,39350.0,39150.0,38880.0,37350.0,4.244,5.4288407163053725,20.37178507766635,-68.96551724137944,-50.82592121982255,-119.44091486658203
13300,2025-04-02,67128.0,15035.0,37480.0,37450.0,37420.0,22.398,1979600313.3333333,37480.0,35750.0,36500.0,35450.0,5.341,4.19359670473694,8.010680907877266,209.79020979021047,-461.5795090715047,-261.4727854855925
13300,2025-04-22,28790.0,12448.0,35880.0,35860.0,35840.0,43.237,2392137385.0,35880.0,36880.0,36550.0,36710.0,6.5504999999999995,6.6005648423784455,5.57724484104849,-89.47939262472838,278.70680044593144,186.73355629877264
13300,2025-04-28,39969.0,12686.0,37520.0,37560.0,37680.0,31.74,2336606075.8333335,37520.0,37670.0,37770.0,38160.0,6.24,5.086538461538461,-10.649627263046302,26.546323334217803,39.978678038379286,66.63113006396549
13300,2025-05-15,23665.0,6433.0,39600.0,39610.0,39640.0,27.184,2418033291.3333335,39600.0,39580.0,39540.0,39260.0,5.492,4.949745083758194,-2.524614996213259,-10.10611419908991,-5.050505050504528,-15.151515151514694
13300,2025-05-23,11315.0,2173.0,38920.0,,38930.0,19.205,2340235064.8333335,38920.0,39010.0,39330.0,39550.0,4.5515,4.219488080852466,,82.03024865419017,23.12435765673193,105.3442959917783
13300,2025-06-06,10709.0,1947.0,39570.0,39520.0,39420.0,18.181,2084301351.1666667,39570.0,39860.0,39900.0,40030.0,4.3735,4.157082428261118,12.651821862348367,10.035122930256435,73.2878443265106,83.3965125094771
13300,2025-07-14,34111.0,7545.0,40730.0,40720.0,40690.0,22.119,1513621529.1666667,40730.0,40760.0,40930.0,40940.0,2.62,8.44236641221374,2.4557956778004097,41.70755642787016,7.365578197888745,49.10385465259015
13300,2025-07-16,40348.0,7638.0,40940.0,40930.0,40990.0,18.93,1521515691.6666667,40940.0,40710.0,41190.0,41110.0,2.625,7.211428571428572,2.443195699974865,117.9071481208549,-56.179775280899015,61.06497313141279
13300,2025-07-17,47801.0,7564.0,41190.0,41160.0,40660.0,15.824,1537009995.5,41190.0,41420.0,41110.0,41030.0,2.625,6.028190476190476,7.288629737609575,-74.84307098020282,55.838795824230125,-19.422189851905358
13300,2025-08-15,47012.0,11314.0,44730.0,44740.0,44200.0,24.066,1657362370.1666667,44730.0,44820.0,45060.0,44960.0,2.0564999999999998,11.702407002188185,-2.235136343317068,53.547523427042165,20.12072434607548,73.77598926894713
13300,2025-08-21,40347.0,13038.0,43960.0,43980.0,44090.0,32.315,1702366544.1666667,43960.0,43990.0,43990.0,44150.0,1.9985,16.16962722041531,-4.547521600727356,0.0,6.824385805277444,6.824385805277444
13300,2025-08-28,16128.0,1538.0,44200.0,44180.0,43690.0,9.536,1647490983.0,44200.0,44170.0,44070.0,43510.0,1.9495,4.891510643754809,4.526935264825838,-22.63980076975369,-6.787330316742057,-29.41176470588225
13300,2025-09-02,23528.0,2042.0,43690.0,43660.0,43760.0,8.679,1672921276.5,43690.0,43430.0,43250.0,43940.0,1.9495,4.4519107463452166,6.871278057718477,-41.446005065622906,-59.51018539711583,-100.70954451819603
13300,2025-09-10,18896.0,1640.0,45190.0,45230.0,44960.0,8.679,1699285613.6666667,45190.0,45320.0,45790.0,46220.0,1.9475,4.4564826700898585,-8.843687817819967,103.70697263901052,28.7674264217741,132.77273733126816
13300,2025-11-11,25117.0,2401.0,52790.0,52820.0,53370.0,9.559,2127769651.1666667,52790.0,52800.0,53090.0,53300.0,1.5085,6.336758369240967,-5.679666792881566,54.92424242424132,1.8942981625302835,56.82894487592405
13300,2025-11-12,20483.0,1909.0,53090.0,53000.0,52800.0,9.32,2124672810.1666667,53090.0,52990.0,53300.0,52310.0,1.547,6.024563671622496,16.981132075470917,58.50160407623983,-18.835938971557553,39.55547184027131
13300,2025-11-17,21617.0,1832.0,52350.0,52320.0,52120.0,8.475,2142503531.3333333,52350.0,51680.0,50790.0,50510.0,1.547,5.478345184227537,5.733944954129377,-172.213622291022,-127.9847182425975,-297.99426934097426
13300,2025-12-23,9006.0,843.0,52400.0,52310.0,52390.0,9.36,2059398953.0,52400.0,52520.0,52350.0,52360.0,1.555,6.019292604501608,17.205123303383196,-32.36862147753206,22.900763358779663,-9.54198473282486
13300,2026-04-17,32524.0,11416.0,61500.0,61580.0,62100.0,35.1,2641015734.3333335,61500.0,61680.0,61610.0,62130.0,1.7149999999999999,20.466472303207,-12.991230919129348,-11.348897535667923,29.268292682926855,17.886178861787894
13300,2026-05-19,64671.0,7300.0,63540.0,63440.0,64360.0,11.288,2763185723.5,63540.0,63320.0,62760.0,64680.0,1.904,5.928571428571429,15.762925598992172,-88.43967150979127,-34.623858986465585,-122.75731822473989
13300,2026-05-22,63741.0,7939.0,66380.0,66380.0,65280.0,12.455,2897572381.3333335,66380.0,67050.0,68440.0,68080.0,1.9415,6.415142930723667,0.0,207.30797912005937,100.93401626996013,310.33443808375915
13430,2025-11-05,1005010.0,95270.0,2156.0,2152.5,2140.0,9.48,1475843232.9166667,2156.0,2155.0,2152.5,2131.0,1.4064999999999999,6.740135087095628,16.26016260162677,-11.600928074245731,-4.638218923933568,-16.233766233766378
13430,2025-11-06,989140.0,168650.0,2152.5,2156.0,2158.5,17.05,1459657750.75,2152.5,2131.0,2131.0,2136.0,1.4064999999999999,12.12228937077853,-16.233766233766378,0.0,-99.88385598141747,-99.88385598141747
13430,2026-04-30,631920.0,54240.0,2043.5,2040.0,2039.5,8.583,1793822836.9166667,2043.5,2041.0,2038.0,2011.0,1.2555,6.836320191158901,17.15686274509798,-14.698677119059367,-12.233912405187342,-26.914607291411706
13460,2024-12-03,38920.0,3658.0,40710.0,40730.0,40370.0,9.399,1259244011.1666667,40710.0,40830.0,40760.0,40860.0,1.5434999999999999,6.089407191448008,-4.910385465258793,-17.144256674014315,29.476787030213725,12.28199459592183
13460,2024-12-05,26035.0,4026.0,40860.0,40880.0,41180.0,15.464,1242438034.5,40860.0,40880.0,40570.0,40650.0,1.5434999999999999,10.018788467768061,-4.892367906066397,-75.83170254403137,4.894762604013003,-70.97405775819854
13460,2024-12-06,18410.0,2646.0,40570.0,40570.0,40950.0,14.373,1240391718.5,40570.0,40800.0,40650.0,40870.0,1.563,9.195777351247601,0.0,-36.764705882352814,56.69213704707854,19.71900419028838
13460,2024-12-09,26573.0,3329.0,40650.0,40650.0,40850.0,12.528,1242906653.8333333,40650.0,40910.0,40870.0,40880.0,1.6099999999999999,7.78136645962733,0.0,-9.77756049865608,63.9606396063952,54.12054120541132
13460,2024-12-16,16148.0,3057.0,40930.0,40950.0,41090.0,18.931,1266117680.6666667,40930.0,41100.0,40910.0,40660.0,1.563,12.111964171465132,-4.884004884004867,-46.22871046228716,41.5343268995838,-4.88639139995084
13460,2024-12-24,4659.0,683.0,40550.0,,40730.0,14.66,1194405999.0,40550.0,40730.0,40610.0,41070.0,1.657,8.847314423657211,,-29.46231279155387,44.38964241676891,14.796547472255561
13460,2024-12-26,17247.0,2166.0,41070.0,41060.0,40700.0,12.559,1172418469.6666667,41070.0,41250.0,41840.0,41570.0,1.774,7.079481397970687,2.43546030199715,143.0303030303026,43.82761139517966,187.4847820793768
13460,2025-01-06,27287.0,3471.0,40830.0,40860.0,41430.0,12.72,1211050511.6666667,40830.0,41280.0,41630.0,41550.0,1.88,6.765957446808511,-7.342143906020615,84.78682170542706,110.2130786186617,195.93436198873437
13460,2025-01-24,33672.0,3025.0,41230.0,41180.0,41310.0,8.984,1004615597.0,41230.0,41430.0,40790.0,40270.0,1.869,4.806848582129481,12.141816415736084,-154.47743181269624,48.50836769342726,-106.71840892554019
13460,2025-04-15,6003.0,533.0,35670.0,,35750.0,8.879,1084305392.5,35670.0,35630.0,35260.0,35730.0,1.6099999999999999,5.514906832298137,,-103.84507437552593,-11.213905242500877,-114.94252873563204
13460,2025-05-27,6704.0,549.0,39260.0,39290.0,39020.0,8.189,1159543913.5,39260.0,39670.0,39260.0,39990.0,1.877,4.362812999467235,-7.635530669382051,-103.35265944038329,104.43199184920982,0.0
13460,2025-06-12,5573.0,737.0,39720.0,,39830.0,13.224,1149261238.0,39720.0,39580.0,39360.0,39840.0,1.7095,7.735595203275811,,-55.58362809499728,-35.246727089627285,-90.63444108761365
13460,2025-07-17,18170.0,2306.0,41180.0,41160.0,40670.0,12.691,1098875357.6666667,41180.0,41330.0,41080.0,41000.0,1.653,7.6775559588626745,4.859086491739717,-60.488749092668655,36.42544924720825,-24.28363283147106
13460,2025-10-20,26601.0,3638.0,51190.0,51030.0,,13.676,1006132891.6666666,51190.0,51690.0,51170.0,51290.0,1.653,8.273442226255293,31.354105428178514,-100.59972915457571,97.6753272123454,-3.907013088494393
13460,2025-11-07,26227.0,2131.0,52460.0,52260.0,52020.0,8.125,1108946789.3333333,52460.0,52830.0,52920.0,52800.0,1.5655000000000001,5.190035132545512,38.270187523918864,17.035775127767216,70.52992756385822,87.68585589020273
13460,2025-11-17,15809.0,2956.0,52340.0,52320.0,52150.0,18.698,1101901573.6666667,52340.0,51660.0,50720.0,50590.0,1.5655000000000001,11.943787927179814,3.822629969418845,-181.95896244676769,-129.91975544516586,-309.5147115017194
13460,2025-11-27,4903.0,746.0,52060.0,52090.0,51950.0,15.215,1134068766.3333333,52060.0,52120.0,52150.0,51250.0,1.254,12.13317384370016,-5.7592628143599,5.755947812740025,11.525163273147232,17.287744909719738
13460,2025-12-01,13009.0,2099.0,51250.0,51240.0,52300.0,16.135,1117326366.8333333,51250.0,51440.0,51270.0,51770.0,1.254,12.866826156299842,1.951600312255497,-33.04821150855397,37.07317073170735,3.9024390243902474
13460,2025-12-08,9673.0,3057.0,52570.0,,52630.0,31.603,1143369183.0,52570.0,52560.0,52560.0,52490.0,1.2934999999999999,24.432160804020103,,0.0,-1.9022256039569196,-1.9022256039569196
13460,2025-12-12,13350.0,1095.0,52950.0,52820.0,52530.0,8.202,1146716831.1666667,52950.0,52010.0,52200.0,51450.0,1.2934999999999999,6.340935446463085,24.61188943581938,36.531436262257074,-177.5259678942398,-141.64305949008528
13460,2025-12-29,8176.0,2269.0,52580.0,52430.0,52590.0,27.752,1066030218.3333334,52580.0,52340.0,52360.0,53910.0,1.3685,20.27913774205334,28.609574670990234,3.821169277800074,-45.64473183719997,-41.84100418409997
13460,2026-01-06,9100.0,2103.0,54630.0,54530.0,54380.0,23.11,1067360609.6666666,54630.0,54290.0,54030.0,53240.0,1.55,14.909677419354837,18.338529249954938,-47.89095597716009,-62.236866190737985,-109.82976386600728
13460,2026-03-12,24123.0,3187.0,56270.0,56180.0,56110.0,13.211,1216073705.5,56270.0,54880.0,55550.0,55470.0,1.076,12.277881040892193,16.0199359202573,122.08454810495707,-247.02328061133815,-127.95450506486561
13460,2026-04-03,12240.0,2062.0,55290.0,55390.0,55350.0,16.846,1337238651.8333333,55290.0,55310.0,55540.0,55580.0,1.076,15.656133828996282,-18.053800324968616,41.58380039775756,3.617290649302607,45.2161331162948
13460,2026-04-15,20627.0,2527.0,60530.0,60430.0,60960.0,12.251,1449076365.0,60530.0,60890.0,62050.0,61020.0,1.076,11.385687732342006,16.54807214959364,190.5074724913769,59.47464067404651,251.11514951263734
13460,2026-05-13,19753.0,3076.0,65830.0,65760.0,64820.0,15.572,1547639988.8333333,65830.0,66210.0,65190.0,64000.0,0.9025000000000001,17.254293628808863,10.644768856447051,-154.05527865881342,57.72444174388491,-97.22011241075523
13600,2025-02-13,43917640.0,3745630.0,285.5,285.7,288.4,8.529,14616284985.166666,285.5,286.3,289.3,288.9,1.2429999999999999,6.861625100563154,-7.000350017500878,104.78519035976186,28.021015761821033,133.09982486865212
13650,2026-03-09,68923.0,6003.0,71310.0,71710.0,,8.71,2207232662.6666665,2852.4,3010.8,3010.0,3098.4,0.868,10.034562211981568,-55.78022590991494,-2.6571011026976787,-9577.787126630206,-9577.899312859347
14140,2026-01-29,2676700.0,1785200.0,1376.0,1379.5,1382.0,66.694,1552518580.8333333,1376.0,1380.0,1388.5,1402.0,15.76,4.231852791878173,-25.371511417180415,61.594202898551664,29.069767441860517,90.84302325581328
14590,2025-04-10,2006241.0,272099.0,569.0,,,13.563,7071681374.483334,569.0,609.0,581.0,568.0,1.0795,12.56415006947661,,-459.7701149425293,702.9876977152893,210.89630931458768
14750,2026-01-05,3765740.0,486950.0,359.7,359.7,358.1,12.931,2195190338.1666665,359.7,362.9,365.4,363.1,1.0765,12.012076172782164,0.0,68.88950124001036,88.96302474284079,158.46538782318564
14750,2026-01-13,3301550.0,277380.0,371.9,371.8,,8.402,2282030448.6,371.9,374.1,376.7,379.7,1.452,5.786501377410468,2.6896180742319586,69.50013365410123,59.15568701263973,129.06695348211983
14750,2026-01-14,2650500.0,227080.0,376.7,376.7,373.3,8.567,2251239529.2,376.7,375.9,379.7,379.1,1.5274999999999999,5.608510638297873,0.0,101.09071561585469,-21.23705866737491,79.63897000265563
14750,2026-01-16,2657280.0,385590.0,379.1,378.7,378.1,14.511,2290271493.3166666,379.1,376.4,377.4,375.2,1.944,7.464506172839506,10.562450488513786,26.56748140276388,-71.2213136375639,-44.8430493273555
14750,2026-04-01,5537710.0,685820.0,380.0,379.5,,12.385,2955603545.116667,380.0,383.3,373.6,378.0,2.4265,5.104059344735216,13.175230566535578,-253.06548395512607,86.8421052631585,-168.42105263157882
14750,2026-04-30,2861120.0,250750.0,385.5,384.5,386.6,8.764,2941839733.0333333,385.5,385.2,386.3,398.6,1.7735,4.941640823230899,26.00780234070177,28.55659397715593,-7.7821011673151474,20.75226977950706
14750,2026-05-15,2811360.0,238360.0,399.7,398.3,403.8,8.478,2368291180.3,399.7,400.7,396.0,398.3,1.7240000000000002,4.917633410672853,35.14938488576425,-117.29473421512316,25.01876407305481,-92.56942707030258
14890,2025-08-25,341646.0,81697.0,2534.0,2532.0,2545.0,23.913,1003919958.6833333,2534.0,2531.0,2509.0,2507.0,1.9945,11.989471045374781,7.898894154818592,-86.92216515211348,-11.838989739542116,-98.65824782951837
15140,2026-03-27,990700.0,213400.0,1009.0,,,21.54,2431277380.0,1009.0,1125.0,1078.0,992.0,3.5385,6.087325137770241,,-417.777777777778,1149.6531219028739,683.8453914767096
15140,2026-05-13,376900.0,86400.0,723.0,731.0,731.0,22.924,2584406438.3333335,723.0,720.0,708.0,704.0,3.1915,7.182829390568698,-109.43912448700411,-166.6666666666672,-41.49377593360981,-207.46887966805016
15140,2026-05-14,555600.0,73300.0,708.0,709.0,717.0,13.193,2558714503.3333335,708.0,700.0,704.0,621.0,3.1915,4.133792887357042,-14.104372355430161,57.14285714285783,-112.99435028248594,-56.497175141242415
15140,2026-05-15,520300.0,95100.0,704.0,714.0,696.0,18.278,2525578160.0,704.0,647.0,621.0,617.0,3.1915,5.727087576374745,-140.0560224089631,-401.85471406491536,-809.6590909090907,-1178.977272727273
15150,2026-04-30,1227600.0,438500.0,2412.0,2389.0,,35.72,4646233240.0,2412.0,2402.0,2422.0,2493.0,7.101,5.030277425714688,96.27459187944831,83.26394671107407,-41.45936981757914,41.45936981757803
15400,2025-07-15,259417.0,23283.0,15000.0,14980.0,14930.0,8.975,5582845163.25,15000.0,14980.0,15005.0,14970.0,1.419,6.324876673713883,13.35113484646211,16.688918558076526,-13.333333333332975,3.333333333332966
15400,2025-08-06,206535.0,21358.0,15060.0,15050.0,15070.0,10.341,4707657655.833333,15060.0,15010.0,15040.0,15085.0,1.499,6.898599066044028,6.644518272425071,19.986675549632515,-33.20053120849931,-13.280212483399723
15400,2026-02-20,567136.0,71754.0,23825.0,23870.0,23725.0,12.652,20808679626.166668,23825.0,24800.0,24485.0,24690.0,1.8325,6.904229195088676,-18.85211562630884,-127.01612903225801,409.23399790136375,277.0199370409232
15420,2026-02-02,38522.0,38522.0,46800.0,,,100.0,15200520370.833334,46800.0,43860.0,45280.0,47630.0,1.521,65.74621959237344,,323.75740994072146,-628.2051282051282,-324.78632478632477
15450,2024-12-09,31896.0,4643.0,32800.0,,32730.0,14.557,1257231578.8333333,32800.0,32790.0,32720.0,32800.0,2.6105,5.576326374257805,,-21.347971942665687,-3.0487804878043256,-24.390243902439046
15450,2025-03-28,18230.0,3106.0,30240.0,30250.0,30200.0,17.038,1201149231.25,30240.0,28820.0,28700.0,29130.0,2.6319999999999997,6.47340425531915,-3.3057851239670644,-41.63775156141525,-469.57671957671977,-509.2592592592593
15450,2025-04-16,55960.0,6692.0,26575.0,26595.0,26935.0,11.959,1338052712.0,26575.0,26275.0,26715.0,26405.0,2.685,4.454003724394785,-7.52021056589558,167.4595623215991,-112.8880526810916,52.681091251176596
15450,2025-06-20,11271.0,1472.0,31970.0,31960.0,31860.0,13.06,1434069734.8333333,31970.0,31890.0,32220.0,32540.0,2.9215,4.470306349478008,3.1289111389232183,103.48071495766663,-25.023459493275226,78.1983109164841
15450,2025-08-22,15672.0,1272.0,34600.0,34610.0,34680.0,8.116,1220066191.6666667,34600.0,34920.0,34860.0,34870.0,1.9580000000000002,4.1450459652706835,-2.8893383415196094,-17.18213058419238,92.48554913294794,75.14450867051936
15450,2025-08-29,14192.0,1328.0,34970.0,35100.0,35090.0,9.357,1187210680.8333333,34970.0,34850.0,34540.0,34830.0,1.9580000000000002,4.778855975485188,-37.037037037036534,-88.95265423242482,-34.31512725193042,-122.96253931941669
15450,2025-09-01,34809.0,3607.0,34540.0,34600.0,34880.0,10.362,1200598552.5,34540.0,34710.0,34830.0,34920.0,1.9580000000000002,5.2921348314606735,-17.341040462427458,34.572169403630504,49.21829762594143,83.96062536189852
15450,2025-09-03,20037.0,4036.0,34920.0,34910.0,34890.0,20.143,1192314274.5,34920.0,34990.0,35030.0,35480.0,2.0010000000000003,10.06646676661669,2.864508736750704,11.431837667905675,20.04581901489111,31.500572737686028
15450,2025-09-12,19520.0,1856.0,35730.0,35700.0,35640.0,9.508,1163427320.1666667,35730.0,36080.0,36060.0,35840.0,2.1975,4.326734926052332,8.403361344537785,-5.543237250554833,97.95689896445525,92.35936188077164
15450,2025-10-14,92075.0,10561.0,37570.0,37610.0,38070.0,11.47,1508293838.8333333,37570.0,37680.0,37700.0,37980.0,2.3815,4.81629225278186,-10.6354692900823,5.307855626326408,29.278679797710705,34.602076124568
15450,2025-10-16,14808.0,1589.0,37980.0,37860.0,37810.0,10.731,1496203750.0,37980.0,37290.0,37000.0,37920.0,2.3815,4.505983623766534,31.695721077653616,-77.76883883078622,-181.67456556082095,-258.0305423907314
15450,2025-12-17,14934.0,1253.0,39450.0,39450.0,39210.0,8.39,1936925988.5,39450.0,38820.0,38990.0,39460.0,2.0069999999999997,4.180368709516692,0.0,43.791859866049165,-159.69581749049388,-116.60329531052005
15450,2026-03-06,14231.0,1662.0,39980.0,,39830.0,11.679,1163007563.3333333,39980.0,38650.0,38900.0,39700.0,2.0975,5.568057210965435,,64.68305304010435,-332.66633316658357,-270.1350675337666
15450,2026-03-10,14023.0,2097.0,39700.0,39650.0,,14.954,1161355914.8333333,39700.0,39910.0,39900.0,39780.0,2.0975,7.129439809296782,12.610340479193294,-2.505637684790951,52.896725440805255,50.37783375314797
15450,2026-03-13,8827.0,990.0,39490.0,39530.0,39390.0,11.216,1131557331.8333333,39490.0,39370.0,39480.0,39520.0,2.198,5.102820746132847,-10.118897040222175,27.94005588011128,-30.38743985819159,-2.5322866548493916
15680,2024-12-09,5264850.0,488520.0,466.0,465.5,468.0,9.279,2395681129.1833334,466.0,474.0,468.4,471.6,1.29,7.193023255813953,10.741138560688146,-118.14345991561281,171.6738197424883,51.502145922746045
15680,2024-12-17,4316090.0,571250.0,463.9,464.5,468.9,13.235,2306302132.733333,463.9,462.5,461.9,458.1,1.3725,9.642987249544626,-12.91711517761085,-12.972972972973285,-30.178917870230528,-43.11273981461472
15680,2025-01-31,6461680.0,1344230.0,486.3,485.8,481.0,20.803,2604540156.9166665,486.3,463.1,459.4,465.8,1.0594999999999999,19.634733364794716,10.292301358583167,-79.89635068019973,-477.0717663993418,-553.1564877647554
15680,2025-05-30,8509080.0,934010.0,484.4,484.7,,10.977,2931195112.616667,484.4,475.2,473.7,471.6,0.9595,11.440333507034914,-6.189395502372852,-31.565656565656354,-189.92568125516084,-220.89182493806757
15680,2026-03-26,4648270.0,469400.0,801.4,791.4,808.3,10.098,5396531846.15,801.4,787.0,797.8,766.8,0.901,11.20754716981132,126.35835228708592,137.22998729351897,-179.68555028699762,-44.92138757175024
16050,2026-05-29,12569800.0,7458500.0,3604.0,3609.0,,59.337,46812808421.666664,3604.0,,,,11.613499999999998,5.109312438110821,-13.854253255749516,,,
16150,2025-02-12,2268100.0,386600.0,391.5,391.8,391.4,17.045,1778014721.1666667,391.5,395.1,399.0,400.8,1.9295,8.833894791396736,-7.656967840735662,98.70918754745661,91.9540229885074,191.57088122605305
16150,2025-04-28,2911400.0,248100.0,369.2,370.5,367.8,8.522,2498565360.0,369.2,373.5,377.0,371.0,1.6095000000000002,5.294812053432743,-35.08771929824572,93.70816599732157,116.4680390032502,211.26760563380253
16150,2025-10-03,2768770.0,263940.0,459.7,458.2,454.2,9.533,1107338714.8333333,459.7,451.7,458.4,457.0,1.7850000000000001,5.340616246498599,32.73679615888314,148.32853663936163,-174.02653904720512,-28.2793125951708
16150,2026-03-02,5142420.0,527450.0,631.9,621.2,,10.257,2519108568.35,631.9,615.1,603.0,564.0,0.9804999999999999,10.46098929117797,172.24726336123598,-196.71598114127775,-265.86485203354937,-457.3508466529508
16150,2026-03-27,4951540.0,1385260.0,587.8,588.6,579.4,27.976,3093678962.8333335,587.8,567.8,574.5,573.5,0.982,28.488798370672097,-13.591573224601694,117.99929552659405,-340.2517863218779,-226.26743790404856
16150,2026-05-29,1927040.0,182620.0,656.1,660.1,654.9,9.477,2621697254.0,656.1,,,,1.354,6.999261447562777,-60.596879260718104,,,
16550,2024-12-18,2678510.0,254840.0,671.3,671.6,670.3,9.514,1543264949.3666666,671.3,656.6,659.1,664.2,2.268,4.1948853615520285,-4.466944609887724,38.07493146512408,-218.97810218977963,-181.73692834798084
16550,2025-01-08,1623850.0,177140.0,678.1,677.2,676.3,10.909,1811188042.6666667,678.1,675.3,675.6,675.2,2.5415,4.292347039150108,13.290017720022362,4.442470013328315,-41.29184486064141,-36.8677186255717
16550,2025-06-05,1054960.0,172420.0,616.3,616.2,614.7,16.344,2155950971.3166666,616.3,615.6,619.7,624.2,1.8375,8.894693877551022,1.6228497241144169,66.60168940870736,-11.358104819080284,55.16793769268391
16550,2025-07-16,2375610.0,589110.0,669.5,669.4,669.7,24.798,1558014334.8333333,669.5,668.8,673.7,678.8,2.2344999999999997,11.097784739315284,1.4938751120419091,73.26555023923653,-10.455563853623007,62.733383121733596
16710,2026-03-09,226350.0,226350.0,4835.0,,,100.0,1375039937.7,4835.0,4485.0,4561.0,4368.0,1.671,59.844404548174744,,169.45373467112557,-723.8883143743535,-566.7011375387798
186A0,2025-02-27,1069500.0,185300.0,795.0,,,17.326,1738594893.3333333,795.0,843.0,832.0,780.0,3.506,4.941814033086138,,-130.48635824436494,603.7735849056603,465.40880503144643
186A0,2025-05-19,3714700.0,437900.0,722.0,720.0,,11.788,3150651753.3333335,722.0,742.0,717.0,707.0,2.8635,4.116640474943251,27.77777777777768,-336.9272237196763,277.00831024930704,-69.25207756232732
186A0,2025-05-26,2263300.0,283100.0,675.0,679.0,676.0,12.508,3257558971.6666665,675.0,681.0,692.0,695.0,2.928,4.271857923497268,-58.9101620029453,161.5271659324513,88.88888888888945,251.851851851852
186A0,2026-05-29,26320900.0,3443700.0,2739.0,2717.0,2805.0,13.084,18548830863.333332,2739.0,,,,2.534,5.163378058405683,80.97165991902911,,,
19110,2025-06-20,3717400.0,1915800.0,4243.0,4267.0,4330.0,51.536,5674064296.666667,1414.3,1424.3,1410.0,1454.3,12.648499999999999,4.074475234217497,-56.245605812046406,-100.40019658779764,-6643.176997407495,-6676.879566344567
19730,2024-12-20,424400.0,164900.0,3310.0,3330.0,3330.0,38.855,2449443441.6666665,3310.0,3290.0,3290.0,3290.0,8.804,4.413334847796456,-60.06006006005982,0.0,-60.42296072507503,-60.42296072507503
19730,2024-12-25,181900.0,140700.0,3290.0,3290.0,3290.0,77.35,2487727820.0,3290.0,3290.0,3290.0,3290.0,9.3915,8.23617100569664,0.0,0.0,0.0,0.0
19730,2024-12-26,437900.0,295400.0,3290.0,3290.0,3290.0,67.458,2503717878.3333335,3290.0,3295.0,3290.0,3295.0,9.662,6.981784309666735,0.0,-15.174506828528056,15.19756838905817,0.0
19730,2025-01-06,459500.0,315800.0,3290.0,3295.0,3295.0,68.727,2534347371.6666665,3290.0,3290.0,3300.0,3300.0,10.658000000000001,6.448395571401764,-15.174506828528056,30.39513677811634,0.0,30.39513677811634
19730,2025-01-16,379000.0,265200.0,3305.0,3305.0,3310.0,69.974,2555582513.3333335,3305.0,3310.0,3305.0,3310.0,11.486,6.092112136514017,0.0,-15.105740181269312,15.128593040847349,0.0
19730,2025-01-17,103300.0,48800.0,3305.0,3310.0,3305.0,47.241,2555633815.0,3305.0,3315.0,3310.0,3300.0,11.613,4.067941100490829,-15.105740181269312,-15.082956259426794,30.257186081694698,15.128593040847349
19730,2025-01-21,56600.0,33200.0,3300.0,,3315.0,58.657,2552173505.0,3300.0,3300.0,3310.0,3320.0,11.8825,4.9364191037239635,,30.303030303029388,0.0,30.303030303029388
19800,2025-04-28,1327200.0,906400.0,4035.0,4035.0,,68.294,1169905295.0,1345.0,1346.7,1386.7,1376.7,14.032,4.867018244013683,0.0,297.0223509319081,-6662.453531598513,-6563.320941759603
19800,2026-03-19,1271600.0,657500.0,2965.0,2952.0,,51.707,1849388460.0,2965.0,2815.0,2758.0,2852.0,12.302499999999998,4.202966876651088,44.037940379404446,-202.48667850799262,-505.90219224283305,-698.1450252951093
202A0,2026-01-28,400200.0,56200.0,3540.0,3545.0,3540.0,14.043,2334030036.6666665,3540.0,3540.0,3540.0,3540.0,2.246,6.252448797862867,-14.104372355430161,0.0,0.0,0.0
202A0,2026-01-29,202800.0,27500.0,3540.0,3545.0,3545.0,13.56,2336266911.6666665,3540.0,3540.0,3540.0,3540.0,2.2584999999999997,6.003984945760461,-14.104372355430161,0.0,0.0,0.0
202A0,2026-01-30,132100.0,21400.0,3540.0,3540.0,3545.0,16.2,2339943245.0,3540.0,3540.0,3540.0,3545.0,2.271,7.133421400264201,0.0,0.0,0.0,0.0
202A0,2026-02-02,142600.0,48900.0,3540.0,3545.0,3540.0,34.292,2342492321.6666665,3540.0,3545.0,3545.0,3540.0,2.3235,14.758769098343016,-14.104372355430161,0.0,14.124293785311437,14.124293785311437
202A0,2026-02-03,155400.0,61800.0,3545.0,3545.0,3540.0,39.768,2320103345.0,3545.0,3540.0,3540.0,3540.0,2.376,16.737373737373737,0.0,0.0,-14.104372355430161,-14.104372355430161
202A0,2026-02-04,68300.0,14800.0,3540.0,3545.0,3540.0,21.669,2292273680.0,3540.0,3540.0,3540.0,3545.0,2.3884999999999996,9.072221059242203,-14.104372355430161,0.0,0.0,0.0
202A0,2026-02-05,119500.0,22400.0,3540.0,3545.0,3545.0,18.745,2280878985.0,3540.0,3540.0,3545.0,3545.0,2.401,7.807163681799252,-14.104372355430161,14.124293785311437,0.0,14.124293785311437
202A0,2026-02-06,62900.0,16200.0,3545.0,3545.0,3545.0,25.755,2273855288.3333335,3545.0,3545.0,3545.0,3540.0,2.4245,10.622808826562176,0.0,0.0,0.0,0.0
202A0,2026-02-09,104700.0,21700.0,3545.0,3545.0,3540.0,20.726,2272927675.0,3545.0,3545.0,3540.0,3545.0,2.448,8.466503267973856,0.0,-14.104372355430161,0.0,-14.104372355430161
202A0,2026-02-10,68900.0,32400.0,3540.0,3540.0,3545.0,47.025,2268930391.6666665,3540.0,3545.0,3545.0,3540.0,2.448,19.209558823529413,0.0,0.0,14.124293785311437,14.124293785311437
202A0,2026-02-12,80500.0,33600.0,3545.0,3545.0,3545.0,41.739,2259450106.6666665,3545.0,3540.0,3540.0,3545.0,2.448,17.050245098039216,0.0,0.0,-14.104372355430161,-14.104372355430161
202A0,2026-02-13,53800.0,14400.0,3540.0,,3545.0,26.766,2222499831.6666665,3540.0,3545.0,3545.0,3545.0,2.46,10.880487804878047,,0.0,14.124293785311437,14.124293785311437
202A0,2026-02-16,82600.0,11800.0,3545.0,3545.0,3540.0,14.286,2217199681.6666665,3545.0,3545.0,3545.0,3545.0,2.472,5.7791262135922326,0.0,0.0,0.0,0.0
202A0,2026-02-17,60500.0,11000.0,3545.0,3545.0,3545.0,18.182,2209533896.6666665,3545.0,3540.0,3545.0,3545.0,2.5060000000000002,7.255387071029528,0.0,14.124293785311437,-14.104372355430161,0.0
202A0,2026-02-18,45500.0,25000.0,3545.0,3545.0,3545.0,54.945,2203557886.6666665,3545.0,3545.0,3545.0,3540.0,2.54,21.631889763779526,0.0,0.0,0.0,0.0
202A0,2026-02-19,26900.0,6900.0,3545.0,,3540.0,25.651,2193727756.6666665,3545.0,3540.0,3540.0,3545.0,2.566,9.996492595479346,,0.0,-14.104372355430161,-14.104372355430161
202A0,2026-02-20,30800.0,11500.0,3540.0,3540.0,3540.0,37.338,2180569151.6666665,3540.0,3545.0,3545.0,3545.0,2.592,14.405092592592592,0.0,0.0,14.124293785311437,14.124293785311437
202A0,2026-02-26,29400.0,8500.0,3545.0,3545.0,3545.0,28.912,2165476038.3333335,3545.0,3545.0,3545.0,3545.0,2.62,11.035114503816793,0.0,0.0,0.0,0.0
202A0,2026-03-03,88900.0,9500.0,3545.0,3545.0,3550.0,10.686,2099067305.0,3545.0,3545.0,3550.0,3545.0,2.648,4.035498489425982,0.0,14.104372355430161,0.0,14.104372355430161
202A0,2026-03-04,18400.0,2800.0,3550.0,,3545.0,15.217,2087287880.0,3550.0,3550.0,3545.0,3545.0,2.6765,5.685410050439007,,-14.084507042253502,0.0,-14.084507042253502
202A0,2026-03-05,22300.0,5900.0,3545.0,3545.0,3550.0,26.457,2029014088.3333333,3545.0,3545.0,3545.0,3520.0,2.705,9.780776340110906,0.0,0.0,0.0,0.0
202A0,2026-03-06,35100.0,6200.0,3545.0,3545.0,3550.0,17.664,1987637813.3333333,3545.0,3505.0,3520.0,3525.0,2.955,5.97766497461929,0.0,42.79600570613384,-112.83497884344129,-70.5218617771508
202A0,2026-03-11,17400.0,3600.0,3535.0,3535.0,3545.0,20.69,1736385946.6666667,3535.0,3530.0,3535.0,3540.0,4.187,4.9414855505134945,0.0,14.164305949009304,-14.144271570014633,0.0
202A0,2026-03-13,14300.0,3900.0,3540.0,3530.0,3550.0,27.273,1341399055.0,3540.0,3535.0,3535.0,3540.0,4.497999999999999,6.063361493997333,28.328611898016387,0.0,-14.124293785310327,-14.124293785310327
202A0,2026-03-24,15900.0,7300.0,3535.0,,3540.0,45.912,1020798825.0,3535.0,3535.0,3535.0,3535.0,6.4005,7.173189594562925,,0.0,0.0,0.0
21340,2025-09-17,12693600.0,1177600.0,52.0,53.0,56.0,9.277,3414882866.6666665,52.0,52.0,50.0,51.0,1.6555,5.603745092117185,-188.67924528301882,-384.61538461538436,0.0,-384.61538461538436
21340,2025-09-18,8078500.0,1642200.0,50.0,50.0,53.0,20.328,3348210043.3333335,50.0,50.0,51.0,49.0,1.6555,12.279069767441861,0.0,200.00000000000017,0.0,200.00000000000017
21340,2025-09-19,12199100.0,3312300.0,51.0,50.0,50.0,27.152,3313092100.0,51.0,50.0,49.0,50.0,1.675,16.210149253731345,200.00000000000017,-200.00000000000017,-196.07843137254943,-392.1568627450978
21340,2025-09-24,7061400.0,763400.0,50.0,50.0,50.0,10.811,3217176386.6666665,50.0,50.0,48.0,45.0,1.675,6.454328358208955,0.0,-400.00000000000034,0.0,-400.00000000000034
21340,2025-10-10,5465400.0,797100.0,40.0,40.0,41.0,14.584,1954201801.6666667,40.0,39.0,36.0,38.0,2.1334999999999997,6.83571595969065,0.0,-769.2307692307687,-250.00000000000023,-999.9999999999998
215A0,2025-02-28,4337100.0,936400.0,1576.0,1577.0,,21.59,5727577371.666667,1576.0,1600.0,1546.0,1511.0,2.7875,7.745291479820628,-6.341154090044876,-337.4999999999995,152.28426395939022,-190.35532994923886
215A0,2025-05-30,1780400.0,542900.0,1762.0,1763.0,1742.0,30.493,4989308656.666667,1762.0,1756.0,1751.0,1793.0,3.4829999999999997,8.75480907263853,-5.672149744753163,-28.473804100227483,-34.052213393870325,-62.42905788876318
215A0,2025-08-26,1286500.0,187800.0,2385.0,2377.0,2371.0,14.598,6220479796.666667,2385.0,2390.0,2375.0,2327.0,3.4345,4.250400349395837,33.6558687421129,-62.76150627615107,20.96436058700135,-41.92872117400381
215A0,2025-11-21,1669000.0,320300.0,1394.0,1388.0,1340.0,19.191,7469626915.0,1394.0,1400.0,1362.0,1399.0,3.833,5.0067831985390026,43.227665706051525,-271.42857142857133,43.041606886657924,-229.55523672883783
21600,2025-05-23,185700.0,185700.0,2971.0,,,100.0,5343551395.0,2971.0,3475.0,3475.0,4105.0,4.0255,24.841634579555333,,0.0,1696.3985190171659,1696.3985190171659
21600,2025-05-26,75000.0,75000.0,3475.0,,,100.0,5285974861.666667,3475.0,3890.0,4105.0,4355.0,4.0255,24.841634579555333,,552.6992287917732,1194.2446043165478,1812.9496402877687
21600,2025-09-25,1187000.0,214700.0,2437.0,2435.0,2432.0,18.088,4039347426.6666665,2437.0,2396.0,2363.0,2422.0,4.417,4.0950871632329635,8.21355236139576,-137.72954924874736,-168.23963890028716,-303.6520311858848
218A0,2025-04-01,1128400.0,120300.0,999.0,1009.0,,10.661,1583829473.3333333,999.0,980.0,906.0,946.0,1.897,5.619926199261992,-99.10802775024763,-755.1020408163267,-190.19019019019035,-930.930930930931
219A0,2025-09-30,64500.0,64500.0,2550.0,,,100.0,2867296821.6666665,2550.0,2050.0,2050.0,1396.0,2.5815,38.73716831299632,,0.0,-1960.78431372549,-1960.78431372549
219A0,2025-10-01,49400.0,49400.0,2050.0,,,100.0,2835817393.3333335,2050.0,1600.0,1396.0,1528.0,2.589,38.62495171881035,,-1274.9999999999995,-2195.121951219512,-3190.2439024390237
22440,2025-02-14,261410.0,42319.0,2523.0,2523.0,2527.0,16.189,1290289554.75,2523.0,2525.0,2533.0,2536.0,2.6695,6.06443154148717,0.0,31.68316831683171,7.927070947284509,39.635354736424766
22440,2025-03-19,193496.0,64231.0,2155.0,2153.0,2144.0,33.195,1217024786.3,2155.0,2162.0,2172.0,2207.0,3.354,9.897137745974955,9.289363678588458,46.253469010175685,32.48259860788805,78.8863109048732
22440,2025-03-21,264924.0,36042.0,2172.0,2170.0,2161.0,13.605,1185983697.2,2172.0,2202.0,2207.0,2253.0,3.376,4.029917061611375,9.216589861751334,22.70663033605791,138.12154696132507,161.14180478821405
22440,2026-02-19,104667.0,14943.0,2923.0,2927.0,,14.277,1085573324.5833333,2923.0,2918.0,2924.0,2906.0,3.3255,4.29318899413622,-13.665869490946392,20.562028786841324,-17.105713308245285,3.421142661648169
23150,2025-10-23,3519700.0,427200.0,96.0,97.0,100.0,12.137,1898863565.0,96.0,97.0,96.0,106.0,2.132,5.692776735459662,-103.09278350515427,-103.09278350515427,104.16666666666741,0.0
23150,2025-10-24,2930000.0,255100.0,96.0,97.0,98.0,8.706,1902162965.0,96.0,100.0,106.0,96.0,2.1470000000000002,4.054960409874242,-103.09278350515427,600.0000000000006,416.6666666666674,1041.6666666666674
23150,2025-11-19,3003700.0,288800.0,84.0,84.0,85.0,9.615,1982883720.0,84.0,86.0,86.0,101.0,2.281,4.215256466462078,0.0,0.0,238.09523809523725,238.09523809523725
23150,2025-11-20,2793600.0,341600.0,86.0,85.0,85.0,12.228,1917468133.3333333,86.0,101.0,101.0,100.0,2.3015,5.313056702150772,117.647058823529,0.0,1744.1860465116288,1744.1860465116288
24320,2025-06-20,6117600.0,824100.0,2690.0,2697.5,2788.0,13.471,39685662345.833336,2690.0,2660.0,2685.0,2714.5,2.71,4.970848708487085,-27.80352177942591,93.98496240601517,-111.52416356877359,-18.587360594795044
247A0,2026-01-13,1996800.0,261700.0,1482.0,1473.0,1535.0,13.106,4604882483.333333,1482.0,1471.0,1383.0,1423.0,2.511,5.219434488251692,61.09979633401208,-598.2324949014272,-74.2240215924428,-668.016194331984
247A0,2026-05-14,264800.0,264800.0,1072.0,,,100.0,1877514040.0,1072.0,850.0,900.0,875.0,2.925,34.18803418803419,,588.2352941176472,-2070.89552238806,-1604.4776119402982
25580,2025-01-31,19919.0,2451.0,27060.0,27085.0,26915.0,12.305,1171288754.5,27060.0,26560.0,26435.0,26680.0,2.19,5.6187214611872145,-9.230201218386469,-47.0632530120485,-184.77457501847704,-230.9682187730966
25850,2025-09-09,3847800.0,1790700.0,2349.0,2369.0,2530.0,46.538,1806906841.6666667,2349.0,2344.0,2329.0,2305.0,10.499,4.432612629774264,-84.42380751371937,-63.99317406143301,-21.285653469561574,-85.1426138782463
25850,2025-10-03,1145200.0,558600.0,2232.0,2226.0,2280.0,48.778,2729885466.6666665,2232.0,2265.0,2232.0,2214.0,11.593499999999999,4.2073575710527455,26.954177897573484,-145.69536423841066,147.8494623655924,0.0
25850,2025-10-07,833200.0,505500.0,2214.0,2203.0,2245.0,60.67,2767173033.3333335,2214.0,2213.0,2244.0,2073.0,12.092500000000001,5.017159396320033,49.93191103041417,140.08133755083696,-4.516711833785214,135.50135501354976
25850,2025-10-30,972900.0,607000.0,1992.0,1991.0,2031.0,62.391,2785983761.6666665,1992.0,2018.0,2007.0,1950.0,14.0565,4.438587130509017,5.022601707684871,-54.509415262635756,130.52208835341307,75.30120481927804
25850,2026-05-29,2815000.0,1651800.0,1729.0,1751.0,1623.0,58.679,2186409808.3333335,1729.0,,,,9.832,5.968165174938974,-125.6424900057107,,,
25860,2025-04-25,1960700.0,471700.0,151.0,147.0,148.0,24.058,1316622086.6666667,151.0,151.0,158.0,164.0,2.577,9.335661622041133,272.1088435374153,463.5761589403975,0.0,463.5761589403975
25860,2025-11-17,1374900.0,1374900.0,137.0,,,100.0,1684442973.3333333,137.0,121.0,120.0,126.0,2.3114999999999997,43.261951113995245,,-82.64462809917327,-1167.883211678832,-1240.8759124087587
25860,2025-12-26,3190200.0,626300.0,120.0,121.0,123.0,19.632,1465482478.3333333,120.0,121.0,124.0,124.0,2.624,7.481707317073171,-82.64462809917327,247.93388429751982,83.33333333333303,333.3333333333344
26210,2025-01-28,397366.0,38233.0,1123.0,1123.0,1124.0,9.622,1740192669.5833333,1123.0,1125.0,1126.0,1128.0,1.498,6.423230974632844,0.0,8.88888888888939,17.809439002671734,26.71415850400649
26210,2025-01-31,495832.0,44352.0,1123.0,1124.0,1128.0,8.945,1700507096.75,1123.0,1121.0,1127.0,1119.0,1.6,5.590625,-8.89679715302516,53.5236396074934,-17.809439002671734,35.61887800534347
26210,2025-05-19,1916264.0,208484.0,1081.0,1075.0,1080.0,10.88,1217937235.7666667,1081.0,1089.0,1087.0,1070.0,1.6785,6.481977956508787,55.81395348837282,-18.365472910927274,74.00555041628066,55.504162812209934
26210,2025-05-21,981848.0,84742.0,1070.0,1072.0,1079.0,8.631,1235562005.2666667,1070.0,1055.0,1058.0,1066.0,1.779,4.851602023608769,-18.65671641791078,28.436018957345155,-140.18691588784992,-112.14953271028061
26210,2026-03-11,167803.0,22040.0,1088.0,1088.0,1087.0,13.134,1033463331.1166667,1088.0,1070.0,1072.0,1068.0,1.3275000000000001,9.893785310734463,0.0,18.691588785046953,-165.44117647058874,-147.05882352941126
26730,2025-12-01,257700.0,31700.0,235.0,235.0,241.0,12.301,1031824255.0,235.0,236.0,226.0,217.0,2.479,4.962081484469544,0.0,-423.728813559322,42.55319148936066,-382.97872340425585
268A0,2025-02-28,3725900.0,2914700.0,1072.0,1075.0,1128.0,78.228,1627163083.3333333,1072.0,1086.0,1072.0,1069.0,10.861,7.20265168953135,-27.90697674418641,-128.91344383057057,130.59701492537323,0.0
268A0,2025-04-28,4445400.0,3495600.0,843.0,846.0,852.0,78.634,1220943296.6666667,843.0,839.0,881.0,885.0,11.655999999999999,6.746225120109815,-35.460992907800915,500.59594755661465,-47.449584816132706,450.77105575326294
268A0,2025-06-20,6545600.0,4208300.0,732.0,735.0,712.0,64.292,1051130656.6666666,732.0,725.0,731.0,738.0,13.6785,4.70022297766568,-40.816326530612734,82.75862068965579,-95.628415300546,-13.66120218579181
26950,2025-02-20,1371900.0,1371900.0,3090.0,,,100.0,1565382231.6666667,1545.0,1610.0,1582.5,1537.5,10.251,9.7551458394303,,-170.80745341614855,-4789.644012944984,-4878.64077669903
27020,2025-02-28,7275400.0,6341800.0,5690.0,5710.0,5690.0,87.168,5111318016.666667,5690.0,5700.0,5700.0,5750.0,18.04,4.831929046563194,-35.026269702276295,0.0,17.574692442883233,17.574692442883233
27260,2025-06-20,579400.0,298600.0,3660.0,3655.0,3700.0,51.536,2435694950.0,1830.0,1800.0,1795.0,1812.5,12.443,4.1417664550349595,13.67989056087593,-27.77777777777768,-5081.9672131147545,-5095.628415300546
27670,2025-06-20,718500.0,298600.0,2300.0,2300.0,2308.0,41.559,1312471923.3333333,2300.0,2264.0,2146.0,2133.0,8.6705,4.793149184014762,0.0,-521.2014134275622,-156.5217391304352,-669.5652173913047
27670,2025-08-28,639800.0,261300.0,2128.0,2129.0,2100.0,40.841,1641212916.6666667,2128.0,2124.0,2116.0,2169.0,10.0585,4.060346970224188,-4.697040864255486,-37.664783427495685,-18.79699248120259,-56.39097744360888
27670,2025-10-30,776000.0,401800.0,2136.0,2136.0,2110.0,51.778,1139446626.6666667,2136.0,2152.0,2172.0,2075.0,11.421,4.533578495753437,0.0,92.93680297397744,74.90636704119868,168.53932584269592
27820,2025-05-30,457500.0,267300.0,2644.0,2638.0,2627.0,58.426,1233542611.6666667,2644.0,2667.0,2653.0,2639.0,13.785,4.2383750453391364,22.744503411675776,-52.49343832021025,86.98940998487225,34.03933434190654
281A0,2025-09-04,252600.0,35200.0,1566.0,1589.0,1659.0,13.935,2133379550.0,1566.0,1570.0,1607.0,1650.0,2.493,5.58965102286402,-144.74512271869133,235.66878980891826,25.542784163474774,261.8135376756059
285A0,2025-04-28,7039500.0,3407000.0,1886.0,1865.0,1885.0,48.398,25695933711.666668,1886.0,1883.0,1855.0,1833.0,2.8125,17.208177777777777,112.60053619303045,-148.69888475836478,-15.906680805938267,-164.369034994698
285A0,2025-06-20,17131700.0,3254700.0,2284.0,2240.0,2109.0,18.998,13598985931.666666,2284.0,2234.0,2554.0,2549.0,4.013,4.7341141290804885,196.42857142857073,1432.4082363473601,-218.9141856392296,1182.1366024518397
285A0,2025-11-14,5498000.0,1165700.0,10025.0,,,21.202,143828832986.66666,10025.0,10000.0,11165.0,10260.0,2.527,8.390185991294025,,1165.0000000000005,-24.937655860348684,1137.157107231921
285A0,2025-11-21,64535100.0,9805800.0,10030.0,9866.0,,15.195,189619254448.33334,10030.0,10800.0,9853.0,8386.0,2.4715,6.148088205543193,166.22744780052656,-876.851851851852,767.6969092721841,-176.4705882352946
285A0,2026-02-27,19700000.0,1886100.0,21210.0,21060.0,20960.0,9.574,494099593061.6667,21210.0,20700.0,21515.0,20200.0,1.7385000000000002,5.507046304285303,71.22507122507172,393.7198067632841,-240.45261669024097,143.8000942951434
285A0,2026-03-31,49580300.0,10947900.0,19080.0,19000.0,,22.081,629090919925.0,19080.0,20780.0,21800.0,21095.0,1.7614999999999998,12.535339199545842,42.10526315789443,490.8565928777664,890.9853249475885,1425.576519916143
285A0,2026-05-07,1272600.0,1272600.0,43410.0,,,100.0,817776261025.0,43410.0,43350.0,44490.0,45940.0,1.7614999999999998,56.769798467215445,,262.9757785467124,-13.821700069108767,248.79060124395335
285A0,2026-05-18,822500.0,822500.0,51450.0,,,100.0,908849113333.3334,51450.0,52010.0,49770.0,51290.0,1.8215,54.899807850672524,,-430.68640646029553,108.84353741496655,-326.53061224489744
285A0,2026-05-29,42526500.0,12813100.0,65850.0,63850.0,,30.13,1180192631216.6667,65850.0,,,,1.7125,17.594160583941605,313.2341425215346,,,
28690,2025-04-10,3019.0,3019.0,33650.0,,,100.0,1106912512.3333333,33650.0,33170.0,34520.0,35850.0,1.5065,66.37902422834385,,406.99427193246817,-142.6448736998509,258.54383358097976
28690,2025-04-15,26346.0,3145.0,35170.0,35180.0,35000.0,11.937,1170697670.1666667,35170.0,34490.0,33920.0,34040.0,1.488,8.022177419354838,-2.842524161454918,-165.26529428819936,-193.34660221779876,-355.41654819448377
290A0,2025-05-30,1279200.0,504500.0,1502.0,1442.0,1468.0,39.439,2990188098.3333335,1502.0,1499.0,1540.0,1775.0,2.037,19.361315660284735,416.0887656033285,273.5156771180791,-19.973368841544882,252.99600532623145
290A0,2025-08-25,637900.0,98800.0,859.0,855.0,858.0,15.488,3825274605.0,859.0,856.0,883.0,884.0,2.6105,5.932963033901551,46.78362573099504,315.42056074766344,-34.92433061699663,279.394644935973
290A0,2025-08-26,1521400.0,238400.0,883.0,887.0,856.0,15.67,3816008110.0,883.0,890.0,884.0,859.0,2.6105,6.002681478643938,-45.095828635851596,-67.41573033707814,79.27519818799578,11.325028312569874
290A0,2025-11-21,3445300.0,1308500.0,1003.0,1019.0,,37.979,1937813488.3333333,1003.0,1013.0,969.0,1030.0,3.77,10.074005305039787,-157.01668302257167,-434.35340572556714,99.70089730807486,-338.98305084745783
290A0,2026-02-27,5339400.0,2064100.0,1357.0,1348.0,,38.658,2774330940.0,1357.0,1380.0,1449.0,1400.0,3.8545,10.029316383447918,66.7655786350152,500.00000000000045,169.49152542372838,677.9661016949157
29800,2026-05-14,95200.0,95200.0,3225.0,,,100.0,1244074488.3333333,3225.0,2895.0,2706.0,2726.0,7.2075,13.87443635102324,,-652.8497409326428,-1023.2558139534887,-1609.3023255813955
30020,2026-04-28,361000.0,224000.0,3710.0,3690.0,3680.0,62.05,1184462883.3333333,3710.0,3665.0,3610.0,3595.0,13.0955,4.738268870986216,54.200542005420346,-150.06821282401052,-121.293800539084,-269.5417789757415
30460,2025-06-20,165800.0,98200.0,8520.0,8560.0,8740.0,59.228,1670212766.6666667,8520.0,8520.0,8650.0,8640.0,14.4765,4.091320415846372,-46.72897196261627,152.58215962441258,0.0,152.58215962441258
30970,2025-01-30,478000.0,315400.0,3380.0,3375.0,3360.0,65.983,1199848191.6666667,3380.0,3390.0,3355.0,3345.0,14.6835,4.493683386113665,14.81481481481417,-103.24483775811188,29.585798816567088,-73.96449704141995
31030,2026-02-09,1206100.0,1206100.0,922.0,,,100.0,4576859475.0,922.0,907.0,1072.0,1372.0,2.4080000000000004,41.5282392026578,,1819.1841234840122,-162.6898047722347,1626.8980477223427
31030,2026-02-16,3150300.0,530400.0,1792.0,,,16.836,6614745861.666667,1792.0,2192.0,2192.0,1692.0,2.4080000000000004,6.991694352159467,,0.0,2232.1428571428582,2232.1428571428582
31030,2026-02-17,759200.0,759200.0,2192.0,,,100.0,6629542455.0,2192.0,2200.0,1692.0,1296.0,2.712,36.87315634218289,,-2309.0909090909095,36.49635036496291,-2281.0218978102193
31030,2026-02-18,5112500.0,765300.0,1692.0,,2181.0,14.969,6781263180.0,1692.0,1552.0,1296.0,1236.0,2.716,5.51141384388807,,-1649.4845360824738,-827.4231678486999,-2340.425531914894
31030,2026-05-14,4604100.0,425600.0,1815.0,,2260.0,9.244,30318079015.0,1815.0,1415.0,1415.0,1315.0,1.794,5.1527313266443695,,0.0,-2203.8567493112946,-2203.8567493112946
31030,2026-05-15,635700.0,635700.0,1415.0,,,100.0,29459869570.0,1415.0,1325.0,1315.0,1412.0,1.794,55.74136008918617,,-75.47169811320754,-636.0424028268552,-706.7137809187274
31030,2026-05-29,5487000.0,1637100.0,1411.0,1370.0,1380.0,29.836,25538575923.333332,1411.0,,,,2.078,14.358036573628489,299.27007299270116,,,
31100,2024-12-30,216400.0,95900.0,6420.0,6300.0,6360.0,44.316,3047235200.0,6420.0,6480.0,6600.0,6740.0,10.852,4.083671212679691,190.4761904761898,185.18518518518601,93.45794392523254,280.37383177569984
31100,2025-11-07,336400.0,336400.0,9780.0,,,100.0,6892959900.0,9780.0,10980.0,11280.0,12260.0,11.452,8.732099196646875,,273.2240437158473,1226.9938650306744,1533.7423312883436
31410,2025-11-26,7780300.0,6767200.0,3160.0,3078.0,3294.0,86.979,2032662548.3333333,3160.0,,,,17.6555,4.926453513069582,266.4067576348272,,,
314A0,2026-01-09,4970720.0,480900.0,333.6,333.3,332.8,9.675,2563654955.383333,333.6,344.6,345.5,349.7,1.941,4.984544049459042,9.000900090010422,26.117237376668268,329.73621103117523,356.714628297361
314A0,2026-02-27,4504970.0,435340.0,383.6,383.8,382.7,9.664,2994123463.6666665,383.6,399.6,400.1,396.2,1.6,6.039999999999999,-5.211047420531356,12.512512512512508,417.10114702815383,430.1355578727839
314A0,2026-03-13,4328950.0,399320.0,384.8,385.1,384.9,9.224,3244506932.116667,384.8,378.0,379.4,378.5,1.6,5.765,-7.790184367697517,37.037037037035425,-176.71517671517756,-140.33264033264103
314A0,2026-03-19,6196150.0,660570.0,364.4,364.5,,10.661,3240693826.85,364.4,335.3,321.1,330.0,1.587,6.717706364209199,-2.743484224966286,-423.50134208171795,-798.5729967069144,-1188.2546652030724
314A0,2026-04-14,1610490.0,145590.0,359.8,359.5,358.5,9.04,3193865346.766667,359.8,364.2,362.8,362.8,1.6395,5.513876181762732,8.344923504868262,-38.440417353101665,122.2901612006666,83.37965536409087
314A0,2026-05-07,2446200.0,262260.0,349.3,,348.5,10.721,2174471682.15,349.3,349.5,351.4,347.1,1.794,5.97603121516165,,54.363376251787,5.7257371886620945,60.120240480960874
316A0,2025-04-16,890348.0,217974.0,1491.0,1494.0,1517.0,24.482,1663866982.4,1491.0,1481.0,1513.0,1485.0,1.198,20.435726210350584,-20.080321285140812,216.0702228224176,-67.06908115358789,147.55197853789426
325A0,2025-08-18,33900.0,33900.0,4750.0,,,100.0,1634970950.0,4750.0,5450.0,5450.0,4930.0,4.189,23.872045834328002,,0.0,1473.6842105263158,1473.6842105263158
325A0,2025-08-19,54900.0,54900.0,5450.0,,,100.0,1624083850.0,5450.0,5350.0,4930.0,4650.0,4.189,23.872045834328002,,-785.0467289719631,-183.4862385321101,-954.1284403669725
33150,2026-04-30,2694700.0,645300.0,104.0,104.0,106.0,23.947,1294305718.3333333,104.0,104.0,104.0,102.0,4.82,4.968257261410788,0.0,0.0,0.0,0.0
33230,2025-12-12,279600.0,38200.0,79.0,80.0,80.0,13.662,1130484781.6666667,79.0,80.0,81.0,79.0,2.923,4.673965104344852,-124.99999999999956,124.99999999999956,126.58227848101333,253.16455696202445
33500,2025-02-27,259600.0,259600.0,4010.0,,,100.0,16164558665.0,401.0,331.0,331.0,401.0,1.5750000000000002,63.49206349206349,,0.0,-9174.563591022445,-9174.563591022445
33500,2025-02-28,1076000.0,1076000.0,3310.0,,,100.0,16041817238.333334,331.0,401.0,401.0,334.5,1.5750000000000002,63.49206349206349,,0.0,-8788.519637462236,-8788.519637462236
33500,2025-05-21,2595200.0,2595200.0,933.0,,,100.0,20443641995.0,933.0,1083.0,1083.0,816.0,2.1414999999999997,46.69624095260332,,0.0,1607.7170418006426,1607.7170418006426
33500,2025-05-22,4347200.0,4347200.0,1083.0,,,100.0,20161675821.666668,1083.0,903.0,816.0,966.0,2.1414999999999997,46.69624095260332,,-963.4551495016608,-1662.0498614958447,-2465.3739612188365
33500,2025-06-20,43292000.0,6709600.0,1781.0,1776.0,1797.0,15.498,44250285838.333336,1781.0,1661.0,1635.0,1532.0,2.0555000000000003,7.53977134517149,28.153153153154253,-156.53220951234226,-673.7787759685565,-819.7641774284115
33500,2025-07-31,15585500.0,5141400.0,1151.0,1188.0,1212.0,32.988,58868146108.333336,1151.0,1150.0,1063.0,987.0,2.0134999999999996,16.38341196920785,-311.44781144781143,-756.5217391304346,-8.688097306689402,-764.5525629887051
33500,2025-08-26,35160500.0,7699400.0,842.0,837.0,,21.898,52312044601.666664,842.0,845.0,890.0,899.0,2.1425,10.220770128354726,59.73715651135025,532.5443786982254,35.62945368170922,570.0712589073631
33500,2025-09-09,61056700.0,6687800.0,614.0,621.0,690.0,10.953,40645728016.666664,614.0,610.0,714.0,645.0,2.351,4.658868566567418,-112.72141706924366,1704.9180327868862,-65.14657980456029,1628.6644951140072
33500,2025-09-19,157502400.0,28300700.0,608.0,597.0,,17.968,39527585731.666664,608.0,648.0,589.0,561.0,2.5540000000000003,7.035238841033672,184.25460636515956,-910.4938271604934,657.8947368421062,-312.5
33500,2025-10-31,31380100.0,7333500.0,491.0,484.0,481.0,23.37,33116530341.666668,491.0,486.0,450.0,441.0,3.0300000000000002,7.712871287128713,144.62809917355378,-740.7407407407406,-101.83299389002087,-835.0305498981669
33500,2025-12-19,28681500.0,8858500.0,433.0,425.0,407.0,30.886,17723176325.0,433.0,446.0,451.0,461.0,4.3735,7.062078426889219,188.23529411764684,112.10762331838487,300.2309468822162,415.70438799076294
33500,2026-04-30,23025500.0,6856400.0,326.0,315.0,323.0,29.777,8777723235.0,326.0,314.0,325.0,362.0,3.8945,7.645910899987162,349.2063492063502,350.31847133758066,-368.09815950920256,-30.674846625766694
338A0,2025-09-01,62800.0,6000.0,7400.0,7450.0,7500.0,9.554,4535787850.0,3700.0,3775.0,3805.0,3755.0,2.1425,4.459276546091015,-67.11409395973145,79.47019867549754,-4898.648648648649,-4858.108108108107
34360,2026-05-07,3176400.0,3176400.0,3033.0,,,100.0,19039714011.666668,3033.0,3050.0,3578.0,3613.0,12.471,8.018603159329645,,1731.1475409836064,56.050115397296985,1796.9007583250907
34980,2025-09-19,487700.0,67900.0,9220.0,9210.0,9110.0,13.922,10941840216.666666,9220.0,9350.0,9440.0,9390.0,3.418,4.073142188414278,10.857763300760048,96.25668449197767,140.99783080260275,238.6117136659438
34980,2025-11-05,1702500.0,502600.0,8040.0,8040.0,8320.0,29.521,7873533550.0,8040.0,8070.0,7900.0,8000.0,5.024,5.875995222929936,0.0,-210.65675340768308,37.31343283582156,-174.1293532338306
34980,2025-11-12,948600.0,290800.0,8210.0,8240.0,8220.0,30.656,8084977350.0,8210.0,8250.0,8530.0,8560.0,5.257,5.831462811489443,-36.407766990291805,339.3939393939394,48.72107186357999,389.7685749086488
34980,2026-03-19,483600.0,221100.0,6430.0,6420.0,,45.72,3600070700.0,6430.0,6230.0,6150.0,6270.0,8.4465,5.412892914224827,15.576323987538387,-128.41091492776903,-311.04199066874,-435.45878693623587
350A0,2025-09-12,137500.0,137500.0,7120.0,,,100.0,2069656633.3333333,1186.7,1128.3,936.7,978.3,2.823,35.423308537017355,,-1698.1299299831599,-8415.308988764045,-8684.41011235955
350A0,2025-12-12,1304600.0,244000.0,776.0,779.0,,18.703,1338312876.6666667,776.0,765.0,813.0,741.0,3.577,5.228683254123567,-38.51091142490382,627.4509803921569,-141.75257731958712,476.8041237113407
35490,2025-01-30,2256100.0,1752600.0,3273.0,3277.0,3216.0,77.683,1326386975.0,3273.0,3290.0,3310.0,3271.0,18.333,4.237331587847052,-12.206286237412822,60.79027355623046,51.94011610143656,113.04613504430128
35630,2025-09-19,1688400.0,778200.0,7896.0,7838.0,7920.0,46.091,15386137006.666666,7896.0,7997.0,8176.0,8057.0,9.5635,4.819469859361113,73.99846899719398,223.83393772664738,127.91286727456885,354.6099290780136
36550,2025-12-29,874400.0,563800.0,2722.0,2779.0,,64.478,1271556611.6666667,2722.0,2721.0,2685.0,2690.0,4.63,13.926133909287255,-205.10975170924817,-132.30429988974612,-3.6737692872890193,-135.9294636296837
36550,2026-01-06,51600.0,15800.0,2690.0,2695.0,2694.0,30.62,1262676815.0,2690.0,2692.0,2690.0,2691.0,5.6935,5.378062703082462,-18.552875695733164,-7.429420505200568,7.434944237918462,0.0
36550,2026-01-14,24400.0,7400.0,2689.0,,2690.0,30.328,1241244048.3333333,2689.0,2689.0,2689.0,2689.0,5.825,5.206523605150214,,0.0,0.0,0.0
36550,2026-01-19,54600.0,13600.0,2689.0,2689.0,2689.0,24.908,1230653206.6666667,2689.0,2689.0,2689.0,2689.0,6.1205,4.069602156686545,0.0,0.0,0.0,0.0
36550,2026-01-20,33100.0,9600.0,2689.0,2689.0,2689.0,29.003,1218339781.6666667,2689.0,2689.0,2689.0,2689.0,6.206,4.673380599419916,0.0,0.0,0.0,0.0
36550,2026-01-21,29800.0,11300.0,2689.0,2689.0,2690.0,37.919,1212311203.3333333,2689.0,2689.0,2689.0,2690.0,6.752000000000001,5.615965639810425,0.0,0.0,0.0,0.0
36550,2026-01-29,71000.0,33200.0,2690.0,2690.0,2691.0,46.761,1178512946.6666667,2690.0,2690.0,2697.0,2691.0,7.7535,6.030953762816793,0.0,26.022304832713505,0.0,26.022304832713505
36870,2025-12-19,568200.0,186900.0,1582.0,1577.0,1548.0,32.893,1258772535.0,1582.0,1599.0,1584.0,1582.0,6.211,5.295926581870874,31.70577045022105,-93.80863039399668,107.45891276864761,12.642225031604948
36920,2025-09-19,1649500.0,190300.0,7980.0,7680.0,,11.537,4903888733.333333,7980.0,8720.0,8570.0,8100.0,2.4755000000000003,4.660472631791557,390.625,-172.01834862385357,927.3182957393477,739.3483709273174
36920,2025-11-14,749300.0,154800.0,9680.0,9580.0,,20.659,8810448233.333334,9680.0,9530.0,9350.0,8690.0,2.4145000000000003,8.556222820459721,104.38413361169019,-188.87722980062915,-154.95867768595016,-340.9090909090906
36920,2026-01-13,134600.0,134600.0,9590.0,,,100.0,6383810083.333333,9590.0,9600.0,9350.0,9930.0,3.3724999999999996,29.65159377316531,,-260.4166666666663,10.427528675704956,-250.26068821689228
36920,2026-03-19,273400.0,100300.0,6960.0,7050.0,7450.0,36.686,3341125033.3333335,6960.0,6660.0,6550.0,6690.0,3.457,10.612091408735898,-127.6595744680853,-165.16516516516532,-431.034482758621,-589.0804597701149
36920,2026-05-08,187400.0,50000.0,6470.0,6520.0,,26.681,1649127650.0,6470.0,6670.0,6710.0,6540.0,3.859,6.913967349054159,-76.68711656441674,59.970014992503096,309.1190108191655,370.9428129829995
36960,2025-04-01,421800.0,98200.0,2278.0,2277.0,2309.0,23.281,2977217366.6666665,2278.0,2297.0,2299.0,2225.0,3.835,6.070664928292047,4.391743522178526,8.707009142359112,83.40649692712975,92.1861281826164
36960,2025-07-31,454700.0,88300.0,2427.0,2435.0,2421.0,19.419,1729032840.0,2427.0,2405.0,2411.0,2352.0,4.1975,4.6263251935676,-32.854209445585255,24.94802494802384,-90.64688916357588,-65.92501030078246
36970,2025-01-31,3547500.0,535600.0,1292.0,1293.0,1335.5,15.098,16384502644.166666,1292.0,1271.5,1259.0,1371.0,3.137,4.812878546381894,-7.733952049496784,-98.30908375933922,-158.6687306501544,-255.41795665634638
36970,2025-02-26,2328600.0,387600.0,1344.0,1349.0,1341.0,16.645,14121532780.833334,1344.0,1352.5,1315.0,1250.0,3.8514999999999997,4.32169284694275,-37.06449221645647,-277.26432532347525,63.24404761904656,-215.77380952380932
36970,2025-02-27,3798100.0,725200.0,1315.0,1329.5,1348.5,19.094,14064336099.166666,1315.0,1297.5,1250.0,1254.0,3.8514999999999997,4.957549006880437,-109.06355772846932,-366.08863198458573,-133.0798479087447,-494.29657794676785
36970,2025-09-30,24907900.0,17015900.0,1250.0,1259.0,1283.0,68.315,6185536910.833333,1250.0,1235.0,1179.0,1129.5,11.6345,5.87176071167648,-71.4853057982523,-453.4412955465583,-120.00000000000011,-567.9999999999997
37380,2024-12-25,16800.0,7800.0,2660.0,2659.0,2660.0,46.429,1010883851.6666666,2660.0,2660.0,2664.0,2658.0,11.0565,4.199249310360422,3.7608123354648804,15.037593984963404,0.0,15.037593984963404
37470,2025-10-27,332900.0,55800.0,936.0,,,16.762,1667137875.0,936.0,936.0,927.0,835.0,2.945,5.691680814940578,,-96.15384615384582,0.0,-96.15384615384582
37780,2025-07-29,329900.0,329900.0,2970.0,,,100.0,7268449008.333333,2970.0,2800.0,2744.0,2971.0,3.862,25.89331952356292,,-200.00000000000017,-572.3905723905721,-760.9427609427611
37780,2025-08-06,5496200.0,960500.0,3250.0,3240.0,3020.0,17.476,9686530441.666666,3250.0,3300.0,3165.0,3055.0,3.7445,4.667111763920416,30.864197530864335,-409.09090909090895,153.8461538461533,-261.53846153846195
37780,2025-08-15,920100.0,155900.0,3010.0,3020.0,3075.0,16.944,9905684283.333334,3010.0,3050.0,3050.0,3070.0,3.687,4.595606183889341,-33.11258278145712,0.0,132.89036544850586,132.89036544850586
37780,2025-10-30,708500.0,205200.0,3295.0,3300.0,3345.0,28.963,4198582051.6666665,3295.0,3310.0,3440.0,3335.0,4.554,6.359903381642512,-15.151515151514694,392.749244712991,45.52352048558417,440.0606980273136
37910,2025-09-30,220700.0,39300.0,1535.0,1544.0,1538.0,17.807,1054797013.3333334,1535.0,1532.0,1507.0,1547.0,3.923,4.539128218200356,-58.290155440414715,-163.1853785900783,-19.543973941368307,-182.41042345276904
38070,2025-02-27,742700.0,94900.0,150.0,150.0,151.0,12.778,1270970556.6666667,150.0,148.0,142.0,155.0,2.0675,6.180411124546555,0.0,-405.4054054054057,-133.3333333333331,-533.3333333333335
38070,2025-02-28,1118700.0,177800.0,142.0,144.0,147.0,15.893,1271421475.0,142.0,171.0,155.0,153.0,2.107,7.542952064546749,-138.8888888888884,-935.672514619883,2042.25352112676,915.4929577464799
38070,2025-03-05,813900.0,86400.0,154.0,155.0,155.0,10.616,1288626191.6666667,154.0,159.0,160.0,154.0,2.255,4.707760532150776,-64.51612903225823,62.89308176100627,324.6753246753253,389.6103896103886
38250,2025-03-03,221100.0,221100.0,510.0,,,100.0,4972686923.333333,510.0,510.0,542.0,609.0,1.4785,67.63611768684478,,627.4509803921569,0.0,627.4509803921569
38250,2025-05-22,1568000.0,1568000.0,701.0,,,100.0,2435554275.0,701.0,551.0,551.0,580.0,2.1235,47.09206498704968,,0.0,-2139.8002853067046,-2139.8002853067046
38250,2025-06-20,6021200.0,523800.0,583.0,588.0,589.0,8.699,3789101815.0,583.0,553.0,538.0,543.0,2.152,4.04228624535316,-85.03401360544171,-271.24773960216953,-514.5797598627788,-771.8696397941683
38250,2025-09-19,3559400.0,664400.0,360.0,357.0,,18.666,2224936378.3333335,360.0,361.0,347.0,337.0,2.5860000000000003,7.218097447795823,84.03361344537785,-387.8116343490301,27.77777777777768,-361.1111111111109
38530,2025-09-30,1752900.0,173000.0,1577.0,1584.0,1708.0,9.869,6587732916.666667,1577.0,1526.0,1440.0,1267.0,2.038,4.842492639842984,-44.19191919191934,-563.5648754914813,-323.3988585922643,-868.7381103360814
39030,2025-07-31,1218200.0,162600.0,630.0,621.0,615.0,13.348,4500497310.0,630.0,623.0,616.0,608.0,2.9555,4.516325494840129,144.9275362318847,-112.35955056179803,-111.11111111111072,-222.22222222222254
39030,2025-10-30,539100.0,79800.0,451.0,451.0,453.0,14.802,1064434143.3333334,451.0,453.0,440.0,439.0,3.6505,4.054787015477332,0.0,-286.97571743929393,44.345898004434225,-243.90243902439045
39050,2025-07-07,110100.0,110100.0,2386.0,,,100.0,4702706866.666667,2386.0,2827.0,2886.0,3390.0,1.3645,73.28691828508612,,208.70180403254278,1848.2816429170157,2095.5574182732616
39050,2025-07-17,570400.0,570400.0,3985.0,,,100.0,7816257370.0,3985.0,3995.0,3550.0,3755.0,1.3645,73.28691828508612,,-1113.8923654568212,25.094102885820924,-1091.59347553325
39050,2025-09-11,87000.0,87000.0,2368.0,,,100.0,10965393815.0,2368.0,1868.0,1868.0,2268.0,1.7185000000000001,58.190282222868774,,0.0,-2111.4864864864867,-2111.4864864864867
39050,2025-09-12,1251900.0,1251900.0,1868.0,,,100.0,10790339493.333334,1868.0,1855.0,2268.0,2123.0,1.775,56.33802816901409,,2226.415094339622,-69.59314775160652,2141.327623126339
39050,2026-05-07,1407100.0,166300.0,1689.0,1675.0,,11.819,1117994143.3333333,1689.0,1673.0,2089.0,2360.0,2.668,4.429910044977511,83.58208955223878,2486.551105797967,-94.73060982830073,2368.265245707519
39050,2026-05-18,208200.0,208200.0,2843.0,,,100.0,1790465636.6666667,2843.0,3345.0,3345.0,3400.0,2.646,37.79289493575208,,0.0,1765.7404150545196,1765.7404150545196
39930,2025-02-07,789600.0,277400.0,3950.0,3950.0,3905.0,35.132,2304209191.6666665,3950.0,3950.0,4010.0,4010.0,5.993,5.862172534623727,0.0,151.898734177216,0.0,151.898734177216
39930,2025-03-21,811700.0,329700.0,3120.0,3125.0,3230.0,40.618,2350977925.0,3120.0,3155.0,3105.0,3130.0,7.276999999999999,5.581695753744676,-16.00000000000046,-158.4786053882725,112.17948717948678,-48.07692307692291
39930,2025-04-28,1279800.0,698000.0,2894.0,2896.0,2907.0,54.54,2320843363.3333335,2894.0,2867.0,2830.0,2865.0,7.276999999999999,7.494846777518209,-6.906077348066697,-129.05476107429314,-93.29647546648224,-221.14720110573583
39930,2025-09-19,1446800.0,398300.0,3780.0,3785.0,3900.0,27.53,1880525433.3333333,3780.0,3820.0,3795.0,3680.0,5.819,4.731053445609211,-13.210039630119352,-65.44502617801041,105.82010582010693,39.68253968253954
39930,2025-12-19,912800.0,362300.0,3210.0,3180.0,3170.0,39.691,1804946775.0,3210.0,3330.0,3280.0,3330.0,8.1915,4.845388512482452,94.33962264151052,-150.1501501501501,373.8317757009346,218.06853582554407
39930,2026-03-13,671000.0,341600.0,3045.0,3005.0,2980.0,50.909,1350536608.3333333,3045.0,3030.0,3015.0,3010.0,11.1615,4.561125296779107,133.1114808652245,-49.50495049504955,-49.261083743842306,-98.52216748768461
39930,2026-04-28,349900.0,210300.0,3315.0,3305.0,3320.0,60.103,1296198798.3333333,3315.0,3275.0,3300.0,3280.0,11.536,5.21003814147018,30.257186081694698,76.33587786259443,-120.66365007541435,-45.24886877828038
40040,2026-05-29,14244600.0,10294700.0,18720.0,18825.0,,72.271,50815852081.666664,18720.0,,,,9.633,7.502439530779612,-55.776892430279275,,,
40230,2025-10-30,869000.0,616400.0,3705.0,3700.0,3685.0,70.932,1713671908.3333333,3705.0,3705.0,3690.0,3705.0,12.1525,5.836823698827402,13.513513513514486,-40.485829959514554,0.0,-40.485829959514554
40230,2026-03-19,846600.0,443600.0,4345.0,4350.0,,52.398,1356837408.3333333,4345.0,4275.0,4230.0,4320.0,10.758500000000002,4.870381558767486,-11.494252873562871,-105.26315789473716,-161.10471806674354,-264.67203682393523
40230,2026-05-27,450000.0,261300.0,3885.0,3870.0,3900.0,58.067,1786700716.6666667,3885.0,3845.0,3890.0,3905.0,12.611,4.604472286099437,38.75968992248069,117.03511053315907,-102.9601029601035,12.870012870012104
40230,2026-05-29,615500.0,358000.0,3905.0,3930.0,3905.0,58.164,1811991683.3333333,3905.0,,,,12.860499999999998,4.522685743167063,-63.61323155216314,,,
402A0,2026-02-24,323200.0,323200.0,657.0,,,100.0,1477894991.6666667,657.0,700.0,710.0,710.0,2.9379999999999997,34.036759700476516,,142.85714285714235,654.4901065449005,806.6971080669716
40620,2025-11-04,26676000.0,16307300.0,14355.0,14345.0,14895.0,61.131,30440324593.333332,7177.5,6617.5,6750.0,6927.5,11.379999999999999,5.371792618629175,6.971070059254014,200.22667170381592,-5390.107976314873,-5297.805642633229
40620,2026-02-27,19249600.0,12454900.0,9537.0,9490.0,9189.0,64.702,41423319385.0,9537.0,9400.0,9368.0,8618.0,10.4085,6.216265552192919,49.525816649105266,-34.04255319148896,-143.6510433050231,-177.2045716682391
40820,2026-01-08,305700.0,305700.0,1723.0,,,100.0,2510101826.6666665,1723.0,1612.0,1730.0,2130.0,3.996,25.025025025025027,,732.0099255583124,-644.225188624492,40.62681369704002
40820,2026-03-27,148700.0,26300.0,2455.0,2392.0,2366.0,17.687,5860367521.666667,2455.0,2303.0,2425.0,2300.0,3.354,5.27340488968396,263.37792642140425,529.7438124185838,-619.1446028513236,-122.19959266802417
40820,2026-04-28,191000.0,42100.0,2357.0,2257.0,2270.0,22.042,2064360200.0,2357.0,2307.0,2290.0,2322.0,3.94,5.594416243654822,443.0660168365086,-73.68877329865575,-212.13406873143882,-284.25965210012725
41070,2025-03-21,21900.0,2700.0,24090.0,,24100.0,12.329,4087535700.0,2409.0,2404.0,2342.0,2285.0,2.74,4.49963503649635,,-257.9034941763725,-9002.075550020756,-9027.812370278123
41070,2025-05-30,26400.0,4600.0,25050.0,25060.0,25190.0,17.424,1373935033.3333333,2505.0,2530.0,2597.0,2583.0,4.1915,4.156984373136109,-3.990422984836428,264.8221343873525,-8990.01996007984,-8963.273453093812
41070,2025-10-22,53500.0,8300.0,29550.0,29460.0,29120.0,15.514,3057281050.0,2955.0,2920.0,3050.0,3195.0,2.9684999999999997,5.226208522822975,30.54989816700715,445.20547945205544,-9011.844331641285,-8967.851099830796
41070,2026-03-19,439100.0,59400.0,5820.0,5840.0,,13.528,8075211641.666667,5820.0,5600.0,5440.0,5470.0,2.674,5.05908750934929,-34.24657534246589,-285.71428571428584,-378.00687285223347,-652.9209621993126
41140,2025-05-30,1489800.0,995100.0,1661.0,1666.5,1655.5,66.794,1430095465.0,1661.0,1655.0,1650.5,1635.5,15.8665,4.209750102417042,-33.003300330033404,-27.19033232628454,-36.12281757977121,-63.21493076460016
41650,2025-02-14,86500.0,86500.0,1107.0,,,100.0,1659486738.3333333,1107.0,1347.0,1301.0,1420.0,4.5495,21.98043741070447,,-341.4996288047512,2168.021680216803,1752.484191508581
41800,2024-12-20,2891700.0,1463800.0,1522.0,1462.0,1420.0,50.621,1494570600.0,1522.0,1533.0,1513.0,1505.0,7.898,6.409344137756395,410.39671682626454,-130.4631441617743,72.27332457293123,-59.132720105125046
41800,2025-06-20,1331600.0,744000.0,1583.0,1580.0,1555.0,55.873,1073277813.3333334,1583.0,1556.0,1582.0,1615.0,12.535,4.457359393697646,18.987341772152,167.09511568123503,-170.56222362602625,-6.317119393556281
41800,2025-07-30,1708500.0,1340800.0,1540.0,1541.0,1553.0,78.478,1107075051.6666667,1540.0,1545.0,1551.0,1584.0,13.55,5.791734317343173,-6.489292667098967,38.83495145631022,32.467532467532756,71.42857142857117
41800,2025-12-19,2731100.0,1734100.0,1079.0,1090.0,1076.0,63.495,1574329445.0,1079.0,1101.0,1082.0,1091.0,12.277000000000001,5.171866091064592,-100.91743119266083,-172.57039055404212,203.8924930491204,27.80352177942591
41800,2026-03-19,1776600.0,745300.0,717.0,717.0,,41.951,1650987293.3333333,717.0,703.0,681.0,743.0,10.383,4.040354425503227,0.0,-312.94452347083944,-195.25801952580247,-502.09205020920524
42590,2026-04-01,214200.0,214200.0,661.0,,,100.0,1349913315.0,661.0,731.0,655.0,659.0,3.9509999999999996,25.31004808909137,,-1039.6716826265395,1059.0015128593034,-90.77155824508299
429A0,2026-02-27,4131400.0,1706600.0,3380.0,3385.0,,41.308,2605785710.0,3380.0,3200.0,3345.0,3205.0,7.845,5.265519439133206,-14.77104874446078,453.1250000000009,-532.5443786982254,-103.55029585798815
429A0,2026-04-28,2966300.0,1916300.0,3950.0,3930.0,4005.0,64.602,3637614390.0,3950.0,3900.0,4070.0,4100.0,7.8965,8.181092889254733,50.890585241729624,435.8974358974366,-126.58227848101222,303.7974683544298
43680,2026-05-12,262300.0,262300.0,3990.0,,,100.0,1893489090.0,3990.0,4170.0,4410.0,4200.0,14.090499999999999,7.096980234910046,,575.5395683453246,451.1278195488733,1052.6315789473695
43840,2026-03-17,267100.0,199200.0,1887.0,1894.0,1887.0,74.579,1351359001.6666667,1887.0,1886.0,1887.0,1887.0,7.215,10.336659736659737,-36.95881731784589,5.302226935313126,-5.299417064122958,0.0
43840,2026-03-19,105500.0,61800.0,1887.0,1887.0,1888.0,58.578,1192365676.6666667,1887.0,1887.0,1886.0,1887.0,7.229,8.103195462719603,0.0,-5.299417064122958,0.0,-5.299417064122958
43840,2026-03-25,40100.0,23400.0,1887.0,1887.0,1887.0,58.354,1022224493.3333334,1887.0,1887.0,1888.0,1895.0,7.413,7.871846755699447,0.0,5.299417064121847,0.0,5.299417064121847
43840,2026-03-30,2160200.0,1691400.0,1886.0,1887.0,1890.0,78.298,1033566758.3333334,1886.0,1888.0,1885.0,1886.0,7.654999999999999,10.228347485303724,-5.299417064122958,-15.889830508474256,10.604453870626251,-5.302226935313126
43840,2026-04-02,84000.0,48600.0,1887.0,1887.0,1886.0,57.857,1002572753.3333334,1887.0,1887.0,1885.0,1886.0,7.929,7.296884853071004,0.0,-10.598834128245915,0.0,-10.598834128245915
43850,2025-01-30,4797600.0,1607900.0,1930.5,1940.0,1918.5,33.515,12804485712.5,1930.5,1916.0,1888.5,1860.5,6.348,5.279615626969124,-48.96907216494828,-143.52818371607512,-75.11007511007529,-217.5602175602176
43850,2026-01-29,4618800.0,2657600.0,3281.0,3278.0,3226.0,57.539,7109937148.333333,3281.0,3250.0,3428.0,3267.0,13.671,4.208836222661108,9.151921903600702,547.6923076923068,-94.48338921060673,448.03413593416553
43850,2026-01-30,2488500.0,1508400.0,3428.0,3288.0,3266.0,60.615,7177824892.5,3428.0,3327.0,3267.0,3279.0,13.671,4.433838051349572,425.7907542579065,-180.3426510369699,-294.6324387397903,-469.6616102683782
43930,2025-08-12,362100.0,50200.0,11990.0,11990.0,13230.0,13.864,1795765200.0,11990.0,12850.0,13840.0,12950.0,2.8,4.951428571428572,0.0,770.4280155642018,717.2643869891582,1542.952460383653
43930,2025-08-27,259300.0,53800.0,11490.0,11510.0,12500.0,20.748,2112555483.3333333,11490.0,11200.0,10860.0,10840.0,2.787,7.444564047362756,-17.376194613379916,-303.5714285714286,-252.393385552655,-548.3028720626637
43930,2025-08-28,277300.0,51100.0,10860.0,10860.0,11220.0,18.428,2106963000.0,10860.0,10910.0,10840.0,10440.0,2.787,6.612127735916757,0.0,-64.16131989000928,46.040515653775756,-18.416206261510084
43930,2025-09-19,147700.0,45600.0,8890.0,8820.0,9040.0,30.873,1988917200.0,8890.0,9370.0,8940.0,8340.0,3.2545,9.486249807958211,79.36507936507908,-458.9114194236932,539.9325084364448,56.242969628796935
43930,2025-09-24,252200.0,51900.0,8340.0,8290.0,8810.0,20.579,1901434833.3333333,8340.0,8190.0,8140.0,8090.0,3.423,6.011977797253871,60.313630880579616,-61.05006105006083,-179.85611510791367,-239.80815347721784
43930,2025-09-25,180400.0,49100.0,8140.0,8080.0,8290.0,27.217,1876665350.0,8140.0,8120.0,8090.0,8150.0,3.423,7.951212386795208,74.25742574257433,-36.94581280788145,-24.570024570024216,-61.4250614250611
43930,2025-10-02,92500.0,47900.0,7800.0,7770.0,7910.0,51.784,1781129616.6666667,7800.0,7700.0,7800.0,7880.0,3.7085,13.963597141701497,38.61003861003853,129.8701298701288,-128.20512820512775,0.0
44430,2025-01-30,1707700.0,1094900.0,2489.0,2490.0,2478.0,64.115,1628148526.6666667,2489.0,2500.0,2440.0,2420.0,11.183,5.733255834749173,-4.0160642570286065,-240.00000000000023,44.19445560466029,-196.86621132985138
44460,2025-11-27,53800.0,53800.0,1117.0,,,100.0,1252611636.6666667,1117.0,1325.0,1250.0,1550.0,3.0405,32.8893274132544,,-566.0377358490565,1862.1307072515658,1190.6893464637424
44750,2025-05-09,4332000.0,2071900.0,1512.0,1511.0,1548.0,47.828,1265833248.3333333,1512.0,1515.0,1538.0,1566.0,4.266500000000001,11.210125395523262,6.618133686300265,151.8151815181512,19.84126984126977,171.9576719576721
44750,2025-07-18,2091100.0,1210900.0,1625.0,1625.0,1657.0,57.907,1760221490.0,1625.0,1635.0,1620.0,1636.0,4.85,11.93958762886598,0.0,-91.74311926605449,61.53846153846176,-30.76923076923088
44750,2025-10-17,1920600.0,1202200.0,1399.0,1400.0,1421.0,62.595,1482656326.6666667,1399.0,1428.0,1482.0,1510.0,4.708,13.295454545454545,-7.142857142856673,378.1512605042026,207.29092208720434,593.2809149392426
44750,2025-11-14,1861900.0,896500.0,1305.0,1301.0,1328.0,48.15,1064314321.6666666,1305.0,1305.0,1345.0,1297.0,4.7755,10.082713851952674,30.74558032282848,306.5134099616862,0.0,306.5134099616862
44800,2025-07-30,368100.0,240200.0,3100.0,3125.0,3100.0,65.254,1025239315.0,3100.0,3085.0,3120.0,3155.0,13.175,4.952865275142315,-80.00000000000007,113.45218800648205,-48.38709677419395,64.51612903225711
44800,2025-11-21,1378700.0,934800.0,2650.0,2667.0,2723.0,67.803,1236565850.0,2650.0,2650.0,2487.0,2439.0,11.795,5.748452734209411,-63.74203224596919,-615.0943396226415,0.0,-615.0943396226415
44830,2026-05-11,299800.0,299800.0,2665.0,,,100.0,1656432133.3333333,2665.0,2618.0,2454.0,2817.0,23.386,4.276062601556487,,-626.432391138273,-176.3602251407126,-791.744840525328
44990,2025-09-22,184800.0,20900.0,2419.0,,2484.0,11.31,1591777288.3333333,2419.0,2409.0,2210.0,2153.0,2.748,4.115720524017467,,-826.0689082606887,-41.33939644481166,-863.9933856965687
44990,2025-10-20,53800.0,53800.0,2586.0,,,100.0,1605655370.0,2586.0,2686.0,2920.0,2850.0,3.5685000000000002,28.02297884265097,,871.1839166046165,386.69760247486363,1291.5699922660483
45060,2025-04-17,417900.0,417900.0,608.0,,,100.0,1899770703.3333333,608.0,708.0,708.0,627.0,16.2345,6.1597215805845575,,0.0,1644.7368421052633,1644.7368421052633
45060,2025-04-18,1135800.0,1135800.0,708.0,,,100.0,1890607576.6666667,708.0,693.0,627.0,619.0,16.2345,6.1597215805845575,,-952.3809523809523,-211.86440677966155,-1144.0677966101698
45060,2025-09-19,6773400.0,2419000.0,1636.0,1635.0,1637.0,35.713,10681360525.0,1636.0,1648.0,1672.0,1685.0,6.3715,5.6051165345679985,6.116207951070152,145.63106796116497,73.34963325183352,220.04889975550057
45060,2026-04-20,16675600.0,5091500.0,2073.0,2083.5,2119.0,30.533,27212354596.666668,2073.0,2017.0,1994.0,1990.0,5.8665,5.204636495354982,-50.395968322534124,-114.03073872087278,-270.13989387361323,-381.0902074288469
45060,2026-04-24,12104400.0,3586000.0,2061.0,2030.0,2039.5,29.626,29659649395.833332,2061.0,2029.0,1935.0,1851.0,5.8665,5.0500298303929085,152.7093596059115,-463.2824051256779,-155.2644347404175,-611.3537117903933
45160,2025-12-04,191500.0,191500.0,4323.0,,,100.0,1007529671.6666666,4323.0,5023.0,5023.0,5719.0,21.692999999999998,4.6097819573134196,,0.0,1619.2458940550548,1619.2458940550548
45160,2025-12-05,259700.0,259700.0,5023.0,,,100.0,1012432393.3333334,5023.0,6160.0,5719.0,5925.0,21.692999999999998,4.6097819573134196,,-715.9090909090904,2263.587497511448,1385.6261198486952
45300,2026-03-30,1519800.0,1195400.0,6034.0,6036.0,6039.0,78.655,3720889051.6666665,6034.0,6035.0,6035.0,6038.0,14.2055,5.536939917637534,-3.313452617627055,0.0,1.6572754391774858,1.6572754391774858
45300,2026-04-24,64700.0,45600.0,6040.0,6050.0,6050.0,70.479,3020251790.0,6040.0,6040.0,6040.0,6040.0,15.3355,4.595807114212122,-16.52892561983421,0.0,0.0,0.0
45300,2026-04-28,42400.0,27000.0,6040.0,6050.0,6050.0,63.679,2955068161.6666665,6040.0,6040.0,6040.0,6040.0,15.793500000000002,4.031975179662519,-16.52892561983421,0.0,0.0,0.0
45300,2026-05-08,679000.0,581800.0,6040.0,6040.0,6040.0,85.685,2898162371.6666665,6040.0,,,,15.3355,5.587362655276972,0.0,,,
45520,2025-08-28,379700.0,120600.0,607.0,610.0,607.0,31.762,1025503900.0,607.0,608.0,621.0,635.0,7.907,4.016947008979385,-49.180327868852956,213.81578947368362,16.47446457990087,230.64250411861664
45760,2025-02-05,2947300.0,496200.0,119.0,123.0,116.0,16.836,1167555066.6666667,119.0,124.0,140.0,139.0,2.4779999999999998,6.7941888619854724,-325.20325203251986,1290.3225806451624,420.1680672268915,1764.7058823529417
45820,2026-04-10,1549100.0,296200.0,98.0,99.0,103.0,19.121,1268510475.0,98.0,98.0,98.0,97.0,2.8855,6.6265811817709235,-101.01010101010056,0.0,0.0,0.0
45860,2025-11-10,600600.0,95500.0,129.0,130.0,130.0,15.901,1795000568.3333333,129.0,129.0,126.0,130.0,2.1205,7.498703136052818,-76.92307692307665,-232.55813953488413,0.0,-232.55813953488413
45860,2025-11-19,1582800.0,265100.0,121.0,120.0,124.0,16.749,1512729120.0,121.0,122.0,122.0,116.0,2.366,7.079036348267117,83.33333333333303,0.0,82.64462809917327,82.64462809917327
45860,2025-11-27,773100.0,78600.0,115.0,115.0,113.0,10.167,1321409720.0,115.0,115.0,123.0,129.0,2.3895,4.254865034526052,0.0,695.652173913044,0.0,695.652173913044
45870,2025-06-20,1202400.0,780200.0,1633.0,1635.5,1643.0,64.887,1213475114.1666667,1633.0,1619.5,1601.0,1631.5,13.841999999999999,4.687689640225401,-15.285845307245749,-114.23278789749914,-82.66993263931433,-195.95835884874458
45880,2026-05-25,1042000.0,106100.0,3300.0,,,10.182,4251965858.3333335,3300.0,3400.0,3505.0,3185.0,2.444,4.166121112929623,,308.8235294117636,303.0303030303028,621.2121212121202
45920,2025-05-30,17837800.0,1644200.0,3015.0,2967.0,,9.218,11578435388.333334,3015.0,2901.0,3220.0,3370.0,1.8325,5.030286493860846,161.77957532861552,1099.620820406757,-378.10945273631825,679.9336650082921
45920,2025-08-26,1170100.0,143800.0,2396.0,2383.0,2418.0,12.29,9188210410.0,2396.0,2390.0,2322.0,2323.0,2.513,4.890569040986868,54.553084347461755,-284.51882845188294,-25.041736227044975,-308.8480801335558
45920,2026-05-29,742200.0,202400.0,1428.0,1444.0,1450.0,27.27,2776030888.3333335,1428.0,,,,3.7065,7.3573452043706995,-110.80332409972304,,,
45930,2025-06-02,1484600.0,609200.0,535.0,,478.0,41.035,1456601666.6666667,535.0,535.0,435.0,430.0,2.6414999999999997,15.534734052621618,,-1869.158878504673,0.0,-1869.158878504673
45930,2025-08-13,8214100.0,1990500.0,530.0,,635.0,24.233,5334009890.0,530.0,559.0,574.0,601.0,2.5185,9.621997220567799,,268.3363148479434,547.1698113207557,830.1886792452829
45960,2026-04-03,1202700.0,107000.0,99.0,100.0,102.0,8.897,1620454620.0,99.0,101.0,100.0,99.0,2.176,4.088694852941177,-100.00000000000009,-99.0099009900991,202.0202020202011,101.01010101010166
45960,2026-04-30,1004700.0,212800.0,92.0,92.0,94.0,21.18,1510050023.3333333,92.0,92.0,93.0,93.0,2.176,9.73345588235294,0.0,108.69565217391353,0.0,108.69565217391353
45960,2026-05-12,1014900.0,112700.0,83.0,,85.0,11.105,1340409511.6666667,83.0,82.0,80.0,77.0,2.218,5.006762849413887,,-243.90243902439045,-120.48192771084376,-361.44578313253015
464A0,2026-05-29,4229900.0,1450300.0,4060.0,4030.0,4335.0,34.287,7139182313.333333,4060.0,,,,3.4314999999999998,9.991840303074458,74.44168734491274,,,
46760,2025-03-05,1578200.0,186100.0,2427.0,2433.5,2430.5,11.792,29107248977.5,2427.0,2427.0,2479.5,2410.5,2.208,5.340579710144927,-26.71049928087088,216.3164400494444,0.0,216.3164400494444
46760,2025-03-12,1750100.0,209100.0,2361.0,2360.0,2371.0,11.948,29464596126.666668,2361.0,2398.0,2366.0,2344.0,2.6275,4.547288296860134,4.237288135593431,-133.4445371142623,156.71325709445182,21.177467174926523
46760,2025-03-21,1950000.0,403300.0,2346.5,2344.5,2318.0,20.682,29806020949.166668,2346.5,2367.0,2350.0,2334.0,4.4605,4.63669992153346,8.530603540199966,-71.82087029995787,87.36415938632058,14.915832090347525
46760,2025-09-19,945700.0,448200.0,3489.0,3481.0,3463.0,47.393,8289860520.0,3489.0,3500.0,3432.0,3442.0,10.898,4.348779592585796,22.98190175237025,-194.28571428571462,31.527658354828514,-163.37059329320724
46760,2025-10-30,3112700.0,2444700.0,3378.0,3378.0,3353.0,78.54,2802498165.0,3378.0,3474.0,3433.0,3331.0,14.74,5.328358208955224,0.0,-118.01957397812313,284.1918294849033,162.81823564239238
46760,2026-05-29,631700.0,450400.0,3774.0,3766.0,3715.0,71.3,3236987445.0,3774.0,,,,17.106499999999997,4.168006313389648,21.242697822623224,,,
47550,2025-07-30,29628900.0,18471600.0,761.2,760.0,766.8,62.343,13063516079.0,761.2,765.0,772.0,787.1,12.393,5.030501089324619,15.789473684211242,91.50326797385588,49.9211770888075,141.88124014713478
47760,2026-05-11,621600.0,236800.0,2178.0,2170.0,2163.0,38.095,1457272861.6666667,2178.0,2160.0,2136.0,2197.0,9.047,4.210788106554658,36.86635944700534,-111.11111111111072,-82.64462809917327,-192.837465564738
47760,2026-05-13,555900.0,255700.0,2197.0,2167.0,2148.0,45.997,1445766576.6666667,2197.0,2159.0,2124.0,2392.0,9.402000000000001,4.89225696660285,138.4402399630824,-162.1120889300598,-172.96313154301356,-332.2712790168414
47840,2026-03-19,197900.0,32100.0,714.0,715.0,,16.22,1799321813.3333333,714.0,699.0,667.0,677.0,3.7455,4.330529969296489,-13.986013986013734,-457.79685264663806,-210.08403361344574,-658.2633053221288
47840,2026-03-25,340300.0,65600.0,690.0,694.0,,19.277,1678264096.6666667,690.0,690.0,669.0,690.0,3.9545,4.87469970919206,-57.63688760806907,-304.34782608695696,0.0,-304.34782608695696
485A0,2026-05-29,3773900.0,328100.0,3855.0,3715.0,,8.694,17326073200.0,3855.0,,,,2.072,4.1959459459459465,376.85060565275876,,,
48880,2026-05-12,602900.0,55400.0,469.0,473.0,499.0,9.189,1712658096.6666667,469.0,470.0,479.0,411.0,2.087,4.402970771442261,-84.56659619450302,191.4893617021285,21.32196162046851,213.21961620469176
48890,2025-04-03,378100.0,41500.0,1063.0,1004.0,,10.976,2469329155.0,1063.0,1011.0,1023.0,868.0,1.809,6.067440574903262,587.6494023904377,118.69436201780381,-489.1815616180617,-376.2935089369712
48890,2025-04-07,745900.0,73100.0,868.0,875.0,,9.8,2490653168.3333335,868.0,953.0,1018.0,1000.0,1.819,5.387575590984058,-80.00000000000007,682.0566631689395,979.262672811061,1728.1105990783408
48890,2025-04-17,139900.0,20500.0,1036.0,1028.0,1017.0,14.653,2222440576.6666665,1036.0,1030.0,1045.0,1033.0,1.98,7.400505050505051,77.82101167315147,145.63106796116497,-57.9150579150578,86.87258687258614
48890,2025-09-08,275700.0,32900.0,1965.0,1964.0,1974.0,11.933,4053565253.3333335,1965.0,1976.0,1923.0,1926.0,2.072,5.759169884169884,5.091649694501932,-268.21862348178183,55.97964376590436,-213.74045801526685
48890,2025-10-07,26900.0,26900.0,2034.0,,,100.0,3364139223.3333335,2034.0,2320.0,1892.0,1920.0,2.3555,42.45383145828911,,-1844.8275862068963,1406.0963618485744,-698.131760078663
48940,2024-12-17,152100.0,28300.0,5330.0,,4605.0,18.606,2362479616.6666665,5330.0,5130.0,4785.0,4585.0,2.3555,7.898959881129272,,-672.5146198830412,-375.23452157598445,-1022.514071294559
48940,2025-04-09,16300.0,16300.0,8950.0,,,100.0,1400354908.3333333,8950.0,9550.0,8620.0,8900.0,2.6235,38.117019249094724,,-973.8219895287958,670.3910614525132,-368.71508379888286
48940,2025-07-02,130000.0,18100.0,5670.0,5670.0,5760.0,13.923,2371796400.0,5670.0,5620.0,5710.0,5700.0,3.2915,4.229986328421692,0.0,160.14234875444845,-88.1834215167554,70.54673721340387
49170,2025-11-27,105500.0,71100.0,2428.0,2328.0,2312.0,67.393,1525810065.0,2428.0,2513.0,2513.0,2513.0,8.786999999999999,7.6696255832479805,429.5532646048117,0.0,350.08237232289963,350.08237232289963
49350,2025-02-25,135700.0,13300.0,1324.0,1353.0,1347.0,9.801,2066715938.3333333,264.8,264.8,262.4,268.2,2.31,4.242857142857143,-214.3385070214343,-90.63444108761476,-8000.0,-8018.126888217523
49350,2025-03-05,158400.0,17800.0,1295.0,1300.0,1335.0,11.237,2063910255.0,259.0,259.6,250.0,244.2,2.6705,4.2078262497659615,-38.461538461538325,-369.79969183359106,-7995.3667953667955,-8069.498069498069
49350,2025-03-06,141400.0,16700.0,1250.0,1251.0,1305.0,11.81,2055980461.6666667,250.0,244.8,244.2,250.8,2.689,4.391967274079583,-7.993605115906854,-24.50980392156965,-8041.599999999999,-8046.400000000001
49350,2025-03-07,92900.0,11500.0,1221.0,1221.0,1223.0,12.379,2052290980.0,244.2,240.6,250.8,262.4,2.698,4.588213491475167,0.0,423.9401496259365,-8029.48402948403,-7945.945945945946
49350,2025-03-13,70200.0,10100.0,1400.0,,1383.0,14.387,2049832071.6666667,280.0,279.2,276.2,273.4,2.7465,5.238303295102858,,-107.4498567335247,-8005.714285714286,-8027.142857142857
49350,2025-08-08,368500.0,39200.0,3070.0,3170.0,3280.0,10.638,4284331775.0,614.0,474.0,474.0,388.8,2.2005,4.834355828220859,-315.45741324921164,0.0,-8456.026058631922,-8456.026058631922
49350,2025-08-12,27200.0,27200.0,2370.0,,,100.0,4282179320.0,474.0,430.2,388.8,396.8,2.2005,45.44421722335833,,-962.3430962343093,-8184.810126582278,-8359.493670886075
49350,2025-09-08,166200.0,20700.0,2158.0,2175.0,2170.0,12.455,3109340466.6666665,431.6,438.8,428.6,431.6,2.2295,5.586454361964567,-78.16091954022997,-232.45214220601662,-7966.63577386469,-8013.901760889712
49350,2025-09-25,136900.0,13200.0,2112.0,2144.0,2210.0,9.642,3022957350.0,422.4,426.0,422.6,416.0,2.3525,4.098618490967056,-149.25373134328402,-79.8122065727691,-7982.954545454546,-7999.053030303031
49350,2025-10-01,108000.0,11400.0,2001.0,2003.0,2084.0,10.556,3001526061.6666665,400.2,405.2,400.8,394.2,2.501,4.2207117153138745,-9.985022466300064,-108.58835143139123,-7975.0124937531245,-7997.001499250375
49660,2026-05-29,54600.0,33100.0,23320.0,23050.0,23560.0,60.623,1319726800.0,23320.0,,,,14.962,4.0517978879828895,117.13665943600793,,,
49710,2026-05-29,657300.0,488200.0,10740.0,10870.0,11000.0,74.274,2847563383.3333335,10740.0,,,,9.338,7.953951595630757,-119.59521619135272,,,
49800,2026-05-14,668100.0,668100.0,3149.0,,,100.0,4893190004.166667,3149.0,3849.0,3849.0,4187.0,11.3585,8.803979398688208,,0.0,2222.9279136233713,2222.9279136233713
49800,2026-05-15,1252400.0,1252400.0,3849.0,,,100.0,4760420965.833333,3849.0,4100.0,4187.0,3872.0,11.68,8.561643835616438,,212.1951219512197,652.1174330995061,878.1501688750315
50160,2025-06-20,5279700.0,2418800.0,781.2,783.9,785.4,45.813,8568941509.5,781.2,777.0,765.1,796.3,8.3765,5.469229391750732,-34.44316877152631,-153.1531531531527,-53.763440860216114,-206.09318996415826
50160,2025-08-26,30837600.0,19354400.0,1244.0,1240.0,1253.0,62.762,8863094183.0,1244.0,1257.5,1313.0,1368.5,8.470500000000001,7.4094799598606915,32.258064516128556,441.35188866799126,108.5209003215426,554.6623794212225
50160,2025-09-19,61126100.0,27092700.0,1638.5,1626.0,1652.5,44.323,22897219398.0,1638.5,1660.0,1628.0,1689.5,5.8015,7.6399207101611655,76.8757687576871,-192.7710843373498,131.21757705218283,-64.08300274641454
50160,2025-10-30,32863700.0,4374000.0,2057.0,2049.0,2022.5,13.31,64212186504.833336,2057.0,2054.5,2054.0,2095.0,3.193,4.168493579705606,39.043435822352365,-2.433682161109285,-12.15362177929058,-14.58434613514803
50160,2025-11-21,57789200.0,30224300.0,1601.5,1595.5,,52.301,75847841569.16667,1601.5,1652.0,1611.0,1641.5,3.1125,16.803534136546187,37.60576621748779,-248.18401937045985,315.3293787074607,59.31938807368198
50160,2025-12-19,17553100.0,5585800.0,1722.0,1713.0,1697.0,31.822,69076269110.83333,1722.0,1760.0,1783.5,1808.5,3.5599999999999996,8.93876404494382,52.53940455341555,133.52272727272796,220.67363530778206,357.1428571428581
50160,2026-04-28,46260800.0,18308500.0,4824.0,4788.0,4897.0,39.577,150247985585.83334,4824.0,4810.0,4790.0,4770.0,2.8205,14.031909235951073,75.18796992481258,-41.58004158004158,-29.021558872305285,-70.48092868988442
50160,2026-05-29,26772900.0,9785800.0,3929.0,3908.0,3897.0,36.551,155185219000.0,3929.0,,,,2.9265,12.489663420468137,53.735926305016335,,,
50320,2026-01-29,931700.0,490100.0,4415.0,4425.0,4475.0,52.603,4345271741.666667,4415.0,4365.0,4405.0,4180.0,9.856,5.337155032467533,-22.59887005649719,91.63802978235935,-113.25028312570763,-22.650056625141968
50740,2026-04-28,1618400.0,287400.0,725.0,720.0,705.0,17.758,1595738585.0,725.0,735.0,773.0,808.0,3.852,4.6100726895119415,69.4444444444442,517.0068027210895,137.9310344827589,662.0689655172418
50740,2026-05-19,1347400.0,259300.0,1080.0,,,19.244,2401673520.0,1080.0,1200.0,1151.0,1270.0,3.367,5.715473715473715,,-408.3333333333339,1111.1111111111115,657.4074074074066
51050,2025-02-20,3146700.0,1425500.0,2486.0,2491.5,2540.5,45.301,3482890221.6666665,2486.0,2451.0,2530.5,2554.0,11.062999999999999,4.094820573081443,-22.075055187638082,324.35740514075826,-140.78841512469853,179.00241351568758
52020,2026-03-24,1789800.0,1789800.0,485.0,,,100.0,1866969060.0,485.0,492.0,492.0,485.0,5.659000000000001,17.670966601873122,,0.0,144.32989690721598,144.32989690721598
52020,2026-04-14,738100.0,188700.0,479.0,480.0,481.0,25.566,1901710313.3333333,479.0,480.0,479.0,478.0,5.975,4.278828451882846,-20.833333333333258,-20.833333333333258,20.876826722338038,0.0
52020,2026-04-21,930700.0,284000.0,481.0,480.0,482.0,30.515,1825120978.3333333,481.0,480.0,480.0,479.0,6.241,4.8894407947444325,20.83333333333437,0.0,-20.790020790020236,-20.790020790020236
52020,2026-04-28,895400.0,503100.0,480.0,479.0,479.0,56.187,1740414103.3333333,480.0,479.0,479.0,480.0,6.640499999999999,8.461260447255478,20.876826722338038,0.0,-20.833333333333258,-20.833333333333258
52020,2026-05-14,503400.0,241000.0,482.0,481.0,482.0,47.874,1428503366.6666667,482.0,482.0,481.0,479.0,7.612,6.289280084077772,20.790020790020236,-20.746887966804906,0.0,-20.746887966804906
52020,2026-05-20,1071700.0,415000.0,478.0,478.0,478.0,38.724,1405021210.0,478.0,479.0,478.0,478.0,7.9705,4.858415406812621,0.0,-20.876826722338038,20.920502092049986,0.0
52020,2026-05-21,694800.0,266900.0,478.0,478.0,479.0,38.414,1388781028.3333333,478.0,479.0,478.0,478.0,8.2095,4.679213106766551,0.0,-20.876826722338038,20.920502092049986,0.0
52020,2026-05-26,563800.0,212900.0,479.0,478.0,478.0,37.762,1335043673.3333333,479.0,479.0,478.0,479.0,9.3245,4.049761381307309,20.920502092049986,-20.876826722338038,0.0,-20.876826722338038
52550,2025-09-04,1637200.0,297600.0,226.0,219.0,225.0,18.177,2516033885.0,226.0,226.0,218.0,219.0,2.1075,8.62491103202847,319.6347031963476,-353.9823008849563,0.0,-353.9823008849563
52550,2025-09-05,879100.0,85300.0,218.0,219.0,220.0,9.703,2483321505.0,218.0,220.0,219.0,216.0,2.142,4.529878618113912,-45.66210045662156,-45.45454545454519,91.74311926605449,45.871559633028355
52550,2025-09-08,1196200.0,219000.0,219.0,222.0,219.0,18.308,2408732540.0,219.0,221.0,216.0,217.0,2.176,8.41360294117647,-135.13513513513487,-226.24434389140302,91.32420091324312,-136.98630136986355
54010,2025-02-28,7808900.0,5656900.0,3329.0,3322.0,3372.0,72.442,12584144710.0,665.8,675.6,672.2,671.8,17.679000000000002,4.097629956445499,21.071643588199684,-50.32563647128452,-7970.561730249324,-7980.775007509763
54060,2025-03-21,10356000.0,6201100.0,1869.0,1876.0,1883.0,59.879,5853120670.833333,1869.0,1884.0,1863.0,1874.5,11.732,5.103903852710536,-37.31343283582045,-111.46496815286677,80.25682182985605,-32.10272873194198
54710,2026-03-19,1866100.0,958600.0,1959.0,1968.5,,51.369,3804861133.3333335,1959.0,1882.5,1883.5,1950.5,12.36,4.156067961165049,-48.26009652019292,5.312084993360777,-390.5053598774888,-385.40071465033134
54820,2025-05-30,344200.0,253100.0,7470.0,7490.0,7490.0,73.533,1307526683.3333333,1867.5,1865.0,1895.0,1960.0,7.653,9.608388867110937,-26.70226969292422,160.8579088471851,-7503.34672021419,-7463.186077643909
54820,2025-06-20,181500.0,90200.0,8220.0,8220.0,8380.0,49.697,1310759800.0,2055.0,2045.0,1972.5,1992.5,8.082,6.149096758228161,0.0,-354.5232273838628,-7512.165450121655,-7600.36496350365
54820,2025-06-27,2058200.0,1566000.0,2117.0,2102.0,,76.086,1348414588.3333333,2117.0,2150.0,2137.0,2087.0,8.308,9.15816080885893,71.36060894386232,-60.46511627906925,155.8809636277747,94.47331128956016
54820,2025-09-19,608000.0,296300.0,2837.0,2834.0,2828.0,48.734,1225607698.3333333,2837.0,2849.0,2788.0,2830.0,11.722000000000001,4.157481658420065,10.585744530697827,-214.11021411021358,42.29820232640069,-172.71765949947172
54820,2025-10-30,775600.0,559700.0,2647.0,2635.0,2602.0,72.163,1113991253.3333333,2647.0,2655.0,2658.0,2746.0,12.1745,5.92738921516284,45.54079696394764,11.29943502824915,30.22289384208454,41.556479032867074
55350,2025-03-26,294800.0,32300.0,2631.0,2651.0,2744.0,10.957,2764975996.6666665,1315.5,1307.5,1277.5,1297.5,2.151,5.093909809390982,-75.44322897020007,-229.4455066921608,-5030.406689471683,-5144.431774990498
55350,2025-06-18,1981100.0,282800.0,991.0,997.0,1037.0,14.275,1113662515.0,991.0,981.0,983.0,920.0,3.4699999999999998,4.113832853025937,-60.18054162487463,20.387359836901986,-100.90817356205872,-80.72653884964697
56020,2025-09-19,612100.0,287900.0,8580.0,8400.0,8360.0,47.035,2184814950.0,1716.0,1712.0,1714.0,1740.0,4.8065,9.785706855300115,214.28571428571354,11.68224299065379,-8004.662004662005,-8002.331002331002
57060,2026-05-29,5244100.0,3372500.0,51630.0,51690.0,,64.31,91018043666.66667,51630.0,,,,4.813,13.361728651568669,-11.607661056297625,,,
57070,2026-02-27,1576500.0,192200.0,1750.0,1773.0,,12.192,3872980705.0,1750.0,1870.0,1761.0,1618.0,2.404,5.071547420965058,-129.72363226170347,-582.8877005347599,685.7142857142851,62.85714285714228
57070,2026-04-28,543700.0,129200.0,1194.0,1176.0,1194.0,23.763,1203102358.3333333,1194.0,1164.0,1140.0,1173.0,3.68,6.457336956521739,153.06122448979664,-206.18556701030965,-251.25628140703515,-452.26130653266307
57130,2026-04-30,3637600.0,1709800.0,9423.0,9370.0,,47.004,53540326755.0,9423.0,9489.0,9532.0,10085.0,7.7425,6.070907329673878,56.56350053361736,45.31562862261529,70.04138809296512,115.67441366868269
57130,2026-05-29,4027100.0,1700900.0,9093.0,9200.0,,42.236,39974068333.333336,9093.0,,,,9.947500000000002,4.245890927368684,-116.30434782608722,,,
57150,2025-12-19,325200.0,77100.0,3610.0,3625.0,3570.0,23.708,1785725190.0,3610.0,3680.0,3710.0,3715.0,5.282,4.488451344187808,-41.37931034482789,81.52173913043458,193.90581717451562,277.00831024930704
57150,2026-02-27,1320200.0,750900.0,5840.0,5850.0,5540.0,56.878,4246093883.3333335,5840.0,5760.0,5980.0,5640.0,5.4185,10.497001015041063,-17.094017094017033,381.9444444444442,-136.98630136986355,239.7260273972601
57150,2026-03-30,443300.0,182500.0,4310.0,4290.0,,41.169,4502904400.0,4310.0,4195.0,4255.0,4630.0,5.9670000000000005,6.899446958270486,46.62004662004726,143.02741358760417,-266.82134570765623,-127.61020881670527
57210,2025-09-01,1208200.0,1208200.0,243.0,,,100.0,5703021250.0,97.2,128.8,94.0,91.2,1.6920000000000002,59.10165484633569,,-2701.863354037267,-4699.588477366255,-6131.6872427983535
57210,2025-09-26,17945700.0,1976500.0,196.0,205.0,206.0,11.014,5466206813.333333,78.4,79.6,74.8,79.6,1.7385,6.335346563129134,-439.0243902439028,-603.0150753768837,-5938.775510204082,-6183.673469387756
57210,2025-10-03,6724200.0,1107700.0,168.0,172.0,173.0,16.473,5011749011.666667,67.2,68.0,67.6,69.6,1.8045,9.12884455527847,-232.55813953488413,-58.823529411765605,-5952.380952380952,-5976.190476190477
57210,2025-11-14,6122700.0,570300.0,130.0,132.0,133.0,9.315,4723576470.0,52.0,52.8,52.0,50.0,2.2885,4.0703517587939695,-151.5151515151514,-151.5151515151514,-5938.461538461539,-6000.0
57210,2025-11-21,6073500.0,747900.0,116.0,119.0,121.0,12.314,3776830168.3333335,46.4,46.8,44.8,45.6,2.6094999999999997,4.718911668902089,-252.10084033613467,-427.35042735042697,-5965.51724137931,-6137.931034482759
57210,2025-12-16,7124900.0,1120500.0,222.0,,,15.727,1435517681.6666667,88.8,87.2,76.8,76.8,2.998,5.245830553702468,,-1192.6605504587162,-6072.072072072072,-6540.54054054054
57210,2026-02-24,2286800.0,228100.0,121.0,123.0,123.0,9.975,2306113426.6666665,121.0,121.0,122.0,128.0,2.2954999999999997,4.3454585057721635,-162.60162601625993,82.64462809917327,0.0,82.64462809917327
57260,2025-02-28,1905400.0,1172200.0,1716.0,1730.0,1751.0,61.52,1466811590.0,1716.0,1740.0,1713.0,1716.0,5.3835,11.427509984211015,-80.92485549132999,-155.1724137931032,139.86013986013955,-17.48251748251772
57260,2025-06-20,1230500.0,411600.0,1420.0,1421.0,1472.0,33.45,1509684636.6666667,1420.0,1425.0,1430.0,1426.0,6.3465,5.270621602458048,-7.037297677692234,35.08771929824572,35.211267605634866,70.42253521126752
57270,2025-10-30,729800.0,358700.0,1546.0,1547.0,1537.0,49.15,1203384961.6666667,1546.0,1548.0,1584.0,1539.0,7.6,6.467105263157895,-6.464124111182912,232.55813953488413,12.936610608020871,245.79560155239432
57270,2026-02-26,212200.0,212200.0,2291.0,,,100.0,1574475976.6666667,2291.0,2791.0,2791.0,3040.0,6.795,14.716703458425313,,0.0,2182.453077258839,2182.453077258839
57270,2026-05-27,1264900.0,547800.0,2811.0,2818.0,2992.0,43.308,3495882673.3333335,2811.0,,,,4.385,9.876396807297606,-24.840312278211485,,,
58010,2025-03-21,3449000.0,1144000.0,5705.0,5715.0,5755.0,33.169,27987925585.0,5705.0,5677.0,5626.0,5603.0,3.995,8.302628285356695,-17.497812773403787,-89.83618108155733,-49.07975460122671,-138.47502191060457
58010,2025-09-19,9083900.0,1076400.0,8957.0,8899.0,9001.0,11.85,66556097935.0,8957.0,9037.0,8964.0,9240.0,2.567,4.616283599532528,65.17586245645468,-80.77901958614575,89.31561906888375,7.815116668528077
58010,2026-05-29,8510100.0,4217700.0,52060.0,51600.0,51810.0,49.561,285517884816.6667,52060.0,,,,2.104,23.555608365019012,89.1472868217047,,,
58020,2026-05-29,9941900.0,4816400.0,12585.0,12465.0,12130.0,48.445,84047505695.0,12585.0,,,,10.453,4.634554673299531,96.26955475330989,,,
58030,2025-04-08,7409200.0,813100.0,4293.0,,,10.974,163795620595.0,715.5,668.8,668.3,785.0,1.9865,5.524288950415303,,-7.476076555024136,-8442.115071045888,-8443.279757745167
58030,2025-04-10,1234400.0,1234400.0,4710.0,,,100.0,159706646483.33334,785.0,750.0,776.8,775.5,2.0095,49.76362279173924,,357.3333333333317,-8407.64331210191,-8350.743099787685
58030,2025-08-26,6646300.0,854700.0,11525.0,11505.0,11605.0,12.86,135806984985.0,1920.8,1950.0,1945.8,2053.3,2.508,5.127591706539075,17.38374619730587,-21.53846153846173,-8308.026030368763,-8311.670281995663
58030,2025-10-30,17914500.0,3026100.0,20805.0,20800.0,20295.0,16.892,153771438506.66666,3467.5,3459.2,3528.3,3451.7,3.6365,4.645125807782208,2.4038461538467004,199.7571692876976,-8337.322758952174,-8304.109589041096
58380,2025-06-20,1302400.0,515200.0,7039.0,7050.0,7165.0,39.558,13322030856.666666,7039.0,7000.0,6899.0,6851.0,8.178999999999998,4.83653258344541,-15.602836879432536,-144.28571428571456,-55.40559738599238,-198.89188805228054
58380,2025-10-30,2785400.0,1180200.0,8569.0,8554.0,8424.0,42.371,13487173768.333334,8569.0,8590.0,8485.0,8371.0,8.8245,4.801518499631707,17.53565583352712,-122.23515715948818,24.50694363403061,-98.02777453611911
58570,2026-04-28,851400.0,592900.0,3645.0,3625.0,3665.0,69.638,3100667391.6666665,3645.0,3580.0,3530.0,3505.0,13.8155,5.040570373855452,55.17241379310312,-139.66480446927386,-178.32647462277086,-315.5006858710563
59850,2025-10-30,777400.0,247900.0,1013.0,1017.0,1066.0,31.888,1837623626.6666667,1013.0,1017.0,1012.0,1024.0,4.354,7.323840146991273,-39.331366764995266,-49.164208456243806,39.486673247779436,-9.871668311944859
59850,2025-12-26,955500.0,274300.0,902.0,902.0,925.0,28.707,1529308925.0,902.0,906.0,933.0,922.0,4.132,6.947483059051308,0.0,298.013245033113,44.345898004434225,343.6807095343686
60160,2026-03-19,352200.0,157700.0,13650.0,13260.0,,44.776,3040098650.0,13650.0,13050.0,13110.0,13110.0,3.1085000000000003,14.404375100530803,294.1176470588225,45.9770114942537,-439.56043956043914,-395.60439560439534
60280,2025-10-30,9362800.0,9034100.0,4841.0,4846.0,4852.0,96.489,5637421120.0,4841.0,4841.0,4839.0,4841.0,15.178,6.357161681380946,-10.317787866281902,-4.131377814501347,0.0,-4.131377814501347
60280,2025-11-27,136800.0,114500.0,4845.0,4845.0,4850.0,83.699,3271481841.6666665,4845.0,4845.0,4845.0,4845.0,17.828,4.694805923266771,0.0,0.0,0.0,0.0
60280,2025-11-28,56800.0,43300.0,4845.0,4845.0,4850.0,76.232,3222285938.3333335,4845.0,4845.0,4845.0,4845.0,18.5905,4.100589010516124,0.0,0.0,0.0,0.0
