name,N,WR,PF,Sharpe,mean_bps,sum_bps
topix_overnight,363,55.64738292011019,1.1569031362682152,0.5763012630632203,5.803646840097398,2106.7238029553555
eneos_vwap_trend,97,55.670103092783506,1.6424664085195675,2.972192240917373,22.25641003097535,2158.8717730046087
vwap_morning_meanrevert,77,68.83116883116884,2.3161166955793324,4.8095353279979225,73.832791240073,5685.124925485622
orb_breakout_long,469,54.58422174840085,1.4683568779527494,2.1863235763415836,20.73924053595099,9726.703811361014
lasertec_ma25_support,39,58.97435897435898,1.5456906697627035,2.948254456185353,186.73744858875605,7282.760494961486
bank_absorption,908,58.920704845814974,2.055325162209236,3.9361555879581354,131.81532950999176,119688.31919507252
pair_portfolio (sum),447,52.79642058165548,1.1243707762693818,0.6527540754288474,26.964691172393476,12053.216954059884
